article,date,shelf_life_days,q10,q50,q90,service_level,order_quantity
A0000,2025-04-29,352.7,16.47,27.04,38.47,0.909,38.73
A0000,2025-04-30,352.7,19.01,32.67,47.45,0.909,47.79
A0000,2025-05-01,352.7,14.22,22.58,31.63,0.909,31.83
A0000,2025-05-02,352.7,20.13,33.46,47.89,0.909,48.21
A0000,2025-05-03,352.7,19.6,33.99,49.55,0.909,49.91
A0000,2025-05-04,352.7,15.34,26.52,38.62,0.909,38.9
A0000,2025-05-05,352.7,12.93,20.07,27.8,0.909,27.98
A0000,2025-05-06,352.7,16.85,26.86,37.7,0.909,37.94
A0000,2025-05-07,352.7,17.5,27.81,38.97,0.909,39.22
A0000,2025-05-08,352.7,17.45,27.76,38.92,0.909,39.17
A0000,2025-05-09,352.7,18.84,30.7,43.53,0.909,43.82
A0000,2025-05-10,352.7,18.89,30.88,43.85,0.909,44.14
A0000,2025-05-11,352.7,13.42,21.52,30.28,0.909,30.48
A0000,2025-05-12,352.7,14.99,22.44,30.51,0.909,30.69
A0001,2025-04-29,411.3,11.61,16.89,23.51,0.909,23.66
A0001,2025-04-30,411.3,15.43,23.84,34.4,0.909,34.64
A0001,2025-05-01,411.3,10.51,15.83,22.52,0.909,22.67
A0001,2025-05-02,411.3,14.75,21.52,30.02,0.909,30.21
A0001,2025-05-03,411.3,15.44,22.61,31.6,0.909,31.8
A0001,2025-05-04,411.3,12.27,19.18,27.84,0.909,28.03
A0001,2025-05-05,411.3,11.38,16.63,23.22,0.909,23.37
A0001,2025-05-06,411.3,12.64,17.99,24.69,0.909,24.84
A0001,2025-05-07,411.3,13.18,18.58,25.36,0.909,25.51
A0001,2025-05-08,411.3,14.23,20.48,28.3,0.909,28.48
A0001,2025-05-09,411.3,14.8,21.52,29.93,0.909,30.13
A0001,2025-05-10,411.3,15.5,22.49,31.26,0.909,31.46
A0001,2025-05-11,411.3,10.12,14.93,20.98,0.909,21.11
A0001,2025-05-12,411.3,12.9,18.89,26.42,0.909,26.59
A0002,2025-04-29,167.8,0.42,7.3,19.43,0.909,19.7
A0002,2025-04-30,167.8,1.25,9.8,24.25,0.909,24.57
A0002,2025-05-01,167.8,0.47,6.45,17.76,0.909,18.01
A0002,2025-05-02,167.8,1.39,10.22,25.03,0.909,25.36
A0002,2025-05-03,167.8,1.76,11.23,26.94,0.909,27.3
A0002,2025-05-04,167.8,0.59,7.52,19.87,0.909,20.15
A0002,2025-05-05,167.8,0.74,8.29,21.33,0.909,21.63
A0002,2025-05-06,167.8,1.07,9.45,23.6,0.909,23.92
A0002,2025-05-07,167.8,1.25,9.95,24.3,0.909,24.63
A0002,2025-05-08,167.8,1.85,11.38,27.18,0.909,27.54
A0002,2025-05-09,167.8,2.41,12.76,29.8,0.909,30.19
A0002,2025-05-10,167.8,2.97,14.07,32.23,0.909,32.64
A0002,2025-05-11,167.8,0.6,8.29,21.22,0.909,21.52
A0002,2025-05-12,167.8,2.51,12.92,30.14,0.909,30.53
A0003,2025-04-29,159.4,61.49,90.4,128.64,0.909,129.51
A0003,2025-04-30,159.4,75.3,112.07,160.72,0.909,161.83
A0003,2025-05-01,159.4,55.05,84.17,122.7,0.909,123.58
A0003,2025-05-02,159.4,72.93,109.69,158.32,0.909,159.42
A0003,2025-05-03,159.4,75.73,114.99,166.92,0.909,168.1
A0003,2025-05-04,159.4,14.17,24.69,38.6,0.909,38.92
A0003,2025-05-05,159.4,13.8,23.75,36.91,0.909,37.21
A0003,2025-05-06,159.4,17.13,27.94,42.25,0.909,42.58
A0003,2025-05-07,159.4,20.12,31.52,46.61,0.909,46.96
A0003,2025-05-08,159.4,21.14,33.8,50.54,0.909,50.92
A0003,2025-05-09,159.4,80.02,116.69,165.2,0.909,166.31
A0003,2025-05-10,159.4,82.96,121.55,172.6,0.909,173.76
A0003,2025-05-11,159.4,50.77,75.97,109.31,0.909,110.06
A0003,2025-05-12,159.4,67.52,100.68,144.56,0.909,145.56
A0004,2025-04-29,296.9,11.17,17.75,25.62,0.909,25.79
A0004,2025-04-30,296.9,13.8,21.78,31.34,0.909,31.56
A0004,2025-05-01,296.9,8.94,15.64,23.66,0.909,23.84
A0004,2025-05-02,296.9,13.72,22.81,33.69,0.909,33.93
A0004,2025-05-03,296.9,13.53,21.81,31.73,0.909,31.95
A0004,2025-05-04,296.9,10.33,16.75,24.44,0.909,24.62
A0004,2025-05-05,296.9,10.91,17.3,24.94,0.909,25.11
A0004,2025-05-06,296.9,11.8,19.4,28.51,0.909,28.71
A0004,2025-05-07,296.9,12.36,18.28,25.37,0.909,25.53
A0004,2025-05-08,296.9,14.0,22.5,32.68,0.909,32.91
A0004,2025-05-09,296.9,14.73,23.99,35.06,0.909,35.31
A0004,2025-05-10,296.9,15.37,23.38,32.98,0.909,33.19
A0004,2025-05-11,296.9,9.84,15.43,22.13,0.909,22.29
A0004,2025-05-12,296.9,15.0,24.29,35.41,0.909,35.66
A0005,2025-04-29,317.9,26.02,36.42,47.67,0.909,47.92
A0005,2025-04-30,317.9,28.52,39.23,50.81,0.909,51.08
A0005,2025-05-01,317.9,22.63,31.82,41.75,0.909,41.98
A0005,2025-05-02,317.9,29.49,40.95,53.34,0.909,53.62
A0005,2025-05-03,317.9,30.38,42.71,56.04,0.909,56.34
A0005,2025-05-04,317.9,21.52,29.74,38.64,0.909,38.84
A0005,2025-05-05,317.9,23.37,33.14,43.71,0.909,43.95
A0005,2025-05-06,317.9,26.19,36.55,47.74,0.909,47.99
A0005,2025-05-07,317.9,25.8,35.81,46.63,0.909,46.88
A0005,2025-05-08,317.9,28.06,38.87,50.56,0.909,50.83
A0005,2025-05-09,317.9,29.31,40.68,52.97,0.909,53.25
A0005,2025-05-10,317.9,30.9,43.07,56.23,0.909,56.52
A0005,2025-05-11,317.9,19.69,27.4,35.74,0.909,35.93
A0005,2025-05-12,317.9,27.73,38.87,50.9,0.909,51.17
A0006,2025-04-29,5.9,95.09,124.77,160.12,0.556,129.68
A0006,2025-04-30,5.9,116.86,151.94,193.71,0.556,157.74
A0006,2025-05-01,5.9,88.32,120.6,159.04,0.556,125.94
A0006,2025-05-02,5.9,112.09,146.88,188.32,0.556,152.64
A0006,2025-05-03,5.9,120.85,158.98,204.37,0.556,165.28
A0006,2025-05-04,5.9,98.13,136.69,182.62,0.556,143.07
A0006,2025-05-05,5.9,89.1,116.81,149.81,0.556,121.4
A0006,2025-05-06,5.9,95.58,126.11,162.47,0.556,131.16
A0006,2025-05-07,5.9,97.23,123.07,153.83,0.556,127.34
A0006,2025-05-08,5.9,109.79,144.43,185.69,0.556,150.16
A0006,2025-05-09,5.9,114.06,148.64,189.83,0.556,154.37
A0006,2025-05-10,5.9,124.19,161.39,205.69,0.556,167.55
A0006,2025-05-11,5.9,81.8,110.89,145.54,0.556,115.7
A0006,2025-05-12,5.9,107.84,138.43,174.86,0.556,143.49
A0007,2025-04-29,340.2,10.61,17.27,27.65,0.909,27.89
A0007,2025-04-30,340.2,11.83,21.27,36.0,0.909,36.34
A0007,2025-05-01,340.2,9.48,14.65,22.73,0.909,22.91
A0007,2025-05-02,340.2,11.37,18.63,29.96,0.909,30.22
A0007,2025-05-03,340.2,11.85,20.62,34.31,0.909,34.63
A0007,2025-05-04,340.2,8.5,16.84,29.85,0.909,30.15
A0007,2025-05-05,340.2,6.87,11.25,18.07,0.909,18.23
A0007,2025-05-06,340.2,9.79,15.79,25.14,0.909,25.36
A0007,2025-05-07,340.2,9.87,15.72,24.85,0.909,25.06
A0007,2025-05-08,340.2,10.31,16.34,25.74,0.909,25.96
A0007,2025-05-09,340.2,10.65,17.16,27.33,0.909,27.56
A0007,2025-05-10,340.2,11.11,18.59,30.27,0.909,30.53
A0007,2025-05-11,340.2,7.43,12.37,20.06,0.909,20.24
A0007,2025-05-12,340.2,8.02,12.13,18.54,0.909,18.69
A0008,2025-04-29,4.9,35.18,48.01,62.65,0.556,50.05
A0008,2025-04-30,4.9,44.18,59.39,76.74,0.556,61.8
A0008,2025-05-01,4.9,31.74,44.2,58.4,0.556,46.17
A0008,2025-05-02,4.9,43.08,59.32,77.84,0.556,61.89
A0008,2025-05-03,4.9,44.21,61.84,81.94,0.556,64.64
A0008,2025-05-04,4.9,32.43,43.71,56.57,0.556,45.5
A0008,2025-05-05,4.9,33.8,46.96,61.97,0.556,49.05
A0008,2025-05-06,4.9,35.05,48.35,63.51,0.556,50.46
A0008,2025-05-07,4.9,37.27,49.84,64.18,0.556,51.83
A0008,2025-05-08,4.9,41.07,55.67,72.31,0.556,57.98
A0008,2025-05-09,4.9,42.96,59.05,77.39,0.556,61.59
A0008,2025-05-10,4.9,45.57,62.57,81.95,0.556,65.26
A0008,2025-05-11,4.9,28.33,38.15,49.35,0.556,39.71
A0008,2025-05-12,4.9,42.77,58.19,75.78,0.556,60.63
A0009,2025-04-29,4.1,16.26,26.7,39.48,0.556,28.48
A0009,2025-04-30,4.1,20.33,32.48,47.34,0.556,34.55
A0009,2025-05-01,4.1,15.09,25.71,38.68,0.556,27.51
A0009,2025-05-02,4.1,20.57,32.92,48.02,0.556,35.02
A0009,2025-05-03,4.1,23.11,35.53,50.7,0.556,37.64
A0009,2025-05-04,4.1,15.94,25.72,37.67,0.556,27.38
A0009,2025-05-05,4.1,14.43,24.35,36.48,0.556,26.04
A0009,2025-05-06,4.1,15.88,26.55,39.6,0.556,28.37
A0009,2025-05-07,4.1,16.58,26.25,38.06,0.556,27.89
A0009,2025-05-08,4.1,17.91,28.51,41.47,0.556,30.31
A0009,2025-05-09,4.1,19.3,31.43,46.26,0.556,33.49
A0009,2025-05-10,4.1,21.53,33.45,48.03,0.556,35.48
A0009,2025-05-11,4.1,12.19,20.05,29.66,0.556,21.39
A0009,2025-05-12,4.1,15.48,25.55,37.85,0.556,27.26
A0010,2025-04-29,295.8,15.92,23.61,34.49,0.909,34.74
A0010,2025-04-30,295.8,19.37,30.43,46.07,0.909,46.42
A0010,2025-05-01,295.8,15.13,21.84,31.33,0.909,31.54
A0010,2025-05-02,295.8,18.09,26.9,39.35,0.909,39.64
A0010,2025-05-03,295.8,18.0,27.54,41.03,0.909,41.34
A0010,2025-05-04,295.8,14.63,22.95,34.72,0.909,34.98
A0010,2025-05-05,295.8,12.97,19.25,28.13,0.909,28.33
A0010,2025-05-06,295.8,15.2,22.65,33.19,0.909,33.43
A0010,2025-05-07,295.8,15.52,22.77,33.02,0.909,33.26
A0010,2025-05-08,295.8,16.06,23.05,32.94,0.909,33.16
A0010,2025-05-09,295.8,16.8,24.96,36.49,0.909,36.75
A0010,2025-05-10,295.8,17.12,25.49,37.34,0.909,37.61
A0010,2025-05-11,295.8,12.37,17.84,25.57,0.909,25.75
A0010,2025-05-12,295.8,13.9,19.76,28.06,0.909,28.25
A0011,2025-04-29,7.5,131.31,176.36,236.08,0.556,184.65
A0011,2025-04-30,7.5,163.23,216.69,287.56,0.556,226.53
A0011,2025-05-01,7.5,120.46,159.85,212.06,0.556,167.1
A0011,2025-05-02,7.5,165.22,222.18,297.7,0.556,232.67
A0011,2025-05-03,7.5,174.7,233.43,311.29,0.556,244.24
A0011,2025-05-04,7.5,129.52,176.3,238.33,0.556,184.92
A0011,2025-05-05,7.5,127.92,169.81,225.35,0.556,177.53
A0011,2025-05-06,7.5,134.2,179.06,238.55,0.556,187.33
A0011,2025-05-07,7.5,138.22,182.13,240.34,0.556,190.21
A0011,2025-05-08,7.5,150.54,196.6,257.66,0.556,205.08
A0011,2025-05-09,7.5,166.46,223.73,299.66,0.556,234.28
A0011,2025-05-10,7.5,176.26,235.74,314.6,0.556,246.69
A0011,2025-05-11,7.5,109.24,148.98,201.65,0.556,156.29
A0011,2025-05-12,7.5,147.46,195.21,258.52,0.556,204.0
A0012,2025-04-29,11.6,67.01,89.91,122.02,0.909,122.75
A0012,2025-04-30,11.6,92.12,119.7,158.38,0.909,159.26
A0012,2025-05-01,11.6,58.18,80.36,111.46,0.909,112.17
A0012,2025-05-02,11.6,84.51,113.96,155.25,0.909,156.19
A0012,2025-05-03,11.6,168.28,219.3,290.83,0.909,292.46
A0012,2025-05-04,11.6,137.51,174.36,226.03,0.909,227.21
A0012,2025-05-05,11.6,124.1,163.36,218.41,0.909,219.66
A0012,2025-05-06,11.6,127.06,167.06,223.14,0.909,224.41
A0012,2025-05-07,11.6,133.38,175.66,234.96,0.909,236.31
A0012,2025-05-08,11.6,135.85,182.71,248.42,0.909,249.91
A0012,2025-05-09,11.6,70.46,99.9,141.17,0.909,142.1
A0012,2025-05-10,11.6,77.87,106.9,147.61,0.909,148.54
A0012,2025-05-11,11.6,45.72,64.21,90.14,0.909,90.73
A0012,2025-05-12,11.6,66.07,91.68,127.59,0.909,128.4
A0013,2025-04-29,406.7,12.81,20.58,31.58,0.909,31.83
A0013,2025-04-30,406.7,15.08,25.95,41.33,0.909,41.68
A0013,2025-05-01,406.7,10.48,17.34,27.03,0.909,27.25
A0013,2025-05-02,406.7,15.9,25.8,39.8,0.909,40.12
A0013,2025-05-03,406.7,21.97,33.58,50.01,0.909,50.38
A0013,2025-05-04,406.7,16.91,27.44,42.33,0.909,42.67
A0013,2025-05-05,406.7,20.15,31.41,47.35,0.909,47.71
A0013,2025-05-06,406.7,19.82,32.78,51.11,0.909,51.52
A0013,2025-05-07,406.7,25.39,42.54,66.81,0.909,67.36
A0013,2025-05-08,406.7,28.43,44.9,68.21,0.909,68.74
A0013,2025-05-09,406.7,29.75,49.71,77.96,0.909,78.6
A0013,2025-05-10,406.7,16.24,25.4,38.35,0.909,38.65
A0013,2025-05-11,406.7,11.43,18.58,28.69,0.909,28.92
A0013,2025-05-12,406.7,18.97,31.14,48.35,0.909,48.75
A0014,2025-04-29,34.1,9.93,15.33,22.97,0.909,23.14
A0014,2025-04-30,34.1,12.92,19.82,29.55,0.909,29.78
A0014,2025-05-01,34.1,7.08,11.93,18.78,0.909,18.93
A0014,2025-05-02,34.1,11.12,17.65,26.86,0.909,27.07
A0014,2025-05-03,34.1,11.01,17.06,25.6,0.909,25.8
A0014,2025-05-04,34.1,9.14,14.02,20.92,0.909,21.07
A0014,2025-05-05,34.1,9.95,15.64,23.68,0.909,23.86
A0014,2025-05-06,34.1,10.95,16.72,24.85,0.909,25.04
A0014,2025-05-07,34.1,11.37,17.76,26.79,0.909,26.99
A0014,2025-05-08,34.1,12.39,18.98,28.29,0.909,28.5
A0014,2025-05-09,34.1,13.0,20.38,30.8,0.909,31.04
A0014,2025-05-10,34.1,13.4,21.0,31.74,0.909,31.99
A0014,2025-05-11,34.1,9.07,14.17,21.38,0.909,21.55
A0014,2025-05-12,34.1,14.45,23.7,36.76,0.909,37.06
A0015,2025-04-29,2.8,54.58,78.26,106.29,0.556,82.16
A0015,2025-04-30,2.8,75.59,106.32,142.68,0.556,111.37
A0015,2025-05-01,2.8,51.6,73.85,100.18,0.556,77.51
A0015,2025-05-02,2.8,67.76,98.1,134.0,0.556,103.09
A0015,2025-05-03,2.8,74.26,105.63,142.75,0.556,110.79
A0015,2025-05-04,2.8,56.61,81.94,111.89,0.556,86.1
A0015,2025-05-05,2.8,53.39,77.11,105.16,0.556,81.0
A0015,2025-05-06,2.8,54.05,78.04,106.42,0.556,81.98
A0015,2025-05-07,2.8,56.64,79.24,105.99,0.556,82.96
A0015,2025-05-08,2.8,60.92,85.98,115.63,0.556,90.1
A0015,2025-05-09,2.8,67.22,97.32,132.94,0.556,102.27
A0015,2025-05-10,2.8,74.0,104.69,141.0,0.556,109.73
A0015,2025-05-11,2.8,44.51,64.31,87.74,0.556,67.57
A0015,2025-05-12,2.8,63.12,89.37,120.42,0.556,93.68
A0016,2025-04-29,358.9,17.09,26.02,37.47,0.909,37.73
A0016,2025-04-30,358.9,21.9,33.09,47.4,0.909,47.73
A0016,2025-05-01,358.9,14.1,21.65,31.31,0.909,31.53
A0016,2025-05-02,358.9,20.23,30.64,43.96,0.909,44.26
A0016,2025-05-03,358.9,19.61,29.4,41.93,0.909,42.21
A0016,2025-05-04,358.9,15.81,24.37,35.33,0.909,35.58
A0016,2025-05-05,358.9,16.98,25.8,37.1,0.909,37.36
A0016,2025-05-06,358.9,17.55,27.26,39.69,0.909,39.97
A0016,2025-05-07,358.9,17.79,27.22,39.3,0.909,39.58
A0016,2025-05-08,358.9,20.26,31.29,45.42,0.909,45.74
A0016,2025-05-09,358.9,21.61,33.06,47.73,0.909,48.06
A0016,2025-05-10,358.9,21.96,33.82,49.0,0.909,49.35
A0016,2025-05-11,358.9,14.95,23.26,33.89,0.909,34.14
A0016,2025-05-12,358.9,24.7,39.64,58.76,0.909,59.2
A0017,2025-04-29,5.5,19.7,29.37,40.83,0.556,30.97
A0017,2025-04-30,5.5,24.24,35.35,48.52,0.556,37.18
A0017,2025-05-01,5.5,18.2,27.94,39.48,0.556,29.54
A0017,2025-05-02,5.5,23.82,36.2,50.87,0.556,38.23
A0017,2025-05-03,5.5,25.76,38.73,54.11,0.556,40.87
A0017,2025-05-04,5.5,18.16,26.18,35.68,0.556,27.5
A0017,2025-05-05,5.5,17.18,25.82,36.05,0.556,27.24
A0017,2025-05-06,5.5,19.41,29.16,40.72,0.556,30.76
A0017,2025-05-07,5.5,20.2,29.71,40.98,0.556,31.28
A0017,2025-05-08,5.5,22.02,32.64,45.22,0.556,34.39
A0017,2025-05-09,5.5,23.01,34.94,49.08,0.556,36.9
A0017,2025-05-10,5.5,25.17,37.21,51.47,0.556,39.19
A0017,2025-05-11,5.5,15.38,22.34,30.6,0.556,23.49
A0017,2025-05-12,5.5,19.64,28.71,39.46,0.556,30.2
A0018,2025-04-29,5.1,47.96,62.58,84.5,0.556,65.63
A0018,2025-04-30,5.1,60.14,77.95,104.67,0.556,81.66
A0018,2025-05-01,5.1,41.71,55.04,75.01,0.556,57.81
A0018,2025-05-02,5.1,55.6,72.9,98.85,0.556,76.51
A0018,2025-05-03,5.1,59.63,77.49,104.27,0.556,81.21
A0018,2025-05-04,5.1,47.05,62.26,85.06,0.556,65.43
A0018,2025-05-05,5.1,44.52,58.56,79.62,0.556,61.48
A0018,2025-05-06,5.1,46.93,61.25,82.73,0.556,64.24
A0018,2025-05-07,5.1,48.59,63.79,86.58,0.556,66.95
A0018,2025-05-08,5.1,54.9,71.13,95.47,0.556,74.51
A0018,2025-05-09,5.1,105.01,129.21,165.5,0.556,134.25
A0018,2025-05-10,5.1,114.73,140.41,178.93,0.556,145.76
A0018,2025-05-11,5.1,75.27,93.59,121.06,0.556,97.4
A0018,2025-05-12,5.1,106.13,128.74,162.63,0.556,133.44
A0019,2025-04-29,3.4,65.68,89.15,116.55,0.556,92.96
A0019,2025-04-30,3.4,84.09,112.15,144.9,0.556,116.69
A0019,2025-05-01,3.4,63.97,88.02,116.09,0.556,91.92
A0019,2025-05-02,3.4,149.82,211.57,283.65,0.556,221.58
A0019,2025-05-03,3.4,154.32,219.9,296.45,0.556,230.53
A0019,2025-05-04,3.4,119.91,166.18,220.19,0.556,173.68
A0019,2025-05-05,3.4,121.76,172.11,230.89,0.556,180.27
A0019,2025-05-06,3.4,58.21,82.13,110.04,0.556,86.01
A0019,2025-05-07,3.4,60.43,82.76,108.84,0.556,86.38
A0019,2025-05-08,3.4,67.98,92.81,121.78,0.556,96.83
A0019,2025-05-09,3.4,77.42,107.49,142.59,0.556,112.37
A0019,2025-05-10,3.4,81.23,112.39,148.77,0.556,117.44
A0019,2025-05-11,3.4,50.97,70.0,92.2,0.556,73.08
A0019,2025-05-12,3.4,76.13,101.83,131.83,0.556,105.99
A0020,2025-04-29,11.4,183.97,251.63,318.43,0.909,319.94
A0020,2025-04-30,11.4,235.25,310.9,385.58,0.909,387.28
A0020,2025-05-01,11.4,171.72,230.44,288.41,0.909,289.73
A0020,2025-05-02,11.4,219.27,304.82,389.28,0.909,391.2
A0020,2025-05-03,11.4,246.72,335.29,422.73,0.909,424.72
A0020,2025-05-04,11.4,180.53,240.56,299.82,0.909,301.17
A0020,2025-05-05,11.4,171.15,231.04,290.17,0.909,291.52
A0020,2025-05-06,11.4,178.88,246.68,313.6,0.909,315.13
A0020,2025-05-07,11.4,181.65,245.54,308.61,0.909,310.05
A0020,2025-05-08,11.4,196.89,267.3,336.81,0.909,338.39
A0020,2025-05-09,11.4,212.85,297.1,380.28,0.909,382.17
A0020,2025-05-10,11.4,236.49,322.12,406.67,0.909,408.59
A0020,2025-05-11,11.4,146.32,198.48,249.98,0.909,251.15
A0020,2025-05-12,11.4,198.93,267.14,334.48,0.909,336.01
A0021,2025-04-29,161.9,5.25,19.06,41.03,0.909,41.53
A0021,2025-04-30,161.9,8.49,26.11,53.86,0.909,54.49
A0021,2025-05-01,161.9,4.83,18.05,39.04,0.909,39.52
A0021,2025-05-02,161.9,8.9,27.21,56.09,0.909,56.75
A0021,2025-05-03,161.9,9.79,29.13,59.71,0.909,60.41
A0021,2025-05-04,161.9,10.87,30.22,60.96,0.909,61.66
A0021,2025-05-05,161.9,10.95,30.8,62.53,0.909,63.25
A0021,2025-05-06,161.9,11.36,31.96,64.96,0.909,65.71
A0021,2025-05-07,161.9,11.75,32.89,66.3,0.909,67.06
A0021,2025-05-08,161.9,13.14,35.74,71.88,0.909,72.71
A0021,2025-05-09,161.9,15.66,41.65,83.13,0.909,84.07
A0021,2025-05-10,161.9,17.06,44.68,88.82,0.909,89.83
A0021,2025-05-11,161.9,3.19,14.6,32.86,0.909,33.28
A0021,2025-05-12,161.9,7.62,24.54,51.28,0.909,51.89
A0022,2025-04-29,177.7,24.09,30.48,41.83,0.909,42.09
A0022,2025-04-30,177.7,28.62,35.07,46.53,0.909,46.79
A0022,2025-05-01,177.7,21.94,27.91,38.51,0.909,38.75
A0022,2025-05-02,177.7,29.18,35.15,45.75,0.909,46.0
A0022,2025-05-03,177.7,30.22,36.2,46.82,0.909,47.06
A0022,2025-05-04,177.7,20.47,23.98,30.2,0.909,30.34
A0022,2025-05-05,177.7,22.75,27.69,36.47,0.909,36.67
A0022,2025-05-06,177.7,25.26,31.19,41.73,0.909,41.96
A0022,2025-05-07,177.7,26.49,33.09,44.81,0.909,45.08
A0022,2025-05-08,177.7,29.01,35.17,46.1,0.909,46.35
A0022,2025-05-09,177.7,30.28,36.17,46.62,0.909,46.85
A0022,2025-05-10,177.7,31.59,37.6,48.27,0.909,48.52
A0022,2025-05-11,177.7,18.82,22.22,28.27,0.909,28.41
A0022,2025-05-12,177.7,27.36,31.98,40.17,0.909,40.35
A0023,2025-04-29,5.3,18.17,26.62,38.05,0.556,28.21
A0023,2025-04-30,5.3,23.77,34.96,50.1,0.556,37.06
A0023,2025-05-01,5.3,16.33,23.25,32.62,0.556,24.56
A0023,2025-05-02,5.3,21.87,31.91,45.47,0.556,33.79
A0023,2025-05-03,5.3,24.27,35.14,49.83,0.556,37.18
A0023,2025-05-04,5.3,17.95,27.03,39.32,0.556,28.74
A0023,2025-05-05,5.3,17.36,24.95,35.2,0.556,26.37
A0023,2025-05-06,5.3,18.64,27.24,38.86,0.556,28.85
A0023,2025-05-07,5.3,19.4,27.23,37.82,0.556,28.7
A0023,2025-05-08,5.3,20.59,28.58,39.39,0.556,30.08
A0023,2025-05-09,5.3,21.47,31.17,44.29,0.556,32.99
A0023,2025-05-10,5.3,23.89,34.0,47.67,0.556,35.9
A0023,2025-05-11,5.3,15.2,21.85,30.84,0.556,23.1
A0023,2025-05-12,5.3,21.1,29.6,41.08,0.556,31.19
A0024,2025-04-29,414.4,7.83,13.28,20.74,0.909,20.91
A0024,2025-04-30,414.4,10.15,16.73,25.73,0.909,25.93
A0024,2025-05-01,414.4,7.5,12.6,19.58,0.909,19.74
A0024,2025-05-02,414.4,10.17,17.09,26.55,0.909,26.76
A0024,2025-05-03,414.4,9.98,16.84,26.22,0.909,26.43
A0024,2025-05-04,414.4,7.63,13.01,20.38,0.909,20.54
A0024,2025-05-05,414.4,7.71,12.66,19.42,0.909,19.57
A0024,2025-05-06,414.4,8.53,14.05,21.61,0.909,21.78
A0024,2025-05-07,414.4,8.68,13.94,21.12,0.909,21.29
A0024,2025-05-08,414.4,9.22,15.18,23.33,0.909,23.52
A0024,2025-05-09,414.4,10.29,17.15,26.52,0.909,26.73
A0024,2025-05-10,414.4,10.32,17.01,26.15,0.909,26.36
A0024,2025-05-11,414.4,6.66,11.15,17.28,0.909,17.42
A0024,2025-05-12,414.4,9.89,15.54,23.27,0.909,23.45
A0025,2025-04-29,5.6,14.18,21.93,30.23,0.556,23.08
A0025,2025-04-30,5.6,16.8,26.43,36.73,0.556,27.86
A0025,2025-05-01,5.6,12.28,19.72,27.69,0.556,20.83
A0025,2025-05-02,5.6,18.14,28.43,39.44,0.556,29.96
A0025,2025-05-03,5.6,19.35,30.5,42.43,0.556,32.16
A0025,2025-05-04,5.6,13.44,21.5,30.11,0.556,22.69
A0025,2025-05-05,5.6,12.98,20.49,28.54,0.556,21.61
A0025,2025-05-06,5.6,14.26,22.08,30.45,0.556,23.24
A0025,2025-05-07,5.6,14.32,22.23,30.69,0.556,23.4
A0025,2025-05-08,5.6,15.21,23.48,32.34,0.556,24.71
A0025,2025-05-09,5.6,17.48,27.47,38.16,0.556,28.95
A0025,2025-05-10,5.6,33.24,51.53,71.1,0.556,54.25
A0025,2025-05-11,5.6,20.53,32.44,45.19,0.556,34.21
A0025,2025-05-12,5.6,25.8,39.87,54.93,0.556,41.96
A0026,2025-04-29,2.4,180.91,235.92,305.69,0.556,245.61
A0026,2025-04-30,2.4,222.43,295.52,388.24,0.556,308.4
A0026,2025-05-01,2.4,153.05,202.53,265.29,0.556,211.25
A0026,2025-05-02,2.4,211.55,279.06,364.69,0.556,290.95
A0026,2025-05-03,2.4,233.72,307.15,400.29,0.556,320.09
A0026,2025-05-04,2.4,172.36,226.22,294.54,0.556,235.71
A0026,2025-05-05,2.4,161.37,212.13,276.51,0.556,221.07
A0026,2025-05-06,2.4,184.04,239.58,310.04,0.556,249.37
A0026,2025-05-07,2.4,191.21,246.5,316.61,0.556,256.23
A0026,2025-05-08,2.4,197.75,255.08,327.79,0.556,265.18
A0026,2025-05-09,2.4,216.21,282.91,367.52,0.556,294.66
A0026,2025-05-10,2.4,238.37,310.08,401.04,0.556,322.71
A0026,2025-05-11,2.4,140.69,181.29,232.79,0.556,188.44
A0026,2025-05-12,2.4,191.07,250.59,326.1,0.556,261.08
A0027,2025-04-29,315.9,33.84,47.87,67.97,0.909,68.42
A0027,2025-04-30,315.9,41.08,57.1,80.05,0.909,80.58
A0027,2025-05-01,315.9,10.85,16.55,24.72,0.909,24.9
A0027,2025-05-02,315.9,16.03,24.5,36.64,0.909,36.92
A0027,2025-05-03,315.9,16.05,24.22,35.92,0.909,36.19
A0027,2025-05-04,315.9,10.59,15.97,23.67,0.909,23.84
A0027,2025-05-05,315.9,12.59,18.19,26.21,0.909,26.39
A0027,2025-05-06,315.9,14.79,21.1,30.15,0.909,30.36
A0027,2025-05-07,315.9,30.02,42.44,60.23,0.909,60.63
A0027,2025-05-08,315.9,32.08,46.06,66.06,0.909,66.52
A0027,2025-05-09,315.9,35.19,50.77,73.07,0.909,73.58
A0027,2025-05-10,315.9,34.84,49.69,70.96,0.909,71.44
A0027,2025-05-11,315.9,20.26,29.71,43.24,0.909,43.55
A0027,2025-05-12,315.9,23.04,34.59,51.13,0.909,51.5
A0028,2025-04-29,341.3,17.57,26.6,35.92,0.909,36.13
A0028,2025-04-30,341.3,22.51,34.63,47.15,0.909,47.43
A0028,2025-05-01,341.3,15.32,23.31,31.57,0.909,31.76
A0028,2025-05-02,341.3,22.13,33.22,44.67,0.909,44.93
A0028,2025-05-03,341.3,21.29,31.1,41.23,0.909,41.46
A0028,2025-05-04,341.3,16.03,23.9,32.02,0.909,32.21
A0028,2025-05-05,341.3,18.2,26.39,34.84,0.909,35.03
A0028,2025-05-06,341.3,19.37,28.58,38.08,0.909,38.29
A0028,2025-05-07,341.3,21.09,31.89,43.04,0.909,43.29
A0028,2025-05-08,341.3,22.18,32.97,44.1,0.909,44.36
A0028,2025-05-09,341.3,23.56,35.34,47.51,0.909,47.78
A0028,2025-05-10,341.3,24.0,34.97,46.3,0.909,46.56
A0028,2025-05-11,341.3,15.62,23.01,30.64,0.909,30.81
A0028,2025-05-12,341.3,24.33,35.81,47.66,0.909,47.93
A0029,2025-04-29,300.7,10.76,16.23,23.1,0.909,23.26
A0029,2025-04-30,300.7,12.96,20.03,28.91,0.909,29.11
A0029,2025-05-01,300.7,9.64,14.99,21.7,0.909,21.85
A0029,2025-05-02,300.7,13.1,20.34,29.43,0.909,29.64
A0029,2025-05-03,300.7,12.6,19.5,28.15,0.909,28.34
A0029,2025-05-04,300.7,9.44,15.4,22.88,0.909,23.05
A0029,2025-05-05,300.7,10.28,15.5,22.05,0.909,22.19
A0029,2025-05-06,300.7,10.81,16.33,23.26,0.909,23.41
A0029,2025-05-07,300.7,11.01,16.74,23.93,0.909,24.1
A0029,2025-05-08,300.7,11.54,17.83,25.71,0.909,25.89
A0029,2025-05-09,300.7,12.57,19.73,28.71,0.909,28.91
A0029,2025-05-10,300.7,12.22,18.91,27.31,0.909,27.5
A0029,2025-05-11,300.7,8.37,13.37,19.66,0.909,19.8
A0029,2025-05-12,300.7,11.44,17.38,24.83,0.909,25.0
A0030,2025-04-29,176.2,25.51,37.18,50.89,0.909,51.2
A0030,2025-04-30,176.2,30.03,44.1,60.63,0.909,61.01
A0030,2025-05-01,176.2,20.81,30.19,41.22,0.909,41.47
A0030,2025-05-02,176.2,31.05,44.9,61.18,0.909,61.55
A0030,2025-05-03,176.2,31.57,46.69,64.46,0.909,64.86
A0030,2025-05-04,176.2,21.52,31.92,44.13,0.909,44.41
A0030,2025-05-05,176.2,21.37,30.94,42.17,0.909,42.43
A0030,2025-05-06,176.2,24.97,36.73,50.55,0.909,50.86
A0030,2025-05-07,176.2,25.4,37.02,50.68,0.909,50.99
A0030,2025-05-08,176.2,27.85,41.08,56.62,0.909,56.97
A0030,2025-05-09,176.2,30.64,44.47,60.71,0.909,61.08
A0030,2025-05-10,176.2,31.89,46.88,64.49,0.909,64.9
A0030,2025-05-11,176.2,19.0,27.89,38.32,0.909,38.56
A0030,2025-05-12,176.2,26.51,39.39,54.53,0.909,54.87
A0031,2025-04-29,176.6,11.71,17.63,24.76,0.909,24.92
A0031,2025-04-30,176.6,14.85,23.41,33.72,0.909,33.96
A0031,2025-05-01,176.6,10.04,15.97,23.12,0.909,23.28
A0031,2025-05-02,176.6,13.83,20.93,29.5,0.909,29.7
A0031,2025-05-03,176.6,14.53,22.22,31.48,0.909,31.69
A0031,2025-05-04,176.6,10.55,16.71,24.14,0.909,24.31
A0031,2025-05-05,176.6,10.62,16.52,23.62,0.909,23.79
A0031,2025-05-06,176.6,11.59,17.45,24.52,0.909,24.68
A0031,2025-05-07,176.6,12.03,18.67,26.67,0.909,26.85
A0031,2025-05-08,176.6,13.12,20.23,28.8,0.909,29.0
A0031,2025-05-09,176.6,13.83,20.98,29.6,0.909,29.8
A0031,2025-05-10,176.6,14.69,22.5,31.93,0.909,32.14
A0031,2025-05-11,176.6,8.81,13.79,19.79,0.909,19.93
A0031,2025-05-12,176.6,19.67,29.07,40.39,0.909,40.65
A0032,2025-04-29,5.0,112.84,152.2,205.31,0.556,159.58
A0032,2025-04-30,5.0,141.16,193.17,263.34,0.556,202.92
A0032,2025-05-01,5.0,104.1,142.6,194.55,0.556,149.82
A0032,2025-05-02,5.0,133.6,181.93,247.14,0.556,190.99
A0032,2025-05-03,5.0,143.43,194.59,263.62,0.556,204.18
A0032,2025-05-04,5.0,106.18,145.04,197.48,0.556,152.33
A0032,2025-05-05,5.0,101.76,140.03,191.67,0.556,147.2
A0032,2025-05-06,5.0,107.18,146.81,200.28,0.556,154.24
A0032,2025-05-07,5.0,108.47,148.21,201.83,0.556,155.65
A0032,2025-05-08,5.0,123.58,168.17,228.34,0.556,176.53
A0032,2025-05-09,5.0,131.96,179.97,244.76,0.556,188.97
A0032,2025-05-10,5.0,141.88,192.33,260.4,0.556,201.78
A0032,2025-05-11,5.0,83.4,113.1,153.17,0.556,118.66
A0032,2025-05-12,5.0,123.57,168.22,228.47,0.556,176.59
A0033,2025-04-29,343.1,48.27,78.65,112.65,0.909,113.42
A0033,2025-04-30,343.1,61.24,103.5,150.8,0.909,151.87
A0033,2025-05-01,343.1,42.38,69.74,100.36,0.909,101.05
A0033,2025-05-02,343.1,63.28,97.92,136.69,0.909,137.57
A0033,2025-05-03,343.1,28.94,46.8,66.78,0.909,67.23
A0033,2025-05-04,343.1,21.62,38.07,56.49,0.909,56.91
A0033,2025-05-05,343.1,24.42,37.6,52.35,0.909,52.68
A0033,2025-05-06,343.1,28.88,43.64,60.16,0.909,60.54
A0033,2025-05-07,343.1,29.83,44.88,61.73,0.909,62.12
A0033,2025-05-08,343.1,32.3,48.61,66.87,0.909,67.28
A0033,2025-05-09,343.1,36.71,53.68,72.67,0.909,73.1
A0033,2025-05-10,343.1,36.55,54.56,74.73,0.909,75.18
A0033,2025-05-11,343.1,23.28,35.92,50.06,0.909,50.39
A0033,2025-05-12,343.1,33.3,48.85,66.26,0.909,66.66
A0034,2025-04-29,2.7,79.35,108.03,144.03,0.556,113.03
A0034,2025-04-30,2.7,97.7,133.91,179.37,0.556,140.23
A0034,2025-05-01,2.7,66.29,89.55,118.74,0.556,93.6
A0034,2025-05-02,2.7,94.21,128.82,172.26,0.556,134.85
A0034,2025-05-03,2.7,99.48,136.97,184.01,0.556,143.5
A0034,2025-05-04,2.7,73.71,100.71,134.6,0.556,105.42
A0034,2025-05-05,2.7,68.37,94.01,126.19,0.556,98.48
A0034,2025-05-06,2.7,77.15,105.37,140.79,0.556,110.29
A0034,2025-05-07,2.7,115.89,161.69,219.17,0.556,169.67
A0034,2025-05-08,2.7,126.1,173.23,232.4,0.556,181.45
A0034,2025-05-09,2.7,142.36,195.98,263.27,0.556,205.32
A0034,2025-05-10,2.7,151.02,209.91,283.83,0.556,220.18
A0034,2025-05-11,2.7,89.89,125.11,169.32,0.556,131.25
A0034,2025-05-12,2.7,75.93,107.58,147.3,0.556,113.09
A0035,2025-04-29,378.0,22.9,60.69,139.91,0.909,141.71
A0035,2025-04-30,378.0,4.22,17.14,40.5,0.909,41.03
A0035,2025-05-01,378.0,2.05,11.49,28.87,0.909,29.26
A0035,2025-05-02,378.0,5.02,19.21,44.29,0.909,44.86
A0035,2025-05-03,378.0,6.87,23.44,52.51,0.909,53.17
A0035,2025-05-04,378.0,4.52,18.08,41.49,0.909,42.02
A0035,2025-05-05,378.0,5.17,19.55,44.11,0.909,44.67
A0035,2025-05-06,378.0,7.66,25.17,54.56,0.909,55.23
A0035,2025-05-07,378.0,9.16,28.55,60.48,0.909,61.21
A0035,2025-05-08,378.0,11.62,33.88,70.47,0.909,71.3
A0035,2025-05-09,378.0,14.04,39.41,80.65,0.909,81.59
A0035,2025-05-10,378.0,16.31,44.3,90.03,0.909,91.07
A0035,2025-05-11,378.0,7.9,25.6,54.71,0.909,55.37
A0035,2025-05-12,378.0,14.7,40.56,82.77,0.909,83.73
A0036,2025-04-29,4.1,3.45,6.62,10.77,0.556,7.19
A0036,2025-04-30,4.1,4.26,8.29,13.57,0.556,9.02
A0036,2025-05-01,4.1,3.26,6.07,9.78,0.556,6.59
A0036,2025-05-02,4.1,5.25,9.74,15.65,0.556,10.56
A0036,2025-05-03,4.1,5.02,9.56,15.53,0.556,10.39
A0036,2025-05-04,4.1,3.34,6.18,9.91,0.556,6.7
A0036,2025-05-05,4.1,4.39,7.55,11.69,0.556,8.12
A0036,2025-05-06,4.1,4.76,7.92,12.09,0.556,8.5
A0036,2025-05-07,4.1,4.98,8.55,13.25,0.556,9.21
A0036,2025-05-08,4.1,5.31,9.06,13.99,0.556,9.75
A0036,2025-05-09,4.1,6.09,10.57,16.45,0.556,11.38
A0036,2025-05-10,4.1,6.05,10.54,16.44,0.556,11.36
A0036,2025-05-11,4.1,3.66,6.25,9.66,0.556,6.73
A0036,2025-05-12,4.1,6.45,10.38,15.53,0.556,11.09
A0037,2025-04-29,297.8,20.39,29.74,42.06,0.909,42.34
A0037,2025-04-30,297.8,24.62,38.31,56.35,0.909,56.76
A0037,2025-05-01,297.8,17.22,24.52,34.13,0.909,34.34
A0037,2025-05-02,297.8,23.68,34.47,48.7,0.909,49.02
A0037,2025-05-03,297.8,24.89,36.98,52.9,0.909,53.27
A0037,2025-05-04,297.8,19.37,29.95,43.89,0.909,44.2
A0037,2025-05-05,297.8,17.55,24.95,34.69,0.909,34.91
A0037,2025-05-06,297.8,21.11,29.81,41.26,0.909,41.52
A0037,2025-05-07,297.8,21.3,31.79,45.61,0.909,45.92
A0037,2025-05-08,297.8,21.61,30.79,42.88,0.909,43.15
A0037,2025-05-09,297.8,23.66,34.2,48.08,0.909,48.4
A0037,2025-05-10,297.8,24.69,36.57,52.22,0.909,52.58
A0037,2025-05-11,297.8,16.62,24.67,35.27,0.909,35.51
A0037,2025-05-12,297.8,19.75,27.84,38.49,0.909,38.74
A0038,2025-04-29,400.7,24.69,34.59,47.57,0.909,47.86
A0038,2025-04-30,400.7,30.38,42.89,59.31,0.909,59.68
A0038,2025-05-01,400.7,21.06,30.88,43.76,0.909,44.05
A0038,2025-05-02,400.7,29.42,42.23,59.04,0.909,59.42
A0038,2025-05-03,400.7,28.77,41.18,57.45,0.909,57.82
A0038,2025-05-04,400.7,21.08,30.11,41.96,0.909,42.23
A0038,2025-05-05,400.7,24.08,33.6,46.08,0.909,46.37
A0038,2025-05-06,400.7,25.85,36.2,49.78,0.909,50.09
A0038,2025-05-07,400.7,27.46,38.23,52.36,0.909,52.68
A0038,2025-05-08,400.7,28.85,41.25,57.51,0.909,57.88
A0038,2025-05-09,400.7,30.39,43.49,60.67,0.909,61.06
A0038,2025-05-10,400.7,31.18,44.01,60.84,0.909,61.23
A0038,2025-05-11,400.7,20.52,28.9,39.89,0.909,40.14
A0038,2025-05-12,400.7,30.91,43.27,59.48,0.909,59.84
A0039,2025-04-29,319.9,20.82,30.73,43.29,0.909,43.58
A0039,2025-04-30,319.9,24.86,36.65,51.58,0.909,51.92
A0039,2025-05-01,319.9,19.18,26.91,36.71,0.909,36.93
A0039,2025-05-02,319.9,24.01,36.19,51.63,0.909,51.98
A0039,2025-05-03,319.9,25.13,37.33,52.77,0.909,53.13
A0039,2025-05-04,319.9,19.66,28.29,39.23,0.909,39.48
A0039,2025-05-05,319.9,18.21,25.08,33.79,0.909,33.98
A0039,2025-05-06,319.9,21.03,30.46,42.41,0.909,42.69
A0039,2025-05-07,319.9,19.93,30.44,43.75,0.909,44.05
A0039,2025-05-08,319.9,21.71,31.1,43.0,0.909,43.27
A0039,2025-05-09,319.9,22.88,34.33,48.84,0.909,49.17
A0039,2025-05-10,319.9,24.19,35.25,49.27,0.909,49.59
A0039,2025-05-11,319.9,16.98,24.4,33.79,0.909,34.01
A0039,2025-05-12,319.9,20.65,27.94,37.18,0.909,37.39
A0040,2025-04-29,2.6,28.85,45.06,66.39,0.556,48.02
A0040,2025-04-30,2.6,35.75,55.38,81.22,0.556,58.97
A0040,2025-05-01,2.6,28.41,41.78,59.39,0.556,44.22
A0040,2025-05-02,2.6,37.87,55.65,79.07,0.556,58.91
A0040,2025-05-03,2.6,37.46,57.89,84.79,0.556,61.63
A0040,2025-05-04,2.6,26.36,39.2,56.11,0.556,41.55
A0040,2025-05-05,2.6,28.35,42.99,62.26,0.556,45.67
A0040,2025-05-06,2.6,30.34,45.84,66.26,0.556,48.68
A0040,2025-05-07,2.6,31.0,47.96,70.3,0.556,51.07
A0040,2025-05-08,2.6,33.59,51.14,74.24,0.556,54.34
A0040,2025-05-09,2.6,38.1,56.2,80.04,0.556,59.51
A0040,2025-05-10,2.6,38.94,60.65,89.24,0.556,64.62
A0040,2025-05-11,2.6,23.6,34.89,49.75,0.556,36.95
A0040,2025-05-12,2.6,36.17,53.81,77.02,0.556,57.03
A0041,2025-04-29,328.0,16.61,24.54,33.57,0.909,33.77
A0041,2025-04-30,328.0,20.56,30.09,40.95,0.909,41.19
A0041,2025-05-01,328.0,14.96,22.29,30.64,0.909,30.83
A0041,2025-05-02,328.0,19.83,29.27,40.01,0.909,40.26
A0041,2025-05-03,328.0,20.42,30.52,42.03,0.909,42.29
A0041,2025-05-04,328.0,15.54,23.76,33.12,0.909,33.33
A0041,2025-05-05,328.0,15.54,22.99,31.47,0.909,31.66
A0041,2025-05-06,328.0,16.92,25.06,34.33,0.909,34.54
A0041,2025-05-07,328.0,16.4,23.67,31.95,0.909,32.14
A0041,2025-05-08,328.0,17.49,25.83,35.32,0.909,35.53
A0041,2025-05-09,328.0,19.09,28.33,38.85,0.909,39.09
A0041,2025-05-10,328.0,19.36,28.92,39.82,0.909,40.07
A0041,2025-05-11,328.0,12.87,19.47,26.99,0.909,27.16
A0041,2025-05-12,328.0,17.79,26.15,35.67,0.909,35.88
A0042,2025-04-29,185.4,0.53,7.87,20.89,0.909,21.19
A0042,2025-04-30,185.4,1.72,11.01,27.03,0.909,27.4
A0042,2025-05-01,185.4,1.0,7.88,20.76,0.909,21.05
A0042,2025-05-02,185.4,2.54,13.19,31.11,0.909,31.52
A0042,2025-05-03,185.4,3.44,15.32,35.2,0.909,35.66
A0042,2025-05-04,185.4,1.47,10.49,25.75,0.909,26.1
A0042,2025-05-05,185.4,1.92,11.75,28.21,0.909,28.59
A0042,2025-05-06,185.4,2.85,13.86,32.21,0.909,32.63
A0042,2025-05-07,185.4,3.35,15.0,33.99,0.909,34.42
A0042,2025-05-08,185.4,4.53,17.59,39.03,0.909,39.51
A0042,2025-05-09,185.4,5.63,20.21,43.96,0.909,44.5
A0042,2025-05-10,185.4,6.69,22.57,48.34,0.909,48.93
A0042,2025-05-11,185.4,2.46,12.89,29.95,0.909,30.34
A0042,2025-05-12,185.4,5.96,20.81,45.04,0.909,45.59
A0043,2025-04-29,5.4,68.29,92.05,119.03,0.556,95.79
A0043,2025-04-30,5.4,85.69,117.81,154.28,0.556,122.88
A0043,2025-05-01,5.4,62.52,87.44,115.73,0.556,91.37
A0043,2025-05-02,5.4,83.22,115.26,151.65,0.556,120.32
A0043,2025-05-03,5.4,85.81,116.38,151.1,0.556,121.2
A0043,2025-05-04,5.4,64.64,89.98,118.76,0.556,93.98
A0043,2025-05-05,5.4,65.35,90.71,119.51,0.556,94.71
A0043,2025-05-06,5.4,67.01,92.0,120.38,0.556,95.94
A0043,2025-05-07,5.4,68.2,91.5,117.95,0.556,95.17
A0043,2025-05-08,5.4,76.72,106.12,139.5,0.556,110.76
A0043,2025-05-09,5.4,82.33,114.32,150.64,0.556,119.36
A0043,2025-05-10,5.4,85.54,115.24,148.95,0.556,119.92
A0043,2025-05-11,5.4,54.22,74.26,97.01,0.556,77.42
A0043,2025-05-12,5.4,79.37,110.06,144.9,0.556,114.9
A0044,2025-04-29,388.8,16.23,25.37,39.67,0.909,39.99
A0044,2025-04-30,388.8,19.8,31.39,49.52,0.909,49.93
A0044,2025-05-01,388.8,13.7,20.94,32.27,0.909,32.53
A0044,2025-05-02,388.8,20.53,30.87,47.05,0.909,47.42
A0044,2025-05-03,388.8,19.32,27.92,41.37,0.909,41.68
A0044,2025-05-04,388.8,15.32,23.42,36.1,0.909,36.39
A0044,2025-05-05,388.8,18.04,26.61,40.01,0.909,40.31
A0044,2025-05-06,388.8,19.1,29.15,44.87,0.909,45.23
A0044,2025-05-07,388.8,19.07,29.05,44.65,0.909,45.0
A0044,2025-05-08,388.8,21.24,31.63,47.89,0.909,48.26
A0044,2025-05-09,388.8,23.06,34.66,52.82,0.909,53.23
A0044,2025-05-10,388.8,22.8,33.17,49.41,0.909,49.78
A0044,2025-05-11,388.8,15.97,24.04,36.67,0.909,36.96
A0044,2025-05-12,388.8,26.92,41.71,64.86,0.909,65.38
A0045,2025-04-29,6.3,51.49,72.76,95.48,0.556,75.92
A0045,2025-04-30,6.3,64.42,86.9,110.89,0.556,90.23
A0045,2025-05-01,6.3,47.82,66.17,85.76,0.556,68.89
A0045,2025-05-02,6.3,64.44,89.11,115.47,0.556,92.77
A0045,2025-05-03,6.3,68.3,94.15,121.77,0.556,97.99
A0045,2025-05-04,6.3,50.19,70.05,91.25,0.556,72.99
A0045,2025-05-05,6.3,52.52,71.02,90.78,0.556,73.76
A0045,2025-05-06,6.3,55.97,77.31,100.1,0.556,80.47
A0045,2025-05-07,6.3,57.31,77.51,99.07,0.556,80.5
A0045,2025-05-08,6.3,63.52,87.28,112.65,0.556,90.8
A0045,2025-05-09,6.3,68.1,93.17,119.95,0.556,96.89
A0045,2025-05-10,6.3,72.78,99.48,127.98,0.556,103.44
A0045,2025-05-11,6.3,45.77,64.11,83.69,0.556,66.83
A0045,2025-05-12,6.3,64.21,87.58,112.54,0.556,91.05
A0046,2025-04-29,351.0,35.16,48.48,63.85,0.909,64.2
A0046,2025-04-30,351.0,46.72,67.33,91.14,0.909,91.68
A0046,2025-05-01,351.0,31.11,44.24,59.39,0.909,59.73
A0046,2025-05-02,351.0,42.34,59.05,78.34,0.909,78.78
A0046,2025-05-03,351.0,41.08,56.12,73.49,0.909,73.88
A0046,2025-05-04,351.0,32.83,46.27,61.78,0.909,62.13
A0046,2025-05-05,351.0,36.14,49.93,65.84,0.909,66.2
A0046,2025-05-06,351.0,38.25,52.2,68.3,0.909,68.67
A0046,2025-05-07,351.0,38.98,54.44,72.29,0.909,72.7
A0046,2025-05-08,351.0,42.06,58.11,76.65,0.909,77.07
A0046,2025-05-09,351.0,45.59,63.63,84.45,0.909,84.93
A0046,2025-05-10,351.0,46.16,63.57,83.67,0.909,84.12
A0046,2025-05-11,351.0,30.19,41.51,54.58,0.909,54.88
A0046,2025-05-12,351.0,48.87,67.59,89.19,0.909,89.68
A0047,2025-04-29,35.1,37.69,50.45,68.8,0.909,69.21
A0047,2025-04-30,35.1,49.36,64.87,87.18,0.909,87.69
A0047,2025-05-01,35.1,31.38,43.66,61.32,0.909,61.72
A0047,2025-05-02,35.1,45.05,60.4,82.46,0.909,82.97
A0047,2025-05-03,35.1,43.21,57.93,79.1,0.909,79.58
A0047,2025-05-04,35.1,36.33,47.5,63.57,0.909,63.93
A0047,2025-05-05,35.1,38.19,52.3,72.59,0.909,73.05
A0047,2025-05-06,35.1,41.0,54.88,74.85,0.909,75.3
A0047,2025-05-07,35.1,40.9,55.3,76.0,0.909,76.47
A0047,2025-05-08,35.1,45.28,60.04,81.26,0.909,81.74
A0047,2025-05-09,35.1,49.31,65.88,89.7,0.909,90.25
A0047,2025-05-10,35.1,61.14,88.94,128.92,0.909,129.82
A0047,2025-05-11,35.1,40.97,59.62,86.43,0.909,87.04
A0047,2025-05-12,35.1,70.48,106.83,159.11,0.909,160.29
A0048,2025-04-29,3.3,116.57,163.71,224.92,0.556,172.21
A0048,2025-04-30,3.3,144.68,201.3,274.85,0.556,211.52
A0048,2025-05-01,3.3,107.4,146.28,196.79,0.556,153.3
A0048,2025-05-02,3.3,140.64,198.58,273.83,0.556,209.03
A0048,2025-05-03,3.3,149.3,215.25,300.93,0.556,227.15
A0048,2025-05-04,3.3,109.54,150.56,203.85,0.556,157.96
A0048,2025-05-05,3.3,108.74,150.11,203.83,0.556,157.57
A0048,2025-05-06,3.3,116.15,163.06,224.0,0.556,171.53
A0048,2025-05-07,3.3,120.09,171.64,238.59,0.556,180.94
A0048,2025-05-08,3.3,128.03,180.5,248.65,0.556,189.96
A0048,2025-05-09,3.3,139.69,197.66,272.95,0.556,208.12
A0048,2025-05-10,3.3,148.63,214.79,300.73,0.556,226.73
A0048,2025-05-11,3.3,92.06,129.76,178.73,0.556,136.56
A0048,2025-05-12,3.3,131.08,184.48,253.84,0.556,194.11
A0049,2025-04-29,6.0,403.29,542.25,690.42,0.556,562.83
A0049,2025-04-30,6.0,951.53,1561.65,2212.18,0.556,1652.0
A0049,2025-05-01,6.0,786.63,1310.83,1869.75,0.556,1388.46
A0049,2025-05-02,6.0,1012.5,1700.19,2433.42,0.556,1802.03
A0049,2025-05-03,6.0,1073.14,1815.54,2607.1,0.556,1925.47
A0049,2025-05-04,6.0,770.88,1306.96,1878.55,0.556,1386.35
A0049,2025-05-05,6.0,322.09,454.11,594.88,0.556,473.66
A0049,2025-05-06,6.0,374.61,512.15,658.81,0.556,532.52
A0049,2025-05-07,6.0,400.93,544.66,697.91,0.556,565.95
A0049,2025-05-08,6.0,424.53,580.48,746.77,0.556,603.58
A0049,2025-05-09,6.0,460.2,635.64,822.7,0.556,661.62
A0049,2025-05-10,6.0,507.4,698.45,902.15,0.556,726.74
A0049,2025-05-11,6.0,318.35,443.21,576.33,0.556,461.7
A0049,2025-05-12,6.0,439.77,594.08,758.62,0.556,616.94
A0050,2025-04-29,10.7,106.55,138.01,177.09,0.909,177.98
A0050,2025-04-30,10.7,127.28,165.26,212.44,0.909,213.52
A0050,2025-05-01,10.7,84.7,113.63,149.57,0.909,150.39
A0050,2025-05-02,10.7,118.26,157.54,206.35,0.909,207.46
A0050,2025-05-03,10.7,124.7,167.42,220.5,0.909,221.71
A0050,2025-05-04,10.7,85.02,114.65,151.46,0.909,152.3
A0050,2025-05-05,10.7,101.23,130.64,167.17,0.909,168.0
A0050,2025-05-06,10.7,120.21,151.96,191.41,0.909,192.31
A0050,2025-05-07,10.7,117.39,148.46,187.06,0.909,187.93
A0050,2025-05-08,10.7,123.67,155.84,195.81,0.909,196.72
A0050,2025-05-09,10.7,135.55,174.24,222.31,0.909,223.4
A0050,2025-05-10,10.7,144.85,186.38,237.97,0.909,239.14
A0050,2025-05-11,10.7,84.68,108.76,138.67,0.909,139.35
A0050,2025-05-12,10.7,142.23,175.35,216.5,0.909,217.43
A0051,2025-04-29,308.0,14.15,22.39,32.2,0.909,32.42
A0051,2025-04-30,308.0,18.46,30.79,45.48,0.909,45.82
A0051,2025-05-01,308.0,12.06,18.34,25.82,0.909,25.99
A0051,2025-05-02,308.0,17.64,27.17,38.51,0.909,38.77
A0051,2025-05-03,308.0,17.41,26.36,37.01,0.909,37.25
A0051,2025-05-04,308.0,13.56,21.71,31.41,0.909,31.63
A0051,2025-05-05,308.0,13.94,20.67,28.69,0.909,28.87
A0051,2025-05-06,308.0,14.98,23.79,34.29,0.909,34.52
A0051,2025-05-07,308.0,15.76,24.49,34.89,0.909,35.12
A0051,2025-05-08,308.0,17.46,26.95,38.25,0.909,38.51
A0051,2025-05-09,308.0,18.26,28.14,39.9,0.909,40.17
A0051,2025-05-10,308.0,18.76,28.1,39.22,0.909,39.47
A0051,2025-05-11,308.0,12.33,18.86,26.64,0.909,26.82
A0051,2025-05-12,308.0,42.21,64.74,91.57,0.909,92.18
A0052,2025-04-29,32.5,9.08,37.25,70.48,0.909,71.24
A0052,2025-04-30,32.5,11.86,49.84,94.64,0.909,95.66
A0052,2025-05-01,32.5,2.03,31.25,65.73,0.909,66.52
A0052,2025-05-02,32.5,13.52,46.2,84.78,0.909,85.66
A0052,2025-05-03,32.5,14.54,47.69,86.8,0.909,87.69
A0052,2025-05-04,32.5,7.45,36.58,70.95,0.909,71.74
A0052,2025-05-05,32.5,2.55,39.74,83.61,0.909,84.61
A0052,2025-05-06,32.5,11.53,40.56,74.81,0.909,75.59
A0052,2025-05-07,32.5,2.01,44.97,95.66,0.909,96.82
A0052,2025-05-08,32.5,13.9,47.52,87.19,0.909,88.09
A0052,2025-05-09,32.5,13.44,50.43,94.07,0.909,95.06
A0052,2025-05-10,32.5,13.35,54.26,102.55,0.909,103.64
A0052,2025-05-11,32.5,0.7,34.83,75.11,0.909,76.03
A0052,2025-05-12,32.5,217.28,264.9,321.09,0.909,322.36
A0053,2025-04-29,320.0,35.51,52.49,72.95,0.909,73.42
A0053,2025-04-30,320.0,46.21,65.3,88.29,0.909,88.81
A0053,2025-05-01,320.0,31.13,44.51,60.62,0.909,60.99
A0053,2025-05-02,320.0,41.86,62.39,87.1,0.909,87.66
A0053,2025-05-03,320.0,44.09,61.68,82.87,0.909,83.35
A0053,2025-05-04,320.0,34.72,48.66,65.45,0.909,65.83
A0053,2025-05-05,320.0,31.91,45.2,61.2,0.909,61.56
A0053,2025-05-06,320.0,35.08,52.01,72.4,0.909,72.86
A0053,2025-05-07,320.0,35.74,51.89,71.35,0.909,71.79
A0053,2025-05-08,320.0,38.64,56.37,77.72,0.909,78.2
A0053,2025-05-09,320.0,41.86,62.41,87.14,0.909,87.71
A0053,2025-05-10,320.0,43.92,61.57,82.83,0.909,83.31
A0053,2025-05-11,320.0,28.14,40.18,54.69,0.909,55.02
A0053,2025-05-12,320.0,38.66,55.55,75.89,0.909,76.35
A0054,2025-04-29,4.9,16.38,23.8,34.24,0.556,25.25
A0054,2025-04-30,4.9,22.41,32.06,45.62,0.556,33.94
A0054,2025-05-01,4.9,14.25,20.91,30.28,0.556,22.21
A0054,2025-05-02,4.9,20.28,29.26,41.88,0.556,31.01
A0054,2025-05-03,4.9,22.46,32.07,45.6,0.556,33.95
A0054,2025-05-04,4.9,15.2,21.45,30.24,0.556,22.67
A0054,2025-05-05,4.9,16.71,24.24,34.84,0.556,25.72
A0054,2025-05-06,4.9,16.88,24.3,34.73,0.556,25.75
A0054,2025-05-07,4.9,17.57,25.73,37.2,0.556,27.32
A0054,2025-05-08,4.9,18.74,27.22,39.14,0.556,28.87
A0054,2025-05-09,4.9,20.75,29.78,42.49,0.556,31.55
A0054,2025-05-10,4.9,23.39,33.13,46.84,0.556,35.04
A0054,2025-05-11,4.9,12.83,18.26,25.9,0.556,19.32
A0054,2025-05-12,4.9,20.73,30.06,43.17,0.556,31.88
A0055,2025-04-29,5.0,19.48,27.87,37.93,0.556,29.27
A0055,2025-04-30,5.0,23.85,35.04,48.46,0.556,36.9
A0055,2025-05-01,5.0,17.3,24.37,32.85,0.556,25.55
A0055,2025-05-02,5.0,22.52,32.19,43.79,0.556,33.8
A0055,2025-05-03,5.0,23.46,33.13,44.74,0.556,34.74
A0055,2025-05-04,5.0,18.36,27.58,38.65,0.556,29.12
A0055,2025-05-05,5.0,17.54,24.5,32.84,0.556,25.65
A0055,2025-05-06,5.0,19.23,27.74,37.96,0.556,29.16
A0055,2025-05-07,5.0,20.58,28.92,38.92,0.556,30.31
A0055,2025-05-08,5.0,22.9,32.99,45.08,0.556,34.67
A0055,2025-05-09,5.0,22.76,32.84,44.93,0.556,34.52
A0055,2025-05-10,5.0,24.89,35.28,47.74,0.556,37.01
A0055,2025-05-11,5.0,16.1,23.4,32.17,0.556,24.62
A0055,2025-05-12,5.0,23.78,33.78,45.77,0.556,35.44
A0056,2025-04-29,420.0,22.29,56.32,126.81,0.909,128.41
A0056,2025-04-30,420.0,31.0,74.31,168.12,0.909,170.25
A0056,2025-05-01,420.0,23.62,57.42,130.35,0.909,132.0
A0056,2025-05-02,420.0,43.1,101.62,229.14,0.909,232.04
A0056,2025-05-03,420.0,2.82,13.15,31.22,0.909,31.63
A0056,2025-05-04,420.0,1.35,9.89,24.67,0.909,25.01
A0056,2025-05-05,420.0,3.13,13.27,31.27,0.909,31.67
A0056,2025-05-06,420.0,3.66,14.71,33.78,0.909,34.21
A0056,2025-05-07,420.0,4.57,16.66,37.19,0.909,37.66
A0056,2025-05-08,420.0,5.86,19.19,42.21,0.909,42.74
A0056,2025-05-09,420.0,6.87,21.43,46.44,0.909,47.01
A0056,2025-05-10,420.0,7.87,23.43,50.62,0.909,51.24
A0056,2025-05-11,420.0,3.64,14.39,33.24,0.909,33.67
A0056,2025-05-12,420.0,9.26,25.81,55.39,0.909,56.06
A0057,2025-04-29,400.9,14.51,22.69,33.43,0.909,33.68
A0057,2025-04-30,400.9,17.14,29.22,45.06,0.909,45.42
A0057,2025-05-01,400.9,12.87,19.71,28.68,0.909,28.88
A0057,2025-05-02,400.9,15.84,25.39,37.93,0.909,38.21
A0057,2025-05-03,400.9,17.54,27.81,41.29,0.909,41.6
A0057,2025-05-04,400.9,13.92,23.63,36.37,0.909,36.66
A0057,2025-05-05,400.9,11.03,17.61,26.25,0.909,26.45
A0057,2025-05-06,400.9,13.78,21.55,31.74,0.909,31.97
A0057,2025-05-07,400.9,12.75,21.17,32.22,0.909,32.47
A0057,2025-05-08,400.9,14.23,22.64,33.67,0.909,33.92
A0057,2025-05-09,400.9,14.92,24.13,36.21,0.909,36.48
A0057,2025-05-10,400.9,16.07,25.84,38.66,0.909,38.95
A0057,2025-05-11,400.9,10.93,17.78,26.77,0.909,26.98
A0057,2025-05-12,400.9,11.83,19.01,28.43,0.909,28.65
A0058,2025-04-29,32.0,94.08,139.74,201.7,0.909,203.1
A0058,2025-04-30,32.0,100.95,158.89,237.53,0.909,239.31
A0058,2025-05-01,32.0,83.27,129.49,192.23,0.909,193.65
A0058,2025-05-02,32.0,115.69,164.86,231.58,0.909,233.09
A0058,2025-05-03,32.0,96.15,134.28,186.01,0.909,187.19
A0058,2025-05-04,32.0,22.08,32.67,47.03,0.909,47.36
A0058,2025-05-05,32.0,23.87,39.65,61.05,0.909,61.54
A0058,2025-05-06,32.0,26.95,38.77,54.81,0.909,55.17
A0058,2025-05-07,32.0,28.12,39.11,54.03,0.909,54.36
A0058,2025-05-08,32.0,31.99,43.51,59.14,0.909,59.49
A0058,2025-05-09,32.0,35.01,47.25,63.86,0.909,64.23
A0058,2025-05-10,32.0,35.49,49.01,67.36,0.909,67.78
A0058,2025-05-11,32.0,24.17,34.24,47.91,0.909,48.22
A0058,2025-05-12,32.0,37.46,58.44,86.92,0.909,87.57
A0059,2025-04-29,194.3,35.91,52.63,72.43,0.909,72.88
A0059,2025-04-30,194.3,43.66,63.24,86.43,0.909,86.95
A0059,2025-05-01,194.3,32.71,48.48,67.16,0.909,67.58
A0059,2025-05-02,194.3,45.32,66.95,92.56,0.909,93.14
A0059,2025-05-03,194.3,49.53,72.21,99.07,0.909,99.68
A0059,2025-05-04,194.3,33.53,48.8,66.88,0.909,67.29
A0059,2025-05-05,194.3,29.07,45.77,65.55,0.909,66.0
A0059,2025-05-06,194.3,32.76,49.55,69.44,0.909,69.89
A0059,2025-05-07,194.3,34.51,53.27,75.48,0.909,75.98
A0059,2025-05-08,194.3,36.63,56.67,80.4,0.909,80.93
A0059,2025-05-09,194.3,41.69,63.31,88.91,0.909,89.49
A0059,2025-05-10,194.3,46.36,68.98,95.75,0.909,96.36
A0059,2025-05-11,194.3,26.73,41.51,59.01,0.909,59.4
A0059,2025-05-12,194.3,34.83,55.29,79.52,0.909,80.07
A0060,2025-04-29,2.8,223.57,308.28,417.07,0.556,323.38
A0060,2025-04-30,2.8,255.61,349.06,469.08,0.556,365.73
A0060,2025-05-01,2.8,72.74,100.16,135.39,0.556,105.05
A0060,2025-05-02,2.8,99.72,140.4,192.64,0.556,147.65
A0060,2025-05-03,2.8,110.74,156.59,215.47,0.556,164.77
A0060,2025-05-04,2.8,80.38,109.73,147.42,0.556,114.97
A0060,2025-05-05,2.8,74.96,102.11,136.97,0.556,106.95
A0060,2025-05-06,2.8,86.42,119.43,161.83,0.556,125.32
A0060,2025-05-07,2.8,90.7,122.1,162.45,0.556,127.71
A0060,2025-05-08,2.8,94.69,129.74,174.76,0.556,135.99
A0060,2025-05-09,2.8,104.01,143.58,194.41,0.556,150.64
A0060,2025-05-10,2.8,113.52,157.2,213.31,0.556,165.0
A0060,2025-05-11,2.8,68.52,94.07,126.87,0.556,98.62
A0060,2025-05-12,2.8,91.77,126.39,170.86,0.556,132.57
A0061,2025-04-29,26.3,13.76,22.48,32.36,0.909,32.58
A0061,2025-04-30,26.3,16.5,21.92,28.05,0.909,28.19
A0061,2025-05-01,26.3,11.17,17.39,24.43,0.909,24.59
A0061,2025-05-02,26.3,16.66,25.75,36.05,0.909,36.28
A0061,2025-05-03,26.3,16.43,24.13,32.86,0.909,33.06
A0061,2025-05-04,26.3,11.62,16.13,21.23,0.909,21.34
A0061,2025-05-05,26.3,13.29,19.11,25.69,0.909,25.84
A0061,2025-05-06,26.3,14.77,24.18,34.84,0.909,35.08
A0061,2025-05-07,26.3,14.95,20.12,25.96,0.909,26.1
A0061,2025-05-08,26.3,15.87,23.06,31.2,0.909,31.39
A0061,2025-05-09,26.3,17.4,26.41,36.6,0.909,36.83
A0061,2025-05-10,26.3,17.86,25.21,33.53,0.909,33.72
A0061,2025-05-11,26.3,11.27,15.86,21.05,0.909,21.17
A0061,2025-05-12,26.3,17.67,24.69,32.64,0.909,32.82
A0062,2025-04-29,294.6,19.17,28.73,41.79,0.909,42.09
A0062,2025-04-30,294.6,21.13,31.94,46.68,0.909,47.02
A0062,2025-05-01,294.6,17.37,25.77,37.24,0.909,37.5
A0062,2025-05-02,294.6,21.46,32.06,46.53,0.909,46.86
A0062,2025-05-03,294.6,21.41,33.62,50.28,0.909,50.66
A0062,2025-05-04,294.6,17.35,25.99,37.78,0.909,38.05
A0062,2025-05-05,294.6,41.46,58.97,82.88,0.909,83.43
A0062,2025-05-06,294.6,50.35,74.02,106.34,0.909,107.07
A0062,2025-05-07,294.6,49.47,73.74,106.88,0.909,107.63
A0062,2025-05-08,294.6,50.48,75.2,108.95,0.909,109.71
A0062,2025-05-09,294.6,16.81,26.43,39.58,0.909,39.87
A0062,2025-05-10,294.6,18.0,28.37,42.52,0.909,42.85
A0062,2025-05-11,294.6,48.64,65.84,89.33,0.909,89.86
A0062,2025-05-12,294.6,53.16,67.23,86.45,0.909,86.89
A0063,2025-04-29,2.9,204.09,277.26,382.83,0.556,291.93
A0063,2025-04-30,2.9,264.26,348.79,470.73,0.556,365.72
A0063,2025-05-01,2.9,183.75,252.08,350.66,0.556,265.77
A0063,2025-05-02,2.9,242.49,333.26,464.22,0.556,351.45
A0063,2025-05-03,2.9,258.59,354.37,492.55,0.556,373.56
A0063,2025-05-04,2.9,207.56,278.34,380.45,0.556,292.52
A0063,2025-05-05,2.9,181.32,252.24,354.56,0.556,266.45
A0063,2025-05-06,2.9,193.78,267.47,373.78,0.556,282.23
A0063,2025-05-07,2.9,199.49,271.08,374.35,0.556,285.42
A0063,2025-05-08,2.9,214.81,293.87,407.94,0.556,309.72
A0063,2025-05-09,2.9,238.2,328.6,459.02,0.556,346.71
A0063,2025-05-10,2.9,257.32,352.14,488.95,0.556,371.15
A0063,2025-05-11,2.9,159.44,219.54,306.25,0.556,231.59
A0063,2025-05-12,2.9,223.85,306.64,426.08,0.556,323.23
A0064,2025-04-29,424.6,22.31,33.93,47.53,0.909,47.84
A0064,2025-04-30,424.6,50.97,75.1,103.38,0.909,104.02
A0064,2025-05-01,424.6,32.61,48.71,67.57,0.909,68.0
A0064,2025-05-02,424.6,46.47,73.24,104.59,0.909,105.3
A0064,2025-05-03,424.6,46.38,74.06,106.49,0.909,107.23
A0064,2025-05-04,424.6,18.12,27.52,38.52,0.909,38.77
A0064,2025-05-05,424.6,19.81,29.97,41.87,0.909,42.14
A0064,2025-05-06,424.6,21.96,34.24,48.63,0.909,48.96
A0064,2025-05-07,424.6,23.08,34.95,48.84,0.909,49.16
A0064,2025-05-08,424.6,26.22,38.55,52.98,0.909,53.31
A0064,2025-05-09,424.6,28.34,43.68,61.64,0.909,62.05
A0064,2025-05-10,424.6,29.74,45.83,64.66,0.909,65.09
A0064,2025-05-11,424.6,18.87,27.95,38.59,0.909,38.83
A0064,2025-05-12,424.6,31.21,46.31,63.99,0.909,64.39
A0065,2025-04-29,296.0,8.42,14.36,21.28,0.909,21.44
A0065,2025-04-30,296.0,8.79,16.22,24.9,0.909,25.1
A0065,2025-05-01,296.0,8.19,13.35,19.37,0.909,19.5
A0065,2025-05-02,296.0,11.24,18.66,27.32,0.909,27.51
A0065,2025-05-03,296.0,11.29,18.61,27.14,0.909,27.33
A0065,2025-05-04,296.0,8.02,13.95,20.86,0.909,21.02
A0065,2025-05-05,296.0,6.8,11.49,16.96,0.909,17.08
A0065,2025-05-06,296.0,9.11,14.83,21.51,0.909,21.67
A0065,2025-05-07,296.0,8.96,14.72,21.43,0.909,21.58
A0065,2025-05-08,296.0,9.88,15.76,22.62,0.909,22.78
A0065,2025-05-09,296.0,10.77,17.67,25.71,0.909,25.9
A0065,2025-05-10,296.0,10.8,17.18,24.62,0.909,24.79
A0065,2025-05-11,296.0,7.24,11.82,17.15,0.909,17.27
A0065,2025-05-12,296.0,7.22,11.89,17.33,0.909,17.45
A0066,2025-04-29,320.3,16.94,21.71,27.53,0.909,27.66
A0066,2025-04-30,320.3,20.01,24.74,30.49,0.909,30.62
A0066,2025-05-01,320.3,15.84,21.05,27.39,0.909,27.54
A0066,2025-05-02,320.3,20.06,26.56,34.48,0.909,34.66
A0066,2025-05-03,320.3,20.64,27.68,36.23,0.909,36.43
A0066,2025-05-04,320.3,14.63,18.09,22.3,0.909,22.39
A0066,2025-05-05,320.3,15.87,20.28,25.65,0.909,25.78
A0066,2025-05-06,320.3,17.67,22.25,27.81,0.909,27.94
A0066,2025-05-07,320.3,18.66,23.31,28.96,0.909,29.09
A0066,2025-05-08,320.3,19.78,24.98,31.3,0.909,31.44
A0066,2025-05-09,320.3,20.3,26.64,34.37,0.909,34.54
A0066,2025-05-10,320.3,21.33,28.08,36.3,0.909,36.49
A0066,2025-05-11,320.3,35.32,42.18,50.54,0.909,50.73
A0066,2025-05-12,320.3,47.46,55.94,66.27,0.909,66.5
A0067,2025-04-29,5.1,26.32,67.93,140.86,0.556,78.06
A0067,2025-04-30,5.1,11.05,32.42,67.15,0.556,37.24
A0067,2025-05-01,5.1,6.93,23.18,49.26,0.556,26.8
A0067,2025-05-02,5.1,12.89,36.34,73.88,0.556,41.56
A0067,2025-05-03,5.1,15.28,41.27,83.39,0.556,47.12
A0067,2025-05-04,5.1,9.38,28.16,59.03,0.556,32.44
A0067,2025-05-05,5.1,10.02,29.41,61.12,0.556,33.81
A0067,2025-05-06,5.1,11.95,33.51,68.66,0.556,38.39
A0067,2025-05-07,5.1,13.38,36.52,73.8,0.556,41.69
A0067,2025-05-08,5.1,15.44,40.68,81.62,0.556,46.37
A0067,2025-05-09,5.1,17.58,45.3,90.02,0.556,51.51
A0067,2025-05-10,5.1,19.95,50.2,99.44,0.556,57.04
A0067,2025-05-11,5.1,9.66,28.5,59.37,0.556,32.79
A0067,2025-05-12,5.1,16.37,42.71,85.42,0.556,48.64
A0068,2025-04-29,4.1,10.83,17.08,24.87,0.556,18.16
A0068,2025-04-30,4.1,13.32,19.77,27.82,0.556,20.89
A0068,2025-05-01,4.1,10.5,15.54,21.81,0.556,16.41
A0068,2025-05-02,4.1,13.49,20.57,29.4,0.556,21.79
A0068,2025-05-03,4.1,14.67,22.25,31.69,0.556,23.56
A0068,2025-05-04,4.1,10.63,16.03,22.76,0.556,16.96
A0068,2025-05-05,4.1,10.85,17.02,24.71,0.556,18.09
A0068,2025-05-06,4.1,10.99,17.0,24.5,0.556,18.04
A0068,2025-05-07,4.1,11.21,17.68,25.75,0.556,18.8
A0068,2025-05-08,4.1,11.88,18.38,26.48,0.556,19.5
A0068,2025-05-09,4.1,13.07,20.25,29.2,0.556,21.49
A0068,2025-05-10,4.1,14.04,21.98,31.88,0.556,23.36
A0068,2025-05-11,4.1,9.13,14.45,21.08,0.556,15.37
A0068,2025-05-12,4.1,12.75,20.14,29.35,0.556,21.42
A0069,2025-04-29,5.5,13.88,39.19,82.04,0.556,45.14
A0069,2025-04-30,5.5,21.91,56.69,113.13,0.556,64.53
A0069,2025-05-01,5.5,14.01,39.77,81.64,0.556,45.58
A0069,2025-05-02,5.5,27.2,68.7,134.27,0.556,77.81
A0069,2025-05-03,5.5,30.2,74.73,145.84,0.556,84.6
A0069,2025-05-04,5.5,21.13,54.75,108.38,0.556,62.2
A0069,2025-05-05,5.5,24.46,61.12,120.15,0.556,69.31
A0069,2025-05-06,5.5,27.72,67.9,132.22,0.556,76.84
A0069,2025-05-07,5.5,31.36,75.25,143.9,0.556,84.79
A0069,2025-05-08,5.5,37.46,87.14,165.82,0.556,98.06
A0069,2025-05-09,5.5,42.12,97.16,183.02,0.556,109.09
A0069,2025-05-10,5.5,45.47,103.5,195.38,0.556,116.26
A0069,2025-05-11,5.5,24.04,59.28,116.01,0.556,67.16
A0069,2025-05-12,5.5,44.29,100.4,189.61,0.556,112.79
A0070,2025-04-29,13.2,89.82,119.94,157.76,0.909,158.62
A0070,2025-04-30,13.2,116.65,150.26,192.47,0.909,193.43
A0070,2025-05-01,13.2,83.59,112.68,149.21,0.909,150.04
A0070,2025-05-02,13.2,112.03,150.22,198.17,0.909,199.26
A0070,2025-05-03,13.2,118.01,158.43,209.19,0.909,210.35
A0070,2025-05-04,13.2,88.45,121.14,162.2,0.909,163.13
A0070,2025-05-05,13.2,86.42,112.39,145.02,0.909,145.76
A0070,2025-05-06,13.2,90.71,122.03,161.36,0.909,162.25
A0070,2025-05-07,13.2,96.46,121.73,153.47,0.909,154.19
A0070,2025-05-08,13.2,103.26,135.72,176.49,0.909,177.42
A0070,2025-05-09,13.2,156.39,208.71,274.42,0.909,275.91
A0070,2025-05-10,13.2,164.61,216.93,282.64,0.909,284.14
A0070,2025-05-11,13.2,105.33,142.18,188.46,0.909,189.51
A0070,2025-05-12,13.2,143.22,184.51,236.35,0.909,237.53
A0071,2025-04-29,26.6,24.98,36.09,53.26,0.909,53.65
A0071,2025-04-30,26.6,32.67,43.04,59.07,0.909,59.44
A0071,2025-05-01,26.6,20.09,29.37,43.71,0.909,44.04
A0071,2025-05-02,26.6,29.16,42.04,61.93,0.909,62.39
A0071,2025-05-03,26.6,28.62,41.22,60.69,0.909,61.14
A0071,2025-05-04,26.6,23.46,31.0,42.65,0.909,42.91
A0071,2025-05-05,26.6,25.33,37.23,55.62,0.909,56.04
A0071,2025-05-06,26.6,26.25,38.9,58.45,0.909,58.89
A0071,2025-05-07,26.6,26.76,37.77,54.79,0.909,55.18
A0071,2025-05-08,26.6,29.52,41.79,60.74,0.909,61.17
A0071,2025-05-09,26.6,50.01,77.03,118.78,0.909,119.73
A0071,2025-05-10,26.6,49.98,78.04,121.4,0.909,122.38
A0071,2025-05-11,26.6,33.59,50.81,77.41,0.909,78.02
A0071,2025-05-12,26.6,47.28,77.17,123.35,0.909,124.4
A0072,2025-04-29,2.8,28.79,41.36,57.74,0.556,43.64
A0072,2025-04-30,2.8,37.78,56.84,81.67,0.556,60.29
A0072,2025-05-01,2.8,27.59,40.15,56.51,0.556,42.42
A0072,2025-05-02,2.8,36.41,52.61,73.72,0.556,55.54
A0072,2025-05-03,2.8,39.21,56.47,78.94,0.556,59.59
A0072,2025-05-04,2.8,28.83,42.98,61.42,0.556,45.54
A0072,2025-05-05,2.8,27.57,40.62,57.62,0.556,42.98
A0072,2025-05-06,2.8,28.33,40.89,57.25,0.556,43.16
A0072,2025-05-07,2.8,29.42,42.38,59.27,0.556,44.73
A0072,2025-05-08,2.8,31.88,46.3,65.09,0.556,48.91
A0072,2025-05-09,2.8,35.66,51.88,73.01,0.556,54.81
A0072,2025-05-10,2.8,38.54,55.83,78.36,0.556,58.96
A0072,2025-05-11,2.8,23.11,33.44,46.91,0.556,35.31
A0072,2025-05-12,2.8,32.45,47.05,66.07,0.556,49.69
A0073,2025-04-29,333.2,17.82,26.0,34.79,0.909,34.99
A0073,2025-04-30,333.2,21.88,31.94,42.72,0.909,42.97
A0073,2025-05-01,333.2,15.08,22.33,30.11,0.909,30.28
A0073,2025-05-02,333.2,20.89,30.68,41.19,0.909,41.42
A0073,2025-05-03,333.2,21.07,30.43,40.48,0.909,40.71
A0073,2025-05-04,333.2,16.78,25.12,34.07,0.909,34.28
A0073,2025-05-05,333.2,15.83,23.69,32.13,0.909,32.32
A0073,2025-05-06,333.2,17.66,26.37,35.71,0.909,35.93
A0073,2025-05-07,333.2,17.79,24.79,32.29,0.909,32.46
A0073,2025-05-08,333.2,19.37,27.75,36.74,0.909,36.95
A0073,2025-05-09,333.2,20.81,30.24,40.36,0.909,40.59
A0073,2025-05-10,333.2,20.89,29.28,38.29,0.909,38.49
A0073,2025-05-11,333.2,14.05,20.44,27.3,0.909,27.45
A0073,2025-05-12,333.2,19.3,28.31,37.99,0.909,38.21
A0074,2025-04-29,4.4,14.63,23.02,32.09,0.556,24.28
A0074,2025-04-30,4.4,17.67,25.99,34.99,0.556,27.24
A0074,2025-05-01,4.4,12.06,17.93,24.27,0.556,18.81
A0074,2025-05-02,4.4,17.87,27.56,38.04,0.556,29.02
A0074,2025-05-03,4.4,19.28,30.0,41.58,0.556,31.61
A0074,2025-05-04,4.4,12.43,18.32,24.68,0.556,19.2
A0074,2025-05-05,4.4,13.74,20.34,27.48,0.556,21.33
A0074,2025-05-06,4.4,15.26,23.79,33.01,0.556,25.07
A0074,2025-05-07,4.4,16.02,24.4,33.47,0.556,25.66
A0074,2025-05-08,4.4,17.19,26.29,36.12,0.556,27.66
A0074,2025-05-09,4.4,18.33,28.01,38.46,0.556,29.46
A0074,2025-05-10,4.4,19.92,30.51,41.96,0.556,32.1
A0074,2025-05-11,4.4,11.37,17.34,23.8,0.556,18.24
A0074,2025-05-12,4.4,17.59,27.17,37.53,0.556,28.61
A0075,2025-04-29,409.7,15.99,24.8,36.45,0.909,36.72
A0075,2025-04-30,409.7,20.69,33.41,50.22,0.909,50.6
A0075,2025-05-01,409.7,13.77,20.62,29.68,0.909,29.88
A0075,2025-05-02,409.7,17.83,27.82,41.02,0.909,41.32
A0075,2025-05-03,409.7,19.5,31.17,46.6,0.909,46.95
A0075,2025-05-04,409.7,15.86,25.75,38.81,0.909,39.11
A0075,2025-05-05,409.7,12.57,18.97,27.43,0.909,27.62
A0075,2025-05-06,409.7,15.11,23.13,33.72,0.909,33.96
A0075,2025-05-07,409.7,15.79,24.85,36.82,0.909,37.09
A0075,2025-05-08,409.7,15.33,23.37,33.99,0.909,34.23
A0075,2025-05-09,409.7,16.93,26.17,38.38,0.909,38.66
A0075,2025-05-10,409.7,18.52,29.01,42.86,0.909,43.17
A0075,2025-05-11,409.7,12.52,19.3,28.26,0.909,28.46
A0075,2025-05-12,409.7,13.8,20.02,28.24,0.909,28.43
A0076,2025-04-29,5.9,32.38,46.05,64.88,0.556,48.67
A0076,2025-04-30,5.9,42.88,65.07,95.63,0.556,69.31
A0076,2025-05-01,5.9,15.67,24.0,35.47,0.556,25.59
A0076,2025-05-02,5.9,20.83,31.67,46.6,0.556,33.75
A0076,2025-05-03,5.9,22.35,34.91,52.22,0.556,37.32
A0076,2025-05-04,5.9,16.11,26.15,39.98,0.556,28.07
A0076,2025-05-05,5.9,16.74,24.86,36.04,0.556,26.41
A0076,2025-05-06,5.9,18.04,26.44,38.0,0.556,28.04
A0076,2025-05-07,5.9,18.25,27.48,40.19,0.556,29.24
A0076,2025-05-08,5.9,20.37,30.66,44.83,0.556,32.63
A0076,2025-05-09,5.9,21.27,32.01,46.81,0.556,34.07
A0076,2025-05-10,5.9,22.79,35.18,52.26,0.556,37.56
A0076,2025-05-11,5.9,14.28,21.45,31.32,0.556,22.82
A0076,2025-05-12,5.9,19.94,29.35,42.32,0.556,31.15
A0077,2025-04-29,31.1,9.8,15.94,23.3,0.909,23.47
A0077,2025-04-30,31.1,12.06,17.92,24.94,0.909,25.1
A0077,2025-05-01,31.1,8.34,14.93,22.82,0.909,23.0
A0077,2025-05-02,31.1,11.46,18.52,26.98,0.909,27.17
A0077,2025-05-03,31.1,11.09,18.23,26.78,0.909,26.97
A0077,2025-05-04,31.1,8.91,13.18,18.28,0.909,18.4
A0077,2025-05-05,31.1,9.86,16.63,24.72,0.909,24.91
A0077,2025-05-06,31.1,11.12,17.71,25.6,0.909,25.78
A0077,2025-05-07,31.1,11.1,17.94,26.13,0.909,26.31
A0077,2025-05-08,31.1,12.53,19.27,27.34,0.909,27.53
A0077,2025-05-09,31.1,12.95,20.45,29.42,0.909,29.63
A0077,2025-05-10,31.1,13.12,20.76,29.91,0.909,30.12
A0077,2025-05-11,31.1,8.95,14.22,20.53,0.909,20.67
A0077,2025-05-12,31.1,14.38,22.14,31.44,0.909,31.65
A0078,2025-04-29,162.3,11.98,18.24,25.93,0.909,26.1
A0078,2025-04-30,162.3,16.37,23.54,32.34,0.909,32.54
A0078,2025-05-01,162.3,11.39,17.52,25.06,0.909,25.23
A0078,2025-05-02,162.3,15.94,23.36,32.46,0.909,32.67
A0078,2025-05-03,162.3,17.87,26.09,36.17,0.909,36.4
A0078,2025-05-04,162.3,12.33,18.09,25.15,0.909,25.32
A0078,2025-05-05,162.3,12.65,18.68,26.07,0.909,26.24
A0078,2025-05-06,162.3,12.85,19.16,26.91,0.909,27.08
A0078,2025-05-07,162.3,13.71,19.93,27.57,0.909,27.74
A0078,2025-05-08,162.3,15.19,22.68,31.89,0.909,32.1
A0078,2025-05-09,162.3,15.84,23.24,32.32,0.909,32.53
A0078,2025-05-10,162.3,18.07,26.22,36.23,0.909,36.45
A0078,2025-05-11,162.3,10.54,15.73,22.1,0.909,22.24
A0078,2025-05-12,162.3,15.46,22.51,31.17,0.909,31.36
A0079,2025-04-29,2.7,64.29,88.33,114.73,0.556,92.0
A0079,2025-04-30,2.7,80.7,113.37,149.23,0.556,118.35
A0079,2025-05-01,2.7,54.34,73.52,94.59,0.556,76.45
A0079,2025-05-02,2.7,79.01,107.33,138.42,0.556,111.65
A0079,2025-05-03,2.7,82.8,117.08,154.71,0.556,122.31
A0079,2025-05-04,2.7,60.21,84.81,111.8,0.556,88.56
A0079,2025-05-05,2.7,57.14,77.58,100.02,0.556,80.69
A0079,2025-05-06,2.7,64.72,87.82,113.19,0.556,91.35
A0079,2025-05-07,2.7,67.98,93.99,122.55,0.556,97.96
A0079,2025-05-08,2.7,72.27,98.93,128.2,0.556,103.0
A0079,2025-05-09,2.7,80.79,109.67,141.38,0.556,114.07
A0079,2025-05-10,2.7,86.92,123.33,163.29,0.556,128.88
A0079,2025-05-11,2.7,51.34,71.55,93.73,0.556,74.63
A0079,2025-05-12,2.7,71.14,97.2,125.81,0.556,101.18
A0080,2025-04-29,3.2,73.07,94.57,125.28,0.556,98.83
A0080,2025-04-30,3.2,89.3,119.32,162.21,0.556,125.27
A0080,2025-05-01,3.2,62.81,81.46,108.1,0.556,85.16
A0080,2025-05-02,3.2,89.25,115.41,152.78,0.556,120.6
A0080,2025-05-03,3.2,90.34,120.18,162.81,0.556,126.1
A0080,2025-05-04,3.2,65.52,88.39,121.05,0.556,92.92
A0080,2025-05-05,3.2,68.65,88.08,115.82,0.556,91.93
A0080,2025-05-06,3.2,75.54,96.9,127.42,0.556,101.14
A0080,2025-05-07,3.2,79.04,102.09,135.01,0.556,106.66
A0080,2025-05-08,3.2,82.6,106.82,141.43,0.556,111.63
A0080,2025-05-09,3.2,91.84,117.83,154.95,0.556,122.98
A0080,2025-05-10,3.2,93.93,123.44,165.59,0.556,129.29
A0080,2025-05-11,3.2,58.35,76.66,102.81,0.556,80.29
A0080,2025-05-12,3.2,81.62,105.33,139.21,0.556,110.04
A0081,2025-04-29,3.3,464.27,607.19,811.63,0.556,635.59
A0081,2025-04-30,3.3,543.11,696.76,916.54,0.556,727.28
A0081,2025-05-01,3.3,345.54,462.58,630.01,0.556,485.84
A0081,2025-05-02,3.3,504.82,685.91,944.94,0.556,721.88
A0081,2025-05-03,3.3,601.41,790.86,1061.86,0.556,828.5
A0081,2025-05-04,3.3,342.19,459.23,626.65,0.556,482.48
A0081,2025-05-05,3.3,405.18,531.09,711.19,0.556,556.1
A0081,2025-05-06,3.3,481.96,626.72,833.8,0.556,655.48
A0081,2025-05-07,3.3,488.51,625.29,820.95,0.556,652.47
A0081,2025-05-08,3.3,478.37,619.68,821.81,0.556,647.75
A0081,2025-05-09,3.3,555.76,733.22,987.06,0.556,768.47
A0081,2025-05-10,3.3,630.41,811.21,1069.84,0.556,847.13
A0081,2025-05-11,3.3,315.12,421.42,573.46,0.556,442.53
A0081,2025-05-12,3.3,422.28,568.95,778.75,0.556,598.09
A0082,2025-04-29,7.9,296.9,407.38,523.12,0.556,423.45
A0082,2025-04-30,7.9,395.9,553.17,717.94,0.556,576.06
A0082,2025-05-01,7.9,258.94,374.21,494.98,0.556,390.98
A0082,2025-05-02,7.9,330.49,467.54,611.12,0.556,487.48
A0082,2025-05-03,7.9,368.65,511.71,661.6,0.556,532.53
A0082,2025-05-04,7.9,271.93,408.07,550.7,0.556,427.88
A0082,2025-05-05,7.9,279.74,398.43,522.77,0.556,415.7
A0082,2025-05-06,7.9,300.74,410.23,524.95,0.556,426.17
A0082,2025-05-07,7.9,323.63,444.89,571.94,0.556,462.54
A0082,2025-05-08,7.9,328.96,447.36,571.4,0.556,464.59
A0082,2025-05-09,7.9,352.54,488.09,630.1,0.556,507.81
A0082,2025-05-10,7.9,396.02,537.36,685.44,0.556,557.93
A0082,2025-05-11,7.9,234.41,335.98,442.39,0.556,350.76
A0082,2025-05-12,7.9,338.3,458.72,584.88,0.556,476.24
A0083,2025-04-29,311.9,10.94,17.68,27.6,0.909,27.82
A0083,2025-04-30,311.9,14.37,22.3,33.95,0.909,34.21
A0083,2025-05-01,311.9,10.74,16.51,25.01,0.909,25.2
A0083,2025-05-02,311.9,13.54,20.79,31.44,0.909,31.68
A0083,2025-05-03,311.9,15.07,24.2,37.63,0.909,37.94
A0083,2025-05-04,311.9,11.7,17.46,25.93,0.909,26.12
A0083,2025-05-05,311.9,9.23,14.31,21.78,0.909,21.95
A0083,2025-05-06,311.9,10.89,17.3,26.74,0.909,26.95
A0083,2025-05-07,311.9,10.75,16.7,25.44,0.909,25.64
A0083,2025-05-08,311.9,11.81,17.79,26.58,0.909,26.78
A0083,2025-05-09,311.9,12.64,19.18,28.81,0.909,29.03
A0083,2025-05-10,311.9,13.86,21.54,32.83,0.909,33.09
A0083,2025-05-11,311.9,9.21,13.44,19.65,0.909,19.79
A0083,2025-05-12,311.9,10.44,14.95,21.58,0.909,21.73
A0084,2025-04-29,321.1,22.0,32.3,45.11,0.909,45.4
A0084,2025-04-30,321.1,28.57,41.72,58.06,0.909,58.43
A0084,2025-05-01,321.1,42.12,60.28,82.84,0.909,83.35
A0084,2025-05-02,321.1,54.62,79.2,109.74,0.909,110.43
A0084,2025-05-03,321.1,54.34,78.48,108.48,0.909,109.16
A0084,2025-05-04,321.1,43.5,64.06,89.61,0.909,90.19
A0084,2025-05-05,321.1,15.47,24.53,35.8,0.909,36.06
A0084,2025-05-06,321.1,19.18,29.23,41.72,0.909,42.0
A0084,2025-05-07,321.1,20.95,31.74,45.15,0.909,45.45
A0084,2025-05-08,321.1,22.03,32.95,46.52,0.909,46.83
A0084,2025-05-09,321.1,24.39,36.15,50.76,0.909,51.09
A0084,2025-05-10,321.1,26.3,38.15,52.87,0.909,53.21
A0084,2025-05-11,321.1,16.14,24.2,34.21,0.909,34.43
A0084,2025-05-12,321.1,21.29,32.36,46.12,0.909,46.43
A0085,2025-04-29,341.8,28.55,42.76,62.9,0.909,63.36
A0085,2025-04-30,341.8,31.03,53.5,85.36,0.909,86.09
A0085,2025-05-01,341.8,24.85,37.69,55.89,0.909,56.31
A0085,2025-05-02,341.8,32.71,48.36,70.56,0.909,71.06
A0085,2025-05-03,341.8,34.4,53.86,81.46,0.909,82.09
A0085,2025-05-04,341.8,23.75,41.83,67.46,0.909,68.05
A0085,2025-05-05,341.8,21.34,31.1,44.95,0.909,45.26
A0085,2025-05-06,341.8,28.27,40.99,59.02,0.909,59.43
A0085,2025-05-07,341.8,28.01,40.66,58.59,0.909,58.99
A0085,2025-05-08,341.8,28.33,42.11,61.65,0.909,62.1
A0085,2025-05-09,341.8,30.11,44.06,63.84,0.909,64.29
A0085,2025-05-10,341.8,32.87,49.08,72.05,0.909,72.57
A0085,2025-05-11,341.8,20.86,30.84,44.99,0.909,45.32
A0085,2025-05-12,341.8,21.66,30.0,41.82,0.909,42.09
A0086,2025-04-29,5.8,251.03,332.5,431.32,0.556,346.23
A0086,2025-04-30,5.8,294.19,392.2,511.07,0.556,408.71
A0086,2025-05-01,5.8,218.42,294.85,387.55,0.556,307.72
A0086,2025-05-02,5.8,288.0,386.73,506.49,0.556,403.37
A0086,2025-05-03,5.8,642.19,923.03,1263.67,0.556,970.34
A0086,2025-05-04,5.8,548.04,791.59,1087.0,0.556,832.62
A0086,2025-05-05,5.8,504.17,706.62,952.17,0.556,740.72
A0086,2025-05-06,5.8,584.47,812.68,1089.48,0.556,851.13
A0086,2025-05-07,5.8,226.59,308.26,407.32,0.556,322.02
A0086,2025-05-08,5.8,272.58,375.04,499.32,0.556,392.3
A0086,2025-05-09,5.8,282.43,384.3,507.86,0.556,401.47
A0086,2025-05-10,5.8,303.84,409.38,537.39,0.556,427.16
A0086,2025-05-11,5.8,194.67,267.52,355.87,0.556,279.79
A0086,2025-05-12,5.8,272.93,371.57,491.22,0.556,388.19
A0087,2025-04-29,410.8,11.76,18.61,26.24,0.909,26.41
A0087,2025-04-30,410.8,15.1,25.75,37.63,0.909,37.9
A0087,2025-05-01,410.8,10.88,17.35,24.56,0.909,24.72
A0087,2025-05-02,410.8,13.91,21.34,29.62,0.909,29.81
A0087,2025-05-03,410.8,14.32,22.89,32.44,0.909,32.65
A0087,2025-05-04,410.8,12.47,20.65,29.76,0.909,29.97
A0087,2025-05-05,410.8,9.66,15.38,21.76,0.909,21.9
A0087,2025-05-06,410.8,11.55,17.95,25.09,0.909,25.25
A0087,2025-05-07,410.8,12.03,18.82,26.38,0.909,26.55
A0087,2025-05-08,410.8,13.08,19.89,27.49,0.909,27.67
A0087,2025-05-09,410.8,12.97,20.16,28.16,0.909,28.35
A0087,2025-05-10,410.8,13.77,21.86,30.88,0.909,31.08
A0087,2025-05-11,410.8,9.82,15.3,21.42,0.909,21.56
A0087,2025-05-12,410.8,11.33,16.65,22.58,0.909,22.72
A0088,2025-04-29,304.8,4.69,9.04,15.5,0.909,15.65
A0088,2025-04-30,304.8,6.05,10.78,17.81,0.909,17.97
A0088,2025-05-01,304.8,4.79,7.96,12.66,0.909,12.77
A0088,2025-05-02,304.8,5.11,9.43,15.86,0.909,16.01
A0088,2025-05-03,304.8,5.58,10.48,17.76,0.909,17.92
A0088,2025-05-04,304.8,4.58,8.73,14.9,0.909,15.04
A0088,2025-05-05,304.8,3.83,6.89,11.42,0.909,11.53
A0088,2025-05-06,304.8,4.13,8.0,13.75,0.909,13.88
A0088,2025-05-07,304.8,4.12,7.72,13.07,0.909,13.19
A0088,2025-05-08,304.8,4.8,8.36,13.65,0.909,13.77
A0088,2025-05-09,304.8,4.46,8.51,14.52,0.909,14.66
A0088,2025-05-10,304.8,4.95,9.46,16.16,0.909,16.31
A0088,2025-05-11,304.8,3.74,6.75,11.23,0.909,11.33
A0088,2025-05-12,304.8,4.86,7.65,11.8,0.909,11.9
A0089,2025-04-29,335.6,19.13,28.38,38.16,0.909,38.39
A0089,2025-04-30,335.6,21.46,32.12,43.39,0.909,43.64
A0089,2025-05-01,335.6,17.34,24.49,32.06,0.909,32.23
A0089,2025-05-02,335.6,21.5,31.81,42.71,0.909,42.96
A0089,2025-05-03,335.6,22.26,33.21,44.79,0.909,45.05
A0089,2025-05-04,335.6,16.36,24.15,32.39,0.909,32.58
A0089,2025-05-05,335.6,16.99,23.11,29.58,0.909,29.72
A0089,2025-05-06,335.6,19.58,28.47,37.87,0.909,38.09
A0089,2025-05-07,335.6,19.01,27.98,37.48,0.909,37.69
A0089,2025-05-08,335.6,19.49,28.39,37.8,0.909,38.01
A0089,2025-05-09,335.6,20.92,30.66,40.95,0.909,41.18
A0089,2025-05-10,335.6,21.75,31.64,42.1,0.909,42.34
A0089,2025-05-11,335.6,15.58,22.07,28.93,0.909,29.09
A0089,2025-05-12,335.6,19.54,26.14,33.13,0.909,33.29
A0090,2025-04-29,308.8,3.77,15.62,35.15,0.909,35.6
A0090,2025-04-30,308.8,5.94,20.52,43.89,0.909,44.42
A0090,2025-05-01,308.8,3.06,13.76,31.58,0.909,31.98
A0090,2025-05-02,308.8,5.89,20.61,44.33,0.909,44.86
A0090,2025-05-03,308.8,5.85,20.54,44.19,0.909,44.73
A0090,2025-05-04,308.8,3.89,15.96,35.62,0.909,36.07
A0090,2025-05-05,308.8,4.55,17.32,38.44,0.909,38.92
A0090,2025-05-06,308.8,5.47,19.43,42.35,0.909,42.87
A0090,2025-05-07,308.8,5.84,20.27,43.32,0.909,43.85
A0090,2025-05-08,308.8,7.15,22.93,48.44,0.909,49.02
A0090,2025-05-09,308.8,7.97,24.96,52.05,0.909,52.67
A0090,2025-05-10,308.8,8.41,25.78,53.53,0.909,54.16
A0090,2025-05-11,308.8,4.42,16.76,37.06,0.909,37.52
A0090,2025-05-12,308.8,9.61,27.91,57.64,0.909,58.31
A0091,2025-04-29,3.4,64.37,92.63,128.83,0.556,97.66
A0091,2025-04-30,3.4,81.08,115.69,160.0,0.556,121.84
A0091,2025-05-01,3.4,57.41,83.66,117.28,0.556,88.33
A0091,2025-05-02,3.4,77.37,109.54,150.74,0.556,115.26
A0091,2025-05-03,3.4,84.99,123.34,172.43,0.556,130.16
A0091,2025-05-04,3.4,62.04,88.31,121.94,0.556,92.98
A0091,2025-05-05,3.4,59.08,85.34,118.97,0.556,90.01
A0091,2025-05-06,3.4,64.55,92.27,127.75,0.556,97.19
A0091,2025-05-07,3.4,67.74,95.87,131.9,0.556,100.88
A0091,2025-05-08,3.4,73.96,104.86,144.42,0.556,110.35
A0091,2025-05-09,3.4,79.13,111.65,153.3,0.556,117.44
A0091,2025-05-10,3.4,87.12,126.72,177.43,0.556,133.77
A0091,2025-05-11,3.4,52.49,74.56,102.83,0.556,78.49
A0091,2025-05-12,3.4,70.26,99.95,137.96,0.556,105.23
A0092,2025-04-29,5.4,5.14,8.72,13.33,0.556,9.36
A0092,2025-04-30,5.4,5.96,9.4,13.84,0.556,10.02
A0092,2025-05-01,5.4,4.07,7.62,12.2,0.556,8.26
A0092,2025-05-02,5.4,6.09,10.49,16.16,0.556,11.28
A0092,2025-05-03,5.4,6.1,10.95,17.2,0.556,11.82
A0092,2025-05-04,5.4,4.05,6.79,10.31,0.556,7.28
A0092,2025-05-05,5.4,4.83,8.35,12.87,0.556,8.98
A0092,2025-05-06,5.4,5.08,8.77,13.51,0.556,9.43
A0092,2025-05-07,5.4,5.45,9.05,13.7,0.556,9.7
A0092,2025-05-08,5.4,6.09,10.52,16.21,0.556,11.31
A0092,2025-05-09,5.4,6.22,10.62,16.29,0.556,11.41
A0092,2025-05-10,5.4,6.44,11.23,17.4,0.556,12.09
A0092,2025-05-11,5.4,3.86,6.76,10.49,0.556,7.28
A0092,2025-05-12,5.4,6.11,10.46,16.05,0.556,11.23
A0093,2025-04-29,5.6,4.43,16.59,36.55,0.556,19.37
A0093,2025-04-30,5.6,6.88,21.78,46.06,0.556,25.16
A0093,2025-05-01,5.6,4.33,16.01,35.02,0.556,18.65
A0093,2025-05-02,5.6,7.19,22.6,47.29,0.556,26.03
A0093,2025-05-03,5.6,8.06,24.57,51.12,0.556,28.26
A0093,2025-05-04,5.6,4.67,17.15,37.54,0.556,19.98
A0093,2025-05-05,5.6,4.52,16.88,37.02,0.556,19.67
A0093,2025-05-06,5.6,5.53,19.04,40.98,0.556,22.09
A0093,2025-05-07,5.6,6.0,20.09,42.69,0.556,23.23
A0093,2025-05-08,5.6,6.93,21.99,46.37,0.556,25.38
A0093,2025-05-09,5.6,7.88,24.07,50.15,0.556,27.69
A0093,2025-05-10,5.6,8.99,26.46,54.69,0.556,30.38
A0093,2025-05-11,5.6,4.05,15.8,34.97,0.556,18.46
A0093,2025-05-12,5.6,7.24,22.62,47.56,0.556,26.09
A0094,2025-04-29,2.8,75.86,107.25,142.48,0.556,112.14
A0094,2025-04-30,2.8,91.88,127.03,166.49,0.556,132.51
A0094,2025-05-01,2.8,64.46,89.27,117.12,0.556,93.14
A0094,2025-05-02,2.8,94.32,134.07,178.69,0.556,140.27
A0094,2025-05-03,2.8,99.99,141.64,188.4,0.556,148.13
A0094,2025-05-04,2.8,68.8,95.39,125.24,0.556,99.54
A0094,2025-05-05,2.8,69.87,96.4,126.19,0.556,100.54
A0094,2025-05-06,2.8,77.7,108.46,142.98,0.556,113.25
A0094,2025-05-07,2.8,79.41,110.63,145.66,0.556,115.49
A0094,2025-05-08,2.8,82.59,113.0,147.13,0.556,117.74
A0094,2025-05-09,2.8,95.44,135.04,179.49,0.556,141.21
A0094,2025-05-10,2.8,102.13,143.73,190.42,0.556,150.21
A0094,2025-05-11,2.8,60.27,84.19,111.03,0.556,87.92
A0094,2025-05-12,2.8,85.2,115.49,149.49,0.556,120.21
A0095,2025-04-29,6.1,65.17,83.3,107.35,0.556,86.64
A0095,2025-04-30,6.1,76.89,98.02,126.04,0.556,101.91
A0095,2025-05-01,6.1,86.48,112.01,145.86,0.556,116.71
A0095,2025-05-02,6.1,114.06,143.64,182.85,0.556,149.08
A0095,2025-05-03,6.1,111.86,144.21,187.1,0.556,150.17
A0095,2025-05-04,6.1,86.89,113.15,147.96,0.556,117.98
A0095,2025-05-05,6.1,62.4,82.33,108.74,0.556,86.0
A0095,2025-05-06,6.1,65.96,84.65,109.44,0.556,88.1
A0095,2025-05-07,6.1,67.67,84.92,107.79,0.556,88.09
A0095,2025-05-08,6.1,76.27,98.39,127.7,0.556,102.46
A0095,2025-05-09,6.1,81.23,103.15,132.22,0.556,107.19
A0095,2025-05-10,6.1,81.04,104.93,136.6,0.556,109.33
A0095,2025-05-11,6.1,55.1,71.66,93.61,0.556,74.71
A0095,2025-05-12,6.1,131.16,167.72,216.19,0.556,174.45
A0096,2025-04-29,421.4,14.43,24.46,36.42,0.909,36.69
A0096,2025-04-30,421.4,17.18,30.25,45.82,0.909,46.17
A0096,2025-05-01,421.4,12.67,21.9,32.9,0.909,33.15
A0096,2025-05-02,421.4,19.29,30.92,44.76,0.909,45.07
A0096,2025-05-03,421.4,19.54,31.83,46.45,0.909,46.79
A0096,2025-05-04,421.4,13.76,23.7,35.53,0.909,35.8
A0096,2025-05-05,421.4,14.26,24.21,36.06,0.909,36.33
A0096,2025-05-06,421.4,16.55,26.48,38.31,0.909,38.58
A0096,2025-05-07,421.4,17.27,27.24,39.11,0.909,39.38
A0096,2025-05-08,421.4,17.71,28.33,40.98,0.909,41.27
A0096,2025-05-09,421.4,20.05,31.7,45.57,0.909,45.88
A0096,2025-05-10,421.4,20.35,32.74,47.49,0.909,47.83
A0096,2025-05-11,421.4,12.57,20.4,29.72,0.909,29.93
A0096,2025-05-12,421.4,17.51,28.63,41.86,0.909,42.16
A0097,2025-04-29,4.0,8.98,26.33,54.02,0.556,30.18
A0097,2025-04-30,4.0,12.69,33.87,67.47,0.556,38.54
A0097,2025-05-01,4.0,8.05,24.2,49.66,0.556,27.74
A0097,2025-05-02,4.0,12.51,33.81,67.18,0.556,38.45
A0097,2025-05-03,4.0,13.77,36.51,72.39,0.556,41.49
A0097,2025-05-04,4.0,8.67,25.67,52.93,0.556,29.45
A0097,2025-05-05,4.0,8.39,25.1,51.76,0.556,28.8
A0097,2025-05-06,4.0,9.74,27.92,56.87,0.556,31.94
A0097,2025-05-07,4.0,10.51,29.55,59.48,0.556,33.7
A0097,2025-05-08,4.0,11.65,31.83,63.85,0.556,36.28
A0097,2025-05-09,4.0,12.98,34.67,68.93,0.556,39.43
A0097,2025-05-10,4.0,14.56,37.97,75.14,0.556,43.13
A0097,2025-05-11,4.0,7.38,22.92,47.84,0.556,26.39
A0097,2025-05-12,4.0,11.67,31.92,64.11,0.556,36.39
A0098,2025-04-29,408.8,5.81,10.8,17.43,0.909,17.58
A0098,2025-04-30,408.8,8.44,15.45,24.77,0.909,24.98
A0098,2025-05-01,408.8,4.71,10.51,18.21,0.909,18.38
A0098,2025-05-02,408.8,7.64,13.34,20.92,0.909,21.09
A0098,2025-05-03,408.8,7.64,13.34,20.91,0.909,21.08
A0098,2025-05-04,408.8,6.19,11.05,17.52,0.909,17.67
A0098,2025-05-05,408.8,6.88,13.83,23.07,0.909,23.28
A0098,2025-05-06,408.8,6.93,12.77,20.54,0.909,20.72
A0098,2025-05-07,408.8,7.33,12.84,20.17,0.909,20.34
A0098,2025-05-08,408.8,8.19,14.18,22.14,0.909,22.32
A0098,2025-05-09,408.8,8.58,14.99,23.51,0.909,23.7
A0098,2025-05-10,408.8,8.89,15.47,24.22,0.909,24.42
A0098,2025-05-11,408.8,5.83,10.36,16.38,0.909,16.52
A0098,2025-05-12,408.8,9.88,19.29,31.8,0.909,32.09
A0099,2025-04-29,7.7,43.46,100.69,191.73,0.556,113.33
A0099,2025-04-30,7.7,61.61,136.03,253.96,0.556,152.41
A0099,2025-05-01,7.7,40.47,93.28,177.92,0.556,105.03
A0099,2025-05-02,7.7,66.21,145.14,271.06,0.556,162.63
A0099,2025-05-03,7.7,73.1,158.15,295.93,0.556,177.28
A0099,2025-05-04,7.7,49.65,111.09,211.81,0.556,125.08
A0099,2025-05-05,7.7,48.96,109.59,208.29,0.556,123.3
A0099,2025-05-06,7.7,54.89,121.37,228.96,0.556,136.31
A0099,2025-05-07,7.7,59.65,130.32,243.07,0.556,145.98
A0099,2025-05-08,7.7,67.33,144.81,269.56,0.556,162.14
A0099,2025-05-09,7.7,74.98,160.35,296.76,0.556,179.3
A0099,2025-05-10,7.7,81.53,172.79,320.1,0.556,193.25
A0099,2025-05-11,7.7,41.51,94.97,181.71,0.556,107.02
A0099,2025-05-12,7.7,69.91,150.58,280.39,0.556,168.61
A0100,2025-04-29,355.5,9.28,15.02,22.75,0.909,22.93
A0100,2025-04-30,355.5,11.03,16.59,24.09,0.909,24.26
A0100,2025-05-01,355.5,7.91,12.48,18.64,0.909,18.78
A0100,2025-05-02,355.5,11.15,17.14,25.21,0.909,25.4
A0100,2025-05-03,355.5,11.96,18.68,27.74,0.909,27.94
A0100,2025-05-04,355.5,8.94,13.6,19.88,0.909,20.03
A0100,2025-05-05,355.5,7.87,11.66,16.77,0.909,16.89
A0100,2025-05-06,355.5,9.55,14.93,22.19,0.909,22.36
A0100,2025-05-07,355.5,9.33,14.59,21.67,0.909,21.83
A0100,2025-05-08,355.5,23.92,35.76,51.72,0.909,52.08
A0100,2025-05-09,355.5,25.18,37.38,53.84,0.909,54.22
A0100,2025-05-10,355.5,25.93,39.28,57.29,0.909,57.7
A0100,2025-05-11,355.5,6.59,10.8,16.47,0.909,16.6
A0100,2025-05-12,355.5,8.2,12.13,17.44,0.909,17.56
A0101,2025-04-29,33.3,11.96,18.26,26.74,0.909,26.93
A0101,2025-04-30,33.3,15.47,21.96,30.7,0.909,30.9
A0101,2025-05-01,33.3,9.58,15.44,23.34,0.909,23.52
A0101,2025-05-02,33.3,15.06,21.92,31.16,0.909,31.37
A0101,2025-05-03,33.3,15.0,21.87,31.12,0.909,31.33
A0101,2025-05-04,33.3,11.31,17.03,24.73,0.909,24.91
A0101,2025-05-05,33.3,12.89,20.17,29.99,0.909,30.21
A0101,2025-05-06,33.3,13.46,20.45,29.86,0.909,30.07
A0101,2025-05-07,33.3,14.4,20.84,29.53,0.909,29.73
A0101,2025-05-08,33.3,15.2,21.94,31.03,0.909,31.24
A0101,2025-05-09,33.3,16.58,23.97,33.93,0.909,34.16
A0101,2025-05-10,33.3,17.25,24.82,35.03,0.909,35.26
A0101,2025-05-11,33.3,11.34,17.61,26.05,0.909,26.24
A0101,2025-05-12,33.3,18.09,28.08,41.54,0.909,41.84
A0102,2025-04-29,6.6,85.32,118.62,150.19,0.556,123.01
A0102,2025-04-30,6.6,105.13,140.88,174.77,0.556,145.58
A0102,2025-05-01,6.6,77.96,109.56,139.51,0.556,113.72
A0102,2025-05-02,6.6,106.12,145.42,182.67,0.556,150.59
A0102,2025-05-03,6.6,111.0,153.78,194.33,0.556,159.41
A0102,2025-05-04,6.6,84.14,115.37,144.96,0.556,119.48
A0102,2025-05-05,6.6,82.51,113.36,142.6,0.556,117.42
A0102,2025-05-06,6.6,88.57,122.7,155.05,0.556,127.19
A0102,2025-05-07,6.6,157.5,211.91,263.49,0.556,219.07
A0102,2025-05-08,6.6,177.65,243.66,306.24,0.556,252.35
A0102,2025-05-09,6.6,193.92,263.1,328.68,0.556,272.21
A0102,2025-05-10,6.6,203.07,277.4,347.87,0.556,287.19
A0102,2025-05-11,6.6,130.41,179.97,226.96,0.556,186.5
A0102,2025-05-12,6.6,181.0,245.07,305.8,0.556,253.51
A0103,2025-04-29,2.6,54.98,65.45,89.61,0.556,68.81
A0103,2025-04-30,2.6,70.79,86.04,121.21,0.556,90.92
A0103,2025-05-01,2.6,51.9,62.99,88.59,0.556,66.55
A0103,2025-05-02,2.6,68.59,81.96,112.81,0.556,86.24
A0103,2025-05-03,2.6,76.81,93.35,131.52,0.556,98.66
A0103,2025-05-04,2.6,50.49,60.26,82.81,0.556,63.39
A0103,2025-05-05,2.6,53.06,64.12,89.63,0.556,67.66
A0103,2025-05-06,2.6,55.65,66.21,90.57,0.556,69.59
A0103,2025-05-07,2.6,58.11,69.95,97.26,0.556,73.74
A0103,2025-05-08,2.6,61.43,73.48,101.27,0.556,77.34
A0103,2025-05-09,2.6,68.11,81.35,111.88,0.556,85.59
A0103,2025-05-10,2.6,76.22,92.38,129.66,0.556,97.56
A0103,2025-05-11,2.6,42.19,50.03,68.14,0.556,52.55
A0103,2025-05-12,2.6,60.82,72.71,100.14,0.556,76.52
A0104,2025-04-29,35.6,17.04,25.92,36.4,0.909,36.63
A0104,2025-04-30,35.6,20.74,31.25,43.67,0.909,43.95
A0104,2025-05-01,35.6,13.65,21.94,31.73,0.909,31.95
A0104,2025-05-02,35.6,21.49,31.45,43.19,0.909,43.46
A0104,2025-05-03,35.6,20.79,29.7,40.23,0.909,40.47
A0104,2025-05-04,35.6,15.9,23.54,32.56,0.909,32.77
A0104,2025-05-05,35.6,18.44,28.86,41.17,0.909,41.45
A0104,2025-05-06,35.6,20.0,30.07,41.97,0.909,42.24
A0104,2025-05-07,35.6,20.3,29.93,41.31,0.909,41.57
A0104,2025-05-08,35.6,22.75,32.89,44.87,0.909,45.14
A0104,2025-05-09,35.6,24.04,34.95,47.84,0.909,48.13
A0104,2025-05-10,35.6,24.42,35.04,47.58,0.909,47.87
A0104,2025-05-11,35.6,16.51,24.58,34.12,0.909,34.33
A0104,2025-05-12,35.6,25.72,41.91,61.02,0.909,61.46
A0105,2025-04-29,7.1,46.47,61.89,82.49,0.556,64.76
A0105,2025-04-30,7.1,61.33,83.73,113.65,0.556,87.88
A0105,2025-05-01,7.1,42.58,57.94,78.45,0.556,60.78
A0105,2025-05-02,7.1,58.03,77.41,103.31,0.556,81.01
A0105,2025-05-03,7.1,61.84,82.36,109.78,0.556,86.17
A0105,2025-05-04,7.1,46.65,64.91,89.29,0.556,68.29
A0105,2025-05-05,7.1,45.95,59.8,78.3,0.556,62.37
A0105,2025-05-06,7.1,47.77,63.38,84.22,0.556,66.27
A0105,2025-05-07,7.1,50.51,66.74,88.42,0.556,69.75
A0105,2025-05-08,7.1,54.69,73.62,98.9,0.556,77.13
A0105,2025-05-09,7.1,58.84,78.43,104.59,0.556,82.06
A0105,2025-05-10,7.1,63.46,84.29,112.1,0.556,88.15
A0105,2025-05-11,7.1,39.65,53.63,72.3,0.556,56.22
A0105,2025-05-12,7.1,55.13,72.1,94.78,0.556,75.25
A0106,2025-04-29,5.4,56.44,73.55,100.09,0.556,77.24
A0106,2025-04-30,5.4,65.22,83.63,112.18,0.556,87.59
A0106,2025-05-01,5.4,49.99,62.62,82.2,0.556,65.34
A0106,2025-05-02,5.4,66.82,86.08,115.94,0.556,90.23
A0106,2025-05-03,5.4,67.22,87.72,119.52,0.556,92.14
A0106,2025-05-04,5.4,53.89,70.22,95.55,0.556,73.74
A0106,2025-05-05,5.4,51.35,63.49,82.32,0.556,66.11
A0106,2025-05-06,5.4,58.67,75.38,101.28,0.556,78.97
A0106,2025-05-07,5.4,58.53,75.07,100.71,0.556,78.63
A0106,2025-05-08,5.4,65.39,85.02,115.45,0.556,89.24
A0106,2025-05-09,5.4,68.67,88.89,120.25,0.556,93.25
A0106,2025-05-10,5.4,71.45,93.94,128.82,0.556,98.79
A0106,2025-05-11,5.4,47.83,62.29,84.71,0.556,65.4
A0106,2025-05-12,5.4,69.13,88.02,117.33,0.556,92.09
A0107,2025-04-29,8.3,341.13,447.69,556.44,0.556,462.79
A0107,2025-04-30,8.3,414.42,547.24,682.8,0.556,566.07
A0107,2025-05-01,8.3,294.09,394.04,496.05,0.556,408.21
A0107,2025-05-02,8.3,396.84,535.03,676.05,0.556,554.61
A0107,2025-05-03,8.3,425.89,576.14,729.48,0.556,597.43
A0107,2025-05-04,8.3,314.22,422.46,532.92,0.556,437.8
A0107,2025-05-05,8.3,309.26,396.18,484.89,0.556,408.5
A0107,2025-05-06,8.3,344.73,450.69,558.82,0.556,465.7
A0107,2025-05-07,8.3,379.1,504.65,632.78,0.556,522.44
A0107,2025-05-08,8.3,396.98,533.59,673.0,0.556,552.95
A0107,2025-05-09,8.3,412.36,552.19,694.9,0.556,572.01
A0107,2025-05-10,8.3,669.44,919.9,1175.51,0.556,955.4
A0107,2025-05-11,8.3,454.75,620.45,789.56,0.556,643.94
A0107,2025-05-12,8.3,602.8,799.45,1000.14,0.556,827.32
A0108,2025-04-29,12.2,124.21,169.83,220.72,0.909,221.88
A0108,2025-04-30,12.2,150.84,211.21,278.56,0.909,280.09
A0108,2025-05-01,12.2,115.91,163.31,216.19,0.909,217.4
A0108,2025-05-02,12.2,152.0,211.17,277.16,0.909,278.66
A0108,2025-05-03,12.2,156.95,219.59,289.47,0.909,291.06
A0108,2025-05-04,12.2,117.38,166.09,220.41,0.909,221.65
A0108,2025-05-05,12.2,115.96,162.06,213.48,0.909,214.65
A0108,2025-05-06,12.2,129.67,175.98,227.65,0.909,228.82
A0108,2025-05-07,12.2,131.53,175.62,224.79,0.909,225.91
A0108,2025-05-08,12.2,143.97,194.79,251.49,0.909,252.78
A0108,2025-05-09,12.2,156.05,214.49,279.67,0.909,281.15
A0108,2025-05-10,12.2,163.09,224.01,291.97,0.909,293.51
A0108,2025-05-11,12.2,98.97,135.03,175.26,0.909,176.17
A0108,2025-05-12,12.2,142.24,192.13,247.79,0.909,249.05
A0109,2025-04-29,366.5,13.81,22.92,34.74,0.909,35.01
A0109,2025-04-30,366.5,14.68,24.1,36.31,0.909,36.58
A0109,2025-05-01,366.5,12.49,19.78,29.25,0.909,29.46
A0109,2025-05-02,366.5,16.79,26.33,38.71,0.909,39.0
A0109,2025-05-03,366.5,17.32,28.49,42.99,0.909,43.32
A0109,2025-05-04,366.5,11.97,19.56,29.42,0.909,29.64
A0109,2025-05-05,366.5,11.05,16.77,24.2,0.909,24.36
A0109,2025-05-06,366.5,14.71,23.02,33.8,0.909,34.04
A0109,2025-05-07,366.5,13.8,21.29,31.0,0.909,31.22
A0109,2025-05-08,366.5,14.06,21.8,31.83,0.909,32.06
A0109,2025-05-09,366.5,15.64,24.05,34.97,0.909,35.21
A0109,2025-05-10,366.5,16.6,26.06,38.35,0.909,38.62
A0109,2025-05-11,366.5,10.63,16.18,23.38,0.909,23.54
A0109,2025-05-12,366.5,11.11,16.23,22.88,0.909,23.03
A0110,2025-04-29,405.1,0.47,7.86,20.77,0.909,21.06
A0110,2025-04-30,405.1,1.39,9.91,24.84,0.909,25.18
A0110,2025-05-01,405.1,0.96,7.7,20.31,0.909,20.59
A0110,2025-05-02,405.1,1.66,10.8,26.37,0.909,26.72
A0110,2025-05-03,405.1,2.08,11.72,28.29,0.909,28.67
A0110,2025-05-04,405.1,1.19,9.3,23.61,0.909,23.94
A0110,2025-05-05,405.1,0.59,8.1,21.05,0.909,21.34
A0110,2025-05-06,405.1,1.49,10.34,25.41,0.909,25.75
A0110,2025-05-07,405.1,1.59,10.65,25.79,0.909,26.13
A0110,2025-05-08,405.1,2.06,11.68,27.94,0.909,28.31
A0110,2025-05-09,405.1,2.51,12.78,30.03,0.909,30.42
A0110,2025-05-10,405.1,2.99,13.83,32.17,0.909,32.58
A0110,2025-05-11,405.1,1.29,9.84,24.29,0.909,24.62
A0110,2025-05-12,405.1,2.09,11.69,27.8,0.909,28.17
A0111,2025-04-29,209.9,9.05,14.83,21.89,0.909,22.05
A0111,2025-04-30,209.9,12.39,20.67,30.8,0.909,31.03
A0111,2025-05-01,209.9,8.2,13.0,18.88,0.909,19.01
A0111,2025-05-02,209.9,11.34,18.51,27.27,0.909,27.47
A0111,2025-05-03,209.9,12.51,20.15,29.5,0.909,29.71
A0111,2025-05-04,209.9,8.73,14.4,21.32,0.909,21.48
A0111,2025-05-05,209.9,8.04,12.93,18.92,0.909,19.06
A0111,2025-05-06,209.9,9.6,15.35,22.39,0.909,22.55
A0111,2025-05-07,209.9,9.51,16.02,23.97,0.909,24.15
A0111,2025-05-08,209.9,10.35,17.24,25.66,0.909,25.85
A0111,2025-05-09,209.9,11.38,18.59,27.41,0.909,27.61
A0111,2025-05-10,209.9,12.61,20.38,29.87,0.909,30.09
A0111,2025-05-11,209.9,7.02,11.68,17.38,0.909,17.51
A0111,2025-05-12,209.9,9.94,16.49,24.51,0.909,24.69
A0112,2025-04-29,4.5,30.84,45.47,68.86,0.556,48.72
A0112,2025-04-30,4.5,40.08,62.4,98.1,0.556,67.36
A0112,2025-05-01,4.5,28.96,41.43,61.37,0.556,44.2
A0112,2025-05-02,4.5,38.01,54.24,80.19,0.556,57.84
A0112,2025-05-03,4.5,40.75,58.86,87.82,0.556,62.88
A0112,2025-05-04,4.5,30.31,45.29,69.24,0.556,48.62
A0112,2025-05-05,4.5,30.14,43.31,64.38,0.556,46.24
A0112,2025-05-06,4.5,31.9,46.5,69.84,0.556,49.74
A0112,2025-05-07,4.5,34.68,51.98,79.63,0.556,55.82
A0112,2025-05-08,4.5,67.41,98.21,147.44,0.556,105.04
A0112,2025-05-09,4.5,74.12,105.34,155.25,0.556,112.27
A0112,2025-05-10,4.5,79.86,115.78,173.2,0.556,123.76
A0112,2025-05-11,4.5,45.32,66.83,101.22,0.556,71.61
A0112,2025-05-12,4.5,69.73,102.87,155.85,0.556,110.23
A0113,2025-04-29,309.8,35.04,52.24,71.64,0.909,72.08
A0113,2025-04-30,309.8,42.95,68.82,97.99,0.909,98.65
A0113,2025-05-01,309.8,34.3,49.52,66.69,0.909,67.08
A0113,2025-05-02,309.8,42.93,62.01,83.53,0.909,84.02
A0113,2025-05-03,309.8,43.79,64.1,87.0,0.909,87.52
A0113,2025-05-04,309.8,33.33,51.25,71.47,0.909,71.93
A0113,2025-05-05,309.8,31.96,45.35,60.45,0.909,60.8
A0113,2025-05-06,309.8,38.03,54.48,73.03,0.909,73.45
A0113,2025-05-07,309.8,39.96,58.19,78.76,0.909,79.23
A0113,2025-05-08,309.8,40.03,57.88,78.01,0.909,78.47
A0113,2025-05-09,309.8,43.06,61.76,82.86,0.909,83.34
A0113,2025-05-10,309.8,44.01,63.76,86.03,0.909,86.54
A0113,2025-05-11,309.8,30.12,43.31,58.19,0.909,58.53
A0113,2025-05-12,309.8,35.32,49.41,65.3,0.909,65.66
A0114,2025-04-29,414.5,21.17,29.4,40.32,0.909,40.56
A0114,2025-04-30,414.5,25.02,32.94,43.45,0.909,43.69
A0114,2025-05-01,414.5,17.7,26.43,38.01,0.909,38.27
A0114,2025-05-02,414.5,24.43,36.35,52.16,0.909,52.52
A0114,2025-05-03,414.5,23.04,34.58,49.9,0.909,50.25
A0114,2025-05-04,414.5,18.95,26.67,36.9,0.909,37.13
A0114,2025-05-05,414.5,20.96,29.85,41.64,0.909,41.91
A0114,2025-05-06,414.5,23.42,32.33,44.14,0.909,44.41
A0114,2025-05-07,414.5,23.73,32.13,43.27,0.909,43.53
A0114,2025-05-08,414.5,26.81,37.55,51.81,0.909,52.13
A0114,2025-05-09,414.5,27.68,40.87,58.35,0.909,58.75
A0114,2025-05-10,414.5,27.3,40.19,57.28,0.909,57.67
A0114,2025-05-11,414.5,19.31,28.31,40.25,0.909,40.52
A0114,2025-05-12,414.5,30.94,43.91,61.11,0.909,61.5
A0115,2025-04-29,5.9,50.93,67.83,86.45,0.556,70.42
A0115,2025-04-30,5.9,65.53,82.5,101.2,0.556,85.1
A0115,2025-05-01,5.9,45.81,61.25,78.25,0.556,63.61
A0115,2025-05-02,5.9,60.34,79.06,99.67,0.556,81.92
A0115,2025-05-03,5.9,64.73,84.15,105.54,0.556,87.12
A0115,2025-05-04,5.9,51.84,68.04,85.89,0.556,70.52
A0115,2025-05-05,5.9,48.46,62.4,77.75,0.556,64.53
A0115,2025-05-06,5.9,50.76,67.7,86.35,0.556,70.29
A0115,2025-05-07,5.9,50.96,66.06,82.69,0.556,68.37
A0115,2025-05-08,5.9,59.21,78.83,100.44,0.556,81.83
A0115,2025-05-09,5.9,60.49,79.45,100.33,0.556,82.35
A0115,2025-05-10,5.9,65.56,85.46,107.38,0.556,88.51
A0115,2025-05-11,5.9,42.68,57.42,73.65,0.556,59.68
A0115,2025-05-12,5.9,59.51,76.89,96.03,0.556,79.55
A0116,2025-04-29,3.1,146.65,198.98,266.22,0.556,208.32
A0116,2025-04-30,3.1,196.17,275.03,376.36,0.556,289.11
A0116,2025-05-01,3.1,616.24,1146.63,1828.11,0.556,1241.28
A0116,2025-05-02,3.1,804.66,1516.22,2430.48,0.556,1643.2
A0116,2025-05-03,3.1,847.92,1622.17,2617.0,0.556,1760.34
A0116,2025-05-04,3.1,634.72,1255.16,2052.35,0.556,1365.88
A0116,2025-05-05,3.1,635.82,1176.37,1870.92,0.556,1272.84
A0116,2025-05-06,3.1,125.74,177.65,244.34,0.556,186.91
A0116,2025-05-07,3.1,138.86,192.77,262.03,0.556,202.39
A0116,2025-05-08,3.1,147.41,207.36,284.39,0.556,218.06
A0116,2025-05-09,3.1,167.11,232.01,315.4,0.556,243.59
A0116,2025-05-10,3.1,189.78,259.71,349.56,0.556,272.19
A0116,2025-05-11,3.1,107.94,149.28,202.4,0.556,156.66
A0116,2025-05-12,3.1,162.08,219.81,294.0,0.556,230.12
A0117,2025-04-29,362.0,18.02,26.94,37.72,0.909,37.96
A0117,2025-04-30,362.0,24.31,35.17,48.3,0.909,48.6
A0117,2025-05-01,362.0,13.78,21.54,30.93,0.909,31.15
A0117,2025-05-02,362.0,22.26,33.23,46.48,0.909,46.78
A0117,2025-05-03,362.0,22.35,32.61,45.01,0.909,45.29
A0117,2025-05-04,362.0,16.63,24.96,35.04,0.909,35.27
A0117,2025-05-05,362.0,18.21,26.87,37.35,0.909,37.58
A0117,2025-05-06,362.0,19.29,28.74,40.18,0.909,40.44
A0117,2025-05-07,362.0,21.0,30.67,42.36,0.909,42.62
A0117,2025-05-08,362.0,22.64,33.37,46.34,0.909,46.63
A0117,2025-05-09,362.0,23.9,35.59,49.73,0.909,50.05
A0117,2025-05-10,362.0,25.36,37.08,51.26,0.909,51.58
A0117,2025-05-11,362.0,15.67,23.85,33.74,0.909,33.96
A0117,2025-05-12,362.0,25.14,38.17,53.94,0.909,54.3
A0118,2025-04-29,207.2,9.48,16.19,24.46,0.909,24.65
A0118,2025-04-30,207.2,12.26,18.52,26.24,0.909,26.42
A0118,2025-05-01,207.2,9.61,16.29,24.53,0.909,24.72
A0118,2025-05-02,207.2,12.12,20.49,30.8,0.909,31.03
A0118,2025-05-03,207.2,13.56,22.14,32.71,0.909,32.95
A0118,2025-05-04,207.2,33.29,51.54,74.01,0.909,74.52
A0118,2025-05-05,207.2,33.89,55.9,83.01,0.909,83.63
A0118,2025-05-06,207.2,34.99,58.11,86.59,0.909,87.24
A0118,2025-05-07,207.2,34.4,55.91,82.42,0.909,83.02
A0118,2025-05-08,207.2,38.91,63.78,94.41,0.909,95.11
A0118,2025-05-09,207.2,9.96,18.28,28.52,0.909,28.76
A0118,2025-05-10,207.2,11.49,19.83,30.12,0.909,30.35
A0118,2025-05-11,207.2,6.81,12.49,19.49,0.909,19.65
A0118,2025-05-12,207.2,11.01,18.38,27.47,0.909,27.68
A0119,2025-04-29,5.1,24.14,34.52,46.33,0.556,36.16
A0119,2025-04-30,5.1,30.34,44.31,60.18,0.556,46.51
A0119,2025-05-01,5.1,23.92,35.11,47.84,0.556,36.88
A0119,2025-05-02,5.1,29.48,42.37,57.04,0.556,44.41
A0119,2025-05-03,5.1,32.12,46.47,62.8,0.556,48.74
A0119,2025-05-04,5.1,23.19,34.79,47.98,0.556,36.62
A0119,2025-05-05,5.1,23.64,34.29,46.4,0.556,35.97
A0119,2025-05-06,5.1,24.33,34.55,46.17,0.556,36.16
A0119,2025-05-07,5.1,24.69,35.47,47.72,0.556,37.17
A0119,2025-05-08,5.1,26.82,39.21,53.3,0.556,41.17
A0119,2025-05-09,5.1,29.09,42.04,56.76,0.556,44.08
A0119,2025-05-10,5.1,31.92,46.51,63.1,0.556,48.81
A0119,2025-05-11,5.1,19.96,29.21,39.73,0.556,30.67
A0119,2025-05-12,5.1,28.14,39.59,52.61,0.556,41.4
A0120,2025-04-29,194.7,6.85,11.52,17.26,0.909,17.39
A0120,2025-04-30,194.7,8.81,16.07,24.99,0.909,25.19
A0120,2025-05-01,194.7,5.94,11.02,17.26,0.909,17.41
A0120,2025-05-02,194.7,8.12,13.93,21.08,0.909,21.24
A0120,2025-05-03,194.7,9.25,15.54,23.26,0.909,23.44
A0120,2025-05-04,194.7,6.66,11.9,18.33,0.909,18.47
A0120,2025-05-05,194.7,6.2,10.75,16.33,0.909,16.46
A0120,2025-05-06,194.7,6.64,11.51,17.48,0.909,17.61
A0120,2025-05-07,194.7,6.66,11.42,17.27,0.909,17.4
A0120,2025-05-08,194.7,7.75,13.48,20.53,0.909,20.69
A0120,2025-05-09,194.7,7.82,13.52,20.53,0.909,20.69
A0120,2025-05-10,194.7,8.93,14.85,22.11,0.909,22.28
A0120,2025-05-11,194.7,5.44,9.25,13.93,0.909,14.04
A0120,2025-05-12,194.7,7.77,12.86,19.12,0.909,19.26
A0121,2025-04-29,3.3,142.24,197.26,275.61,0.556,208.15
A0121,2025-04-30,3.3,181.59,252.7,353.95,0.556,266.76
A0121,2025-05-01,3.3,133.58,185.08,258.42,0.556,195.27
A0121,2025-05-02,3.3,100.96,148.09,215.19,0.556,157.41
A0121,2025-05-03,3.3,115.32,165.99,238.14,0.556,176.01
A0121,2025-05-04,3.3,84.46,119.47,169.32,0.556,126.39
A0121,2025-05-05,3.3,77.27,113.99,166.26,0.556,121.25
A0121,2025-05-06,3.3,87.66,124.33,176.54,0.556,131.58
A0121,2025-05-07,3.3,92.78,130.26,183.62,0.556,137.67
A0121,2025-05-08,3.3,106.45,147.05,204.85,0.556,155.08
A0121,2025-05-09,3.3,116.84,163.6,230.19,0.556,172.85
A0121,2025-05-10,3.3,127.01,176.32,246.52,0.556,186.07
A0121,2025-05-11,3.3,72.68,102.58,145.15,0.556,108.49
A0121,2025-05-12,3.3,100.03,143.79,206.09,0.556,152.44
A0122,2025-04-29,144.2,15.29,23.93,34.36,0.909,34.59
A0122,2025-04-30,144.2,20.44,31.64,45.16,0.909,45.47
A0122,2025-05-01,144.2,13.96,21.96,31.63,0.909,31.85
A0122,2025-05-02,144.2,19.12,29.36,41.72,0.909,42.0
A0122,2025-05-03,144.2,20.49,30.82,43.3,0.909,43.59
A0122,2025-05-04,144.2,15.22,23.87,34.32,0.909,34.56
A0122,2025-05-05,144.2,13.88,21.81,31.37,0.909,31.59
A0122,2025-05-06,144.2,15.22,24.02,34.64,0.909,34.88
A0122,2025-05-07,144.2,15.27,23.78,34.04,0.909,34.28
A0122,2025-05-08,144.2,17.1,27.04,39.04,0.909,39.31
A0122,2025-05-09,144.2,18.33,28.52,40.82,0.909,41.1
A0122,2025-05-10,144.2,19.8,29.95,42.2,0.909,42.48
A0122,2025-05-11,144.2,12.12,19.11,27.56,0.909,27.75
A0122,2025-05-12,144.2,48.69,70.08,95.89,0.909,96.48
A0123,2025-04-29,12.3,91.95,186.24,342.43,0.909,345.98
A0123,2025-04-30,12.3,119.23,234.07,423.38,0.909,427.68
A0123,2025-05-01,12.3,84.85,171.66,315.1,0.909,318.36
A0123,2025-05-02,12.3,120.21,237.88,430.17,0.909,434.54
A0123,2025-05-03,12.3,125.69,247.6,448.75,0.909,453.32
A0123,2025-05-04,12.3,91.51,184.17,338.8,0.909,342.31
A0123,2025-05-05,12.3,84.79,172.78,317.19,0.909,320.48
A0123,2025-05-06,12.3,93.57,189.86,347.43,0.909,351.01
A0123,2025-05-07,12.3,99.35,199.71,362.09,0.909,365.78
A0123,2025-05-08,12.3,108.65,216.92,394.19,0.909,398.22
A0123,2025-05-09,12.3,118.06,235.65,426.91,0.909,431.26
A0123,2025-05-10,12.3,125.38,248.7,451.5,0.909,456.11
A0123,2025-05-11,12.3,70.16,147.45,274.23,0.909,277.11
A0123,2025-05-12,12.3,106.77,215.86,393.84,0.909,397.89
A0124,2025-04-29,380.2,6.35,21.55,45.95,0.909,46.5
A0124,2025-04-30,380.2,10.22,29.97,61.16,0.909,61.87
A0124,2025-05-01,380.2,5.84,20.52,43.79,0.909,44.32
A0124,2025-05-02,380.2,10.64,31.23,63.56,0.909,64.3
A0124,2025-05-03,380.2,11.75,33.57,68.01,0.909,68.79
A0124,2025-05-04,380.2,7.28,23.67,49.88,0.909,50.47
A0124,2025-05-05,380.2,7.94,24.92,52.04,0.909,52.66
A0124,2025-05-06,380.2,9.29,27.85,57.45,0.909,58.13
A0124,2025-05-07,380.2,10.27,29.9,60.61,0.909,61.31
A0124,2025-05-08,380.2,11.9,33.27,66.97,0.909,67.73
A0124,2025-05-09,380.2,13.35,36.49,72.77,0.909,73.59
A0124,2025-05-10,380.2,14.83,39.54,78.24,0.909,79.12
A0124,2025-05-11,380.2,7.48,23.73,49.49,0.909,50.07
A0124,2025-05-12,380.2,12.87,35.32,70.59,0.909,71.39
A0125,2025-04-29,307.2,7.33,11.97,18.36,0.909,18.51
A0125,2025-04-30,307.2,8.64,14.52,22.62,0.909,22.8
A0125,2025-05-01,307.2,6.14,10.4,16.27,0.909,16.41
A0125,2025-05-02,307.2,8.74,13.62,20.34,0.909,20.5
A0125,2025-05-03,307.2,8.71,14.23,21.82,0.909,22.0
A0125,2025-05-04,307.2,6.65,11.42,17.99,0.909,18.14
A0125,2025-05-05,307.2,6.28,10.48,16.25,0.909,16.38
A0125,2025-05-06,307.2,7.46,11.81,17.8,0.909,17.94
A0125,2025-05-07,307.2,8.15,12.99,19.65,0.909,19.81
A0125,2025-05-08,307.2,9.53,15.2,23.01,0.909,23.19
A0125,2025-05-09,307.2,10.22,15.95,23.85,0.909,24.03
A0125,2025-05-10,307.2,10.53,17.11,26.17,0.909,26.38
A0125,2025-05-11,307.2,7.2,11.82,18.18,0.909,18.33
A0125,2025-05-12,307.2,6.64,10.85,16.65,0.909,16.78
A0126,2025-04-29,156.0,10.98,18.1,27.21,0.909,27.42
A0126,2025-04-30,156.0,91.3,133.75,188.09,0.909,189.33
A0126,2025-05-01,156.0,55.47,81.01,113.68,0.909,114.43
A0126,2025-05-02,156.0,82.67,123.96,176.8,0.909,178.0
A0126,2025-05-03,156.0,84.67,128.47,184.51,0.909,185.79
A0126,2025-05-04,156.0,58.57,89.14,128.27,0.909,129.15
A0126,2025-05-05,156.0,6.59,13.21,21.68,0.909,21.87
A0126,2025-05-06,156.0,8.07,15.33,24.63,0.909,24.84
A0126,2025-05-07,156.0,8.92,16.92,27.16,0.909,27.39
A0126,2025-05-08,156.0,11.17,19.33,29.78,0.909,30.02
A0126,2025-05-09,156.0,11.01,20.66,33.0,0.909,33.28
A0126,2025-05-10,156.0,13.44,23.56,36.5,0.909,36.8
A0126,2025-05-11,156.0,8.25,14.31,22.07,0.909,22.24
A0126,2025-05-12,156.0,10.79,19.56,30.78,0.909,31.04
A0127,2025-04-29,301.9,19.54,29.5,40.81,0.909,41.06
A0127,2025-04-30,301.9,24.48,37.95,53.25,0.909,53.6
A0127,2025-05-01,301.9,17.4,26.58,37.01,0.909,37.25
A0127,2025-05-02,301.9,24.15,37.35,52.35,0.909,52.69
A0127,2025-05-03,301.9,25.27,38.75,54.07,0.909,54.42
A0127,2025-05-04,301.9,17.66,27.28,38.22,0.909,38.47
A0127,2025-05-05,301.9,17.1,26.03,36.18,0.909,36.41
A0127,2025-05-06,301.9,19.3,29.13,40.29,0.909,40.55
A0127,2025-05-07,301.9,21.0,31.46,43.35,0.909,43.62
A0127,2025-05-08,301.9,22.67,34.64,48.25,0.909,48.56
A0127,2025-05-09,301.9,24.31,37.49,52.47,0.909,52.81
A0127,2025-05-10,301.9,26.27,39.79,55.15,0.909,55.5
A0127,2025-05-11,301.9,15.67,23.48,32.36,0.909,32.56
A0127,2025-05-12,301.9,20.33,31.19,43.54,0.909,43.82
A0128,2025-04-29,352.5,16.84,25.9,38.0,0.909,38.28
A0128,2025-04-30,352.5,18.22,26.87,38.42,0.909,38.69
A0128,2025-05-01,352.5,13.97,22.68,34.32,0.909,34.59
A0128,2025-05-02,352.5,19.25,29.23,42.56,0.909,42.86
A0128,2025-05-03,352.5,18.61,27.17,38.6,0.909,38.86
A0128,2025-05-04,352.5,13.03,18.55,25.93,0.909,26.1
A0128,2025-05-05,352.5,16.9,25.69,37.44,0.909,37.71
A0128,2025-05-06,352.5,31.72,50.52,75.65,0.909,76.22
A0128,2025-05-07,352.5,31.05,48.27,71.28,0.909,71.8
A0128,2025-05-08,352.5,33.25,51.9,76.81,0.909,77.38
A0128,2025-05-09,352.5,35.11,54.81,81.12,0.909,81.72
A0128,2025-05-10,352.5,35.46,52.58,75.46,0.909,75.98
A0128,2025-05-11,352.5,12.67,18.85,27.12,0.909,27.3
A0128,2025-05-12,352.5,21.8,33.23,48.51,0.909,48.86
A0129,2025-04-29,199.8,22.46,30.41,41.13,0.909,41.37
A0129,2025-04-30,199.8,26.88,36.83,50.25,0.909,50.56
A0129,2025-05-01,199.8,19.66,27.22,37.43,0.909,37.66
A0129,2025-05-02,199.8,26.63,37.14,51.31,0.909,51.63
A0129,2025-05-03,199.8,27.4,37.99,52.29,0.909,52.61
A0129,2025-05-04,199.8,19.24,26.67,36.69,0.909,36.92
A0129,2025-05-05,199.8,20.45,27.59,37.22,0.909,37.43
A0129,2025-05-06,199.8,58.36,79.34,107.65,0.909,108.3
A0129,2025-05-07,199.8,59.83,82.0,111.91,0.909,112.59
A0129,2025-05-08,199.8,65.71,92.1,127.7,0.909,128.51
A0129,2025-05-09,199.8,22.48,32.97,47.11,0.909,47.44
A0129,2025-05-10,199.8,24.77,35.27,49.43,0.909,49.75
A0129,2025-05-11,199.8,15.67,22.25,31.12,0.909,31.32
A0129,2025-05-12,199.8,24.44,33.59,45.94,0.909,46.22
A0130,2025-04-29,327.8,5.29,10.2,16.81,0.909,16.96
A0130,2025-04-30,327.8,6.7,13.32,22.22,0.909,22.42
A0130,2025-05-01,327.8,3.49,11.61,22.52,0.909,22.77
A0130,2025-05-02,327.8,6.66,13.29,22.19,0.909,22.4
A0130,2025-05-03,327.8,6.66,12.54,20.45,0.909,20.63
A0130,2025-05-04,327.8,4.51,10.68,18.96,0.909,19.15
A0130,2025-05-05,327.8,5.45,12.51,21.99,0.909,22.2
A0130,2025-05-06,327.8,5.85,11.27,18.55,0.909,18.71
A0130,2025-05-07,327.8,6.26,11.53,18.63,0.909,18.79
A0130,2025-05-08,327.8,6.47,14.04,24.21,0.909,24.44
A0130,2025-05-09,327.8,7.23,14.52,24.31,0.909,24.53
A0130,2025-05-10,327.8,7.42,14.64,24.34,0.909,24.56
A0130,2025-05-11,327.8,4.58,10.44,18.31,0.909,18.49
A0130,2025-05-12,327.8,7.75,16.53,28.32,0.909,28.59
A0131,2025-04-29,419.3,16.99,24.23,37.48,0.909,37.78
A0131,2025-04-30,419.3,19.91,26.85,39.56,0.909,39.85
A0131,2025-05-01,419.3,14.42,19.66,29.26,0.909,29.47
A0131,2025-05-02,419.3,20.11,27.6,41.33,0.909,41.64
A0131,2025-05-03,419.3,20.8,28.86,43.62,0.909,43.95
A0131,2025-05-04,419.3,14.65,20.09,30.06,0.909,30.29
A0131,2025-05-05,419.3,16.12,21.91,32.51,0.909,32.75
A0131,2025-05-06,419.3,17.25,24.67,38.24,0.909,38.55
A0131,2025-05-07,419.3,16.81,22.81,33.8,0.909,34.05
A0131,2025-05-08,419.3,18.55,25.64,38.61,0.909,38.9
A0131,2025-05-09,419.3,20.6,28.27,42.32,0.909,42.64
A0131,2025-05-10,419.3,21.91,30.3,45.64,0.909,45.98
A0131,2025-05-11,419.3,13.55,18.52,27.62,0.909,27.83
A0131,2025-05-12,419.3,21.64,29.43,43.69,0.909,44.01
A0132,2025-04-29,301.9,14.77,23.64,33.95,0.909,34.18
A0132,2025-04-30,301.9,16.57,23.72,32.03,0.909,32.21
A0132,2025-05-01,301.9,12.74,20.32,29.13,0.909,29.33
A0132,2025-05-02,301.9,17.58,29.03,42.33,0.909,42.64
A0132,2025-05-03,301.9,17.93,28.17,40.07,0.909,40.34
A0132,2025-05-04,301.9,12.87,19.73,27.7,0.909,27.88
A0132,2025-05-05,301.9,12.46,20.32,29.46,0.909,29.67
A0132,2025-05-06,301.9,14.64,23.92,34.71,0.909,34.96
A0132,2025-05-07,301.9,13.53,20.63,28.87,0.909,29.06
A0132,2025-05-08,301.9,15.38,24.68,35.49,0.909,35.74
A0132,2025-05-09,301.9,17.43,28.91,42.25,0.909,42.55
A0132,2025-05-10,301.9,17.74,27.8,39.49,0.909,39.75
A0132,2025-05-11,301.9,11.09,18.12,26.28,0.909,26.47
A0132,2025-05-12,301.9,15.02,24.92,36.42,0.909,36.68
A0133,2025-04-29,342.3,20.78,35.81,54.77,0.909,55.21
A0133,2025-04-30,342.3,25.02,44.92,70.05,0.909,70.62
A0133,2025-05-01,342.3,21.83,36.81,55.74,0.909,56.17
A0133,2025-05-02,342.3,25.56,42.61,64.14,0.909,64.63
A0133,2025-05-03,342.3,26.15,42.91,64.06,0.909,64.54
A0133,2025-05-04,342.3,20.98,38.3,60.17,0.909,60.67
A0133,2025-05-05,342.3,18.54,30.64,45.92,0.909,46.27
A0133,2025-05-06,342.3,22.3,36.69,54.86,0.909,55.28
A0133,2025-05-07,342.3,24.12,37.97,55.46,0.909,55.86
A0133,2025-05-08,342.3,23.67,39.48,59.45,0.909,59.9
A0133,2025-05-09,342.3,32.72,51.94,76.2,0.909,76.75
A0133,2025-05-10,342.3,33.24,52.05,75.8,0.909,76.34
A0133,2025-05-11,342.3,24.22,37.61,54.52,0.909,54.9
A0133,2025-05-12,342.3,26.55,40.6,58.33,0.909,58.73
A0134,2025-04-29,2.7,59.83,83.16,112.61,0.556,87.25
A0134,2025-04-30,2.7,70.65,99.87,136.76,0.556,104.99
A0134,2025-05-01,2.7,56.59,78.35,105.81,0.556,82.16
A0134,2025-05-02,2.7,74.13,105.66,145.48,0.556,111.19
A0134,2025-05-03,2.7,76.78,109.16,150.05,0.556,114.84
A0134,2025-05-04,2.7,55.71,79.04,108.49,0.556,83.13
A0134,2025-05-05,2.7,57.26,80.78,110.47,0.556,84.9
A0134,2025-05-06,2.7,62.29,86.17,116.32,0.556,90.36
A0134,2025-05-07,2.7,60.23,82.49,110.6,0.556,86.4
A0134,2025-05-08,2.7,68.56,93.27,124.48,0.556,97.61
A0134,2025-05-09,2.7,74.77,105.71,144.78,0.556,111.14
A0134,2025-05-10,2.7,77.51,108.27,147.11,0.556,113.67
A0134,2025-05-11,2.7,48.35,67.25,91.1,0.556,70.56
A0134,2025-05-12,2.7,68.71,94.83,127.82,0.556,99.41
A0135,2025-04-29,7.1,43.7,61.9,84.29,0.556,65.01
A0135,2025-04-30,7.1,53.47,80.07,112.79,0.556,84.61
A0135,2025-05-01,7.1,39.73,59.99,84.91,0.556,63.45
A0135,2025-05-02,7.1,66.86,97.3,134.74,0.556,102.5
A0135,2025-05-03,7.1,70.02,102.08,141.51,0.556,107.56
A0135,2025-05-04,7.1,48.03,77.1,112.85,0.556,82.06
A0135,2025-05-05,7.1,48.53,70.99,98.61,0.556,74.82
A0135,2025-05-06,7.1,52.05,76.55,106.68,0.556,80.73
A0135,2025-05-07,7.1,52.39,75.14,103.13,0.556,79.03
A0135,2025-05-08,7.1,59.6,90.38,128.25,0.556,95.64
A0135,2025-05-09,7.1,46.73,70.35,99.4,0.556,74.38
A0135,2025-05-10,7.1,51.67,75.62,105.08,0.556,79.71
A0135,2025-05-11,7.1,31.62,48.39,69.02,0.556,51.26
A0135,2025-05-12,7.1,45.88,67.29,93.62,0.556,70.94
A0136,2025-04-29,316.4,17.48,25.73,38.43,0.909,38.72
A0136,2025-04-30,316.4,20.68,30.65,46.01,0.909,46.36
A0136,2025-05-01,316.4,15.42,21.61,31.15,0.909,31.37
A0136,2025-05-02,316.4,21.52,31.25,46.24,0.909,46.58
A0136,2025-05-03,316.4,20.94,29.52,42.73,0.909,43.03
A0136,2025-05-04,316.4,15.34,22.82,34.34,0.909,34.6
A0136,2025-05-05,316.4,15.41,21.78,31.6,0.909,31.83
A0136,2025-05-06,316.4,18.17,26.37,39.0,0.909,39.29
A0136,2025-05-07,316.4,17.46,25.42,37.66,0.909,37.94
A0136,2025-05-08,316.4,19.27,27.51,40.21,0.909,40.5
A0136,2025-05-09,316.4,21.37,31.11,46.11,0.909,46.45
A0136,2025-05-10,316.4,20.93,29.54,42.81,0.909,43.11
A0136,2025-05-11,316.4,13.53,19.73,29.27,0.909,29.48
A0136,2025-05-12,316.4,18.43,26.45,38.82,0.909,39.1
A0137,2025-04-29,34.2,22.02,31.65,43.45,0.909,43.71
A0137,2025-04-30,34.2,28.05,39.07,52.58,0.909,52.89
A0137,2025-05-01,34.2,18.2,26.56,36.81,0.909,37.04
A0137,2025-05-02,34.2,26.15,36.2,48.52,0.909,48.8
A0137,2025-05-03,34.2,25.57,35.2,47.01,0.909,47.27
A0137,2025-05-04,34.2,19.96,28.58,39.14,0.909,39.38
A0137,2025-05-05,34.2,21.86,30.89,41.95,0.909,42.2
A0137,2025-05-06,34.2,22.84,32.7,44.78,0.909,45.06
A0137,2025-05-07,34.2,23.47,33.18,45.1,0.909,45.37
A0137,2025-05-08,34.2,25.5,36.23,49.38,0.909,49.68
A0137,2025-05-09,34.2,27.34,38.28,51.69,0.909,51.99
A0137,2025-05-10,34.2,27.85,39.09,52.86,0.909,53.17
A0137,2025-05-11,34.2,18.49,26.6,36.54,0.909,36.77
A0137,2025-05-12,34.2,28.5,41.02,56.36,0.909,56.71
A0138,2025-04-29,181.3,24.1,36.98,48.31,0.909,48.57
A0138,2025-04-30,181.3,30.05,45.73,59.52,0.909,59.83
A0138,2025-05-01,181.3,19.89,33.14,44.79,0.909,45.06
A0138,2025-05-02,181.3,27.81,44.24,58.7,0.909,59.03
A0138,2025-05-03,181.3,30.67,47.66,62.62,0.909,62.96
A0138,2025-05-04,181.3,42.04,62.14,79.82,0.909,80.22
A0138,2025-05-05,181.3,37.45,58.17,76.39,0.909,76.81
A0138,2025-05-06,181.3,42.43,63.72,82.45,0.909,82.88
A0138,2025-05-07,181.3,45.26,67.55,87.16,0.909,87.6
A0138,2025-05-08,181.3,49.16,74.86,97.48,0.909,97.99
A0138,2025-05-09,181.3,52.94,80.18,104.14,0.909,104.69
A0138,2025-05-10,181.3,57.05,85.29,110.15,0.909,110.71
A0138,2025-05-11,181.3,16.35,27.1,36.57,0.909,36.78
A0138,2025-05-12,181.3,22.79,37.21,49.9,0.909,50.19
A0139,2025-04-29,163.4,6.05,20.07,42.38,0.909,42.89
A0139,2025-04-30,163.4,9.42,27.59,56.84,0.909,57.51
A0139,2025-05-01,163.4,5.04,17.65,37.87,0.909,38.33
A0139,2025-05-02,163.4,8.8,26.77,55.11,0.909,55.76
A0139,2025-05-03,163.4,9.47,28.32,58.07,0.909,58.75
A0139,2025-05-04,163.4,5.35,18.6,39.67,0.909,40.15
A0139,2025-05-05,163.4,3.33,14.83,33.42,0.909,33.85
A0139,2025-05-06,163.4,4.39,17.13,37.69,0.909,38.16
A0139,2025-05-07,163.4,5.01,18.44,39.56,0.909,40.04
A0139,2025-05-08,163.4,6.44,21.44,45.35,0.909,45.89
A0139,2025-05-09,163.4,7.68,24.22,50.43,0.909,51.03
A0139,2025-05-10,163.4,8.84,26.64,54.67,0.909,55.31
A0139,2025-05-11,163.4,3.73,15.35,33.9,0.909,34.32
A0139,2025-05-12,163.4,11.28,30.98,62.0,0.909,62.71
A0140,2025-04-29,353.0,18.19,25.29,35.94,0.909,36.19
A0140,2025-04-30,353.0,23.97,33.97,48.98,0.909,49.32
A0140,2025-05-01,353.0,15.43,21.76,31.26,0.909,31.47
A0140,2025-05-02,353.0,20.91,29.92,43.44,0.909,43.75
A0140,2025-05-03,353.0,20.24,28.5,40.89,0.909,41.17
A0140,2025-05-04,353.0,15.97,23.0,33.55,0.909,33.79
A0140,2025-05-05,353.0,16.32,23.62,34.58,0.909,34.83
A0140,2025-05-06,353.0,17.53,24.63,35.28,0.909,35.52
A0140,2025-05-07,353.0,34.75,49.04,70.48,0.909,70.97
A0140,2025-05-08,353.0,34.3,48.67,70.25,0.909,70.74
A0140,2025-05-09,353.0,37.37,54.04,79.05,0.909,79.62
A0140,2025-05-10,353.0,36.83,52.11,75.04,0.909,75.56
A0140,2025-05-11,353.0,24.66,35.16,50.92,0.909,51.28
A0140,2025-05-12,353.0,34.38,50.4,74.43,0.909,74.98
A0141,2025-04-29,5.1,34.9,47.55,64.12,0.556,49.85
A0141,2025-04-30,5.1,45.82,59.52,77.46,0.556,62.01
A0141,2025-05-01,5.1,33.46,46.37,63.28,0.556,48.72
A0141,2025-05-02,5.1,42.69,57.1,75.97,0.556,59.72
A0141,2025-05-03,5.1,47.46,62.85,83.0,0.556,65.65
A0141,2025-05-04,5.1,35.7,46.79,61.32,0.556,48.81
A0141,2025-05-05,5.1,34.44,48.07,65.93,0.556,50.55
A0141,2025-05-06,5.1,35.5,48.47,65.46,0.556,50.83
A0141,2025-05-07,5.1,37.25,49.02,64.42,0.556,51.16
A0141,2025-05-08,5.1,41.76,55.5,73.48,0.556,57.99
A0141,2025-05-09,5.1,43.27,57.81,76.86,0.556,60.46
A0141,2025-05-10,5.1,48.56,64.06,84.36,0.556,66.88
A0141,2025-05-11,5.1,29.18,39.15,52.2,0.556,40.96
A0141,2025-05-12,5.1,40.63,55.53,75.04,0.556,58.24
A0142,2025-04-29,12.5,72.06,100.85,136.83,0.909,137.65
A0142,2025-04-30,12.5,79.71,106.23,139.39,0.909,140.14
A0142,2025-05-01,12.5,60.48,83.69,112.71,0.909,113.37
A0142,2025-05-02,12.5,83.48,115.64,155.84,0.909,156.75
A0142,2025-05-03,12.5,88.64,121.3,162.13,0.909,163.06
A0142,2025-05-04,12.5,62.57,85.91,115.08,0.909,115.74
A0142,2025-05-05,12.5,62.42,85.79,115.0,0.909,115.67
A0142,2025-05-06,12.5,70.6,98.83,134.13,0.909,134.93
A0142,2025-05-07,12.5,69.49,94.45,125.65,0.909,126.36
A0142,2025-05-08,12.5,78.21,108.19,145.67,0.909,146.53
A0142,2025-05-09,12.5,83.81,116.07,156.39,0.909,157.31
A0142,2025-05-10,12.5,89.9,123.09,164.57,0.909,165.51
A0142,2025-05-11,12.5,98.97,139.11,189.28,0.909,190.42
A0142,2025-05-12,12.5,127.54,179.02,243.36,0.909,244.82
A0143,2025-04-29,5.3,25.5,37.38,51.9,0.556,39.4
A0143,2025-04-30,5.3,35.14,52.91,74.62,0.556,55.92
A0143,2025-05-01,5.3,21.93,32.9,46.3,0.556,34.76
A0143,2025-05-02,5.3,32.95,47.55,65.39,0.556,50.03
A0143,2025-05-03,5.3,33.2,48.25,66.62,0.556,50.8
A0143,2025-05-04,5.3,21.74,33.28,47.37,0.556,35.23
A0143,2025-05-05,5.3,23.68,35.42,49.78,0.556,37.42
A0143,2025-05-06,5.3,14.68,22.15,31.29,0.556,23.42
A0143,2025-05-07,5.3,15.98,24.29,34.46,0.556,25.71
A0143,2025-05-08,5.3,17.91,26.53,37.06,0.556,27.99
A0143,2025-05-09,5.3,20.22,29.34,40.48,0.556,30.89
A0143,2025-05-10,5.3,20.94,30.31,41.77,0.556,31.91
A0143,2025-05-11,5.3,12.59,18.27,25.21,0.556,19.24
A0143,2025-05-12,5.3,21.57,30.61,41.66,0.556,32.15
A0144,2025-04-29,356.6,30.81,44.36,60.71,0.909,61.08
A0144,2025-04-30,356.6,37.56,54.18,74.21,0.909,74.67
A0144,2025-05-01,356.6,218.65,323.5,449.97,0.909,452.84
A0144,2025-05-02,356.6,289.41,424.36,587.11,0.909,590.81
A0144,2025-05-03,356.6,279.99,404.65,555.0,0.909,558.41
A0144,2025-05-04,356.6,219.26,318.7,438.64,0.909,441.36
A0144,2025-05-05,356.6,212.93,315.82,439.91,0.909,442.73
A0144,2025-05-06,356.6,230.55,337.5,466.48,0.909,469.41
A0144,2025-05-07,356.6,26.66,40.04,56.19,0.909,56.56
A0144,2025-05-08,356.6,28.63,43.1,60.54,0.909,60.94
A0144,2025-05-09,356.6,33.94,50.77,71.07,0.909,71.53
A0144,2025-05-10,356.6,35.19,50.72,69.45,0.909,69.88
A0144,2025-05-11,356.6,22.24,32.56,45.01,0.909,45.3
A0144,2025-05-12,356.6,29.54,43.27,59.83,0.909,60.2
A0145,2025-04-29,407.6,11.73,17.65,25.96,0.909,26.15
A0145,2025-04-30,407.6,14.96,22.11,32.14,0.909,32.37
A0145,2025-05-01,407.6,8.83,15.57,25.02,0.909,25.23
A0145,2025-05-02,407.6,15.04,21.9,31.51,0.909,31.73
A0145,2025-05-03,407.6,15.62,21.97,30.87,0.909,31.07
A0145,2025-05-04,407.6,10.81,15.82,22.86,0.909,23.02
A0145,2025-05-05,407.6,11.98,18.49,27.62,0.909,27.83
A0145,2025-05-06,407.6,12.5,18.77,27.56,0.909,27.76
A0145,2025-05-07,407.6,12.77,19.14,28.07,0.909,28.27
A0145,2025-05-08,407.6,13.64,20.9,31.08,0.909,31.32
A0145,2025-05-09,407.6,15.01,22.3,32.51,0.909,32.74
A0145,2025-05-10,407.6,16.3,23.27,33.05,0.909,33.27
A0145,2025-05-11,407.6,9.87,14.74,21.56,0.909,21.72
A0145,2025-05-12,407.6,15.02,22.94,34.04,0.909,34.29
A0146,2025-04-29,199.2,11.19,17.09,25.07,0.909,25.25
A0146,2025-04-30,199.2,13.85,19.73,27.7,0.909,27.89
A0146,2025-05-01,199.2,9.04,14.23,21.26,0.909,21.42
A0146,2025-05-02,199.2,13.6,21.12,31.29,0.909,31.53
A0146,2025-05-03,199.2,14.09,21.28,31.02,0.909,31.24
A0146,2025-05-04,199.2,9.93,14.72,21.22,0.909,21.36
A0146,2025-05-05,199.2,9.67,14.56,21.17,0.909,21.32
A0146,2025-05-06,199.2,11.27,17.39,25.67,0.909,25.86
A0146,2025-05-07,199.2,15.95,24.07,35.07,0.909,35.32
A0146,2025-05-08,199.2,16.75,26.49,39.68,0.909,39.98
A0146,2025-05-09,199.2,18.8,29.63,44.3,0.909,44.63
A0146,2025-05-10,199.2,18.92,29.0,42.65,0.909,42.96
A0146,2025-05-11,199.2,11.74,18.55,27.78,0.909,27.99
A0146,2025-05-12,199.2,10.32,16.6,25.11,0.909,25.31
A0147,2025-04-29,5.3,11.7,32.17,65.69,0.556,36.83
A0147,2025-04-30,5.3,17.84,44.47,87.78,0.556,50.49
A0147,2025-05-01,5.3,9.38,27.15,55.81,0.556,31.13
A0147,2025-05-02,5.3,16.99,43.07,85.12,0.556,48.91
A0147,2025-05-03,5.3,18.33,46.03,91.01,0.556,52.28
A0147,2025-05-04,5.3,10.39,29.57,60.79,0.556,33.9
A0147,2025-05-05,5.3,12.04,32.7,66.55,0.556,37.4
A0147,2025-05-06,5.3,12.72,34.35,69.54,0.556,39.23
A0147,2025-05-07,5.3,14.08,37.21,74.5,0.556,42.39
A0147,2025-05-08,5.3,16.13,41.11,81.9,0.556,46.77
A0147,2025-05-09,5.3,17.85,44.82,88.68,0.556,50.91
A0147,2025-05-10,5.3,20.15,49.56,98.0,0.556,56.29
A0147,2025-05-11,5.3,8.88,26.3,55.07,0.556,30.3
A0147,2025-05-12,5.3,17.49,43.91,87.46,0.556,49.96
A0148,2025-04-29,13.2,85.4,95.15,115.57,0.909,116.04
A0148,2025-04-30,13.2,101.79,114.34,140.65,0.909,141.25
A0148,2025-05-01,13.2,85.89,102.75,138.09,0.909,138.89
A0148,2025-05-02,13.2,110.46,128.6,166.62,0.909,167.48
A0148,2025-05-03,13.2,111.73,125.96,155.79,0.909,156.47
A0148,2025-05-04,13.2,81.87,93.8,118.82,0.909,119.39
A0148,2025-05-05,13.2,84.66,96.91,122.59,0.909,123.17
A0148,2025-05-06,13.2,89.47,99.13,119.37,0.909,119.83
A0148,2025-05-07,13.2,94.1,106.31,131.89,0.909,132.48
A0148,2025-05-08,13.2,103.5,119.97,154.52,0.909,155.3
A0148,2025-05-09,13.2,111.67,129.42,166.62,0.909,167.47
A0148,2025-05-10,13.2,113.8,127.45,156.05,0.909,156.7
A0148,2025-05-11,13.2,73.1,84.62,108.78,0.909,109.33
A0148,2025-05-12,13.2,102.03,113.66,138.02,0.909,138.58
A0149,2025-04-29,5.8,74.56,102.46,131.87,0.556,106.55
A0149,2025-04-30,5.8,94.77,129.4,165.9,0.556,134.47
A0149,2025-05-01,5.8,70.2,102.48,136.5,0.556,107.21
A0149,2025-05-02,5.8,90.82,126.6,164.31,0.556,131.84
A0149,2025-05-03,5.8,99.82,134.65,171.36,0.556,139.75
A0149,2025-05-04,5.8,74.6,104.38,135.76,0.556,108.74
A0149,2025-05-05,5.8,72.39,101.37,131.92,0.556,105.61
A0149,2025-05-06,5.8,75.58,104.45,134.87,0.556,108.67
A0149,2025-05-07,5.8,75.47,103.03,132.08,0.556,107.07
A0149,2025-05-08,5.8,88.08,124.79,163.48,0.556,130.17
A0149,2025-05-09,5.8,90.7,126.64,164.52,0.556,131.9
A0149,2025-05-10,5.8,98.64,133.24,169.69,0.556,138.3
A0149,2025-05-11,5.8,62.04,87.13,113.56,0.556,90.8
A0149,2025-05-12,5.8,85.03,118.74,154.27,0.556,123.68
A0150,2025-04-29,10.3,58.56,82.41,110.61,0.909,111.25
A0150,2025-04-30,10.3,80.87,116.76,159.18,0.909,160.15
A0150,2025-05-01,10.3,54.0,75.04,99.91,0.909,100.47
A0150,2025-05-02,10.3,78.09,109.36,146.32,0.909,147.16
A0150,2025-05-03,10.3,83.32,116.79,156.37,0.909,157.27
A0150,2025-05-04,10.3,63.35,90.99,123.67,0.909,124.42
A0150,2025-05-05,10.3,55.44,76.41,101.2,0.909,101.76
A0150,2025-05-06,10.3,60.65,84.77,113.27,0.909,113.92
A0150,2025-05-07,10.3,63.52,88.51,118.06,0.909,118.73
A0150,2025-05-08,10.3,69.21,96.32,128.36,0.909,129.09
A0150,2025-05-09,10.3,77.43,108.2,144.59,0.909,145.42
A0150,2025-05-10,10.3,82.26,114.55,152.73,0.909,153.6
A0150,2025-05-11,10.3,49.79,70.08,94.07,0.909,94.61
A0150,2025-05-12,10.3,66.74,92.75,123.5,0.909,124.19
A0151,2025-04-29,3.0,73.37,103.09,138.52,0.556,108.01
A0151,2025-04-30,3.0,96.86,134.67,179.73,0.556,140.93
A0151,2025-05-01,3.0,68.45,94.05,124.56,0.556,98.29
A0151,2025-05-02,3.0,92.62,128.52,171.31,0.556,134.47
A0151,2025-05-03,3.0,99.69,137.82,183.26,0.556,144.13
A0151,2025-05-04,3.0,72.07,98.88,130.83,0.556,103.32
A0151,2025-05-05,3.0,68.7,94.43,125.1,0.556,98.69
A0151,2025-05-06,3.0,74.13,104.43,140.55,0.556,109.45
A0151,2025-05-07,3.0,76.37,105.66,140.56,0.556,110.5
A0151,2025-05-08,3.0,82.98,114.13,151.26,0.556,119.29
A0151,2025-05-09,3.0,91.41,126.9,169.2,0.556,132.77
A0151,2025-05-10,3.0,98.5,135.43,179.43,0.556,141.54
A0151,2025-05-11,3.0,58.17,80.1,106.24,0.556,83.73
A0151,2025-05-12,3.0,83.64,114.06,150.31,0.556,119.09
A0152,2025-04-29,177.2,6.68,11.67,18.89,0.909,19.05
A0152,2025-04-30,177.2,8.72,14.7,23.34,0.909,23.53
A0152,2025-05-01,177.2,6.56,12.03,19.92,0.909,20.1
A0152,2025-05-02,177.2,7.72,13.67,22.27,0.909,22.46
A0152,2025-05-03,177.2,8.43,15.12,24.77,0.909,24.99
A0152,2025-05-04,177.2,6.2,10.92,17.72,0.909,17.88
A0152,2025-05-05,177.2,6.17,11.34,18.8,0.909,18.97
A0152,2025-05-06,177.2,6.56,11.46,18.54,0.909,18.7
A0152,2025-05-07,177.2,6.43,11.9,19.79,0.909,19.97
A0152,2025-05-08,177.2,7.29,13.43,22.29,0.909,22.49
A0152,2025-05-09,177.2,7.31,13.36,22.1,0.909,22.3
A0152,2025-05-10,177.2,8.0,15.0,25.1,0.909,25.33
A0152,2025-05-11,177.2,5.17,9.54,15.84,0.909,15.99
A0152,2025-05-12,177.2,7.65,13.32,21.49,0.909,21.68
A0153,2025-04-29,4.3,25.16,35.87,50.18,0.556,37.85
A0153,2025-04-30,4.3,28.4,40.0,55.51,0.556,42.16
A0153,2025-05-01,4.3,22.99,32.6,45.44,0.556,34.38
A0153,2025-05-02,4.3,28.92,40.64,56.3,0.556,42.81
A0153,2025-05-03,4.3,30.66,43.6,60.91,0.556,46.01
A0153,2025-05-04,4.3,21.24,30.07,41.88,0.556,31.71
A0153,2025-05-05,4.3,23.57,33.44,46.63,0.556,35.27
A0153,2025-05-06,4.3,25.61,36.26,50.5,0.556,38.24
A0153,2025-05-07,4.3,25.28,36.0,50.33,0.556,37.99
A0153,2025-05-08,4.3,26.67,37.7,52.45,0.556,39.75
A0153,2025-05-09,4.3,28.55,40.18,55.74,0.556,42.34
A0153,2025-05-10,4.3,30.7,43.49,60.59,0.556,45.86
A0153,2025-05-11,4.3,19.37,27.59,38.58,0.556,29.12
A0153,2025-05-12,4.3,26.99,37.95,52.6,0.556,39.98
A0154,2025-04-29,393.6,22.46,30.89,41.32,0.909,41.56
A0154,2025-04-30,393.6,28.07,39.03,52.58,0.909,52.88
A0154,2025-05-01,393.6,20.65,27.41,35.78,0.909,35.97
A0154,2025-05-02,393.6,26.85,37.2,50.0,0.909,50.29
A0154,2025-05-03,393.6,26.1,35.72,47.63,0.909,47.9
A0154,2025-05-04,393.6,19.61,27.19,36.56,0.909,36.77
A0154,2025-05-05,393.6,20.91,26.94,34.4,0.909,34.57
A0154,2025-05-06,393.6,23.15,31.86,42.63,0.909,42.87
A0154,2025-05-07,393.6,23.56,31.9,42.21,0.909,42.44
A0154,2025-05-08,393.6,24.61,34.07,45.77,0.909,46.04
A0154,2025-05-09,393.6,26.77,36.91,49.45,0.909,49.74
A0154,2025-05-10,393.6,26.88,35.98,47.24,0.909,47.49
A0154,2025-05-11,393.6,18.08,24.17,31.7,0.909,31.87
A0154,2025-05-12,393.6,26.86,35.03,45.12,0.909,45.35
A0155,2025-04-29,356.8,29.36,42.3,56.3,0.909,56.62
A0155,2025-04-30,356.8,36.02,52.81,70.97,0.909,71.38
A0155,2025-05-01,356.8,25.09,34.86,45.44,0.909,45.68
A0155,2025-05-02,356.8,34.21,50.16,67.41,0.909,67.81
A0155,2025-05-03,356.8,34.83,49.68,65.74,0.909,66.11
A0155,2025-05-04,356.8,26.83,38.98,52.13,0.909,52.43
A0155,2025-05-05,356.8,26.71,37.21,48.58,0.909,48.83
A0155,2025-05-06,356.8,30.49,43.46,57.49,0.909,57.81
A0155,2025-05-07,356.8,31.19,45.29,60.55,0.909,60.9
A0155,2025-05-08,356.8,33.45,48.09,63.91,0.909,64.27
A0155,2025-05-09,356.8,34.96,51.02,68.38,0.909,68.78
A0155,2025-05-10,356.8,36.48,51.5,67.74,0.909,68.11
A0155,2025-05-11,356.8,24.19,34.69,46.04,0.909,46.3
A0155,2025-05-12,356.8,33.8,48.82,65.06,0.909,65.43
A0156,2025-04-29,192.6,15.29,23.59,33.31,0.909,33.53
A0156,2025-04-30,192.6,18.49,28.41,40.03,0.909,40.29
A0156,2025-05-01,192.6,15.0,24.0,34.52,0.909,34.76
A0156,2025-05-02,192.6,20.61,31.5,44.24,0.909,44.53
A0156,2025-05-03,192.6,21.47,33.06,46.63,0.909,46.94
A0156,2025-05-04,192.6,14.52,22.85,32.59,0.909,32.81
A0156,2025-05-05,192.6,16.67,25.41,35.64,0.909,35.88
A0156,2025-05-06,192.6,17.6,26.19,36.26,0.909,36.49
A0156,2025-05-07,192.6,17.47,25.34,34.54,0.909,34.75
A0156,2025-05-08,192.6,19.55,28.6,39.18,0.909,39.42
A0156,2025-05-09,192.6,21.99,32.71,45.25,0.909,45.54
A0156,2025-05-10,192.6,22.53,33.55,46.46,0.909,46.75
A0156,2025-05-11,192.6,19.75,29.08,40.0,0.909,40.25
A0156,2025-05-12,192.6,28.64,40.63,54.67,0.909,54.99
A0157,2025-04-29,10.5,39.23,59.5,90.42,0.909,91.12
A0157,2025-04-30,10.5,48.44,68.35,98.73,0.909,99.42
A0157,2025-05-01,10.5,34.88,54.17,83.6,0.909,84.27
A0157,2025-05-02,10.5,48.5,71.54,106.67,0.909,107.47
A0157,2025-05-03,10.5,51.53,75.3,111.57,0.909,112.4
A0157,2025-05-04,10.5,37.09,56.97,87.28,0.909,87.97
A0157,2025-05-05,10.5,35.54,53.86,81.81,0.909,82.45
A0157,2025-05-06,10.5,38.79,58.98,89.79,0.909,90.49
A0157,2025-05-07,10.5,40.83,58.96,86.63,0.909,87.26
A0157,2025-05-08,10.5,42.84,64.39,97.27,0.909,98.01
A0157,2025-05-09,10.5,47.53,71.62,108.38,0.909,109.21
A0157,2025-05-10,10.5,51.37,77.47,117.28,0.909,118.19
A0157,2025-05-11,10.5,31.18,49.63,77.78,0.909,78.42
A0157,2025-05-12,10.5,41.26,62.22,94.2,0.909,94.93
A0158,2025-04-29,4.5,24.57,33.78,46.78,0.556,35.59
A0158,2025-04-30,4.5,29.9,42.97,61.42,0.556,45.54
A0158,2025-05-01,4.5,23.61,33.45,47.35,0.556,35.38
A0158,2025-05-02,4.5,30.51,42.61,59.68,0.556,44.98
A0158,2025-05-03,4.5,31.46,44.62,63.2,0.556,47.2
A0158,2025-05-04,4.5,22.47,31.72,44.77,0.556,33.53
A0158,2025-05-05,4.5,23.64,33.29,46.91,0.556,35.18
A0158,2025-05-06,4.5,24.37,33.36,46.06,0.556,35.13
A0158,2025-05-07,4.5,24.85,35.96,51.64,0.556,38.14
A0158,2025-05-08,4.5,28.25,40.46,57.7,0.556,42.86
A0158,2025-05-09,4.5,29.71,42.0,59.36,0.556,44.41
A0158,2025-05-10,4.5,31.53,45.3,64.74,0.556,48.0
A0158,2025-05-11,4.5,19.19,27.21,38.53,0.556,28.78
A0158,2025-05-12,4.5,29.37,40.81,56.95,0.556,43.05
A0159,2025-04-29,5.0,146.14,194.34,248.22,0.556,201.83
A0159,2025-04-30,5.0,187.65,248.4,316.29,0.556,257.83
A0159,2025-05-01,5.0,132.37,173.74,219.98,0.556,180.17
A0159,2025-05-02,5.0,173.85,230.85,294.56,0.556,239.7
A0159,2025-05-03,5.0,182.83,242.25,308.66,0.556,251.48
A0159,2025-05-04,5.0,143.58,194.16,250.68,0.556,202.01
A0159,2025-05-05,5.0,137.44,178.78,224.99,0.556,185.2
A0159,2025-05-06,5.0,144.53,192.61,246.34,0.556,200.07
A0159,2025-05-07,5.0,153.43,200.9,253.96,0.556,208.27
A0159,2025-05-08,5.0,169.55,225.51,288.06,0.556,234.2
A0159,2025-05-09,5.0,175.91,234.24,299.43,0.556,243.29
A0159,2025-05-10,5.0,188.92,250.72,319.79,0.556,260.31
A0159,2025-05-11,5.0,118.65,158.22,202.44,0.556,164.36
A0159,2025-05-12,5.0,175.99,232.39,295.43,0.556,241.15
A0160,2025-04-29,424.5,6.65,11.37,17.76,0.909,17.9
A0160,2025-04-30,424.5,8.23,12.06,17.24,0.909,17.36
A0160,2025-05-01,424.5,5.71,10.28,16.48,0.909,16.62
A0160,2025-05-02,424.5,8.32,13.83,21.3,0.909,21.47
A0160,2025-05-03,424.5,8.47,13.74,20.87,0.909,21.03
A0160,2025-05-04,424.5,6.25,9.64,14.23,0.909,14.33
A0160,2025-05-05,424.5,7.23,11.91,18.25,0.909,18.4
A0160,2025-05-06,424.5,7.48,12.5,19.29,0.909,19.45
A0160,2025-05-07,424.5,7.45,11.97,18.07,0.909,18.21
A0160,2025-05-08,424.5,8.43,13.9,21.31,0.909,21.47
A0160,2025-05-09,424.5,8.97,14.64,22.32,0.909,22.49
A0160,2025-05-10,424.5,9.37,14.87,22.32,0.909,22.49
A0160,2025-05-11,424.5,6.17,10.19,15.62,0.909,15.75
A0160,2025-05-12,424.5,9.6,15.61,23.73,0.909,23.92
A0161,2025-04-29,5.4,6.99,22.64,47.51,0.556,26.09
A0161,2025-04-30,5.4,10.59,30.27,61.35,0.556,34.58
A0161,2025-05-01,5.4,6.4,21.28,44.89,0.556,24.56
A0161,2025-05-02,5.4,10.77,30.94,62.72,0.556,35.36
A0161,2025-05-03,5.4,12.02,33.63,67.85,0.556,38.38
A0161,2025-05-04,5.4,7.07,22.74,47.92,0.556,26.24
A0161,2025-05-05,5.4,7.61,23.89,49.94,0.556,27.5
A0161,2025-05-06,5.4,8.64,26.08,54.02,0.556,29.96
A0161,2025-05-07,5.4,9.28,27.4,55.82,0.556,31.35
A0161,2025-05-08,5.4,10.74,30.43,61.63,0.556,34.76
A0161,2025-05-09,5.4,12.19,33.63,67.46,0.556,38.33
A0161,2025-05-10,5.4,13.71,36.78,73.03,0.556,41.81
A0161,2025-05-11,5.4,6.72,21.81,45.75,0.556,25.14
A0161,2025-05-12,5.4,11.25,31.54,63.56,0.556,35.99
A0162,2025-04-29,337.1,10.25,29.31,59.1,0.909,59.77
A0162,2025-04-30,337.1,14.26,37.56,73.49,0.909,74.3
A0162,2025-05-01,337.1,8.76,26.1,53.05,0.909,53.66
A0162,2025-05-02,337.1,13.91,37.18,72.91,0.909,73.72
A0162,2025-05-03,337.1,14.72,38.93,76.04,0.909,76.88
A0162,2025-05-04,337.1,9.51,27.8,56.33,0.909,56.98
A0162,2025-05-05,337.1,10.02,28.82,58.06,0.909,58.72
A0162,2025-05-06,337.1,11.18,31.39,62.88,0.909,63.6
A0162,2025-05-07,337.1,11.93,32.85,64.75,0.909,65.47
A0162,2025-05-08,337.1,13.39,35.86,70.62,0.909,71.41
A0162,2025-05-09,337.1,14.68,38.75,75.85,0.909,76.69
A0162,2025-05-10,337.1,15.79,41.01,79.68,0.909,80.56
A0162,2025-05-11,337.1,8.38,25.31,51.69,0.909,52.29
A0162,2025-05-12,337.1,13.54,36.29,71.53,0.909,72.33
A0163,2025-04-29,4.1,17.79,27.46,38.15,0.556,28.95
A0163,2025-04-30,4.1,21.63,34.02,47.71,0.556,35.92
A0163,2025-05-01,4.1,17.48,26.19,35.82,0.556,27.53
A0163,2025-05-02,4.1,23.46,35.0,47.76,0.556,36.78
A0163,2025-05-03,4.1,24.4,37.48,51.94,0.556,39.49
A0163,2025-05-04,4.1,17.27,25.87,35.37,0.556,27.18
A0163,2025-05-05,4.1,17.6,26.39,36.09,0.556,27.73
A0163,2025-05-06,4.1,18.26,27.88,38.52,0.556,29.36
A0163,2025-05-07,4.1,19.16,29.63,41.2,0.556,31.24
A0163,2025-05-08,4.1,22.94,34.03,46.3,0.556,35.74
A0163,2025-05-09,4.1,23.41,35.12,48.06,0.556,36.92
A0163,2025-05-10,4.1,25.3,38.81,53.73,0.556,40.88
A0163,2025-05-11,4.1,15.36,22.88,31.19,0.556,24.04
A0163,2025-05-12,4.1,24.55,35.35,47.29,0.556,37.01
A0164,2025-04-29,341.2,12.12,19.35,28.12,0.909,28.32
A0164,2025-04-30,341.2,15.03,23.07,32.84,0.909,33.06
A0164,2025-05-01,341.2,11.01,16.08,22.25,0.909,22.39
A0164,2025-05-02,341.2,13.65,22.16,32.5,0.909,32.73
A0164,2025-05-03,341.2,14.44,23.23,33.93,0.909,34.17
A0164,2025-05-04,341.2,11.29,17.87,25.87,0.909,26.05
A0164,2025-05-05,341.2,9.34,13.89,19.43,0.909,19.56
A0164,2025-05-06,341.2,11.52,17.9,25.64,0.909,25.82
A0164,2025-05-07,341.2,11.89,18.89,27.39,0.909,27.58
A0164,2025-05-08,341.2,11.91,18.37,26.23,0.909,26.4
A0164,2025-05-09,341.2,12.87,20.63,30.06,0.909,30.27
A0164,2025-05-10,341.2,13.55,21.29,30.69,0.909,30.9
A0164,2025-05-11,341.2,9.06,14.35,20.77,0.909,20.92
A0164,2025-05-12,341.2,9.32,13.75,19.13,0.909,19.25
A0165,2025-04-29,5.6,25.9,37.58,56.11,0.556,40.16
A0165,2025-04-30,5.6,26.85,39.64,59.91,0.556,42.45
A0165,2025-05-01,5.6,21.13,30.42,45.14,0.556,32.47
A0165,2025-05-02,5.6,29.67,42.9,63.87,0.556,45.81
A0165,2025-05-03,5.6,31.72,46.93,71.04,0.556,50.28
A0165,2025-05-04,5.6,22.22,32.61,49.06,0.556,34.89
A0165,2025-05-05,5.6,21.68,31.72,47.62,0.556,33.93
A0165,2025-05-06,5.6,25.42,36.74,54.68,0.556,39.23
A0165,2025-05-07,5.6,25.95,37.93,56.93,0.556,40.57
A0165,2025-05-08,5.6,26.16,38.05,56.91,0.556,40.67
A0165,2025-05-09,5.6,29.3,42.44,63.26,0.556,45.33
A0165,2025-05-10,5.6,31.7,46.93,71.06,0.556,50.28
A0165,2025-05-11,5.6,20.21,29.79,44.98,0.556,31.9
A0165,2025-05-12,5.6,25.38,37.29,56.17,0.556,39.91
A0166,2025-04-29,423.3,54.07,72.39,95.37,0.909,95.89
A0166,2025-04-30,423.3,70.03,98.1,133.29,0.909,134.09
A0166,2025-05-01,423.3,45.23,62.33,83.77,0.909,84.26
A0166,2025-05-02,423.3,66.24,87.79,114.8,0.909,115.42
A0166,2025-05-03,423.3,64.08,87.29,116.39,0.909,117.05
A0166,2025-05-04,423.3,49.18,68.67,93.09,0.909,93.65
A0166,2025-05-05,423.3,52.24,70.71,93.87,0.909,94.4
A0166,2025-05-06,423.3,56.68,75.09,98.17,0.909,98.69
A0166,2025-05-07,423.3,60.55,82.31,109.6,0.909,110.22
A0166,2025-05-08,423.3,66.65,88.17,115.16,0.909,115.77
A0166,2025-05-09,423.3,70.4,93.14,121.65,0.909,122.3
A0166,2025-05-10,423.3,72.42,98.9,132.1,0.909,132.86
A0166,2025-05-11,423.3,45.23,61.83,82.65,0.909,83.12
A0166,2025-05-12,423.3,71.44,95.4,125.44,0.909,126.12
A0167,2025-04-29,4.3,98.56,150.55,217.39,0.556,159.83
A0167,2025-04-30,4.3,121.66,185.05,266.55,0.556,196.37
A0167,2025-05-01,4.3,93.6,144.56,210.1,0.556,153.66
A0167,2025-05-02,4.3,16.38,26.41,39.31,0.556,28.2
A0167,2025-05-03,4.3,18.54,29.31,43.14,0.556,31.23
A0167,2025-05-04,4.3,12.2,20.14,30.35,0.556,21.56
A0167,2025-05-05,4.3,14.31,22.49,33.0,0.556,23.95
A0167,2025-05-06,4.3,16.58,24.98,35.79,0.556,26.49
A0167,2025-05-07,4.3,17.13,25.44,36.11,0.556,26.92
A0167,2025-05-08,4.3,18.69,28.1,40.19,0.556,29.78
A0167,2025-05-09,4.3,20.38,30.27,42.99,0.556,32.04
A0167,2025-05-10,4.3,21.8,32.27,45.73,0.556,34.14
A0167,2025-05-11,4.3,13.33,19.92,28.41,0.556,21.1
A0167,2025-05-12,4.3,18.25,27.03,38.31,0.556,28.6
A0168,2025-04-29,427.0,7.57,10.73,15.8,0.909,15.91
A0168,2025-04-30,427.0,10.07,15.24,23.52,0.909,23.71
A0168,2025-05-01,427.0,6.43,8.84,12.69,0.909,12.78
A0168,2025-05-02,427.0,8.56,12.17,17.94,0.909,18.07
A0168,2025-05-03,427.0,8.22,11.76,17.44,0.909,17.57
A0168,2025-05-04,427.0,7.08,10.6,16.26,0.909,16.39
A0168,2025-05-05,427.0,4.95,7.05,10.42,0.909,10.5
A0168,2025-05-06,427.0,6.89,9.87,14.65,0.909,14.76
A0168,2025-05-07,427.0,6.6,9.81,14.95,0.909,15.07
A0168,2025-05-08,427.0,6.56,9.56,14.37,0.909,14.48
A0168,2025-05-09,427.0,7.46,10.91,16.43,0.909,16.56
A0168,2025-05-10,427.0,6.94,10.21,15.46,0.909,15.58
A0168,2025-05-11,427.0,4.87,7.17,10.87,0.909,10.95
A0168,2025-05-12,427.0,5.06,7.32,10.93,0.909,11.02
A0169,2025-04-29,2.6,128.24,169.07,221.12,0.556,176.3
A0169,2025-04-30,2.6,164.97,219.53,289.08,0.556,229.19
A0169,2025-05-01,2.6,107.59,142.37,186.72,0.556,148.53
A0169,2025-05-02,2.6,157.45,208.74,274.13,0.556,217.83
A0169,2025-05-03,2.6,164.31,219.7,290.32,0.556,229.51
A0169,2025-05-04,2.6,121.09,158.05,205.16,0.556,164.59
A0169,2025-05-05,2.6,110.96,146.53,191.89,0.556,152.83
A0169,2025-05-06,2.6,123.33,165.14,218.44,0.556,172.54
A0169,2025-05-07,2.6,129.83,173.19,228.48,0.556,180.87
A0169,2025-05-08,2.6,137.36,181.21,237.13,0.556,188.98
A0169,2025-05-09,2.6,155.49,205.99,270.37,0.556,214.93
A0169,2025-05-10,2.6,163.87,216.95,284.61,0.556,226.34
A0169,2025-05-11,2.6,98.92,129.76,169.08,0.556,135.22
A0169,2025-05-12,2.6,138.22,181.79,237.34,0.556,189.51
A0170,2025-04-29,9.8,40.62,59.72,83.01,0.556,62.95
A0170,2025-04-30,9.8,45.01,66.06,91.73,0.556,69.63
A0170,2025-05-01,9.8,38.16,54.94,75.41,0.556,57.79
A0170,2025-05-02,9.8,50.36,71.76,97.86,0.556,75.39
A0170,2025-05-03,9.8,53.48,76.04,103.55,0.556,79.86
A0170,2025-05-04,9.8,36.72,53.31,73.54,0.556,56.12
A0170,2025-05-05,9.8,37.84,54.04,73.78,0.556,56.78
A0170,2025-05-06,9.8,41.53,60.17,82.89,0.556,63.32
A0170,2025-05-07,9.8,42.19,60.51,82.86,0.556,63.62
A0170,2025-05-08,9.8,46.48,66.05,89.92,0.556,69.37
A0170,2025-05-09,9.8,50.47,71.97,98.18,0.556,75.61
A0170,2025-05-10,9.8,53.82,76.86,104.95,0.556,80.76
A0170,2025-05-11,9.8,33.22,47.71,65.38,0.556,50.17
A0170,2025-05-12,9.8,44.62,62.7,84.74,0.556,65.76
A0171,2025-04-29,5.1,42.13,58.03,77.65,0.556,60.75
A0171,2025-04-30,5.1,53.19,73.23,97.97,0.556,76.67
A0171,2025-05-01,5.1,34.96,47.57,63.14,0.556,49.73
A0171,2025-05-02,5.1,48.01,65.55,87.2,0.556,68.55
A0171,2025-05-03,5.1,50.22,68.31,90.63,0.556,71.41
A0171,2025-05-04,5.1,38.37,53.43,72.02,0.556,56.01
A0171,2025-05-05,5.1,38.47,52.3,69.37,0.556,54.67
A0171,2025-05-06,5.1,40.43,56.2,75.65,0.556,58.9
A0171,2025-05-07,5.1,42.16,58.78,79.29,0.556,61.63
A0171,2025-05-08,5.1,44.58,61.63,82.68,0.556,64.56
A0171,2025-05-09,5.1,48.06,66.37,88.98,0.556,69.51
A0171,2025-05-10,5.1,51.92,71.75,96.23,0.556,75.15
A0171,2025-05-11,5.1,32.77,45.78,61.84,0.556,48.01
A0171,2025-05-12,5.1,46.35,64.82,87.63,0.556,67.99
A0172,2025-04-29,4.0,7.37,23.39,49.21,0.556,26.97
A0172,2025-04-30,4.0,11.02,31.01,63.1,0.556,35.47
A0172,2025-05-01,4.0,6.82,22.01,46.23,0.556,25.37
A0172,2025-05-02,4.0,11.08,31.41,63.66,0.556,35.89
A0172,2025-05-03,4.0,12.36,34.18,69.13,0.556,39.03
A0172,2025-05-04,4.0,7.62,23.85,50.32,0.556,27.53
A0172,2025-05-05,4.0,7.48,23.58,49.66,0.556,27.2
A0172,2025-05-06,4.0,8.78,26.29,54.57,0.556,30.22
A0172,2025-05-07,4.0,9.54,27.95,57.36,0.556,32.03
A0172,2025-05-08,4.0,10.75,30.38,61.95,0.556,34.76
A0172,2025-05-09,4.0,12.06,33.21,67.03,0.556,37.91
A0172,2025-05-10,4.0,13.7,36.66,73.64,0.556,41.8
A0172,2025-05-11,4.0,6.78,21.94,46.59,0.556,25.37
A0172,2025-05-12,4.0,11.05,31.02,63.12,0.556,35.47
A0173,2025-04-29,26.9,37.75,52.3,75.23,0.909,75.75
A0173,2025-04-30,26.9,46.2,65.65,96.31,0.909,97.0
A0173,2025-05-01,26.9,32.21,47.19,70.81,0.909,71.35
A0173,2025-05-02,26.9,45.48,61.92,87.84,0.909,88.43
A0173,2025-05-03,26.9,44.09,59.91,84.86,0.909,85.43
A0173,2025-05-04,26.9,34.11,46.59,66.27,0.909,66.72
A0173,2025-05-05,26.9,38.19,57.4,87.68,0.909,88.37
A0173,2025-05-06,26.9,40.66,57.82,84.88,0.909,85.5
A0173,2025-05-07,26.9,42.27,57.74,82.13,0.909,82.69
A0173,2025-05-08,26.9,57.13,73.12,98.33,0.909,98.9
A0173,2025-05-09,26.9,61.28,79.02,107.0,0.909,107.64
A0173,2025-05-10,26.9,62.83,80.21,107.63,0.909,108.25
A0173,2025-05-11,26.9,41.96,54.0,72.99,0.909,73.43
A0173,2025-05-12,26.9,74.13,111.27,169.82,0.909,171.15
A0174,2025-04-29,199.4,20.22,29.66,39.8,0.909,40.03
A0174,2025-04-30,199.4,27.66,40.76,54.82,0.909,55.14
A0174,2025-05-01,199.4,18.41,28.44,39.2,0.909,39.44
A0174,2025-05-02,199.4,24.97,36.98,49.87,0.909,50.17
A0174,2025-05-03,199.4,26.95,39.22,52.39,0.909,52.69
A0174,2025-05-04,199.4,20.36,30.74,41.88,0.909,42.14
A0174,2025-05-05,199.4,18.25,27.39,37.19,0.909,37.41
A0174,2025-05-06,199.4,19.9,29.48,39.76,0.909,39.99
A0174,2025-05-07,199.4,20.54,30.66,41.51,0.909,41.75
A0174,2025-05-08,199.4,23.63,35.6,48.45,0.909,48.74
A0174,2025-05-09,199.4,24.87,36.86,49.73,0.909,50.03
A0174,2025-05-10,199.4,26.95,39.1,52.13,0.909,52.43
A0174,2025-05-11,199.4,16.1,24.59,33.71,0.909,33.92
A0174,2025-05-12,199.4,22.17,32.85,44.32,0.909,44.58
A0175,2025-04-29,361.9,13.58,21.33,31.96,0.909,32.2
A0175,2025-04-30,361.9,15.35,26.16,40.98,0.909,41.31
A0175,2025-05-01,361.9,10.81,17.52,26.73,0.909,26.93
A0175,2025-05-02,361.9,13.44,21.9,33.51,0.909,33.78
A0175,2025-05-03,361.9,14.4,23.99,37.14,0.909,37.44
A0175,2025-05-04,361.9,11.74,19.27,29.61,0.909,29.84
A0175,2025-05-05,361.9,10.47,16.63,25.07,0.909,25.27
A0175,2025-05-06,361.9,13.29,20.41,30.17,0.909,30.39
A0175,2025-05-07,361.9,12.59,20.7,31.83,0.909,32.08
A0175,2025-05-08,361.9,12.44,19.72,29.69,0.909,29.92
A0175,2025-05-09,361.9,13.35,21.37,32.36,0.909,32.61
A0175,2025-05-10,361.9,14.08,23.05,35.35,0.909,35.62
A0175,2025-05-11,361.9,10.32,15.81,23.32,0.909,23.49
A0175,2025-05-12,361.9,11.58,17.31,25.15,0.909,25.33
A0176,2025-04-29,201.0,22.21,33.09,46.91,0.909,47.22
A0176,2025-04-30,201.0,28.34,41.44,58.08,0.909,58.46
A0176,2025-05-01,201.0,20.91,29.99,41.53,0.909,41.79
A0176,2025-05-02,201.0,27.36,39.93,55.87,0.909,56.24
A0176,2025-05-03,201.0,27.73,41.61,59.22,0.909,59.62
A0176,2025-05-04,201.0,21.05,31.83,45.51,0.909,45.82
A0176,2025-05-05,201.0,20.23,29.19,40.57,0.909,40.83
A0176,2025-05-06,201.0,22.39,32.92,46.29,0.909,46.59
A0176,2025-05-07,201.0,21.92,33.86,49.03,0.909,49.37
A0176,2025-05-08,201.0,24.48,37.12,53.17,0.909,53.54
A0176,2025-05-09,201.0,26.81,39.56,55.74,0.909,56.1
A0176,2025-05-10,201.0,27.83,42.37,60.82,0.909,61.24
A0176,2025-05-11,201.0,17.68,27.5,39.97,0.909,40.25
A0176,2025-05-12,201.0,26.19,37.76,52.45,0.909,52.78
A0177,2025-04-29,150.7,14.99,22.27,31.67,0.909,31.88
A0177,2025-04-30,150.7,19.51,28.07,39.11,0.909,39.36
A0177,2025-05-01,150.7,13.78,20.25,28.6,0.909,28.79
A0177,2025-05-02,150.7,18.0,27.3,39.3,0.909,39.57
A0177,2025-05-03,150.7,19.54,29.1,41.43,0.909,41.71
A0177,2025-05-04,150.7,14.47,21.06,29.55,0.909,29.75
A0177,2025-05-05,150.7,14.27,21.31,30.39,0.909,30.59
A0177,2025-05-06,150.7,15.19,22.45,31.81,0.909,32.03
A0177,2025-05-07,150.7,15.83,23.64,33.7,0.909,33.93
A0177,2025-05-08,150.7,17.72,26.15,37.03,0.909,37.28
A0177,2025-05-09,150.7,18.28,27.59,39.59,0.909,39.86
A0177,2025-05-10,150.7,19.87,29.45,41.81,0.909,42.09
A0177,2025-05-11,150.7,12.24,18.33,26.18,0.909,26.36
A0177,2025-05-12,150.7,18.14,26.89,38.17,0.909,38.43
A0178,2025-04-29,197.9,12.16,20.8,29.54,0.909,29.74
A0178,2025-04-30,197.9,16.22,27.5,38.92,0.909,39.18
A0178,2025-05-01,197.9,11.35,18.91,26.56,0.909,26.73
A0178,2025-05-02,197.9,15.08,24.2,33.43,0.909,33.64
A0178,2025-05-03,197.9,16.99,27.17,37.49,0.909,37.72
A0178,2025-05-04,197.9,12.12,20.11,28.2,0.909,28.38
A0178,2025-05-05,197.9,11.51,17.97,24.52,0.909,24.67
A0178,2025-05-06,197.9,12.76,21.11,29.56,0.909,29.75
A0178,2025-05-07,197.9,13.25,22.69,32.24,0.909,32.46
A0178,2025-05-08,197.9,14.62,24.57,34.65,0.909,34.88
A0178,2025-05-09,197.9,15.0,24.26,33.64,0.909,33.85
A0178,2025-05-10,197.9,16.98,27.68,38.51,0.909,38.76
A0178,2025-05-11,197.9,10.17,16.99,23.89,0.909,24.05
A0178,2025-05-12,197.9,13.26,21.19,29.22,0.909,29.41
A0179,2025-04-29,5.1,173.65,220.99,297.86,0.556,231.66
A0179,2025-04-30,5.1,230.17,285.88,376.34,0.556,298.44
A0179,2025-05-01,5.1,160.36,205.92,279.9,0.556,216.19
A0179,2025-05-02,5.1,199.42,254.95,345.12,0.556,267.47
A0179,2025-05-03,5.1,212.1,267.68,357.94,0.556,280.22
A0179,2025-05-04,5.1,174.54,221.45,297.62,0.556,232.03
A0179,2025-05-05,5.1,163.41,206.37,276.13,0.556,216.06
A0179,2025-05-06,5.1,174.73,222.21,299.3,0.556,232.91
A0179,2025-05-07,5.1,178.37,227.52,307.32,0.556,238.6
A0179,2025-05-08,5.1,201.88,259.65,353.46,0.556,272.68
A0179,2025-05-09,5.1,207.17,265.25,359.57,0.556,278.35
A0179,2025-05-10,5.1,224.24,284.11,381.34,0.556,297.62
A0179,2025-05-11,5.1,144.44,186.22,254.07,0.556,195.64
A0179,2025-05-12,5.1,212.61,268.52,359.31,0.556,281.13
A0180,2025-04-29,167.2,10.38,16.09,22.92,0.909,23.08
A0180,2025-04-30,167.2,13.07,20.98,30.43,0.909,30.65
A0180,2025-05-01,167.2,9.67,15.21,21.85,0.909,22.0
A0180,2025-05-02,167.2,12.48,20.19,29.42,0.909,29.63
A0180,2025-05-03,167.2,13.83,22.12,32.04,0.909,32.26
A0180,2025-05-04,167.2,9.69,15.42,22.27,0.909,22.42
A0180,2025-05-05,167.2,9.09,15.48,23.13,0.909,23.3
A0180,2025-05-06,167.2,9.93,15.8,22.82,0.909,22.98
A0180,2025-05-07,167.2,9.75,15.99,23.46,0.909,23.63
A0180,2025-05-08,167.2,11.24,17.38,24.74,0.909,24.91
A0180,2025-05-09,167.2,12.07,19.73,28.89,0.909,29.1
A0180,2025-05-10,167.2,41.42,64.08,91.19,0.909,91.81
A0180,2025-05-11,167.2,25.32,38.64,54.58,0.909,54.94
A0180,2025-05-12,167.2,35.37,55.53,79.65,0.909,80.2
A0181,2025-04-29,3.5,125.25,172.98,235.04,0.556,181.6
A0181,2025-04-30,3.5,151.9,205.9,276.11,0.556,215.65
A0181,2025-05-01,3.5,111.5,155.91,213.65,0.556,163.93
A0181,2025-05-02,3.5,205.08,283.92,386.44,0.556,298.16
A0181,2025-05-03,3.5,214.31,297.01,404.56,0.556,311.95
A0181,2025-05-04,3.5,148.72,206.53,281.72,0.556,216.98
A0181,2025-05-05,3.5,109.21,152.23,208.17,0.556,160.0
A0181,2025-05-06,3.5,119.03,166.61,228.47,0.556,175.2
A0181,2025-05-07,3.5,123.59,170.92,232.45,0.556,179.46
A0181,2025-05-08,3.5,133.68,187.12,256.61,0.556,196.77
A0181,2025-05-09,3.5,152.4,211.07,287.36,0.556,221.67
A0181,2025-05-10,3.5,161.82,223.41,303.51,0.556,234.54
A0181,2025-05-11,3.5,95.01,132.3,180.79,0.556,139.03
A0181,2025-05-12,3.5,141.89,194.12,262.03,0.556,203.55
A0182,2025-04-29,6.6,112.38,149.06,188.55,0.556,154.55
A0182,2025-04-30,6.6,134.38,179.28,227.62,0.556,185.99
A0182,2025-05-01,6.6,107.83,145.18,185.38,0.556,150.76
A0182,2025-05-02,6.6,130.2,172.62,218.3,0.556,178.97
A0182,2025-05-03,6.6,134.86,181.71,232.14,0.556,188.71
A0182,2025-05-04,6.6,103.45,142.13,183.76,0.556,147.91
A0182,2025-05-05,6.6,109.48,145.02,183.28,0.556,150.33
A0182,2025-05-06,6.6,115.47,152.79,192.98,0.556,158.38
A0182,2025-05-07,6.6,112.49,147.91,186.04,0.556,153.21
A0182,2025-05-08,6.6,131.57,177.14,226.2,0.556,183.95
A0182,2025-05-09,6.6,132.92,175.91,222.19,0.556,182.34
A0182,2025-05-10,6.6,139.95,187.65,239.01,0.556,194.79
A0182,2025-05-11,6.6,92.58,124.78,159.45,0.556,129.6
A0182,2025-05-12,6.6,135.57,178.98,225.71,0.556,185.47
A0183,2025-04-29,6.6,49.31,65.54,86.88,0.556,68.5
A0183,2025-04-30,6.6,60.88,81.09,107.68,0.556,84.79
A0183,2025-05-01,6.6,45.93,61.48,81.92,0.556,64.32
A0183,2025-05-02,6.6,61.99,83.27,111.25,0.556,87.15
A0183,2025-05-03,6.6,62.9,83.56,110.75,0.556,87.34
A0183,2025-05-04,6.6,48.76,66.11,88.93,0.556,69.28
A0183,2025-05-05,6.6,48.2,63.75,84.21,0.556,66.59
A0183,2025-05-06,6.6,51.61,68.36,90.4,0.556,71.42
A0183,2025-05-07,6.6,52.78,69.25,90.92,0.556,72.26
A0183,2025-05-08,6.6,60.92,80.22,105.61,0.556,83.75
A0183,2025-05-09,6.6,63.23,85.01,113.68,0.556,88.99
A0183,2025-05-10,6.6,66.42,87.75,115.82,0.556,91.65
A0183,2025-05-11,6.6,42.95,57.98,77.75,0.556,60.72
A0183,2025-05-12,6.6,61.39,81.22,107.31,0.556,84.85
A0184,2025-04-29,12.7,126.78,166.2,261.17,0.909,263.33
A0184,2025-04-30,12.7,147.82,189.44,289.7,0.909,291.97
A0184,2025-05-01,12.7,116.89,151.86,236.11,0.909,238.03
A0184,2025-05-02,12.7,150.78,197.6,310.42,0.909,312.98
A0184,2025-05-03,12.7,154.51,197.75,301.9,0.909,304.27
A0184,2025-05-04,12.7,112.37,143.7,219.17,0.909,220.88
A0184,2025-05-05,12.7,115.84,150.15,232.78,0.909,234.66
A0184,2025-05-06,12.7,128.44,168.51,265.06,0.909,267.25
A0184,2025-05-07,12.7,136.17,173.06,261.92,0.909,263.94
A0184,2025-05-08,12.7,142.31,185.6,289.91,0.909,292.28
A0184,2025-05-09,12.7,153.29,202.05,319.5,0.909,322.17
A0184,2025-05-10,12.7,159.88,206.4,318.49,0.909,321.04
A0184,2025-05-11,12.7,100.33,129.21,198.79,0.909,200.37
A0184,2025-05-12,12.7,140.82,184.4,289.38,0.909,291.77
A0185,2025-04-29,345.7,32.97,45.87,64.2,0.909,64.62
A0185,2025-04-30,345.7,42.81,63.76,93.55,0.909,94.23
A0185,2025-05-01,345.7,28.85,40.63,57.38,0.909,57.76
A0185,2025-05-02,345.7,40.46,57.15,80.87,0.909,81.41
A0185,2025-05-03,345.7,37.46,51.74,72.06,0.909,72.52
A0185,2025-05-04,345.7,32.3,46.19,65.94,0.909,66.39
A0185,2025-05-05,345.7,34.82,49.02,69.2,0.909,69.66
A0185,2025-05-06,345.7,36.33,50.62,70.94,0.909,71.4
A0185,2025-05-07,345.7,37.1,51.99,73.17,0.909,73.65
A0185,2025-05-08,345.7,41.93,57.67,80.06,0.909,80.57
A0185,2025-05-09,345.7,44.64,62.59,88.12,0.909,88.7
A0185,2025-05-10,345.7,43.19,59.66,83.08,0.909,83.61
A0185,2025-05-11,345.7,31.0,43.2,60.55,0.909,60.94
A0185,2025-05-12,345.7,49.45,71.99,104.03,0.909,104.76
A0186,2025-04-29,3.2,51.75,71.9,98.79,0.556,75.64
A0186,2025-04-30,3.2,61.75,87.4,121.62,0.556,92.15
A0186,2025-05-01,3.2,47.17,64.98,88.75,0.556,68.28
A0186,2025-05-02,3.2,65.37,90.79,124.7,0.556,95.5
A0186,2025-05-03,3.2,66.91,93.74,129.54,0.556,98.71
A0186,2025-05-04,3.2,46.57,66.49,93.08,0.556,70.19
A0186,2025-05-05,3.2,48.25,66.05,89.8,0.556,69.35
A0186,2025-05-06,3.2,53.05,73.2,100.09,0.556,76.94
A0186,2025-05-07,3.2,53.86,73.82,100.44,0.556,77.51
A0186,2025-05-08,3.2,59.86,82.8,113.4,0.556,87.05
A0186,2025-05-09,3.2,66.27,91.47,125.09,0.556,96.14
A0186,2025-05-10,3.2,68.3,94.7,129.91,0.556,99.59
A0186,2025-05-11,3.2,41.32,57.28,78.58,0.556,60.24
A0186,2025-05-12,3.2,59.93,81.95,111.32,0.556,86.02
A0187,2025-04-29,4.9,18.81,27.97,37.7,0.556,29.32
A0187,2025-04-30,4.9,22.86,34.62,47.13,0.556,36.36
A0187,2025-05-01,4.9,17.29,26.38,36.04,0.556,27.72
A0187,2025-05-02,4.9,23.15,34.46,46.5,0.556,36.14
A0187,2025-05-03,4.9,25.08,37.52,50.75,0.556,39.36
A0187,2025-05-04,4.9,15.9,24.2,33.03,0.556,25.43
A0187,2025-05-05,4.9,18.69,28.42,38.76,0.556,29.85
A0187,2025-05-06,4.9,19.53,28.86,38.79,0.556,30.24
A0187,2025-05-07,4.9,20.71,30.18,40.26,0.556,31.58
A0187,2025-05-08,4.9,22.25,32.93,44.28,0.556,34.5
A0187,2025-05-09,4.9,23.51,34.81,46.83,0.556,36.48
A0187,2025-05-10,4.9,25.74,38.05,51.13,0.556,39.86
A0187,2025-05-11,4.9,14.64,21.66,29.13,0.556,22.7
A0187,2025-05-12,4.9,22.52,33.87,45.93,0.556,35.55
A0188,2025-04-29,5.6,11.72,18.75,25.13,0.556,19.63
A0188,2025-04-30,5.6,14.08,23.11,31.3,0.556,24.25
A0188,2025-05-01,5.6,9.74,14.88,19.56,0.556,15.53
A0188,2025-05-02,5.6,13.37,20.99,27.91,0.556,21.95
A0188,2025-05-03,5.6,14.35,22.26,29.45,0.556,23.26
A0188,2025-05-04,5.6,10.29,17.34,23.74,0.556,18.23
A0188,2025-05-05,5.6,9.97,15.51,20.54,0.556,16.21
A0188,2025-05-06,5.6,11.35,18.16,24.35,0.556,19.02
A0188,2025-05-07,5.6,11.2,18.74,25.59,0.556,19.69
A0188,2025-05-08,5.6,12.53,19.84,26.48,0.556,20.76
A0188,2025-05-09,5.6,12.95,20.64,27.62,0.556,21.61
A0188,2025-05-10,5.6,13.86,22.05,29.5,0.556,23.09
A0188,2025-05-11,5.6,8.44,14.39,19.79,0.556,15.14
A0188,2025-05-12,5.6,10.99,18.28,24.89,0.556,19.2
A0189,2025-04-29,390.4,43.55,63.56,88.55,0.909,89.12
A0189,2025-04-30,390.4,51.8,75.63,105.4,0.909,106.08
A0189,2025-05-01,390.4,41.5,58.71,80.21,0.909,80.7
A0189,2025-05-02,390.4,55.23,78.9,108.46,0.909,109.13
A0189,2025-05-03,390.4,56.54,79.27,107.67,0.909,108.31
A0189,2025-05-04,390.4,41.4,59.84,82.88,0.909,83.41
A0189,2025-05-05,390.4,42.13,60.4,83.21,0.909,83.73
A0189,2025-05-06,390.4,46.62,66.36,91.01,0.909,91.57
A0189,2025-05-07,390.4,46.89,67.15,92.45,0.909,93.02
A0189,2025-05-08,390.4,50.7,71.79,98.12,0.909,98.72
A0189,2025-05-09,390.4,55.2,78.95,108.62,0.909,109.3
A0189,2025-05-10,390.4,56.52,79.57,108.37,0.909,109.03
A0189,2025-05-11,390.4,36.58,52.56,72.52,0.909,72.98
A0189,2025-05-12,390.4,48.53,69.93,96.66,0.909,97.27
A0190,2025-04-29,3.5,57.06,81.72,117.33,0.556,86.66
A0190,2025-04-30,3.5,66.54,90.89,126.08,0.556,95.78
A0190,2025-05-01,3.5,50.34,72.61,104.78,0.556,77.08
A0190,2025-05-02,3.5,69.93,99.69,142.69,0.556,105.67
A0190,2025-05-03,3.5,73.71,105.57,151.59,0.556,111.96
A0190,2025-05-04,3.5,50.28,69.78,97.94,0.556,73.69
A0190,2025-05-05,3.5,53.87,78.44,113.94,0.556,83.37
A0190,2025-05-06,3.5,56.84,81.69,117.6,0.556,86.68
A0190,2025-05-07,3.5,58.46,83.42,119.48,0.556,88.43
A0190,2025-05-08,3.5,62.8,88.31,125.16,0.556,93.43
A0190,2025-05-09,3.5,69.93,99.48,142.17,0.556,105.41
A0190,2025-05-10,3.5,73.36,104.65,149.85,0.556,110.93
A0190,2025-05-11,3.5,44.63,64.59,93.44,0.556,68.6
A0190,2025-05-12,3.5,63.23,90.85,130.74,0.556,96.39
A0191,2025-04-29,5.7,38.37,55.26,74.24,0.556,57.9
A0191,2025-04-30,5.7,47.19,68.14,91.67,0.556,71.41
A0191,2025-05-01,5.7,36.49,49.71,64.56,0.556,51.77
A0191,2025-05-02,5.7,50.15,70.97,94.35,0.556,74.22
A0191,2025-05-03,5.7,51.15,74.12,99.91,0.556,77.7
A0191,2025-05-04,5.7,35.48,51.61,69.72,0.556,54.12
A0191,2025-05-05,5.7,39.96,55.52,72.99,0.556,57.95
A0191,2025-05-06,5.7,41.75,58.69,77.72,0.556,61.33
A0191,2025-05-07,5.7,43.75,59.87,77.98,0.556,62.39
A0191,2025-05-08,5.7,48.39,66.65,87.17,0.556,69.5
A0191,2025-05-09,5.7,51.27,72.05,95.39,0.556,75.29
A0191,2025-05-10,5.7,53.66,76.52,102.19,0.556,80.08
A0191,2025-05-11,5.7,32.8,45.76,60.32,0.556,47.78
A0191,2025-05-12,5.7,52.42,72.86,95.81,0.556,76.04
A0192,2025-04-29,3.4,113.86,153.41,208.79,0.556,161.1
A0192,2025-04-30,3.4,137.5,186.48,255.08,0.556,196.01
A0192,2025-05-01,3.4,101.44,138.14,189.54,0.556,145.28
A0192,2025-05-02,3.4,140.91,189.1,256.59,0.556,198.47
A0192,2025-05-03,3.4,149.39,202.61,277.14,0.556,212.96
A0192,2025-05-04,3.4,101.87,137.95,188.49,0.556,144.97
A0192,2025-05-05,3.4,108.83,144.98,195.6,0.556,152.01
A0192,2025-05-06,3.4,116.43,156.02,211.46,0.556,163.72
A0192,2025-05-07,3.4,123.17,163.15,219.13,0.556,170.92
A0192,2025-05-08,3.4,131.23,174.79,235.8,0.556,183.27
A0192,2025-05-09,3.4,144.26,192.62,260.34,0.556,202.02
A0192,2025-05-10,3.4,154.74,208.29,283.28,0.556,218.71
A0192,2025-05-11,3.4,91.29,121.68,164.25,0.556,127.6
A0192,2025-05-12,3.4,128.16,170.18,229.04,0.556,178.36
A0193,2025-04-29,4.2,17.37,27.84,37.47,0.556,29.18
A0193,2025-04-30,4.2,21.84,35.23,47.53,0.556,36.93
A0193,2025-05-01,4.2,16.51,26.99,36.62,0.556,28.33
A0193,2025-05-02,4.2,21.04,34.02,45.95,0.556,35.68
A0193,2025-05-03,4.2,21.68,35.78,48.74,0.556,37.58
A0193,2025-05-04,4.2,15.53,24.92,33.54,0.556,26.12
A0193,2025-05-05,4.2,16.46,26.9,36.49,0.556,28.23
A0193,2025-05-06,4.2,17.28,28.21,38.25,0.556,29.6
A0193,2025-05-07,4.2,17.79,27.91,37.2,0.556,29.2
A0193,2025-05-08,4.2,20.0,32.19,43.39,0.556,33.75
A0193,2025-05-09,4.2,20.78,33.71,45.58,0.556,35.35
A0193,2025-05-10,4.2,21.94,35.62,48.19,0.556,37.36
A0193,2025-05-11,4.2,13.4,21.03,28.04,0.556,22.0
A0193,2025-05-12,4.2,20.94,33.29,44.65,0.556,34.87
A0194,2025-04-29,4.0,28.81,40.5,55.53,0.556,42.59
A0194,2025-04-30,4.0,35.22,51.45,72.29,0.556,54.34
A0194,2025-05-01,4.0,26.37,38.36,53.77,0.556,40.5
A0194,2025-05-02,4.0,37.82,52.93,72.36,0.556,55.63
A0194,2025-05-03,4.0,36.58,54.67,77.93,0.556,57.9
A0194,2025-05-04,4.0,25.92,38.25,54.1,0.556,40.46
A0194,2025-05-05,4.0,27.91,39.67,54.78,0.556,41.77
A0194,2025-05-06,4.0,29.96,41.85,57.15,0.556,43.98
A0194,2025-05-07,4.0,32.17,45.41,62.43,0.556,47.78
A0194,2025-05-08,4.0,35.63,50.43,69.46,0.556,53.08
A0194,2025-05-09,4.0,38.88,54.07,73.59,0.556,56.78
A0194,2025-05-10,4.0,122.29,175.17,243.14,0.556,184.61
A0194,2025-05-11,4.0,75.9,106.7,146.29,0.556,112.2
A0194,2025-05-12,4.0,108.01,149.89,203.71,0.556,157.37
A0195,2025-04-29,347.8,18.3,27.83,41.65,0.909,41.97
A0195,2025-04-30,347.8,18.88,29.88,45.82,0.909,46.18
A0195,2025-05-01,347.8,16.63,24.77,36.57,0.909,36.84
A0195,2025-05-02,347.8,18.95,28.91,43.35,0.909,43.68
A0195,2025-05-03,347.8,20.58,31.8,48.07,0.909,48.44
A0195,2025-05-04,347.8,15.01,24.56,38.42,0.909,38.74
A0195,2025-05-05,347.8,31.4,47.13,69.93,0.909,70.45
A0195,2025-05-06,347.8,38.81,60.08,90.94,0.909,91.65
A0195,2025-05-07,347.8,36.97,58.38,89.44,0.909,90.15
A0195,2025-05-08,347.8,38.75,60.07,91.0,0.909,91.7
A0195,2025-05-09,347.8,14.22,23.62,37.26,0.909,37.57
A0195,2025-05-10,347.8,16.1,26.58,41.79,0.909,42.13
A0195,2025-05-11,347.8,11.57,19.04,29.88,0.909,30.13
A0195,2025-05-12,347.8,13.73,20.69,30.8,0.909,31.03
A0196,2025-04-29,430.0,16.12,24.32,34.86,0.909,35.1
A0196,2025-04-30,430.0,18.64,28.34,40.79,0.909,41.07
A0196,2025-05-01,430.0,13.15,19.84,28.44,0.909,28.63
A0196,2025-05-02,430.0,20.19,30.53,43.82,0.909,44.12
A0196,2025-05-03,430.0,19.83,29.81,42.62,0.909,42.92
A0196,2025-05-04,430.0,15.35,23.23,33.35,0.909,33.58
A0196,2025-05-05,430.0,13.34,20.17,28.95,0.909,29.15
A0196,2025-05-06,430.0,15.58,23.55,33.77,0.909,34.01
A0196,2025-05-07,430.0,15.77,23.98,34.53,0.909,34.77
A0196,2025-05-08,430.0,17.54,26.8,38.7,0.909,38.97
A0196,2025-05-09,430.0,19.7,30.06,43.37,0.909,43.68
A0196,2025-05-10,430.0,19.89,30.05,43.1,0.909,43.4
A0196,2025-05-11,430.0,12.89,19.56,28.13,0.909,28.32
A0196,2025-05-12,430.0,16.96,25.78,37.11,0.909,37.37
A0197,2025-04-29,5.2,14.68,22.15,33.34,0.556,23.71
A0197,2025-04-30,5.2,18.11,29.49,46.53,0.556,31.86
A0197,2025-05-01,5.2,14.11,21.2,31.81,0.556,22.67
A0197,2025-05-02,5.2,17.84,27.01,40.73,0.556,28.92
A0197,2025-05-03,5.2,17.93,28.3,43.8,0.556,30.45
A0197,2025-05-04,5.2,13.68,23.33,37.78,0.556,25.34
A0197,2025-05-05,5.2,13.64,20.66,31.15,0.556,22.11
A0197,2025-05-06,5.2,15.0,22.58,33.93,0.556,24.16
A0197,2025-05-07,5.2,15.53,22.41,32.7,0.556,23.83
A0197,2025-05-08,5.2,16.36,24.13,35.76,0.556,25.75
A0197,2025-05-09,5.2,17.58,26.56,40.0,0.556,28.43
A0197,2025-05-10,5.2,18.09,27.99,42.81,0.556,30.05
A0197,2025-05-11,5.2,11.96,18.1,27.28,0.556,19.37
A0197,2025-05-12,5.2,16.79,24.4,35.79,0.556,25.98
A0198,2025-04-29,376.4,13.1,20.41,29.39,0.909,29.6
A0198,2025-04-30,376.4,14.77,22.79,32.65,0.909,32.87
A0198,2025-05-01,376.4,13.02,20.15,28.91,0.909,29.11
A0198,2025-05-02,376.4,15.8,24.56,35.34,0.909,35.59
A0198,2025-05-03,376.4,16.35,26.32,38.57,0.909,38.85
A0198,2025-05-04,376.4,12.67,19.7,28.35,0.909,28.55
A0198,2025-05-05,376.4,11.66,17.34,24.33,0.909,24.49
A0198,2025-05-06,376.4,13.99,20.87,29.32,0.909,29.51
A0198,2025-05-07,376.4,13.28,19.7,27.61,0.909,27.79
A0198,2025-05-08,376.4,13.86,20.81,29.36,0.909,29.56
A0198,2025-05-09,376.4,14.94,22.81,32.48,0.909,32.7
A0198,2025-05-10,376.4,15.57,23.89,34.13,0.909,34.36
A0198,2025-05-11,376.4,11.46,16.84,23.46,0.909,23.61
A0198,2025-05-12,376.4,13.35,18.05,23.83,0.909,23.96
A0199,2025-04-29,7.9,223.95,300.4,385.68,0.556,312.24
A0199,2025-04-30,7.9,264.58,354.23,454.24,0.556,368.12
A0199,2025-05-01,7.9,193.67,260.41,334.87,0.556,270.75
A0199,2025-05-02,7.9,270.66,362.32,464.57,0.556,376.52
A0199,2025-05-03,7.9,270.33,366.13,473.01,0.556,380.98
A0199,2025-05-04,7.9,215.22,292.03,377.72,0.556,303.93
A0199,2025-05-05,7.9,201.5,258.87,322.88,0.556,267.76
A0199,2025-05-06,7.9,231.64,308.82,394.92,0.556,320.78
A0199,2025-05-07,7.9,242.22,319.89,406.53,0.556,331.92
A0199,2025-05-08,7.9,257.53,343.22,438.8,0.556,356.49
A0199,2025-05-09,7.9,278.28,367.63,467.32,0.556,381.48
A0199,2025-05-10,7.9,280.54,372.02,474.08,0.556,386.2
A0199,2025-05-11,7.9,184.32,251.29,326.0,0.556,261.67
A0199,2025-05-12,7.9,250.94,324.57,406.71,0.556,335.98
A0200,2025-04-29,189.6,13.3,16.9,20.85,0.909,20.94
A0200,2025-04-30,189.6,16.22,21.72,27.74,0.909,27.88
A0200,2025-05-01,189.6,12.18,16.9,22.07,0.909,22.19
A0200,2025-05-02,189.6,16.04,20.96,26.35,0.909,26.47
A0200,2025-05-03,189.6,16.27,22.68,29.7,0.909,29.86
A0200,2025-05-04,189.6,11.28,16.14,21.46,0.909,21.58
A0200,2025-05-05,189.6,12.47,16.96,21.87,0.909,21.99
A0200,2025-05-06,189.6,13.65,17.05,20.76,0.909,20.85
A0200,2025-05-07,189.6,13.95,18.37,23.22,0.909,23.33
A0200,2025-05-08,189.6,15.0,19.82,25.09,0.909,25.21
A0200,2025-05-09,189.6,16.15,20.99,26.28,0.909,26.4
A0200,2025-05-10,189.6,16.79,23.17,30.16,0.909,30.32
A0200,2025-05-11,189.6,10.25,14.04,18.2,0.909,18.29
A0200,2025-05-12,189.6,14.53,18.76,23.39,0.909,23.49
A0201,2025-04-29,308.4,11.95,19.52,29.2,0.909,29.42
A0201,2025-04-30,308.4,14.19,22.72,33.66,0.909,33.91
A0201,2025-05-01,308.4,11.32,18.21,27.03,0.909,27.23
A0201,2025-05-02,308.4,14.36,21.94,31.66,0.909,31.88
A0201,2025-05-03,308.4,14.74,23.93,35.71,0.909,35.98
A0201,2025-05-04,308.4,5.95,11.15,17.82,0.909,17.97
A0201,2025-05-05,308.4,5.28,9.55,15.02,0.909,15.15
A0201,2025-05-06,308.4,6.81,11.79,18.18,0.909,18.32
A0201,2025-05-07,308.4,7.23,12.88,20.11,0.909,20.28
A0201,2025-05-08,308.4,7.24,13.17,20.78,0.909,20.95
A0201,2025-05-09,308.4,8.22,13.51,20.28,0.909,20.44
A0201,2025-05-10,308.4,8.72,15.04,23.13,0.909,23.32
A0201,2025-05-11,308.4,6.08,10.33,15.78,0.909,15.9
A0201,2025-05-12,308.4,7.06,11.01,16.06,0.909,16.18
A0202,2025-04-29,5.9,62.68,70.8,85.74,0.556,72.87
A0202,2025-04-30,5.9,77.31,87.24,105.54,0.556,89.78
A0202,2025-05-01,5.9,58.13,68.85,88.6,0.556,71.59
A0202,2025-05-02,5.9,72.96,83.12,101.84,0.556,85.72
A0202,2025-05-03,5.9,78.39,89.98,111.33,0.556,92.95
A0202,2025-05-04,5.9,59.54,67.26,81.46,0.556,69.23
A0202,2025-05-05,5.9,61.54,72.34,92.22,0.556,75.1
A0202,2025-05-06,5.9,62.45,70.14,84.31,0.556,72.11
A0202,2025-05-07,5.9,63.68,73.86,92.6,0.556,76.46
A0202,2025-05-08,5.9,71.95,82.95,103.23,0.556,85.77
A0202,2025-05-09,5.9,73.63,83.73,102.34,0.556,86.32
A0202,2025-05-10,5.9,80.01,91.68,113.17,0.556,94.67
A0202,2025-05-11,5.9,51.89,59.47,73.44,0.556,61.41
A0202,2025-05-12,5.9,73.53,83.89,102.96,0.556,86.54
A0203,2025-04-29,418.6,30.86,44.59,60.99,0.909,61.36
A0203,2025-04-30,418.6,38.58,55.46,75.6,0.909,76.06
A0203,2025-05-01,418.6,26.4,36.88,49.4,0.909,49.68
A0203,2025-05-02,418.6,36.27,52.66,72.22,0.909,72.67
A0203,2025-05-03,418.6,39.72,55.14,73.53,0.909,73.95
A0203,2025-05-04,418.6,28.55,40.17,54.03,0.909,54.34
A0203,2025-05-05,418.6,27.02,37.68,50.4,0.909,50.69
A0203,2025-05-06,418.6,31.03,44.67,60.94,0.909,61.31
A0203,2025-05-07,418.6,57.24,86.11,120.58,0.909,121.37
A0203,2025-05-08,418.6,58.86,89.31,125.65,0.909,126.48
A0203,2025-05-09,418.6,64.25,99.03,140.55,0.909,141.49
A0203,2025-05-10,418.6,66.93,99.41,138.19,0.909,139.07
A0203,2025-05-11,418.6,42.22,62.89,87.57,0.909,88.13
A0203,2025-05-12,418.6,23.93,37.24,53.13,0.909,53.49
A0204,2025-04-29,5.6,9.52,16.94,26.02,0.556,18.2
A0204,2025-04-30,5.6,11.98,21.08,32.22,0.556,22.63
A0204,2025-05-01,5.6,9.81,16.85,25.47,0.556,18.05
A0204,2025-05-02,5.6,11.91,20.14,30.22,0.556,21.54
A0204,2025-05-03,5.6,12.78,22.28,33.92,0.556,23.9
A0204,2025-05-04,5.6,9.16,16.43,25.32,0.556,17.66
A0204,2025-05-05,5.6,8.44,15.5,24.14,0.556,16.7
A0204,2025-05-06,5.6,9.03,16.46,25.56,0.556,17.73
A0204,2025-05-07,5.6,9.05,16.22,25.0,0.556,17.44
A0204,2025-05-08,5.6,10.1,17.48,26.52,0.556,18.74
A0204,2025-05-09,5.6,10.64,18.7,28.58,0.556,20.08
A0204,2025-05-10,5.6,11.53,20.72,31.97,0.556,22.28
A0204,2025-05-11,5.6,7.09,12.8,19.79,0.556,13.77
A0204,2025-05-12,5.6,9.68,17.02,26.01,0.556,18.27
A0205,2025-04-29,148.4,37.42,58.82,82.13,0.909,82.65
A0205,2025-04-30,148.4,48.1,75.19,104.69,0.909,105.36
A0205,2025-05-01,148.4,15.14,24.58,34.87,0.909,35.1
A0205,2025-05-02,148.4,22.51,34.76,48.1,0.909,48.4
A0205,2025-05-03,148.4,23.76,37.19,51.81,0.909,52.15
A0205,2025-05-04,148.4,17.64,28.2,39.7,0.909,39.96
A0205,2025-05-05,148.4,18.53,27.94,38.19,0.909,38.43
A0205,2025-05-06,148.4,20.58,31.81,44.05,0.909,44.33
A0205,2025-05-07,148.4,22.21,33.45,45.68,0.909,45.96
A0205,2025-05-08,148.4,23.99,35.83,48.73,0.909,49.02
A0205,2025-05-09,148.4,80.12,110.43,143.43,0.909,144.18
A0205,2025-05-10,148.4,82.98,116.83,153.69,0.909,154.52
A0205,2025-05-11,148.4,49.87,70.78,93.55,0.909,94.07
A0205,2025-05-12,148.4,71.64,99.24,129.29,0.909,129.98
A0206,2025-04-29,437.8,13.21,19.93,28.73,0.909,28.93
A0206,2025-04-30,437.8,16.38,23.94,33.81,0.909,34.03
A0206,2025-05-01,437.8,11.87,16.88,23.43,0.909,23.58
A0206,2025-05-02,437.8,15.86,23.53,33.56,0.909,33.79
A0206,2025-05-03,437.8,16.43,23.86,33.57,0.909,33.79
A0206,2025-05-04,437.8,12.12,18.04,25.79,0.909,25.96
A0206,2025-05-05,437.8,11.86,17.8,25.56,0.909,25.74
A0206,2025-05-06,437.8,12.66,19.13,27.59,0.909,27.78
A0206,2025-05-07,437.8,13.19,20.55,30.17,0.909,30.39
A0206,2025-05-08,437.8,13.95,20.61,29.32,0.909,29.51
A0206,2025-05-09,437.8,15.22,23.03,33.24,0.909,33.47
A0206,2025-05-10,437.8,15.88,23.71,33.96,0.909,34.19
A0206,2025-05-11,437.8,10.2,15.88,23.32,0.909,23.49
A0206,2025-05-12,437.8,14.68,22.05,31.67,0.909,31.89
A0207,2025-04-29,368.1,37.96,53.5,71.27,0.909,71.67
A0207,2025-04-30,368.1,48.74,72.09,98.78,0.909,99.39
A0207,2025-05-01,368.1,32.51,46.01,61.44,0.909,61.79
A0207,2025-05-02,368.1,43.01,60.85,81.23,0.909,81.7
A0207,2025-05-03,368.1,45.0,63.42,84.48,0.909,84.96
A0207,2025-05-04,368.1,34.99,51.89,71.21,0.909,71.64
A0207,2025-05-05,368.1,32.96,46.87,62.78,0.909,63.14
A0207,2025-05-06,368.1,196.46,292.56,402.41,0.909,404.9
A0207,2025-05-07,368.1,203.96,306.06,422.78,0.909,425.44
A0207,2025-05-08,368.1,218.44,325.25,447.34,0.909,450.11
A0207,2025-05-09,368.1,234.18,347.92,477.93,0.909,480.88
A0207,2025-05-10,368.1,241.68,361.36,498.16,0.909,501.27
A0207,2025-05-11,368.1,154.0,231.61,320.33,0.909,322.35
A0207,2025-05-12,368.1,31.3,47.75,66.54,0.909,66.97
A0208,2025-04-29,2.7,29.97,68.68,128.3,0.556,76.96
A0208,2025-04-30,2.7,41.72,90.64,165.23,0.556,101.0
A0208,2025-05-01,2.7,27.71,63.57,118.16,0.556,71.15
A0208,2025-05-02,2.7,42.39,92.61,168.22,0.556,103.11
A0208,2025-05-03,2.7,45.38,98.4,178.49,0.556,109.52
A0208,2025-05-04,2.7,29.4,67.09,124.74,0.556,75.1
A0208,2025-05-05,2.7,30.36,69.03,127.79,0.556,77.19
A0208,2025-05-06,2.7,32.74,74.06,136.73,0.556,82.76
A0208,2025-05-07,2.7,34.98,78.14,142.51,0.556,87.08
A0208,2025-05-08,2.7,38.92,85.95,156.83,0.556,95.8
A0208,2025-05-09,2.7,43.31,94.94,172.27,0.556,105.68
A0208,2025-05-10,2.7,46.82,101.65,183.99,0.556,113.09
A0208,2025-05-11,2.7,24.08,57.27,107.59,0.556,64.26
A0208,2025-05-12,2.7,38.38,85.73,156.98,0.556,95.62
A0209,2025-04-29,175.0,18.64,32.41,47.71,0.909,48.05
A0209,2025-04-30,175.0,24.15,43.18,64.33,0.909,64.81
A0209,2025-05-01,175.0,5.59,10.45,15.84,0.909,15.97
A0209,2025-05-02,175.0,6.71,13.52,21.1,0.909,21.27
A0209,2025-05-03,175.0,7.94,15.02,22.89,0.909,23.07
A0209,2025-05-04,175.0,5.42,11.39,18.03,0.909,18.18
A0209,2025-05-05,175.0,5.62,10.99,16.96,0.909,17.1
A0209,2025-05-06,175.0,5.92,11.52,17.74,0.909,17.88
A0209,2025-05-07,175.0,6.02,11.74,18.11,0.909,18.25
A0209,2025-05-08,175.0,6.75,12.91,19.75,0.909,19.91
A0209,2025-05-09,175.0,7.14,14.01,21.64,0.909,21.81
A0209,2025-05-10,175.0,8.09,15.29,23.29,0.909,23.48
A0209,2025-05-11,175.0,5.02,9.7,14.89,0.909,15.01
A0209,2025-05-12,175.0,6.47,13.02,20.3,0.909,20.46
A0210,2025-04-29,35.3,1.43,9.8,24.31,0.909,24.64
A0210,2025-04-30,35.3,1.31,9.46,23.44,0.909,23.75
A0210,2025-05-01,35.3,0.49,6.07,16.99,0.909,17.24
A0210,2025-05-02,35.3,1.6,10.64,25.7,0.909,26.05
A0210,2025-05-03,35.3,2.08,11.74,27.77,0.909,28.14
A0210,2025-05-04,35.3,1.02,8.95,22.47,0.909,22.77
A0210,2025-05-05,35.3,1.68,10.38,25.27,0.909,25.61
A0210,2025-05-06,35.3,2.22,11.9,28.13,0.909,28.5
A0210,2025-05-07,35.3,2.69,12.98,29.83,0.909,30.21
A0210,2025-05-08,35.3,3.58,14.81,33.4,0.909,33.83
A0210,2025-05-09,35.3,4.35,16.63,36.74,0.909,37.2
A0210,2025-05-10,35.3,4.96,17.9,39.14,0.909,39.63
A0210,2025-05-11,35.3,2.02,11.31,26.84,0.909,27.19
A0210,2025-05-12,35.3,5.53,18.91,41.15,0.909,41.66
A0211,2025-04-29,208.5,24.6,36.78,48.83,0.909,49.1
A0211,2025-04-30,208.5,30.87,46.24,61.45,0.909,61.8
A0211,2025-05-01,208.5,21.79,31.39,40.88,0.909,41.1
A0211,2025-05-02,208.5,29.4,42.8,56.06,0.909,56.36
A0211,2025-05-03,208.5,31.87,46.01,60.0,0.909,60.32
A0211,2025-05-04,208.5,23.18,33.73,44.16,0.909,44.4
A0211,2025-05-05,208.5,23.26,32.96,42.55,0.909,42.77
A0211,2025-05-06,208.5,25.83,37.51,49.06,0.909,49.33
A0211,2025-05-07,208.5,25.99,38.08,50.04,0.909,50.31
A0211,2025-05-08,208.5,28.82,42.02,55.08,0.909,55.38
A0211,2025-05-09,208.5,30.29,43.97,57.51,0.909,57.82
A0211,2025-05-10,208.5,33.0,48.06,62.97,0.909,63.31
A0211,2025-05-11,208.5,19.86,28.41,36.88,0.909,37.07
A0211,2025-05-12,208.5,27.51,39.78,51.91,0.909,52.19
A0212,2025-04-29,343.9,23.47,33.08,46.25,0.909,46.55
A0212,2025-04-30,343.9,26.25,40.55,60.18,0.909,60.62
A0212,2025-05-01,343.9,19.28,28.73,41.7,0.909,42.0
A0212,2025-05-02,343.9,29.5,43.09,61.75,0.909,62.17
A0212,2025-05-03,343.9,30.55,42.3,58.44,0.909,58.81
A0212,2025-05-04,343.9,20.58,30.53,44.18,0.909,44.49
A0212,2025-05-05,343.9,23.18,32.93,46.31,0.909,46.61
A0212,2025-05-06,343.9,26.12,35.96,49.46,0.909,49.77
A0212,2025-05-07,343.9,27.49,36.98,50.0,0.909,50.3
A0212,2025-05-08,343.9,28.09,38.69,53.22,0.909,53.55
A0212,2025-05-09,343.9,30.63,44.14,62.67,0.909,63.09
A0212,2025-05-10,343.9,32.91,44.37,60.1,0.909,60.45
A0212,2025-05-11,343.9,20.76,28.01,37.96,0.909,38.19
A0212,2025-05-12,343.9,28.78,39.65,54.57,0.909,54.91
A0213,2025-04-29,3.2,40.51,55.55,74.25,0.556,58.15
A0213,2025-04-30,3.2,52.85,74.95,102.43,0.556,78.76
A0213,2025-05-01,3.2,36.01,48.82,64.76,0.556,51.04
A0213,2025-05-02,3.2,49.47,67.96,90.95,0.556,71.15
A0213,2025-05-03,3.2,50.45,69.11,92.31,0.556,72.33
A0213,2025-05-04,3.2,38.65,54.38,73.93,0.556,57.09
A0213,2025-05-05,3.2,37.66,51.36,68.41,0.556,53.73
A0213,2025-05-06,3.2,40.43,55.2,73.58,0.556,57.76
A0213,2025-05-07,3.2,42.48,59.22,80.04,0.556,62.12
A0213,2025-05-08,3.2,44.14,60.16,80.09,0.556,62.93
A0213,2025-05-09,3.2,49.34,68.02,91.26,0.556,71.25
A0213,2025-05-10,3.2,51.1,70.32,94.23,0.556,73.65
A0213,2025-05-11,3.2,32.09,44.39,59.68,0.556,46.51
A0213,2025-05-12,3.2,45.84,62.29,82.76,0.556,65.14
A0214,2025-04-29,302.5,17.34,30.47,49.54,0.909,49.97
A0214,2025-04-30,302.5,23.69,39.14,61.57,0.909,62.08
A0214,2025-05-01,302.5,15.4,26.06,41.53,0.909,41.89
A0214,2025-05-02,302.5,7.94,13.84,22.4,0.909,22.6
A0214,2025-05-03,302.5,8.98,15.4,24.71,0.909,24.92
A0214,2025-05-04,302.5,7.43,12.3,19.36,0.909,19.52
A0214,2025-05-05,302.5,6.66,11.44,18.39,0.909,18.55
A0214,2025-05-06,302.5,7.48,13.3,21.75,0.909,21.94
A0214,2025-05-07,302.5,7.18,12.97,21.39,0.909,21.58
A0214,2025-05-08,302.5,8.18,14.48,23.62,0.909,23.82
A0214,2025-05-09,302.5,9.15,15.02,23.55,0.909,23.74
A0214,2025-05-10,302.5,9.74,16.12,25.39,0.909,25.6
A0214,2025-05-11,302.5,6.21,10.39,16.47,0.909,16.61
A0214,2025-05-12,302.5,9.12,15.09,23.76,0.909,23.96
A0215,2025-04-29,407.7,0.0,22.37,61.57,0.909,62.46
A0215,2025-04-30,407.7,2.16,27.97,58.79,0.909,59.5
A0215,2025-05-01,407.7,0.0,19.62,53.78,0.909,54.55
A0215,2025-05-02,407.7,0.0,27.28,61.93,0.909,62.72
A0215,2025-05-03,407.7,4.34,26.79,53.62,0.909,54.23
A0215,2025-05-04,407.7,5.01,21.69,41.61,0.909,42.06
A0215,2025-05-05,407.7,0.0,23.53,59.26,0.909,60.07
A0215,2025-05-06,407.7,0.0,49.93,152.9,0.909,155.24
A0215,2025-05-07,407.7,0.0,48.14,126.31,0.909,128.09
A0215,2025-05-08,407.7,0.0,53.25,146.09,0.909,148.2
A0215,2025-05-09,407.7,0.0,55.86,146.91,0.909,148.98
A0215,2025-05-10,407.7,0.0,56.06,128.93,0.909,130.58
A0215,2025-05-11,407.7,0.0,38.76,96.84,0.909,98.16
A0215,2025-05-12,407.7,0.0,28.54,85.39,0.909,86.68
A0216,2025-04-29,303.0,0.1,6.31,17.63,0.909,17.89
A0216,2025-04-30,303.0,1.08,9.03,22.74,0.909,23.06
A0216,2025-05-01,303.0,0.0,5.15,15.42,0.909,15.66
A0216,2025-05-02,303.0,1.15,9.54,23.86,0.909,24.19
A0216,2025-05-03,303.0,1.42,10.29,25.3,0.909,25.64
A0216,2025-05-04,303.0,0.49,7.82,20.51,0.909,20.79
A0216,2025-05-05,303.0,1.44,9.61,23.96,0.909,24.29
A0216,2025-05-06,303.0,1.63,10.77,26.12,0.909,26.47
A0216,2025-05-07,303.0,2.06,11.81,27.77,0.909,28.13
A0216,2025-05-08,303.0,2.9,13.65,31.3,0.909,31.7
A0216,2025-05-09,303.0,3.62,15.39,34.46,0.909,34.89
A0216,2025-05-10,303.0,4.14,16.54,36.66,0.909,37.11
A0216,2025-05-11,303.0,1.66,10.8,25.91,0.909,26.26
A0216,2025-05-12,303.0,4.95,18.09,39.67,0.909,40.16
A0217,2025-04-29,396.6,85.35,126.25,173.86,0.909,174.94
A0217,2025-04-30,396.6,94.45,148.9,212.28,0.909,213.72
A0217,2025-05-01,396.6,32.95,51.81,73.75,0.909,74.25
A0217,2025-05-02,396.6,47.35,70.8,98.09,0.909,98.71
A0217,2025-05-03,396.6,47.33,68.81,93.81,0.909,94.38
A0217,2025-05-04,396.6,36.87,55.69,77.59,0.909,78.09
A0217,2025-05-05,396.6,43.46,65.83,91.87,0.909,92.46
A0217,2025-05-06,396.6,45.05,65.18,88.61,0.909,89.14
A0217,2025-05-07,396.6,47.34,67.1,90.08,0.909,90.61
A0217,2025-05-08,396.6,53.08,75.14,100.82,0.909,101.4
A0217,2025-05-09,396.6,55.59,81.46,111.57,0.909,112.26
A0217,2025-05-10,396.6,56.89,81.95,111.11,0.909,111.77
A0217,2025-05-11,396.6,37.87,57.32,79.96,0.909,80.47
A0217,2025-05-12,396.6,61.05,95.41,135.39,0.909,136.3
A0218,2025-04-29,2.8,89.03,127.82,171.1,0.556,133.83
A0218,2025-04-30,2.8,109.53,154.67,205.02,0.556,161.66
A0218,2025-05-01,2.8,79.89,118.29,161.13,0.556,124.24
A0218,2025-05-02,2.8,107.65,156.66,211.33,0.556,164.25
A0218,2025-05-03,2.8,115.18,165.76,222.19,0.556,173.6
A0218,2025-05-04,2.8,83.78,117.91,155.98,0.556,123.2
A0218,2025-05-05,2.8,80.65,120.83,165.64,0.556,127.05
A0218,2025-05-06,2.8,88.28,127.28,170.79,0.556,133.32
A0218,2025-05-07,2.8,89.47,127.84,170.65,0.556,133.79
A0218,2025-05-08,2.8,98.43,138.7,183.61,0.556,144.93
A0218,2025-05-09,2.8,107.14,155.82,210.12,0.556,163.36
A0218,2025-05-10,2.8,115.95,165.68,221.16,0.556,173.39
A0218,2025-05-11,2.8,70.12,100.09,133.53,0.556,104.74
A0218,2025-05-12,2.8,95.54,137.17,183.61,0.556,143.62
A0219,2025-04-29,155.0,13.02,20.4,29.33,0.909,29.54
A0219,2025-04-30,155.0,15.7,26.21,38.93,0.909,39.22
A0219,2025-05-01,155.0,11.53,18.96,27.97,0.909,28.17
A0219,2025-05-02,155.0,14.69,24.42,36.19,0.909,36.46
A0219,2025-05-03,155.0,15.13,24.74,36.36,0.909,36.63
A0219,2025-05-04,155.0,11.09,18.14,26.66,0.909,26.85
A0219,2025-05-05,155.0,5.53,10.09,15.6,0.909,15.73
A0219,2025-05-06,155.0,6.59,11.35,17.11,0.909,17.24
A0219,2025-05-07,155.0,6.57,11.82,18.17,0.909,18.31
A0219,2025-05-08,155.0,7.91,13.48,20.22,0.909,20.38
A0219,2025-05-09,155.0,8.3,14.53,22.08,0.909,22.25
A0219,2025-05-10,155.0,9.03,15.17,22.6,0.909,22.77
A0219,2025-05-11,155.0,5.5,9.21,13.71,0.909,13.81
A0219,2025-05-12,155.0,8.05,13.24,19.52,0.909,19.67
A0220,2025-04-29,2.6,37.49,54.9,74.97,0.556,57.69
A0220,2025-04-30,2.6,49.07,77.61,110.53,0.556,82.18
A0220,2025-05-01,2.6,34.76,47.63,62.48,0.556,49.7
A0220,2025-05-02,2.6,47.42,69.52,95.02,0.556,73.06
A0220,2025-05-03,2.6,48.3,72.39,100.17,0.556,76.25
A0220,2025-05-04,2.6,37.34,56.66,78.94,0.556,59.75
A0220,2025-05-05,2.6,37.43,51.29,67.29,0.556,53.52
A0220,2025-05-06,2.6,38.8,55.94,75.71,0.556,58.69
A0220,2025-05-07,2.6,42.42,61.51,83.52,0.556,64.56
A0220,2025-05-08,2.6,44.36,64.18,87.05,0.556,67.36
A0220,2025-05-09,2.6,48.67,70.84,96.4,0.556,74.39
A0220,2025-05-10,2.6,50.17,74.58,102.73,0.556,78.49
A0220,2025-05-11,2.6,32.47,46.22,62.08,0.556,48.42
A0220,2025-05-12,2.6,45.44,64.95,87.45,0.556,68.07
A0221,2025-04-29,434.0,32.14,45.46,63.72,0.909,64.14
A0221,2025-04-30,434.0,40.99,59.68,85.31,0.909,85.89
A0221,2025-05-01,434.0,29.22,39.95,54.66,0.909,54.99
A0221,2025-05-02,434.0,36.97,52.13,72.91,0.909,73.38
A0221,2025-05-03,434.0,38.02,55.79,80.14,0.909,80.7
A0221,2025-05-04,434.0,31.22,45.9,66.03,0.909,66.48
A0221,2025-05-05,434.0,26.87,35.54,47.42,0.909,47.69
A0221,2025-05-06,434.0,31.69,44.19,61.32,0.909,61.71
A0221,2025-05-07,434.0,34.48,47.29,64.85,0.909,65.25
A0221,2025-05-08,434.0,33.69,46.7,64.53,0.909,64.93
A0221,2025-05-09,434.0,35.51,49.26,68.13,0.909,68.56
A0221,2025-05-10,434.0,37.83,53.15,74.16,0.909,74.64
A0221,2025-05-11,434.0,26.28,36.08,49.52,0.909,49.82
A0221,2025-05-12,434.0,31.41,40.19,52.25,0.909,52.52
A0222,2025-04-29,4.4,6.19,10.01,14.92,0.556,10.69
A0222,2025-04-30,4.4,9.01,15.13,22.99,0.556,16.22
A0222,2025-05-01,4.4,5.19,8.86,13.58,0.556,9.51
A0222,2025-05-02,4.4,8.11,13.39,20.16,0.556,14.33
A0222,2025-05-03,4.4,8.78,13.75,20.13,0.556,14.63
A0222,2025-05-04,4.4,6.07,9.8,14.6,0.556,10.47
A0222,2025-05-05,4.4,6.24,10.55,16.09,0.556,11.32
A0222,2025-05-06,4.4,6.51,10.38,15.36,0.556,11.08
A0222,2025-05-07,4.4,6.99,11.9,18.2,0.556,12.77
A0222,2025-05-08,4.4,7.34,12.43,18.97,0.556,13.34
A0222,2025-05-09,4.4,8.22,13.58,20.45,0.556,14.53
A0222,2025-05-10,4.4,8.93,14.02,20.56,0.556,14.93
A0222,2025-05-11,4.4,4.84,7.98,12.02,0.556,8.54
A0222,2025-05-12,4.4,8.46,14.33,21.86,0.556,15.37
A0223,2025-04-29,11.9,64.14,94.71,126.37,0.909,127.09
A0223,2025-04-30,11.9,78.73,119.07,160.86,0.909,161.81
A0223,2025-05-01,11.9,57.26,85.63,115.02,0.909,115.69
A0223,2025-05-02,11.9,79.78,117.79,157.15,0.909,158.04
A0223,2025-05-03,11.9,86.5,126.71,168.35,0.909,169.3
A0223,2025-05-04,11.9,60.86,90.8,121.8,0.909,122.5
A0223,2025-05-05,11.9,58.3,86.39,115.47,0.909,116.13
A0223,2025-05-06,11.9,64.12,94.13,125.22,0.909,125.93
A0223,2025-05-07,11.9,65.64,95.96,127.36,0.909,128.08
A0223,2025-05-08,11.9,73.03,107.83,143.87,0.909,144.68
A0223,2025-05-09,11.9,79.1,117.41,157.09,0.909,157.99
A0223,2025-05-10,11.9,85.98,127.22,169.93,0.909,170.9
A0223,2025-05-11,11.9,49.29,72.9,97.35,0.909,97.91
A0223,2025-05-12,11.9,66.07,98.83,132.75,0.909,133.52
A0224,2025-04-29,314.8,21.46,32.39,43.28,0.909,43.52
A0224,2025-04-30,314.8,25.38,39.88,54.31,0.909,54.63
A0224,2025-05-01,314.8,19.59,29.95,40.26,0.909,40.5
A0224,2025-05-02,314.8,24.71,37.55,50.34,0.909,50.63
A0224,2025-05-03,314.8,24.09,36.73,49.31,0.909,49.6
A0224,2025-05-04,314.8,16.91,27.52,38.08,0.909,38.32
A0224,2025-05-05,314.8,19.03,29.02,38.96,0.909,39.19
A0224,2025-05-06,314.8,22.37,33.21,44.0,0.909,44.25
A0224,2025-05-07,314.8,21.09,32.46,43.79,0.909,44.05
A0224,2025-05-08,314.8,22.36,33.82,45.23,0.909,45.49
A0224,2025-05-09,314.8,24.94,37.68,50.37,0.909,50.66
A0224,2025-05-10,314.8,24.4,36.89,49.33,0.909,49.62
A0224,2025-05-11,314.8,15.79,24.37,32.92,0.909,33.11
A0224,2025-05-12,314.8,22.59,33.29,43.94,0.909,44.18
A0225,2025-04-29,5.0,7.12,22.93,47.97,0.556,26.4
A0225,2025-04-30,5.0,10.81,30.75,61.93,0.556,35.08
A0225,2025-05-01,5.0,6.38,21.17,44.29,0.556,24.38
A0225,2025-05-02,5.0,11.1,31.56,63.35,0.556,35.97
A0225,2025-05-03,5.0,12.07,33.73,67.62,0.556,38.44
A0225,2025-05-04,5.0,7.05,22.79,47.69,0.556,26.25
A0225,2025-05-05,5.0,7.56,23.87,49.76,0.556,27.46
A0225,2025-05-06,5.0,8.61,26.11,53.82,0.556,29.96
A0225,2025-05-07,5.0,9.52,28.06,57.02,0.556,32.08
A0225,2025-05-08,5.0,11.26,31.53,63.51,0.556,35.97
A0225,2025-05-09,5.0,12.55,34.38,68.59,0.556,39.13
A0225,2025-05-10,5.0,14.12,37.67,74.77,0.556,42.82
A0225,2025-05-11,5.0,6.33,21.06,44.52,0.556,24.32
A0225,2025-05-12,5.0,12.5,34.06,68.15,0.556,38.79
A0226,2025-04-29,411.7,13.58,19.93,27.45,0.909,27.62
A0226,2025-04-30,411.7,16.75,24.48,33.62,0.909,33.82
A0226,2025-05-01,411.7,11.55,16.67,22.72,0.909,22.86
A0226,2025-05-02,411.7,16.42,23.87,32.7,0.909,32.9
A0226,2025-05-03,411.7,16.46,23.86,32.62,0.909,32.81
A0226,2025-05-04,411.7,12.87,18.88,25.98,0.909,26.15
A0226,2025-05-05,411.7,12.1,17.14,23.11,0.909,23.25
A0226,2025-05-06,411.7,14.26,20.61,28.12,0.909,28.29
A0226,2025-05-07,411.7,14.15,20.79,28.65,0.909,28.82
A0226,2025-05-08,411.7,15.39,22.16,30.17,0.909,30.35
A0226,2025-05-09,411.7,16.58,24.01,32.8,0.909,33.0
A0226,2025-05-10,411.7,16.78,24.12,32.8,0.909,33.0
A0226,2025-05-11,411.7,10.98,16.29,22.58,0.909,22.72
A0226,2025-05-12,411.7,15.55,21.83,29.26,0.909,29.43
A0227,2025-04-29,161.9,4.42,8.25,13.05,0.909,13.16
A0227,2025-04-30,161.9,11.35,19.53,29.77,0.909,30.0
A0227,2025-05-01,161.9,6.42,11.27,17.35,0.909,17.49
A0227,2025-05-02,161.9,9.6,16.18,24.43,0.909,24.62
A0227,2025-05-03,161.9,10.03,17.84,27.63,0.909,27.85
A0227,2025-05-04,161.9,7.35,13.0,20.08,0.909,20.24
A0227,2025-05-05,161.9,7.44,12.74,19.37,0.909,19.53
A0227,2025-05-06,161.9,7.81,13.34,20.27,0.909,20.43
A0227,2025-05-07,161.9,4.48,8.65,13.88,0.909,14.0
A0227,2025-05-08,161.9,5.07,9.53,15.13,0.909,15.25
A0227,2025-05-09,161.9,5.46,10.0,15.68,0.909,15.81
A0227,2025-05-10,161.9,6.1,11.55,18.38,0.909,18.54
A0227,2025-05-11,161.9,3.67,6.74,10.58,0.909,10.66
A0227,2025-05-12,161.9,5.66,10.21,15.92,0.909,16.05
A0228,2025-04-29,396.3,7.58,12.95,19.61,0.909,19.76
A0228,2025-04-30,396.3,10.12,18.14,28.08,0.909,28.31
A0228,2025-05-01,396.3,6.23,11.66,18.37,0.909,18.53
A0228,2025-05-02,396.3,9.68,17.17,26.44,0.909,26.65
A0228,2025-05-03,396.3,9.56,16.02,24.03,0.909,24.21
A0228,2025-05-04,396.3,7.0,12.55,19.42,0.909,19.58
A0228,2025-05-05,396.3,7.86,13.43,20.33,0.909,20.48
A0228,2025-05-06,396.3,8.32,14.26,21.62,0.909,21.79
A0228,2025-05-07,396.3,8.46,14.4,21.76,0.909,21.93
A0228,2025-05-08,396.3,9.33,16.06,24.4,0.909,24.59
A0228,2025-05-09,396.3,10.05,17.84,27.48,0.909,27.7
A0228,2025-05-10,396.3,10.16,16.95,25.36,0.909,25.55
A0228,2025-05-11,396.3,10.71,18.02,27.08,0.909,27.29
A0228,2025-05-12,396.3,15.91,27.81,42.55,0.909,42.89
A0229,2025-04-29,343.9,11.95,18.81,28.32,0.909,28.54
A0229,2025-04-30,343.9,13.38,22.57,35.34,0.909,35.63
A0229,2025-05-01,343.9,11.45,16.76,24.14,0.909,24.3
A0229,2025-05-02,343.9,14.5,22.26,33.02,0.909,33.27
A0229,2025-05-03,343.9,14.54,22.65,33.91,0.909,34.17
A0229,2025-05-04,343.9,10.39,17.72,27.88,0.909,28.11
A0229,2025-05-05,343.9,10.77,15.58,22.25,0.909,22.4
A0229,2025-05-06,343.9,12.52,18.82,27.58,0.909,27.77
A0229,2025-05-07,343.9,11.74,18.95,28.96,0.909,29.19
A0229,2025-05-08,343.9,12.07,18.98,28.58,0.909,28.8
A0229,2025-05-09,343.9,13.74,21.31,31.81,0.909,32.05
A0229,2025-05-10,343.9,13.72,21.79,32.98,0.909,33.24
A0229,2025-05-11,343.9,9.58,15.16,22.89,0.909,23.07
A0229,2025-05-12,343.9,12.23,17.64,25.15,0.909,25.32
A0230,2025-04-29,153.0,10.91,17.41,24.04,0.909,24.19
A0230,2025-04-30,153.0,15.39,24.74,34.28,0.909,34.5
A0230,2025-05-01,153.0,9.97,16.64,23.45,0.909,23.6
A0230,2025-05-02,153.0,14.28,22.57,31.02,0.909,31.21
A0230,2025-05-03,153.0,15.7,24.85,34.19,0.909,34.4
A0230,2025-05-04,153.0,11.22,17.43,23.76,0.909,23.91
A0230,2025-05-05,153.0,10.46,16.45,22.56,0.909,22.7
A0230,2025-05-06,153.0,11.35,18.17,25.13,0.909,25.29
A0230,2025-05-07,153.0,11.61,18.57,25.67,0.909,25.83
A0230,2025-05-08,153.0,13.12,21.01,29.07,0.909,29.25
A0230,2025-05-09,153.0,14.2,22.3,30.57,0.909,30.76
A0230,2025-05-10,153.0,15.56,24.08,32.77,0.909,32.97
A0230,2025-05-11,153.0,9.01,14.0,19.09,0.909,19.21
A0230,2025-05-12,153.0,13.19,20.24,27.43,0.909,27.59
A0231,2025-04-29,410.6,80.8,112.88,149.6,0.909,150.43
A0231,2025-04-30,410.6,95.61,132.8,175.36,0.909,176.33
A0231,2025-05-01,410.6,74.22,105.38,141.05,0.909,141.86
A0231,2025-05-02,410.6,99.27,137.6,181.46,0.909,182.46
A0231,2025-05-03,410.6,97.57,134.86,177.53,0.909,178.5
A0231,2025-05-04,410.6,74.88,103.09,135.37,0.909,136.1
A0231,2025-05-05,410.6,77.91,110.78,148.4,0.909,149.26
A0231,2025-05-06,410.6,82.77,115.12,152.13,0.909,152.97
A0231,2025-05-07,410.6,81.83,112.59,147.78,0.909,148.58
A0231,2025-05-08,410.6,90.0,123.73,162.32,0.909,163.2
A0231,2025-05-09,410.6,100.27,138.21,181.63,0.909,182.61
A0231,2025-05-10,410.6,99.65,136.02,177.65,0.909,178.59
A0231,2025-05-11,410.6,65.23,89.37,117.0,0.909,117.62
A0231,2025-05-12,410.6,92.8,127.8,167.85,0.909,168.76
A0232,2025-04-29,342.2,28.81,42.62,58.16,0.909,58.52
A0232,2025-04-30,342.2,39.93,58.85,80.13,0.909,80.61
A0232,2025-05-01,342.2,26.95,39.08,52.73,0.909,53.04
A0232,2025-05-02,342.2,35.29,50.71,68.05,0.909,68.44
A0232,2025-05-03,342.2,37.34,54.01,72.74,0.909,73.17
A0232,2025-05-04,342.2,30.68,44.68,60.42,0.909,60.77
A0232,2025-05-05,342.2,24.46,34.48,45.75,0.909,46.01
A0232,2025-05-06,342.2,28.99,41.86,56.33,0.909,56.66
A0232,2025-05-07,342.2,32.15,46.39,62.41,0.909,62.77
A0232,2025-05-08,342.2,31.48,45.76,61.81,0.909,62.17
A0232,2025-05-09,342.2,34.24,48.91,65.4,0.909,65.78
A0232,2025-05-10,342.2,36.55,52.39,70.21,0.909,70.62
A0232,2025-05-11,342.2,24.25,34.37,45.75,0.909,46.01
A0232,2025-05-12,342.2,27.96,38.39,50.12,0.909,50.39
A0233,2025-04-29,385.3,11.73,18.26,26.95,0.909,27.14
A0233,2025-04-30,385.3,14.81,23.71,35.55,0.909,35.82
A0233,2025-05-01,385.3,10.76,17.03,25.37,0.909,25.56
A0233,2025-05-02,385.3,14.29,22.55,33.54,0.909,33.79
A0233,2025-05-03,385.3,14.87,22.71,33.13,0.909,33.37
A0233,2025-05-04,385.3,11.36,17.92,26.63,0.909,26.83
A0233,2025-05-05,385.3,11.27,18.03,27.02,0.909,27.22
A0233,2025-05-06,385.3,12.17,18.69,27.37,0.909,27.56
A0233,2025-05-07,385.3,11.09,18.1,27.43,0.909,27.64
A0233,2025-05-08,385.3,12.38,19.49,28.94,0.909,29.16
A0233,2025-05-09,385.3,13.68,21.92,32.88,0.909,33.13
A0233,2025-05-10,385.3,14.19,22.0,32.37,0.909,32.61
A0233,2025-05-11,385.3,9.04,14.39,21.49,0.909,21.65
A0233,2025-05-12,385.3,13.44,20.93,30.87,0.909,31.1
A0234,2025-04-29,212.6,17.62,25.11,39.85,0.909,40.19
A0234,2025-04-30,212.6,20.27,30.1,49.47,0.909,49.91
A0234,2025-05-01,212.6,14.27,22.74,39.42,0.909,39.8
A0234,2025-05-02,212.6,21.23,31.73,52.4,0.909,52.87
A0234,2025-05-03,212.6,23.49,33.18,52.26,0.909,52.69
A0234,2025-05-04,212.6,15.48,21.52,33.4,0.909,33.67
A0234,2025-05-05,212.6,13.16,24.6,47.13,0.909,47.64
A0234,2025-05-06,212.6,16.86,25.63,42.9,0.909,43.3
A0234,2025-05-07,212.6,17.02,25.29,41.57,0.909,41.94
A0234,2025-05-08,212.6,20.09,27.28,41.42,0.909,41.74
A0234,2025-05-09,212.6,20.95,30.97,50.69,0.909,51.14
A0234,2025-05-10,212.6,24.09,32.34,48.59,0.909,48.96
A0234,2025-05-11,212.6,13.36,19.04,30.23,0.909,30.48
A0234,2025-05-12,212.6,17.19,28.44,50.57,0.909,51.08
A0235,2025-04-29,7.6,103.35,143.15,189.88,0.556,149.64
A0235,2025-04-30,7.6,126.25,174.07,230.2,0.556,181.87
A0235,2025-05-01,7.6,92.96,129.9,173.26,0.556,135.93
A0235,2025-05-02,7.6,124.01,170.94,226.03,0.556,178.59
A0235,2025-05-03,7.6,128.24,179.16,238.93,0.556,187.47
A0235,2025-05-04,7.6,100.28,141.33,189.51,0.556,148.02
A0235,2025-05-05,7.6,95.13,132.51,176.39,0.556,138.61
A0235,2025-05-06,7.6,104.28,143.63,189.82,0.556,150.05
A0235,2025-05-07,7.6,111.2,151.65,199.13,0.556,158.24
A0235,2025-05-08,7.6,118.19,162.54,214.59,0.556,169.77
A0235,2025-05-09,7.6,124.38,171.39,226.57,0.556,179.05
A0235,2025-05-10,7.6,129.29,180.67,240.99,0.556,189.05
A0235,2025-05-11,7.6,84.66,120.03,161.55,0.556,125.8
A0235,2025-05-12,7.6,115.04,158.26,208.98,0.556,165.3
A0236,2025-04-29,2.8,108.45,147.58,193.46,0.556,153.95
A0236,2025-04-30,2.8,132.47,186.57,250.02,0.556,195.39
A0236,2025-05-01,2.8,98.52,143.51,196.26,0.556,150.84
A0236,2025-05-02,2.8,128.64,178.46,236.89,0.556,186.58
A0236,2025-05-03,2.8,132.89,187.04,250.53,0.556,195.86
A0236,2025-05-04,2.8,99.91,140.83,188.8,0.556,147.49
A0236,2025-05-05,2.8,128.01,178.7,238.13,0.556,186.95
A0236,2025-05-06,2.8,135.33,179.58,231.46,0.556,186.79
A0236,2025-05-07,2.8,136.38,183.67,239.11,0.556,191.37
A0236,2025-05-08,2.8,145.86,198.14,259.44,0.556,206.65
A0236,2025-05-09,2.8,160.3,217.15,283.82,0.556,226.41
A0236,2025-05-10,2.8,168.37,230.52,303.39,0.556,240.64
A0236,2025-05-11,2.8,102.88,140.04,183.62,0.556,146.09
A0236,2025-05-12,2.8,100.31,145.49,198.46,0.556,152.84
A0237,2025-04-29,12.6,42.92,60.68,79.99,0.909,80.43
A0237,2025-04-30,12.6,54.38,79.77,107.36,0.909,107.99
A0237,2025-05-01,12.6,39.55,57.75,77.53,0.909,77.98
A0237,2025-05-02,12.6,55.38,77.56,101.67,0.909,102.22
A0237,2025-05-03,12.6,59.76,83.88,110.09,0.909,110.68
A0237,2025-05-04,12.6,41.45,60.74,81.7,0.909,82.18
A0237,2025-05-05,12.6,43.44,61.45,81.01,0.909,81.46
A0237,2025-05-06,12.6,46.1,64.11,83.69,0.909,84.14
A0237,2025-05-07,12.6,48.53,66.59,86.23,0.909,86.67
A0237,2025-05-08,12.6,51.33,73.23,97.02,0.909,97.56
A0237,2025-05-09,12.6,56.72,78.82,102.84,0.909,103.39
A0237,2025-05-10,12.6,61.06,84.83,110.66,0.909,111.25
A0237,2025-05-11,12.6,36.37,51.14,67.2,0.909,67.56
A0237,2025-05-12,12.6,50.63,71.75,94.7,0.909,95.22
A0238,2025-04-29,197.9,23.01,33.19,43.85,0.909,44.1
A0238,2025-04-30,197.9,27.77,38.99,50.74,0.909,51.01
A0238,2025-05-01,197.9,21.6,31.97,42.83,0.909,43.08
A0238,2025-05-02,197.9,27.46,37.83,48.69,0.909,48.93
A0238,2025-05-03,197.9,28.67,40.06,51.99,0.909,52.26
A0238,2025-05-04,197.9,19.88,28.03,36.56,0.909,36.75
A0238,2025-05-05,197.9,22.04,31.83,42.08,0.909,42.31
A0238,2025-05-06,197.9,24.2,34.32,44.9,0.909,45.14
A0238,2025-05-07,197.9,24.66,35.12,46.06,0.909,46.31
A0238,2025-05-08,197.9,26.1,37.2,48.83,0.909,49.09
A0238,2025-05-09,197.9,28.07,38.67,49.77,0.909,50.02
A0238,2025-05-10,197.9,29.81,41.83,54.41,0.909,54.69
A0238,2025-05-11,197.9,18.3,26.06,34.2,0.909,34.38
A0238,2025-05-12,197.9,26.48,37.03,48.09,0.909,48.34
A0239,2025-04-29,323.5,13.56,21.36,29.71,0.909,29.9
A0239,2025-04-30,323.5,16.5,26.19,36.55,0.909,36.79
A0239,2025-05-01,323.5,12.48,19.59,27.2,0.909,27.37
A0239,2025-05-02,323.5,15.49,23.97,33.05,0.909,33.25
A0239,2025-05-03,323.5,16.06,24.88,34.32,0.909,34.53
A0239,2025-05-04,323.5,11.46,18.76,26.56,0.909,26.74
A0239,2025-05-05,323.5,13.24,20.61,28.5,0.909,28.67
A0239,2025-05-06,323.5,14.16,21.8,29.97,0.909,30.16
A0239,2025-05-07,323.5,13.99,21.92,30.4,0.909,30.6
A0239,2025-05-08,323.5,14.58,23.04,32.1,0.909,32.3
A0239,2025-05-09,323.5,15.13,23.63,32.73,0.909,32.94
A0239,2025-05-10,323.5,16.18,25.13,34.71,0.909,34.93
A0239,2025-05-11,323.5,10.34,16.44,22.96,0.909,23.11
A0239,2025-05-12,323.5,15.24,23.59,32.53,0.909,32.74
A0240,2025-04-29,212.8,16.0,24.07,34.83,0.909,35.08
A0240,2025-04-30,212.8,79.56,117.41,167.88,0.909,169.03
A0240,2025-05-01,212.8,57.4,87.09,126.67,0.909,127.56
A0240,2025-05-02,212.8,77.82,117.15,169.6,0.909,170.79
A0240,2025-05-03,212.8,80.08,122.2,178.36,0.909,179.64
A0240,2025-05-04,212.8,26.37,39.82,57.74,0.909,58.15
A0240,2025-05-05,212.8,11.41,19.76,30.9,0.909,31.15
A0240,2025-05-06,212.8,13.06,21.41,32.54,0.909,32.79
A0240,2025-05-07,212.8,14.05,22.08,32.77,0.909,33.02
A0240,2025-05-08,212.8,15.94,24.79,36.59,0.909,36.86
A0240,2025-05-09,212.8,17.85,27.89,41.27,0.909,41.58
A0240,2025-05-10,212.8,19.69,30.17,44.13,0.909,44.45
A0240,2025-05-11,212.8,12.15,18.79,27.64,0.909,27.85
A0240,2025-05-12,212.8,17.66,27.3,40.15,0.909,40.45
A0241,2025-04-29,160.3,11.98,19.13,28.26,0.909,28.47
A0241,2025-04-30,160.3,15.0,24.13,35.8,0.909,36.06
A0241,2025-05-01,160.3,10.64,17.1,25.35,0.909,25.54
A0241,2025-05-02,160.3,16.12,24.7,35.66,0.909,35.91
A0241,2025-05-03,160.3,16.58,27.55,41.59,0.909,41.91
A0241,2025-05-04,160.3,11.28,18.18,27.01,0.909,27.21
A0241,2025-05-05,160.3,11.45,18.11,26.62,0.909,26.81
A0241,2025-05-06,160.3,13.08,20.29,29.51,0.909,29.71
A0241,2025-05-07,160.3,13.37,21.31,31.45,0.909,31.69
A0241,2025-05-08,160.3,14.78,22.83,33.14,0.909,33.37
A0241,2025-05-09,160.3,16.41,24.93,35.81,0.909,36.06
A0241,2025-05-10,160.3,17.14,27.91,41.69,0.909,42.01
A0241,2025-05-11,160.3,9.82,15.96,23.81,0.909,23.99
A0241,2025-05-12,160.3,14.14,22.22,32.56,0.909,32.8
A0242,2025-04-29,5.7,129.1,154.84,190.87,0.556,159.84
A0242,2025-04-30,5.7,154.41,179.05,213.54,0.556,183.84
A0242,2025-05-01,5.7,115.27,140.54,175.92,0.556,145.46
A0242,2025-05-02,5.7,151.84,179.8,218.95,0.556,185.24
A0242,2025-05-03,5.7,160.71,194.36,241.46,0.556,200.9
A0242,2025-05-04,5.7,117.24,138.54,168.37,0.556,142.69
A0242,2025-05-05,5.7,120.91,146.28,181.78,0.556,151.21
A0242,2025-05-06,5.7,127.69,150.87,183.32,0.556,155.38
A0242,2025-05-07,5.7,137.09,164.4,202.62,0.556,169.71
A0242,2025-05-08,5.7,144.15,172.09,211.21,0.556,177.52
A0242,2025-05-09,5.7,155.94,184.56,224.63,0.556,190.13
A0242,2025-05-10,5.7,168.86,206.04,258.09,0.556,213.27
A0242,2025-05-11,5.7,104.53,126.29,156.74,0.556,130.52
A0242,2025-05-12,5.7,143.57,168.92,204.41,0.556,173.85
A0243,2025-04-29,5.1,31.53,45.9,65.1,0.556,48.57
A0243,2025-04-30,5.1,38.07,55.31,78.34,0.556,58.51
A0243,2025-05-01,5.1,27.82,38.97,53.88,0.556,41.04
A0243,2025-05-02,5.1,37.91,53.84,75.13,0.556,56.8
A0243,2025-05-03,5.1,40.12,57.74,81.27,0.556,61.0
A0243,2025-05-04,5.1,29.28,42.8,60.85,0.556,45.31
A0243,2025-05-05,5.1,28.97,40.2,55.2,0.556,42.28
A0243,2025-05-06,5.1,32.97,47.06,65.88,0.556,49.67
A0243,2025-05-07,5.1,32.8,47.02,66.0,0.556,49.65
A0243,2025-05-08,5.1,34.2,49.11,69.04,0.556,51.88
A0243,2025-05-09,5.1,37.55,53.39,74.55,0.556,56.33
A0243,2025-05-10,5.1,39.8,57.35,80.78,0.556,60.6
A0243,2025-05-11,5.1,25.44,36.89,52.18,0.556,39.01
A0243,2025-05-12,5.1,35.01,48.77,67.15,0.556,51.33
A0244,2025-04-29,3.0,282.8,413.65,540.86,0.556,431.32
A0244,2025-04-30,3.0,349.29,500.36,647.22,0.556,520.76
A0244,2025-05-01,3.0,251.79,355.79,456.9,0.556,369.83
A0244,2025-05-02,3.0,342.31,495.21,643.86,0.556,515.86
A0244,2025-05-03,3.0,365.82,537.7,704.79,0.556,560.91
A0244,2025-05-04,3.0,263.38,377.79,489.01,0.556,393.23
A0244,2025-05-05,3.0,144.86,211.87,277.02,0.556,220.92
A0244,2025-05-06,3.0,170.67,255.79,338.55,0.556,267.29
A0244,2025-05-07,3.0,176.5,249.89,321.23,0.556,259.8
A0244,2025-05-08,3.0,193.86,274.18,352.27,0.556,285.03
A0244,2025-05-09,3.0,211.22,304.39,394.97,0.556,316.97
A0244,2025-05-10,3.0,231.01,332.01,430.19,0.556,345.64
A0244,2025-05-11,3.0,140.31,197.4,252.9,0.556,205.11
A0244,2025-05-12,3.0,200.98,285.59,367.85,0.556,297.01
A0245,2025-04-29,155.2,14.08,22.34,31.67,0.909,31.89
A0245,2025-04-30,155.2,18.87,31.2,45.15,0.909,45.47
A0245,2025-05-01,155.2,13.43,20.91,29.36,0.909,29.55
A0245,2025-05-02,155.2,17.57,27.38,38.47,0.909,38.73
A0245,2025-05-03,155.2,19.01,29.54,41.45,0.909,41.72
A0245,2025-05-04,155.2,14.1,22.49,31.97,0.909,32.19
A0245,2025-05-05,155.2,13.06,20.35,28.58,0.909,28.77
A0245,2025-05-06,155.2,14.11,22.15,31.25,0.909,31.45
A0245,2025-05-07,155.2,14.63,23.18,32.84,0.909,33.06
A0245,2025-05-08,155.2,16.52,25.92,36.55,0.909,36.79
A0245,2025-05-09,155.2,17.26,27.2,38.44,0.909,38.69
A0245,2025-05-10,155.2,19.03,30.02,42.44,0.909,42.73
A0245,2025-05-11,155.2,11.43,17.76,24.91,0.909,25.07
A0245,2025-05-12,155.2,15.53,24.09,33.77,0.909,33.99
A0246,2025-04-29,178.8,14.93,21.57,29.97,0.909,30.17
A0246,2025-04-30,178.8,20.1,30.37,43.37,0.909,43.66
A0246,2025-05-01,178.8,14.14,20.77,29.16,0.909,29.35
A0246,2025-05-02,178.8,19.09,28.34,40.06,0.909,40.33
A0246,2025-05-03,178.8,20.09,28.76,39.72,0.909,39.97
A0246,2025-05-04,178.8,14.52,21.61,30.59,0.909,30.8
A0246,2025-05-05,178.8,14.7,21.08,29.16,0.909,29.34
A0246,2025-05-06,178.8,15.64,22.66,31.54,0.909,31.74
A0246,2025-05-07,178.8,14.82,21.37,29.65,0.909,29.84
A0246,2025-05-08,178.8,16.9,24.46,34.02,0.909,34.23
A0246,2025-05-09,178.8,18.55,27.55,38.92,0.909,39.18
A0246,2025-05-10,178.8,19.44,27.42,37.52,0.909,37.75
A0246,2025-05-11,178.8,11.68,16.62,22.86,0.909,23.0
A0246,2025-05-12,178.8,17.33,24.72,34.08,0.909,34.29
A0247,2025-04-29,331.7,28.11,40.65,55.96,0.909,56.31
A0247,2025-04-30,331.7,35.87,51.96,71.59,0.909,72.03
A0247,2025-05-01,331.7,25.91,35.9,48.09,0.909,48.37
A0247,2025-05-02,331.7,34.63,49.56,67.78,0.909,68.19
A0247,2025-05-03,331.7,34.79,49.87,68.28,0.909,68.7
A0247,2025-05-04,331.7,26.79,38.76,53.37,0.909,53.7
A0247,2025-05-05,331.7,27.26,37.54,50.1,0.909,50.38
A0247,2025-05-06,331.7,29.26,41.92,57.36,0.909,57.71
A0247,2025-05-07,331.7,31.28,43.68,58.82,0.909,59.16
A0247,2025-05-08,331.7,31.95,45.0,60.92,0.909,61.28
A0247,2025-05-09,331.7,34.7,49.38,67.3,0.909,67.71
A0247,2025-05-10,331.7,35.63,50.15,67.88,0.909,68.28
A0247,2025-05-11,331.7,23.99,33.65,45.43,0.909,45.7
A0247,2025-05-12,331.7,33.16,45.88,61.4,0.909,61.76
A0248,2025-04-29,5.6,32.45,49.42,72.12,0.556,52.57
A0248,2025-04-30,5.6,40.49,61.15,88.8,0.556,64.99
A0248,2025-05-01,5.6,30.99,45.09,63.97,0.556,47.71
A0248,2025-05-02,5.6,42.76,63.1,90.34,0.556,66.89
A0248,2025-05-03,5.6,45.57,69.38,101.24,0.556,73.8
A0248,2025-05-04,5.6,33.81,50.99,73.98,0.556,54.18
A0248,2025-05-05,5.6,31.83,46.87,67.0,0.556,49.67
A0248,2025-05-06,5.6,35.45,52.72,75.83,0.556,55.93
A0248,2025-05-07,5.6,37.5,53.77,75.54,0.556,56.79
A0248,2025-05-08,5.6,39.54,57.47,81.48,0.556,60.81
A0248,2025-05-09,5.6,43.35,63.25,89.88,0.556,66.95
A0248,2025-05-10,5.6,46.72,69.26,99.43,0.556,73.45
A0248,2025-05-11,5.6,30.15,44.33,63.32,0.556,46.97
A0248,2025-05-12,5.6,38.96,57.16,81.53,0.556,60.55
A0249,2025-04-29,363.8,6.28,10.58,15.48,0.909,15.59
A0249,2025-04-30,363.8,7.34,12.52,18.44,0.909,18.57
A0249,2025-05-01,363.8,6.04,9.59,13.65,0.909,13.74
A0249,2025-05-02,363.8,7.49,12.33,17.84,0.909,17.97
A0249,2025-05-03,363.8,8.26,13.78,20.09,0.909,20.24
A0249,2025-05-04,363.8,5.92,10.57,15.87,0.909,15.99
A0249,2025-05-05,363.8,5.42,8.83,12.72,0.909,12.81
A0249,2025-05-06,363.8,5.93,9.76,14.12,0.909,14.22
A0249,2025-05-07,363.8,6.39,10.84,15.92,0.909,16.03
A0249,2025-05-08,363.8,6.41,10.69,15.57,0.909,15.68
A0249,2025-05-09,363.8,6.56,11.2,16.49,0.909,16.61
A0249,2025-05-10,363.8,7.61,13.01,19.16,0.909,19.3
A0249,2025-05-11,363.8,5.16,8.81,12.98,0.909,13.08
A0249,2025-05-12,363.8,6.02,9.51,13.49,0.909,13.58
A0250,2025-04-29,6.1,96.09,128.04,177.72,0.556,134.94
A0250,2025-04-30,6.1,115.02,147.89,199.01,0.556,154.99
A0250,2025-05-01,6.1,89.86,122.66,173.65,0.556,129.74
A0250,2025-05-02,6.1,105.15,129.88,168.34,0.556,135.23
A0250,2025-05-03,6.1,115.9,150.55,204.44,0.556,158.04
A0250,2025-05-04,6.1,82.09,101.75,132.31,0.556,105.99
A0250,2025-05-05,6.1,95.58,125.96,173.21,0.556,132.52
A0250,2025-05-06,6.1,101.18,133.31,183.27,0.556,140.25
A0250,2025-05-07,6.1,101.74,133.86,183.8,0.556,140.79
A0250,2025-05-08,6.1,109.69,141.75,191.61,0.556,148.68
A0250,2025-05-09,6.1,120.72,145.12,183.05,0.556,150.39
A0250,2025-05-10,6.1,134.35,168.02,220.37,0.556,175.29
A0250,2025-05-11,6.1,73.03,92.32,122.32,0.556,96.49
A0250,2025-05-12,6.1,122.54,152.15,198.19,0.556,158.54
A0251,2025-04-29,4.3,10.71,15.88,21.86,0.556,16.71
A0251,2025-04-30,4.3,13.05,20.58,29.31,0.556,21.8
A0251,2025-05-01,4.3,10.03,15.0,20.76,0.556,15.8
A0251,2025-05-02,4.3,12.92,19.53,27.18,0.556,20.59
A0251,2025-05-03,4.3,13.24,20.48,28.87,0.556,21.65
A0251,2025-05-04,4.3,9.37,15.27,22.09,0.556,16.22
A0251,2025-05-05,4.3,10.28,16.09,22.81,0.556,17.02
A0251,2025-05-06,4.3,10.63,15.77,21.72,0.556,16.6
A0251,2025-05-07,4.3,10.45,16.03,22.49,0.556,16.93
A0251,2025-05-08,4.3,11.82,18.05,25.26,0.556,19.05
A0251,2025-05-09,4.3,12.7,19.31,26.97,0.556,20.38
A0251,2025-05-10,4.3,13.31,20.6,29.03,0.556,21.77
A0251,2025-05-11,4.3,8.15,12.8,18.17,0.556,13.54
A0251,2025-05-12,4.3,13.25,20.15,28.14,0.556,21.26
A0252,2025-04-29,35.4,1.8,10.79,26.07,0.909,26.41
A0252,2025-04-30,35.4,3.22,13.91,31.65,0.909,32.06
A0252,2025-05-01,35.4,1.22,9.22,23.17,0.909,23.49
A0252,2025-05-02,35.4,3.33,14.29,32.59,0.909,33.01
A0252,2025-05-03,35.4,3.28,14.22,32.46,0.909,32.87
A0252,2025-05-04,35.4,2.17,11.64,27.5,0.909,27.86
A0252,2025-05-05,35.4,3.04,13.45,31.1,0.909,31.51
A0252,2025-05-06,35.4,3.7,15.06,33.99,0.909,34.42
A0252,2025-05-07,35.4,3.99,15.72,34.74,0.909,35.17
A0252,2025-05-08,35.4,5.16,18.1,39.3,0.909,39.79
A0252,2025-05-09,35.4,5.88,19.87,42.33,0.909,42.84
A0252,2025-05-10,35.4,6.14,20.26,43.26,0.909,43.78
A0252,2025-05-11,35.4,3.48,14.22,32.16,0.909,32.57
A0252,2025-05-12,35.4,7.99,23.68,49.76,0.909,50.35
A0253,2025-04-29,162.2,11.69,18.78,27.6,0.909,27.8
A0253,2025-04-30,162.2,14.84,25.65,39.08,0.909,39.38
A0253,2025-05-01,162.2,10.5,17.82,26.92,0.909,27.12
A0253,2025-05-02,162.2,14.18,22.62,33.11,0.909,33.35
A0253,2025-05-03,162.2,14.67,23.74,35.02,0.909,35.28
A0253,2025-05-04,162.2,10.66,18.63,28.54,0.909,28.77
A0253,2025-05-05,162.2,10.02,17.18,26.08,0.909,26.28
A0253,2025-05-06,162.2,11.21,18.12,26.7,0.909,26.9
A0253,2025-05-07,162.2,11.9,19.35,28.59,0.909,28.8
A0253,2025-05-08,162.2,13.54,21.99,32.48,0.909,32.72
A0253,2025-05-09,162.2,13.86,22.39,32.98,0.909,33.22
A0253,2025-05-10,162.2,14.83,24.22,35.88,0.909,36.15
A0253,2025-05-11,162.2,8.83,14.58,21.71,0.909,21.87
A0253,2025-05-12,162.2,12.39,20.31,30.16,0.909,30.38
A0254,2025-04-29,6.2,135.08,171.24,208.36,0.556,176.39
A0254,2025-04-30,6.2,165.65,210.55,256.64,0.556,216.95
A0254,2025-05-01,6.2,124.55,158.98,194.32,0.556,163.89
A0254,2025-05-02,6.2,168.98,218.18,268.67,0.556,225.19
A0254,2025-05-03,6.2,170.32,218.43,267.82,0.556,225.29
A0254,2025-05-04,6.2,125.9,164.25,203.62,0.556,169.72
A0254,2025-05-05,6.2,126.77,158.38,190.84,0.556,162.89
A0254,2025-05-06,6.2,138.72,176.3,214.88,0.556,181.66
A0254,2025-05-07,6.2,141.91,176.99,212.99,0.556,181.99
A0254,2025-05-08,6.2,158.24,202.77,248.48,0.556,209.12
A0254,2025-05-09,6.2,169.47,217.97,267.75,0.556,224.88
A0254,2025-05-10,6.2,175.62,221.74,269.08,0.556,228.32
A0254,2025-05-11,6.2,110.47,141.5,173.36,0.556,145.93
A0254,2025-05-12,6.2,166.3,208.38,251.57,0.556,214.38
A0255,2025-04-29,5.6,39.39,54.98,74.47,0.556,57.69
A0255,2025-04-30,5.6,48.41,68.32,93.22,0.556,71.78
A0255,2025-05-01,5.6,35.5,49.63,67.28,0.556,52.08
A0255,2025-05-02,5.6,45.08,62.64,84.6,0.556,65.69
A0255,2025-05-03,5.6,50.86,70.11,94.18,0.556,73.45
A0255,2025-05-04,5.6,36.79,52.2,71.46,0.556,54.88
A0255,2025-05-05,5.6,34.98,49.26,67.11,0.556,51.74
A0255,2025-05-06,5.6,38.76,54.23,73.58,0.556,56.92
A0255,2025-05-07,5.6,40.61,55.45,74.0,0.556,58.03
A0255,2025-05-08,5.6,43.3,59.51,79.77,0.556,62.33
A0255,2025-05-09,5.6,44.53,61.96,83.75,0.556,64.99
A0255,2025-05-10,5.6,50.24,69.25,93.01,0.556,72.55
A0255,2025-05-11,5.6,30.8,42.89,58.0,0.556,44.99
A0255,2025-05-12,5.6,38.73,54.41,74.02,0.556,57.14
A0256,2025-04-29,181.5,14.12,20.53,30.04,0.909,30.26
A0256,2025-04-30,181.5,16.45,24.51,36.47,0.909,36.74
A0256,2025-05-01,181.5,12.53,16.63,22.72,0.909,22.86
A0256,2025-05-02,181.5,17.52,24.79,35.58,0.909,35.83
A0256,2025-05-03,181.5,17.67,25.82,37.93,0.909,38.2
A0256,2025-05-04,181.5,11.81,17.62,26.24,0.909,26.44
A0256,2025-05-05,181.5,12.47,17.34,24.56,0.909,24.73
A0256,2025-05-06,181.5,14.55,20.7,29.84,0.909,30.05
A0256,2025-05-07,181.5,14.18,21.3,31.88,0.909,32.12
A0256,2025-05-08,181.5,15.4,22.01,31.82,0.909,32.04
A0256,2025-05-09,181.5,16.94,24.34,35.33,0.909,35.58
A0256,2025-05-10,181.5,17.84,26.46,39.27,0.909,39.56
A0256,2025-05-11,181.5,10.62,15.74,23.35,0.909,23.52
A0256,2025-05-12,181.5,16.08,23.19,33.76,0.909,34.0
A0257,2025-04-29,338.7,32.87,73.5,140.44,0.909,141.96
A0257,2025-04-30,338.7,41.55,91.12,176.63,0.909,178.58
A0257,2025-05-01,338.7,30.17,68.32,133.38,0.909,134.86
A0257,2025-05-02,338.7,42.74,96.15,186.59,0.909,188.64
A0257,2025-05-03,338.7,43.56,97.74,190.45,0.909,192.55
A0257,2025-05-04,338.7,32.52,71.74,141.48,0.909,143.07
A0257,2025-05-05,338.7,29.57,67.02,131.94,0.909,133.41
A0257,2025-05-06,338.7,4.8,17.85,38.9,0.909,39.38
A0257,2025-05-07,338.7,5.67,19.77,41.81,0.909,42.31
A0257,2025-05-08,338.7,7.14,22.82,47.47,0.909,48.03
A0257,2025-05-09,338.7,8.52,25.8,52.78,0.909,53.4
A0257,2025-05-10,338.7,9.93,28.69,57.94,0.909,58.61
A0257,2025-05-11,338.7,4.83,17.66,37.91,0.909,38.37
A0257,2025-05-12,338.7,8.79,26.08,53.28,0.909,53.9
A0258,2025-04-29,3.2,44.24,61.23,80.21,0.556,63.87
A0258,2025-04-30,3.2,53.51,68.72,85.71,0.556,71.08
A0258,2025-05-01,3.2,40.78,55.24,71.4,0.556,57.48
A0258,2025-05-02,3.2,56.65,76.59,98.86,0.556,79.68
A0258,2025-05-03,3.2,61.59,83.31,107.57,0.556,86.68
A0258,2025-05-04,3.2,42.76,56.45,71.73,0.556,58.57
A0258,2025-05-05,3.2,42.27,57.26,74.02,0.556,59.59
A0258,2025-05-06,3.2,46.4,63.65,82.92,0.556,66.32
A0258,2025-05-07,3.2,46.18,60.3,76.09,0.556,62.5
A0258,2025-05-08,3.2,50.8,66.59,84.22,0.556,69.04
A0258,2025-05-09,3.2,56.71,75.99,97.53,0.556,78.98
A0258,2025-05-10,3.2,61.46,81.74,104.39,0.556,84.89
A0258,2025-05-11,3.2,36.98,49.86,64.24,0.556,51.86
A0258,2025-05-12,3.2,49.99,66.07,84.02,0.556,68.56
A0259,2025-04-29,6.5,31.2,43.34,57.63,0.556,45.33
A0259,2025-04-30,6.5,38.95,53.52,70.66,0.556,55.9
A0259,2025-05-01,6.5,28.82,39.51,52.08,0.556,41.25
A0259,2025-05-02,6.5,39.97,54.1,70.71,0.556,56.41
A0259,2025-05-03,6.5,40.71,57.24,76.7,0.556,59.95
A0259,2025-05-04,6.5,30.05,42.33,56.79,0.556,44.34
A0259,2025-05-05,6.5,30.99,41.64,54.16,0.556,43.37
A0259,2025-05-06,6.5,32.62,45.08,59.74,0.556,47.12
A0259,2025-05-07,6.5,33.72,45.56,59.49,0.556,47.5
A0259,2025-05-08,6.5,37.67,51.51,67.78,0.556,53.77
A0259,2025-05-09,6.5,40.59,54.64,71.17,0.556,56.94
A0259,2025-05-10,6.5,42.49,58.66,77.67,0.556,61.3
A0259,2025-05-11,6.5,26.89,37.39,49.73,0.556,39.1
A0259,2025-05-12,6.5,39.71,53.21,69.1,0.556,55.42
A0260,2025-04-29,25.7,31.07,40.51,53.35,0.909,53.64
A0260,2025-04-30,25.7,39.12,49.53,63.69,0.909,64.01
A0260,2025-05-01,25.7,24.34,32.41,43.39,0.909,43.64
A0260,2025-05-02,25.7,36.07,46.64,61.02,0.909,61.34
A0260,2025-05-03,25.7,35.75,45.39,58.51,0.909,58.81
A0260,2025-05-04,25.7,27.54,35.73,46.88,0.909,47.14
A0260,2025-05-05,25.7,30.18,40.23,53.91,0.909,54.22
A0260,2025-05-06,25.7,31.59,42.3,56.88,0.909,57.21
A0260,2025-05-07,25.7,34.1,42.43,53.78,0.909,54.03
A0260,2025-05-08,25.7,37.06,45.76,57.59,0.909,57.86
A0260,2025-05-09,25.7,38.78,49.84,64.89,0.909,65.24
A0260,2025-05-10,25.7,40.5,50.44,63.96,0.909,64.27
A0260,2025-05-11,25.7,26.39,34.09,44.56,0.909,44.8
A0260,2025-05-12,25.7,41.13,54.12,71.8,0.909,72.21
A0261,2025-04-29,329.3,14.81,21.66,31.69,0.909,31.91
A0261,2025-04-30,329.3,17.82,26.04,38.05,0.909,38.33
A0261,2025-05-01,329.3,11.59,18.42,28.41,0.909,28.64
A0261,2025-05-02,329.3,16.84,24.69,36.17,0.909,36.43
A0261,2025-05-03,329.3,15.95,23.32,34.12,0.909,34.36
A0261,2025-05-04,329.3,12.37,17.99,26.22,0.909,26.41
A0261,2025-05-05,329.3,14.3,22.1,33.52,0.909,33.78
A0261,2025-05-06,329.3,15.38,22.72,33.46,0.909,33.7
A0261,2025-05-07,329.3,16.91,25.53,38.14,0.909,38.42
A0261,2025-05-08,329.3,17.69,25.74,37.5,0.909,37.77
A0261,2025-05-09,329.3,18.7,27.45,40.24,0.909,40.53
A0261,2025-05-10,329.3,19.0,28.07,41.32,0.909,41.62
A0261,2025-05-11,329.3,12.97,19.41,28.83,0.909,29.05
A0261,2025-05-12,329.3,20.57,31.71,48.0,0.909,48.37
A0262,2025-04-29,4.4,24.28,34.17,44.73,0.556,35.64
A0262,2025-04-30,4.4,30.55,45.1,60.63,0.556,47.26
A0262,2025-05-01,4.4,20.93,29.56,38.78,0.556,30.84
A0262,2025-05-02,4.4,29.16,42.24,56.2,0.556,44.18
A0262,2025-05-03,4.4,28.95,43.97,60.01,0.556,46.2
A0262,2025-05-04,4.4,21.4,31.59,42.47,0.556,33.1
A0262,2025-05-05,4.4,22.88,31.79,41.3,0.556,33.11
A0262,2025-05-06,4.4,24.51,34.4,44.97,0.556,35.87
A0262,2025-05-07,4.4,25.61,37.19,49.55,0.556,38.9
A0262,2025-05-08,4.4,28.27,40.3,53.15,0.556,42.08
A0262,2025-05-09,4.4,30.19,43.23,57.15,0.556,45.16
A0262,2025-05-10,4.4,31.38,46.3,62.23,0.556,48.51
A0262,2025-05-11,4.4,19.39,27.85,36.88,0.556,29.1
A0262,2025-05-12,4.4,31.3,42.94,55.36,0.556,44.66
A0263,2025-04-29,4.0,15.0,23.56,35.17,0.556,25.17
A0263,2025-04-30,4.0,16.26,26.99,41.55,0.556,29.01
A0263,2025-05-01,4.0,12.99,20.96,31.77,0.556,22.46
A0263,2025-05-02,4.0,17.88,27.62,40.83,0.556,29.45
A0263,2025-05-03,4.0,18.26,30.15,46.28,0.556,32.39
A0263,2025-05-04,4.0,12.93,22.28,34.97,0.556,24.04
A0263,2025-05-05,4.0,12.93,20.9,31.72,0.556,22.41
A0263,2025-05-06,4.0,14.75,23.17,34.59,0.556,24.76
A0263,2025-05-07,4.0,14.68,23.3,34.99,0.556,24.92
A0263,2025-05-08,4.0,15.86,25.45,38.45,0.556,27.25
A0263,2025-05-09,4.0,17.39,27.1,40.28,0.556,28.93
A0263,2025-05-10,4.0,18.15,30.07,46.23,0.556,32.31
A0263,2025-05-11,4.0,11.81,19.46,29.85,0.556,20.9
A0263,2025-05-12,4.0,15.94,25.1,37.51,0.556,26.82
A0264,2025-04-29,5.2,9.76,28.51,57.31,0.556,32.51
A0264,2025-04-30,5.2,14.26,37.78,73.39,0.556,42.72
A0264,2025-05-01,5.2,8.39,25.41,51.28,0.556,29.0
A0264,2025-05-02,5.2,14.22,37.95,73.7,0.556,42.91
A0264,2025-05-03,5.2,15.24,40.2,78.02,0.556,45.45
A0264,2025-05-04,5.2,9.2,27.31,55.1,0.556,31.17
A0264,2025-05-05,5.2,10.17,29.29,58.67,0.556,33.37
A0264,2025-05-06,5.2,11.02,31.15,62.07,0.556,35.45
A0264,2025-05-07,5.2,12.03,33.3,65.47,0.556,37.77
A0264,2025-05-08,5.2,14.04,37.26,72.77,0.556,42.2
A0264,2025-05-09,5.2,15.43,40.32,78.1,0.556,45.57
A0264,2025-05-10,5.2,17.06,43.68,84.29,0.556,49.32
A0264,2025-05-11,5.2,8.16,24.95,50.92,0.556,28.56
A0264,2025-05-12,5.2,15.17,39.58,76.98,0.556,44.77
A0265,2025-04-29,437.8,17.24,24.54,34.31,0.909,34.53
A0265,2025-04-30,437.8,23.48,32.67,44.98,0.909,45.26
A0265,2025-05-01,437.8,14.92,21.92,31.29,0.909,31.51
A0265,2025-05-02,437.8,21.6,31.35,44.41,0.909,44.71
A0265,2025-05-03,437.8,21.92,29.97,40.77,0.909,41.02
A0265,2025-05-04,437.8,16.09,22.51,31.1,0.909,31.29
A0265,2025-05-05,437.8,18.98,26.41,36.36,0.909,36.59
A0265,2025-05-06,437.8,18.62,26.08,36.08,0.909,36.31
A0265,2025-05-07,437.8,19.15,27.57,38.87,0.909,39.12
A0265,2025-05-08,437.8,20.38,29.26,41.15,0.909,41.42
A0265,2025-05-09,437.8,21.66,31.93,45.71,0.909,46.02
A0265,2025-05-10,437.8,22.68,31.74,43.88,0.909,44.16
A0265,2025-05-11,437.8,14.64,20.91,29.3,0.909,29.49
A0265,2025-05-12,437.8,23.82,33.71,46.96,0.909,47.26
A0266,2025-04-29,331.8,9.11,14.93,23.04,0.909,23.22
A0266,2025-04-30,331.8,12.16,20.45,32.01,0.909,32.27
A0266,2025-05-01,331.8,8.22,13.1,19.9,0.909,20.06
A0266,2025-05-02,331.8,10.11,16.76,26.03,0.909,26.24
A0266,2025-05-03,331.8,12.01,20.13,31.43,0.909,31.69
A0266,2025-05-04,331.8,9.68,16.46,25.9,0.909,26.11
A0266,2025-05-05,331.8,6.89,10.78,16.19,0.909,16.31
A0266,2025-05-06,331.8,8.42,13.88,21.48,0.909,21.65
A0266,2025-05-07,331.8,9.22,14.52,21.9,0.909,22.07
A0266,2025-05-08,331.8,9.1,14.53,22.09,0.909,22.26
A0266,2025-05-09,331.8,9.3,15.31,23.68,0.909,23.87
A0266,2025-05-10,331.8,11.17,17.96,27.43,0.909,27.64
A0266,2025-05-11,331.8,7.85,12.18,18.2,0.909,18.34
A0266,2025-05-12,331.8,16.99,23.18,31.8,0.909,32.0
A0267,2025-04-29,5.9,44.98,60.06,78.62,0.556,62.64
A0267,2025-04-30,5.9,57.08,75.77,98.75,0.556,78.96
A0267,2025-05-01,5.9,42.62,57.68,76.2,0.556,60.25
A0267,2025-05-02,5.9,55.56,74.36,97.48,0.556,77.57
A0267,2025-05-03,5.9,59.53,80.66,106.66,0.556,84.27
A0267,2025-05-04,5.9,41.68,54.49,70.25,0.556,56.68
A0267,2025-05-05,5.9,43.39,58.48,77.04,0.556,61.06
A0267,2025-05-06,5.9,43.34,58.48,77.11,0.556,61.07
A0267,2025-05-07,5.9,44.93,61.46,81.79,0.556,64.28
A0267,2025-05-08,5.9,49.84,67.47,89.16,0.556,70.49
A0267,2025-05-09,5.9,54.17,72.97,96.1,0.556,76.19
A0267,2025-05-10,5.9,58.42,79.53,105.5,0.556,83.14
A0267,2025-05-11,5.9,34.83,46.43,60.7,0.556,48.42
A0267,2025-05-12,5.9,52.27,69.55,90.81,0.556,72.51
A0268,2025-04-29,348.3,19.69,28.9,38.0,0.909,38.21
A0268,2025-04-30,348.3,25.13,34.75,44.26,0.909,44.48
A0268,2025-05-01,348.3,17.59,25.61,33.54,0.909,33.72
A0268,2025-05-02,348.3,22.3,33.51,44.57,0.909,44.82
A0268,2025-05-03,348.3,23.49,34.51,45.38,0.909,45.63
A0268,2025-05-04,348.3,18.33,25.6,32.79,0.909,32.95
A0268,2025-05-05,348.3,18.15,26.39,34.53,0.909,34.71
A0268,2025-05-06,348.3,20.37,29.86,39.23,0.909,39.45
A0268,2025-05-07,348.3,19.88,28.66,37.33,0.909,37.53
A0268,2025-05-08,348.3,21.61,30.96,40.19,0.909,40.4
A0268,2025-05-09,348.3,22.65,33.63,44.47,0.909,44.72
A0268,2025-05-10,348.3,23.85,34.26,44.55,0.909,44.78
A0268,2025-05-11,348.3,15.63,22.45,29.19,0.909,29.34
A0268,2025-05-12,348.3,22.03,31.5,40.85,0.909,41.06
A0269,2025-04-29,5.8,162.94,214.09,275.05,0.556,222.55
A0269,2025-04-30,5.8,188.06,261.61,349.25,0.556,273.78
A0269,2025-05-01,5.8,145.64,196.48,257.06,0.556,204.89
A0269,2025-05-02,5.8,186.45,252.82,331.92,0.556,263.8
A0269,2025-05-03,5.8,202.9,279.0,369.69,0.556,291.6
A0269,2025-05-04,5.8,155.75,217.64,291.4,0.556,227.89
A0269,2025-05-05,5.8,138.93,189.93,250.73,0.556,198.38
A0269,2025-05-06,5.8,162.6,213.16,273.42,0.556,221.53
A0269,2025-05-07,5.8,162.47,219.17,286.75,0.556,228.56
A0269,2025-05-08,5.8,170.35,226.88,294.25,0.556,236.24
A0269,2025-05-09,5.8,186.24,251.16,328.52,0.556,261.9
A0269,2025-05-10,5.8,202.29,276.1,364.06,0.556,288.31
A0269,2025-05-11,5.8,125.82,172.66,228.48,0.556,180.41
A0269,2025-05-12,5.8,165.88,221.4,287.56,0.556,230.58
A0270,2025-04-29,150.8,21.93,31.36,42.46,0.909,42.72
A0270,2025-04-30,150.8,28.56,40.39,54.32,0.909,54.63
A0270,2025-05-01,150.8,20.45,29.89,41.0,0.909,41.25
A0270,2025-05-02,150.8,26.19,37.47,50.75,0.909,51.06
A0270,2025-05-03,150.8,28.67,40.63,54.73,0.909,55.05
A0270,2025-05-04,150.8,20.82,29.68,40.11,0.909,40.35
A0270,2025-05-05,150.8,20.01,28.81,39.16,0.909,39.4
A0270,2025-05-06,150.8,20.9,30.56,41.95,0.909,42.21
A0270,2025-05-07,150.8,47.05,64.14,84.27,0.909,84.73
A0270,2025-05-08,150.8,53.41,73.61,97.4,0.909,97.94
A0270,2025-05-09,150.8,56.75,77.29,101.48,0.909,102.03
A0270,2025-05-10,150.8,60.01,81.53,106.88,0.909,107.45
A0270,2025-05-11,150.8,15.42,22.88,31.67,0.909,31.87
A0270,2025-05-12,150.8,21.19,31.46,43.55,0.909,43.83
A0271,2025-04-29,2.8,71.21,99.13,131.55,0.556,103.63
A0271,2025-04-30,2.8,89.73,122.92,161.47,0.556,128.28
A0271,2025-05-01,2.8,63.09,86.11,112.85,0.556,89.82
A0271,2025-05-02,2.8,87.32,121.67,161.57,0.556,127.21
A0271,2025-05-03,2.8,90.16,125.65,166.87,0.556,131.37
A0271,2025-05-04,2.8,64.93,89.25,117.5,0.556,93.17
A0271,2025-05-05,2.8,65.98,90.22,118.37,0.556,94.13
A0271,2025-05-06,2.8,71.99,100.25,133.06,0.556,104.8
A0271,2025-05-07,2.8,73.42,101.15,133.36,0.556,105.62
A0271,2025-05-08,2.8,76.2,105.74,140.06,0.556,110.51
A0271,2025-05-09,2.8,86.12,120.02,159.39,0.556,125.48
A0271,2025-05-10,2.8,89.19,123.55,163.45,0.556,129.09
A0271,2025-05-11,2.8,54.58,75.53,99.85,0.556,78.91
A0271,2025-05-12,2.8,79.83,109.78,144.58,0.556,114.62
A0272,2025-04-29,6.8,32.41,42.82,59.47,0.556,45.13
A0272,2025-04-30,6.8,41.04,54.23,75.34,0.556,57.16
A0272,2025-05-01,6.8,32.25,41.23,55.6,0.556,43.22
A0272,2025-05-02,6.8,40.58,54.19,75.98,0.556,57.21
A0272,2025-05-03,6.8,41.77,56.36,79.71,0.556,59.6
A0272,2025-05-04,6.8,29.84,40.23,56.86,0.556,42.54
A0272,2025-05-05,6.8,33.45,42.55,57.12,0.556,44.58
A0272,2025-05-06,6.8,32.95,43.64,60.76,0.556,46.02
A0272,2025-05-07,6.8,32.27,43.28,60.9,0.556,45.73
A0272,2025-05-08,6.8,36.95,48.71,67.54,0.556,51.32
A0272,2025-05-09,6.8,38.98,52.41,73.89,0.556,55.39
A0272,2025-05-10,6.8,41.46,55.42,77.78,0.556,58.53
A0272,2025-05-11,6.8,26.46,35.56,50.11,0.556,37.58
A0272,2025-05-12,6.8,41.09,52.5,70.77,0.556,55.04
A0273,2025-04-29,3.5,41.16,60.03,85.06,0.556,63.51
A0273,2025-04-30,3.5,52.07,74.5,104.26,0.556,78.64
A0273,2025-05-01,3.5,39.57,57.07,80.29,0.556,60.3
A0273,2025-05-02,3.5,53.82,76.11,105.66,0.556,80.21
A0273,2025-05-03,3.5,58.59,83.02,115.42,0.556,87.52
A0273,2025-05-04,3.5,39.78,55.21,75.66,0.556,58.05
A0273,2025-05-05,3.5,41.42,59.13,82.61,0.556,62.39
A0273,2025-05-06,3.5,44.8,63.75,88.88,0.556,67.24
A0273,2025-05-07,3.5,46.43,65.59,91.0,0.556,69.12
A0273,2025-05-08,3.5,49.48,69.0,94.89,0.556,72.6
A0273,2025-05-09,3.5,54.46,76.38,105.46,0.556,80.42
A0273,2025-05-10,3.5,59.09,82.69,113.98,0.556,87.03
A0273,2025-05-11,3.5,34.59,48.07,65.93,0.556,50.55
A0273,2025-05-12,3.5,48.28,67.46,92.9,0.556,70.99
A0274,2025-04-29,3.4,249.02,340.95,462.89,0.556,357.89
A0274,2025-04-30,3.4,303.66,424.99,585.94,0.556,447.35
A0274,2025-05-01,3.4,211.96,289.91,393.31,0.556,304.27
A0274,2025-05-02,3.4,297.9,410.72,560.36,0.556,431.5
A0274,2025-05-03,3.4,318.22,436.14,592.54,0.556,457.86
A0274,2025-05-04,3.4,243.31,335.3,457.33,0.556,352.25
A0274,2025-05-05,3.4,217.28,301.48,413.17,0.556,316.99
A0274,2025-05-06,3.4,239.27,329.86,450.02,0.556,346.55
A0274,2025-05-07,3.4,253.14,350.88,480.52,0.556,368.88
A0274,2025-05-08,3.4,267.62,369.41,504.43,0.556,388.16
A0274,2025-05-09,3.4,294.63,407.63,557.51,0.556,428.44
A0274,2025-05-10,3.4,317.15,436.11,593.91,0.556,458.03
A0274,2025-05-11,3.4,194.89,268.59,366.34,0.556,282.16
A0274,2025-05-12,3.4,263.12,370.5,512.94,0.556,390.28
A0275,2025-04-29,193.1,2.29,12.25,28.75,0.909,29.12
A0275,2025-04-30,193.1,4.44,17.04,37.73,0.909,38.2
A0275,2025-05-01,193.1,2.28,11.69,27.45,0.909,27.81
A0275,2025-05-02,193.1,4.86,18.2,39.85,0.909,40.35
A0275,2025-05-03,193.1,5.61,19.96,43.28,0.909,43.81
A0275,2025-05-04,193.1,2.67,13.27,30.64,0.909,31.04
A0275,2025-05-05,193.1,3.13,14.26,32.51,0.909,32.93
A0275,2025-05-06,193.1,4.01,16.24,36.23,0.909,36.69
A0275,2025-05-07,193.1,4.53,17.42,38.17,0.909,38.65
A0275,2025-05-08,193.1,5.66,19.79,42.73,0.909,43.25
A0275,2025-05-09,193.1,6.67,22.1,47.04,0.909,47.61
A0275,2025-05-10,193.1,7.75,24.47,51.53,0.909,52.15
A0275,2025-05-11,193.1,2.95,13.78,31.42,0.909,31.82
A0275,2025-05-12,193.1,6.74,22.11,47.07,0.909,47.64
A0276,2025-04-29,166.4,20.22,29.82,41.52,0.909,41.79
A0276,2025-04-30,166.4,22.43,31.26,42.02,0.909,42.27
A0276,2025-05-01,166.4,17.57,25.38,34.91,0.909,35.13
A0276,2025-05-02,166.4,23.91,34.21,46.76,0.909,47.05
A0276,2025-05-03,166.4,24.97,37.14,51.98,0.909,52.32
A0276,2025-05-04,166.4,17.57,25.04,34.16,0.909,34.37
A0276,2025-05-05,166.4,17.96,26.26,36.37,0.909,36.6
A0276,2025-05-06,166.4,20.27,29.68,41.15,0.909,41.42
A0276,2025-05-07,166.4,20.09,29.03,39.93,0.909,40.17
A0276,2025-05-08,166.4,22.66,32.37,44.22,0.909,44.49
A0276,2025-05-09,166.4,24.02,34.43,47.12,0.909,47.4
A0276,2025-05-10,166.4,25.71,38.28,53.61,0.909,53.96
A0276,2025-05-11,166.4,16.04,23.53,32.65,0.909,32.86
A0276,2025-05-12,166.4,22.44,32.26,44.24,0.909,44.51
A0277,2025-04-29,435.8,8.47,15.31,23.52,0.909,23.71
A0277,2025-04-30,435.8,9.51,17.1,26.22,0.909,26.43
A0277,2025-05-01,435.8,7.92,12.96,19.01,0.909,19.14
A0277,2025-05-02,435.8,9.08,16.21,24.77,0.909,24.97
A0277,2025-05-03,435.8,9.82,17.63,27.0,0.909,27.22
A0277,2025-05-04,435.8,7.71,13.96,21.47,0.909,21.64
A0277,2025-05-05,435.8,5.38,9.17,13.73,0.909,13.83
A0277,2025-05-06,435.8,7.07,13.45,21.09,0.909,21.27
A0277,2025-05-07,435.8,6.57,12.58,19.8,0.909,19.96
A0277,2025-05-08,435.8,7.58,13.84,21.36,0.909,21.53
A0277,2025-05-09,435.8,7.64,14.17,22.0,0.909,22.18
A0277,2025-05-10,435.8,7.99,14.92,23.23,0.909,23.42
A0277,2025-05-11,435.8,5.78,10.46,16.07,0.909,16.2
A0277,2025-05-12,435.8,5.37,9.41,14.26,0.909,14.37
A0278,2025-04-29,5.1,4.59,17.08,37.18,0.556,19.87
A0278,2025-04-30,5.1,6.97,22.17,46.39,0.556,25.54
A0278,2025-05-01,5.1,4.31,16.39,35.49,0.556,19.04
A0278,2025-05-02,5.1,7.19,22.9,47.49,0.556,26.31
A0278,2025-05-03,5.1,8.03,24.77,51.05,0.556,28.42
A0278,2025-05-04,5.1,4.78,17.59,38.06,0.556,20.44
A0278,2025-05-05,5.1,4.59,17.23,37.36,0.556,20.02
A0278,2025-05-06,5.1,25.36,59.81,114.76,0.556,67.44
A0278,2025-05-07,5.1,25.54,60.39,116.23,0.556,68.15
A0278,2025-05-08,5.1,28.61,66.49,128.67,0.556,75.13
A0278,2025-05-09,5.1,32.42,75.14,145.39,0.556,84.9
A0278,2025-05-10,5.1,34.73,79.64,154.54,0.556,90.04
A0278,2025-05-11,5.1,21.57,50.43,98.19,0.556,57.07
A0278,2025-05-12,5.1,30.38,69.54,134.83,0.556,78.6
A0279,2025-04-29,33.8,21.55,30.78,41.26,0.909,41.5
A0279,2025-04-30,33.8,26.29,37.41,50.04,0.909,50.33
A0279,2025-05-01,33.8,18.23,25.68,34.15,0.909,34.34
A0279,2025-05-02,33.8,25.39,35.33,46.62,0.909,46.88
A0279,2025-05-03,33.8,25.5,34.99,45.76,0.909,46.01
A0279,2025-05-04,33.8,18.79,27.75,37.92,0.909,38.15
A0279,2025-05-05,33.8,21.45,30.09,39.91,0.909,40.13
A0279,2025-05-06,33.8,23.5,32.87,43.51,0.909,43.75
A0279,2025-05-07,33.8,24.22,32.82,42.58,0.909,42.8
A0279,2025-05-08,33.8,26.67,35.36,45.24,0.909,45.46
A0279,2025-05-09,33.8,27.48,37.89,49.7,0.909,49.97
A0279,2025-05-10,33.8,28.83,39.24,51.07,0.909,51.34
A0279,2025-05-11,33.8,18.43,25.92,34.42,0.909,34.61
A0279,2025-05-12,33.8,28.9,39.4,51.33,0.909,51.61
A0280,2025-04-29,2.9,66.08,92.85,125.81,0.556,97.43
A0280,2025-04-30,2.9,83.04,123.37,173.02,0.556,130.27
A0280,2025-05-01,2.9,59.45,87.53,122.11,0.556,92.33
A0280,2025-05-02,2.9,81.03,115.6,158.16,0.556,121.51
A0280,2025-05-03,2.9,89.21,125.2,169.5,0.556,131.36
A0280,2025-05-04,2.9,59.86,88.36,123.45,0.556,93.24
A0280,2025-05-05,2.9,61.89,90.62,125.99,0.556,95.54
A0280,2025-05-06,2.9,65.62,92.15,124.81,0.556,96.68
A0280,2025-05-07,2.9,68.08,97.78,134.35,0.556,102.86
A0280,2025-05-08,2.9,71.66,103.38,142.43,0.556,108.8
A0280,2025-05-09,2.9,79.97,114.65,157.34,0.556,120.58
A0280,2025-05-10,2.9,87.41,123.76,168.52,0.556,129.98
A0280,2025-05-11,2.9,50.43,72.22,99.06,0.556,75.95
A0280,2025-05-12,2.9,70.16,101.84,140.84,0.556,107.26
A0281,2025-04-29,211.5,17.2,26.02,35.42,0.909,35.63
A0281,2025-04-30,211.5,20.15,31.86,44.35,0.909,44.63
A0281,2025-05-01,211.5,16.74,26.65,37.21,0.909,37.45
A0281,2025-05-02,211.5,23.04,34.12,45.92,0.909,46.19
A0281,2025-05-03,211.5,23.09,35.61,48.95,0.909,49.25
A0281,2025-05-04,211.5,15.4,24.49,34.18,0.909,34.4
A0281,2025-05-05,211.5,17.43,27.37,37.95,0.909,38.19
A0281,2025-05-06,211.5,18.33,27.17,36.59,0.909,36.8
A0281,2025-05-07,211.5,18.21,27.54,37.48,0.909,37.71
A0281,2025-05-08,211.5,20.91,31.63,43.06,0.909,43.32
A0281,2025-05-09,211.5,22.68,33.83,45.71,0.909,45.98
A0281,2025-05-10,211.5,23.18,35.86,49.36,0.909,49.66
A0281,2025-05-11,211.5,13.86,21.41,29.45,0.909,29.63
A0281,2025-05-12,211.5,20.51,31.22,42.63,0.909,42.89
A0282,2025-04-29,6.3,283.52,366.14,472.88,0.556,380.97
A0282,2025-04-30,6.3,354.7,455.71,586.2,0.556,473.84
A0282,2025-05-01,6.3,432.51,563.31,732.29,0.556,586.78
A0282,2025-05-02,6.3,544.46,716.53,938.82,0.556,747.4
A0282,2025-05-03,6.3,572.03,768.92,1023.28,0.556,804.25
A0282,2025-05-04,6.3,269.86,356.53,468.5,0.556,372.08
A0282,2025-05-05,6.3,235.98,305.75,395.87,0.556,318.26
A0282,2025-05-06,6.3,267.17,348.46,453.47,0.556,363.04
A0282,2025-05-07,6.3,280.09,359.06,461.07,0.556,373.22
A0282,2025-05-08,6.3,313.4,405.87,525.33,0.556,422.46
A0282,2025-05-09,6.3,323.33,415.51,534.6,0.556,432.05
A0282,2025-05-10,6.3,353.08,460.8,599.96,0.556,480.13
A0282,2025-05-11,6.3,228.75,295.63,382.03,0.556,307.63
A0282,2025-05-12,6.3,319.18,412.59,533.26,0.556,429.35
A0283,2025-04-29,395.9,20.45,30.57,42.56,0.909,42.83
A0283,2025-04-30,395.9,24.72,35.25,47.72,0.909,48.0
A0283,2025-05-01,395.9,17.64,26.5,36.98,0.909,37.22
A0283,2025-05-02,395.9,25.0,36.54,50.21,0.909,50.52
A0283,2025-05-03,395.9,26.25,38.7,53.45,0.909,53.78
A0283,2025-05-04,395.9,19.81,29.11,40.11,0.909,40.36
A0283,2025-05-05,395.9,18.78,27.83,38.54,0.909,38.78
A0283,2025-05-06,395.9,20.86,30.77,42.5,0.909,42.77
A0283,2025-05-07,395.9,21.08,30.7,42.08,0.909,42.34
A0283,2025-05-08,395.9,23.01,34.42,47.92,0.909,48.22
A0283,2025-05-09,395.9,24.99,36.62,50.39,0.909,50.7
A0283,2025-05-10,395.9,26.55,39.33,54.46,0.909,54.81
A0283,2025-05-11,395.9,16.84,25.39,35.52,0.909,35.75
A0283,2025-05-12,395.9,22.28,33.21,46.16,0.909,46.45
A0284,2025-04-29,4.3,40.4,53.86,69.46,0.556,56.03
A0284,2025-04-30,4.3,47.56,62.09,78.95,0.556,64.44
A0284,2025-05-01,4.3,41.87,59.06,78.99,0.556,61.83
A0284,2025-05-02,4.3,50.69,69.4,91.11,0.556,72.42
A0284,2025-05-03,4.3,52.82,73.08,96.57,0.556,76.34
A0284,2025-05-04,4.3,36.34,48.4,62.38,0.556,50.34
A0284,2025-05-05,4.3,41.68,58.73,78.5,0.556,61.48
A0284,2025-05-06,4.3,40.88,54.83,71.02,0.556,57.08
A0284,2025-05-07,4.3,41.37,55.62,72.14,0.556,57.91
A0284,2025-05-08,4.3,47.81,64.69,84.27,0.556,67.41
A0284,2025-05-09,4.3,50.97,69.79,91.6,0.556,72.82
A0284,2025-05-10,4.3,53.33,73.42,96.73,0.556,76.66
A0284,2025-05-11,4.3,33.24,45.43,59.57,0.556,47.4
A0284,2025-05-12,4.3,49.32,66.82,87.11,0.556,69.64
A0285,2025-04-29,352.4,15.02,22.86,31.89,0.909,32.09
A0285,2025-04-30,352.4,19.93,31.04,43.84,0.909,44.13
A0285,2025-05-01,352.4,12.98,20.3,28.73,0.909,28.92
A0285,2025-05-02,352.4,18.07,28.26,40.0,0.909,40.27
A0285,2025-05-03,352.4,18.01,28.08,39.67,0.909,39.93
A0285,2025-05-04,352.4,13.85,22.03,31.44,0.909,31.65
A0285,2025-05-05,352.4,15.26,23.66,33.33,0.909,33.55
A0285,2025-05-06,352.4,16.04,24.58,34.41,0.909,34.63
A0285,2025-05-07,352.4,17.18,26.45,37.13,0.909,37.37
A0285,2025-05-08,352.4,18.52,28.33,39.62,0.909,39.88
A0285,2025-05-09,352.4,19.31,30.15,42.64,0.909,42.92
A0285,2025-05-10,352.4,20.22,31.23,43.91,0.909,44.2
A0285,2025-05-11,352.4,13.35,21.03,29.86,0.909,30.06
A0285,2025-05-12,352.4,21.3,33.92,48.45,0.909,48.78
A0286,2025-04-29,151.0,12.55,34.38,67.33,0.909,68.08
A0286,2025-04-30,151.0,17.76,44.98,85.38,0.909,86.29
A0286,2025-05-01,151.0,11.03,30.95,60.7,0.909,61.38
A0286,2025-05-02,151.0,17.79,45.34,86.05,0.909,86.97
A0286,2025-05-03,151.0,18.93,47.75,90.42,0.909,91.39
A0286,2025-05-04,151.0,11.71,32.5,63.75,0.909,64.46
A0286,2025-05-05,151.0,12.58,34.3,66.89,0.909,67.63
A0286,2025-05-06,151.0,13.94,37.21,72.18,0.909,72.97
A0286,2025-05-07,151.0,15.0,39.34,75.23,0.909,76.05
A0286,2025-05-08,151.0,17.2,43.76,83.43,0.909,84.34
A0286,2025-05-09,151.0,18.99,47.67,90.28,0.909,91.25
A0286,2025-05-10,151.0,20.61,50.93,95.99,0.909,97.01
A0286,2025-05-11,151.0,10.22,29.28,58.08,0.909,58.73
A0286,2025-05-12,151.0,17.78,45.07,85.93,0.909,86.86
A0287,2025-04-29,169.5,6.44,11.66,16.91,0.909,17.03
A0287,2025-04-30,169.5,8.3,14.72,21.16,0.909,21.3
A0287,2025-05-01,169.5,5.64,11.69,17.76,0.909,17.9
A0287,2025-05-02,169.5,8.19,14.64,21.12,0.909,21.27
A0287,2025-05-03,169.5,9.21,16.27,23.36,0.909,23.52
A0287,2025-05-04,169.5,6.36,11.7,17.06,0.909,17.18
A0287,2025-05-05,169.5,6.3,12.55,18.81,0.909,18.95
A0287,2025-05-06,169.5,6.76,12.15,17.56,0.909,17.68
A0287,2025-05-07,169.5,6.82,11.92,17.05,0.909,17.16
A0287,2025-05-08,169.5,7.48,13.47,19.47,0.909,19.61
A0287,2025-05-09,169.5,7.96,14.38,20.82,0.909,20.97
A0287,2025-05-10,169.5,8.92,15.82,22.73,0.909,22.89
A0287,2025-05-11,169.5,5.25,9.74,14.25,0.909,14.35
A0287,2025-05-12,169.5,7.67,14.02,20.39,0.909,20.53
A0288,2025-04-29,3.1,92.61,124.11,161.05,0.556,129.24
A0288,2025-04-30,3.1,115.56,155.36,202.02,0.556,161.85
A0288,2025-05-01,3.1,82.38,115.23,153.74,0.556,120.58
A0288,2025-05-02,3.1,116.1,156.12,203.04,0.556,162.64
A0288,2025-05-03,3.1,115.95,159.47,210.49,0.556,166.56
A0288,2025-05-04,3.1,84.75,116.63,154.0,0.556,121.82
A0288,2025-05-05,3.1,86.73,118.78,156.35,0.556,124.0
A0288,2025-05-06,3.1,93.13,125.46,163.36,0.556,130.73
A0288,2025-05-07,3.1,96.98,128.48,165.41,0.556,133.61
A0288,2025-05-08,3.1,105.86,142.73,185.95,0.556,148.73
A0288,2025-05-09,3.1,117.85,157.5,203.98,0.556,163.95
A0288,2025-05-10,3.1,119.43,161.62,211.08,0.556,168.49
A0288,2025-05-11,3.1,73.49,100.0,131.07,0.556,104.31
A0288,2025-05-12,3.1,104.43,140.42,182.62,0.556,146.28
A0289,2025-04-29,334.4,55.2,80.07,108.51,0.909,109.16
A0289,2025-04-30,334.4,72.48,104.51,141.12,0.909,141.96
A0289,2025-05-01,334.4,47.98,66.47,87.59,0.909,88.07
A0289,2025-05-02,334.4,67.0,94.77,126.5,0.909,127.22
A0289,2025-05-03,334.4,70.72,100.9,135.41,0.909,136.19
A0289,2025-05-04,334.4,56.47,79.02,104.8,0.909,105.39
A0289,2025-05-05,334.4,45.74,62.02,80.63,0.909,81.06
A0289,2025-05-06,334.4,201.58,286.94,384.52,0.909,386.74
A0289,2025-05-07,334.4,210.15,304.92,413.26,0.909,415.73
A0289,2025-05-08,334.4,208.73,297.35,398.65,0.909,400.95
A0289,2025-05-09,334.4,222.89,319.99,430.99,0.909,433.51
A0289,2025-05-10,334.4,233.1,337.42,456.67,0.909,459.38
A0289,2025-05-11,334.4,160.73,225.21,298.92,0.909,300.6
A0289,2025-05-12,334.4,174.0,241.62,318.92,0.909,320.68
A0290,2025-04-29,144.5,24.11,36.36,52.19,0.909,52.55
A0290,2025-04-30,144.5,29.41,42.28,58.9,0.909,59.28
A0290,2025-05-01,144.5,23.66,33.6,46.43,0.909,46.72
A0290,2025-05-02,144.5,30.02,43.43,60.76,0.909,61.15
A0290,2025-05-03,144.5,30.79,45.5,64.5,0.909,64.94
A0290,2025-05-04,144.5,21.66,31.74,44.76,0.909,45.06
A0290,2025-05-05,144.5,21.97,32.72,46.61,0.909,46.93
A0290,2025-05-06,144.5,23.96,36.07,51.71,0.909,52.07
A0290,2025-05-07,144.5,24.92,36.55,51.57,0.909,51.91
A0290,2025-05-08,144.5,27.84,40.7,57.31,0.909,57.68
A0290,2025-05-09,144.5,29.25,42.66,59.99,0.909,60.38
A0290,2025-05-10,144.5,31.64,46.44,65.57,0.909,66.0
A0290,2025-05-11,144.5,19.28,28.48,40.37,0.909,40.64
A0290,2025-05-12,144.5,28.47,41.6,58.57,0.909,58.95
A0291,2025-04-29,6.8,96.67,145.5,205.38,0.556,153.82
A0291,2025-04-30,6.8,119.75,191.53,279.55,0.556,203.76
A0291,2025-05-01,6.8,81.58,119.73,166.51,0.556,126.23
A0291,2025-05-02,6.8,115.44,169.05,234.77,0.556,178.17
A0291,2025-05-03,6.8,126.86,189.02,265.25,0.556,199.61
A0291,2025-05-04,6.8,95.0,151.89,221.63,0.556,161.57
A0291,2025-05-05,6.8,89.77,130.47,180.37,0.556,137.4
A0291,2025-05-06,6.8,96.83,144.21,202.3,0.556,152.28
A0291,2025-05-07,6.8,105.31,159.2,225.28,0.556,168.38
A0291,2025-05-08,6.8,108.01,161.98,228.15,0.556,171.17
A0291,2025-05-09,6.8,116.19,170.91,238.02,0.556,180.23
A0291,2025-05-10,6.8,129.09,194.79,275.34,0.556,205.98
A0291,2025-05-11,6.8,80.66,124.37,177.96,0.556,131.81
A0291,2025-05-12,6.8,104.87,159.14,225.69,0.556,168.39
A0292,2025-04-29,6.6,94.85,128.74,178.61,0.556,135.67
A0292,2025-04-30,6.6,111.84,153.67,215.23,0.556,162.22
A0292,2025-05-01,6.6,83.2,117.17,167.17,0.556,124.11
A0292,2025-05-02,6.6,107.08,144.83,200.4,0.556,152.55
A0292,2025-05-03,6.6,110.44,152.77,215.08,0.556,161.43
A0292,2025-05-04,6.6,40.91,55.02,75.79,0.556,57.91
A0292,2025-05-05,6.6,42.63,57.74,79.99,0.556,60.83
A0292,2025-05-06,6.6,47.59,63.16,86.08,0.556,66.34
A0292,2025-05-07,6.6,49.29,62.79,82.66,0.556,65.55
A0292,2025-05-08,6.6,56.92,74.38,100.08,0.556,77.95
A0292,2025-05-09,6.6,60.71,76.93,100.81,0.556,80.25
A0292,2025-05-10,6.6,63.32,80.72,106.33,0.556,84.28
A0292,2025-05-11,6.6,39.9,51.11,67.61,0.556,53.4
A0292,2025-05-12,6.6,58.98,76.93,103.35,0.556,80.6
A0293,2025-04-29,171.3,1.56,10.58,25.57,0.909,25.91
A0293,2025-04-30,171.3,3.13,14.09,32.18,0.909,32.59
A0293,2025-05-01,171.3,1.71,10.02,24.34,0.909,24.67
A0293,2025-05-02,171.3,3.4,14.9,33.65,0.909,34.07
A0293,2025-05-03,171.3,3.97,16.22,36.16,0.909,36.61
A0293,2025-05-04,171.3,1.8,11.02,26.38,0.909,26.73
A0293,2025-05-05,171.3,1.92,11.52,27.36,0.909,27.72
A0293,2025-05-06,171.3,2.71,13.29,30.7,0.909,31.1
A0293,2025-05-07,171.3,2.98,13.94,31.64,0.909,32.04
A0293,2025-05-08,171.3,3.83,15.76,35.24,0.909,35.68
A0293,2025-05-09,171.3,4.57,17.51,38.54,0.909,39.02
A0293,2025-05-10,171.3,5.34,19.2,41.67,0.909,42.18
A0293,2025-05-11,171.3,1.81,11.22,26.64,0.909,26.99
A0293,2025-05-12,171.3,4.58,17.41,38.39,0.909,38.87
A0294,2025-04-29,200.0,40.14,55.14,73.62,0.909,74.04
A0294,2025-04-30,200.0,52.24,70.07,92.03,0.909,92.53
A0294,2025-05-01,200.0,38.32,54.47,74.36,0.909,74.81
A0294,2025-05-02,200.0,49.64,67.96,90.51,0.909,91.02
A0294,2025-05-03,200.0,52.92,73.16,98.08,0.909,98.64
A0294,2025-05-04,200.0,37.61,50.62,66.64,0.909,67.0
A0294,2025-05-05,200.0,38.7,53.57,71.89,0.909,72.31
A0294,2025-05-06,200.0,39.69,54.35,72.39,0.909,72.8
A0294,2025-05-07,200.0,42.66,59.13,79.43,0.909,79.89
A0294,2025-05-08,200.0,47.07,66.24,89.84,0.909,90.37
A0294,2025-05-09,200.0,49.92,68.44,91.25,0.909,91.77
A0294,2025-05-10,200.0,54.38,75.31,101.09,0.909,101.67
A0294,2025-05-11,200.0,32.65,44.7,59.54,0.909,59.88
A0294,2025-05-12,200.0,46.44,63.35,84.17,0.909,84.64
A0295,2025-04-29,2.9,47.59,66.13,91.78,0.556,69.69
A0295,2025-04-30,2.9,63.86,88.62,122.87,0.556,93.38
A0295,2025-05-01,2.9,41.24,57.41,79.79,0.556,60.52
A0295,2025-05-02,2.9,58.66,81.67,113.52,0.556,86.1
A0295,2025-05-03,2.9,62.37,87.3,121.79,0.556,92.09
A0295,2025-05-04,2.9,46.37,64.02,88.43,0.556,67.41
A0295,2025-05-05,2.9,45.06,62.64,86.96,0.556,66.02
A0295,2025-05-06,2.9,48.28,66.72,92.22,0.556,70.26
A0295,2025-05-07,2.9,52.03,72.41,100.6,0.556,76.33
A0295,2025-05-08,2.9,53.6,74.46,103.31,0.556,78.46
A0295,2025-05-09,2.9,58.98,81.87,113.54,0.556,86.27
A0295,2025-05-10,2.9,62.87,87.57,121.74,0.556,92.32
A0295,2025-05-11,2.9,38.27,53.21,73.88,0.556,56.08
A0295,2025-05-12,2.9,55.15,76.59,106.24,0.556,80.71
A0296,2025-04-29,3.1,222.3,299.16,399.14,0.556,313.04
A0296,2025-04-30,3.1,273.75,360.42,473.17,0.556,376.08
A0296,2025-05-01,3.1,195.37,265.37,356.45,0.556,278.02
A0296,2025-05-02,3.1,271.28,376.28,512.87,0.556,395.25
A0296,2025-05-03,3.1,290.19,395.68,532.91,0.556,414.74
A0296,2025-05-04,3.1,209.42,277.9,366.98,0.556,290.27
A0296,2025-05-05,3.1,199.72,275.66,374.44,0.556,289.38
A0296,2025-05-06,3.1,217.0,295.15,396.81,0.556,309.27
A0296,2025-05-07,3.1,221.37,301.85,406.54,0.556,316.39
A0296,2025-05-08,3.1,231.15,313.11,419.74,0.556,327.92
A0296,2025-05-09,3.1,268.26,372.25,507.53,0.556,391.04
A0296,2025-05-10,3.1,286.94,390.02,524.1,0.556,408.64
A0296,2025-05-11,3.1,170.73,235.04,318.69,0.556,246.65
A0296,2025-05-12,3.1,241.76,332.62,450.81,0.556,349.03
A0297,2025-04-29,336.2,16.88,25.09,34.94,0.909,35.16
A0297,2025-04-30,336.2,19.34,30.1,43.01,0.909,43.3
A0297,2025-05-01,336.2,13.81,19.57,26.47,0.909,26.63
A0297,2025-05-02,336.2,18.45,27.61,38.6,0.909,38.85
A0297,2025-05-03,336.2,19.37,29.86,42.45,0.909,42.74
A0297,2025-05-04,336.2,14.86,23.4,33.65,0.909,33.88
A0297,2025-05-05,336.2,12.81,18.56,25.47,0.909,25.62
A0297,2025-05-06,336.2,15.6,22.97,31.82,0.909,32.02
A0297,2025-05-07,336.2,15.45,22.84,31.71,0.909,31.91
A0297,2025-05-08,336.2,15.54,22.92,31.78,0.909,31.98
A0297,2025-05-09,336.2,16.74,25.12,35.19,0.909,35.42
A0297,2025-05-10,336.2,17.87,27.14,38.26,0.909,38.51
A0297,2025-05-11,336.2,12.18,17.8,24.53,0.909,24.69
A0297,2025-05-12,336.2,13.65,19.51,26.55,0.909,26.71
A0298,2025-04-29,304.7,3.38,14.72,33.37,0.909,33.8
A0298,2025-04-30,304.7,5.74,19.94,43.01,0.909,43.53
A0298,2025-05-01,304.7,2.34,12.27,28.52,0.909,28.89
A0298,2025-05-02,304.7,5.45,19.45,42.08,0.909,42.59
A0298,2025-05-03,304.7,5.79,20.32,43.78,0.909,44.32
A0298,2025-05-04,304.7,3.4,14.91,33.55,0.909,33.97
A0298,2025-05-05,304.7,3.94,15.96,35.75,0.909,36.19
A0298,2025-05-06,304.7,4.8,17.92,39.23,0.909,39.72
A0298,2025-05-07,304.7,5.42,19.33,41.59,0.909,42.1
A0298,2025-05-08,304.7,6.44,21.34,45.42,0.909,45.97
A0298,2025-05-09,304.7,7.11,22.89,48.21,0.909,48.79
A0298,2025-05-10,304.7,8.01,24.81,52.05,0.909,52.67
A0298,2025-05-11,304.7,3.59,15.05,33.83,0.909,34.26
A0298,2025-05-12,304.7,8.29,24.98,52.37,0.909,52.99
A0299,2025-04-29,13.4,22.58,31.5,43.47,0.909,43.74
A0299,2025-04-30,13.4,28.4,39.24,53.8,0.909,54.13
A0299,2025-05-01,13.4,19.8,27.94,38.87,0.909,39.12
A0299,2025-05-02,13.4,30.05,41.14,56.03,0.909,56.37
A0299,2025-05-03,13.4,30.97,43.43,60.16,0.909,60.54
A0299,2025-05-04,13.4,21.09,29.16,40.01,0.909,40.26
A0299,2025-05-05,13.4,21.62,29.81,40.8,0.909,41.05
A0299,2025-05-06,13.4,24.45,33.57,45.81,0.909,46.09
A0299,2025-05-07,13.4,25.98,35.19,47.55,0.909,47.83
A0299,2025-05-08,13.4,26.64,36.15,48.91,0.909,49.2
A0299,2025-05-09,13.4,30.91,41.7,56.18,0.909,56.51
A0299,2025-05-10,13.4,32.42,44.08,59.73,0.909,60.08
A0299,2025-05-11,13.4,19.24,26.32,35.83,0.909,36.04
A0299,2025-05-12,13.4,26.78,36.05,48.51,0.909,48.79
A0300,2025-04-29,366.9,1.03,9.39,23.61,0.909,23.94
A0300,2025-04-30,366.9,2.11,12.03,28.66,0.909,29.04
A0300,2025-05-01,366.9,1.04,8.8,22.32,0.909,22.63
A0300,2025-05-02,366.9,2.15,12.36,29.19,0.909,29.57
A0300,2025-05-03,366.9,2.51,13.2,30.82,0.909,31.22
A0300,2025-05-04,366.9,1.23,9.68,24.11,0.909,24.44
A0300,2025-05-05,366.9,1.08,9.54,23.77,0.909,24.1
A0300,2025-05-06,366.9,1.62,11.0,26.63,0.909,26.98
A0300,2025-05-07,366.9,1.63,11.07,26.44,0.909,26.79
A0300,2025-05-08,366.9,2.13,12.24,28.93,0.909,29.31
A0300,2025-05-09,366.9,2.57,13.34,31.08,0.909,31.48
A0300,2025-05-10,366.9,2.97,14.22,32.68,0.909,33.1
A0300,2025-05-11,366.9,1.03,9.48,23.54,0.909,23.86
A0300,2025-05-12,366.9,2.2,12.38,29.19,0.909,29.57
A0301,2025-04-29,6.7,113.62,151.41,195.57,0.556,157.54
A0301,2025-04-30,6.7,132.44,171.72,217.62,0.556,178.1
A0301,2025-05-01,6.7,97.88,130.09,167.73,0.556,135.32
A0301,2025-05-02,6.7,133.05,174.0,221.85,0.556,180.65
A0301,2025-05-03,6.7,134.85,177.45,227.24,0.556,184.37
A0301,2025-05-04,6.7,100.88,132.95,170.42,0.556,138.16
A0301,2025-05-05,6.7,106.27,138.39,175.91,0.556,143.6
A0301,2025-05-06,6.7,114.26,152.39,196.94,0.556,158.58
A0301,2025-05-07,6.7,113.84,149.98,192.2,0.556,155.84
A0301,2025-05-08,6.7,128.69,169.33,216.82,0.556,175.93
A0301,2025-05-09,6.7,134.34,175.64,223.89,0.556,182.34
A0301,2025-05-10,6.7,139.03,182.3,232.86,0.556,189.32
A0301,2025-05-11,6.7,89.48,119.8,155.22,0.556,124.72
A0301,2025-05-12,6.7,127.8,167.09,212.99,0.556,173.46
A0302,2025-04-29,406.6,8.85,15.11,24.1,0.909,24.31
A0302,2025-04-30,406.6,10.28,16.87,26.35,0.909,26.56
A0302,2025-05-01,406.6,6.94,11.29,17.54,0.909,17.68
A0302,2025-05-02,406.6,10.08,16.57,25.91,0.909,26.12
A0302,2025-05-03,406.6,9.76,16.66,26.59,0.909,26.81
A0302,2025-05-04,406.6,7.86,13.1,20.63,0.909,20.8
A0302,2025-05-05,406.6,6.53,10.42,16.01,0.909,16.14
A0302,2025-05-06,406.6,8.32,14.08,22.35,0.909,22.54
A0302,2025-05-07,406.6,9.37,15.5,24.29,0.909,24.49
A0302,2025-05-08,406.6,9.15,14.85,23.04,0.909,23.23
A0302,2025-05-09,406.6,9.71,16.04,25.13,0.909,25.33
A0302,2025-05-10,406.6,9.74,16.53,26.3,0.909,26.52
A0302,2025-05-11,406.6,6.87,11.48,18.1,0.909,18.25
A0302,2025-05-12,406.6,7.18,11.56,17.86,0.909,18.0
A0303,2025-04-29,405.7,11.68,18.09,26.7,0.909,26.9
A0303,2025-04-30,405.7,13.84,21.18,31.04,0.909,31.27
A0303,2025-05-01,405.7,11.47,16.1,22.32,0.909,22.46
A0303,2025-05-02,405.7,13.38,19.59,27.94,0.909,28.13
A0303,2025-05-03,405.7,14.02,22.66,34.29,0.909,34.56
A0303,2025-05-04,405.7,10.7,16.97,25.4,0.909,25.6
A0303,2025-05-05,405.7,9.38,14.38,21.1,0.909,21.26
A0303,2025-05-06,405.7,11.67,17.66,25.71,0.909,25.89
A0303,2025-05-07,405.7,11.64,17.26,24.83,0.909,25.01
A0303,2025-05-08,405.7,12.28,17.46,24.42,0.909,24.58
A0303,2025-05-09,405.7,12.5,18.41,26.36,0.909,26.54
A0303,2025-05-10,405.7,13.03,21.06,31.85,0.909,32.1
A0303,2025-05-11,405.7,9.35,14.14,20.59,0.909,20.74
A0303,2025-05-12,405.7,10.8,15.61,22.09,0.909,22.24
A0304,2025-04-29,6.7,111.74,146.7,197.24,0.556,153.72
A0304,2025-04-30,6.7,146.65,201.93,281.85,0.556,213.03
A0304,2025-05-01,6.7,102.55,136.85,186.44,0.556,143.74
A0304,2025-05-02,6.7,137.44,181.15,244.37,0.556,189.93
A0304,2025-05-03,6.7,147.84,194.23,261.3,0.556,203.54
A0304,2025-05-04,6.7,116.68,160.85,224.71,0.556,169.72
A0304,2025-05-05,6.7,108.03,141.8,190.63,0.556,148.58
A0304,2025-05-06,6.7,118.54,153.94,205.12,0.556,161.05
A0304,2025-05-07,6.7,125.45,163.74,219.11,0.556,171.43
A0304,2025-05-08,6.7,138.63,182.21,245.22,0.556,190.96
A0304,2025-05-09,6.7,142.18,185.41,247.91,0.556,194.09
A0304,2025-05-10,6.7,153.18,198.24,263.41,0.556,207.29
A0304,2025-05-11,6.7,97.36,129.99,177.17,0.556,136.54
A0304,2025-05-12,6.7,128.98,170.31,230.06,0.556,178.61
A0305,2025-04-29,334.9,16.75,42.52,82.19,0.909,83.1
A0305,2025-04-30,334.9,22.66,54.23,102.37,0.909,103.46
A0305,2025-05-01,334.9,15.74,39.77,76.82,0.909,77.67
A0305,2025-05-02,334.9,23.1,55.18,104.12,0.909,105.23
A0305,2025-05-03,334.9,24.46,57.91,108.95,0.909,110.11
A0305,2025-05-04,334.9,16.68,41.79,80.62,0.909,81.51
A0305,2025-05-05,334.9,16.09,40.96,79.33,0.909,80.2
A0305,2025-05-06,334.9,18.72,46.26,88.79,0.909,89.76
A0305,2025-05-07,334.9,19.86,48.4,91.45,0.909,92.43
A0305,2025-05-08,334.9,54.11,111.04,198.98,0.909,200.98
A0305,2025-05-09,334.9,60.69,126.64,229.12,0.909,231.45
A0305,2025-05-10,334.9,61.69,129.44,235.93,0.909,238.35
A0305,2025-05-11,334.9,9.06,27.34,56.23,0.909,56.89
A0305,2025-05-12,334.9,16.4,43.06,84.35,0.909,85.29
A0306,2025-04-29,324.9,6.18,11.42,17.02,0.909,17.15
A0306,2025-04-30,324.9,9.17,15.33,21.91,0.909,22.05
A0306,2025-05-01,324.9,5.53,11.78,18.45,0.909,18.6
A0306,2025-05-02,324.9,7.4,13.47,19.96,0.909,20.11
A0306,2025-05-03,324.9,8.31,14.74,21.61,0.909,21.77
A0306,2025-05-04,324.9,6.81,11.55,16.61,0.909,16.73
A0306,2025-05-05,324.9,5.96,11.48,17.39,0.909,17.52
A0306,2025-05-06,324.9,6.45,11.71,17.33,0.909,17.46
A0306,2025-05-07,324.9,6.32,11.58,17.19,0.909,17.32
A0306,2025-05-08,324.9,6.83,12.86,19.29,0.909,19.43
A0306,2025-05-09,324.9,7.51,13.54,19.99,0.909,20.14
A0306,2025-05-10,324.9,8.22,14.56,21.32,0.909,21.47
A0306,2025-05-11,324.9,5.09,9.24,13.68,0.909,13.78
A0306,2025-05-12,324.9,7.31,12.65,18.35,0.909,18.48
A0307,2025-04-29,3.0,16.51,42.19,81.73,0.556,47.68
A0307,2025-04-30,3.0,23.22,55.35,104.44,0.556,62.17
A0307,2025-05-01,3.0,15.45,39.36,76.08,0.556,44.46
A0307,2025-05-02,3.0,23.98,57.03,107.31,0.556,64.01
A0307,2025-05-03,3.0,26.18,61.44,115.3,0.556,68.92
A0307,2025-05-04,3.0,16.19,40.97,79.38,0.556,46.31
A0307,2025-05-05,3.0,16.63,42.02,81.21,0.556,47.46
A0307,2025-05-06,3.0,18.64,46.16,88.64,0.556,52.06
A0307,2025-05-07,3.0,19.95,48.69,92.27,0.556,54.74
A0307,2025-05-08,3.0,22.54,53.86,101.89,0.556,60.53
A0307,2025-05-09,3.0,25.39,59.84,112.39,0.556,67.14
A0307,2025-05-10,3.0,27.9,64.78,121.04,0.556,72.6
A0307,2025-05-11,3.0,13.78,36.25,70.93,0.556,41.07
A0307,2025-05-12,3.0,22.84,54.79,103.75,0.556,61.59
A0308,2025-04-29,380.1,0.0,28.32,104.23,0.909,105.96
A0308,2025-04-30,380.1,7.17,36.1,82.21,0.909,83.26
A0308,2025-05-01,380.1,0.0,24.0,102.71,0.909,104.5
A0308,2025-05-02,380.1,0.0,33.79,93.8,0.909,95.17
A0308,2025-05-03,380.1,0.0,33.1,85.93,0.909,87.13
A0308,2025-05-04,380.1,0.0,27.25,72.01,0.909,73.03
A0308,2025-05-05,380.1,1.63,47.52,120.68,0.909,122.34
A0308,2025-05-06,380.1,0.0,49.1,134.65,0.909,136.6
A0308,2025-05-07,380.1,17.81,49.9,101.05,0.909,102.21
A0308,2025-05-08,380.1,0.44,53.75,138.72,0.909,140.65
A0308,2025-05-09,380.1,14.06,56.39,123.87,0.909,125.4
A0308,2025-05-10,380.1,17.64,57.72,121.6,0.909,123.06
A0308,2025-05-11,380.1,5.54,39.76,94.3,0.909,95.54
A0308,2025-05-12,380.1,0.0,35.11,135.3,0.909,137.58
A0309,2025-04-29,206.0,53.97,77.52,104.59,0.909,105.2
A0309,2025-04-30,206.0,76.69,105.94,139.57,0.909,140.33
A0309,2025-05-01,206.0,45.71,69.38,96.59,0.909,97.21
A0309,2025-05-02,206.0,69.57,96.28,126.99,0.909,127.69
A0309,2025-05-03,206.0,75.11,103.73,136.64,0.909,137.39
A0309,2025-05-04,206.0,56.44,78.27,103.38,0.909,103.95
A0309,2025-05-05,206.0,51.92,74.87,101.25,0.909,101.85
A0309,2025-05-06,206.0,58.54,82.23,109.47,0.909,110.09
A0309,2025-05-07,206.0,62.32,86.43,114.16,0.909,114.79
A0309,2025-05-08,206.0,69.44,98.1,131.05,0.909,131.8
A0309,2025-05-09,206.0,73.56,100.21,130.86,0.909,131.55
A0309,2025-05-10,206.0,78.45,106.87,139.55,0.909,140.29
A0309,2025-05-11,206.0,45.06,63.64,85.01,0.909,85.49
A0309,2025-05-12,206.0,67.42,94.57,125.79,0.909,126.5
A0310,2025-04-29,14.4,52.93,70.16,91.74,0.909,92.23
A0310,2025-04-30,14.4,68.94,89.54,115.34,0.909,115.92
A0310,2025-05-01,14.4,46.31,62.19,82.08,0.909,82.53
A0310,2025-05-02,14.4,62.11,82.96,109.05,0.909,109.65
A0310,2025-05-03,14.4,67.21,89.63,117.7,0.909,118.34
A0310,2025-05-04,14.4,49.49,65.76,86.13,0.909,86.59
A0310,2025-05-05,14.4,50.64,66.65,86.71,0.909,87.16
A0310,2025-05-06,14.4,52.58,69.27,90.19,0.909,90.66
A0310,2025-05-07,14.4,56.59,74.4,96.71,0.909,97.22
A0310,2025-05-08,14.4,59.74,78.69,102.43,0.909,102.97
A0310,2025-05-09,14.4,63.49,84.46,110.71,0.909,111.31
A0310,2025-05-10,14.4,68.83,91.89,120.77,0.909,121.43
A0310,2025-05-11,14.4,43.2,57.22,74.79,0.909,75.19
A0310,2025-05-12,14.4,61.8,79.99,102.77,0.909,103.29
A0311,2025-04-29,3.3,25.85,61.32,116.36,0.556,68.96
A0311,2025-04-30,3.3,35.98,80.62,149.42,0.556,90.17
A0311,2025-05-01,3.3,25.06,58.71,110.62,0.556,65.92
A0311,2025-05-02,3.3,37.46,83.73,154.5,0.556,93.56
A0311,2025-05-03,3.3,40.14,88.99,164.23,0.556,99.44
A0311,2025-05-04,3.3,26.14,61.08,115.61,0.556,68.65
A0311,2025-05-05,3.3,25.42,60.0,113.51,0.556,67.44
A0311,2025-05-06,3.3,28.68,66.62,125.21,0.556,74.75
A0311,2025-05-07,3.3,30.66,70.37,130.9,0.556,78.77
A0311,2025-05-08,3.3,34.18,77.34,143.76,0.556,86.57
A0311,2025-05-09,3.3,38.23,85.72,158.34,0.556,95.81
A0311,2025-05-10,3.3,41.53,92.08,169.88,0.556,102.89
A0311,2025-05-11,3.3,20.87,51.28,98.47,0.556,57.84
A0311,2025-05-12,3.3,33.86,77.41,144.39,0.556,86.71
A0312,2025-04-29,3.1,39.45,55.83,76.64,0.556,58.72
A0312,2025-04-30,3.1,49.53,65.99,86.89,0.556,68.89
A0312,2025-05-01,3.1,36.94,54.24,76.23,0.556,57.3
A0312,2025-05-02,3.1,50.84,71.46,97.65,0.556,75.1
A0312,2025-05-03,3.1,53.26,72.17,96.2,0.556,75.51
A0312,2025-05-04,3.1,37.63,50.37,66.56,0.556,52.62
A0312,2025-05-05,3.1,36.88,51.75,70.63,0.556,54.37
A0312,2025-05-06,3.1,39.43,54.86,74.46,0.556,57.58
A0312,2025-05-07,3.1,41.7,58.71,80.33,0.556,61.72
A0312,2025-05-08,3.1,44.72,62.6,85.32,0.556,65.76
A0312,2025-05-09,3.1,50.23,70.72,96.77,0.556,74.34
A0312,2025-05-10,3.1,52.69,71.9,96.3,0.556,75.29
A0312,2025-05-11,3.1,31.25,43.79,59.73,0.556,46.01
A0312,2025-05-12,3.1,41.39,55.64,73.75,0.556,58.16
A0313,2025-04-29,334.1,29.49,39.66,51.84,0.909,52.11
A0313,2025-04-30,334.1,38.16,49.67,63.44,0.909,63.76
A0313,2025-05-01,334.1,25.16,34.96,46.68,0.909,46.95
A0313,2025-05-02,334.1,34.96,47.17,61.78,0.909,62.12
A0313,2025-05-03,334.1,35.63,47.33,61.34,0.909,61.66
A0313,2025-05-04,334.1,27.08,35.64,45.89,0.909,46.12
A0313,2025-05-05,334.1,29.31,40.16,53.13,0.909,53.43
A0313,2025-05-06,334.1,30.49,41.07,53.73,0.909,54.01
A0313,2025-05-07,334.1,51.74,67.93,87.32,0.909,87.76
A0313,2025-05-08,334.1,55.01,72.82,94.12,0.909,94.61
A0313,2025-05-09,334.1,58.67,78.82,102.93,0.909,103.48
A0313,2025-05-10,334.1,61.07,81.26,105.41,0.909,105.96
A0313,2025-05-11,334.1,22.45,30.67,40.52,0.909,40.74
A0313,2025-05-12,334.1,37.13,50.69,66.93,0.909,67.3
A0314,2025-04-29,186.0,16.1,25.05,34.87,0.909,35.09
A0314,2025-04-30,186.0,20.71,31.51,43.34,0.909,43.61
A0314,2025-05-01,186.0,14.79,23.63,33.32,0.909,33.54
A0314,2025-05-02,186.0,19.54,30.62,42.77,0.909,43.05
A0314,2025-05-03,186.0,20.14,31.92,44.83,0.909,45.13
A0314,2025-05-04,186.0,14.9,23.03,31.95,0.909,32.15
A0314,2025-05-05,186.0,14.57,23.39,33.06,0.909,33.28
A0314,2025-05-06,186.0,16.13,25.09,34.91,0.909,35.14
A0314,2025-05-07,186.0,17.09,27.33,38.56,0.909,38.81
A0314,2025-05-08,186.0,18.13,28.94,40.79,0.909,41.06
A0314,2025-05-09,186.0,19.4,30.57,42.82,0.909,43.1
A0314,2025-05-10,186.0,20.63,32.59,45.69,0.909,45.99
A0314,2025-05-11,186.0,12.78,20.56,29.09,0.909,29.29
A0314,2025-05-12,186.0,18.43,29.05,40.71,0.909,40.97
A0315,2025-04-29,333.5,6.01,20.72,44.62,0.909,45.17
A0315,2025-04-30,333.5,9.18,27.69,57.4,0.909,58.07
A0315,2025-05-01,333.5,5.63,19.88,42.96,0.909,43.49
A0315,2025-05-02,333.5,9.67,29.01,60.03,0.909,60.73
A0315,2025-05-03,333.5,10.55,30.95,63.7,0.909,64.44
A0315,2025-05-04,333.5,6.62,22.1,47.33,0.909,47.91
A0315,2025-05-05,333.5,6.85,22.62,48.27,0.909,48.85
A0315,2025-05-06,333.5,8.18,25.48,53.67,0.909,54.31
A0315,2025-05-07,333.5,8.94,27.07,55.89,0.909,56.55
A0315,2025-05-08,333.5,10.47,30.28,62.11,0.909,62.83
A0315,2025-05-09,333.5,11.77,33.25,67.57,0.909,68.35
A0315,2025-05-10,333.5,16.96,43.67,85.5,0.909,86.45
A0315,2025-05-11,333.5,8.91,25.84,52.72,0.909,53.33
A0315,2025-05-12,333.5,13.96,37.26,74.34,0.909,75.18
A0316,2025-04-29,5.7,30.71,43.87,60.73,0.556,46.21
A0316,2025-04-30,5.7,40.71,58.08,80.33,0.556,61.17
A0316,2025-05-01,5.7,30.43,44.2,61.83,0.556,46.65
A0316,2025-05-02,5.7,38.15,54.46,75.36,0.556,57.37
A0316,2025-05-03,5.7,41.37,58.51,80.46,0.556,61.56
A0316,2025-05-04,5.7,29.68,42.93,59.91,0.556,45.29
A0316,2025-05-05,5.7,32.04,46.53,65.1,0.556,49.11
A0316,2025-05-06,5.7,30.96,43.81,60.27,0.556,46.1
A0316,2025-05-07,5.7,34.0,48.26,66.52,0.556,50.79
A0316,2025-05-08,5.7,78.76,111.27,152.93,0.556,117.06
A0316,2025-05-09,5.7,86.03,120.25,164.1,0.556,126.34
A0316,2025-05-10,5.7,91.92,129.01,176.54,0.556,135.61
A0316,2025-05-11,5.7,54.56,77.68,107.31,0.556,81.8
A0316,2025-05-12,5.7,81.26,114.45,156.97,0.556,120.36
A0317,2025-04-29,160.4,10.05,15.22,23.25,0.909,23.43
A0317,2025-04-30,160.4,12.62,18.87,28.58,0.909,28.8
A0317,2025-05-01,160.4,9.17,14.88,23.76,0.909,23.96
A0317,2025-05-02,160.4,12.63,19.55,30.32,0.909,30.56
A0317,2025-05-03,160.4,12.59,19.89,31.25,0.909,31.51
A0317,2025-05-04,160.4,9.64,14.46,21.93,0.909,22.1
A0317,2025-05-05,160.4,8.91,14.29,22.64,0.909,22.83
A0317,2025-05-06,160.4,9.96,15.3,23.6,0.909,23.79
A0317,2025-05-07,160.4,9.91,15.04,23.02,0.909,23.2
A0317,2025-05-08,160.4,11.45,17.7,27.41,0.909,27.63
A0317,2025-05-09,160.4,12.49,19.3,29.88,0.909,30.12
A0317,2025-05-10,160.4,12.48,19.42,30.2,0.909,30.45
A0317,2025-05-11,160.4,7.65,11.8,18.25,0.909,18.4
A0317,2025-05-12,160.4,10.91,16.79,25.91,0.909,26.12
A0318,2025-04-29,4.8,11.62,18.33,27.21,0.556,19.56
A0318,2025-04-30,4.8,14.67,22.59,33.08,0.556,24.05
A0318,2025-05-01,4.8,9.76,15.34,22.71,0.556,16.36
A0318,2025-05-02,4.8,13.5,20.78,30.43,0.556,22.12
A0318,2025-05-03,4.8,15.74,24.92,37.07,0.556,26.6
A0318,2025-05-04,4.8,11.16,17.41,25.69,0.556,18.56
A0318,2025-05-05,4.8,10.39,16.3,24.12,0.556,17.38
A0318,2025-05-06,4.8,11.28,18.1,27.13,0.556,19.35
A0318,2025-05-07,4.8,11.41,17.54,25.65,0.556,18.67
A0318,2025-05-08,4.8,12.12,18.82,27.7,0.556,20.06
A0318,2025-05-09,4.8,12.61,19.65,28.98,0.556,20.95
A0318,2025-05-10,4.8,14.57,23.05,34.29,0.556,24.61
A0318,2025-05-11,4.8,9.02,14.08,20.78,0.556,15.01
A0318,2025-05-12,4.8,12.25,19.0,27.94,0.556,20.24
A0319,2025-04-29,4.4,2.41,12.59,29.5,0.556,14.93
A0319,2025-04-30,4.4,4.59,17.44,38.58,0.556,20.38
A0319,2025-05-01,4.4,2.25,12.12,28.55,0.556,14.4
A0319,2025-05-02,4.4,5.02,18.73,41.04,0.556,21.83
A0319,2025-05-03,4.4,5.89,20.73,44.85,0.556,24.08
A0319,2025-05-04,4.4,2.94,13.96,32.1,0.556,16.48
A0319,2025-05-05,4.4,3.51,15.19,34.36,0.556,17.86
A0319,2025-05-06,4.4,4.21,16.77,37.42,0.556,19.64
A0319,2025-05-07,4.4,4.65,17.74,38.77,0.556,20.66
A0319,2025-05-08,4.4,5.73,20.07,43.41,0.556,23.31
A0319,2025-05-09,4.4,6.76,22.46,47.88,0.556,25.99
A0319,2025-05-10,4.4,7.79,24.69,51.9,0.556,28.47
A0319,2025-05-11,4.4,3.3,14.59,32.94,0.556,17.14
A0319,2025-05-12,4.4,6.47,21.69,46.36,0.556,25.12
A0320,2025-04-29,159.7,18.31,27.01,39.66,0.909,39.95
A0320,2025-04-30,159.7,19.71,28.58,41.48,0.909,41.78
A0320,2025-05-01,159.7,16.75,23.51,33.33,0.909,33.55
A0320,2025-05-02,159.7,22.57,33.11,48.45,0.909,48.79
A0320,2025-05-03,159.7,22.74,32.63,47.01,0.909,47.34
A0320,2025-05-04,159.7,15.03,22.41,33.16,0.909,33.4
A0320,2025-05-05,159.7,16.19,23.28,33.59,0.909,33.83
A0320,2025-05-06,159.7,19.05,27.85,40.66,0.909,40.95
A0320,2025-05-07,159.7,17.69,25.27,36.29,0.909,36.54
A0320,2025-05-08,159.7,20.21,29.5,43.02,0.909,43.32
A0320,2025-05-09,159.7,22.16,32.63,47.86,0.909,48.21
A0320,2025-05-10,159.7,22.51,32.19,46.29,0.909,46.61
A0320,2025-05-11,159.7,13.64,20.18,29.7,0.909,29.91
A0320,2025-05-12,159.7,19.72,28.92,42.32,0.909,42.63
A0321,2025-04-29,403.6,24.96,37.34,53.23,0.909,53.6
A0321,2025-04-30,403.6,29.6,44.26,63.08,0.909,63.5
A0321,2025-05-01,403.6,22.48,32.86,46.19,0.909,46.49
A0321,2025-05-02,403.6,29.71,44.28,62.98,0.909,63.4
A0321,2025-05-03,403.6,29.28,45.44,66.2,0.909,66.67
A0321,2025-05-04,403.6,21.82,33.05,47.46,0.909,47.79
A0321,2025-05-05,403.6,20.27,29.15,40.56,0.909,40.82
A0321,2025-05-06,403.6,24.26,35.62,50.22,0.909,50.55
A0321,2025-05-07,403.6,24.86,37.27,53.21,0.909,53.57
A0321,2025-05-08,403.6,24.53,36.67,52.27,0.909,52.62
A0321,2025-05-09,403.6,28.22,41.62,58.83,0.909,59.22
A0321,2025-05-10,403.6,28.18,42.45,60.77,0.909,61.19
A0321,2025-05-11,403.6,19.05,28.01,39.5,0.909,39.77
A0321,2025-05-12,403.6,23.42,32.06,43.16,0.909,43.41
A0322,2025-04-29,321.6,25.36,34.91,47.06,0.909,47.34
A0322,2025-04-30,321.6,30.31,43.24,59.7,0.909,60.08
A0322,2025-05-01,321.6,20.72,30.08,42.0,0.909,42.27
A0322,2025-05-02,321.6,29.87,44.05,62.08,0.909,62.49
A0322,2025-05-03,321.6,27.7,37.69,50.4,0.909,50.69
A0322,2025-05-04,321.6,22.49,30.81,41.41,0.909,41.65
A0322,2025-05-05,321.6,25.77,34.99,46.72,0.909,46.99
A0322,2025-05-06,321.6,27.98,39.22,53.53,0.909,53.85
A0322,2025-05-07,321.6,28.07,38.66,52.13,0.909,52.44
A0322,2025-05-08,321.6,31.6,43.73,59.17,0.909,59.52
A0322,2025-05-09,321.6,33.41,48.02,66.6,0.909,67.03
A0322,2025-05-10,321.6,32.52,42.76,55.78,0.909,56.08
A0322,2025-05-11,321.6,22.81,30.82,41.01,0.909,41.24
A0322,2025-05-12,321.6,35.92,50.06,68.04,0.909,68.45
A0323,2025-04-29,6.5,260.64,333.7,413.75,0.556,344.82
A0323,2025-04-30,6.5,332.71,434.04,545.08,0.556,449.46
A0323,2025-05-01,6.5,232.91,308.2,390.7,0.556,319.66
A0323,2025-05-02,6.5,300.31,382.74,473.06,0.556,395.28
A0323,2025-05-03,6.5,325.35,432.09,549.04,0.556,448.33
A0323,2025-05-04,6.5,264.42,361.35,467.56,0.556,376.1
A0323,2025-05-05,6.5,237.51,303.98,376.82,0.556,314.1
A0323,2025-05-06,6.5,254.4,323.71,399.66,0.556,334.26
A0323,2025-05-07,6.5,277.55,357.63,445.38,0.556,369.82
A0323,2025-05-08,6.5,301.65,397.22,501.93,0.556,411.76
A0323,2025-05-09,6.5,305.1,388.82,480.55,0.556,401.56
A0323,2025-05-10,6.5,336.85,449.49,572.91,0.556,466.63
A0323,2025-05-11,6.5,219.99,297.78,383.03,0.556,309.62
A0323,2025-05-12,6.5,281.83,359.41,444.42,0.556,371.22
A0324,2025-04-29,2.5,36.87,51.51,69.4,0.556,53.99
A0324,2025-04-30,2.5,53.28,69.11,88.46,0.556,71.8
A0324,2025-05-01,2.5,34.3,48.53,65.92,0.556,50.95
A0324,2025-05-02,2.5,48.94,66.93,88.9,0.556,69.98
A0324,2025-05-03,2.5,55.05,73.89,96.91,0.556,77.09
A0324,2025-05-04,2.5,40.71,52.81,67.59,0.556,54.86
A0324,2025-05-05,2.5,35.32,49.92,67.75,0.556,52.39
A0324,2025-05-06,2.5,37.06,51.92,70.08,0.556,54.45
A0324,2025-05-07,2.5,38.91,53.56,71.45,0.556,56.04
A0324,2025-05-08,2.5,42.18,57.84,76.96,0.556,60.49
A0324,2025-05-09,2.5,47.39,65.08,86.69,0.556,68.08
A0324,2025-05-10,2.5,53.2,71.27,93.35,0.556,74.34
A0324,2025-05-11,2.5,30.48,41.89,55.83,0.556,43.82
A0324,2025-05-12,2.5,42.49,58.22,77.44,0.556,60.89
A0325,2025-04-29,425.0,27.94,34.88,44.8,0.909,45.02
A0325,2025-04-30,425.0,34.71,41.44,51.07,0.909,51.29
A0325,2025-05-01,425.0,22.33,27.94,35.96,0.909,36.14
A0325,2025-05-02,425.0,32.3,39.76,50.42,0.909,50.66
A0325,2025-05-03,425.0,32.09,39.92,51.12,0.909,51.37
A0325,2025-05-04,425.0,25.23,29.7,36.09,0.909,36.24
A0325,2025-05-05,425.0,27.2,32.92,41.1,0.909,41.28
A0325,2025-05-06,425.0,29.4,36.72,47.18,0.909,47.42
A0325,2025-05-07,425.0,30.88,37.71,47.48,0.909,47.7
A0325,2025-05-08,425.0,33.18,40.49,50.95,0.909,51.19
A0325,2025-05-09,425.0,35.23,42.9,53.87,0.909,54.11
A0325,2025-05-10,425.0,36.39,44.49,56.08,0.909,56.34
A0325,2025-05-11,425.0,24.31,29.05,35.84,0.909,36.0
A0325,2025-05-12,425.0,37.73,45.52,56.67,0.909,56.92
A0326,2025-04-29,34.8,11.74,17.93,24.92,0.909,25.08
A0326,2025-04-30,34.8,16.16,24.07,33.0,0.909,33.2
A0326,2025-05-01,34.8,10.08,15.98,22.63,0.909,22.78
A0326,2025-05-02,34.8,15.08,22.03,29.87,0.909,30.05
A0326,2025-05-03,34.8,15.48,22.77,30.99,0.909,31.18
A0326,2025-05-04,34.8,11.62,17.38,23.89,0.909,24.04
A0326,2025-05-05,34.8,12.62,18.86,25.91,0.909,26.07
A0326,2025-05-06,34.8,13.04,19.59,26.99,0.909,27.16
A0326,2025-05-07,34.8,13.4,20.33,28.16,0.909,28.34
A0326,2025-05-08,34.8,13.94,20.7,28.33,0.909,28.5
A0326,2025-05-09,34.8,15.66,23.01,31.31,0.909,31.49
A0326,2025-05-10,34.8,16.47,24.31,33.16,0.909,33.37
A0326,2025-05-11,34.8,10.5,15.95,22.1,0.909,22.24
A0326,2025-05-12,34.8,16.0,23.88,32.79,0.909,32.99
A0327,2025-04-29,346.9,22.89,32.53,43.31,0.909,43.56
A0327,2025-04-30,346.9,27.91,41.88,57.52,0.909,57.87
A0327,2025-05-01,346.9,20.98,29.94,39.98,0.909,40.2
A0327,2025-05-02,346.9,24.79,35.64,47.78,0.909,48.06
A0327,2025-05-03,346.9,27.27,41.57,57.59,0.909,57.95
A0327,2025-05-04,346.9,21.35,33.15,46.38,0.909,46.68
A0327,2025-05-05,346.9,18.73,27.76,37.88,0.909,38.11
A0327,2025-05-06,346.9,21.68,30.85,41.13,0.909,41.36
A0327,2025-05-07,346.9,22.35,32.87,44.65,0.909,44.92
A0327,2025-05-08,346.9,21.27,31.48,42.91,0.909,43.17
A0327,2025-05-09,346.9,23.11,33.68,45.52,0.909,45.78
A0327,2025-05-10,346.9,25.5,39.25,54.64,0.909,54.99
A0327,2025-05-11,346.9,17.77,26.89,37.12,0.909,37.35
A0327,2025-05-12,346.9,19.16,28.31,38.56,0.909,38.79
A0328,2025-04-29,5.8,22.37,31.75,45.15,0.556,33.61
A0328,2025-04-30,5.8,29.97,40.63,55.85,0.556,42.74
A0328,2025-05-01,5.8,18.81,26.09,36.5,0.556,27.54
A0328,2025-05-02,5.8,26.64,37.54,53.11,0.556,39.7
A0328,2025-05-03,5.8,28.68,40.97,58.54,0.556,43.41
A0328,2025-05-04,5.8,22.26,30.19,41.52,0.556,31.76
A0328,2025-05-05,5.8,19.48,27.09,37.96,0.556,28.6
A0328,2025-05-06,5.8,21.54,30.99,44.48,0.556,32.86
A0328,2025-05-07,5.8,22.79,31.71,44.44,0.556,33.47
A0328,2025-05-08,5.8,23.78,33.59,47.61,0.556,35.54
A0328,2025-05-09,5.8,25.88,36.53,51.74,0.556,38.64
A0328,2025-05-10,5.8,28.02,39.72,56.44,0.556,42.04
A0328,2025-05-11,5.8,17.47,24.26,33.96,0.556,25.61
A0328,2025-05-12,5.8,23.64,33.34,47.19,0.556,35.26
A0329,2025-04-29,160.5,13.7,20.66,30.45,0.909,30.67
A0329,2025-04-30,160.5,55.62,79.82,113.83,0.909,114.6
A0329,2025-05-01,160.5,40.46,60.37,88.35,0.909,88.99
A0329,2025-05-02,160.5,55.41,81.2,117.45,0.909,118.27
A0329,2025-05-03,160.5,57.13,84.94,124.03,0.909,124.92
A0329,2025-05-04,160.5,38.47,56.25,81.25,0.909,81.81
A0329,2025-05-05,160.5,39.7,58.87,85.81,0.909,86.42
A0329,2025-05-06,160.5,42.59,63.22,92.22,0.909,92.88
A0329,2025-05-07,160.5,10.52,17.43,27.13,0.909,27.35
A0329,2025-05-08,160.5,13.22,21.43,32.98,0.909,33.24
A0329,2025-05-09,160.5,14.66,23.43,35.75,0.909,36.03
A0329,2025-05-10,160.5,16.03,25.17,38.03,0.909,38.32
A0329,2025-05-11,160.5,9.45,14.78,22.27,0.909,22.44
A0329,2025-05-12,160.5,14.15,21.79,32.53,0.909,32.77
A0330,2025-04-29,5.4,62.14,81.63,108.46,0.556,85.36
A0330,2025-04-30,5.4,76.33,99.38,131.11,0.556,103.79
A0330,2025-05-01,5.4,55.59,73.83,98.93,0.556,77.32
A0330,2025-05-02,5.4,75.56,99.63,132.75,0.556,104.23
A0330,2025-05-03,5.4,75.76,98.96,130.89,0.556,103.39
A0330,2025-05-04,5.4,58.11,76.97,102.94,0.556,80.58
A0330,2025-05-05,5.4,60.45,78.91,104.32,0.556,82.44
A0330,2025-05-06,5.4,64.07,83.91,111.21,0.556,87.7
A0330,2025-05-07,5.4,65.0,83.46,108.87,0.556,86.99
A0330,2025-05-08,5.4,71.37,93.71,124.46,0.556,97.98
A0330,2025-05-09,5.4,77.1,101.25,134.49,0.556,105.87
A0330,2025-05-10,5.4,78.78,101.93,133.78,0.556,106.35
A0330,2025-05-11,5.4,51.23,67.02,88.74,0.556,70.03
A0330,2025-05-12,5.4,76.04,98.54,129.51,0.556,102.84
A0331,2025-04-29,184.0,7.17,11.42,16.66,0.909,16.78
A0331,2025-04-30,184.0,8.49,13.87,20.53,0.909,20.68
A0331,2025-05-01,184.0,6.73,10.73,15.67,0.909,15.78
A0331,2025-05-02,184.0,9.0,14.27,20.78,0.909,20.93
A0331,2025-05-03,184.0,9.41,15.33,22.65,0.909,22.82
A0331,2025-05-04,184.0,6.24,10.46,15.68,0.909,15.8
A0331,2025-05-05,184.0,6.83,10.73,15.55,0.909,15.66
A0331,2025-05-06,184.0,7.47,11.69,16.9,0.909,17.02
A0331,2025-05-07,184.0,7.61,12.17,17.81,0.909,17.94
A0331,2025-05-08,184.0,8.45,13.48,19.69,0.909,19.83
A0331,2025-05-09,184.0,8.8,14.05,20.54,0.909,20.69
A0331,2025-05-10,184.0,9.46,15.34,22.61,0.909,22.78
A0331,2025-05-11,184.0,5.91,9.57,14.1,0.909,14.21
A0331,2025-05-12,184.0,21.97,31.9,44.16,0.909,44.44
A0332,2025-04-29,4.4,5.32,19.03,40.64,0.556,22.03
A0332,2025-04-30,4.4,8.62,26.15,53.32,0.556,29.93
A0332,2025-05-01,4.4,4.71,17.46,37.6,0.556,20.26
A0332,2025-05-02,4.4,9.03,27.27,55.52,0.556,31.19
A0332,2025-05-03,4.4,9.77,28.93,58.73,0.556,33.07
A0332,2025-05-04,4.4,5.56,19.62,41.73,0.556,22.69
A0332,2025-05-05,4.4,6.59,21.74,45.61,0.556,25.06
A0332,2025-05-06,4.4,7.17,23.07,48.14,0.556,26.56
A0332,2025-05-07,4.4,8.04,24.96,50.95,0.556,28.57
A0332,2025-05-08,4.4,9.82,28.63,57.87,0.556,32.69
A0332,2025-05-09,4.4,11.09,31.5,62.96,0.556,35.87
A0332,2025-05-10,4.4,12.38,34.23,67.88,0.556,38.91
A0332,2025-05-11,4.4,5.54,19.34,40.94,0.556,22.34
A0332,2025-05-12,4.4,11.47,32.05,63.99,0.556,36.49
A0333,2025-04-29,209.3,18.6,28.62,42.59,0.909,42.91
A0333,2025-04-30,209.3,24.04,35.09,50.51,0.909,50.86
A0333,2025-05-01,209.3,17.64,28.97,44.76,0.909,45.12
A0333,2025-05-02,209.3,22.96,35.18,52.22,0.909,52.61
A0333,2025-05-03,209.3,24.27,37.52,56.0,0.909,56.42
A0333,2025-05-04,209.3,17.56,27.03,40.23,0.909,40.53
A0333,2025-05-05,209.3,17.92,28.28,42.72,0.909,43.05
A0333,2025-05-06,209.3,19.15,29.64,44.27,0.909,44.6
A0333,2025-05-07,209.3,19.76,28.6,40.92,0.909,41.2
A0333,2025-05-08,209.3,22.07,34.0,50.63,0.909,51.01
A0333,2025-05-09,209.3,23.18,35.17,51.88,0.909,52.26
A0333,2025-05-10,209.3,25.06,37.51,54.88,0.909,55.27
A0333,2025-05-11,209.3,15.28,23.35,34.61,0.909,34.86
A0333,2025-05-12,209.3,22.53,33.64,49.14,0.909,49.49
A0334,2025-04-29,213.9,8.26,13.77,20.4,0.909,20.55
A0334,2025-04-30,213.9,10.33,17.77,26.71,0.909,26.91
A0334,2025-05-01,213.9,6.91,10.91,15.71,0.909,15.82
A0334,2025-05-02,213.9,10.05,16.46,24.15,0.909,24.33
A0334,2025-05-03,213.9,10.85,17.61,25.73,0.909,25.91
A0334,2025-05-04,213.9,7.66,13.17,19.79,0.909,19.94
A0334,2025-05-05,213.9,7.73,11.52,16.06,0.909,16.17
A0334,2025-05-06,213.9,8.58,13.95,20.4,0.909,20.55
A0334,2025-05-07,213.9,9.02,14.9,21.96,0.909,22.12
A0334,2025-05-08,213.9,9.97,16.91,25.25,0.909,25.44
A0334,2025-05-09,213.9,10.04,16.58,24.44,0.909,24.62
A0334,2025-05-10,213.9,11.12,18.26,26.84,0.909,27.03
A0334,2025-05-11,213.9,6.75,11.21,16.57,0.909,16.7
A0334,2025-05-12,213.9,9.4,15.39,22.59,0.909,22.75
A0335,2025-04-29,2.5,63.44,87.01,113.05,0.556,90.62
A0335,2025-04-30,2.5,80.59,112.27,147.26,0.556,117.13
A0335,2025-05-01,2.5,54.5,78.99,106.06,0.556,82.75
A0335,2025-05-02,2.5,75.9,108.67,144.89,0.556,113.7
A0335,2025-05-03,2.5,85.14,118.37,155.1,0.556,123.47
A0335,2025-05-04,2.5,60.66,86.86,115.81,0.556,90.88
A0335,2025-05-05,2.5,57.43,82.92,111.08,0.556,86.83
A0335,2025-05-06,2.5,62.0,85.91,112.32,0.556,89.58
A0335,2025-05-07,2.5,64.18,88.08,114.49,0.556,91.75
A0335,2025-05-08,2.5,67.94,94.21,123.25,0.556,98.25
A0335,2025-05-09,2.5,73.77,106.4,142.45,0.556,111.4
A0335,2025-05-10,2.5,83.14,115.87,152.02,0.556,120.89
A0335,2025-05-11,2.5,49.02,69.86,92.89,0.556,73.06
A0335,2025-05-12,2.5,64.93,92.25,122.45,0.556,96.45
A0336,2025-04-29,5.9,74.02,156.63,292.78,0.556,175.54
A0336,2025-04-30,5.9,95.15,195.69,358.76,0.556,218.34
A0336,2025-05-01,5.9,168.5,324.93,653.0,0.556,370.5
A0336,2025-05-02,5.9,238.36,468.1,924.53,0.556,531.5
A0336,2025-05-03,5.9,233.93,463.65,924.14,0.556,527.6
A0336,2025-05-04,5.9,61.12,134.26,256.05,0.556,151.18
A0336,2025-05-05,5.9,59.02,130.52,249.43,0.556,147.03
A0336,2025-05-06,5.9,71.35,154.57,290.88,0.556,173.5
A0336,2025-05-07,5.9,77.99,166.63,309.68,0.556,186.5
A0336,2025-05-08,5.9,90.7,189.67,353.86,0.556,212.48
A0336,2025-05-09,5.9,97.52,204.31,379.06,0.556,228.58
A0336,2025-05-10,5.9,104.15,215.98,402.95,0.556,241.95
A0336,2025-05-11,5.9,58.7,128.37,245.02,0.556,144.57
A0336,2025-05-12,5.9,99.43,205.66,383.91,0.556,230.42
A0337,2025-04-29,29.1,19.81,29.28,41.19,0.909,41.46
A0337,2025-04-30,29.1,23.94,36.35,51.93,0.909,52.29
A0337,2025-05-01,29.1,16.74,25.2,35.84,0.909,36.08
A0337,2025-05-02,29.1,24.14,33.62,45.55,0.909,45.82
A0337,2025-05-03,29.1,23.35,33.6,46.5,0.909,46.79
A0337,2025-05-04,29.1,17.56,26.11,36.85,0.909,37.09
A0337,2025-05-05,29.1,20.31,29.37,40.75,0.909,41.01
A0337,2025-05-06,29.1,21.68,31.79,44.5,0.909,44.79
A0337,2025-05-07,29.1,22.7,32.09,43.89,0.909,44.16
A0337,2025-05-08,29.1,24.9,35.14,48.01,0.909,48.31
A0337,2025-05-09,29.1,26.16,36.28,48.99,0.909,49.28
A0337,2025-05-10,29.1,26.62,38.2,52.75,0.909,53.08
A0337,2025-05-11,29.1,17.93,25.28,34.52,0.909,34.73
A0337,2025-05-12,29.1,27.68,39.97,55.42,0.909,55.77
A0338,2025-04-29,35.9,34.02,51.67,69.01,0.909,69.4
A0338,2025-04-30,35.9,47.0,64.45,81.62,0.909,82.01
A0338,2025-05-01,35.9,27.21,46.87,66.19,0.909,66.63
A0338,2025-05-02,35.9,40.16,60.21,79.92,0.909,80.37
A0338,2025-05-03,35.9,40.25,58.43,76.3,0.909,76.71
A0338,2025-05-04,35.9,32.87,46.28,59.46,0.909,59.76
A0338,2025-05-05,35.9,34.44,53.17,71.58,0.909,72.0
A0338,2025-05-06,35.9,36.98,54.16,71.05,0.909,71.44
A0338,2025-05-07,35.9,36.78,55.15,73.21,0.909,73.62
A0338,2025-05-08,35.9,39.89,60.46,80.67,0.909,81.13
A0338,2025-05-09,35.9,43.88,64.38,84.54,0.909,85.0
A0338,2025-05-10,35.9,44.78,64.09,83.08,0.909,83.51
A0338,2025-05-11,35.9,29.62,43.47,57.09,0.909,57.4
A0338,2025-05-12,35.9,48.38,67.78,86.85,0.909,87.29
A0339,2025-04-29,436.0,12.84,19.39,28.31,0.909,28.51
A0339,2025-04-30,436.0,15.12,21.73,30.74,0.909,30.94
A0339,2025-05-01,436.0,10.88,16.19,23.42,0.909,23.59
A0339,2025-05-02,436.0,15.03,22.4,32.43,0.909,32.66
A0339,2025-05-03,436.0,15.9,23.07,32.84,0.909,33.07
A0339,2025-05-04,436.0,11.3,17.06,24.91,0.909,25.09
A0339,2025-05-05,436.0,11.63,17.13,24.63,0.909,24.8
A0339,2025-05-06,436.0,12.67,19.04,27.72,0.909,27.91
A0339,2025-05-07,436.0,12.66,18.26,25.9,0.909,26.07
A0339,2025-05-08,436.0,13.81,20.37,29.31,0.909,29.52
A0339,2025-05-09,436.0,15.09,22.52,32.64,0.909,32.87
A0339,2025-05-10,436.0,16.08,23.47,33.54,0.909,33.77
A0339,2025-05-11,436.0,9.69,14.63,21.36,0.909,21.51
A0339,2025-05-12,436.0,13.4,19.84,28.62,0.909,28.82
A0340,2025-04-29,148.4,7.76,25.06,52.21,0.909,52.82
A0340,2025-04-30,148.4,11.61,33.47,67.42,0.909,68.19
A0340,2025-05-01,148.4,7.51,24.33,50.41,0.909,51.0
A0340,2025-05-02,148.4,12.47,35.53,71.08,0.909,71.89
A0340,2025-05-03,148.4,13.5,37.82,75.56,0.909,76.41
A0340,2025-05-04,148.4,8.34,26.26,54.47,0.909,55.11
A0340,2025-05-05,148.4,8.51,26.7,55.34,0.909,56.0
A0340,2025-05-06,148.4,10.2,30.32,61.9,0.909,62.62
A0340,2025-05-07,148.4,11.26,32.6,65.59,0.909,66.34
A0340,2025-05-08,148.4,13.26,36.73,73.24,0.909,74.07
A0340,2025-05-09,148.4,14.9,40.41,79.78,0.909,80.68
A0340,2025-05-10,148.4,16.42,43.62,85.7,0.909,86.65
A0340,2025-05-11,148.4,7.92,25.14,52.19,0.909,52.8
A0340,2025-05-12,148.4,14.36,39.05,77.36,0.909,78.23
A0341,2025-04-29,7.1,138.33,186.63,243.58,0.556,194.54
A0341,2025-04-30,7.1,168.19,225.54,293.17,0.556,234.94
A0341,2025-05-01,7.1,129.61,175.83,230.34,0.556,183.4
A0341,2025-05-02,7.1,134.16,184.57,244.01,0.556,192.82
A0341,2025-05-03,7.1,140.43,194.29,257.81,0.556,203.12
A0341,2025-05-04,7.1,110.22,152.61,202.59,0.556,159.55
A0341,2025-05-05,7.1,104.02,142.09,186.99,0.556,148.33
A0341,2025-05-06,7.1,111.47,152.08,199.96,0.556,158.73
A0341,2025-05-07,7.1,225.78,303.09,394.25,0.556,315.75
A0341,2025-05-08,7.1,257.58,350.14,459.28,0.556,365.29
A0341,2025-05-09,7.1,279.09,379.34,497.57,0.556,395.76
A0341,2025-05-10,7.1,290.2,395.6,519.89,0.556,412.86
A0341,2025-05-11,7.1,184.97,255.94,339.63,0.556,267.56
A0341,2025-05-12,7.1,262.68,358.29,471.05,0.556,373.95
A0342,2025-04-29,6.4,41.25,56.59,76.7,0.556,59.38
A0342,2025-04-30,6.4,46.5,63.48,85.72,0.556,66.57
A0342,2025-05-01,6.4,38.4,54.06,74.59,0.556,56.91
A0342,2025-05-02,6.4,48.47,65.68,88.24,0.556,68.82
A0342,2025-05-03,6.4,48.42,67.43,92.35,0.556,70.9
A0342,2025-05-04,6.4,35.9,49.09,66.38,0.556,51.49
A0342,2025-05-05,6.4,42.02,57.83,78.56,0.556,60.71
A0342,2025-05-06,6.4,43.73,59.49,80.14,0.556,62.36
A0342,2025-05-07,6.4,43.84,59.15,79.21,0.556,61.94
A0342,2025-05-08,6.4,48.21,65.62,88.43,0.556,68.79
A0342,2025-05-09,6.4,50.43,67.94,90.89,0.556,71.13
A0342,2025-05-10,6.4,51.85,71.36,96.92,0.556,74.91
A0342,2025-05-11,6.4,34.58,47.02,63.32,0.556,49.28
A0342,2025-05-12,6.4,52.01,70.09,93.79,0.556,73.38
A0343,2025-04-29,360.9,27.13,39.09,52.86,0.909,53.17
A0343,2025-04-30,360.9,33.42,45.79,60.01,0.909,60.34
A0343,2025-05-01,360.9,25.08,35.95,48.45,0.909,48.74
A0343,2025-05-02,360.9,34.45,48.97,65.68,0.909,66.06
A0343,2025-05-03,360.9,35.16,50.06,67.2,0.909,67.59
A0343,2025-05-04,360.9,26.98,37.98,50.64,0.909,50.93
A0343,2025-05-05,360.9,24.49,34.97,47.04,0.909,47.31
A0343,2025-05-06,360.9,26.48,38.67,52.69,0.909,53.01
A0343,2025-05-07,360.9,27.59,38.42,50.88,0.909,51.17
A0343,2025-05-08,360.9,31.0,44.73,60.52,0.909,60.88
A0343,2025-05-09,360.9,33.13,47.48,63.98,0.909,64.35
A0343,2025-05-10,360.9,34.43,48.82,65.37,0.909,65.75
A0343,2025-05-11,360.9,22.75,32.69,44.13,0.909,44.39
A0343,2025-05-12,360.9,29.73,42.49,57.18,0.909,57.51
A0344,2025-04-29,29.2,51.51,73.09,103.76,0.909,104.45
A0344,2025-04-30,29.2,63.51,91.64,131.62,0.909,132.53
A0344,2025-05-01,29.2,45.73,69.15,102.44,0.909,103.2
A0344,2025-05-02,29.2,61.21,84.09,116.63,0.909,117.37
A0344,2025-05-03,29.2,61.38,85.72,120.32,0.909,121.11
A0344,2025-05-04,29.2,47.54,65.59,91.25,0.909,91.83
A0344,2025-05-05,29.2,52.32,78.04,114.59,0.909,115.42
A0344,2025-05-06,29.2,52.89,75.39,107.36,0.909,108.09
A0344,2025-05-07,29.2,54.31,82.07,121.54,0.909,122.44
A0344,2025-05-08,29.2,59.89,83.16,116.23,0.909,116.98
A0344,2025-05-09,29.2,62.7,86.0,119.12,0.909,119.88
A0344,2025-05-10,29.2,63.98,88.57,123.53,0.909,124.33
A0344,2025-05-11,29.2,43.95,62.51,88.9,0.909,89.5
A0344,2025-05-12,29.2,66.16,93.34,131.98,0.909,132.86
A0345,2025-04-29,13.7,85.73,174.63,328.26,0.909,331.75
A0345,2025-04-30,13.7,110.58,218.77,405.69,0.909,409.94
A0345,2025-05-01,13.7,80.14,162.8,306.13,0.909,309.39
A0345,2025-05-02,13.7,112.83,224.75,417.44,0.909,421.82
A0345,2025-05-03,13.7,117.45,233.08,434.55,0.909,439.13
A0345,2025-05-04,13.7,88.29,178.38,337.88,0.909,341.5
A0345,2025-05-05,13.7,75.58,156.31,294.43,0.909,297.57
A0345,2025-05-06,13.7,87.61,179.03,334.76,0.909,338.3
A0345,2025-05-07,13.7,93.05,188.63,350.24,0.909,353.91
A0345,2025-05-08,13.7,101.68,204.15,380.25,0.909,384.25
A0345,2025-05-09,13.7,110.75,222.28,413.31,0.909,417.65
A0345,2025-05-10,13.7,117.82,234.89,439.08,0.909,443.72
A0345,2025-05-11,13.7,66.16,140.26,267.76,0.909,270.66
A0345,2025-05-12,13.7,100.96,204.68,383.03,0.909,387.09
A0346,2025-04-29,4.3,8.97,14.9,21.85,0.556,15.86
A0346,2025-04-30,4.3,12.13,18.46,25.89,0.556,19.5
A0346,2025-05-01,4.3,9.19,14.73,21.24,0.556,15.64
A0346,2025-05-02,4.3,11.67,18.68,26.91,0.556,19.82
A0346,2025-05-03,4.3,12.55,19.99,28.72,0.556,21.21
A0346,2025-05-04,4.3,9.15,13.84,19.34,0.556,14.6
A0346,2025-05-05,4.3,8.84,14.76,21.69,0.556,15.72
A0346,2025-05-06,4.3,9.34,15.19,22.05,0.556,16.14
A0346,2025-05-07,4.3,9.06,14.64,21.18,0.556,15.54
A0346,2025-05-08,4.3,10.22,16.37,23.59,0.556,17.38
A0346,2025-05-09,4.3,11.12,17.96,25.99,0.556,19.08
A0346,2025-05-10,4.3,11.93,19.06,27.42,0.556,20.22
A0346,2025-05-11,4.3,7.04,11.19,16.06,0.556,11.87
A0346,2025-05-12,4.3,9.99,16.21,23.5,0.556,17.22
A0347,2025-04-29,2.9,39.55,86.96,160.23,0.556,97.14
A0347,2025-04-30,2.9,52.12,110.28,199.06,0.556,122.61
A0347,2025-05-01,2.9,36.98,81.02,148.24,0.556,90.35
A0347,2025-05-02,2.9,52.95,112.62,202.52,0.556,125.1
A0347,2025-05-03,2.9,56.13,118.67,213.3,0.556,131.81
A0347,2025-05-04,2.9,38.79,85.02,156.05,0.556,94.89
A0347,2025-05-05,2.9,36.64,81.62,149.9,0.556,91.11
A0347,2025-05-06,2.9,98.59,194.78,342.63,0.556,215.31
A0347,2025-05-07,2.9,99.68,199.62,353.67,0.556,221.02
A0347,2025-05-08,2.9,106.72,214.87,385.68,0.556,238.59
A0347,2025-05-09,2.9,116.26,236.83,426.93,0.556,263.24
A0347,2025-05-10,2.9,120.19,244.72,444.91,0.556,272.53
A0347,2025-05-11,2.9,70.48,145.13,266.03,0.556,161.92
A0347,2025-05-12,2.9,32.7,77.73,147.6,0.556,87.43
A0348,2025-04-29,306.6,14.54,22.24,31.27,0.909,31.47
A0348,2025-04-30,306.6,16.35,25.2,35.58,0.909,35.82
A0348,2025-05-01,306.6,13.42,20.63,29.09,0.909,29.28
A0348,2025-05-02,306.6,17.48,26.33,36.71,0.909,36.95
A0348,2025-05-03,306.6,18.07,27.75,39.11,0.909,39.37
A0348,2025-05-04,306.6,14.84,22.71,31.94,0.909,32.15
A0348,2025-05-05,306.6,11.32,16.84,23.32,0.909,23.47
A0348,2025-05-06,306.6,14.2,21.33,29.69,0.909,29.88
A0348,2025-05-07,306.6,14.96,22.51,31.36,0.909,31.56
A0348,2025-05-08,306.6,15.46,23.68,33.32,0.909,33.54
A0348,2025-05-09,306.6,16.16,24.4,34.07,0.909,34.29
A0348,2025-05-10,306.6,16.84,25.76,36.23,0.909,36.47
A0348,2025-05-11,306.6,12.51,18.72,26.01,0.909,26.18
A0348,2025-05-12,306.6,12.37,17.98,24.56,0.909,24.71
A0349,2025-04-29,28.8,24.12,31.7,42.85,0.909,43.1
A0349,2025-04-30,28.8,29.43,38.72,52.38,0.909,52.69
A0349,2025-05-01,28.8,19.78,26.69,36.85,0.909,37.08
A0349,2025-05-02,28.8,58.81,72.95,93.74,0.909,94.21
A0349,2025-05-03,28.8,55.1,68.96,89.35,0.909,89.81
A0349,2025-05-04,28.8,56.3,71.61,94.13,0.909,94.64
A0349,2025-05-05,28.8,57.94,74.9,99.84,0.909,100.41
A0349,2025-05-06,28.8,60.04,77.73,103.74,0.909,104.33
A0349,2025-05-07,28.8,42.71,56.08,75.75,0.909,76.2
A0349,2025-05-08,28.8,25.32,33.95,46.65,0.909,46.93
A0349,2025-05-09,28.8,28.42,37.75,51.47,0.909,51.78
A0349,2025-05-10,28.8,29.46,39.33,53.85,0.909,54.18
A0349,2025-05-11,28.8,20.0,26.17,35.25,0.909,35.46
A0349,2025-05-12,28.8,31.78,42.49,58.24,0.909,58.6
A0350,2025-04-29,408.8,5.09,18.56,40.21,0.909,40.7
A0350,2025-04-30,408.8,8.2,25.35,52.57,0.909,53.19
A0350,2025-05-01,408.8,4.68,17.72,38.45,0.909,38.92
A0350,2025-05-02,408.8,8.53,26.39,54.55,0.909,55.19
A0350,2025-05-03,408.8,9.41,28.32,58.23,0.909,58.91
A0350,2025-05-04,408.8,5.72,20.06,43.07,0.909,43.6
A0350,2025-05-05,408.8,6.08,20.8,44.38,0.909,44.91
A0350,2025-05-06,408.8,7.32,23.47,49.3,0.909,49.89
A0350,2025-05-07,408.8,8.11,25.15,51.89,0.909,52.49
A0350,2025-05-08,408.8,9.43,27.9,57.13,0.909,57.8
A0350,2025-05-09,408.8,10.62,30.57,61.98,0.909,62.7
A0350,2025-05-10,408.8,11.85,33.14,66.63,0.909,67.39
A0350,2025-05-11,408.8,5.78,19.96,42.51,0.909,43.02
A0350,2025-05-12,408.8,10.27,29.67,60.32,0.909,61.02
A0351,2025-04-29,413.5,32.32,46.42,67.42,0.909,67.9
A0351,2025-04-30,413.5,38.75,56.03,81.76,0.909,82.35
A0351,2025-05-01,413.5,27.33,41.4,62.35,0.909,62.83
A0351,2025-05-02,413.5,40.03,57.99,84.74,0.909,85.35
A0351,2025-05-03,413.5,38.65,53.88,76.54,0.909,77.06
A0351,2025-05-04,413.5,29.55,41.96,60.45,0.909,60.87
A0351,2025-05-05,413.5,34.43,49.68,72.38,0.909,72.9
A0351,2025-05-06,413.5,35.41,51.32,75.02,0.909,75.55
A0351,2025-05-07,413.5,36.73,51.97,74.66,0.909,75.17
A0351,2025-05-08,413.5,40.35,56.33,80.13,0.909,80.67
A0351,2025-05-09,413.5,43.47,62.67,91.26,0.909,91.9
A0351,2025-05-10,413.5,43.18,60.3,85.79,0.909,86.37
A0351,2025-05-11,413.5,29.49,41.99,60.58,0.909,61.01
A0351,2025-05-12,413.5,46.08,67.4,99.14,0.909,99.86
A0352,2025-04-29,4.3,15.51,23.14,32.5,0.556,24.44
A0352,2025-04-30,4.3,19.11,27.49,37.78,0.556,28.92
A0352,2025-05-01,4.3,13.66,21.01,30.02,0.556,22.26
A0352,2025-05-02,4.3,19.27,27.81,38.28,0.556,29.26
A0352,2025-05-03,4.3,20.51,29.86,41.32,0.556,31.45
A0352,2025-05-04,4.3,14.12,21.5,30.55,0.556,22.75
A0352,2025-05-05,4.3,14.46,21.64,30.45,0.556,22.86
A0352,2025-05-06,4.3,15.91,23.47,32.75,0.556,24.76
A0352,2025-05-07,4.3,17.27,24.63,33.66,0.556,25.89
A0352,2025-05-08,4.3,17.26,25.81,36.31,0.556,27.27
A0352,2025-05-09,4.3,18.88,27.29,37.62,0.556,28.73
A0352,2025-05-10,4.3,20.5,29.6,40.76,0.556,31.15
A0352,2025-05-11,4.3,12.53,19.11,27.18,0.556,20.23
A0352,2025-05-12,4.3,16.57,24.48,34.19,0.556,25.83
A0353,2025-04-29,328.3,28.76,43.48,58.75,0.909,59.1
A0353,2025-04-30,328.3,36.25,54.05,72.51,0.909,72.93
A0353,2025-05-01,328.3,25.9,38.67,51.9,0.909,52.2
A0353,2025-05-02,328.3,36.05,52.59,69.75,0.909,70.14
A0353,2025-05-03,328.3,35.86,52.46,69.68,0.909,70.07
A0353,2025-05-04,328.3,28.64,42.65,57.18,0.909,57.51
A0353,2025-05-05,328.3,26.62,39.6,53.06,0.909,53.37
A0353,2025-05-06,328.3,29.62,44.23,59.37,0.909,59.72
A0353,2025-05-07,328.3,31.73,46.16,61.14,0.909,61.48
A0353,2025-05-08,328.3,32.92,48.36,64.37,0.909,64.73
A0353,2025-05-09,328.3,35.87,52.39,69.52,0.909,69.91
A0353,2025-05-10,328.3,36.77,53.38,70.6,0.909,70.99
A0353,2025-05-11,328.3,24.69,36.48,48.72,0.909,48.99
A0353,2025-05-12,328.3,32.92,47.88,63.39,0.909,63.74
A0354,2025-04-29,5.4,27.67,43.25,63.64,0.556,46.08
A0354,2025-04-30,5.4,37.18,54.81,77.88,0.556,58.01
A0354,2025-05-01,5.4,31.66,49.22,72.19,0.556,52.41
A0354,2025-05-02,5.4,43.37,68.53,101.47,0.556,73.11
A0354,2025-05-03,5.4,44.81,72.47,108.67,0.556,77.5
A0354,2025-05-04,5.4,32.98,50.44,73.29,0.556,53.61
A0354,2025-05-05,5.4,7.74,13.43,20.88,0.556,14.46
A0354,2025-05-06,5.4,8.46,14.91,23.34,0.556,16.08
A0354,2025-05-07,5.4,10.41,17.32,26.36,0.556,18.58
A0354,2025-05-08,5.4,12.34,19.3,28.4,0.556,20.56
A0354,2025-05-09,5.4,13.09,20.96,31.25,0.556,22.39
A0354,2025-05-10,5.4,14.46,22.89,33.92,0.556,24.42
A0354,2025-05-11,5.4,9.72,15.13,22.2,0.556,16.11
A0354,2025-05-12,5.4,13.82,20.6,29.48,0.556,21.84
A0355,2025-04-29,26.1,16.07,27.31,45.81,0.909,46.23
A0355,2025-04-30,26.1,19.64,34.56,59.13,0.909,59.68
A0355,2025-05-01,26.1,12.25,25.5,47.31,0.909,47.81
A0355,2025-05-02,26.1,20.93,34.82,57.66,0.909,58.18
A0355,2025-05-03,26.1,19.07,35.08,61.41,0.909,62.01
A0355,2025-05-04,26.1,14.48,24.88,42.0,0.909,42.39
A0355,2025-05-05,26.1,17.3,33.13,59.17,0.909,59.76
A0355,2025-05-06,26.1,17.41,31.12,53.69,0.909,54.2
A0355,2025-05-07,26.1,17.75,31.17,53.27,0.909,53.77
A0355,2025-05-08,26.1,20.67,32.34,51.55,0.909,51.99
A0355,2025-05-09,26.1,22.19,36.09,58.96,0.909,59.48
A0355,2025-05-10,26.1,22.34,37.27,61.85,0.909,62.41
A0355,2025-05-11,26.1,14.65,25.46,43.25,0.909,43.66
A0355,2025-05-12,26.1,25.46,43.4,72.92,0.909,73.59
A0356,2025-04-29,2.5,223.59,300.82,392.93,0.556,313.61
A0356,2025-04-30,2.5,287.76,386.49,504.26,0.556,402.84
A0356,2025-05-01,2.5,196.11,263.04,342.87,0.556,274.13
A0356,2025-05-02,2.5,263.11,365.81,488.32,0.556,382.83
A0356,2025-05-03,2.5,286.77,391.46,516.33,0.556,408.8
A0356,2025-05-04,2.5,215.81,289.01,376.33,0.556,301.14
A0356,2025-05-05,2.5,196.35,260.22,336.4,0.556,270.8
A0356,2025-05-06,2.5,225.08,300.62,390.73,0.556,313.14
A0356,2025-05-07,2.5,226.58,314.27,418.87,0.556,328.79
A0356,2025-05-08,2.5,244.19,337.23,448.2,0.556,352.64
A0356,2025-05-09,2.5,266.57,369.72,492.77,0.556,386.81
A0356,2025-05-10,2.5,292.4,399.18,526.55,0.556,416.87
A0356,2025-05-11,2.5,170.54,236.0,314.07,0.556,246.84
A0356,2025-05-12,2.5,235.69,318.38,417.02,0.556,332.08
A0357,2025-04-29,3.4,123.3,167.98,219.18,0.556,175.09
A0357,2025-04-30,3.4,156.9,218.58,289.27,0.556,228.4
A0357,2025-05-01,3.4,121.07,159.6,203.75,0.556,165.73
A0357,2025-05-02,3.4,159.03,211.23,271.05,0.556,219.54
A0357,2025-05-03,3.4,165.8,224.87,292.57,0.556,234.27
A0357,2025-05-04,3.4,123.0,165.5,214.2,0.556,172.26
A0357,2025-05-05,3.4,119.41,159.21,204.83,0.556,165.55
A0357,2025-05-06,3.4,129.2,172.87,222.93,0.556,179.83
A0357,2025-05-07,3.4,137.71,184.83,238.84,0.556,192.33
A0357,2025-05-08,3.4,148.58,194.97,248.13,0.556,202.35
A0357,2025-05-09,3.4,160.14,212.41,272.31,0.556,220.73
A0357,2025-05-10,3.4,170.6,230.44,299.02,0.556,239.97
A0357,2025-05-11,3.4,103.8,137.49,176.09,0.556,142.85
A0357,2025-05-12,3.4,147.45,192.69,244.54,0.556,199.89
A0358,2025-04-29,145.7,1.64,10.95,26.22,0.909,26.56
A0358,2025-04-30,145.7,3.76,15.74,35.13,0.909,35.57
A0358,2025-05-01,145.7,1.73,10.91,25.9,0.909,26.24
A0358,2025-05-02,145.7,4.43,17.44,38.19,0.909,38.66
A0358,2025-05-03,145.7,5.23,19.25,41.58,0.909,42.09
A0358,2025-05-04,145.7,2.53,13.02,29.95,0.909,30.33
A0358,2025-05-05,145.7,3.21,14.52,32.74,0.909,33.15
A0358,2025-05-06,145.7,3.94,16.15,35.82,0.909,36.27
A0358,2025-05-07,145.7,4.45,17.28,37.53,0.909,37.99
A0358,2025-05-08,145.7,5.55,19.62,42.1,0.909,42.61
A0358,2025-05-09,145.7,6.54,21.9,46.32,0.909,46.87
A0358,2025-05-10,145.7,7.53,24.07,50.27,0.909,50.87
A0358,2025-05-11,145.7,3.08,14.07,31.69,0.909,32.09
A0358,2025-05-12,145.7,6.58,21.84,46.17,0.909,46.73
A0359,2025-04-29,5.8,18.18,28.74,41.08,0.556,30.46
A0359,2025-04-30,5.8,21.89,33.92,47.96,0.556,35.87
A0359,2025-05-01,5.8,15.68,25.25,36.43,0.556,26.81
A0359,2025-05-02,5.8,22.54,37.15,54.2,0.556,39.52
A0359,2025-05-03,5.8,22.91,36.91,53.25,0.556,39.18
A0359,2025-05-04,5.8,14.51,22.83,32.54,0.556,24.18
A0359,2025-05-05,5.8,16.65,26.43,37.85,0.556,28.02
A0359,2025-05-06,5.8,17.74,28.75,41.6,0.556,30.53
A0359,2025-05-07,5.8,18.97,30.2,43.32,0.556,32.02
A0359,2025-05-08,5.8,20.77,33.87,49.17,0.556,36.0
A0359,2025-05-09,5.8,22.28,36.88,53.92,0.556,39.24
A0359,2025-05-10,5.8,23.27,36.97,52.96,0.556,39.19
A0359,2025-05-11,5.8,13.21,21.26,30.66,0.556,22.57
A0359,2025-05-12,5.8,21.12,34.28,49.64,0.556,36.41
A0360,2025-04-29,379.5,3.8,7.55,13.11,0.909,13.24
A0360,2025-04-30,379.5,3.77,8.46,15.42,0.909,15.58
A0360,2025-05-01,379.5,3.05,5.7,9.63,0.909,9.72
A0360,2025-05-02,379.5,4.38,8.32,14.17,0.909,14.3
A0360,2025-05-03,379.5,4.12,8.0,13.75,0.909,13.88
A0360,2025-05-04,379.5,3.46,6.63,11.33,0.909,11.44
A0360,2025-05-05,379.5,2.71,5.26,9.04,0.909,9.12
A0360,2025-05-06,379.5,3.55,7.16,12.52,0.909,12.64
A0360,2025-05-07,379.5,3.37,7.34,13.23,0.909,13.36
A0360,2025-05-08,379.5,3.76,7.4,12.8,0.909,12.93
A0360,2025-05-09,379.5,3.96,7.86,13.65,0.909,13.78
A0360,2025-05-10,379.5,3.68,7.52,13.21,0.909,13.34
A0360,2025-05-11,379.5,2.89,5.6,9.63,0.909,9.72
A0360,2025-05-12,379.5,3.21,6.31,10.91,0.909,11.02
A0361,2025-04-29,172.5,16.94,26.37,37.59,0.909,37.85
A0361,2025-04-30,172.5,21.3,33.73,48.52,0.909,48.86
A0361,2025-05-01,172.5,14.96,23.09,32.76,0.909,32.98
A0361,2025-05-02,172.5,21.59,33.0,46.57,0.909,46.87
A0361,2025-05-03,172.5,21.1,32.36,45.76,0.909,46.07
A0361,2025-05-04,172.5,15.42,24.98,36.37,0.909,36.63
A0361,2025-05-05,172.5,16.79,25.35,35.53,0.909,35.76
A0361,2025-05-06,172.5,18.18,28.11,39.92,0.909,40.19
A0361,2025-05-07,172.5,18.76,27.36,37.59,0.909,37.83
A0361,2025-05-08,172.5,20.02,30.01,41.89,0.909,42.16
A0361,2025-05-09,172.5,22.14,33.26,46.5,0.909,46.8
A0361,2025-05-10,172.5,22.01,32.48,44.94,0.909,45.22
A0361,2025-05-11,172.5,14.0,21.18,29.73,0.909,29.92
A0361,2025-05-12,172.5,21.13,31.65,44.16,0.909,44.45
A0362,2025-04-29,335.8,64.92,89.45,118.16,0.909,118.82
A0362,2025-04-30,335.8,72.55,98.36,128.56,0.909,129.25
A0362,2025-05-01,335.8,58.2,77.64,100.4,0.909,100.92
A0362,2025-05-02,335.8,76.09,103.37,135.29,0.909,136.02
A0362,2025-05-03,335.8,73.2,99.44,130.15,0.909,130.85
A0362,2025-05-04,335.8,56.69,76.62,99.94,0.909,100.47
A0362,2025-05-05,335.8,59.59,79.78,103.4,0.909,103.94
A0362,2025-05-06,335.8,66.19,90.48,118.9,0.909,119.55
A0362,2025-05-07,335.8,67.48,92.66,122.13,0.909,122.79
A0362,2025-05-08,335.8,70.19,95.17,124.41,0.909,125.07
A0362,2025-05-09,335.8,76.01,103.29,135.22,0.909,135.95
A0362,2025-05-10,335.8,73.49,99.87,130.75,0.909,131.45
A0362,2025-05-11,335.8,52.8,72.16,94.81,0.909,95.32
A0362,2025-05-12,335.8,71.76,96.66,125.8,0.909,126.46
A0363,2025-04-29,172.3,7.3,12.12,18.46,0.909,18.61
A0363,2025-04-30,172.3,9.0,14.87,22.59,0.909,22.76
A0363,2025-05-01,172.3,6.3,11.17,17.58,0.909,17.72
A0363,2025-05-02,172.3,9.14,14.97,22.63,0.909,22.8
A0363,2025-05-03,172.3,10.03,16.51,25.03,0.909,25.23
A0363,2025-05-04,172.3,6.58,11.21,17.28,0.909,17.42
A0363,2025-05-05,172.3,7.37,12.18,18.5,0.909,18.64
A0363,2025-05-06,172.3,7.86,12.8,19.28,0.909,19.43
A0363,2025-05-07,172.3,7.64,12.25,18.32,0.909,18.46
A0363,2025-05-08,172.3,8.44,13.63,20.46,0.909,20.62
A0363,2025-05-09,172.3,9.13,14.9,22.5,0.909,22.67
A0363,2025-05-10,172.3,9.91,16.2,24.46,0.909,24.64
A0363,2025-05-11,172.3,5.64,9.48,14.53,0.909,14.64
A0363,2025-05-12,172.3,8.21,13.35,20.11,0.909,20.26
A0364,2025-04-29,208.6,11.99,19.13,27.8,0.909,28.0
A0364,2025-04-30,208.6,23.91,37.21,53.39,0.909,53.76
A0364,2025-05-01,208.6,16.78,27.56,40.68,0.909,40.98
A0364,2025-05-02,208.6,22.61,35.42,50.99,0.909,51.35
A0364,2025-05-03,208.6,22.62,35.76,51.73,0.909,52.09
A0364,2025-05-04,208.6,15.62,25.88,38.37,0.909,38.66
A0364,2025-05-05,208.6,16.2,26.91,39.93,0.909,40.23
A0364,2025-05-06,208.6,17.83,28.6,41.71,0.909,42.0
A0364,2025-05-07,208.6,10.39,17.42,25.97,0.909,26.17
A0364,2025-05-08,208.6,12.37,20.1,29.5,0.909,29.72
A0364,2025-05-09,208.6,13.37,21.92,32.31,0.909,32.55
A0364,2025-05-10,208.6,14.19,22.67,32.98,0.909,33.21
A0364,2025-05-11,208.6,8.89,14.58,21.51,0.909,21.67
A0364,2025-05-12,208.6,13.28,20.98,30.34,0.909,30.55
A0365,2025-04-29,185.7,19.87,28.8,39.71,0.909,39.96
A0365,2025-04-30,185.7,25.76,35.74,47.94,0.909,48.21
A0365,2025-05-01,185.7,18.02,25.99,35.74,0.909,35.96
A0365,2025-05-02,185.7,24.63,35.82,49.49,0.909,49.8
A0365,2025-05-03,185.7,25.14,36.65,50.72,0.909,51.04
A0365,2025-05-04,185.7,17.73,25.22,34.37,0.909,34.58
A0365,2025-05-05,185.7,19.02,27.44,37.73,0.909,37.96
A0365,2025-05-06,185.7,20.52,29.35,40.14,0.909,40.39
A0365,2025-05-07,185.7,35.57,51.0,69.85,0.909,70.28
A0365,2025-05-08,185.7,36.35,53.09,73.56,0.909,74.02
A0365,2025-05-09,185.7,39.88,59.29,83.0,0.909,83.54
A0365,2025-05-10,185.7,40.89,61.03,85.64,0.909,86.2
A0365,2025-05-11,185.7,24.96,36.7,51.04,0.909,51.36
A0365,2025-05-12,185.7,35.78,52.72,73.44,0.909,73.91
A0366,2025-04-29,2.6,89.64,123.29,161.97,0.556,128.66
A0366,2025-04-30,2.6,113.29,143.31,177.83,0.556,148.11
A0366,2025-05-01,2.6,78.77,105.79,136.86,0.556,110.11
A0366,2025-05-02,2.6,106.47,144.56,188.33,0.556,150.64
A0366,2025-05-03,2.6,110.83,154.5,204.72,0.556,161.48
A0366,2025-05-04,2.6,80.09,105.45,134.61,0.556,109.5
A0366,2025-05-05,2.6,82.34,111.46,144.93,0.556,116.11
A0366,2025-05-06,2.6,92.66,127.51,167.56,0.556,133.07
A0366,2025-05-07,2.6,99.17,126.84,158.64,0.556,131.25
A0366,2025-05-08,2.6,99.66,131.28,167.64,0.556,136.33
A0366,2025-05-09,2.6,109.59,145.96,187.77,0.556,151.77
A0366,2025-05-10,2.6,114.9,154.2,199.37,0.556,160.47
A0366,2025-05-11,2.6,71.36,95.19,122.58,0.556,99.0
A0366,2025-05-12,2.6,101.89,134.94,172.93,0.556,140.22
A0367,2025-04-29,5.1,6.85,11.72,17.52,0.556,12.52
A0367,2025-04-30,5.1,8.97,14.79,21.71,0.556,15.75
A0367,2025-05-01,5.1,5.6,10.32,15.94,0.556,11.1
A0367,2025-05-02,5.1,8.55,14.78,22.21,0.556,15.81
A0367,2025-05-03,5.1,9.15,15.83,23.79,0.556,16.94
A0367,2025-05-04,5.1,6.48,10.64,15.59,0.556,11.33
A0367,2025-05-05,5.1,6.6,11.25,16.78,0.556,12.01
A0367,2025-05-06,5.1,7.06,11.99,17.86,0.556,12.81
A0367,2025-05-07,5.1,6.99,12.07,18.12,0.556,12.91
A0367,2025-05-08,5.1,8.07,14.1,21.28,0.556,15.1
A0367,2025-05-09,5.1,8.8,15.01,22.41,0.556,16.04
A0367,2025-05-10,5.1,9.24,15.85,23.7,0.556,16.94
A0367,2025-05-11,5.1,5.09,8.87,13.36,0.556,9.49
A0367,2025-05-12,5.1,8.19,13.85,20.58,0.556,14.78
A0368,2025-04-29,337.6,44.83,69.38,96.05,0.909,96.66
A0368,2025-04-30,337.6,53.9,80.98,110.41,0.909,111.08
A0368,2025-05-01,337.6,41.72,67.03,94.53,0.909,95.15
A0368,2025-05-02,337.6,57.09,89.83,125.41,0.909,126.22
A0368,2025-05-03,337.6,21.99,36.39,52.03,0.909,52.39
A0368,2025-05-04,337.6,15.7,25.88,36.95,0.909,37.2
A0368,2025-05-05,337.6,18.36,29.49,41.58,0.909,41.86
A0368,2025-05-06,337.6,20.13,31.86,44.62,0.909,44.91
A0368,2025-05-07,337.6,20.75,31.75,43.71,0.909,43.99
A0368,2025-05-08,337.6,23.12,35.88,49.74,0.909,50.05
A0368,2025-05-09,337.6,25.27,39.94,55.89,0.909,56.25
A0368,2025-05-10,337.6,25.47,38.84,53.36,0.909,53.69
A0368,2025-05-11,337.6,17.2,26.56,36.73,0.909,36.97
A0368,2025-05-12,337.6,23.78,35.84,48.95,0.909,49.25
A0369,2025-04-29,423.7,21.83,30.8,42.02,0.909,42.27
A0369,2025-04-30,423.7,27.3,37.64,50.57,0.909,50.86
A0369,2025-05-01,423.7,18.58,28.38,40.63,0.909,40.91
A0369,2025-05-02,423.7,25.5,36.97,51.31,0.909,51.64
A0369,2025-05-03,423.7,24.95,35.31,48.28,0.909,48.58
A0369,2025-05-04,423.7,19.85,27.4,36.85,0.909,37.06
A0369,2025-05-05,423.7,20.86,31.22,44.18,0.909,44.48
A0369,2025-05-06,423.7,22.32,32.47,45.16,0.909,45.44
A0369,2025-05-07,423.7,23.05,32.23,43.73,0.909,43.99
A0369,2025-05-08,423.7,38.55,55.94,77.69,0.909,78.18
A0369,2025-05-09,423.7,41.78,61.85,86.96,0.909,87.53
A0369,2025-05-10,423.7,42.46,60.46,82.99,0.909,83.5
A0369,2025-05-11,423.7,26.74,39.39,55.23,0.909,55.59
A0369,2025-05-12,423.7,43.51,65.67,93.4,0.909,94.03
A0370,2025-04-29,315.3,4.54,8.11,13.02,0.909,13.13
A0370,2025-04-30,315.3,5.06,9.91,16.57,0.909,16.73
A0370,2025-05-01,315.3,3.7,6.68,10.78,0.909,10.87
A0370,2025-05-02,315.3,5.13,8.91,14.11,0.909,14.22
A0370,2025-05-03,315.3,4.89,9.45,15.72,0.909,15.87
A0370,2025-05-04,315.3,3.6,7.17,12.08,0.909,12.19
A0370,2025-05-05,315.3,3.65,6.43,10.24,0.909,10.33
A0370,2025-05-06,315.3,4.73,8.07,12.67,0.909,12.78
A0370,2025-05-07,315.3,4.79,8.3,13.13,0.909,13.24
A0370,2025-05-08,315.3,4.69,8.01,12.58,0.909,12.68
A0370,2025-05-09,315.3,5.29,8.84,13.71,0.909,13.82
A0370,2025-05-10,315.3,5.28,9.41,15.08,0.909,15.21
A0370,2025-05-11,315.3,3.69,6.26,9.78,0.909,9.86
A0370,2025-05-12,315.3,4.6,7.27,10.94,0.909,11.03
A0371,2025-04-29,5.0,4.13,16.45,36.59,0.556,19.24
A0371,2025-04-30,5.0,7.11,22.93,48.56,0.556,26.49
A0371,2025-05-01,5.0,4.12,16.36,36.29,0.556,19.13
A0371,2025-05-02,5.0,7.76,24.51,51.55,0.556,28.26
A0371,2025-05-03,5.0,8.95,27.05,56.39,0.556,31.13
A0371,2025-05-04,5.0,5.2,18.64,40.76,0.556,21.71
A0371,2025-05-05,5.0,5.59,19.43,42.13,0.556,22.58
A0371,2025-05-06,5.0,6.62,21.65,46.33,0.556,25.08
A0371,2025-05-07,5.0,7.26,22.98,48.18,0.556,26.48
A0371,2025-05-08,5.0,8.55,25.71,53.51,0.556,29.57
A0371,2025-05-09,5.0,9.88,28.65,58.94,0.556,32.86
A0371,2025-05-10,5.0,11.24,31.51,64.02,0.556,36.03
A0371,2025-05-11,5.0,5.39,18.82,40.61,0.556,21.85
A0371,2025-05-12,5.0,9.21,27.14,56.03,0.556,31.15
A0372,2025-04-29,2.4,78.77,105.9,143.8,0.556,111.16
A0372,2025-04-30,2.4,100.28,135.66,185.09,0.556,142.53
A0372,2025-05-01,2.4,71.76,97.29,132.94,0.556,102.24
A0372,2025-05-02,2.4,97.3,131.71,179.78,0.556,138.39
A0372,2025-05-03,2.4,101.29,135.97,184.41,0.556,142.69
A0372,2025-05-04,2.4,72.2,96.79,131.15,0.556,101.56
A0372,2025-05-05,2.4,72.62,98.48,134.6,0.556,103.5
A0372,2025-05-06,2.4,75.94,101.66,137.59,0.556,106.65
A0372,2025-05-07,2.4,81.91,112.65,155.58,0.556,118.61
A0372,2025-05-08,2.4,89.21,121.33,166.21,0.556,127.57
A0372,2025-05-09,2.4,97.7,132.94,182.16,0.556,139.77
A0372,2025-05-10,2.4,104.17,141.48,193.6,0.556,148.71
A0372,2025-05-11,2.4,60.21,81.61,111.52,0.556,85.77
A0372,2025-05-12,2.4,84.81,115.07,157.34,0.556,120.94
A0373,2025-04-29,330.5,25.5,36.92,50.5,0.909,50.81
A0373,2025-04-30,330.5,29.98,42.58,57.59,0.909,57.93
A0373,2025-05-01,330.5,20.68,29.04,38.97,0.909,39.2
A0373,2025-05-02,330.5,26.73,39.5,54.69,0.909,55.03
A0373,2025-05-03,330.5,29.0,44.65,63.28,0.909,63.7
A0373,2025-05-04,330.5,23.96,34.68,47.45,0.909,47.74
A0373,2025-05-05,330.5,18.52,25.97,34.84,0.909,35.04
A0373,2025-05-06,330.5,23.32,33.25,45.07,0.909,45.34
A0373,2025-05-07,330.5,23.86,35.08,48.43,0.909,48.73
A0373,2025-05-08,330.5,24.99,35.73,48.51,0.909,48.8
A0373,2025-05-09,330.5,25.69,37.4,51.34,0.909,51.66
A0373,2025-05-10,330.5,28.4,42.48,59.23,0.909,59.62
A0373,2025-05-11,330.5,19.66,28.28,38.53,0.909,38.76
A0373,2025-05-12,330.5,21.01,28.4,37.19,0.909,37.39
A0374,2025-04-29,5.4,21.08,31.5,46.5,0.556,33.58
A0374,2025-04-30,5.4,27.36,38.09,53.54,0.556,40.24
A0374,2025-05-01,5.4,18.2,26.15,37.61,0.556,27.75
A0374,2025-05-02,5.4,23.93,35.69,52.64,0.556,38.05
A0374,2025-05-03,5.4,24.9,37.21,54.94,0.556,39.67
A0374,2025-05-04,5.4,21.1,29.35,41.22,0.556,30.99
A0374,2025-05-05,5.4,16.84,24.5,35.53,0.556,26.03
A0374,2025-05-06,5.4,19.66,29.7,44.14,0.556,31.7
A0374,2025-05-07,5.4,21.51,31.98,47.06,0.556,34.07
A0374,2025-05-08,5.4,22.93,33.85,49.58,0.556,36.03
A0374,2025-05-09,5.4,23.2,34.81,51.53,0.556,37.13
A0374,2025-05-10,5.4,24.95,37.16,54.74,0.556,39.6
A0374,2025-05-11,5.4,16.99,24.83,36.13,0.556,26.4
A0374,2025-05-12,5.4,21.43,30.91,44.57,0.556,32.81
A0375,2025-04-29,381.6,19.29,30.87,43.77,0.909,44.06
A0375,2025-04-30,381.6,23.84,37.64,52.99,0.909,53.34
A0375,2025-05-01,381.6,17.43,26.53,36.66,0.909,36.89
A0375,2025-05-02,381.6,22.62,34.94,48.65,0.909,48.96
A0375,2025-05-03,381.6,24.34,37.71,52.6,0.909,52.93
A0375,2025-05-04,381.6,19.05,30.47,43.17,0.909,43.46
A0375,2025-05-05,381.6,16.69,25.61,35.54,0.909,35.76
A0375,2025-05-06,381.6,19.41,30.36,42.55,0.909,42.83
A0375,2025-05-07,381.6,19.05,29.99,42.16,0.909,42.44
A0375,2025-05-08,381.6,20.41,31.51,43.87,0.909,44.15
A0375,2025-05-09,381.6,22.0,33.99,47.33,0.909,47.64
A0375,2025-05-10,381.6,24.08,37.11,51.62,0.909,51.95
A0375,2025-05-11,381.6,16.11,25.05,35.0,0.909,35.22
A0375,2025-05-12,381.6,18.89,28.54,39.29,0.909,39.53
A0376,2025-04-29,7.0,41.05,57.12,75.36,0.556,59.66
A0376,2025-04-30,7.0,51.17,70.93,93.36,0.556,74.05
A0376,2025-05-01,7.0,35.64,50.35,67.03,0.556,52.66
A0376,2025-05-02,7.0,49.56,68.73,90.47,0.556,71.75
A0376,2025-05-03,7.0,49.43,70.18,93.72,0.556,73.45
A0376,2025-05-04,7.0,38.87,54.88,73.04,0.556,57.4
A0376,2025-05-05,7.0,38.49,53.17,69.83,0.556,55.49
A0376,2025-05-06,7.0,42.29,58.27,76.39,0.556,60.78
A0376,2025-05-07,7.0,42.77,58.89,77.17,0.556,61.43
A0376,2025-05-08,7.0,47.46,66.09,87.21,0.556,69.02
A0376,2025-05-09,7.0,50.44,70.04,92.28,0.556,73.13
A0376,2025-05-10,7.0,52.61,74.45,99.22,0.556,77.89
A0376,2025-05-11,7.0,33.72,47.34,62.79,0.556,49.49
A0376,2025-05-12,7.0,48.82,66.94,87.49,0.556,69.79
A0377,2025-04-29,4.3,32.03,44.28,61.59,0.556,46.69
A0377,2025-04-30,4.3,40.14,56.51,79.64,0.556,59.73
A0377,2025-05-01,4.3,30.13,42.15,59.14,0.556,44.51
A0377,2025-05-02,4.3,38.47,53.47,74.66,0.556,56.42
A0377,2025-05-03,4.3,40.8,56.97,79.8,0.556,60.14
A0377,2025-05-04,4.3,28.89,40.42,56.71,0.556,42.68
A0377,2025-05-05,4.3,31.54,44.29,62.3,0.556,46.79
A0377,2025-05-06,4.3,32.27,44.38,61.49,0.556,46.76
A0377,2025-05-07,4.3,33.69,47.07,65.96,0.556,49.69
A0377,2025-05-08,4.3,37.07,51.52,71.93,0.556,54.36
A0377,2025-05-09,4.3,38.94,54.04,75.37,0.556,57.0
A0377,2025-05-10,4.3,41.84,58.32,81.58,0.556,61.55
A0377,2025-05-11,4.3,25.38,35.07,48.76,0.556,36.98
A0377,2025-05-12,4.3,38.19,52.98,73.87,0.556,55.88
A0378,2025-04-29,359.9,22.71,31.52,43.38,0.909,43.65
A0378,2025-04-30,359.9,27.58,39.98,56.67,0.909,57.05
A0378,2025-05-01,359.9,18.85,27.68,39.55,0.909,39.82
A0378,2025-05-02,359.9,26.94,38.38,53.78,0.909,54.13
A0378,2025-05-03,359.9,27.03,38.64,54.27,0.909,54.63
A0378,2025-05-04,359.9,20.28,30.4,44.01,0.909,44.32
A0378,2025-05-05,359.9,21.98,31.1,43.36,0.909,43.64
A0378,2025-05-06,359.9,24.18,33.52,46.1,0.909,46.39
A0378,2025-05-07,359.9,24.79,34.16,46.77,0.909,47.06
A0378,2025-05-08,359.9,26.77,37.3,51.47,0.909,51.79
A0378,2025-05-09,359.9,28.57,40.26,55.99,0.909,56.35
A0378,2025-05-10,359.9,29.22,41.08,57.04,0.909,57.4
A0378,2025-05-11,359.9,19.11,27.63,39.09,0.909,39.35
A0378,2025-05-12,359.9,28.28,39.77,55.24,0.909,55.59
A0379,2025-04-29,307.0,37.6,52.26,68.45,0.909,68.82
A0379,2025-04-30,307.0,47.75,64.88,83.8,0.909,84.23
A0379,2025-05-01,307.0,46.88,64.17,83.27,0.909,83.71
A0379,2025-05-02,307.0,62.47,87.41,114.97,0.909,115.6
A0379,2025-05-03,307.0,63.93,89.88,118.55,0.909,119.2
A0379,2025-05-04,307.0,51.69,73.45,97.5,0.909,98.05
A0379,2025-05-05,307.0,29.27,40.87,53.69,0.909,53.98
A0379,2025-05-06,307.0,34.61,48.93,64.75,0.909,65.11
A0379,2025-05-07,307.0,36.81,50.63,65.91,0.909,66.26
A0379,2025-05-08,307.0,39.81,55.41,72.64,0.909,73.04
A0379,2025-05-09,307.0,42.57,58.85,76.84,0.909,77.25
A0379,2025-05-10,307.0,45.76,63.0,82.04,0.909,82.48
A0379,2025-05-11,307.0,29.58,41.14,53.9,0.909,54.19
A0379,2025-05-12,307.0,41.35,56.48,73.19,0.909,73.57
A0380,2025-04-29,3.2,62.38,89.11,120.0,0.556,93.4
A0380,2025-04-30,3.2,82.43,117.04,157.03,0.556,122.59
A0380,2025-05-01,3.2,56.34,81.39,110.33,0.556,85.41
A0380,2025-05-02,3.2,77.89,111.52,150.38,0.556,116.92
A0380,2025-05-03,3.2,83.88,121.27,164.47,0.556,127.27
A0380,2025-05-04,3.2,62.86,89.91,121.16,0.556,94.25
A0380,2025-05-05,3.2,57.42,83.9,114.51,0.556,88.15
A0380,2025-05-06,3.2,61.13,88.19,119.45,0.556,92.53
A0380,2025-05-07,3.2,61.78,88.82,120.07,0.556,93.16
A0380,2025-05-08,3.2,68.84,99.85,135.68,0.556,104.83
A0380,2025-05-09,3.2,76.67,109.98,148.47,0.556,115.33
A0380,2025-05-10,3.2,81.87,118.32,160.44,0.556,124.17
A0380,2025-05-11,3.2,48.87,71.04,96.65,0.556,74.59
A0380,2025-05-12,3.2,67.29,98.97,135.58,0.556,104.05
A0381,2025-04-29,307.3,44.16,64.06,88.19,0.909,88.74
A0381,2025-04-30,307.3,56.58,82.43,113.79,0.909,114.51
A0381,2025-05-01,307.3,37.69,53.75,73.22,0.909,73.66
A0381,2025-05-02,307.3,53.28,76.65,105.0,0.909,105.64
A0381,2025-05-03,307.3,54.03,76.51,103.78,0.909,104.4
A0381,2025-05-04,307.3,19.76,29.61,41.56,0.909,41.83
A0381,2025-05-05,307.3,20.66,29.57,40.38,0.909,40.62
A0381,2025-05-06,307.3,23.79,34.64,47.82,0.909,48.12
A0381,2025-05-07,307.3,24.91,36.27,50.06,0.909,50.37
A0381,2025-05-08,307.3,28.15,40.37,55.19,0.909,55.52
A0381,2025-05-09,307.3,30.45,43.22,58.71,0.909,59.06
A0381,2025-05-10,307.3,31.67,43.93,58.8,0.909,59.14
A0381,2025-05-11,307.3,20.7,28.88,38.8,0.909,39.03
A0381,2025-05-12,307.3,29.73,41.28,55.29,0.909,55.61
A0382,2025-04-29,426.9,76.39,109.11,151.76,0.909,152.73
A0382,2025-04-30,426.9,91.24,133.26,188.03,0.909,189.27
A0382,2025-05-01,426.9,29.66,41.33,56.54,0.909,56.88
A0382,2025-05-02,426.9,41.83,58.43,80.08,0.909,80.57
A0382,2025-05-03,426.9,42.22,56.95,76.16,0.909,76.6
A0382,2025-05-04,426.9,33.11,45.16,60.86,0.909,61.22
A0382,2025-05-05,426.9,36.25,49.87,67.63,0.909,68.04
A0382,2025-05-06,426.9,38.57,53.47,72.91,0.909,73.35
A0382,2025-05-07,426.9,40.15,56.02,76.72,0.909,77.19
A0382,2025-05-08,426.9,44.59,61.16,82.76,0.909,83.25
A0382,2025-05-09,426.9,46.56,64.35,87.56,0.909,88.08
A0382,2025-05-10,426.9,48.04,65.08,87.3,0.909,87.8
A0382,2025-05-11,426.9,32.13,44.0,59.48,0.909,59.84
A0382,2025-05-12,426.9,51.59,72.87,100.62,0.909,101.25
A0383,2025-04-29,3.0,44.12,65.32,89.39,0.556,68.67
A0383,2025-04-30,3.0,54.91,83.69,116.36,0.556,88.23
A0383,2025-05-01,3.0,38.59,59.63,83.51,0.556,62.95
A0383,2025-05-02,3.0,54.27,81.87,113.21,0.556,86.23
A0383,2025-05-03,3.0,58.32,87.31,120.22,0.556,91.88
A0383,2025-05-04,3.0,41.25,63.97,89.76,0.556,67.55
A0383,2025-05-05,3.0,42.13,63.88,88.57,0.556,67.31
A0383,2025-05-06,3.0,45.27,66.31,90.21,0.556,69.63
A0383,2025-05-07,3.0,45.09,66.5,90.79,0.556,69.87
A0383,2025-05-08,3.0,48.92,73.76,101.96,0.556,77.68
A0383,2025-05-09,3.0,55.39,82.84,114.01,0.556,87.17
A0383,2025-05-10,3.0,59.75,88.55,121.25,0.556,93.1
A0383,2025-05-11,3.0,35.28,52.67,72.41,0.556,55.41
A0383,2025-05-12,3.0,50.17,75.02,103.22,0.556,78.93
A0384,2025-04-29,6.1,88.42,119.11,160.39,0.556,124.84
A0384,2025-04-30,6.1,110.87,144.2,189.02,0.556,150.42
A0384,2025-05-01,6.1,76.8,104.62,142.04,0.556,109.82
A0384,2025-05-02,6.1,102.06,135.91,181.44,0.556,142.23
A0384,2025-05-03,6.1,109.74,145.28,193.08,0.556,151.92
A0384,2025-05-04,6.1,86.29,118.05,160.78,0.556,123.99
A0384,2025-05-05,6.1,76.92,102.47,136.84,0.556,107.25
A0384,2025-05-06,6.1,86.43,117.37,158.98,0.556,123.15
A0384,2025-05-07,6.1,88.75,117.53,156.25,0.556,122.91
A0384,2025-05-08,6.1,98.71,134.02,181.51,0.556,140.62
A0384,2025-05-09,6.1,102.77,137.27,183.68,0.556,143.72
A0384,2025-05-10,6.1,113.0,149.51,198.61,0.556,156.33
A0384,2025-05-11,6.1,71.2,98.88,136.11,0.556,104.05
A0384,2025-05-12,6.1,98.85,131.96,176.49,0.556,138.14
A0385,2025-04-29,345.8,2.7,13.88,33.67,0.909,34.12
A0385,2025-04-30,345.8,4.76,18.32,42.6,0.909,43.16
A0385,2025-05-01,345.8,2.53,13.0,31.76,0.909,32.19
A0385,2025-05-02,345.8,6.04,21.51,48.58,0.909,49.19
A0385,2025-05-03,345.8,7.93,25.94,57.06,0.909,57.77
A0385,2025-05-04,345.8,5.34,20.03,45.01,0.909,45.58
A0385,2025-05-05,345.8,6.03,21.63,47.93,0.909,48.53
A0385,2025-05-06,345.8,8.28,26.75,57.44,0.909,58.14
A0385,2025-05-07,345.8,9.7,29.92,62.73,0.909,63.48
A0385,2025-05-08,345.8,12.19,35.39,73.02,0.909,73.87
A0385,2025-05-09,345.8,14.51,40.77,82.81,0.909,83.76
A0385,2025-05-10,345.8,16.59,45.26,91.06,0.909,92.1
A0385,2025-05-11,345.8,8.36,26.75,56.43,0.909,57.1
A0385,2025-05-12,345.8,15.04,41.6,84.08,0.909,85.04
A0386,2025-04-29,350.2,15.48,24.38,33.97,0.909,34.19
A0386,2025-04-30,350.2,20.56,34.79,50.12,0.909,50.47
A0386,2025-05-01,350.2,13.44,21.13,29.42,0.909,29.61
A0386,2025-05-02,350.2,18.45,29.53,41.46,0.909,41.73
A0386,2025-05-03,350.2,19.42,29.43,40.21,0.909,40.46
A0386,2025-05-04,350.2,15.03,25.58,36.94,0.909,37.2
A0386,2025-05-05,350.2,16.11,25.22,35.03,0.909,35.25
A0386,2025-05-06,350.2,17.1,26.9,37.45,0.909,37.69
A0386,2025-05-07,350.2,17.62,27.29,37.71,0.909,37.95
A0386,2025-05-08,350.2,19.75,29.96,40.96,0.909,41.21
A0386,2025-05-09,350.2,20.4,32.37,45.28,0.909,45.57
A0386,2025-05-10,350.2,21.94,33.42,45.79,0.909,46.07
A0386,2025-05-11,350.2,14.23,22.82,32.07,0.909,32.28
A0386,2025-05-12,350.2,22.26,36.29,51.41,0.909,51.75
A0387,2025-04-29,34.5,40.59,55.44,73.74,0.909,74.16
A0387,2025-04-30,34.5,49.65,65.94,86.03,0.909,86.48
A0387,2025-05-01,34.5,33.99,46.63,62.21,0.909,62.56
A0387,2025-05-02,34.5,47.19,63.55,83.71,0.909,84.17
A0387,2025-05-03,34.5,47.15,62.73,81.93,0.909,82.37
A0387,2025-05-04,34.5,35.84,49.39,66.1,0.909,66.48
A0387,2025-05-05,34.5,40.39,55.77,74.74,0.909,75.17
A0387,2025-05-06,34.5,42.51,58.4,77.99,0.909,78.44
A0387,2025-05-07,34.5,43.78,58.44,76.51,0.909,76.92
A0387,2025-05-08,34.5,115.88,156.47,206.51,0.909,207.64
A0387,2025-05-09,34.5,121.6,166.3,221.41,0.909,222.66
A0387,2025-05-10,34.5,121.49,167.77,224.83,0.909,226.13
A0387,2025-05-11,34.5,30.83,44.43,61.19,0.909,61.57
A0387,2025-05-12,34.5,47.93,71.83,101.3,0.909,101.97
A0388,2025-04-29,5.5,22.65,35.05,48.39,0.556,36.91
A0388,2025-04-30,5.5,26.24,40.41,55.64,0.556,42.53
A0388,2025-05-01,5.5,21.32,32.97,45.5,0.556,34.71
A0388,2025-05-02,5.5,27.47,43.59,60.92,0.556,46.0
A0388,2025-05-03,5.5,29.74,46.78,65.09,0.556,49.32
A0388,2025-05-04,5.5,19.51,29.89,41.04,0.556,31.44
A0388,2025-05-05,5.5,20.34,32.72,46.02,0.556,34.57
A0388,2025-05-06,5.5,22.01,34.74,48.42,0.556,36.64
A0388,2025-05-07,5.5,22.63,35.31,48.94,0.556,37.2
A0388,2025-05-08,5.5,23.98,36.54,50.03,0.556,38.41
A0388,2025-05-09,5.5,26.65,42.3,59.12,0.556,44.63
A0388,2025-05-10,5.5,28.89,44.72,61.74,0.556,47.08
A0388,2025-05-11,5.5,17.51,27.04,37.28,0.556,28.46
A0388,2025-05-12,5.5,22.89,36.0,50.09,0.556,37.95
A0389,2025-04-29,5.7,45.03,64.52,84.16,0.556,67.25
A0389,2025-04-30,5.7,56.83,80.98,105.31,0.556,84.36
A0389,2025-05-01,5.7,27.29,42.42,57.66,0.556,44.53
A0389,2025-05-02,5.7,40.38,58.15,76.06,0.556,60.64
A0389,2025-05-03,5.7,41.01,61.06,81.26,0.556,63.86
A0389,2025-05-04,5.7,31.49,47.75,64.13,0.556,50.02
A0389,2025-05-05,5.7,33.4,46.98,60.65,0.556,48.88
A0389,2025-05-06,5.7,37.23,52.0,66.89,0.556,54.07
A0389,2025-05-07,5.7,39.58,54.42,69.37,0.556,56.5
A0389,2025-05-08,5.7,43.86,63.16,82.6,0.556,65.86
A0389,2025-05-09,5.7,46.68,64.62,82.71,0.556,67.14
A0389,2025-05-10,5.7,48.28,68.79,89.45,0.556,71.66
A0389,2025-05-11,5.7,30.3,43.68,57.16,0.556,45.55
A0389,2025-05-12,5.7,45.28,62.15,79.14,0.556,64.51
A0390,2025-04-29,202.8,16.39,24.25,33.9,0.909,34.12
A0390,2025-04-30,202.8,19.29,27.6,37.78,0.909,38.01
A0390,2025-05-01,202.8,14.88,21.15,28.84,0.909,29.01
A0390,2025-05-02,202.8,19.76,28.29,38.74,0.909,38.98
A0390,2025-05-03,202.8,26.6,37.94,51.85,0.909,52.16
A0390,2025-05-04,202.8,17.44,25.44,35.26,0.909,35.48
A0390,2025-05-05,202.8,19.23,28.14,39.06,0.909,39.31
A0390,2025-05-06,202.8,20.63,30.51,42.64,0.909,42.92
A0390,2025-05-07,202.8,20.27,29.86,41.62,0.909,41.89
A0390,2025-05-08,202.8,21.58,32.01,44.8,0.909,45.09
A0390,2025-05-09,202.8,16.54,25.1,35.61,0.909,35.85
A0390,2025-05-10,202.8,18.28,27.32,38.41,0.909,38.66
A0390,2025-05-11,202.8,11.27,16.99,24.01,0.909,24.17
A0390,2025-05-12,202.8,17.84,26.3,36.69,0.909,36.92
A0391,2025-04-29,347.3,6.63,12.37,19.21,0.909,19.36
A0391,2025-04-30,347.3,9.25,16.2,24.47,0.909,24.66
A0391,2025-05-01,347.3,5.52,10.83,17.15,0.909,17.3
A0391,2025-05-02,347.3,8.45,15.74,24.43,0.909,24.62
A0391,2025-05-03,347.3,7.85,13.71,20.68,0.909,20.84
A0391,2025-05-04,347.3,6.65,11.44,17.16,0.909,17.29
A0391,2025-05-05,347.3,7.47,13.18,19.99,0.909,20.14
A0391,2025-05-06,347.3,8.05,14.57,22.33,0.909,22.5
A0391,2025-05-07,347.3,8.34,14.33,21.46,0.909,21.62
A0391,2025-05-08,347.3,9.19,15.94,23.98,0.909,24.17
A0391,2025-05-09,347.3,9.98,17.77,27.05,0.909,27.26
A0391,2025-05-10,347.3,9.71,16.21,23.96,0.909,24.13
A0391,2025-05-11,347.3,6.63,11.43,17.14,0.909,17.27
A0391,2025-05-12,347.3,11.61,20.35,30.75,0.909,30.99
A0392,2025-04-29,2.5,66.01,92.97,122.23,0.556,97.04
A0392,2025-04-30,2.5,83.4,117.78,155.08,0.556,122.96
A0392,2025-05-01,2.5,55.64,82.04,110.67,0.556,86.01
A0392,2025-05-02,2.5,76.44,109.39,145.13,0.556,114.35
A0392,2025-05-03,2.5,82.43,116.78,154.03,0.556,121.95
A0392,2025-05-04,2.5,58.03,83.08,110.24,0.556,86.85
A0392,2025-05-05,2.5,61.34,87.73,116.35,0.556,91.7
A0392,2025-05-06,2.5,67.71,95.06,124.74,0.556,99.19
A0392,2025-05-07,2.5,70.07,95.88,123.87,0.556,99.77
A0392,2025-05-08,2.5,73.37,102.26,133.6,0.556,106.62
A0392,2025-05-09,2.5,80.65,113.38,148.87,0.556,118.31
A0392,2025-05-10,2.5,86.31,119.95,156.43,0.556,125.02
A0392,2025-05-11,2.5,52.2,72.11,93.71,0.556,75.11
A0392,2025-05-12,2.5,72.17,100.82,131.89,0.556,105.13
A0393,2025-04-29,325.4,76.42,107.84,146.53,0.909,147.41
A0393,2025-04-30,325.4,18.05,30.05,44.83,0.909,45.17
A0393,2025-05-01,325.4,13.77,22.35,32.93,0.909,33.17
A0393,2025-05-02,325.4,21.94,33.58,47.92,0.909,48.25
A0393,2025-05-03,325.4,21.11,32.79,47.19,0.909,47.52
A0393,2025-05-04,325.4,15.45,24.58,35.83,0.909,36.08
A0393,2025-05-05,325.4,16.63,24.74,34.73,0.909,34.95
A0393,2025-05-06,325.4,19.02,28.7,40.63,0.909,40.9
A0393,2025-05-07,325.4,20.05,29.35,40.81,0.909,41.07
A0393,2025-05-08,325.4,21.2,31.62,44.46,0.909,44.75
A0393,2025-05-09,325.4,24.08,35.51,49.59,0.909,49.91
A0393,2025-05-10,325.4,23.31,34.45,48.17,0.909,48.48
A0393,2025-05-11,325.4,15.34,22.74,31.87,0.909,32.08
A0393,2025-05-12,325.4,21.86,31.46,43.29,0.909,43.56
A0394,2025-04-29,354.0,15.3,24.32,36.22,0.909,36.49
A0394,2025-04-30,354.0,19.11,30.76,46.11,0.909,46.46
A0394,2025-05-01,354.0,14.43,22.78,33.8,0.909,34.05
A0394,2025-05-02,354.0,27.94,41.91,60.33,0.909,60.75
A0394,2025-05-03,354.0,27.15,41.91,61.38,0.909,61.82
A0394,2025-05-04,354.0,21.56,34.08,50.59,0.909,50.97
A0394,2025-05-05,354.0,18.58,27.9,40.19,0.909,40.47
A0394,2025-05-06,354.0,22.33,34.76,51.16,0.909,51.53
A0394,2025-05-07,354.0,23.08,36.0,53.04,0.909,53.43
A0394,2025-05-08,354.0,14.08,23.45,35.8,0.909,36.08
A0394,2025-05-09,354.0,16.51,26.04,38.62,0.909,38.9
A0394,2025-05-10,354.0,17.09,26.96,39.96,0.909,40.26
A0394,2025-05-11,354.0,12.31,19.32,28.57,0.909,28.78
A0394,2025-05-12,354.0,15.27,22.05,31.0,0.909,31.2
A0395,2025-04-29,5.9,447.26,544.6,670.54,0.556,562.09
A0395,2025-04-30,5.9,534.89,639.21,774.2,0.556,657.96
A0395,2025-05-01,5.9,403.27,503.28,632.68,0.556,521.25
A0395,2025-05-02,5.9,532.73,658.11,820.34,0.556,680.64
A0395,2025-05-03,5.9,550.7,677.02,840.47,0.556,699.72
A0395,2025-05-04,5.9,428.52,525.44,650.84,0.556,542.85
A0395,2025-05-05,5.9,410.6,511.42,641.87,0.556,529.53
A0395,2025-05-06,5.9,455.51,553.14,679.47,0.556,570.69
A0395,2025-05-07,5.9,457.64,544.78,657.54,0.556,560.44
A0395,2025-05-08,5.9,496.0,606.12,748.61,0.556,625.91
A0395,2025-05-09,5.9,546.6,670.62,831.08,0.556,692.9
A0395,2025-05-10,5.9,889.28,1145.56,1477.16,0.556,1191.61
A0395,2025-05-11,5.9,614.89,785.64,1006.57,0.556,816.32
A0395,2025-05-12,5.9,849.16,1076.2,1369.97,0.556,1117.0
A0396,2025-04-29,4.4,10.08,16.19,23.31,0.556,17.18
A0396,2025-04-30,4.4,13.45,22.94,33.99,0.556,24.47
A0396,2025-05-01,4.4,9.64,16.8,25.13,0.556,17.96
A0396,2025-05-02,4.4,13.96,22.56,32.57,0.556,23.95
A0396,2025-05-03,4.4,14.14,22.93,33.17,0.556,24.35
A0396,2025-05-04,4.4,9.73,16.25,23.84,0.556,17.3
A0396,2025-05-05,4.4,10.28,17.17,25.2,0.556,18.28
A0396,2025-05-06,4.4,10.47,16.84,24.26,0.556,17.87
A0396,2025-05-07,4.4,10.71,17.05,24.43,0.556,18.07
A0396,2025-05-08,4.4,12.25,19.9,28.81,0.556,21.14
A0396,2025-05-09,4.4,13.87,22.42,32.38,0.556,23.8
A0396,2025-05-10,4.4,14.13,22.67,32.61,0.556,24.05
A0396,2025-05-11,4.4,7.9,12.7,18.28,0.556,13.47
A0396,2025-05-12,4.4,12.18,19.75,28.57,0.556,20.98
A0397,2025-04-29,394.8,18.57,27.54,39.53,0.909,39.8
A0397,2025-04-30,394.8,21.82,31.75,45.02,0.909,45.33
A0397,2025-05-01,394.8,43.32,59.74,81.67,0.909,82.17
A0397,2025-05-02,394.8,59.45,83.43,115.48,0.909,116.21
A0397,2025-05-03,394.8,58.55,82.01,113.35,0.909,114.06
A0397,2025-05-04,394.8,15.54,23.41,33.93,0.909,34.17
A0397,2025-05-05,394.8,15.66,23.1,33.05,0.909,33.27
A0397,2025-05-06,394.8,18.48,27.34,39.18,0.909,39.45
A0397,2025-05-07,394.8,19.81,28.8,40.81,0.909,41.08
A0397,2025-05-08,394.8,21.05,30.38,42.86,0.909,43.14
A0397,2025-05-09,394.8,22.87,33.36,47.37,0.909,47.69
A0397,2025-05-10,394.8,23.4,33.76,47.61,0.909,47.92
A0397,2025-05-11,394.8,15.02,22.06,31.46,0.909,31.67
A0397,2025-05-12,394.8,20.64,30.34,43.29,0.909,43.58
A0398,2025-04-29,26.9,24.97,34.94,48.34,0.909,48.65
A0398,2025-04-30,26.9,32.12,42.93,57.46,0.909,57.8
A0398,2025-05-01,26.9,20.26,30.04,43.18,0.909,43.48
A0398,2025-05-02,26.9,28.44,40.03,55.61,0.909,55.96
A0398,2025-05-03,26.9,29.35,40.42,55.3,0.909,55.64
A0398,2025-05-04,26.9,23.12,32.0,43.93,0.909,44.2
A0398,2025-05-05,26.9,25.16,35.75,49.99,0.909,50.32
A0398,2025-05-06,26.9,26.2,36.5,50.34,0.909,50.66
A0398,2025-05-07,26.9,27.15,37.42,51.23,0.909,51.54
A0398,2025-05-08,26.9,30.08,41.6,57.1,0.909,57.45
A0398,2025-05-09,26.9,31.23,43.77,60.63,0.909,61.02
A0398,2025-05-10,26.9,33.24,46.14,63.47,0.909,63.87
A0398,2025-05-11,26.9,21.82,30.76,42.78,0.909,43.05
A0398,2025-05-12,26.9,33.31,47.06,65.54,0.909,65.96
A0399,2025-04-29,386.9,0.7,7.76,20.26,0.909,20.54
A0399,2025-04-30,386.9,1.41,9.82,24.24,0.909,24.57
A0399,2025-05-01,386.9,0.87,7.43,19.52,0.909,19.79
A0399,2025-05-02,386.9,1.59,10.29,25.05,0.909,25.38
A0399,2025-05-03,386.9,1.85,10.99,26.47,0.909,26.82
A0399,2025-05-04,386.9,1.04,8.34,21.4,0.909,21.7
A0399,2025-05-05,386.9,0.62,7.9,20.47,0.909,20.76
A0399,2025-05-06,386.9,1.19,9.42,23.42,0.909,23.74
A0399,2025-05-07,386.9,1.23,9.52,23.36,0.909,23.67
A0399,2025-05-08,386.9,1.57,10.47,25.37,0.909,25.71
A0399,2025-05-09,386.9,1.93,11.4,27.18,0.909,27.54
A0399,2025-05-10,386.9,2.28,12.15,28.62,0.909,29.0
A0399,2025-05-11,386.9,0.8,8.47,21.47,0.909,21.77
A0399,2025-05-12,386.9,1.6,10.58,25.56,0.909,25.9
A0400,2025-04-29,3.0,74.0,98.22,131.46,0.556,102.83
A0400,2025-04-30,3.0,92.99,125.34,169.73,0.556,131.5
A0400,2025-05-01,3.0,69.9,91.51,121.18,0.556,95.63
A0400,2025-05-02,3.0,93.94,125.74,169.39,0.556,131.81
A0400,2025-05-03,3.0,102.47,136.63,183.52,0.556,143.15
A0400,2025-05-04,3.0,72.07,95.66,128.03,0.556,100.15
A0400,2025-05-05,3.0,72.56,95.38,126.7,0.556,99.73
A0400,2025-05-06,3.0,77.05,101.3,134.59,0.556,105.93
A0400,2025-05-07,3.0,82.19,108.57,144.79,0.556,113.6
A0400,2025-05-08,3.0,89.2,116.35,153.61,0.556,121.53
A0400,2025-05-09,3.0,95.05,126.52,169.7,0.556,132.51
A0400,2025-05-10,3.0,104.27,137.8,183.81,0.556,144.19
A0400,2025-05-11,3.0,61.89,81.24,107.81,0.556,84.93
A0400,2025-05-12,3.0,85.08,113.41,152.29,0.556,118.81
A0401,2025-04-29,386.6,24.55,35.53,51.92,0.909,52.3
A0401,2025-04-30,386.6,28.09,40.75,59.63,0.909,60.06
A0401,2025-05-01,386.6,20.64,28.6,40.47,0.909,40.74
A0401,2025-05-02,386.6,28.72,40.64,58.42,0.909,58.82
A0401,2025-05-03,386.6,28.64,41.31,60.21,0.909,60.64
A0401,2025-05-04,386.6,23.63,34.54,50.83,0.909,51.2
A0401,2025-05-05,386.6,19.52,27.05,38.28,0.909,38.54
A0401,2025-05-06,386.6,23.97,34.39,49.95,0.909,50.3
A0401,2025-05-07,386.6,24.01,34.44,50.0,0.909,50.35
A0401,2025-05-08,386.6,24.79,35.49,51.44,0.909,51.81
A0401,2025-05-09,386.6,27.38,38.71,55.63,0.909,56.01
A0401,2025-05-10,386.6,27.0,38.78,56.36,0.909,56.76
A0401,2025-05-11,386.6,19.74,28.52,41.63,0.909,41.93
A0401,2025-05-12,386.6,21.5,30.16,43.08,0.909,43.38
A0402,2025-04-29,422.3,11.11,18.77,27.93,0.909,28.14
A0402,2025-04-30,422.3,13.73,23.75,35.73,0.909,36.0
A0402,2025-05-01,422.3,9.35,17.89,28.1,0.909,28.33
A0402,2025-05-02,422.3,14.02,24.02,35.99,0.909,36.26
A0402,2025-05-03,422.3,13.92,22.37,32.47,0.909,32.7
A0402,2025-05-04,422.3,10.58,18.32,27.58,0.909,27.79
A0402,2025-05-05,422.3,11.77,21.18,32.44,0.909,32.69
A0402,2025-05-06,422.3,12.25,20.75,30.93,0.909,31.16
A0402,2025-05-07,422.3,12.24,20.14,29.59,0.909,29.8
A0402,2025-05-08,422.3,13.73,22.63,33.28,0.909,33.52
A0402,2025-05-09,422.3,14.95,25.9,38.99,0.909,39.29
A0402,2025-05-10,422.3,15.4,25.2,36.94,0.909,37.21
A0402,2025-05-11,422.3,10.0,17.18,25.77,0.909,25.96
A0402,2025-05-12,422.3,15.77,28.16,42.99,0.909,43.33
A0403,2025-04-29,5.4,17.7,26.14,37.63,0.556,27.74
A0403,2025-04-30,5.4,21.94,33.98,50.36,0.556,36.25
A0403,2025-05-01,5.4,15.59,22.48,31.85,0.556,23.78
A0403,2025-05-02,5.4,21.72,32.34,46.79,0.556,34.34
A0403,2025-05-03,5.4,22.47,33.82,49.27,0.556,35.96
A0403,2025-05-04,5.4,16.66,25.58,37.71,0.556,27.26
A0403,2025-05-05,5.4,15.51,22.46,31.91,0.556,23.77
A0403,2025-05-06,5.4,17.36,25.54,36.66,0.556,27.08
A0403,2025-05-07,5.4,17.95,27.2,39.77,0.556,28.94
A0403,2025-05-08,5.4,19.1,28.17,40.5,0.556,29.88
A0403,2025-05-09,5.4,20.95,31.43,45.68,0.556,33.41
A0403,2025-05-10,5.4,21.98,33.19,48.43,0.556,35.3
A0403,2025-05-11,5.4,14.04,21.03,30.53,0.556,22.35
A0403,2025-05-12,5.4,18.78,27.07,38.36,0.556,28.64
A0404,2025-04-29,381.8,14.36,22.02,33.17,0.909,33.42
A0404,2025-04-30,381.8,20.32,31.93,48.84,0.909,49.22
A0404,2025-05-01,381.8,11.47,19.03,30.03,0.909,30.28
A0404,2025-05-02,381.8,17.75,27.81,42.44,0.909,42.77
A0404,2025-05-03,381.8,17.53,26.0,38.34,0.909,38.62
A0404,2025-05-04,381.8,15.67,23.81,35.66,0.909,35.93
A0404,2025-05-05,381.8,15.03,24.03,37.12,0.909,37.42
A0404,2025-05-06,381.8,16.18,24.67,37.02,0.909,37.3
A0404,2025-05-07,381.8,16.68,25.84,39.16,0.909,39.46
A0404,2025-05-08,381.8,19.03,28.4,42.02,0.909,42.33
A0404,2025-05-09,381.8,19.97,30.66,46.22,0.909,46.57
A0404,2025-05-10,381.8,20.43,30.2,44.42,0.909,44.75
A0404,2025-05-11,381.8,14.03,21.55,32.48,0.909,32.73
A0404,2025-05-12,381.8,22.21,35.37,54.53,0.909,54.96
A0405,2025-04-29,3.2,55.56,77.78,105.02,0.556,81.56
A0405,2025-04-30,3.2,75.12,103.62,138.56,0.556,108.47
A0405,2025-05-01,3.2,49.01,70.28,96.35,0.556,73.9
A0405,2025-05-02,3.2,67.89,94.83,127.87,0.556,99.42
A0405,2025-05-03,3.2,73.08,100.85,134.91,0.556,105.58
A0405,2025-05-04,3.2,53.52,74.01,99.14,0.556,77.5
A0405,2025-05-05,3.2,51.62,72.56,98.23,0.556,76.12
A0405,2025-05-06,3.2,55.57,77.13,103.56,0.556,80.8
A0405,2025-05-07,3.2,58.84,80.32,106.66,0.556,83.98
A0405,2025-05-08,3.2,62.15,85.5,114.13,0.556,89.48
A0405,2025-05-09,3.2,67.84,94.62,127.45,0.556,99.18
A0405,2025-05-10,3.2,294.14,407.26,545.97,0.556,426.52
A0405,2025-05-11,3.2,203.34,267.92,347.1,0.556,278.91
A0405,2025-05-12,3.2,268.13,356.51,464.88,0.556,371.56
A0406,2025-04-29,367.5,64.46,93.48,123.59,0.909,124.27
A0406,2025-04-30,367.5,79.33,117.77,157.66,0.909,158.57
A0406,2025-05-01,367.5,21.37,34.31,47.74,0.909,48.04
A0406,2025-05-02,367.5,29.3,46.26,63.85,0.909,64.25
A0406,2025-05-03,367.5,30.67,46.82,63.58,0.909,63.96
A0406,2025-05-04,367.5,23.33,36.45,50.07,0.909,50.38
A0406,2025-05-05,367.5,24.0,37.37,51.23,0.909,51.55
A0406,2025-05-06,367.5,25.53,38.03,51.01,0.909,51.3
A0406,2025-05-07,367.5,26.04,38.26,50.94,0.909,51.23
A0406,2025-05-08,367.5,29.22,43.24,57.79,0.909,58.12
A0406,2025-05-09,367.5,31.77,48.37,65.59,0.909,65.98
A0406,2025-05-10,367.5,32.97,48.39,64.38,0.909,64.74
A0406,2025-05-11,367.5,21.12,31.27,41.8,0.909,42.04
A0406,2025-05-12,367.5,31.32,45.6,60.42,0.909,60.76
A0407,2025-04-29,7.2,68.31,91.82,117.88,0.556,95.44
A0407,2025-04-30,7.2,94.92,126.91,162.35,0.556,131.83
A0407,2025-05-01,7.2,61.65,83.31,107.31,0.556,86.64
A0407,2025-05-02,7.2,81.09,112.41,147.11,0.556,117.23
A0407,2025-05-03,7.2,86.53,117.74,152.32,0.556,122.55
A0407,2025-05-04,7.2,69.38,96.59,126.74,0.556,100.78
A0407,2025-05-05,7.2,66.6,88.17,112.07,0.556,91.49
A0407,2025-05-06,7.2,69.85,93.8,120.34,0.556,97.49
A0407,2025-05-07,7.2,70.66,95.54,123.1,0.556,99.37
A0407,2025-05-08,7.2,76.59,105.38,137.27,0.556,109.81
A0407,2025-05-09,7.2,81.37,113.24,148.55,0.556,118.15
A0407,2025-05-10,7.2,88.31,120.27,155.67,0.556,125.18
A0407,2025-05-11,7.2,55.78,78.07,102.75,0.556,81.49
A0407,2025-05-12,7.2,85.46,114.13,145.9,0.556,118.54
A0408,2025-04-29,3.4,152.94,217.85,301.48,0.556,229.46
A0408,2025-04-30,3.4,173.29,243.97,335.04,0.556,256.62
A0408,2025-05-01,3.4,83.31,115.53,157.03,0.556,121.29
A0408,2025-05-02,3.4,114.7,161.77,222.42,0.556,170.19
A0408,2025-05-03,3.4,131.07,178.77,240.22,0.556,187.3
A0408,2025-05-04,3.4,83.86,115.24,155.68,0.556,120.86
A0408,2025-05-05,3.4,85.41,117.44,158.71,0.556,123.17
A0408,2025-05-06,3.4,93.63,132.16,181.8,0.556,139.05
A0408,2025-05-07,3.4,97.3,136.53,187.08,0.556,143.55
A0408,2025-05-08,3.4,106.45,146.42,197.93,0.556,153.58
A0408,2025-05-09,3.4,117.08,164.24,225.01,0.556,172.68
A0408,2025-05-10,3.4,131.69,179.68,241.51,0.556,188.26
A0408,2025-05-11,3.4,75.04,104.43,142.3,0.556,109.69
A0408,2025-05-12,3.4,98.34,136.87,186.52,0.556,143.77
A0409,2025-04-29,25.9,21.14,30.56,42.16,0.909,42.42
A0409,2025-04-30,25.9,27.34,36.68,48.18,0.909,48.44
A0409,2025-05-01,25.9,18.4,27.14,37.9,0.909,38.14
A0409,2025-05-02,25.9,25.24,35.46,48.05,0.909,48.33
A0409,2025-05-03,25.9,25.74,35.44,47.39,0.909,47.66
A0409,2025-05-04,25.9,20.77,27.61,36.04,0.909,36.23
A0409,2025-05-05,25.9,22.46,31.28,42.15,0.909,42.4
A0409,2025-05-06,25.9,23.36,33.48,45.95,0.909,46.23
A0409,2025-05-07,25.9,23.81,33.82,46.14,0.909,46.42
A0409,2025-05-08,25.9,26.65,36.89,49.49,0.909,49.77
A0409,2025-05-09,25.9,27.96,39.03,52.65,0.909,52.96
A0409,2025-05-10,25.9,29.25,40.18,53.65,0.909,53.95
A0409,2025-05-11,25.9,19.75,27.62,37.31,0.909,37.53
A0409,2025-05-12,25.9,31.1,42.99,57.62,0.909,57.95
A0410,2025-04-29,4.3,47.14,63.83,82.09,0.556,66.37
A0410,2025-04-30,4.3,57.12,76.1,96.86,0.556,78.98
A0410,2025-05-01,4.3,42.29,56.23,71.47,0.556,58.34
A0410,2025-05-02,4.3,55.36,74.72,95.9,0.556,77.66
A0410,2025-05-03,4.3,60.04,81.92,105.85,0.556,85.24
A0410,2025-05-04,4.3,42.25,56.87,72.87,0.556,59.09
A0410,2025-05-05,4.3,10.82,18.71,27.34,0.556,19.91
A0410,2025-05-06,4.3,12.82,21.79,31.61,0.556,23.16
A0410,2025-05-07,4.3,13.91,23.17,33.28,0.556,24.57
A0410,2025-05-08,4.3,16.19,25.71,36.12,0.556,27.16
A0410,2025-05-09,4.3,30.16,45.4,62.06,0.556,47.71
A0410,2025-05-10,4.3,33.91,50.82,69.32,0.556,53.39
A0410,2025-05-11,4.3,20.94,31.59,43.24,0.556,33.21
A0410,2025-05-12,4.3,26.58,40.4,55.52,0.556,42.5
A0411,2025-04-29,355.7,13.07,20.81,29.87,0.909,30.07
A0411,2025-04-30,355.7,60.19,79.7,102.55,0.909,103.07
A0411,2025-05-01,355.7,50.92,63.16,77.49,0.909,77.81
A0411,2025-05-02,355.7,61.06,78.59,99.12,0.909,99.59
A0411,2025-05-03,355.7,61.58,81.68,105.21,0.909,105.74
A0411,2025-05-04,355.7,50.73,66.54,85.06,0.909,85.48
A0411,2025-05-05,355.7,8.05,13.67,20.25,0.909,20.4
A0411,2025-05-06,355.7,10.93,18.31,26.94,0.909,27.14
A0411,2025-05-07,355.7,10.69,18.03,26.64,0.909,26.83
A0411,2025-05-08,355.7,11.75,18.72,26.89,0.909,27.08
A0411,2025-05-09,355.7,12.23,20.31,29.78,0.909,29.99
A0411,2025-05-10,355.7,14.06,22.96,33.37,0.909,33.61
A0411,2025-05-11,355.7,9.71,15.55,22.39,0.909,22.55
A0411,2025-05-12,355.7,10.53,16.21,22.87,0.909,23.02
A0412,2025-04-29,426.6,10.75,16.38,24.11,0.909,24.29
A0412,2025-04-30,426.6,12.45,19.98,30.32,0.909,30.55
A0412,2025-05-01,426.6,9.69,14.83,21.89,0.909,22.05
A0412,2025-05-02,426.6,12.39,18.56,27.03,0.909,27.22
A0412,2025-05-03,426.6,13.19,19.02,27.03,0.909,27.21
A0412,2025-05-04,426.6,10.05,16.47,25.28,0.909,25.48
A0412,2025-05-05,426.6,7.69,11.92,17.71,0.909,17.84
A0412,2025-05-06,426.6,10.16,15.41,22.62,0.909,22.79
A0412,2025-05-07,426.6,9.84,15.37,22.97,0.909,23.15
A0412,2025-05-08,426.6,10.56,16.73,25.21,0.909,25.4
A0412,2025-05-09,426.6,11.28,17.24,25.43,0.909,25.61
A0412,2025-05-10,426.6,11.86,17.45,25.12,0.909,25.29
A0412,2025-05-11,426.6,7.97,12.73,19.27,0.909,19.42
A0412,2025-05-12,426.6,8.03,12.37,18.32,0.909,18.46
A0413,2025-04-29,312.9,18.9,28.02,39.62,0.909,39.88
A0413,2025-04-30,312.9,25.26,36.84,51.55,0.909,51.88
A0413,2025-05-01,312.9,15.94,26.93,40.9,0.909,41.22
A0413,2025-05-02,312.9,24.42,37.28,53.63,0.909,54.0
A0413,2025-05-03,312.9,23.4,33.86,47.17,0.909,47.47
A0413,2025-05-04,312.9,18.05,26.64,37.56,0.909,37.81
A0413,2025-05-05,312.9,21.84,34.06,49.6,0.909,49.95
A0413,2025-05-06,312.9,21.07,31.48,44.72,0.909,45.02
A0413,2025-05-07,312.9,22.74,33.21,46.51,0.909,46.81
A0413,2025-05-08,312.9,25.5,38.04,53.99,0.909,54.35
A0413,2025-05-09,312.9,27.02,41.29,59.42,0.909,59.83
A0413,2025-05-10,312.9,27.33,39.72,55.47,0.909,55.83
A0413,2025-05-11,312.9,17.84,26.87,38.34,0.909,38.61
A0413,2025-05-12,312.9,31.99,50.22,73.38,0.909,73.91
A0414,2025-04-29,4.5,23.48,33.69,46.12,0.556,35.42
A0414,2025-04-30,4.5,28.36,38.73,51.33,0.556,40.48
A0414,2025-05-01,4.5,19.35,28.05,38.62,0.556,29.51
A0414,2025-05-02,4.5,27.08,38.03,51.34,0.556,39.88
A0414,2025-05-03,4.5,30.97,43.88,59.57,0.556,46.06
A0414,2025-05-04,4.5,21.43,30.35,41.21,0.556,31.86
A0414,2025-05-05,4.5,19.8,29.09,40.39,0.556,30.66
A0414,2025-05-06,4.5,22.98,33.15,45.52,0.556,34.87
A0414,2025-05-07,4.5,23.62,32.77,43.88,0.556,34.31
A0414,2025-05-08,4.5,23.81,33.4,45.06,0.556,35.02
A0414,2025-05-09,4.5,26.84,37.57,50.62,0.556,39.38
A0414,2025-05-10,4.5,30.5,42.92,58.03,0.556,45.02
A0414,2025-05-11,4.5,17.78,25.75,35.43,0.556,27.09
A0414,2025-05-12,4.5,22.07,31.92,43.89,0.556,33.58
A0415,2025-04-29,216.0,14.08,20.84,29.0,0.909,29.19
A0415,2025-04-30,216.0,17.61,29.14,43.07,0.909,43.38
A0415,2025-05-01,216.0,12.74,19.2,27.0,0.909,27.18
A0415,2025-05-02,216.0,17.83,26.4,36.76,0.909,37.0
A0415,2025-05-03,216.0,18.75,27.87,38.88,0.909,39.13
A0415,2025-05-04,216.0,12.77,20.24,29.26,0.909,29.46
A0415,2025-05-05,216.0,14.21,20.77,28.7,0.909,28.88
A0415,2025-05-06,216.0,15.77,22.44,30.51,0.909,30.69
A0415,2025-05-07,216.0,16.7,25.09,35.22,0.909,35.46
A0415,2025-05-08,216.0,17.79,26.26,36.48,0.909,36.71
A0415,2025-05-09,216.0,18.29,26.99,37.49,0.909,37.73
A0415,2025-05-10,216.0,19.49,28.91,40.29,0.909,40.55
A0415,2025-05-11,216.0,12.02,17.76,24.68,0.909,24.84
A0415,2025-05-12,216.0,17.48,25.7,35.62,0.909,35.85
A0416,2025-04-29,5.5,86.7,122.71,160.61,0.556,127.97
A0416,2025-04-30,5.5,115.45,167.53,222.35,0.556,175.14
A0416,2025-05-01,5.5,81.57,120.47,161.42,0.556,126.16
A0416,2025-05-02,5.5,44.85,64.82,85.85,0.556,67.74
A0416,2025-05-03,5.5,47.53,70.01,93.67,0.556,73.3
A0416,2025-05-04,5.5,35.24,52.09,69.82,0.556,54.55
A0416,2025-05-05,5.5,38.0,54.05,70.94,0.556,56.39
A0416,2025-05-06,5.5,40.54,57.3,74.94,0.556,59.75
A0416,2025-05-07,5.5,41.08,57.73,75.25,0.556,60.16
A0416,2025-05-08,5.5,47.65,67.6,88.59,0.556,70.51
A0416,2025-05-09,5.5,50.29,70.18,91.12,0.556,73.09
A0416,2025-05-10,5.5,52.5,74.46,97.57,0.556,77.67
A0416,2025-05-11,5.5,31.53,44.47,58.1,0.556,46.37
A0416,2025-05-12,5.5,47.92,66.29,85.61,0.556,68.97
A0417,2025-04-29,5.1,15.26,23.12,31.27,0.556,24.25
A0417,2025-04-30,5.1,17.56,25.4,33.55,0.556,26.53
A0417,2025-05-01,5.1,14.25,22.51,31.09,0.556,23.7
A0417,2025-05-02,5.1,18.83,28.27,38.08,0.556,29.63
A0417,2025-05-03,5.1,20.14,30.22,40.68,0.556,31.67
A0417,2025-05-04,5.1,13.11,18.93,24.98,0.556,19.77
A0417,2025-05-05,5.1,15.01,23.52,32.36,0.556,24.75
A0417,2025-05-06,5.1,20.77,31.84,43.34,0.556,33.44
A0417,2025-05-07,5.1,19.62,30.32,41.43,0.556,31.86
A0417,2025-05-08,5.1,22.18,35.1,48.52,0.556,36.97
A0417,2025-05-09,5.1,24.13,37.01,50.4,0.556,38.87
A0417,2025-05-10,5.1,25.67,39.21,53.28,0.556,41.17
A0417,2025-05-11,5.1,10.16,16.12,22.31,0.556,16.98
A0417,2025-05-12,5.1,16.57,26.48,36.78,0.556,27.91
A0418,2025-04-29,5.2,54.31,69.08,90.32,0.556,72.03
A0418,2025-04-30,5.2,64.66,82.38,107.85,0.556,85.91
A0418,2025-05-01,5.2,50.16,67.31,91.97,0.556,70.74
A0418,2025-05-02,5.2,66.0,84.85,111.95,0.556,88.61
A0418,2025-05-03,5.2,69.09,88.45,116.29,0.556,92.32
A0418,2025-05-04,5.2,48.97,62.76,82.59,0.556,65.51
A0418,2025-05-05,5.2,54.23,69.61,91.72,0.556,72.68
A0418,2025-05-06,5.2,56.89,71.91,93.51,0.556,74.91
A0418,2025-05-07,5.2,60.18,75.76,98.17,0.556,78.87
A0418,2025-05-08,5.2,64.84,83.39,110.05,0.556,87.09
A0418,2025-05-09,5.2,67.79,86.77,114.06,0.556,90.56
A0418,2025-05-10,5.2,72.2,91.71,119.76,0.556,95.6
A0418,2025-05-11,5.2,45.85,58.44,76.55,0.556,60.96
A0418,2025-05-12,5.2,64.52,81.33,105.49,0.556,84.68
A0419,2025-04-29,2.4,89.26,117.54,152.43,0.556,122.38
A0419,2025-04-30,2.4,112.87,148.07,191.5,0.556,154.1
A0419,2025-05-01,2.4,79.97,106.88,140.07,0.556,111.49
A0419,2025-05-02,2.4,110.07,147.84,194.44,0.556,154.31
A0419,2025-05-03,2.4,118.21,158.41,208.01,0.556,165.3
A0419,2025-05-04,2.4,83.08,109.79,142.75,0.556,114.37
A0419,2025-05-05,2.4,82.87,110.4,144.36,0.556,115.12
A0419,2025-05-06,2.4,90.01,118.11,152.78,0.556,122.92
A0419,2025-05-07,2.4,91.73,122.41,160.25,0.556,127.66
A0419,2025-05-08,2.4,98.68,130.08,168.81,0.556,135.46
A0419,2025-05-09,2.4,109.62,147.12,193.39,0.556,153.55
A0419,2025-05-10,2.4,117.84,157.57,206.58,0.556,164.38
A0419,2025-05-11,2.4,69.47,93.12,122.3,0.556,97.17
A0419,2025-05-12,2.4,99.56,130.45,168.56,0.556,135.74
A0420,2025-04-29,340.2,2.87,13.17,30.51,0.909,30.9
A0420,2025-04-30,340.2,4.65,17.07,37.41,0.909,37.87
A0420,2025-05-01,340.2,1.97,11.27,27.02,0.909,27.38
A0420,2025-05-02,340.2,4.94,17.92,39.33,0.909,39.82
A0420,2025-05-03,340.2,4.97,17.99,39.53,0.909,40.02
A0420,2025-05-04,340.2,3.45,14.55,32.89,0.909,33.31
A0420,2025-05-05,340.2,4.78,17.13,37.99,0.909,38.46
A0420,2025-05-06,340.2,5.56,19.07,41.34,0.909,41.84
A0420,2025-05-07,340.2,6.13,20.3,43.04,0.909,43.56
A0420,2025-05-08,340.2,7.53,23.11,48.48,0.909,49.05
A0420,2025-05-09,340.2,8.4,25.23,52.1,0.909,52.71
A0420,2025-05-10,340.2,8.79,25.79,53.53,0.909,54.16
A0420,2025-05-11,340.2,5.25,17.93,39.05,0.909,39.53
A0420,2025-05-12,340.2,10.97,29.69,60.96,0.909,61.67
A0421,2025-04-29,157.7,11.62,17.03,23.67,0.909,23.82
A0421,2025-04-30,157.7,15.32,21.86,29.88,0.909,30.06
A0421,2025-05-01,157.7,10.74,15.45,21.22,0.909,21.35
A0421,2025-05-02,157.7,14.15,20.74,28.82,0.909,29.0
A0421,2025-05-03,157.7,14.89,21.85,30.38,0.909,30.58
A0421,2025-05-04,157.7,10.87,15.45,21.07,0.909,21.19
A0421,2025-05-05,157.7,11.46,16.78,23.32,0.909,23.47
A0421,2025-05-06,157.7,11.93,17.52,24.38,0.909,24.53
A0421,2025-05-07,157.7,12.19,17.37,23.73,0.909,23.87
A0421,2025-05-08,157.7,12.97,17.84,23.81,0.909,23.95
A0421,2025-05-09,157.7,14.02,20.34,28.09,0.909,28.26
A0421,2025-05-10,157.7,14.85,21.17,28.92,0.909,29.1
A0421,2025-05-11,157.7,9.32,13.09,17.72,0.909,17.82
A0421,2025-05-12,157.7,13.61,19.09,25.82,0.909,25.97
A0422,2025-04-29,5.8,14.0,21.67,30.81,0.556,22.94
A0422,2025-04-30,5.8,18.23,25.49,34.14,0.556,26.69
A0422,2025-05-01,5.8,13.22,21.06,30.4,0.556,22.36
A0422,2025-05-02,5.8,18.42,28.13,39.7,0.556,29.73
A0422,2025-05-03,5.8,20.13,30.5,42.86,0.556,32.21
A0422,2025-05-04,5.8,14.02,19.67,26.41,0.556,20.61
A0422,2025-05-05,5.8,13.81,21.43,30.52,0.556,22.69
A0422,2025-05-06,5.8,14.19,22.02,31.37,0.556,23.32
A0422,2025-05-07,5.8,14.36,21.7,30.45,0.556,22.92
A0422,2025-05-08,5.8,16.89,26.07,37.03,0.556,27.59
A0422,2025-05-09,5.8,18.03,27.7,39.24,0.556,29.31
A0422,2025-05-10,5.8,19.65,29.83,41.98,0.556,31.52
A0422,2025-05-11,5.8,11.19,16.97,23.87,0.556,17.93
A0422,2025-05-12,5.8,16.43,25.32,35.92,0.556,26.79
A0423,2025-04-29,5.0,54.76,78.98,109.1,0.556,83.17
A0423,2025-04-30,5.0,65.0,92.39,126.45,0.556,97.12
A0423,2025-05-01,5.0,48.56,67.34,90.69,0.556,70.58
A0423,2025-05-02,5.0,65.44,95.92,133.81,0.556,101.18
A0423,2025-05-03,5.0,67.34,99.79,140.12,0.556,105.39
A0423,2025-05-04,5.0,13.74,23.13,34.81,0.556,24.75
A0423,2025-05-05,5.0,13.58,22.03,32.54,0.556,23.49
A0423,2025-05-06,5.0,16.31,25.98,37.99,0.556,27.65
A0423,2025-05-07,5.0,18.39,28.53,41.12,0.556,30.28
A0423,2025-05-08,5.0,20.69,31.52,44.98,0.556,33.39
A0423,2025-05-09,5.0,22.13,34.61,50.14,0.556,36.77
A0423,2025-05-10,5.0,24.64,38.14,54.94,0.556,40.48
A0423,2025-05-11,5.0,15.08,23.63,34.27,0.556,25.11
A0423,2025-05-12,5.0,23.25,35.23,50.12,0.556,37.3
A0424,2025-04-29,3.0,79.3,111.83,146.48,0.556,116.64
A0424,2025-04-30,3.0,100.03,142.81,188.4,0.556,149.14
A0424,2025-05-01,3.0,72.68,100.28,129.68,0.556,104.36
A0424,2025-05-02,3.0,98.35,139.46,183.25,0.556,145.54
A0424,2025-05-03,3.0,101.95,144.53,189.9,0.556,150.83
A0424,2025-05-04,3.0,76.12,110.61,147.36,0.556,115.71
A0424,2025-05-05,3.0,73.15,104.88,138.69,0.556,109.57
A0424,2025-05-06,3.0,77.61,109.89,144.29,0.556,114.67
A0424,2025-05-07,3.0,79.59,111.25,144.98,0.556,115.94
A0424,2025-05-08,3.0,87.33,120.2,155.22,0.556,125.06
A0424,2025-05-09,3.0,98.03,139.15,182.97,0.556,145.23
A0424,2025-05-10,3.0,102.53,145.29,190.85,0.556,151.62
A0424,2025-05-11,3.0,63.17,89.84,118.27,0.556,93.79
A0424,2025-05-12,3.0,86.6,123.06,161.91,0.556,128.46
A0425,2025-04-29,6.3,80.75,107.71,144.25,0.556,112.79
A0425,2025-04-30,6.3,97.33,126.53,166.11,0.556,132.03
A0425,2025-05-01,6.3,71.71,95.7,128.23,0.556,100.22
A0425,2025-05-02,6.3,98.88,130.25,172.76,0.556,136.15
A0425,2025-05-03,6.3,99.32,132.49,177.46,0.556,138.74
A0425,2025-05-04,6.3,75.07,100.01,133.82,0.556,104.71
A0425,2025-05-05,6.3,76.55,101.02,134.18,0.556,105.62
A0425,2025-05-06,6.3,82.44,109.92,147.18,0.556,115.1
A0425,2025-05-07,6.3,84.6,111.85,148.79,0.556,116.98
A0425,2025-05-08,6.3,93.07,124.37,166.79,0.556,130.26
A0425,2025-05-09,6.3,98.39,130.25,173.44,0.556,136.25
A0425,2025-05-10,6.3,100.41,134.28,180.19,0.556,140.65
A0425,2025-05-11,6.3,66.25,90.2,122.67,0.556,94.71
A0425,2025-05-12,6.3,95.01,126.91,170.15,0.556,132.92
A0426,2025-04-29,12.0,151.79,208.05,289.94,0.909,291.8
A0426,2025-04-30,12.0,177.91,229.85,305.45,0.909,307.16
A0426,2025-05-01,12.0,132.86,181.51,252.31,0.909,253.92
A0426,2025-05-02,12.0,186.92,260.12,366.66,0.909,369.08
A0426,2025-05-03,12.0,213.93,292.92,407.9,0.909,410.52
A0426,2025-05-04,12.0,134.07,175.55,235.92,0.909,237.3
A0426,2025-05-05,12.0,134.58,184.31,256.7,0.909,258.34
A0426,2025-05-06,12.0,150.9,207.19,289.11,0.909,290.97
A0426,2025-05-07,12.0,155.51,214.49,300.33,0.909,302.28
A0426,2025-05-08,12.0,166.0,229.5,321.92,0.909,324.02
A0426,2025-05-09,12.0,188.16,261.24,367.6,0.909,370.02
A0426,2025-05-10,12.0,209.59,288.3,402.85,0.909,405.45
A0426,2025-05-11,12.0,119.01,164.98,231.9,0.909,233.42
A0426,2025-05-12,12.0,157.81,219.48,309.24,0.909,311.28
A0427,2025-04-29,326.7,14.71,21.7,30.9,0.909,31.11
A0427,2025-04-30,326.7,20.02,27.42,37.16,0.909,37.38
A0427,2025-05-01,326.7,11.41,17.78,26.17,0.909,26.36
A0427,2025-05-02,326.7,17.61,26.73,38.73,0.909,39.0
A0427,2025-05-03,326.7,17.95,25.77,36.07,0.909,36.31
A0427,2025-05-04,326.7,14.18,19.99,27.64,0.909,27.81
A0427,2025-05-05,326.7,14.77,21.7,30.82,0.909,31.03
A0427,2025-05-06,326.7,15.41,23.02,33.03,0.909,33.26
A0427,2025-05-07,326.7,15.93,22.51,31.17,0.909,31.36
A0427,2025-05-08,326.7,17.18,25.28,35.93,0.909,36.17
A0427,2025-05-09,326.7,18.42,28.25,41.18,0.909,41.47
A0427,2025-05-10,326.7,19.4,28.0,39.33,0.909,39.58
A0427,2025-05-11,326.7,12.48,18.22,25.77,0.909,25.94
A0427,2025-05-12,326.7,20.05,30.18,43.51,0.909,43.82
A0428,2025-04-29,399.1,105.95,151.76,205.64,0.909,206.86
A0428,2025-04-30,399.1,125.08,177.42,239.0,0.909,240.4
A0428,2025-05-01,399.1,90.35,122.66,160.67,0.909,161.53
A0428,2025-05-02,399.1,30.78,47.85,67.94,0.909,68.39
A0428,2025-05-03,399.1,33.01,49.18,68.2,0.909,68.63
A0428,2025-05-04,399.1,24.77,36.96,51.3,0.909,51.63
A0428,2025-05-05,399.1,24.3,35.48,48.64,0.909,48.94
A0428,2025-05-06,399.1,28.65,42.31,58.39,0.909,58.76
A0428,2025-05-07,399.1,30.11,44.3,60.99,0.909,61.37
A0428,2025-05-08,399.1,31.87,46.21,63.07,0.909,63.45
A0428,2025-05-09,399.1,35.59,52.73,72.89,0.909,73.35
A0428,2025-05-10,399.1,36.7,53.08,72.35,0.909,72.78
A0428,2025-05-11,399.1,23.5,34.69,47.85,0.909,48.15
A0428,2025-05-12,399.1,30.99,46.12,63.92,0.909,64.33
A0429,2025-04-29,399.7,123.01,167.45,233.53,0.909,235.03
A0429,2025-04-30,399.7,152.43,211.45,299.2,0.909,301.19
A0429,2025-05-01,399.7,14.2,22.68,35.28,0.909,35.57
A0429,2025-05-02,399.7,26.78,38.99,57.15,0.909,57.56
A0429,2025-05-03,399.7,28.23,40.76,59.4,0.909,59.82
A0429,2025-05-04,399.7,22.77,31.23,43.81,0.909,44.1
A0429,2025-05-05,399.7,20.45,29.55,43.09,0.909,43.4
A0429,2025-05-06,399.7,23.49,33.23,47.7,0.909,48.03
A0429,2025-05-07,399.7,26.6,38.12,55.26,0.909,55.65
A0429,2025-05-08,399.7,29.24,41.21,58.99,0.909,59.4
A0429,2025-05-09,399.7,32.03,44.93,64.11,0.909,64.55
A0429,2025-05-10,399.7,33.86,47.83,68.6,0.909,69.07
A0429,2025-05-11,399.7,20.06,28.25,40.42,0.909,40.7
A0429,2025-05-12,399.7,30.86,44.01,63.57,0.909,64.01
A0430,2025-04-29,5.8,5.6,9.77,15.62,0.556,10.58
A0430,2025-04-30,5.8,7.49,13.05,20.85,0.556,14.13
A0430,2025-05-01,5.8,5.41,9.05,14.16,0.556,9.76
A0430,2025-05-02,5.8,8.12,13.78,21.72,0.556,14.88
A0430,2025-05-03,5.8,8.16,13.88,21.9,0.556,14.99
A0430,2025-05-04,5.8,5.77,9.77,15.39,0.556,10.56
A0430,2025-05-05,5.8,5.78,9.5,14.72,0.556,10.22
A0430,2025-05-06,5.8,5.95,10.16,16.07,0.556,10.98
A0430,2025-05-07,5.8,6.03,10.42,16.58,0.556,11.28
A0430,2025-05-08,5.8,7.27,12.27,19.29,0.556,13.25
A0430,2025-05-09,5.8,7.98,13.66,21.63,0.556,14.77
A0430,2025-05-10,5.8,8.07,13.79,21.83,0.556,14.91
A0430,2025-05-11,5.8,4.71,8.03,12.68,0.556,8.67
A0430,2025-05-12,5.8,7.96,12.88,19.79,0.556,13.84
A0431,2025-04-29,179.2,16.51,24.78,36.81,0.909,37.09
A0431,2025-04-30,179.2,19.9,29.48,43.42,0.909,43.74
A0431,2025-05-01,179.2,16.06,23.09,33.32,0.909,33.55
A0431,2025-05-02,179.2,21.21,31.5,46.47,0.909,46.81
A0431,2025-05-03,179.2,21.84,32.61,48.29,0.909,48.64
A0431,2025-05-04,179.2,14.53,22.12,33.17,0.909,33.42
A0431,2025-05-05,179.2,15.32,22.44,32.79,0.909,33.03
A0431,2025-05-06,179.2,17.05,25.41,37.59,0.909,37.87
A0431,2025-05-07,179.2,16.92,25.27,37.43,0.909,37.7
A0431,2025-05-08,179.2,18.67,27.98,41.52,0.909,41.83
A0431,2025-05-09,179.2,20.52,30.81,45.77,0.909,46.11
A0431,2025-05-10,179.2,21.48,32.17,47.73,0.909,48.09
A0431,2025-05-11,179.2,12.94,19.72,29.57,0.909,29.8
A0431,2025-05-12,179.2,19.85,29.13,42.62,0.909,42.93
A0432,2025-04-29,10.2,85.4,112.99,135.56,0.909,136.07
A0432,2025-04-30,10.2,99.23,128.19,151.88,0.909,152.42
A0432,2025-05-01,10.2,87.16,119.3,145.58,0.909,146.18
A0432,2025-05-02,10.2,99.19,127.89,151.36,0.909,151.89
A0432,2025-05-03,10.2,114.24,151.63,182.21,0.909,182.91
A0432,2025-05-04,10.2,76.32,98.41,116.48,0.909,116.89
A0432,2025-05-05,10.2,84.58,112.68,135.67,0.909,136.19
A0432,2025-05-06,10.2,87.39,116.33,140.0,0.909,140.54
A0432,2025-05-07,10.2,80.94,103.49,121.94,0.909,122.36
A0432,2025-05-08,10.2,93.79,122.79,146.51,0.909,147.05
A0432,2025-05-09,10.2,96.33,123.97,146.57,0.909,147.08
A0432,2025-05-10,10.2,109.14,143.11,170.89,0.909,171.52
A0432,2025-05-11,10.2,64.61,82.76,97.61,0.909,97.95
A0432,2025-05-12,10.2,89.13,115.24,136.59,0.909,137.08
A0433,2025-04-29,7.1,32.8,45.74,59.56,0.556,47.66
A0433,2025-04-30,7.1,40.64,55.67,71.71,0.556,57.9
A0433,2025-05-01,7.1,27.59,39.47,52.16,0.556,41.24
A0433,2025-05-02,7.1,37.01,52.43,68.9,0.556,54.72
A0433,2025-05-03,7.1,39.4,55.68,73.05,0.556,58.09
A0433,2025-05-04,7.1,29.13,42.24,56.24,0.556,44.19
A0433,2025-05-05,7.1,29.22,39.79,51.08,0.556,41.36
A0433,2025-05-06,7.1,31.82,44.77,58.59,0.556,46.69
A0433,2025-05-07,7.1,33.78,47.14,61.41,0.556,49.12
A0433,2025-05-08,7.1,36.16,52.86,70.69,0.556,55.33
A0433,2025-05-09,7.1,38.02,54.13,71.34,0.556,56.52
A0433,2025-05-10,7.1,41.65,59.17,77.88,0.556,61.77
A0433,2025-05-11,7.1,25.78,37.55,50.12,0.556,39.3
A0433,2025-05-12,7.1,37.76,52.88,69.04,0.556,55.13
A0434,2025-04-29,4.8,145.99,193.53,247.57,0.556,201.04
A0434,2025-04-30,4.8,174.8,236.31,306.23,0.556,246.02
A0434,2025-05-01,4.8,132.76,178.39,230.25,0.556,185.59
A0434,2025-05-02,4.8,609.47,840.7,1103.51,0.556,877.2
A0434,2025-05-03,4.8,651.64,901.12,1184.69,0.556,940.51
A0434,2025-05-04,4.8,526.01,731.68,965.45,0.556,764.14
A0434,2025-05-05,4.8,492.82,678.43,889.4,0.556,707.73
A0434,2025-05-06,4.8,128.98,176.55,230.61,0.556,184.06
A0434,2025-05-07,4.8,134.75,183.09,238.04,0.556,190.72
A0434,2025-05-08,4.8,152.74,209.06,273.07,0.556,217.95
A0434,2025-05-09,4.8,164.82,219.63,281.92,0.556,228.28
A0434,2025-05-10,4.8,178.14,238.27,306.61,0.556,247.76
A0434,2025-05-11,4.8,111.97,151.54,196.52,0.556,157.79
A0434,2025-05-12,4.8,155.77,208.26,267.92,0.556,216.55
A0435,2025-04-29,155.3,4.91,18.61,43.27,0.909,43.83
A0435,2025-04-30,155.3,6.83,22.85,52.85,0.909,53.53
A0435,2025-05-01,155.3,3.82,15.95,38.17,0.909,38.68
A0435,2025-05-02,155.3,1.01,9.58,24.33,0.909,24.66
A0435,2025-05-03,155.3,1.71,11.25,27.59,0.909,27.96
A0435,2025-05-04,155.3,0.53,7.65,20.51,0.909,20.8
A0435,2025-05-05,155.3,0.74,8.57,22.26,0.909,22.57
A0435,2025-05-06,155.3,1.29,10.21,25.37,0.909,25.72
A0435,2025-05-07,155.3,1.65,11.11,26.98,0.909,27.34
A0435,2025-05-08,155.3,2.41,12.77,30.22,0.909,30.62
A0435,2025-05-09,155.3,3.11,14.43,33.32,0.909,33.75
A0435,2025-05-10,155.3,3.9,16.25,36.9,0.909,37.37
A0435,2025-05-11,155.3,0.95,9.45,23.74,0.909,24.06
A0435,2025-05-12,155.3,3.3,14.77,33.98,0.909,34.41
A0436,2025-04-29,194.9,6.92,23.23,50.91,0.909,51.54
A0436,2025-04-30,194.9,10.21,30.58,64.51,0.909,65.28
A0436,2025-05-01,194.9,6.84,22.81,49.72,0.909,50.33
A0436,2025-05-02,194.9,11.31,33.24,69.44,0.909,70.26
A0436,2025-05-03,194.9,12.1,35.06,72.96,0.909,73.82
A0436,2025-05-04,194.9,7.9,25.44,55.07,0.909,55.74
A0436,2025-05-05,194.9,7.94,25.62,55.43,0.909,56.11
A0436,2025-05-06,194.9,9.46,28.96,61.84,0.909,62.59
A0436,2025-05-07,194.9,10.58,31.43,65.79,0.909,66.57
A0436,2025-05-08,194.9,12.55,35.65,74.06,0.909,74.94
A0436,2025-05-09,194.9,14.16,39.38,80.86,0.909,81.8
A0436,2025-05-10,194.9,15.42,42.08,85.7,0.909,86.69
A0436,2025-05-11,194.9,7.64,24.7,53.4,0.909,54.05
A0436,2025-05-12,194.9,14.04,38.81,79.72,0.909,80.65
A0437,2025-04-29,13.7,257.13,330.75,411.53,0.909,413.37
A0437,2025-04-30,13.7,324.76,408.8,501.03,0.909,503.13
A0437,2025-05-01,13.7,148.12,207.3,272.23,0.909,273.71
A0437,2025-05-02,13.7,244.52,351.92,469.77,0.909,472.45
A0437,2025-05-03,13.7,370.2,489.95,621.37,0.909,624.36
A0437,2025-05-04,13.7,176.98,248.72,327.45,0.909,329.24
A0437,2025-05-05,13.7,174.67,235.43,302.12,0.909,303.63
A0437,2025-05-06,13.7,233.47,305.45,384.43,0.909,386.23
A0437,2025-05-07,13.7,248.53,323.84,406.49,0.909,408.37
A0437,2025-05-08,13.7,907.24,1329.2,1792.27,0.909,1802.79
A0437,2025-05-09,13.7,1027.12,1534.36,2090.99,0.909,2103.64
A0437,2025-05-10,13.7,1182.04,1725.7,2322.3,0.909,2335.86
A0437,2025-05-11,13.7,655.27,971.97,1319.52,0.909,1327.42
A0437,2025-05-12,13.7,823.96,1215.94,1646.1,0.909,1655.88
A0438,2025-04-29,429.7,46.36,63.47,83.37,0.909,83.83
A0438,2025-04-30,429.7,57.68,77.09,99.67,0.909,100.18
A0438,2025-05-01,429.7,37.47,52.69,70.38,0.909,70.78
A0438,2025-05-02,429.7,43.6,60.88,80.97,0.909,81.43
A0438,2025-05-03,429.7,43.91,61.6,82.17,0.909,82.64
A0438,2025-05-04,429.7,36.78,50.89,67.3,0.909,67.67
A0438,2025-05-05,429.7,34.76,47.77,62.89,0.909,63.23
A0438,2025-05-06,429.7,39.79,55.17,73.06,0.909,73.46
A0438,2025-05-07,429.7,40.74,57.07,76.06,0.909,76.49
A0438,2025-05-08,429.7,44.69,62.66,83.57,0.909,84.05
A0438,2025-05-09,429.7,48.87,66.25,86.47,0.909,86.93
A0438,2025-05-10,429.7,49.22,67.2,88.11,0.909,88.59
A0438,2025-05-11,429.7,33.14,46.01,60.97,0.909,61.31
A0438,2025-05-12,429.7,46.37,63.04,82.43,0.909,82.87
A0439,2025-04-29,12.5,51.99,71.54,93.75,0.909,94.25
A0439,2025-04-30,12.5,65.02,91.47,121.51,0.909,122.19
A0439,2025-05-01,12.5,46.02,60.81,77.6,0.909,77.99
A0439,2025-05-02,12.5,63.15,86.58,113.18,0.909,113.79
A0439,2025-05-03,12.5,69.62,93.96,121.6,0.909,122.23
A0439,2025-05-04,12.5,48.06,67.92,90.47,0.909,90.99
A0439,2025-05-05,12.5,46.81,62.68,80.7,0.909,81.11
A0439,2025-05-06,12.5,51.06,70.02,91.54,0.909,92.03
A0439,2025-05-07,12.5,54.29,74.82,98.13,0.909,98.66
A0439,2025-05-08,12.5,59.0,80.59,105.11,0.909,105.67
A0439,2025-05-09,12.5,63.87,87.65,114.66,0.909,115.28
A0439,2025-05-10,12.5,70.88,96.33,125.23,0.909,125.89
A0439,2025-05-11,12.5,40.87,56.71,74.69,0.909,75.1
A0439,2025-05-12,12.5,56.72,78.1,102.38,0.909,102.93
A0440,2025-04-29,163.9,15.09,22.91,30.58,0.909,30.75
A0440,2025-04-30,163.9,16.86,24.49,31.97,0.909,32.14
A0440,2025-05-01,163.9,12.43,18.95,25.34,0.909,25.49
A0440,2025-05-02,163.9,18.42,28.33,38.06,0.909,38.28
A0440,2025-05-03,163.9,19.33,29.87,40.21,0.909,40.45
A0440,2025-05-04,163.9,12.3,17.9,23.39,0.909,23.51
A0440,2025-05-05,163.9,13.45,20.15,26.72,0.909,26.87
A0440,2025-05-06,163.9,15.26,23.47,31.52,0.909,31.71
A0440,2025-05-07,163.9,14.65,21.64,28.51,0.909,28.66
A0440,2025-05-08,163.9,16.39,24.88,33.21,0.909,33.4
A0440,2025-05-09,163.9,18.29,28.06,37.65,0.909,37.87
A0440,2025-05-10,163.9,19.36,29.35,39.16,0.909,39.38
A0440,2025-05-11,163.9,11.2,16.56,21.81,0.909,21.93
A0440,2025-05-12,163.9,16.9,25.55,34.03,0.909,34.22
A0441,2025-04-29,296.5,4.53,17.36,45.59,0.909,46.23
A0441,2025-04-30,296.5,5.33,19.12,48.98,0.909,49.66
A0441,2025-05-01,296.5,3.83,15.22,41.76,0.909,42.36
A0441,2025-05-02,296.5,6.75,23.5,60.82,0.909,61.67
A0441,2025-05-03,296.5,7.63,25.52,65.18,0.909,66.08
A0441,2025-05-04,296.5,0.12,7.27,20.76,0.909,21.07
A0441,2025-05-05,296.5,1.48,9.59,25.6,0.909,25.97
A0441,2025-05-06,296.5,2.15,11.84,29.43,0.909,29.83
A0441,2025-05-07,296.5,2.83,13.49,32.36,0.909,32.78
A0441,2025-05-08,296.5,4.14,16.39,38.27,0.909,38.76
A0441,2025-05-09,296.5,5.15,18.88,42.85,0.909,43.4
A0441,2025-05-10,296.5,6.17,20.9,47.2,0.909,47.8
A0441,2025-05-11,296.5,2.75,13.28,32.01,0.909,32.44
A0441,2025-05-12,296.5,108.13,242.27,557.28,0.909,564.44
A0442,2025-04-29,6.6,103.7,136.2,174.72,0.556,141.55
A0442,2025-04-30,6.6,138.33,185.96,242.39,0.556,193.8
A0442,2025-05-01,6.6,90.2,124.52,165.18,0.556,130.17
A0442,2025-05-02,6.6,137.54,185.53,242.37,0.556,193.42
A0442,2025-05-03,6.6,145.75,196.26,256.1,0.556,204.57
A0442,2025-05-04,6.6,108.54,145.13,188.49,0.556,151.15
A0442,2025-05-05,6.6,101.44,132.1,168.42,0.556,137.14
A0442,2025-05-06,6.6,108.39,141.13,179.93,0.556,146.52
A0442,2025-05-07,6.6,116.37,150.55,191.04,0.556,156.17
A0442,2025-05-08,6.6,127.59,170.82,222.04,0.556,177.93
A0442,2025-05-09,6.6,140.42,187.43,243.12,0.556,195.16
A0442,2025-05-10,6.6,147.5,195.84,253.11,0.556,203.79
A0442,2025-05-11,6.6,89.44,116.95,149.54,0.556,121.48
A0442,2025-05-12,6.6,128.26,165.15,208.86,0.556,171.22
A0443,2025-04-29,3.2,43.5,64.82,92.34,0.556,68.65
A0443,2025-04-30,3.2,54.06,82.28,118.7,0.556,87.34
A0443,2025-05-01,3.2,41.51,59.09,81.77,0.556,62.24
A0443,2025-05-02,3.2,54.17,81.92,117.73,0.556,86.9
A0443,2025-05-03,3.2,57.65,87.67,126.42,0.556,93.06
A0443,2025-05-04,3.2,39.36,60.5,87.77,0.556,64.29
A0443,2025-05-05,3.2,40.4,59.66,84.51,0.556,63.11
A0443,2025-05-06,3.2,42.94,63.62,90.3,0.556,67.32
A0443,2025-05-07,3.2,44.31,67.75,98.0,0.556,71.95
A0443,2025-05-08,3.2,49.45,73.47,104.46,0.556,77.78
A0443,2025-05-09,3.2,53.83,81.96,118.25,0.556,87.0
A0443,2025-05-10,3.2,58.54,89.9,130.35,0.556,95.51
A0443,2025-05-11,3.2,34.1,51.99,75.06,0.556,55.19
A0443,2025-05-12,3.2,51.57,76.03,107.59,0.556,80.41
A0444,2025-04-29,152.4,13.49,22.14,33.76,0.909,34.03
A0444,2025-04-30,152.4,53.79,83.99,124.55,0.909,125.48
A0444,2025-05-01,152.4,35.05,54.33,80.23,0.909,80.82
A0444,2025-05-02,152.4,49.4,73.67,106.28,0.909,107.02
A0444,2025-05-03,152.4,50.29,73.43,104.52,0.909,105.22
A0444,2025-05-04,152.4,11.57,20.24,31.88,0.909,32.14
A0444,2025-05-05,152.4,11.22,19.41,30.42,0.909,30.67
A0444,2025-05-06,152.4,12.3,20.8,32.21,0.909,32.47
A0444,2025-05-07,152.4,13.85,22.67,34.52,0.909,34.79
A0444,2025-05-08,152.4,15.77,24.97,37.34,0.909,37.62
A0444,2025-05-09,152.4,17.41,27.49,41.04,0.909,41.35
A0444,2025-05-10,152.4,18.97,28.72,41.83,0.909,42.12
A0444,2025-05-11,152.4,11.53,18.02,26.73,0.909,26.93
A0444,2025-05-12,152.4,16.72,25.8,37.99,0.909,38.26
A0445,2025-04-29,401.0,12.1,17.88,24.58,0.909,24.73
A0445,2025-04-30,401.0,14.79,21.12,28.45,0.909,28.62
A0445,2025-05-01,401.0,9.9,14.51,19.84,0.909,19.96
A0445,2025-05-02,401.0,14.56,21.65,29.85,0.909,30.03
A0445,2025-05-03,401.0,13.95,20.93,29.0,0.909,29.19
A0445,2025-05-04,401.0,10.65,15.27,20.62,0.909,20.74
A0445,2025-05-05,401.0,11.64,16.54,22.21,0.909,22.34
A0445,2025-05-06,401.0,13.17,18.99,25.72,0.909,25.88
A0445,2025-05-07,401.0,14.14,21.21,29.38,0.909,29.57
A0445,2025-05-08,401.0,15.17,22.55,31.09,0.909,31.28
A0445,2025-05-09,401.0,15.93,23.54,32.35,0.909,32.55
A0445,2025-05-10,401.0,16.28,24.35,33.7,0.909,33.91
A0445,2025-05-11,401.0,10.87,16.09,22.14,0.909,22.27
A0445,2025-05-12,401.0,20.87,30.48,41.6,0.909,41.86
A0446,2025-04-29,430.7,15.81,24.51,35.11,0.909,35.35
A0446,2025-04-30,430.7,22.39,33.35,46.7,0.909,47.0
A0446,2025-05-01,430.7,13.83,23.73,35.8,0.909,36.07
A0446,2025-05-02,430.7,18.83,29.17,41.76,0.909,42.04
A0446,2025-05-03,430.7,19.78,28.97,40.18,0.909,40.43
A0446,2025-05-04,430.7,15.8,23.95,33.88,0.909,34.11
A0446,2025-05-05,430.7,17.1,26.71,38.42,0.909,38.69
A0446,2025-05-06,430.7,17.3,27.0,38.81,0.909,39.08
A0446,2025-05-07,430.7,18.2,27.12,37.99,0.909,38.23
A0446,2025-05-08,430.7,20.33,31.11,44.26,0.909,44.55
A0446,2025-05-09,430.7,20.6,31.64,45.11,0.909,45.42
A0446,2025-05-10,430.7,22.26,32.46,44.89,0.909,45.17
A0446,2025-05-11,430.7,14.51,22.21,31.59,0.909,31.8
A0446,2025-05-12,430.7,23.88,36.7,52.33,0.909,52.69
A0447,2025-04-29,319.2,17.45,22.55,31.33,0.909,31.53
A0447,2025-04-30,319.2,20.49,25.89,35.18,0.909,35.4
A0447,2025-05-01,319.2,13.88,19.25,28.5,0.909,28.71
A0447,2025-05-02,319.2,21.05,27.49,38.58,0.909,38.83
A0447,2025-05-03,319.2,8.48,12.32,18.95,0.909,19.1
A0447,2025-05-04,319.2,6.57,10.58,17.48,0.909,17.64
A0447,2025-05-05,319.2,8.01,12.88,21.27,0.909,21.46
A0447,2025-05-06,319.2,9.08,12.89,19.43,0.909,19.58
A0447,2025-05-07,319.2,8.88,14.22,23.41,0.909,23.62
A0447,2025-05-08,319.2,10.12,15.53,24.84,0.909,25.05
A0447,2025-05-09,319.2,10.7,16.7,27.02,0.909,27.26
A0447,2025-05-10,319.2,11.18,16.47,25.56,0.909,25.77
A0447,2025-05-11,319.2,7.29,12.14,20.47,0.909,20.66
A0447,2025-05-12,319.2,13.32,19.53,30.24,0.909,30.48
A0448,2025-04-29,6.2,233.75,297.93,383.91,0.556,309.87
A0448,2025-04-30,6.2,147.43,190.81,248.93,0.556,198.88
A0448,2025-05-01,6.2,111.19,146.05,192.77,0.556,152.54
A0448,2025-05-02,6.2,147.74,193.04,253.73,0.556,201.47
A0448,2025-05-03,6.2,154.07,206.55,276.86,0.556,216.31
A0448,2025-05-04,6.2,119.57,160.3,214.86,0.556,167.88
A0448,2025-05-05,6.2,118.65,153.09,199.23,0.556,159.5
A0448,2025-05-06,6.2,128.0,166.31,217.64,0.556,173.44
A0448,2025-05-07,6.2,131.5,167.88,216.63,0.556,174.65
A0448,2025-05-08,6.2,147.24,193.39,255.23,0.556,201.98
A0448,2025-05-09,6.2,154.55,200.42,261.86,0.556,208.95
A0448,2025-05-10,6.2,164.19,217.5,288.93,0.556,227.42
A0448,2025-05-11,6.2,107.77,143.33,190.97,0.556,149.94
A0448,2025-05-12,6.2,153.43,198.65,259.24,0.556,207.07
A0449,2025-04-29,5.8,76.76,101.92,135.33,0.556,106.56
A0449,2025-04-30,5.8,91.25,117.96,153.43,0.556,122.88
A0449,2025-05-01,5.8,70.5,95.01,127.55,0.556,99.53
A0449,2025-05-02,5.8,94.3,125.79,167.61,0.556,131.59
A0449,2025-05-03,5.8,99.76,132.91,176.95,0.556,139.03
A0449,2025-05-04,5.8,71.44,94.9,126.06,0.556,99.23
A0449,2025-05-05,5.8,72.43,93.39,121.22,0.556,97.25
A0449,2025-05-06,5.8,80.73,106.63,141.03,0.556,111.41
A0449,2025-05-07,5.8,82.65,107.58,140.7,0.556,112.18
A0449,2025-05-08,5.8,92.52,123.62,164.93,0.556,129.35
A0449,2025-05-09,5.8,96.88,128.68,170.91,0.556,134.54
A0449,2025-05-10,5.8,103.43,136.68,180.85,0.556,142.81
A0449,2025-05-11,5.8,64.72,87.2,117.06,0.556,91.35
A0449,2025-05-12,5.8,90.11,117.77,154.51,0.556,122.87
A0450,2025-04-29,381.8,17.34,26.16,38.59,0.909,38.87
A0450,2025-04-30,381.8,19.4,30.69,46.59,0.909,46.96
A0450,2025-05-01,381.8,15.87,23.63,34.55,0.909,34.79
A0450,2025-05-02,381.8,19.74,30.9,46.61,0.909,46.97
A0450,2025-05-03,381.8,20.23,32.21,49.1,0.909,49.48
A0450,2025-05-04,381.8,15.71,24.25,36.28,0.909,36.55
A0450,2025-05-05,381.8,12.43,17.87,25.53,0.909,25.7
A0450,2025-05-06,381.8,16.77,25.1,36.84,0.909,37.11
A0450,2025-05-07,381.8,15.84,23.8,35.0,0.909,35.26
A0450,2025-05-08,381.8,17.07,25.57,37.54,0.909,37.81
A0450,2025-05-09,381.8,18.12,27.95,41.8,0.909,42.12
A0450,2025-05-10,381.8,18.33,28.03,41.68,0.909,41.99
A0450,2025-05-11,381.8,12.86,18.69,26.92,0.909,27.11
A0450,2025-05-12,381.8,14.23,19.21,26.22,0.909,26.38
A0451,2025-04-29,10.2,500.33,734.45,981.33,0.909,986.94
A0451,2025-04-30,10.2,589.88,879.99,1185.92,0.909,1192.87
A0451,2025-05-01,10.2,443.39,620.24,806.73,0.909,810.97
A0451,2025-05-02,10.2,598.38,861.98,1139.95,0.909,1146.26
A0451,2025-05-03,10.2,619.61,920.25,1237.28,0.909,1244.48
A0451,2025-05-04,10.2,459.6,694.63,942.47,0.909,948.11
A0451,2025-05-05,10.2,41.38,64.19,88.23,0.909,88.78
A0451,2025-05-06,10.2,48.53,76.24,105.47,0.909,106.14
A0451,2025-05-07,10.2,59.86,90.86,123.55,0.909,124.3
A0451,2025-05-08,10.2,65.5,96.78,129.76,0.909,130.51
A0451,2025-05-09,10.2,76.07,108.62,142.95,0.909,143.73
A0451,2025-05-10,10.2,89.04,127.09,167.22,0.909,168.13
A0451,2025-05-11,10.2,49.36,74.48,100.97,0.909,101.58
A0451,2025-05-12,10.2,71.48,102.18,134.55,0.909,135.28
A0452,2025-04-29,5.8,8.11,14.85,22.62,0.556,15.93
A0452,2025-04-30,5.8,11.6,19.95,29.59,0.556,21.29
A0452,2025-05-01,5.8,7.08,11.99,17.67,0.556,12.78
A0452,2025-05-02,5.8,10.48,17.53,25.66,0.556,18.66
A0452,2025-05-03,5.8,11.72,19.34,28.12,0.556,20.56
A0452,2025-05-04,5.8,8.81,15.19,22.56,0.556,16.22
A0452,2025-05-05,5.8,7.5,12.8,18.92,0.556,13.65
A0452,2025-05-06,5.8,8.17,14.45,21.71,0.556,15.46
A0452,2025-05-07,5.8,8.51,14.94,22.37,0.556,15.97
A0452,2025-05-08,5.8,9.13,15.58,23.04,0.556,16.62
A0452,2025-05-09,5.8,10.05,17.11,25.27,0.556,18.25
A0452,2025-05-10,5.8,11.1,18.99,28.11,0.556,20.26
A0452,2025-05-11,5.8,6.51,11.51,17.29,0.556,12.31
A0452,2025-05-12,5.8,9.02,15.13,22.19,0.556,16.11
A0453,2025-04-29,334.9,1.33,9.99,24.75,0.909,25.08
A0453,2025-04-30,334.9,2.53,12.89,30.31,0.909,30.71
A0453,2025-05-01,334.9,1.32,9.53,23.74,0.909,24.07
A0453,2025-05-02,334.9,2.54,13.16,30.77,0.909,31.17
A0453,2025-05-03,334.9,2.88,13.92,32.3,0.909,32.71
A0453,2025-05-04,334.9,1.53,10.29,25.35,0.909,25.69
A0453,2025-05-05,334.9,3.46,14.1,31.46,0.909,31.85
A0453,2025-05-06,334.9,4.23,15.98,35.36,0.909,35.8
A0453,2025-05-07,334.9,4.2,15.9,34.94,0.909,35.37
A0453,2025-05-08,334.9,4.76,17.07,37.39,0.909,37.85
A0453,2025-05-09,334.9,5.64,19.22,41.6,0.909,42.11
A0453,2025-05-10,334.9,5.99,19.89,42.87,0.909,43.39
A0453,2025-05-11,334.9,0.39,8.05,21.01,0.909,21.31
A0453,2025-05-12,334.9,1.6,11.03,26.75,0.909,27.11
A0454,2025-04-29,6.3,70.18,95.53,125.87,0.556,99.75
A0454,2025-04-30,6.3,86.79,115.9,150.74,0.556,120.74
A0454,2025-05-01,6.3,61.67,82.88,108.25,0.556,86.4
A0454,2025-05-02,6.3,82.18,111.74,147.1,0.556,116.65
A0454,2025-05-03,6.3,89.99,120.02,155.95,0.556,125.01
A0454,2025-05-04,6.3,68.47,92.81,121.93,0.556,96.85
A0454,2025-05-05,6.3,65.31,87.36,113.74,0.556,91.02
A0454,2025-05-06,6.3,70.61,95.34,124.92,0.556,99.45
A0454,2025-05-07,6.3,71.81,97.29,127.77,0.556,101.52
A0454,2025-05-08,6.3,82.4,112.1,147.63,0.556,117.03
A0454,2025-05-09,6.3,84.19,114.86,151.56,0.556,119.96
A0454,2025-05-10,6.3,93.89,126.67,165.89,0.556,132.11
A0454,2025-05-11,6.3,58.68,80.35,106.29,0.556,83.96
A0454,2025-05-12,6.3,82.35,111.95,147.37,0.556,116.87
A0455,2025-04-29,326.2,10.73,16.9,24.18,0.909,24.35
A0455,2025-04-30,326.2,12.98,21.68,31.96,0.909,32.19
A0455,2025-05-01,326.2,10.16,15.25,21.26,0.909,21.4
A0455,2025-05-02,326.2,13.45,20.94,29.78,0.909,29.98
A0455,2025-05-03,326.2,12.83,20.17,28.83,0.909,29.03
A0455,2025-05-04,326.2,10.33,16.9,24.65,0.909,24.83
A0455,2025-05-05,326.2,9.82,14.58,20.21,0.909,20.34
A0455,2025-05-06,326.2,11.26,17.42,24.69,0.909,24.86
A0455,2025-05-07,326.2,11.44,17.87,25.46,0.909,25.63
A0455,2025-05-08,326.2,11.93,18.13,25.45,0.909,25.62
A0455,2025-05-09,326.2,13.17,20.26,28.64,0.909,28.83
A0455,2025-05-10,326.2,12.43,19.0,26.75,0.909,26.92
A0455,2025-05-11,326.2,8.96,13.97,19.89,0.909,20.02
A0455,2025-05-12,326.2,10.67,15.99,22.26,0.909,22.41
A0456,2025-04-29,318.3,15.03,22.41,32.45,0.909,32.68
A0456,2025-04-30,318.3,20.34,27.31,36.78,0.909,37.0
A0456,2025-05-01,318.3,11.46,20.97,33.89,0.909,34.18
A0456,2025-05-02,318.3,18.34,26.46,37.52,0.909,37.77
A0456,2025-05-03,318.3,17.9,25.98,36.96,0.909,37.2
A0456,2025-05-04,318.3,14.34,21.84,32.04,0.909,32.27
A0456,2025-05-05,318.3,14.89,27.05,43.58,0.909,43.95
A0456,2025-05-06,318.3,17.17,24.85,35.29,0.909,35.52
A0456,2025-05-07,318.3,17.31,25.95,37.68,0.909,37.95
A0456,2025-05-08,318.3,19.62,29.14,42.08,0.909,42.37
A0456,2025-05-09,318.3,20.61,29.78,42.25,0.909,42.53
A0456,2025-05-10,318.3,20.71,30.59,44.03,0.909,44.33
A0456,2025-05-11,318.3,13.35,23.05,36.23,0.909,36.53
A0456,2025-05-12,318.3,22.63,36.96,56.44,0.909,56.88
A0457,2025-04-29,5.9,21.94,33.44,49.75,0.556,35.71
A0457,2025-04-30,5.9,26.11,41.59,63.53,0.556,44.63
A0457,2025-05-01,5.9,19.11,28.75,42.43,0.556,30.65
A0457,2025-05-02,5.9,24.95,38.06,56.65,0.556,40.64
A0457,2025-05-03,5.9,27.28,41.92,62.68,0.556,44.81
A0457,2025-05-04,5.9,20.33,31.15,46.48,0.556,33.28
A0457,2025-05-05,5.9,18.84,29.25,44.01,0.556,31.3
A0457,2025-05-06,5.9,20.93,32.22,48.23,0.556,34.44
A0457,2025-05-07,5.9,21.47,33.39,50.29,0.556,35.74
A0457,2025-05-08,5.9,23.19,35.59,53.18,0.556,38.04
A0457,2025-05-09,5.9,23.82,36.94,55.55,0.556,39.53
A0457,2025-05-10,5.9,26.07,40.86,61.84,0.556,43.78
A0457,2025-05-11,5.9,16.89,25.53,37.78,0.556,27.23
A0457,2025-05-12,5.9,21.89,34.42,52.2,0.556,36.89
A0458,2025-04-29,2.7,232.88,322.39,417.57,0.556,335.61
A0458,2025-04-30,2.7,323.31,429.99,543.46,0.556,445.75
A0458,2025-05-01,2.7,204.41,277.28,354.79,0.556,288.05
A0458,2025-05-02,2.7,293.17,397.92,509.31,0.556,413.39
A0458,2025-05-03,2.7,300.79,405.14,516.12,0.556,420.56
A0458,2025-05-04,2.7,215.11,294.99,379.94,0.556,306.79
A0458,2025-05-05,2.7,243.32,317.2,395.77,0.556,328.11
A0458,2025-05-06,2.7,263.03,351.96,446.54,0.556,365.1
A0458,2025-05-07,2.7,279.65,365.74,457.29,0.556,378.45
A0458,2025-05-08,2.7,285.17,375.21,470.96,0.556,388.5
A0458,2025-05-09,2.7,314.8,419.17,530.15,0.556,434.58
A0458,2025-05-10,2.7,322.73,426.63,537.13,0.556,441.98
A0458,2025-05-11,2.7,184.51,250.72,321.12,0.556,260.5
A0458,2025-05-12,2.7,271.78,359.32,452.41,0.556,372.25
A0459,2025-04-29,212.7,7.46,13.04,19.17,0.909,19.31
A0459,2025-04-30,212.7,10.07,17.32,25.28,0.909,25.46
A0459,2025-05-01,212.7,6.63,11.02,15.83,0.909,15.94
A0459,2025-05-02,212.7,9.41,15.52,22.23,0.909,22.38
A0459,2025-05-03,212.7,9.76,16.08,23.03,0.909,23.18
A0459,2025-05-04,212.7,7.33,12.56,18.29,0.909,18.42
A0459,2025-05-05,212.7,6.52,11.23,16.4,0.909,16.52
A0459,2025-05-06,212.7,7.27,12.74,18.73,0.909,18.87
A0459,2025-05-07,212.7,7.73,13.7,20.26,0.909,20.41
A0459,2025-05-08,212.7,8.61,14.35,20.66,0.909,20.8
A0459,2025-05-09,212.7,9.31,15.5,22.31,0.909,22.46
A0459,2025-05-10,212.7,9.92,16.5,23.71,0.909,23.88
A0459,2025-05-11,212.7,5.94,10.33,15.14,0.909,15.25
A0459,2025-05-12,212.7,8.9,14.76,21.19,0.909,21.34
A0460,2025-04-29,417.7,14.27,24.48,37.76,0.909,38.06
A0460,2025-04-30,417.7,15.8,25.76,38.73,0.909,39.02
A0460,2025-05-01,417.7,13.9,22.82,34.43,0.909,34.7
A0460,2025-05-02,417.7,16.99,28.66,43.85,0.909,44.19
A0460,2025-05-03,417.7,18.92,32.19,49.47,0.909,49.86
A0460,2025-05-04,417.7,13.29,21.88,33.05,0.909,33.3
A0460,2025-05-05,417.7,12.36,20.2,30.42,0.909,30.65
A0460,2025-05-06,417.7,15.34,25.01,37.6,0.909,37.88
A0460,2025-05-07,417.7,14.68,24.1,36.38,0.909,36.65
A0460,2025-05-08,417.7,15.16,25.26,38.4,0.909,38.7
A0460,2025-05-09,417.7,16.34,27.26,41.49,0.909,41.81
A0460,2025-05-10,417.7,18.04,30.11,45.82,0.909,46.18
A0460,2025-05-11,417.7,19.23,31.2,46.77,0.909,47.13
A0460,2025-05-12,417.7,21.21,33.25,48.91,0.909,49.27
A0461,2025-04-29,3.1,190.95,249.46,335.92,0.556,261.47
A0461,2025-04-30,3.1,247.53,319.5,425.85,0.556,334.27
A0461,2025-05-01,3.1,183.4,234.26,309.42,0.556,244.7
A0461,2025-05-02,3.1,234.32,307.26,415.06,0.556,322.23
A0461,2025-05-03,3.1,248.14,324.21,436.62,0.556,339.82
A0461,2025-05-04,3.1,188.39,242.04,321.31,0.556,253.05
A0461,2025-05-05,3.1,175.72,225.13,298.15,0.556,235.27
A0461,2025-05-06,3.1,190.78,250.81,339.54,0.556,263.14
A0461,2025-05-07,3.1,196.29,250.93,331.68,0.556,262.15
A0461,2025-05-08,3.1,209.72,270.96,361.47,0.556,283.53
A0461,2025-05-09,3.1,233.78,303.92,407.57,0.556,318.32
A0461,2025-05-10,3.1,247.48,317.82,421.77,0.556,332.26
A0461,2025-05-11,3.1,152.64,194.46,256.25,0.556,203.04
A0461,2025-05-12,3.1,211.85,271.28,359.11,0.556,283.48
A0462,2025-04-29,3.1,76.44,94.28,120.71,0.556,97.95
A0462,2025-04-30,3.1,95.91,117.96,150.63,0.556,122.5
A0462,2025-05-01,3.1,64.33,81.93,108.01,0.556,85.55
A0462,2025-05-02,3.1,90.41,116.32,154.7,0.556,121.65
A0462,2025-05-03,3.1,64.83,83.65,111.53,0.556,87.52
A0462,2025-05-04,3.1,45.72,57.28,74.41,0.556,59.66
A0462,2025-05-05,3.1,43.69,55.64,73.35,0.556,58.1
A0462,2025-05-06,3.1,50.92,65.36,86.76,0.556,68.33
A0462,2025-05-07,3.1,51.36,64.9,84.96,0.556,67.68
A0462,2025-05-08,3.1,57.44,73.88,98.24,0.556,77.27
A0462,2025-05-09,3.1,66.41,85.92,114.83,0.556,89.94
A0462,2025-05-10,3.1,71.16,87.99,112.93,0.556,91.45
A0462,2025-05-11,3.1,40.13,49.57,63.57,0.556,51.52
A0462,2025-05-12,3.1,56.6,69.92,89.66,0.556,72.67
A0463,2025-04-29,146.2,3.82,15.82,35.18,0.909,35.63
A0463,2025-04-30,146.2,6.22,21.16,45.07,0.909,45.61
A0463,2025-05-01,146.2,3.92,15.49,34.45,0.909,34.88
A0463,2025-05-02,146.2,6.84,22.73,48.07,0.909,48.65
A0463,2025-05-03,146.2,7.67,24.6,51.63,0.909,52.24
A0463,2025-05-04,146.2,4.2,16.75,36.99,0.909,37.45
A0463,2025-05-05,146.2,4.48,17.37,38.17,0.909,38.64
A0463,2025-05-06,146.2,5.64,19.93,42.99,0.909,43.52
A0463,2025-05-07,146.2,6.18,21.09,44.61,0.909,45.14
A0463,2025-05-08,146.2,7.55,24.0,50.17,0.909,50.76
A0463,2025-05-09,146.2,8.77,26.82,55.4,0.909,56.05
A0463,2025-05-10,146.2,9.93,29.3,59.82,0.909,60.51
A0463,2025-05-11,146.2,4.27,16.76,36.65,0.909,37.11
A0463,2025-05-12,146.2,8.7,26.51,54.79,0.909,55.43
A0464,2025-04-29,404.5,8.01,13.5,21.56,0.909,21.74
A0464,2025-04-30,404.5,9.14,15.22,24.15,0.909,24.35
A0464,2025-05-01,404.5,6.49,11.69,19.33,0.909,19.5
A0464,2025-05-02,404.5,9.01,14.83,23.38,0.909,23.58
A0464,2025-05-03,404.5,9.48,17.43,29.11,0.909,29.37
A0464,2025-05-04,404.5,7.18,11.99,19.06,0.909,19.22
A0464,2025-05-05,404.5,5.4,9.63,15.84,0.909,15.98
A0464,2025-05-06,404.5,7.27,12.57,20.37,0.909,20.55
A0464,2025-05-07,404.5,6.88,11.61,18.57,0.909,18.73
A0464,2025-05-08,404.5,6.9,12.2,19.99,0.909,20.17
A0464,2025-05-09,404.5,7.82,12.96,20.51,0.909,20.68
A0464,2025-05-10,404.5,7.9,14.2,23.47,0.909,23.68
A0464,2025-05-11,404.5,5.45,9.12,14.51,0.909,14.63
A0464,2025-05-12,404.5,5.73,9.4,14.81,0.909,14.93
A0465,2025-04-29,5.4,13.71,21.34,30.41,0.556,22.6
A0465,2025-04-30,5.4,17.57,27.3,38.84,0.556,28.9
A0465,2025-05-01,5.4,12.41,19.5,27.91,0.556,20.67
A0465,2025-05-02,5.4,16.17,25.51,36.6,0.556,27.05
A0465,2025-05-03,5.4,17.78,29.2,42.76,0.556,31.08
A0465,2025-05-04,5.4,12.66,20.7,30.24,0.556,22.02
A0465,2025-05-05,5.4,11.86,19.44,28.44,0.556,20.69
A0465,2025-05-06,5.4,13.05,20.68,29.73,0.556,21.94
A0465,2025-05-07,5.4,13.34,20.83,29.72,0.556,22.06
A0465,2025-05-08,5.4,14.1,22.33,32.09,0.556,23.68
A0465,2025-05-09,5.4,15.2,24.39,35.3,0.556,25.9
A0465,2025-05-10,5.4,17.0,28.05,41.18,0.556,29.87
A0465,2025-05-11,5.4,10.13,16.53,24.12,0.556,17.58
A0465,2025-05-12,5.4,13.96,22.42,32.47,0.556,23.82
A0466,2025-04-29,5.2,21.41,32.72,45.64,0.556,34.52
A0466,2025-04-30,5.2,58.98,88.34,121.86,0.556,92.99
A0466,2025-05-01,5.2,40.3,63.81,90.66,0.556,67.54
A0466,2025-05-02,5.2,48.27,82.76,122.15,0.556,88.23
A0466,2025-05-03,5.2,50.38,86.14,126.99,0.556,91.82
A0466,2025-05-04,5.2,39.21,68.01,100.9,0.556,72.58
A0466,2025-05-05,5.2,35.48,59.45,86.83,0.556,63.26
A0466,2025-05-06,5.2,14.34,25.66,38.59,0.556,27.46
A0466,2025-05-07,5.2,15.23,26.71,39.82,0.556,28.53
A0466,2025-05-08,5.2,18.85,30.94,44.74,0.556,32.85
A0466,2025-05-09,5.2,20.35,34.19,49.99,0.556,36.38
A0466,2025-05-10,5.2,23.28,37.36,53.45,0.556,39.6
A0466,2025-05-11,5.2,14.17,23.62,34.41,0.556,25.12
A0466,2025-05-12,5.2,19.38,31.08,44.44,0.556,32.94
A0467,2025-04-29,410.8,12.82,19.55,27.73,0.909,27.92
A0467,2025-04-30,410.8,15.91,25.07,36.22,0.909,36.48
A0467,2025-05-01,410.8,12.9,19.5,27.54,0.909,27.72
A0467,2025-05-02,410.8,16.25,24.48,34.51,0.909,34.73
A0467,2025-05-03,410.8,15.83,24.38,34.79,0.909,35.03
A0467,2025-05-04,410.8,11.44,18.46,27.02,0.909,27.21
A0467,2025-05-05,410.8,12.49,18.9,26.72,0.909,26.89
A0467,2025-05-06,410.8,13.52,20.08,28.07,0.909,28.26
A0467,2025-05-07,410.8,13.91,21.21,30.11,0.909,30.31
A0467,2025-05-08,410.8,14.79,22.14,31.1,0.909,31.31
A0467,2025-05-09,410.8,15.69,23.91,33.92,0.909,34.14
A0467,2025-05-10,410.8,15.87,24.49,35.0,0.909,35.23
A0467,2025-05-11,410.8,10.06,15.55,22.23,0.909,22.38
A0467,2025-05-12,410.8,15.49,22.45,30.92,0.909,31.11
A0468,2025-04-29,177.9,9.78,16.35,23.82,0.909,23.99
A0468,2025-04-30,177.9,11.76,19.43,28.14,0.909,28.34
A0468,2025-05-01,177.9,9.21,15.64,22.95,0.909,23.12
A0468,2025-05-02,177.9,11.63,18.55,26.41,0.909,26.59
A0468,2025-05-03,177.9,12.7,20.82,30.04,0.909,30.25
A0468,2025-05-04,177.9,8.78,14.35,20.68,0.909,20.82
A0468,2025-05-05,177.9,8.95,14.93,21.73,0.909,21.88
A0468,2025-05-06,177.9,9.88,16.3,23.6,0.909,23.77
A0468,2025-05-07,177.9,9.76,16.17,23.46,0.909,23.62
A0468,2025-05-08,177.9,11.44,18.82,27.2,0.909,27.39
A0468,2025-05-09,177.9,11.58,18.6,26.58,0.909,26.77
A0468,2025-05-10,177.9,12.76,21.23,30.84,0.909,31.06
A0468,2025-05-11,177.9,7.65,12.4,17.79,0.909,17.91
A0468,2025-05-12,177.9,11.57,18.22,25.78,0.909,25.95
A0469,2025-04-29,347.8,5.78,10.73,15.84,0.909,15.96
A0469,2025-04-30,347.8,7.35,14.34,21.56,0.909,21.73
A0469,2025-05-01,347.8,5.02,9.18,13.47,0.909,13.57
A0469,2025-05-02,347.8,7.02,13.04,19.25,0.909,19.39
A0469,2025-05-03,347.8,7.97,14.56,21.36,0.909,21.52
A0469,2025-05-04,347.8,5.88,11.19,16.66,0.909,16.79
A0469,2025-05-05,347.8,4.35,8.48,12.74,0.909,12.84
A0469,2025-05-06,347.8,6.3,10.97,15.78,0.909,15.89
A0469,2025-05-07,347.8,6.81,12.17,17.7,0.909,17.82
A0469,2025-05-08,347.8,6.78,11.94,17.27,0.909,17.39
A0469,2025-05-09,347.8,7.22,12.89,18.76,0.909,18.89
A0469,2025-05-10,347.8,8.11,14.18,20.44,0.909,20.58
A0469,2025-05-11,347.8,5.23,9.21,13.32,0.909,13.41
A0469,2025-05-12,347.8,4.71,9.12,13.68,0.909,13.78
A0470,2025-04-29,400.2,76.05,100.61,132.46,0.909,133.18
A0470,2025-04-30,400.2,97.85,129.48,170.51,0.909,171.44
A0470,2025-05-01,400.2,67.76,92.68,125.0,0.909,125.74
A0470,2025-05-02,400.2,90.44,121.46,161.68,0.909,162.59
A0470,2025-05-03,400.2,89.15,116.98,153.08,0.909,153.9
A0470,2025-05-04,400.2,65.5,86.72,114.24,0.909,114.87
A0470,2025-05-05,400.2,77.08,104.53,140.13,0.909,140.94
A0470,2025-05-06,400.2,80.85,108.04,143.32,0.909,144.12
A0470,2025-05-07,400.2,83.48,110.53,145.61,0.909,146.4
A0470,2025-05-08,400.2,91.15,121.07,159.89,0.909,160.77
A0470,2025-05-09,400.2,129.57,174.96,233.83,0.909,235.17
A0470,2025-05-10,400.2,129.33,171.1,225.27,0.909,226.51
A0470,2025-05-11,400.2,85.84,114.21,151.0,0.909,151.84
A0470,2025-05-12,400.2,140.66,193.29,261.56,0.909,263.11
A0471,2025-04-29,179.6,3.43,7.47,11.52,0.909,11.61
A0471,2025-04-30,179.6,2.78,9.21,15.64,0.909,15.78
A0471,2025-05-01,179.6,1.81,6.68,11.55,0.909,11.66
A0471,2025-05-02,179.6,3.3,9.16,15.02,0.909,15.15
A0471,2025-05-03,179.6,3.03,9.24,15.45,0.909,15.59
A0471,2025-05-04,179.6,1.4,6.7,11.99,0.909,12.11
A0471,2025-05-05,179.6,2.34,6.29,10.24,0.909,10.33
A0471,2025-05-06,179.6,3.36,7.4,11.43,0.909,11.52
A0471,2025-05-07,179.6,2.6,7.74,12.88,0.909,13.0
A0471,2025-05-08,179.6,2.1,8.93,15.75,0.909,15.91
A0471,2025-05-09,179.6,3.22,9.21,15.19,0.909,15.32
A0471,2025-05-10,179.6,2.89,9.4,15.92,0.909,16.07
A0471,2025-05-11,179.6,1.5,5.99,10.48,0.909,10.58
A0471,2025-05-12,179.6,2.74,8.0,13.26,0.909,13.38
A0472,2025-04-29,187.7,5.26,18.63,40.16,0.909,40.65
A0472,2025-04-30,187.7,8.75,25.98,53.51,0.909,54.13
A0472,2025-05-01,187.7,4.52,16.92,36.81,0.909,37.27
A0472,2025-05-02,187.7,8.79,26.23,54.11,0.909,54.74
A0472,2025-05-03,187.7,9.67,28.13,57.74,0.909,58.42
A0472,2025-05-04,187.7,5.15,18.34,39.73,0.909,40.22
A0472,2025-05-05,187.7,6.05,20.13,42.99,0.909,43.51
A0472,2025-05-06,187.7,6.9,22.01,46.53,0.909,47.09
A0472,2025-05-07,187.7,7.6,23.49,48.78,0.909,49.36
A0472,2025-05-08,187.7,8.95,26.22,54.02,0.909,54.65
A0472,2025-05-09,187.7,10.24,29.07,59.28,0.909,59.97
A0472,2025-05-10,187.7,11.57,31.85,64.39,0.909,65.13
A0472,2025-05-11,187.7,4.97,17.78,38.51,0.909,38.98
A0472,2025-05-12,187.7,9.95,28.34,58.04,0.909,58.72
A0473,2025-04-29,314.3,44.44,57.76,75.7,0.909,76.11
A0473,2025-04-30,314.3,55.87,69.64,88.2,0.909,88.62
A0473,2025-05-01,314.3,38.62,50.63,66.81,0.909,67.17
A0473,2025-05-02,314.3,53.03,69.61,91.95,0.909,92.46
A0473,2025-05-03,314.3,52.78,67.85,88.16,0.909,88.62
A0473,2025-05-04,314.3,40.47,50.85,64.83,0.909,65.14
A0473,2025-05-05,314.3,44.11,57.47,75.49,0.909,75.89
A0473,2025-05-06,314.3,45.76,60.03,79.27,0.909,79.71
A0473,2025-05-07,314.3,47.7,62.43,82.28,0.909,82.73
A0473,2025-05-08,314.3,52.63,67.38,87.27,0.909,87.72
A0473,2025-05-09,314.3,55.97,73.54,97.22,0.909,97.75
A0473,2025-05-10,314.3,58.1,74.71,97.11,0.909,97.62
A0473,2025-05-11,314.3,38.34,50.02,65.75,0.909,66.11
A0473,2025-05-12,314.3,60.89,79.15,103.75,0.909,104.31
A0474,2025-04-29,321.3,1.01,9.15,23.64,0.909,23.97
A0474,2025-04-30,321.3,1.97,11.56,28.49,0.909,28.87
A0474,2025-05-01,321.3,1.39,9.31,23.84,0.909,24.17
A0474,2025-05-02,321.3,2.44,13.02,31.15,0.909,31.56
A0474,2025-05-03,321.3,2.97,14.15,33.46,0.909,33.9
A0474,2025-05-04,321.3,1.97,11.43,28.11,0.909,28.49
A0474,2025-05-05,321.3,1.06,9.63,24.37,0.909,24.7
A0474,2025-05-06,321.3,2.3,12.54,30.09,0.909,30.49
A0474,2025-05-07,321.3,2.42,12.8,30.09,0.909,30.49
A0474,2025-05-08,321.3,3.01,14.15,33.0,0.909,33.43
A0474,2025-05-09,321.3,3.64,15.74,36.12,0.909,36.59
A0474,2025-05-10,321.3,4.19,16.86,38.3,0.909,38.78
A0474,2025-05-11,321.3,2.1,11.89,28.43,0.909,28.8
A0474,2025-05-12,321.3,3.03,14.14,32.8,0.909,33.22
A0475,2025-04-29,10.5,353.87,494.26,674.21,0.909,678.3
A0475,2025-04-30,10.5,467.48,631.61,842.0,0.909,846.78
A0475,2025-05-01,10.5,325.48,450.21,610.08,0.909,613.71
A0475,2025-05-02,10.5,442.34,619.94,847.58,0.909,852.75
A0475,2025-05-03,10.5,502.72,688.53,926.71,0.909,932.12
A0475,2025-05-04,10.5,377.75,520.6,703.72,0.909,707.88
A0475,2025-05-05,10.5,329.36,447.82,599.67,0.909,603.12
A0475,2025-05-06,10.5,375.2,517.98,701.0,0.909,705.16
A0475,2025-05-07,10.5,361.45,493.33,662.37,0.909,666.21
A0475,2025-05-08,10.5,394.29,547.65,744.23,0.909,748.7
A0475,2025-05-09,10.5,448.95,623.65,847.59,0.909,852.68
A0475,2025-05-10,10.5,496.93,676.55,906.79,0.909,912.02
A0475,2025-05-11,10.5,405.57,557.1,751.34,0.909,755.76
A0475,2025-05-12,10.5,557.33,753.89,1005.84,0.909,1011.57
A0476,2025-04-29,3.4,39.46,91.62,172.91,0.556,102.91
A0476,2025-04-30,3.4,56.12,123.82,229.02,0.556,138.43
A0476,2025-05-01,3.4,36.88,85.09,160.64,0.556,95.58
A0476,2025-05-02,3.4,58.58,129.19,238.6,0.556,144.39
A0476,2025-05-03,3.4,63.3,138.15,255.26,0.556,154.41
A0476,2025-05-04,3.4,41.72,94.64,178.94,0.556,106.35
A0476,2025-05-05,3.4,41.44,94.15,177.54,0.556,105.73
A0476,2025-05-06,3.4,45.43,102.39,192.27,0.556,114.87
A0476,2025-05-07,3.4,49.25,109.64,203.22,0.556,122.64
A0476,2025-05-08,3.4,55.45,121.87,225.73,0.556,136.3
A0476,2025-05-09,3.4,62.11,135.69,249.71,0.556,151.53
A0476,2025-05-10,3.4,67.42,145.87,268.01,0.556,162.83
A0476,2025-05-11,3.4,33.94,79.5,151.38,0.556,89.49
A0476,2025-05-12,3.4,56.02,123.79,229.42,0.556,138.46
A0477,2025-04-29,3.6,59.33,77.15,90.1,0.556,78.95
A0477,2025-04-30,3.6,74.82,90.03,101.08,0.556,91.56
A0477,2025-05-01,3.6,54.04,68.26,78.6,0.556,69.7
A0477,2025-05-02,3.6,72.64,96.14,113.22,0.556,98.51
A0477,2025-05-03,3.6,78.79,94.92,106.65,0.556,96.55
A0477,2025-05-04,3.6,56.29,67.98,76.48,0.556,69.16
A0477,2025-05-05,3.6,58.92,73.1,83.41,0.556,74.53
A0477,2025-05-06,3.6,63.24,81.1,94.08,0.556,82.9
A0477,2025-05-07,3.6,63.65,78.39,89.11,0.556,79.88
A0477,2025-05-08,3.6,69.31,83.1,93.13,0.556,84.5
A0477,2025-05-09,3.6,75.12,98.11,114.82,0.556,100.43
A0477,2025-05-10,3.6,81.56,97.03,108.27,0.556,98.59
A0477,2025-05-11,3.6,49.83,61.17,69.41,0.556,62.31
A0477,2025-05-12,3.6,72.73,86.32,96.2,0.556,87.69
A0478,2025-04-29,434.2,30.14,43.39,57.62,0.909,57.94
A0478,2025-04-30,434.2,34.77,50.25,66.89,0.909,67.27
A0478,2025-05-01,434.2,28.06,39.93,52.69,0.909,52.98
A0478,2025-05-02,434.2,35.42,51.24,68.23,0.909,68.62
A0478,2025-05-03,434.2,35.82,51.39,68.12,0.909,68.5
A0478,2025-05-04,434.2,29.27,43.19,58.14,0.909,58.48
A0478,2025-05-05,434.2,23.96,34.02,44.82,0.909,45.07
A0478,2025-05-06,434.2,29.07,41.41,54.68,0.909,54.98
A0478,2025-05-07,434.2,28.47,41.08,54.62,0.909,54.93
A0478,2025-05-08,434.2,29.47,42.73,56.97,0.909,57.29
A0478,2025-05-09,434.2,33.12,48.36,64.73,0.909,65.1
A0478,2025-05-10,434.2,33.14,48.18,64.33,0.909,64.7
A0478,2025-05-11,434.2,23.07,34.0,45.74,0.909,46.01
A0478,2025-05-12,434.2,24.69,34.61,45.28,0.909,45.52
A0479,2025-04-29,5.1,11.79,17.81,25.49,0.556,18.88
A0479,2025-04-30,5.1,15.44,22.63,31.79,0.556,23.9
A0479,2025-05-01,5.1,10.25,15.19,21.49,0.556,16.07
A0479,2025-05-02,5.1,15.03,22.06,31.03,0.556,23.31
A0479,2025-05-03,5.1,15.4,22.85,32.34,0.556,24.16
A0479,2025-05-04,5.1,11.77,17.65,25.15,0.556,18.7
A0479,2025-05-05,5.1,10.56,15.53,21.86,0.556,16.41
A0479,2025-05-06,5.1,11.75,17.62,25.11,0.556,18.66
A0479,2025-05-07,5.1,11.89,17.92,25.61,0.556,18.99
A0479,2025-05-08,5.1,13.89,20.92,29.89,0.556,22.17
A0479,2025-05-09,5.1,14.97,22.1,31.18,0.556,23.36
A0479,2025-05-10,5.1,15.76,23.51,33.4,0.556,24.88
A0479,2025-05-11,5.1,9.35,14.42,20.9,0.556,15.32
A0479,2025-05-12,5.1,14.07,20.56,28.84,0.556,21.71
A0480,2025-04-29,200.5,4.01,15.81,34.71,0.909,35.14
A0480,2025-04-30,200.5,6.15,20.45,43.09,0.909,43.6
A0480,2025-05-01,200.5,3.86,15.04,32.89,0.909,33.3
A0480,2025-05-02,200.5,6.43,21.22,44.36,0.909,44.88
A0480,2025-05-03,200.5,7.08,22.7,47.12,0.909,47.67
A0480,2025-05-04,200.5,18.87,45.91,89.72,0.909,90.72
A0480,2025-05-05,200.5,16.3,41.32,82.23,0.909,83.16
A0480,2025-05-06,200.5,17.94,45.17,89.7,0.909,90.71
A0480,2025-05-07,200.5,18.6,46.62,92.04,0.909,93.08
A0480,2025-05-08,200.5,21.24,51.87,102.54,0.909,103.69
A0480,2025-05-09,200.5,4.96,18.33,39.7,0.909,40.18
A0480,2025-05-10,200.5,6.27,21.21,44.79,0.909,45.32
A0480,2025-05-11,200.5,2.34,12.37,28.29,0.909,28.65
A0480,2025-05-12,200.5,6.01,20.37,43.05,0.909,43.57
A0481,2025-04-29,152.7,5.59,9.82,15.66,0.909,15.8
A0481,2025-04-30,152.7,7.69,13.18,20.78,0.909,20.95
A0481,2025-05-01,152.7,4.84,8.2,12.87,0.909,12.97
A0481,2025-05-02,152.7,6.56,11.43,18.17,0.909,18.33
A0481,2025-05-03,152.7,7.75,13.07,20.44,0.909,20.61
A0481,2025-05-04,152.7,5.49,10.02,16.29,0.909,16.43
A0481,2025-05-05,152.7,5.43,8.84,13.56,0.909,13.67
A0481,2025-05-06,152.7,5.77,9.88,15.57,0.909,15.7
A0481,2025-05-07,152.7,5.71,10.17,16.36,0.909,16.5
A0481,2025-05-08,152.7,6.56,11.39,18.07,0.909,18.22
A0481,2025-05-09,152.7,6.77,11.69,18.51,0.909,18.67
A0481,2025-05-10,152.7,8.02,13.54,21.17,0.909,21.34
A0481,2025-05-11,152.7,4.64,8.4,13.6,0.909,13.72
A0481,2025-05-12,152.7,7.3,11.83,18.1,0.909,18.24
A0482,2025-04-29,340.1,17.45,24.67,33.3,0.909,33.5
A0482,2025-04-30,340.1,22.97,31.59,41.89,0.909,42.13
A0482,2025-05-01,340.1,14.67,21.02,28.62,0.909,28.79
A0482,2025-05-02,340.1,19.94,28.61,38.97,0.909,39.2
A0482,2025-05-03,340.1,21.25,29.87,40.16,0.909,40.4
A0482,2025-05-04,340.1,16.4,23.59,32.18,0.909,32.38
A0482,2025-05-05,340.1,14.85,21.23,28.85,0.909,29.02
A0482,2025-05-06,340.1,16.67,23.72,32.15,0.909,32.34
A0482,2025-05-07,340.1,17.9,25.42,34.39,0.909,34.6
A0482,2025-05-08,340.1,18.47,26.51,36.12,0.909,36.34
A0482,2025-05-09,340.1,19.74,28.44,38.83,0.909,39.07
A0482,2025-05-10,340.1,21.5,30.28,40.77,0.909,41.0
A0482,2025-05-11,340.1,13.42,19.71,27.22,0.909,27.39
A0482,2025-05-12,340.1,18.2,25.84,34.96,0.909,35.17
A0483,2025-04-29,7.1,130.6,173.73,235.97,0.556,182.37
A0483,2025-04-30,7.1,157.34,208.37,282.02,0.556,218.6
A0483,2025-05-01,7.1,118.04,157.68,214.89,0.556,165.63
A0483,2025-05-02,7.1,158.84,209.3,282.11,0.556,219.41
A0483,2025-05-03,7.1,160.42,212.83,288.46,0.556,223.34
A0483,2025-05-04,7.1,131.77,177.93,244.55,0.556,187.18
A0483,2025-05-05,7.1,116.36,151.54,202.31,0.556,158.59
A0483,2025-05-06,7.1,132.03,175.74,238.8,0.556,184.5
A0483,2025-05-07,7.1,131.81,173.41,233.45,0.556,181.75
A0483,2025-05-08,7.1,152.81,204.57,279.25,0.556,214.94
A0483,2025-05-09,7.1,161.73,213.95,289.29,0.556,224.41
A0483,2025-05-10,7.1,166.54,221.65,301.17,0.556,232.69
A0483,2025-05-11,7.1,109.81,148.1,203.36,0.556,155.78
A0483,2025-05-12,7.1,150.96,198.39,266.83,0.556,207.9
A0484,2025-04-29,2.8,351.56,475.19,654.74,0.556,500.13
A0484,2025-04-30,2.8,413.68,558.5,768.82,0.556,587.71
A0484,2025-05-01,2.8,329.59,440.15,600.72,0.556,462.45
A0484,2025-05-02,2.8,424.62,571.64,785.16,0.556,601.29
A0484,2025-05-03,2.8,430.1,583.15,805.43,0.556,614.02
A0484,2025-05-04,2.8,62.96,94.79,141.02,0.556,101.21
A0484,2025-05-05,2.8,59.78,93.69,142.93,0.556,100.52
A0484,2025-05-06,2.8,73.72,111.4,166.11,0.556,119.0
A0484,2025-05-07,2.8,83.17,119.73,172.83,0.556,127.1
A0484,2025-05-08,2.8,92.39,132.15,189.89,0.556,140.17
A0484,2025-05-09,2.8,106.68,151.58,216.78,0.556,160.64
A0484,2025-05-10,2.8,116.22,163.09,231.16,0.556,172.54
A0484,2025-05-11,2.8,64.83,92.1,131.72,0.556,97.61
A0484,2025-05-12,2.8,91.5,130.7,187.63,0.556,138.61
A0485,2025-04-29,315.1,27.18,36.84,50.07,0.909,50.37
A0485,2025-04-30,315.1,32.72,43.46,58.17,0.909,58.5
A0485,2025-05-01,315.1,22.11,29.92,40.62,0.909,40.87
A0485,2025-05-02,315.1,29.52,38.86,51.64,0.909,51.93
A0485,2025-05-03,315.1,31.86,42.85,57.89,0.909,58.23
A0485,2025-05-04,315.1,24.98,33.82,45.92,0.909,46.19
A0485,2025-05-05,315.1,20.93,27.8,37.21,0.909,37.43
A0485,2025-05-06,315.1,26.27,35.36,47.82,0.909,48.1
A0485,2025-05-07,315.1,26.65,35.1,46.66,0.909,46.92
A0485,2025-05-08,315.1,27.06,36.49,49.4,0.909,49.69
A0485,2025-05-09,315.1,28.7,37.63,49.85,0.909,50.13
A0485,2025-05-10,315.1,31.53,41.85,55.99,0.909,56.31
A0485,2025-05-11,315.1,20.62,27.44,36.79,0.909,37.01
A0485,2025-05-12,315.1,23.33,30.57,40.48,0.909,40.7
A0486,2025-04-29,175.2,14.34,21.92,32.01,0.909,32.24
A0486,2025-04-30,175.2,18.9,30.39,45.68,0.909,46.03
A0486,2025-05-01,175.2,13.56,20.99,30.86,0.909,31.09
A0486,2025-05-02,175.2,18.87,28.4,41.08,0.909,41.37
A0486,2025-05-03,175.2,20.29,31.72,46.93,0.909,47.28
A0486,2025-05-04,175.2,30.46,50.81,77.88,0.909,78.5
A0486,2025-05-05,175.2,30.84,49.7,74.78,0.909,75.35
A0486,2025-05-06,175.2,32.25,50.5,74.77,0.909,75.33
A0486,2025-05-07,175.2,33.41,52.73,78.43,0.909,79.02
A0486,2025-05-08,175.2,36.16,57.77,86.52,0.909,87.17
A0486,2025-05-09,175.2,40.99,63.65,93.79,0.909,94.47
A0486,2025-05-10,175.2,17.65,28.95,43.98,0.909,44.32
A0486,2025-05-11,175.2,10.11,16.51,25.03,0.909,25.22
A0486,2025-05-12,175.2,16.34,25.72,38.2,0.909,38.48
A0487,2025-04-29,5.5,17.56,27.0,38.62,0.556,28.62
A0487,2025-04-30,5.5,22.17,32.69,45.64,0.556,34.49
A0487,2025-05-01,5.5,16.6,24.71,34.67,0.556,26.09
A0487,2025-05-02,5.5,20.51,31.27,44.49,0.556,33.1
A0487,2025-05-03,5.5,22.13,34.25,49.14,0.556,36.32
A0487,2025-05-04,5.5,16.38,24.59,34.68,0.556,25.99
A0487,2025-05-05,5.5,16.38,24.7,34.94,0.556,26.12
A0487,2025-05-06,5.5,17.02,26.53,38.23,0.556,28.16
A0487,2025-05-07,5.5,17.35,26.41,37.56,0.556,27.96
A0487,2025-05-08,5.5,19.17,29.03,41.15,0.556,30.71
A0487,2025-05-09,5.5,19.72,30.22,43.14,0.556,32.02
A0487,2025-05-10,5.5,21.68,33.18,47.33,0.556,35.15
A0487,2025-05-11,5.5,14.11,21.33,30.22,0.556,22.57
A0487,2025-05-12,5.5,20.03,29.67,41.52,0.556,31.31
A0488,2025-04-29,436.1,22.23,32.19,45.4,0.909,45.7
A0488,2025-04-30,436.1,27.4,39.3,55.07,0.909,55.43
A0488,2025-05-01,436.1,20.82,31.15,44.83,0.909,45.14
A0488,2025-05-02,436.1,27.71,40.67,57.83,0.909,58.22
A0488,2025-05-03,436.1,28.98,41.67,58.48,0.909,58.86
A0488,2025-05-04,436.1,20.44,30.81,44.55,0.909,44.87
A0488,2025-05-05,436.1,20.82,30.97,44.41,0.909,44.71
A0488,2025-05-06,436.1,22.43,32.58,46.03,0.909,46.34
A0488,2025-05-07,436.1,22.48,32.62,46.05,0.909,46.36
A0488,2025-05-08,436.1,24.65,36.16,51.4,0.909,51.74
A0488,2025-05-09,436.1,27.25,40.0,56.9,0.909,57.29
A0488,2025-05-10,436.1,28.88,41.07,57.23,0.909,57.59
A0488,2025-05-11,436.1,17.76,26.87,38.94,0.909,39.22
A0488,2025-05-12,436.1,24.69,35.86,50.67,0.909,51.0
A0489,2025-04-29,5.7,284.14,368.73,489.62,0.556,385.52
A0489,2025-04-30,5.7,360.67,475.17,638.8,0.556,497.89
A0489,2025-05-01,5.7,250.08,331.29,447.36,0.556,347.41
A0489,2025-05-02,5.7,326.33,426.74,570.24,0.556,446.67
A0489,2025-05-03,5.7,345.52,451.02,601.79,0.556,471.96
A0489,2025-05-04,5.7,273.5,365.81,497.74,0.556,384.13
A0489,2025-05-05,5.7,175.65,243.29,339.96,0.556,256.72
A0489,2025-05-06,5.7,196.33,266.6,367.03,0.556,280.55
A0489,2025-05-07,5.7,219.37,298.22,410.91,0.556,313.87
A0489,2025-05-08,5.7,237.6,319.88,437.46,0.556,336.21
A0489,2025-05-09,5.7,252.17,337.55,459.58,0.556,354.5
A0489,2025-05-10,5.7,276.05,367.66,498.58,0.556,385.84
A0489,2025-05-11,5.7,179.48,244.88,338.33,0.556,257.86
A0489,2025-05-12,5.7,237.65,318.92,435.06,0.556,335.05
A0490,2025-04-29,6.3,70.75,93.52,119.82,0.556,97.17
A0490,2025-04-30,6.3,87.5,114.03,144.67,0.556,118.28
A0490,2025-05-01,6.3,65.98,89.93,117.61,0.556,93.78
A0490,2025-05-02,6.3,87.82,114.72,145.78,0.556,119.03
A0490,2025-05-03,6.3,88.3,117.0,150.16,0.556,121.61
A0490,2025-05-04,6.3,67.12,89.27,114.86,0.556,92.82
A0490,2025-05-05,6.3,68.57,90.67,116.2,0.556,94.22
A0490,2025-05-06,6.3,74.59,98.2,125.48,0.556,101.99
A0490,2025-05-07,6.3,76.29,97.5,121.99,0.556,100.9
A0490,2025-05-08,6.3,83.05,110.52,142.24,0.556,114.92
A0490,2025-05-09,6.3,89.51,116.64,147.98,0.556,120.99
A0490,2025-05-10,6.3,92.87,121.49,154.54,0.556,126.08
A0490,2025-05-11,6.3,58.63,77.01,98.25,0.556,79.96
A0490,2025-05-12,6.3,89.24,115.65,146.16,0.556,119.89
A0491,2025-04-29,414.7,24.95,35.24,47.55,0.909,47.83
A0491,2025-04-30,414.7,31.74,44.31,59.35,0.909,59.69
A0491,2025-05-01,414.7,21.75,30.08,40.05,0.909,40.28
A0491,2025-05-02,414.7,30.65,43.03,57.84,0.909,58.18
A0491,2025-05-03,414.7,29.82,41.66,55.84,0.909,56.16
A0491,2025-05-04,414.7,24.18,35.09,48.15,0.909,48.44
A0491,2025-05-05,414.7,22.28,30.9,41.21,0.909,41.45
A0491,2025-05-06,414.7,25.05,35.36,47.71,0.909,47.99
A0491,2025-05-07,414.7,25.75,36.32,48.96,0.909,49.25
A0491,2025-05-08,414.7,27.88,38.47,51.15,0.909,51.44
A0491,2025-05-09,414.7,30.46,42.8,57.56,0.909,57.9
A0491,2025-05-10,414.7,30.32,42.06,56.12,0.909,56.44
A0491,2025-05-11,414.7,20.15,29.53,40.76,0.909,41.02
A0491,2025-05-12,414.7,27.23,37.87,50.6,0.909,50.89
A0492,2025-04-29,411.1,16.13,24.5,37.12,0.909,37.4
A0492,2025-04-30,411.1,19.23,30.01,46.26,0.909,46.63
A0492,2025-05-01,411.1,15.88,23.82,35.8,0.909,36.07
A0492,2025-05-02,411.1,18.65,28.08,42.3,0.909,42.63
A0492,2025-05-03,411.1,16.77,28.47,46.11,0.909,46.51
A0492,2025-05-04,411.1,15.44,23.4,35.41,0.909,35.69
A0492,2025-05-05,411.1,13.92,20.74,31.02,0.909,31.25
A0492,2025-05-06,411.1,16.32,23.95,35.44,0.909,35.71
A0492,2025-05-07,411.1,16.56,24.84,37.32,0.909,37.6
A0492,2025-05-08,411.1,17.34,25.86,38.7,0.909,38.99
A0492,2025-05-09,411.1,18.01,26.61,39.57,0.909,39.86
A0492,2025-05-10,411.1,31.95,49.78,76.67,0.909,77.28
A0492,2025-05-11,411.1,24.22,34.27,49.43,0.909,49.78
A0492,2025-05-12,411.1,28.67,39.2,55.08,0.909,55.44
A0493,2025-04-29,210.2,9.01,13.79,21.62,0.909,21.8
A0493,2025-04-30,210.2,22.38,29.71,41.7,0.909,41.97
A0493,2025-05-01,210.2,14.09,21.46,33.52,0.909,33.8
A0493,2025-05-02,210.2,20.23,29.38,44.37,0.909,44.71
A0493,2025-05-03,210.2,11.05,17.16,27.15,0.909,27.38
A0493,2025-05-04,210.2,8.46,12.16,18.22,0.909,18.36
A0493,2025-05-05,210.2,7.78,12.44,20.07,0.909,20.24
A0493,2025-05-06,210.2,8.51,13.38,21.35,0.909,21.53
A0493,2025-05-07,210.2,8.85,13.35,20.72,0.909,20.89
A0493,2025-05-08,210.2,9.98,15.38,24.21,0.909,24.41
A0493,2025-05-09,210.2,10.97,16.96,26.75,0.909,26.97
A0493,2025-05-10,210.2,11.88,17.97,27.94,0.909,28.17
A0493,2025-05-11,210.2,7.24,10.82,16.66,0.909,16.8
A0493,2025-05-12,210.2,10.57,15.84,24.47,0.909,24.66
A0494,2025-04-29,3.2,43.4,64.65,91.51,0.556,68.38
A0494,2025-04-30,3.2,53.28,78.19,109.66,0.556,82.56
A0494,2025-05-01,3.2,37.73,54.95,76.7,0.556,57.97
A0494,2025-05-02,3.2,54.03,77.47,107.09,0.556,81.59
A0494,2025-05-03,3.2,56.72,83.74,117.89,0.556,88.49
A0494,2025-05-04,3.2,41.98,62.39,88.18,0.556,65.97
A0494,2025-05-05,3.2,38.89,56.41,78.56,0.556,59.49
A0494,2025-05-06,3.2,43.26,64.06,90.35,0.556,67.72
A0494,2025-05-07,3.2,44.51,64.46,89.66,0.556,67.96
A0494,2025-05-08,3.2,49.37,71.61,99.7,0.556,75.51
A0494,2025-05-09,3.2,53.78,77.5,107.48,0.556,81.67
A0494,2025-05-10,3.2,57.63,85.61,120.97,0.556,90.52
A0494,2025-05-11,3.2,35.09,51.9,73.14,0.556,54.85
A0494,2025-05-12,3.2,47.91,69.37,96.48,0.556,73.14
A0495,2025-04-29,415.9,20.58,32.01,46.74,0.909,47.07
A0495,2025-04-30,415.9,24.96,38.29,55.46,0.909,55.85
A0495,2025-05-01,415.9,18.79,28.59,41.22,0.909,41.51
A0495,2025-05-02,415.9,24.62,38.41,56.17,0.909,56.57
A0495,2025-05-03,415.9,25.53,41.3,61.6,0.909,62.06
A0495,2025-05-04,415.9,19.53,31.06,45.91,0.909,46.25
A0495,2025-05-05,415.9,16.33,24.86,35.85,0.909,36.1
A0495,2025-05-06,415.9,20.4,30.93,44.5,0.909,44.8
A0495,2025-05-07,415.9,20.76,31.3,44.87,0.909,45.18
A0495,2025-05-08,415.9,21.07,31.47,44.87,0.909,45.18
A0495,2025-05-09,415.9,23.74,36.3,52.46,0.909,52.83
A0495,2025-05-10,415.9,24.8,38.52,56.2,0.909,56.6
A0495,2025-05-11,415.9,16.31,24.96,36.11,0.909,36.37
A0495,2025-05-12,415.9,18.16,25.8,35.66,0.909,35.88
A0496,2025-04-29,11.5,28.32,38.69,50.89,0.909,51.17
A0496,2025-04-30,11.5,40.43,56.61,75.64,0.909,76.07
A0496,2025-05-01,11.5,27.38,37.75,49.96,0.909,50.23
A0496,2025-05-02,11.5,35.54,47.94,62.51,0.909,62.85
A0496,2025-05-03,11.5,39.72,55.01,73.0,0.909,73.41
A0496,2025-05-04,11.5,31.25,44.2,59.44,0.909,59.78
A0496,2025-05-05,11.5,27.03,36.82,48.33,0.909,48.59
A0496,2025-05-06,11.5,28.96,39.59,52.09,0.909,52.38
A0496,2025-05-07,11.5,29.34,40.14,52.84,0.909,53.13
A0496,2025-05-08,11.5,34.29,47.07,62.1,0.909,62.44
A0496,2025-05-09,11.5,34.96,47.24,61.69,0.909,62.02
A0496,2025-05-10,11.5,39.04,53.88,71.33,0.909,71.73
A0496,2025-05-11,11.5,23.95,33.43,44.58,0.909,44.83
A0496,2025-05-12,11.5,33.23,44.98,58.8,0.909,59.12
A0497,2025-04-29,186.5,21.97,33.5,43.48,0.909,43.7
A0497,2025-04-30,186.5,35.75,53.65,69.13,0.909,69.48
A0497,2025-05-01,186.5,25.19,39.07,51.07,0.909,51.35
A0497,2025-05-02,186.5,35.1,55.45,73.05,0.909,73.45
A0497,2025-05-03,186.5,37.49,59.16,77.91,0.909,78.34
A0497,2025-05-04,186.5,17.3,27.93,37.12,0.909,37.33
A0497,2025-05-05,186.5,18.39,28.53,37.3,0.909,37.5
A0497,2025-05-06,186.5,21.36,33.09,43.23,0.909,43.46
A0497,2025-05-07,186.5,21.66,33.49,43.73,0.909,43.96
A0497,2025-05-08,186.5,24.63,38.3,50.13,0.909,50.4
A0497,2025-05-09,186.5,26.6,41.37,54.14,0.909,54.43
A0497,2025-05-10,186.5,29.04,44.57,58.0,0.909,58.31
A0497,2025-05-11,186.5,17.56,27.41,35.93,0.909,36.12
A0497,2025-05-12,186.5,25.22,38.61,50.19,0.909,50.46
A0498,2025-04-29,3.1,105.79,149.88,202.44,0.556,157.18
A0498,2025-04-30,3.1,128.17,184.86,252.43,0.556,194.24
A0498,2025-05-01,3.1,90.32,136.5,191.54,0.556,144.14
A0498,2025-05-02,3.1,125.02,179.17,243.73,0.556,188.14
A0498,2025-05-03,3.1,129.98,193.91,270.13,0.556,204.5
A0498,2025-05-04,3.1,93.67,133.29,180.53,0.556,139.85
A0498,2025-05-05,3.1,95.24,140.49,194.44,0.556,147.99
A0498,2025-05-06,3.1,104.3,148.04,200.19,0.556,155.28
A0498,2025-05-07,3.1,106.97,153.5,208.96,0.556,161.2
A0498,2025-05-08,3.1,116.44,168.98,231.61,0.556,177.68
A0498,2025-05-09,3.1,128.0,182.15,246.69,0.556,191.11
A0498,2025-05-10,3.1,133.33,197.48,273.94,0.556,208.09
A0498,2025-05-11,3.1,79.57,112.99,152.83,0.556,118.52
A0498,2025-05-12,3.1,112.13,162.1,221.68,0.556,170.38
A0499,2025-04-29,4.9,19.67,26.08,32.98,0.556,27.04
A0499,2025-04-30,4.9,23.1,30.91,39.31,0.556,32.07
A0499,2025-05-01,4.9,17.68,22.84,28.4,0.556,23.61
A0499,2025-05-02,4.9,22.91,29.63,36.86,0.556,30.63
A0499,2025-05-03,4.9,23.69,32.91,42.84,0.556,34.29
A0499,2025-05-04,4.9,16.5,22.57,29.11,0.556,23.48
A0499,2025-05-05,4.9,17.87,23.17,28.88,0.556,23.96
A0499,2025-05-06,4.9,19.75,25.73,32.17,0.556,26.63
A0499,2025-05-07,4.9,19.02,25.87,33.24,0.556,26.89
A0499,2025-05-08,4.9,21.02,27.79,35.09,0.556,28.81
A0499,2025-05-09,4.9,22.57,29.05,36.03,0.556,30.02
A0499,2025-05-10,4.9,23.55,32.52,42.18,0.556,33.86
A0499,2025-05-11,4.9,14.67,19.8,25.31,0.556,20.56
A0499,2025-05-12,4.9,21.06,27.08,33.56,0.556,27.98
A0500,2025-04-29,5.9,44.09,59.66,80.47,0.556,62.55
A0500,2025-04-30,5.9,52.05,68.58,90.69,0.556,71.65
A0500,2025-05-01,5.9,43.29,60.38,83.24,0.556,63.56
A0500,2025-05-02,5.9,53.14,71.08,95.05,0.556,74.41
A0500,2025-05-03,5.9,55.42,74.4,99.77,0.556,77.92
A0500,2025-05-04,5.9,43.21,57.77,77.24,0.556,60.47
A0500,2025-05-05,5.9,44.7,61.96,85.04,0.556,65.17
A0500,2025-05-06,5.9,44.85,60.77,82.06,0.556,63.73
A0500,2025-05-07,5.9,44.51,58.98,78.34,0.556,61.67
A0500,2025-05-08,5.9,53.22,72.2,97.59,0.556,75.73
A0500,2025-05-09,5.9,53.59,71.66,95.81,0.556,75.01
A0500,2025-05-10,5.9,56.65,75.69,101.15,0.556,79.22
A0500,2025-05-11,5.9,37.4,50.69,68.45,0.556,53.15
A0500,2025-05-12,5.9,54.45,73.9,99.91,0.556,77.51
A0501,2025-04-29,194.9,12.6,20.08,28.21,0.909,28.39
A0501,2025-04-30,194.9,16.11,23.48,31.5,0.909,31.68
A0501,2025-05-01,194.9,11.37,18.24,25.71,0.909,25.88
A0501,2025-05-02,194.9,15.09,24.48,34.67,0.909,34.91
A0501,2025-05-03,194.9,15.38,23.51,32.34,0.909,32.55
A0501,2025-05-04,194.9,11.52,17.11,23.19,0.909,23.33
A0501,2025-05-05,194.9,10.52,16.86,23.75,0.909,23.9
A0501,2025-05-06,194.9,12.21,19.9,28.27,0.909,28.46
A0501,2025-05-07,194.9,12.51,19.36,26.8,0.909,26.97
A0501,2025-05-08,194.9,14.05,21.83,30.3,0.909,30.49
A0501,2025-05-09,194.9,15.15,24.26,34.16,0.909,34.39
A0501,2025-05-10,194.9,15.57,23.25,31.6,0.909,31.79
A0501,2025-05-11,194.9,9.42,14.71,20.47,0.909,20.6
A0501,2025-05-12,194.9,13.56,20.95,29.0,0.909,29.18
A0502,2025-04-29,154.9,10.31,18.33,27.3,0.909,27.51
A0502,2025-04-30,154.9,12.63,21.99,32.45,0.909,32.69
A0502,2025-05-01,154.9,10.95,19.43,28.91,0.909,29.13
A0502,2025-05-02,154.9,12.8,22.66,33.69,0.909,33.94
A0502,2025-05-03,154.9,12.91,23.03,34.36,0.909,34.61
A0502,2025-05-04,154.9,28.85,46.22,65.65,0.909,66.09
A0502,2025-05-05,154.9,28.31,51.09,76.58,0.909,77.16
A0502,2025-05-06,154.9,29.47,51.37,75.86,0.909,76.42
A0502,2025-05-07,154.9,7.89,16.16,25.41,0.909,25.62
A0502,2025-05-08,154.9,9.8,18.55,28.32,0.909,28.55
A0502,2025-05-09,154.9,10.79,20.52,31.41,0.909,31.66
A0502,2025-05-10,154.9,11.45,21.18,32.05,0.909,32.3
A0502,2025-05-11,154.9,7.56,13.55,20.25,0.909,20.4
A0502,2025-05-12,154.9,11.13,20.06,30.05,0.909,30.28
A0503,2025-04-29,413.7,16.14,22.82,31.17,0.909,31.36
A0503,2025-04-30,413.7,34.17,46.84,62.69,0.909,63.05
A0503,2025-05-01,413.7,23.01,33.19,45.91,0.909,46.2
A0503,2025-05-02,413.7,31.9,46.43,64.61,0.909,65.02
A0503,2025-05-03,413.7,31.06,45.43,63.42,0.909,63.83
A0503,2025-05-04,413.7,13.33,19.22,26.58,0.909,26.75
A0503,2025-05-05,413.7,12.78,18.85,26.44,0.909,26.62
A0503,2025-05-06,413.7,15.03,21.79,30.26,0.909,30.45
A0503,2025-05-07,413.7,15.4,22.11,30.5,0.909,30.69
A0503,2025-05-08,413.7,17.32,25.13,34.9,0.909,35.12
A0503,2025-05-09,413.7,19.18,27.29,37.43,0.909,37.66
A0503,2025-05-10,413.7,19.11,26.99,36.84,0.909,37.06
A0503,2025-05-11,413.7,12.56,18.15,25.13,0.909,25.29
A0503,2025-05-12,413.7,17.99,25.98,35.97,0.909,36.2
A0504,2025-04-29,5.4,10.68,16.97,24.65,0.556,18.03
A0504,2025-04-30,5.4,13.77,19.73,27.02,0.556,20.74
A0504,2025-05-01,5.4,9.98,16.2,23.8,0.556,17.26
A0504,2025-05-02,5.4,13.45,21.18,30.61,0.556,22.49
A0504,2025-05-03,5.4,15.22,23.82,34.33,0.556,25.28
A0504,2025-05-04,5.4,10.79,15.54,21.34,0.556,16.35
A0504,2025-05-05,5.4,10.66,16.74,24.18,0.556,17.77
A0504,2025-05-06,5.4,10.8,17.09,24.78,0.556,18.16
A0504,2025-05-07,5.4,11.1,17.25,24.77,0.556,18.3
A0504,2025-05-08,5.4,11.86,18.57,26.78,0.556,19.71
A0504,2025-05-09,5.4,12.57,20.01,29.09,0.556,21.27
A0504,2025-05-10,5.4,14.09,22.05,31.78,0.556,23.4
A0504,2025-05-11,5.4,8.61,13.43,19.33,0.556,14.25
A0504,2025-05-12,5.4,12.21,18.46,26.1,0.556,19.52
A0505,2025-04-29,158.5,14.32,22.97,33.01,0.909,33.23
A0505,2025-04-30,158.5,19.46,32.21,47.01,0.909,47.34
A0505,2025-05-01,158.5,13.71,22.71,33.15,0.909,33.38
A0505,2025-05-02,158.5,18.18,28.23,39.89,0.909,40.16
A0505,2025-05-03,158.5,20.06,30.78,43.22,0.909,43.5
A0505,2025-05-04,158.5,14.39,23.88,34.89,0.909,35.14
A0505,2025-05-05,158.5,13.93,22.8,33.09,0.909,33.32
A0505,2025-05-06,158.5,14.44,22.97,32.87,0.909,33.09
A0505,2025-05-07,158.5,15.54,24.81,35.57,0.909,35.82
A0505,2025-05-08,158.5,16.94,26.94,38.54,0.909,38.8
A0505,2025-05-09,158.5,17.93,28.15,40.01,0.909,40.28
A0505,2025-05-10,158.5,19.63,30.81,43.78,0.909,44.07
A0505,2025-05-11,158.5,11.55,18.85,27.31,0.909,27.5
A0505,2025-05-12,158.5,15.99,25.7,36.96,0.909,37.21
A0506,2025-04-29,11.3,37.67,50.81,69.11,0.909,69.53
A0506,2025-04-30,11.3,48.31,65.25,88.84,0.909,89.38
A0506,2025-05-01,11.3,36.21,49.06,66.95,0.909,67.36
A0506,2025-05-02,11.3,47.03,62.92,85.04,0.909,85.54
A0506,2025-05-03,11.3,50.2,67.95,92.66,0.909,93.22
A0506,2025-05-04,11.3,39.47,54.74,76.02,0.909,76.5
A0506,2025-05-05,11.3,37.62,50.26,67.85,0.909,68.25
A0506,2025-05-06,11.3,39.5,52.92,71.61,0.909,72.03
A0506,2025-05-07,11.3,38.76,50.3,66.37,0.909,66.73
A0506,2025-05-08,11.3,43.21,57.13,76.52,0.909,76.96
A0506,2025-05-09,11.3,47.13,62.8,84.62,0.909,85.11
A0506,2025-05-10,11.3,50.12,67.23,91.05,0.909,91.59
A0506,2025-05-11,11.3,32.18,43.18,58.49,0.909,58.83
A0506,2025-05-12,11.3,44.7,58.41,77.49,0.909,77.92
A0507,2025-04-29,3.4,117.41,156.22,208.66,0.556,163.51
A0507,2025-04-30,3.4,144.21,193.1,259.15,0.556,202.27
A0507,2025-05-01,3.4,107.86,145.56,196.5,0.556,152.64
A0507,2025-05-02,3.4,142.4,191.55,257.96,0.556,200.78
A0507,2025-05-03,3.4,152.58,206.83,280.11,0.556,217.01
A0507,2025-05-04,3.4,106.08,143.93,195.06,0.556,151.03
A0507,2025-05-05,3.4,106.12,146.59,201.25,0.556,154.18
A0507,2025-05-06,3.4,110.86,150.1,203.12,0.556,157.46
A0507,2025-05-07,3.4,114.52,153.69,206.61,0.556,161.04
A0507,2025-05-08,3.4,121.23,162.59,218.46,0.556,170.35
A0507,2025-05-09,3.4,135.94,184.56,250.23,0.556,193.68
A0507,2025-05-10,3.4,148.25,201.02,272.32,0.556,210.93
A0507,2025-05-11,3.4,87.61,119.11,161.67,0.556,125.02
A0507,2025-05-12,3.4,124.52,168.29,227.43,0.556,176.51
A0508,2025-04-29,2.9,33.42,49.81,69.95,0.556,52.61
A0508,2025-04-30,2.9,40.85,62.69,89.52,0.556,66.41
A0508,2025-05-01,2.9,32.7,49.0,69.01,0.556,51.78
A0508,2025-05-02,2.9,40.87,61.66,87.21,0.556,65.21
A0508,2025-05-03,2.9,46.23,68.22,95.23,0.556,71.97
A0508,2025-05-04,2.9,31.07,47.06,66.7,0.556,49.79
A0508,2025-05-05,2.9,32.2,49.72,71.23,0.556,52.7
A0508,2025-05-06,2.9,34.5,51.3,71.95,0.556,54.17
A0508,2025-05-07,2.9,33.74,51.63,73.62,0.556,54.69
A0508,2025-05-08,2.9,37.47,55.63,77.94,0.556,58.73
A0508,2025-05-09,2.9,40.35,60.73,85.78,0.556,64.21
A0508,2025-05-10,2.9,44.63,65.46,91.05,0.556,69.01
A0508,2025-05-11,2.9,26.58,40.33,57.23,0.556,42.68
A0508,2025-05-12,2.9,35.93,55.03,78.5,0.556,58.29
A0509,2025-04-29,415.7,13.76,20.07,29.02,0.909,29.22
A0509,2025-04-30,415.7,19.74,28.75,41.53,0.909,41.82
A0509,2025-05-01,415.7,16.13,24.06,35.31,0.909,35.57
A0509,2025-05-02,415.7,22.41,31.67,44.79,0.909,45.09
A0509,2025-05-03,415.7,22.79,32.0,45.06,0.909,45.36
A0509,2025-05-04,415.7,18.45,27.27,39.78,0.909,40.07
A0509,2025-05-05,415.7,11.73,18.99,29.29,0.909,29.53
A0509,2025-05-06,415.7,12.34,18.55,27.35,0.909,27.55
A0509,2025-05-07,415.7,13.77,20.18,29.25,0.909,29.46
A0509,2025-05-08,415.7,14.78,21.86,31.89,0.909,32.12
A0509,2025-05-09,415.7,15.89,23.09,33.29,0.909,33.53
A0509,2025-05-10,415.7,17.04,24.29,34.57,0.909,34.81
A0509,2025-05-11,415.7,11.08,16.12,23.27,0.909,23.43
A0509,2025-05-12,415.7,15.89,24.01,35.52,0.909,35.78
A0510,2025-04-29,6.7,550.82,731.26,928.68,0.556,758.68
A0510,2025-04-30,6.7,553.96,748.88,962.14,0.556,778.5
A0510,2025-05-01,6.7,359.95,491.84,636.14,0.556,511.88
A0510,2025-05-02,6.7,523.1,704.33,902.6,0.556,731.86
A0510,2025-05-03,6.7,556.7,741.1,942.85,0.556,769.12
A0510,2025-05-04,6.7,436.91,601.41,781.37,0.556,626.4
A0510,2025-05-05,6.7,394.52,532.18,682.77,0.556,553.09
A0510,2025-05-06,6.7,439.38,577.82,729.29,0.556,598.86
A0510,2025-05-07,6.7,467.18,616.28,779.41,0.556,638.94
A0510,2025-05-08,6.7,486.44,643.77,815.89,0.556,667.67
A0510,2025-05-09,6.7,544.63,725.48,923.33,0.556,752.96
A0510,2025-05-10,6.7,575.63,758.48,958.53,0.556,786.27
A0510,2025-05-11,6.7,365.42,492.77,632.1,0.556,512.12
A0510,2025-05-12,6.7,719.27,992.0,1290.39,0.556,1033.45
A0511,2025-04-29,437.0,35.23,49.65,71.88,0.909,72.38
A0511,2025-04-30,437.0,44.72,62.85,90.77,0.909,91.41
A0511,2025-05-01,437.0,30.79,44.46,65.53,0.909,66.01
A0511,2025-05-02,437.0,41.03,56.47,80.26,0.909,80.8
A0511,2025-05-03,437.0,39.5,54.14,76.69,0.909,77.2
A0511,2025-05-04,437.0,31.67,43.89,62.7,0.909,63.13
A0511,2025-05-05,437.0,37.63,54.45,80.36,0.909,80.95
A0511,2025-05-06,437.0,37.42,52.77,76.41,0.909,76.95
A0511,2025-05-07,437.0,39.99,57.84,85.34,0.909,85.96
A0511,2025-05-08,437.0,42.75,60.97,89.05,0.909,89.69
A0511,2025-05-09,437.0,44.54,62.1,89.17,0.909,89.78
A0511,2025-05-10,437.0,45.41,64.37,93.57,0.909,94.23
A0511,2025-05-11,437.0,31.07,44.43,65.01,0.909,65.48
A0511,2025-05-12,437.0,53.49,80.45,121.99,0.909,122.93
A0512,2025-04-29,349.1,20.98,30.95,42.7,0.909,42.97
A0512,2025-04-30,349.1,24.97,38.2,53.79,0.909,54.14
A0512,2025-05-01,349.1,16.5,23.42,31.56,0.909,31.74
A0512,2025-05-02,349.1,24.29,35.07,47.76,0.909,48.05
A0512,2025-05-03,349.1,24.9,37.03,51.33,0.909,51.65
A0512,2025-05-04,349.1,19.65,29.75,41.64,0.909,41.91
A0512,2025-05-05,349.1,15.71,21.6,28.54,0.909,28.69
A0512,2025-05-06,349.1,19.95,28.82,39.27,0.909,39.51
A0512,2025-05-07,349.1,22.28,31.23,41.78,0.909,42.02
A0512,2025-05-08,349.1,23.06,31.65,41.76,0.909,41.99
A0512,2025-05-09,349.1,23.78,33.48,44.9,0.909,45.16
A0512,2025-05-10,349.1,25.84,36.26,48.53,0.909,48.81
A0512,2025-05-11,349.1,17.53,24.02,31.65,0.909,31.82
A0512,2025-05-12,349.1,17.58,23.31,30.07,0.909,30.23
A0513,2025-04-29,435.6,22.38,40.5,63.1,0.909,63.61
A0513,2025-04-30,435.6,29.94,50.09,75.23,0.909,75.81
A0513,2025-05-01,435.6,21.18,37.31,57.42,0.909,57.88
A0513,2025-05-02,435.6,29.85,50.02,75.19,0.909,75.77
A0513,2025-05-03,435.6,33.1,56.4,85.47,0.909,86.13
A0513,2025-05-04,435.6,24.96,41.63,62.43,0.909,62.91
A0513,2025-05-05,435.6,22.71,39.95,61.46,0.909,61.95
A0513,2025-05-06,435.6,24.37,43.03,66.32,0.909,66.85
A0513,2025-05-07,435.6,25.05,41.89,62.9,0.909,63.38
A0513,2025-05-08,435.6,27.28,46.63,70.78,0.909,71.33
A0513,2025-05-09,435.6,30.13,50.1,75.01,0.909,75.58
A0513,2025-05-10,435.6,33.59,56.19,84.4,0.909,85.04
A0513,2025-05-11,435.6,19.63,34.01,51.95,0.909,52.35
A0513,2025-05-12,435.6,25.34,46.45,72.79,0.909,73.39
A0514,2025-04-29,348.1,17.75,29.51,44.67,0.909,45.01
A0514,2025-04-30,348.1,30.75,50.48,75.87,0.909,76.45
A0514,2025-05-01,348.1,19.01,29.16,42.22,0.909,42.52
A0514,2025-05-02,348.1,30.03,46.44,67.56,0.909,68.04
A0514,2025-05-03,348.1,29.98,45.88,66.35,0.909,66.82
A0514,2025-05-04,348.1,22.24,36.16,54.09,0.909,54.5
A0514,2025-05-05,348.1,22.5,33.82,48.4,0.909,48.73
A0514,2025-05-06,348.1,23.82,37.88,55.98,0.909,56.39
A0514,2025-05-07,348.1,16.59,29.58,46.3,0.909,46.68
A0514,2025-05-08,348.1,19.72,33.11,50.36,0.909,50.75
A0514,2025-05-09,348.1,22.02,37.52,57.48,0.909,57.93
A0514,2025-05-10,348.1,22.78,38.81,59.44,0.909,59.91
A0514,2025-05-11,348.1,15.06,25.46,38.84,0.909,39.14
A0514,2025-05-12,348.1,23.32,39.25,59.75,0.909,60.21
A0515,2025-04-29,2.9,355.39,468.56,620.12,0.556,489.61
A0515,2025-04-30,2.9,443.01,561.79,720.86,0.556,583.89
A0515,2025-05-01,2.9,291.44,390.76,523.75,0.556,409.23
A0515,2025-05-02,2.9,407.64,546.78,733.11,0.556,572.66
A0515,2025-05-03,2.9,457.65,609.55,812.97,0.556,637.8
A0515,2025-05-04,2.9,337.5,430.73,555.57,0.556,448.07
A0515,2025-05-05,2.9,304.19,406.14,542.67,0.556,425.1
A0515,2025-05-06,2.9,340.62,451.99,601.12,0.556,472.7
A0515,2025-05-07,2.9,362.33,481.05,640.02,0.556,503.13
A0515,2025-05-08,2.9,377.91,504.05,672.96,0.556,527.51
A0515,2025-05-09,2.9,416.75,557.12,745.07,0.556,583.22
A0515,2025-05-10,2.9,465.89,621.22,829.22,0.556,650.11
A0515,2025-05-11,2.9,279.66,371.58,494.67,0.556,388.68
A0515,2025-05-12,2.9,376.34,504.3,675.64,0.556,528.09
A0516,2025-04-29,317.4,12.83,19.76,28.73,0.909,28.93
A0516,2025-04-30,317.4,16.15,24.42,35.11,0.909,35.35
A0516,2025-05-01,317.4,10.43,16.8,25.04,0.909,25.23
A0516,2025-05-02,317.4,15.09,23.61,34.61,0.909,34.86
A0516,2025-05-03,317.4,15.9,23.78,33.97,0.909,34.2
A0516,2025-05-04,317.4,11.9,18.44,26.89,0.909,27.08
A0516,2025-05-05,317.4,11.39,17.97,26.47,0.909,26.66
A0516,2025-05-06,317.4,12.55,19.26,27.92,0.909,28.12
A0516,2025-05-07,317.4,12.54,19.36,28.17,0.909,28.37
A0516,2025-05-08,317.4,13.67,21.37,31.32,0.909,31.54
A0516,2025-05-09,317.4,14.96,23.59,34.76,0.909,35.01
A0516,2025-05-10,317.4,15.73,23.98,34.65,0.909,34.89
A0516,2025-05-11,317.4,9.57,15.05,22.13,0.909,22.3
A0516,2025-05-12,317.4,12.93,20.47,30.2,0.909,30.42
A0517,2025-04-29,200.6,13.52,18.28,26.2,0.909,26.38
A0517,2025-04-30,200.6,17.42,25.63,39.27,0.909,39.58
A0517,2025-05-01,200.6,11.59,14.91,20.43,0.909,20.55
A0517,2025-05-02,200.6,16.71,22.28,31.53,0.909,31.74
A0517,2025-05-03,200.6,16.64,22.42,32.01,0.909,32.23
A0517,2025-05-04,200.6,12.36,17.44,25.88,0.909,26.08
A0517,2025-05-05,200.6,12.5,15.51,20.53,0.909,20.65
A0517,2025-05-06,200.6,14.19,18.75,26.33,0.909,26.5
A0517,2025-05-07,200.6,14.48,18.94,26.36,0.909,26.52
A0517,2025-05-08,200.6,15.71,21.65,31.53,0.909,31.75
A0517,2025-05-09,200.6,16.74,22.09,31.0,0.909,31.2
A0517,2025-05-10,200.6,17.15,22.48,31.35,0.909,31.56
A0517,2025-05-11,200.6,10.52,13.63,18.79,0.909,18.91
A0517,2025-05-12,200.6,16.28,20.44,27.36,0.909,27.52
A0518,2025-04-29,149.7,8.41,13.5,20.3,0.909,20.45
A0518,2025-04-30,149.7,12.0,18.34,26.82,0.909,27.02
A0518,2025-05-01,149.7,7.82,12.99,19.9,0.909,20.05
A0518,2025-05-02,149.7,11.17,17.57,26.13,0.909,26.33
A0518,2025-05-03,149.7,12.39,19.35,28.64,0.909,28.85
A0518,2025-05-04,149.7,9.07,13.92,20.4,0.909,20.55
A0518,2025-05-05,149.7,8.21,13.71,21.06,0.909,21.23
A0518,2025-05-06,149.7,8.77,13.89,20.73,0.909,20.89
A0518,2025-05-07,149.7,9.18,14.55,21.71,0.909,21.88
A0518,2025-05-08,149.7,10.42,16.34,24.25,0.909,24.43
A0518,2025-05-09,149.7,11.21,17.6,26.15,0.909,26.34
A0518,2025-05-10,149.7,12.3,19.2,28.43,0.909,28.64
A0518,2025-05-11,149.7,7.14,11.38,17.04,0.909,17.17
A0518,2025-05-12,149.7,10.27,16.46,24.73,0.909,24.92
A0519,2025-04-29,406.1,13.97,21.41,31.25,0.909,31.47
A0519,2025-04-30,406.1,17.31,27.13,40.09,0.909,40.39
A0519,2025-05-01,406.1,12.5,19.27,28.19,0.909,28.4
A0519,2025-05-02,406.1,17.2,25.47,36.4,0.909,36.65
A0519,2025-05-03,406.1,17.49,26.38,38.12,0.909,38.39
A0519,2025-05-04,406.1,12.3,18.64,27.0,0.909,27.19
A0519,2025-05-05,406.1,13.5,20.79,30.4,0.909,30.62
A0519,2025-05-06,406.1,14.49,22.12,32.21,0.909,32.43
A0519,2025-05-07,406.1,15.06,22.89,33.23,0.909,33.47
A0519,2025-05-08,406.1,15.43,23.14,33.33,0.909,33.56
A0519,2025-05-09,406.1,16.81,25.17,36.21,0.909,36.46
A0519,2025-05-10,406.1,17.4,26.39,38.27,0.909,38.54
A0519,2025-05-11,406.1,10.76,16.14,23.24,0.909,23.4
A0519,2025-05-12,406.1,15.28,23.69,34.8,0.909,35.05
A0520,2025-04-29,6.0,94.94,128.17,169.58,0.556,133.92
A0520,2025-04-30,6.0,114.15,152.97,201.36,0.556,159.69
A0520,2025-05-01,6.0,88.23,121.94,163.95,0.556,127.77
A0520,2025-05-02,6.0,117.19,157.91,208.66,0.556,164.96
A0520,2025-05-03,6.0,119.48,162.63,216.4,0.556,170.1
A0520,2025-05-04,6.0,92.27,126.77,169.75,0.556,132.74
A0520,2025-05-05,6.0,93.13,127.3,169.89,0.556,133.22
A0520,2025-05-06,6.0,98.18,133.49,177.5,0.556,139.61
A0520,2025-05-07,6.0,99.23,129.44,167.09,0.556,134.67
A0520,2025-05-08,6.0,114.84,156.88,209.28,0.556,164.16
A0520,2025-05-09,6.0,119.84,161.31,212.99,0.556,168.49
A0520,2025-05-10,6.0,125.1,168.78,223.21,0.556,176.34
A0520,2025-05-11,6.0,81.02,110.39,146.99,0.556,115.47
A0520,2025-05-12,6.0,117.69,162.2,217.66,0.556,169.9
A0521,2025-04-29,34.3,15.34,22.08,31.33,0.909,31.54
A0521,2025-04-30,34.3,19.71,26.87,36.7,0.909,36.92
A0521,2025-05-01,34.3,12.87,17.98,24.99,0.909,25.15
A0521,2025-05-02,34.3,18.7,25.42,34.65,0.909,34.86
A0521,2025-05-03,34.3,18.72,26.2,36.46,0.909,36.69
A0521,2025-05-04,34.3,14.19,19.29,26.31,0.909,26.47
A0521,2025-05-05,34.3,15.51,20.69,27.8,0.909,27.96
A0521,2025-05-06,34.3,17.35,24.27,33.77,0.909,33.99
A0521,2025-05-07,34.3,18.12,24.8,33.97,0.909,34.18
A0521,2025-05-08,34.3,19.09,26.49,36.64,0.909,36.87
A0521,2025-05-09,34.3,20.47,27.65,37.5,0.909,37.73
A0521,2025-05-10,34.3,21.2,29.59,41.11,0.909,41.37
A0521,2025-05-11,34.3,13.67,18.71,25.63,0.909,25.78
A0521,2025-05-12,34.3,20.99,28.84,39.61,0.909,39.85
A0522,2025-04-29,31.5,41.66,64.36,93.01,0.909,93.66
A0522,2025-04-30,31.5,47.24,70.49,99.82,0.909,100.49
A0522,2025-05-01,31.5,28.48,48.55,73.88,0.909,74.46
A0522,2025-05-02,31.5,41.5,63.15,90.46,0.909,91.08
A0522,2025-05-03,31.5,40.51,59.3,83.0,0.909,83.54
A0522,2025-05-04,31.5,32.51,48.99,69.8,0.909,70.27
A0522,2025-05-05,31.5,23.89,38.07,55.97,0.909,56.38
A0522,2025-05-06,31.5,27.02,39.29,54.77,0.909,55.12
A0522,2025-05-07,31.5,28.95,40.9,55.97,0.909,56.32
A0522,2025-05-08,31.5,32.18,45.24,61.71,0.909,62.09
A0522,2025-05-09,31.5,34.54,48.7,66.57,0.909,66.98
A0522,2025-05-10,31.5,34.55,47.65,64.18,0.909,64.56
A0522,2025-05-11,31.5,23.43,34.33,48.08,0.909,48.4
A0522,2025-05-12,31.5,36.45,54.45,77.17,0.909,77.69
A0523,2025-04-29,430.3,22.74,36.12,50.46,0.909,50.79
A0523,2025-04-30,430.3,26.46,42.69,60.09,0.909,60.49
A0523,2025-05-01,430.3,18.57,28.55,39.24,0.909,39.49
A0523,2025-05-02,430.3,26.28,40.81,56.38,0.909,56.73
A0523,2025-05-03,430.3,24.95,37.21,50.35,0.909,50.65
A0523,2025-05-04,430.3,19.36,30.27,41.97,0.909,42.23
A0523,2025-05-05,430.3,21.88,32.25,43.36,0.909,43.61
A0523,2025-05-06,430.3,25.46,39.97,55.51,0.909,55.86
A0523,2025-05-07,430.3,26.13,40.16,55.18,0.909,55.52
A0523,2025-05-08,430.3,28.46,44.38,61.44,0.909,61.82
A0523,2025-05-09,430.3,29.46,45.08,61.82,0.909,62.2
A0523,2025-05-10,430.3,29.32,43.23,58.13,0.909,58.47
A0523,2025-05-11,430.3,20.53,31.12,42.46,0.909,42.72
A0523,2025-05-12,430.3,33.2,51.24,70.57,0.909,71.01
A0524,2025-04-29,3.0,180.48,238.96,306.71,0.556,248.37
A0524,2025-04-30,3.0,241.39,326.77,425.67,0.556,340.51
A0524,2025-05-01,3.0,157.36,212.04,275.37,0.556,220.83
A0524,2025-05-02,3.0,226.06,305.04,396.52,0.556,317.74
A0524,2025-05-03,3.0,165.88,226.21,296.09,0.556,235.92
A0524,2025-05-04,3.0,120.1,169.64,227.04,0.556,177.62
A0524,2025-05-05,3.0,121.25,165.29,216.31,0.556,172.37
A0524,2025-05-06,3.0,131.4,174.98,225.46,0.556,181.99
A0524,2025-05-07,3.0,142.61,192.3,249.86,0.556,200.29
A0524,2025-05-08,3.0,149.78,199.98,258.12,0.556,208.05
A0524,2025-05-09,3.0,171.23,231.29,300.85,0.556,240.95
A0524,2025-05-10,3.0,180.99,242.52,313.78,0.556,252.42
A0524,2025-05-11,3.0,106.51,146.08,191.91,0.556,152.44
A0524,2025-05-12,3.0,152.47,203.86,263.38,0.556,212.12
A0525,2025-04-29,325.0,10.53,16.45,24.48,0.909,24.66
A0525,2025-04-30,325.0,14.54,22.38,33.02,0.909,33.27
A0525,2025-05-01,325.0,9.96,15.49,23.01,0.909,23.18
A0525,2025-05-02,325.0,14.17,21.05,30.39,0.909,30.6
A0525,2025-05-03,325.0,49.51,70.22,98.34,0.909,98.98
A0525,2025-05-04,325.0,39.43,57.24,81.43,0.909,81.98
A0525,2025-05-05,325.0,35.19,51.18,72.89,0.909,73.38
A0525,2025-05-06,325.0,37.7,55.15,78.84,0.909,79.38
A0525,2025-05-07,325.0,38.3,54.99,77.65,0.909,78.16
A0525,2025-05-08,325.0,41.62,60.67,86.52,0.909,87.11
A0525,2025-05-09,325.0,12.14,18.87,28.02,0.909,28.23
A0525,2025-05-10,325.0,12.59,19.41,28.67,0.909,28.88
A0525,2025-05-11,325.0,8.07,12.93,19.54,0.909,19.69
A0525,2025-05-12,325.0,11.51,18.0,26.81,0.909,27.01
A0526,2025-04-29,3.5,96.86,137.43,189.73,0.556,144.7
A0526,2025-04-30,3.5,121.15,173.05,239.94,0.556,182.34
A0526,2025-05-01,3.5,84.37,123.66,174.28,0.556,130.69
A0526,2025-05-02,3.5,113.79,164.48,229.81,0.556,173.56
A0526,2025-05-03,3.5,128.97,184.3,255.61,0.556,194.21
A0526,2025-05-04,3.5,87.74,125.74,174.72,0.556,132.54
A0526,2025-05-05,3.5,88.08,127.17,177.54,0.556,134.16
A0526,2025-05-06,3.5,94.31,136.13,190.03,0.556,143.61
A0526,2025-05-07,3.5,95.31,134.43,184.85,0.556,141.43
A0526,2025-05-08,3.5,103.37,147.25,203.81,0.556,155.11
A0526,2025-05-09,3.5,112.91,163.08,227.73,0.556,172.06
A0526,2025-05-10,3.5,127.56,181.03,249.94,0.556,190.6
A0526,2025-05-11,3.5,72.82,103.3,142.58,0.556,108.75
A0526,2025-05-12,3.5,104.76,148.57,205.05,0.556,156.42
A0527,2025-04-29,5.8,8.71,14.15,21.6,0.556,15.19
A0527,2025-04-30,5.8,11.64,19.27,29.72,0.556,20.73
A0527,2025-05-01,5.8,7.67,12.81,19.83,0.556,13.78
A0527,2025-05-02,5.8,10.7,17.68,27.23,0.556,19.01
A0527,2025-05-03,5.8,11.29,18.67,28.76,0.556,20.07
A0527,2025-05-04,5.8,8.12,12.97,19.6,0.556,13.89
A0527,2025-05-05,5.8,8.29,13.91,21.6,0.556,14.98
A0527,2025-05-06,5.8,8.5,14.17,21.91,0.556,15.24
A0527,2025-05-07,5.8,8.98,15.05,23.34,0.556,16.2
A0527,2025-05-08,5.8,9.74,16.51,25.78,0.556,17.8
A0527,2025-05-09,5.8,10.45,17.43,26.98,0.556,18.76
A0527,2025-05-10,5.8,11.21,18.46,28.37,0.556,19.83
A0527,2025-05-11,5.8,6.78,10.9,16.54,0.556,11.69
A0527,2025-05-12,5.8,10.66,18.0,28.04,0.556,19.4
A0528,2025-04-29,414.7,18.6,28.06,39.74,0.909,40.01
A0528,2025-04-30,414.7,22.99,35.15,50.17,0.909,50.51
A0528,2025-05-01,414.7,17.21,25.09,34.82,0.909,35.04
A0528,2025-05-02,414.7,23.1,33.24,45.75,0.909,46.04
A0528,2025-05-03,414.7,23.32,34.19,47.6,0.909,47.91
A0528,2025-05-04,414.7,17.72,26.53,37.39,0.909,37.64
A0528,2025-05-05,414.7,16.43,23.74,32.77,0.909,32.98
A0528,2025-05-06,414.7,19.37,28.48,39.72,0.909,39.98
A0528,2025-05-07,414.7,19.14,28.73,40.57,0.909,40.84
A0528,2025-05-08,414.7,20.85,30.02,41.34,0.909,41.6
A0528,2025-05-09,414.7,22.32,32.19,44.37,0.909,44.64
A0528,2025-05-10,414.7,22.7,33.24,46.25,0.909,46.55
A0528,2025-05-11,414.7,22.88,33.5,46.59,0.909,46.89
A0528,2025-05-12,414.7,27.23,39.47,54.58,0.909,54.92
A0529,2025-04-29,379.6,41.76,94.91,184.83,0.909,186.88
A0529,2025-04-30,379.6,56.9,124.09,244.21,0.909,246.94
A0529,2025-05-01,379.6,37.51,84.21,165.31,0.909,167.16
A0529,2025-05-02,379.6,11.86,33.07,66.1,0.909,66.85
A0529,2025-05-03,379.6,13.55,36.64,72.39,0.909,73.2
A0529,2025-05-04,379.6,9.1,26.9,54.7,0.909,55.33
A0529,2025-05-05,379.6,9.47,27.7,56.11,0.909,56.76
A0529,2025-05-06,379.6,11.69,32.25,64.23,0.909,64.96
A0529,2025-05-07,379.6,12.91,34.68,68.07,0.909,68.83
A0529,2025-05-08,379.6,14.5,37.83,74.01,0.909,74.83
A0529,2025-05-09,379.6,16.09,41.22,80.08,0.909,80.96
A0529,2025-05-10,379.6,17.79,44.65,86.33,0.909,87.28
A0529,2025-05-11,379.6,9.28,27.04,54.84,0.909,55.47
A0529,2025-05-12,379.6,15.14,39.19,76.62,0.909,77.48
A0530,2025-04-29,2.7,51.58,74.83,103.48,0.556,78.81
A0530,2025-04-30,2.7,65.93,96.68,134.59,0.556,101.95
A0530,2025-05-01,2.7,48.37,70.09,96.88,0.556,73.81
A0530,2025-05-02,2.7,65.38,95.42,132.45,0.556,100.56
A0530,2025-05-03,2.7,68.75,100.5,139.63,0.556,105.93
A0530,2025-05-04,2.7,49.4,73.27,102.69,0.556,77.36
A0530,2025-05-05,2.7,51.12,74.62,103.58,0.556,78.64
A0530,2025-05-06,2.7,53.18,76.01,104.14,0.556,79.92
A0530,2025-05-07,2.7,54.54,79.66,110.63,0.556,83.96
A0530,2025-05-08,2.7,59.21,84.8,116.34,0.556,89.18
A0530,2025-05-09,2.7,65.14,95.52,132.97,0.556,100.72
A0530,2025-05-10,2.7,68.83,101.66,142.13,0.556,107.28
A0530,2025-05-11,2.7,105.59,156.09,218.33,0.556,164.73
A0530,2025-05-12,2.7,140.91,207.22,288.95,0.556,218.57
A0531,2025-04-29,145.3,6.35,11.13,17.11,0.909,17.25
A0531,2025-04-30,145.3,7.51,12.4,18.5,0.909,18.64
A0531,2025-05-01,145.3,5.83,9.65,14.43,0.909,14.54
A0531,2025-05-02,145.3,8.64,14.38,21.55,0.909,21.71
A0531,2025-05-03,145.3,8.75,14.78,22.3,0.909,22.47
A0531,2025-05-04,145.3,5.66,9.74,14.85,0.909,14.96
A0531,2025-05-05,145.3,6.42,10.42,15.41,0.909,15.52
A0531,2025-05-06,145.3,7.08,11.92,17.96,0.909,18.1
A0531,2025-05-07,145.3,7.2,11.79,17.52,0.909,17.65
A0531,2025-05-08,145.3,8.02,13.65,20.69,0.909,20.85
A0531,2025-05-09,145.3,8.61,14.33,21.48,0.909,21.65
A0531,2025-05-10,145.3,8.84,14.81,22.26,0.909,22.43
A0531,2025-05-11,145.3,5.38,9.29,14.17,0.909,14.28
A0531,2025-05-12,145.3,8.2,13.74,20.65,0.909,20.8
A0532,2025-04-29,410.6,8.3,12.76,18.22,0.909,18.35
A0532,2025-04-30,410.6,10.3,15.88,22.71,0.909,22.86
A0532,2025-05-01,410.6,6.68,10.22,14.56,0.909,14.66
A0532,2025-05-02,410.6,8.97,13.75,19.61,0.909,19.74
A0532,2025-05-03,410.6,10.02,15.61,22.46,0.909,22.62
A0532,2025-05-04,410.6,7.7,12.46,18.31,0.909,18.44
A0532,2025-05-05,410.6,6.68,9.95,13.95,0.909,14.04
A0532,2025-05-06,410.6,7.96,12.25,17.52,0.909,17.64
A0532,2025-05-07,410.6,7.81,11.72,16.52,0.909,16.63
A0532,2025-05-08,410.6,7.95,12.11,17.21,0.909,17.32
A0532,2025-05-09,410.6,8.55,13.05,18.55,0.909,18.68
A0532,2025-05-10,410.6,9.6,14.66,20.87,0.909,21.01
A0532,2025-05-11,410.6,6.23,9.58,13.69,0.909,13.79
A0532,2025-05-12,410.6,7.7,11.09,15.24,0.909,15.34
A0533,2025-04-29,191.5,5.53,10.2,15.85,0.909,15.98
A0533,2025-04-30,191.5,7.06,14.77,24.1,0.909,24.32
A0533,2025-05-01,191.5,5.34,9.34,14.18,0.909,14.29
A0533,2025-05-02,191.5,7.59,13.34,20.31,0.909,20.47
A0533,2025-05-03,191.5,7.47,13.54,20.9,0.909,21.07
A0533,2025-05-04,191.5,5.07,10.33,16.7,0.909,16.85
A0533,2025-05-05,191.5,5.61,9.85,14.99,0.909,15.1
A0533,2025-05-06,191.5,6.31,11.13,16.98,0.909,17.12
A0533,2025-05-07,191.5,6.65,11.65,17.69,0.909,17.83
A0533,2025-05-08,191.5,7.36,12.7,19.17,0.909,19.31
A0533,2025-05-09,191.5,7.89,13.58,20.46,0.909,20.62
A0533,2025-05-10,191.5,8.08,13.91,20.97,0.909,21.13
A0533,2025-05-11,191.5,4.84,8.61,13.18,0.909,13.28
A0533,2025-05-12,191.5,7.65,13.11,19.74,0.909,19.89
A0534,2025-04-29,2.9,81.07,138.34,199.17,0.556,146.78
A0534,2025-04-30,2.9,97.36,174.35,256.13,0.556,185.7
A0534,2025-05-01,2.9,71.65,117.33,165.85,0.556,124.07
A0534,2025-05-02,2.9,93.07,162.86,236.99,0.556,173.16
A0534,2025-05-03,2.9,104.72,181.48,263.03,0.556,192.81
A0534,2025-05-04,2.9,65.97,124.26,186.17,0.556,132.85
A0534,2025-05-05,2.9,80.13,132.92,188.99,0.556,140.71
A0534,2025-05-06,2.9,87.82,145.56,206.88,0.556,154.07
A0534,2025-05-07,2.9,92.87,151.51,213.81,0.556,160.17
A0534,2025-05-08,2.9,96.76,157.41,221.84,0.556,166.36
A0534,2025-05-09,2.9,100.11,171.3,246.92,0.556,181.8
A0534,2025-05-10,2.9,109.88,189.43,273.93,0.556,201.17
A0534,2025-05-11,2.9,64.01,110.79,160.48,0.556,117.69
A0534,2025-05-12,2.9,89.54,158.76,232.3,0.556,168.98
A0535,2025-04-29,5.0,22.96,33.14,44.6,0.556,34.73
A0535,2025-04-30,5.0,26.42,36.66,48.19,0.556,38.26
A0535,2025-05-01,5.0,21.12,30.96,42.04,0.556,32.5
A0535,2025-05-02,5.0,26.64,38.94,52.8,0.556,40.87
A0535,2025-05-03,5.0,67.54,102.64,142.17,0.556,108.13
A0535,2025-05-04,5.0,49.08,70.84,95.34,0.556,74.24
A0535,2025-05-05,5.0,48.25,73.53,102.0,0.556,77.48
A0535,2025-05-06,5.0,51.76,76.88,105.18,0.556,80.81
A0535,2025-05-07,5.0,18.68,29.84,42.4,0.556,31.58
A0535,2025-05-08,5.0,20.5,32.03,45.03,0.556,33.84
A0535,2025-05-09,5.0,22.92,35.23,49.1,0.556,37.15
A0535,2025-05-10,5.0,25.72,39.66,55.36,0.556,41.84
A0535,2025-05-11,5.0,16.75,25.63,35.63,0.556,27.02
A0535,2025-05-12,5.0,22.41,33.17,45.3,0.556,34.86
A0536,2025-04-29,407.1,9.49,28.0,56.55,0.909,57.2
A0536,2025-04-30,407.1,39.05,87.67,164.57,0.909,166.32
A0536,2025-05-01,407.1,24.48,57.45,110.72,0.909,111.93
A0536,2025-05-02,407.1,39.82,91.07,173.06,0.909,174.93
A0536,2025-05-03,407.1,40.17,92.17,175.75,0.909,177.65
A0536,2025-05-04,407.1,27.8,64.09,123.91,0.909,125.27
A0536,2025-05-05,407.1,31.12,70.84,136.46,0.909,137.95
A0536,2025-05-06,407.1,32.68,75.46,144.91,0.909,146.49
A0536,2025-05-07,407.1,8.8,27.11,55.21,0.909,55.85
A0536,2025-05-08,407.1,11.19,32.09,64.12,0.909,64.85
A0536,2025-05-09,407.1,13.04,36.22,71.17,0.909,71.96
A0536,2025-05-10,407.1,14.5,39.05,76.13,0.909,76.98
A0536,2025-05-11,407.1,7.96,24.63,50.52,0.909,51.11
A0536,2025-05-12,407.1,16.01,41.41,80.46,0.909,81.35
A0537,2025-04-29,26.8,12.62,18.04,25.89,0.909,26.07
A0537,2025-04-30,26.8,15.48,21.68,30.68,0.909,30.89
A0537,2025-05-01,26.8,10.7,15.25,21.85,0.909,22.0
A0537,2025-05-02,26.8,15.34,21.34,30.04,0.909,30.24
A0537,2025-05-03,26.8,14.87,21.03,29.96,0.909,30.16
A0537,2025-05-04,26.8,11.17,16.42,24.03,0.909,24.2
A0537,2025-05-05,26.8,13.4,18.29,25.4,0.909,25.56
A0537,2025-05-06,26.8,14.23,20.14,28.71,0.909,28.9
A0537,2025-05-07,26.8,14.4,19.83,27.71,0.909,27.89
A0537,2025-05-08,26.8,15.8,21.78,30.45,0.909,30.64
A0537,2025-05-09,26.8,16.46,22.82,32.05,0.909,32.26
A0537,2025-05-10,26.8,16.61,23.21,32.78,0.909,33.0
A0537,2025-05-11,26.8,11.08,16.16,23.53,0.909,23.7
A0537,2025-05-12,26.8,17.41,24.65,35.15,0.909,35.39
A0538,2025-04-29,4.0,37.29,51.67,70.69,0.556,54.31
A0538,2025-04-30,4.0,51.2,70.21,95.34,0.556,73.7
A0538,2025-05-01,4.0,35.52,49.09,67.04,0.556,51.58
A0538,2025-05-02,4.0,47.69,66.89,92.28,0.556,70.42
A0538,2025-05-03,4.0,52.27,73.44,101.42,0.556,77.32
A0538,2025-05-04,4.0,37.66,50.98,68.59,0.556,53.42
A0538,2025-05-05,4.0,36.43,51.35,71.07,0.556,54.09
A0538,2025-05-06,4.0,36.63,51.28,70.65,0.556,53.97
A0538,2025-05-07,4.0,38.29,53.98,74.72,0.556,56.86
A0538,2025-05-08,4.0,44.38,62.18,85.71,0.556,65.45
A0538,2025-05-09,4.0,46.22,65.38,90.72,0.556,68.9
A0538,2025-05-10,4.0,51.47,72.34,99.94,0.556,76.18
A0538,2025-05-11,4.0,29.62,41.11,56.31,0.556,43.22
A0538,2025-05-12,4.0,45.11,64.1,89.21,0.556,67.58
A0539,2025-04-29,2.5,65.32,93.34,126.49,0.556,97.94
A0539,2025-04-30,2.5,82.13,112.56,148.56,0.556,117.56
A0539,2025-05-01,2.5,55.88,76.1,100.02,0.556,79.42
A0539,2025-05-02,2.5,80.36,114.13,154.08,0.556,119.68
A0539,2025-05-03,2.5,85.73,124.2,169.7,0.556,130.52
A0539,2025-05-04,2.5,60.77,83.35,110.06,0.556,87.06
A0539,2025-05-05,2.5,56.93,78.53,104.08,0.556,82.08
A0539,2025-05-06,2.5,63.28,91.24,124.32,0.556,95.84
A0539,2025-05-07,2.5,64.91,94.12,128.66,0.556,98.91
A0539,2025-05-08,2.5,69.41,99.72,135.58,0.556,104.7
A0539,2025-05-09,2.5,78.39,111.98,151.72,0.556,117.5
A0539,2025-05-10,2.5,85.03,123.1,168.14,0.556,129.36
A0539,2025-05-11,2.5,49.26,71.03,96.76,0.556,74.6
A0539,2025-05-12,2.5,72.35,102.25,137.62,0.556,107.16
A0540,2025-04-29,436.3,8.13,12.78,18.0,0.909,18.11
A0540,2025-04-30,436.3,10.27,15.25,20.84,0.909,20.97
A0540,2025-05-01,436.3,6.96,11.22,16.01,0.909,16.12
A0540,2025-05-02,436.3,9.68,14.73,20.4,0.909,20.53
A0540,2025-05-03,436.3,11.11,16.99,23.59,0.909,23.74
A0540,2025-05-04,436.3,8.74,13.08,17.95,0.909,18.06
A0540,2025-05-05,436.3,6.64,10.15,14.09,0.909,14.18
A0540,2025-05-06,436.3,8.33,12.79,17.79,0.909,17.91
A0540,2025-05-07,436.3,7.75,11.78,16.3,0.909,16.4
A0540,2025-05-08,436.3,8.72,13.43,18.72,0.909,18.84
A0540,2025-05-09,436.3,9.4,14.03,19.23,0.909,19.35
A0540,2025-05-10,436.3,10.2,15.38,21.19,0.909,21.32
A0540,2025-05-11,436.3,6.41,9.78,13.56,0.909,13.64
A0540,2025-05-12,436.3,6.52,10.03,13.97,0.909,14.06
A0541,2025-04-29,4.4,5.72,19.85,42.54,0.556,23.0
A0541,2025-04-30,4.4,8.74,26.47,54.31,0.556,30.34
A0541,2025-05-01,4.4,5.02,18.26,39.29,0.556,21.18
A0541,2025-05-02,4.4,15.5,40.04,75.98,0.556,45.03
A0541,2025-05-03,4.4,16.14,41.63,79.64,0.556,46.91
A0541,2025-05-04,4.4,9.55,26.03,51.28,0.556,29.54
A0541,2025-05-05,4.4,9.97,27.21,53.65,0.556,30.88
A0541,2025-05-06,4.4,11.08,29.63,57.97,0.556,33.56
A0541,2025-05-07,4.4,5.43,19.61,42.11,0.556,22.74
A0541,2025-05-08,4.4,7.54,24.15,50.45,0.556,27.8
A0541,2025-05-09,4.4,9.24,27.97,57.14,0.556,32.02
A0541,2025-05-10,4.4,10.95,31.5,63.29,0.556,35.91
A0541,2025-05-11,4.4,4.87,17.95,38.62,0.556,20.82
A0541,2025-05-12,4.4,10.98,31.08,62.52,0.556,35.45
A0542,2025-04-29,3.6,218.97,280.31,377.74,0.556,293.85
A0542,2025-04-30,3.6,271.96,347.73,468.05,0.556,364.44
A0542,2025-05-01,3.6,187.23,237.48,317.27,0.556,248.56
A0542,2025-05-02,3.6,262.46,344.16,473.9,0.556,362.18
A0542,2025-05-03,3.6,273.74,355.6,485.61,0.556,373.65
A0542,2025-05-04,3.6,199.77,259.92,355.44,0.556,273.18
A0542,2025-05-05,3.6,185.06,236.75,318.86,0.556,248.16
A0542,2025-05-06,3.6,208.5,267.9,362.24,0.556,281.0
A0542,2025-05-07,3.6,213.24,278.7,382.67,0.556,293.14
A0542,2025-05-08,3.6,220.24,284.25,385.91,0.556,298.37
A0542,2025-05-09,3.6,258.38,340.3,470.41,0.556,358.37
A0542,2025-05-10,3.6,273.33,356.94,489.73,0.556,375.39
A0542,2025-05-11,3.6,163.26,215.02,297.22,0.556,226.43
A0542,2025-05-12,3.6,219.95,281.86,380.19,0.556,295.52
A0543,2025-04-29,4.1,64.84,85.81,114.65,0.556,89.81
A0543,2025-04-30,4.1,76.64,100.76,133.92,0.556,105.36
A0543,2025-05-01,4.1,63.56,82.22,107.89,0.556,85.79
A0543,2025-05-02,4.1,81.96,107.45,142.51,0.556,112.32
A0543,2025-05-03,4.1,86.27,114.36,153.0,0.556,119.73
A0543,2025-05-04,4.1,60.33,76.64,99.07,0.556,79.76
A0543,2025-05-05,4.1,62.22,82.04,109.29,0.556,85.82
A0543,2025-05-06,4.1,69.09,90.52,120.0,0.556,94.61
A0543,2025-05-07,4.1,71.81,93.27,122.78,0.556,97.37
A0543,2025-05-08,4.1,120.62,159.88,213.88,0.556,167.38
A0543,2025-05-09,4.1,133.52,177.64,238.32,0.556,186.07
A0543,2025-05-10,4.1,141.58,189.15,254.59,0.556,198.24
A0543,2025-05-11,4.1,81.32,107.3,143.04,0.556,112.26
A0543,2025-05-12,4.1,72.73,96.78,129.87,0.556,101.38
A0544,2025-04-29,3.2,269.15,356.61,463.08,0.556,371.4
A0544,2025-04-30,3.2,314.16,414.93,537.6,0.556,431.97
A0544,2025-05-01,3.2,235.11,314.56,411.27,0.556,327.99
A0544,2025-05-02,3.2,322.71,438.23,578.84,0.556,457.76
A0544,2025-05-03,3.2,341.51,460.5,605.34,0.556,480.62
A0544,2025-05-04,3.2,242.96,331.38,439.01,0.556,346.33
A0544,2025-05-05,3.2,255.31,348.44,461.81,0.556,364.19
A0544,2025-05-06,3.2,271.47,360.81,469.57,0.556,375.92
A0544,2025-05-07,3.2,276.16,362.06,466.63,0.556,376.59
A0544,2025-05-08,3.2,291.77,384.12,496.54,0.556,399.74
A0544,2025-05-09,3.2,327.26,440.97,579.39,0.556,460.2
A0544,2025-05-10,3.2,344.43,458.35,597.02,0.556,477.61
A0544,2025-05-11,3.2,215.6,293.98,389.4,0.556,307.23
A0544,2025-05-12,3.2,292.68,398.09,526.39,0.556,415.91
A0545,2025-04-29,12.1,42.94,59.38,77.9,0.909,78.32
A0545,2025-04-30,12.1,50.28,66.45,84.67,0.909,85.08
A0545,2025-05-01,12.1,34.71,47.59,62.09,0.909,62.42
A0545,2025-05-02,12.1,48.82,67.65,88.87,0.909,89.35
A0545,2025-05-03,12.1,52.33,71.96,94.06,0.909,94.56
A0545,2025-05-04,12.1,21.34,30.45,40.71,0.909,40.94
A0545,2025-05-05,12.1,20.95,28.72,37.47,0.909,37.67
A0545,2025-05-06,12.1,24.77,34.92,46.35,0.909,46.61
A0545,2025-05-07,12.1,26.7,36.0,46.47,0.909,46.71
A0545,2025-05-08,12.1,29.12,39.75,51.71,0.909,51.98
A0545,2025-05-09,12.1,32.24,44.29,57.87,0.909,58.18
A0545,2025-05-10,12.1,36.0,48.8,63.2,0.909,63.53
A0545,2025-05-11,12.1,21.59,29.76,38.96,0.909,39.17
A0545,2025-05-12,12.1,28.28,37.58,48.06,0.909,48.3
A0546,2025-04-29,5.0,26.61,37.43,51.36,0.556,39.37
A0546,2025-04-30,5.0,30.82,41.79,55.9,0.556,43.75
A0546,2025-05-01,5.0,24.57,33.72,45.49,0.556,35.35
A0546,2025-05-02,5.0,32.77,45.35,61.54,0.556,47.6
A0546,2025-05-03,5.0,35.19,49.68,68.32,0.556,52.26
A0546,2025-05-04,5.0,24.48,33.05,44.08,0.556,34.59
A0546,2025-05-05,5.0,25.58,35.18,47.54,0.556,36.9
A0546,2025-05-06,5.0,27.39,38.22,52.14,0.556,40.15
A0546,2025-05-07,5.0,27.73,38.96,53.41,0.556,40.97
A0546,2025-05-08,5.0,30.69,42.41,57.5,0.556,44.51
A0546,2025-05-09,5.0,31.97,44.24,60.04,0.556,46.44
A0546,2025-05-10,5.0,34.83,48.61,66.35,0.556,51.08
A0546,2025-05-11,5.0,21.89,30.56,41.73,0.556,32.11
A0546,2025-05-12,5.0,30.16,41.71,56.57,0.556,43.77
A0547,2025-04-29,2.4,94.09,125.39,164.94,0.556,130.88
A0547,2025-04-30,2.4,120.13,164.9,221.47,0.556,172.76
A0547,2025-05-01,2.4,85.21,114.05,150.49,0.556,119.11
A0547,2025-05-02,2.4,117.05,157.78,209.25,0.556,164.93
A0547,2025-05-03,2.4,121.26,160.12,209.23,0.556,166.95
A0547,2025-05-04,2.4,87.96,121.72,164.37,0.556,127.64
A0547,2025-05-05,2.4,89.75,118.95,155.84,0.556,124.07
A0547,2025-05-06,2.4,97.58,129.51,169.86,0.556,135.11
A0547,2025-05-07,2.4,99.03,129.37,167.71,0.556,134.7
A0547,2025-05-08,2.4,109.37,142.94,185.36,0.556,148.83
A0547,2025-05-09,2.4,118.9,159.21,210.16,0.556,166.29
A0547,2025-05-10,2.4,123.71,161.39,209.02,0.556,168.01
A0547,2025-05-11,2.4,74.53,99.51,131.07,0.556,103.89
A0547,2025-05-12,2.4,108.48,141.71,183.72,0.556,147.55
A0548,2025-04-29,374.9,8.18,13.34,20.17,0.909,20.32
A0548,2025-04-30,374.9,10.06,18.02,28.56,0.909,28.8
A0548,2025-05-01,374.9,6.75,12.15,19.29,0.909,19.45
A0548,2025-05-02,374.9,9.97,16.54,25.25,0.909,25.45
A0548,2025-05-03,374.9,9.58,15.23,22.72,0.909,22.89
A0548,2025-05-04,374.9,7.55,12.91,20.02,0.909,20.18
A0548,2025-05-05,374.9,8.65,14.57,22.43,0.909,22.61
A0548,2025-05-06,374.9,9.24,14.65,21.82,0.909,21.98
A0548,2025-05-07,374.9,9.37,15.34,23.24,0.909,23.42
A0548,2025-05-08,374.9,10.2,15.57,22.69,0.909,22.85
A0548,2025-05-09,374.9,10.73,17.72,26.99,0.909,27.2
A0548,2025-05-10,374.9,10.73,17.18,25.72,0.909,25.92
A0548,2025-05-11,374.9,7.45,12.01,18.05,0.909,18.19
A0548,2025-05-12,374.9,12.24,19.06,28.09,0.909,28.3
A0549,2025-04-29,6.3,35.06,46.24,59.64,0.556,48.1
A0549,2025-04-30,6.3,43.83,57.2,73.21,0.556,59.42
A0549,2025-05-01,6.3,34.54,47.24,62.46,0.556,49.36
A0549,2025-05-02,6.3,44.27,58.61,75.78,0.556,60.99
A0549,2025-05-03,6.3,44.99,59.9,77.77,0.556,62.39
A0549,2025-05-04,6.3,31.43,41.89,54.42,0.556,43.63
A0549,2025-05-05,6.3,36.53,48.21,62.2,0.556,50.15
A0549,2025-05-06,6.3,37.85,49.03,62.42,0.556,50.89
A0549,2025-05-07,6.3,39.07,51.67,66.76,0.556,53.77
A0549,2025-05-08,6.3,43.27,57.56,74.68,0.556,59.94
A0549,2025-05-09,6.3,45.87,60.56,78.16,0.556,63.0
A0549,2025-05-10,6.3,48.26,64.01,82.88,0.556,66.63
A0549,2025-05-11,6.3,29.69,39.77,51.85,0.556,41.44
A0549,2025-05-12,6.3,45.72,58.97,74.83,0.556,61.17
A0550,2025-04-29,5.7,41.8,59.59,83.94,0.556,62.98
A0550,2025-04-30,5.7,51.09,74.12,105.64,0.556,78.5
A0550,2025-05-01,5.7,38.11,53.9,75.52,0.556,56.9
A0550,2025-05-02,5.7,52.13,73.88,103.65,0.556,78.01
A0550,2025-05-03,5.7,54.55,78.0,110.1,0.556,82.46
A0550,2025-05-04,5.7,40.69,58.51,82.9,0.556,61.9
A0550,2025-05-05,5.7,39.78,56.08,78.38,0.556,59.18
A0550,2025-05-06,5.7,44.59,62.35,86.65,0.556,65.72
A0550,2025-05-07,5.7,44.83,62.54,86.79,0.556,65.91
A0550,2025-05-08,5.7,48.82,67.68,93.49,0.556,71.27
A0550,2025-05-09,5.7,53.27,74.72,104.08,0.556,78.8
A0550,2025-05-10,5.7,55.93,78.8,110.1,0.556,83.15
A0550,2025-05-11,5.7,35.25,49.33,68.6,0.556,52.01
A0550,2025-05-12,5.7,46.54,65.32,91.01,0.556,68.89
A0551,2025-04-29,413.3,14.9,23.23,31.82,0.909,32.02
A0551,2025-04-30,413.3,18.73,27.86,37.27,0.909,37.48
A0551,2025-05-01,413.3,14.55,24.14,34.03,0.909,34.25
A0551,2025-05-02,413.3,17.29,27.57,38.18,0.909,38.42
A0551,2025-05-03,413.3,18.66,28.87,39.41,0.909,39.65
A0551,2025-05-04,413.3,14.17,22.02,30.12,0.909,30.31
A0551,2025-05-05,413.3,13.35,22.12,31.16,0.909,31.36
A0551,2025-05-06,413.3,13.85,22.32,31.04,0.909,31.24
A0551,2025-05-07,413.3,14.0,21.93,30.11,0.909,30.29
A0551,2025-05-08,413.3,15.6,24.67,34.02,0.909,34.23
A0551,2025-05-09,413.3,27.81,43.31,59.29,0.909,59.65
A0551,2025-05-10,413.3,28.66,43.73,59.28,0.909,59.63
A0551,2025-05-11,413.3,17.44,28.18,39.25,0.909,39.5
A0551,2025-05-12,413.3,22.96,35.79,49.01,0.909,49.31
A0552,2025-04-29,202.4,20.43,29.24,40.37,0.909,40.62
A0552,2025-04-30,202.4,26.02,38.37,53.97,0.909,54.32
A0552,2025-05-01,202.4,18.91,27.95,39.37,0.909,39.63
A0552,2025-05-02,202.4,26.43,38.03,52.68,0.909,53.02
A0552,2025-05-03,202.4,28.1,40.97,57.22,0.909,57.59
A0552,2025-05-04,202.4,20.26,30.19,42.73,0.909,43.01
A0552,2025-05-05,202.4,18.7,27.59,38.81,0.909,39.07
A0552,2025-05-06,202.4,20.42,29.15,40.18,0.909,40.43
A0552,2025-05-07,202.4,20.94,30.54,42.67,0.909,42.95
A0552,2025-05-08,202.4,23.01,34.25,48.45,0.909,48.78
A0552,2025-05-09,202.4,25.56,37.18,51.86,0.909,52.19
A0552,2025-05-10,202.4,27.21,40.17,56.55,0.909,56.92
A0552,2025-05-11,202.4,16.39,24.42,34.56,0.909,34.79
A0552,2025-05-12,202.4,22.04,32.6,45.93,0.909,46.24
A0553,2025-04-29,300.6,48.58,65.75,92.16,0.909,92.76
A0553,2025-04-30,300.6,55.6,73.1,100.01,0.909,100.62
A0553,2025-05-01,300.6,41.56,56.55,79.59,0.909,80.11
A0553,2025-05-02,300.6,56.71,74.19,101.09,0.909,101.7
A0553,2025-05-03,300.6,284.25,388.81,549.62,0.909,553.27
A0553,2025-05-04,300.6,230.22,303.0,414.92,0.909,417.46
A0553,2025-05-05,300.6,232.52,319.38,452.96,0.909,456.0
A0553,2025-05-06,300.6,252.09,343.77,484.76,0.909,487.97
A0553,2025-05-07,300.6,257.39,350.87,494.62,0.909,497.89
A0553,2025-05-08,300.6,277.67,378.42,533.38,0.909,536.9
A0553,2025-05-09,300.6,285.61,382.57,531.68,0.909,535.07
A0553,2025-05-10,300.6,49.63,69.38,99.75,0.909,100.44
A0553,2025-05-11,300.6,31.57,44.38,64.08,0.909,64.53
A0553,2025-05-12,300.6,45.99,64.47,92.91,0.909,93.55
A0554,2025-04-29,3.5,164.78,202.02,254.48,0.556,209.31
A0554,2025-04-30,3.5,215.88,269.4,344.79,0.556,279.87
A0554,2025-05-01,3.5,147.15,180.8,228.19,0.556,187.38
A0554,2025-05-02,3.5,198.21,249.26,321.17,0.556,259.25
A0554,2025-05-03,3.5,220.85,278.72,360.24,0.556,290.04
A0554,2025-05-04,3.5,164.84,206.35,264.82,0.556,214.47
A0554,2025-05-05,3.5,144.1,181.03,233.06,0.556,188.26
A0554,2025-05-06,3.5,155.1,191.57,242.93,0.556,198.7
A0554,2025-05-07,3.5,166.23,208.7,268.53,0.556,217.01
A0554,2025-05-08,3.5,176.09,217.03,274.69,0.556,225.04
A0554,2025-05-09,3.5,192.83,242.3,311.98,0.556,251.98
A0554,2025-05-10,3.5,215.87,271.49,349.84,0.556,282.38
A0554,2025-05-11,3.5,126.42,158.48,203.64,0.556,164.75
A0554,2025-05-12,3.5,171.39,214.92,276.22,0.556,223.43
A0555,2025-04-29,368.4,6.71,22.37,46.8,0.909,47.35
A0555,2025-04-30,368.4,9.06,27.4,55.83,0.909,56.48
A0555,2025-05-01,368.4,6.31,21.39,44.55,0.909,45.07
A0555,2025-05-02,368.4,8.96,27.6,55.97,0.909,56.61
A0555,2025-05-03,368.4,9.6,28.9,58.68,0.909,59.36
A0555,2025-05-04,368.4,7.06,22.96,48.0,0.909,48.57
A0555,2025-05-05,368.4,5.62,19.93,42.18,0.909,42.68
A0555,2025-05-06,368.4,7.38,23.8,49.35,0.909,49.93
A0555,2025-05-07,368.4,7.65,24.38,49.84,0.909,50.42
A0555,2025-05-08,368.4,8.34,25.9,53.07,0.909,53.69
A0555,2025-05-09,368.4,9.09,27.69,56.33,0.909,56.98
A0555,2025-05-10,368.4,9.96,29.42,59.61,0.909,60.29
A0555,2025-05-11,368.4,6.14,20.83,43.69,0.909,44.21
A0555,2025-05-12,368.4,7.64,24.29,50.0,0.909,50.59
A0556,2025-04-29,6.9,75.0,97.06,126.2,0.556,101.1
A0556,2025-04-30,6.9,92.25,121.76,160.75,0.556,127.18
A0556,2025-05-01,6.9,66.92,86.3,111.92,0.556,89.86
A0556,2025-05-02,6.9,91.81,116.84,149.91,0.556,121.43
A0556,2025-05-03,6.9,94.21,123.49,162.19,0.556,128.87
A0556,2025-05-04,6.9,72.38,98.33,132.62,0.556,103.09
A0556,2025-05-05,6.9,74.02,93.69,119.69,0.556,97.3
A0556,2025-05-06,6.9,78.22,100.45,129.83,0.556,104.53
A0556,2025-05-07,6.9,79.47,98.76,124.24,0.556,102.29
A0556,2025-05-08,6.9,87.54,112.13,144.63,0.556,116.65
A0556,2025-05-09,6.9,93.68,118.77,151.92,0.556,123.37
A0556,2025-05-10,6.9,98.48,127.8,166.53,0.556,133.18
A0556,2025-05-11,6.9,63.08,81.51,105.85,0.556,84.89
A0556,2025-05-12,6.9,90.62,114.81,146.77,0.556,119.25
A0557,2025-04-29,424.6,33.31,47.5,64.54,0.909,64.93
A0557,2025-04-30,424.6,38.91,54.53,73.29,0.909,73.71
A0557,2025-05-01,424.6,29.92,42.06,56.63,0.909,56.96
A0557,2025-05-02,424.6,39.75,56.4,76.38,0.909,76.84
A0557,2025-05-03,424.6,39.75,56.1,75.73,0.909,76.18
A0557,2025-05-04,424.6,83.49,114.99,152.8,0.909,153.66
A0557,2025-05-05,424.6,86.46,118.17,156.24,0.909,157.11
A0557,2025-05-06,424.6,92.75,128.42,171.23,0.909,172.21
A0557,2025-05-07,424.6,30.77,44.88,61.81,0.909,62.2
A0557,2025-05-08,424.6,33.63,49.0,67.45,0.909,67.87
A0557,2025-05-09,424.6,37.38,54.12,74.21,0.909,74.67
A0557,2025-05-10,424.6,38.33,54.93,74.86,0.909,75.31
A0557,2025-05-11,424.6,26.15,37.54,51.21,0.909,51.52
A0557,2025-05-12,424.6,35.52,50.73,68.99,0.909,69.4
A0558,2025-04-29,303.8,19.5,29.23,41.06,0.909,41.33
A0558,2025-04-30,303.8,23.57,35.27,49.49,0.909,49.81
A0558,2025-05-01,303.8,17.48,26.03,36.42,0.909,36.65
A0558,2025-05-02,303.8,23.81,35.12,48.84,0.909,49.15
A0558,2025-05-03,303.8,22.41,33.71,47.43,0.909,47.75
A0558,2025-05-04,303.8,18.43,28.41,40.52,0.909,40.8
A0558,2025-05-05,303.8,17.31,25.7,35.89,0.909,36.12
A0558,2025-05-06,303.8,20.11,29.71,41.37,0.909,41.63
A0558,2025-05-07,303.8,20.77,30.67,42.69,0.909,42.97
A0558,2025-05-08,303.8,22.24,32.88,45.79,0.909,46.08
A0558,2025-05-09,303.8,24.42,35.81,49.65,0.909,49.96
A0558,2025-05-10,303.8,23.83,35.36,49.35,0.909,49.67
A0558,2025-05-11,303.8,16.34,24.69,34.84,0.909,35.07
A0558,2025-05-12,303.8,22.47,32.77,45.27,0.909,45.56
A0559,2025-04-29,351.9,17.56,26.4,39.7,0.909,40.0
A0559,2025-04-30,351.9,22.89,33.75,50.07,0.909,50.45
A0559,2025-05-01,351.9,15.37,23.83,36.54,0.909,36.83
A0559,2025-05-02,351.9,22.13,31.7,46.08,0.909,46.4
A0559,2025-05-03,351.9,21.35,30.32,43.8,0.909,44.11
A0559,2025-05-04,351.9,17.32,24.52,35.35,0.909,35.6
A0559,2025-05-05,351.9,18.59,28.52,43.45,0.909,43.79
A0559,2025-05-06,351.9,18.89,28.31,42.46,0.909,42.78
A0559,2025-05-07,351.9,18.86,29.1,44.49,0.909,44.84
A0559,2025-05-08,351.9,22.2,32.01,46.76,0.909,47.1
A0559,2025-05-09,351.9,23.26,33.79,49.61,0.909,49.97
A0559,2025-05-10,351.9,23.53,34.34,50.59,0.909,50.96
A0559,2025-05-11,351.9,16.22,23.82,35.23,0.909,35.49
A0559,2025-05-12,351.9,26.03,40.02,61.05,0.909,61.53
A0560,2025-04-29,3.0,203.24,266.81,334.1,0.556,276.16
A0560,2025-04-30,3.0,133.55,176.62,222.21,0.556,182.95
A0560,2025-05-01,3.0,107.9,144.01,182.23,0.556,149.32
A0560,2025-05-02,3.0,134.19,179.3,227.05,0.556,185.93
A0560,2025-05-03,3.0,143.61,196.55,252.59,0.556,204.34
A0560,2025-05-04,3.0,106.08,145.29,186.79,0.556,151.05
A0560,2025-05-05,3.0,109.19,149.94,193.07,0.556,155.93
A0560,2025-05-06,3.0,112.46,149.7,189.12,0.556,155.18
A0560,2025-05-07,3.0,117.11,151.87,188.67,0.556,156.98
A0560,2025-05-08,3.0,128.67,167.85,209.32,0.556,173.61
A0560,2025-05-09,3.0,136.62,180.04,225.99,0.556,186.42
A0560,2025-05-10,3.0,147.96,197.31,249.55,0.556,204.57
A0560,2025-05-11,3.0,94.0,125.91,159.68,0.556,130.6
A0560,2025-05-12,3.0,134.11,178.51,225.51,0.556,185.04
A0561,2025-04-29,31.2,6.86,12.42,20.4,0.909,20.58
A0561,2025-04-30,31.2,8.98,15.51,24.9,0.909,25.11
A0561,2025-05-01,31.2,5.11,10.46,18.14,0.909,18.32
A0561,2025-05-02,31.2,9.14,15.34,24.25,0.909,24.46
A0561,2025-05-03,31.2,8.91,14.54,22.63,0.909,22.82
A0561,2025-05-04,31.2,6.57,11.92,19.6,0.909,19.78
A0561,2025-05-05,31.2,7.8,14.25,23.5,0.909,23.71
A0561,2025-05-06,31.2,8.27,14.35,23.09,0.909,23.29
A0561,2025-05-07,31.2,8.79,14.16,21.87,0.909,22.04
A0561,2025-05-08,31.2,9.78,15.64,24.06,0.909,24.25
A0561,2025-05-09,31.2,10.24,16.97,26.63,0.909,26.85
A0561,2025-05-10,31.2,10.56,17.15,26.6,0.909,26.82
A0561,2025-05-11,31.2,6.89,11.94,19.2,0.909,19.36
A0561,2025-05-12,31.2,11.37,19.95,32.28,0.909,32.56
A0562,2025-04-29,429.0,20.61,31.48,45.14,0.909,45.45
A0562,2025-04-30,429.0,26.15,39.03,55.23,0.909,55.6
A0562,2025-05-01,429.0,42.8,58.63,78.53,0.909,78.99
A0562,2025-05-02,429.0,54.53,78.55,108.75,0.909,109.43
A0562,2025-05-03,429.0,58.44,86.1,120.86,0.909,121.65
A0562,2025-05-04,429.0,47.79,68.67,94.91,0.909,95.51
A0562,2025-05-05,429.0,34.42,48.1,65.3,0.909,65.69
A0562,2025-05-06,429.0,14.98,24.84,37.24,0.909,37.53
A0562,2025-05-07,429.0,55.84,80.57,111.65,0.909,112.35
A0562,2025-05-08,429.0,56.72,83.34,116.8,0.909,117.56
A0562,2025-05-09,429.0,59.87,88.38,124.22,0.909,125.04
A0562,2025-05-10,429.0,19.57,32.29,48.27,0.909,48.64
A0562,2025-05-11,429.0,13.35,21.49,31.72,0.909,31.95
A0562,2025-05-12,429.0,13.23,20.73,30.15,0.909,30.37
A0563,2025-04-29,297.1,7.12,11.59,16.87,0.909,16.99
A0563,2025-04-30,297.1,9.27,14.56,20.84,0.909,20.98
A0563,2025-05-01,297.1,18.05,30.18,44.54,0.909,44.87
A0563,2025-05-02,297.1,25.59,39.67,56.36,0.909,56.74
A0563,2025-05-03,297.1,24.7,36.79,51.11,0.909,51.44
A0563,2025-05-04,297.1,18.11,27.62,38.88,0.909,39.13
A0563,2025-05-05,297.1,22.2,35.01,50.18,0.909,50.53
A0563,2025-05-06,297.1,20.71,33.2,47.99,0.909,48.33
A0563,2025-05-07,297.1,20.81,32.71,46.81,0.909,47.13
A0563,2025-05-08,297.1,7.67,13.43,20.24,0.909,20.4
A0563,2025-05-09,297.1,8.62,14.69,21.88,0.909,22.05
A0563,2025-05-10,297.1,9.5,14.73,20.92,0.909,21.06
A0563,2025-05-11,297.1,6.17,10.15,14.85,0.909,14.96
A0563,2025-05-12,297.1,10.3,17.53,26.09,0.909,26.29
A0564,2025-04-29,379.9,32.79,46.07,64.93,0.909,65.36
A0564,2025-04-30,379.9,38.85,58.34,86.02,0.909,86.65
A0564,2025-05-01,379.9,31.78,44.11,61.62,0.909,62.01
A0564,2025-05-02,379.9,38.18,54.42,77.47,0.909,78.0
A0564,2025-05-03,379.9,39.95,56.8,80.72,0.909,81.26
A0564,2025-05-04,379.9,31.71,46.62,67.82,0.909,68.3
A0564,2025-05-05,379.9,29.16,41.03,57.89,0.909,58.27
A0564,2025-05-06,379.9,33.11,46.13,64.62,0.909,65.04
A0564,2025-05-07,379.9,33.98,48.14,68.25,0.909,68.71
A0564,2025-05-08,379.9,35.73,50.12,70.54,0.909,71.01
A0564,2025-05-09,379.9,36.77,52.36,74.5,0.909,75.01
A0564,2025-05-10,379.9,38.13,53.73,75.9,0.909,76.4
A0564,2025-05-11,379.9,27.84,39.04,54.94,0.909,55.3
A0564,2025-05-12,379.9,31.16,43.77,61.69,0.909,62.1
A0565,2025-04-29,3.0,179.61,234.58,305.16,0.556,244.39
A0565,2025-04-30,3.0,234.64,304.17,393.44,0.556,316.57
A0565,2025-05-01,3.0,161.38,213.0,279.29,0.556,222.21
A0565,2025-05-02,3.0,217.61,288.15,378.71,0.556,300.72
A0565,2025-05-03,3.0,238.28,311.46,405.42,0.556,324.51
A0565,2025-05-04,3.0,174.4,225.88,291.99,0.556,235.07
A0565,2025-05-05,3.0,171.48,221.21,285.05,0.556,230.08
A0565,2025-05-06,3.0,182.59,238.63,310.59,0.556,248.63
A0565,2025-05-07,3.0,189.16,244.38,315.27,0.556,254.22
A0565,2025-05-08,3.0,200.91,263.17,343.12,0.556,274.28
A0565,2025-05-09,3.0,220.47,290.09,379.48,0.556,302.51
A0565,2025-05-10,3.0,240.57,311.2,401.9,0.556,323.8
A0565,2025-05-11,3.0,144.2,187.02,242.0,0.556,194.66
A0565,2025-05-12,3.0,202.06,260.59,335.75,0.556,271.03
A0566,2025-04-29,311.6,11.59,17.77,26.0,0.909,26.19
A0566,2025-04-30,311.6,13.56,20.93,30.75,0.909,30.98
A0566,2025-05-01,311.6,10.59,15.45,21.93,0.909,22.08
A0566,2025-05-02,311.6,13.67,20.9,30.53,0.909,30.75
A0566,2025-05-03,311.6,14.69,22.86,33.75,0.909,34.0
A0566,2025-05-04,311.6,11.12,17.4,25.78,0.909,25.97
A0566,2025-05-05,311.6,9.79,14.77,21.41,0.909,21.57
A0566,2025-05-06,311.6,12.01,18.12,26.27,0.909,26.45
A0566,2025-05-07,311.6,11.5,17.44,25.36,0.909,25.54
A0566,2025-05-08,311.6,11.42,17.05,24.56,0.909,24.73
A0566,2025-05-09,311.6,13.32,20.35,29.71,0.909,29.93
A0566,2025-05-10,311.6,14.1,21.79,32.03,0.909,32.26
A0566,2025-05-11,311.6,9.56,14.78,21.75,0.909,21.91
A0566,2025-05-12,311.6,11.15,16.47,23.57,0.909,23.73
A0567,2025-04-29,3.2,54.24,76.47,98.99,0.556,79.6
A0567,2025-04-30,3.2,73.76,107.19,141.05,0.556,111.9
A0567,2025-05-01,3.2,52.14,74.78,97.71,0.556,77.97
A0567,2025-05-02,3.2,68.79,98.4,128.38,0.556,102.56
A0567,2025-05-03,3.2,73.04,104.49,136.33,0.556,108.91
A0567,2025-05-04,3.2,53.25,76.52,100.08,0.556,79.79
A0567,2025-05-05,3.2,55.73,78.27,101.08,0.556,81.44
A0567,2025-05-06,3.2,57.93,80.37,103.08,0.556,83.52
A0567,2025-05-07,3.2,59.26,83.41,107.86,0.556,86.8
A0567,2025-05-08,3.2,63.31,88.96,114.92,0.556,92.56
A0567,2025-05-09,3.2,124.94,180.99,237.73,0.556,188.87
A0567,2025-05-10,3.2,130.68,189.34,248.75,0.556,197.6
A0567,2025-05-11,3.2,84.27,118.1,152.36,0.556,122.86
A0567,2025-05-12,3.2,116.12,164.01,212.51,0.556,170.75
A0568,2025-04-29,196.4,9.97,16.36,23.91,0.909,24.08
A0568,2025-04-30,196.4,13.92,21.56,30.59,0.909,30.8
A0568,2025-05-01,196.4,10.31,17.32,25.6,0.909,25.79
A0568,2025-05-02,196.4,13.03,20.67,29.68,0.909,29.88
A0568,2025-05-03,196.4,13.72,21.91,31.6,0.909,31.82
A0568,2025-05-04,196.4,10.51,16.83,24.3,0.909,24.47
A0568,2025-05-05,196.4,10.57,17.91,26.58,0.909,26.78
A0568,2025-05-06,196.4,10.38,17.08,24.99,0.909,25.17
A0568,2025-05-07,196.4,10.49,16.51,23.63,0.909,23.79
A0568,2025-05-08,196.4,11.54,18.45,26.62,0.909,26.8
A0568,2025-05-09,196.4,12.8,20.34,29.24,0.909,29.44
A0568,2025-05-10,196.4,13.39,21.21,30.46,0.909,30.67
A0568,2025-05-11,196.4,8.33,13.63,19.89,0.909,20.03
A0568,2025-05-12,196.4,12.59,20.12,29.01,0.909,29.21
A0569,2025-04-29,4.2,12.82,20.87,30.36,0.556,22.19
A0569,2025-04-30,4.2,15.91,26.04,37.98,0.556,27.7
A0569,2025-05-01,4.2,12.66,19.91,28.44,0.556,21.09
A0569,2025-05-02,4.2,17.07,26.35,37.28,0.556,27.86
A0569,2025-05-03,4.2,18.71,29.43,42.07,0.556,31.19
A0569,2025-05-04,4.2,12.61,19.76,28.19,0.556,20.93
A0569,2025-05-05,4.2,13.33,21.02,30.09,0.556,22.28
A0569,2025-05-06,4.2,14.85,23.25,33.13,0.556,24.62
A0569,2025-05-07,4.2,14.7,22.7,32.13,0.556,24.01
A0569,2025-05-08,4.2,15.13,22.92,32.09,0.556,24.19
A0569,2025-05-09,4.2,17.38,26.25,36.7,0.556,27.7
A0569,2025-05-10,4.2,18.42,28.1,39.5,0.556,29.68
A0569,2025-05-11,4.2,11.29,17.18,24.11,0.556,18.14
A0569,2025-05-12,4.2,15.67,23.95,33.7,0.556,25.3
A0570,2025-04-29,2.5,156.26,222.66,309.12,0.556,234.67
A0570,2025-04-30,2.5,182.47,258.36,357.16,0.556,272.08
A0570,2025-05-01,2.5,135.43,190.63,262.49,0.556,200.61
A0570,2025-05-02,2.5,184.03,261.4,362.15,0.556,275.4
A0570,2025-05-03,2.5,196.25,276.7,381.44,0.556,291.24
A0570,2025-05-04,2.5,148.28,204.57,277.86,0.556,214.75
A0570,2025-05-05,2.5,130.76,187.87,262.22,0.556,198.2
A0570,2025-05-06,2.5,150.46,216.41,302.27,0.556,228.33
A0570,2025-05-07,2.5,147.28,215.26,303.77,0.556,227.55
A0570,2025-05-08,2.5,161.47,231.12,321.8,0.556,243.71
A0570,2025-05-09,2.5,174.79,252.36,353.36,0.556,266.39
A0570,2025-05-10,2.5,186.05,267.12,372.66,0.556,281.78
A0570,2025-05-11,2.5,113.18,163.41,228.81,0.556,172.5
A0570,2025-05-12,2.5,156.3,227.67,320.6,0.556,240.58
A0571,2025-04-29,3.0,224.55,299.97,399.4,0.556,313.78
A0571,2025-04-30,3.0,279.06,374.66,500.69,0.556,392.17
A0571,2025-05-01,3.0,204.07,278.13,375.76,0.556,291.69
A0571,2025-05-02,3.0,284.52,380.04,505.96,0.556,397.53
A0571,2025-05-03,3.0,297.49,405.09,546.94,0.556,424.79
A0571,2025-05-04,3.0,219.47,297.25,399.79,0.556,311.49
A0571,2025-05-05,3.0,209.29,281.85,377.5,0.556,295.13
A0571,2025-05-06,3.0,227.86,303.26,402.66,0.556,317.07
A0571,2025-05-07,3.0,232.87,306.99,404.7,0.556,320.56
A0571,2025-05-08,3.0,251.38,331.9,438.05,0.556,346.64
A0571,2025-05-09,3.0,283.68,377.62,501.46,0.556,394.82
A0571,2025-05-10,3.0,299.86,404.57,542.62,0.556,423.75
A0571,2025-05-11,3.0,175.87,235.86,314.96,0.556,246.85
A0571,2025-05-12,3.0,246.15,324.44,427.66,0.556,338.78
A0572,2025-04-29,431.7,33.81,51.09,69.43,0.909,69.84
A0572,2025-04-30,431.7,42.88,64.07,86.58,0.909,87.1
A0572,2025-05-01,431.7,31.67,47.04,63.36,0.909,63.73
A0572,2025-05-02,431.7,42.7,62.64,83.82,0.909,84.3
A0572,2025-05-03,431.7,44.78,67.46,91.55,0.909,92.1
A0572,2025-05-04,431.7,34.18,50.18,67.18,0.909,67.56
A0572,2025-05-05,431.7,28.35,41.36,55.17,0.909,55.49
A0572,2025-05-06,431.7,34.39,50.38,67.36,0.909,67.75
A0572,2025-05-07,431.7,36.36,52.17,68.96,0.909,69.34
A0572,2025-05-08,431.7,36.17,52.87,70.61,0.909,71.01
A0572,2025-05-09,431.7,39.94,58.04,77.25,0.909,77.69
A0572,2025-05-10,431.7,42.45,61.92,82.59,0.909,83.06
A0572,2025-05-11,431.7,27.4,38.94,51.19,0.909,51.46
A0572,2025-05-12,431.7,30.67,42.41,54.87,0.909,55.15
A0573,2025-04-29,6.8,16.55,43.12,84.84,0.556,48.91
A0573,2025-04-30,6.8,23.52,57.29,109.02,0.556,64.47
A0573,2025-05-01,6.8,14.79,39.01,77.34,0.556,44.33
A0573,2025-05-02,6.8,24.41,59.21,113.17,0.556,66.7
A0573,2025-05-03,6.8,25.34,61.09,116.76,0.556,68.82
A0573,2025-05-04,6.8,16.84,43.13,84.76,0.556,48.91
A0573,2025-05-05,6.8,18.74,46.98,91.68,0.556,53.19
A0573,2025-05-06,6.8,19.59,48.9,95.48,0.556,55.37
A0573,2025-05-07,6.8,21.37,52.42,100.21,0.556,59.06
A0573,2025-05-08,6.8,24.82,59.23,113.06,0.556,66.7
A0573,2025-05-09,6.8,27.34,64.78,122.7,0.556,72.82
A0573,2025-05-10,6.8,29.25,68.53,129.04,0.556,76.94
A0573,2025-05-11,6.8,15.35,39.79,78.4,0.556,45.15
A0573,2025-05-12,6.8,27.22,64.21,121.76,0.556,72.21
A0574,2025-04-29,191.8,8.45,19.38,31.11,0.909,31.37
A0574,2025-04-30,191.8,10.98,24.4,38.81,0.909,39.13
A0574,2025-05-01,191.8,8.48,16.85,25.83,0.909,26.04
A0574,2025-05-02,191.8,10.81,23.73,37.6,0.909,37.91
A0574,2025-05-03,191.8,11.89,23.85,36.69,0.909,36.98
A0574,2025-05-04,191.8,8.35,16.77,25.81,0.909,26.02
A0574,2025-05-05,191.8,7.52,18.67,30.65,0.909,30.92
A0574,2025-05-06,191.8,8.08,19.92,32.63,0.909,32.92
A0574,2025-05-07,191.8,7.85,20.16,33.37,0.909,33.67
A0574,2025-05-08,191.8,10.37,20.3,30.96,0.909,31.2
A0574,2025-05-09,191.8,9.66,23.36,38.05,0.909,38.39
A0574,2025-05-10,191.8,10.94,23.7,37.39,0.909,37.7
A0574,2025-05-11,191.8,6.36,14.8,23.87,0.909,24.08
A0574,2025-05-12,191.8,8.16,23.13,39.2,0.909,39.57
A0575,2025-04-29,172.5,8.9,16.81,26.83,0.909,27.06
A0575,2025-04-30,172.5,12.97,23.42,36.67,0.909,36.97
A0575,2025-05-01,172.5,9.11,17.23,27.52,0.909,27.76
A0575,2025-05-02,172.5,13.48,23.31,35.76,0.909,36.05
A0575,2025-05-03,172.5,14.9,25.88,39.79,0.909,40.11
A0575,2025-05-04,172.5,10.25,18.17,28.19,0.909,28.42
A0575,2025-05-05,172.5,10.26,18.15,28.14,0.909,28.36
A0575,2025-05-06,172.5,10.12,18.06,28.12,0.909,28.35
A0575,2025-05-07,172.5,10.65,19.13,29.88,0.909,30.12
A0575,2025-05-08,172.5,11.62,21.37,33.73,0.909,34.01
A0575,2025-05-09,172.5,13.15,22.91,35.27,0.909,35.55
A0575,2025-05-10,172.5,14.5,25.31,39.0,0.909,39.31
A0575,2025-05-11,172.5,8.3,14.91,23.28,0.909,23.47
A0575,2025-05-12,172.5,12.45,21.66,33.33,0.909,33.59
A0576,2025-04-29,8.3,90.0,130.0,175.31,0.556,136.29
A0576,2025-04-30,8.3,118.59,181.26,252.27,0.556,191.13
A0576,2025-05-01,8.3,84.81,120.06,159.99,0.556,125.61
A0576,2025-05-02,8.3,111.4,160.72,216.58,0.556,168.47
A0576,2025-05-03,8.3,119.28,171.54,230.75,0.556,179.77
A0576,2025-05-04,8.3,90.43,136.44,188.57,0.556,143.68
A0576,2025-05-05,8.3,86.39,121.56,161.4,0.556,127.1
A0576,2025-05-06,8.3,94.26,134.68,180.47,0.556,141.04
A0576,2025-05-07,8.3,101.5,146.23,196.89,0.556,153.26
A0576,2025-05-08,8.3,109.65,154.26,204.8,0.556,161.28
A0576,2025-05-09,8.3,115.26,164.44,220.17,0.556,172.18
A0576,2025-05-10,8.3,124.62,176.34,234.93,0.556,184.48
A0576,2025-05-11,8.3,77.65,112.52,152.03,0.556,118.01
A0576,2025-05-12,8.3,103.37,146.58,195.54,0.556,153.38
A0577,2025-04-29,5.9,117.13,166.76,220.72,0.556,174.25
A0577,2025-04-30,5.9,136.9,183.57,234.32,0.556,190.62
A0577,2025-05-01,5.9,107.71,151.83,199.81,0.556,158.49
A0577,2025-05-02,5.9,140.13,196.05,256.87,0.556,204.5
A0577,2025-05-03,5.9,143.74,203.32,268.1,0.556,212.31
A0577,2025-05-04,5.9,109.92,153.37,200.62,0.556,159.93
A0577,2025-05-05,5.9,109.0,152.71,200.25,0.556,159.31
A0577,2025-05-06,5.9,116.72,166.8,221.27,0.556,174.37
A0577,2025-05-07,5.9,118.52,162.7,210.74,0.556,169.37
A0577,2025-05-08,5.9,134.33,187.54,245.42,0.556,195.58
A0577,2025-05-09,5.9,140.38,197.51,259.63,0.556,206.14
A0577,2025-05-10,5.9,147.61,209.09,275.95,0.556,218.37
A0577,2025-05-11,5.9,95.17,136.75,181.97,0.556,143.03
A0577,2025-05-12,5.9,138.18,191.92,250.37,0.556,200.04
A0578,2025-04-29,154.0,9.13,14.92,21.74,0.909,21.89
A0578,2025-04-30,154.0,12.65,21.12,31.11,0.909,31.34
A0578,2025-05-01,154.0,8.48,15.15,23.01,0.909,23.18
A0578,2025-05-02,154.0,12.66,20.24,29.16,0.909,29.36
A0578,2025-05-03,154.0,14.03,22.3,32.03,0.909,32.25
A0578,2025-05-04,154.0,10.13,16.87,24.81,0.909,24.99
A0578,2025-05-05,154.0,9.17,15.55,23.06,0.909,23.23
A0578,2025-05-06,154.0,9.51,15.36,22.24,0.909,22.4
A0578,2025-05-07,154.0,10.55,17.35,25.36,0.909,25.55
A0578,2025-05-08,154.0,11.55,19.15,28.1,0.909,28.31
A0578,2025-05-09,154.0,12.42,20.01,28.96,0.909,29.16
A0578,2025-05-10,154.0,13.71,21.98,31.72,0.909,31.94
A0578,2025-05-11,154.0,8.26,13.9,20.53,0.909,20.68
A0578,2025-05-12,154.0,10.6,17.82,26.33,0.909,26.52
A0579,2025-04-29,5.2,11.6,18.11,24.85,0.556,19.05
A0579,2025-04-30,5.2,17.07,27.54,38.38,0.556,29.05
A0579,2025-05-01,5.2,10.87,17.34,24.02,0.556,18.27
A0579,2025-05-02,5.2,36.83,54.11,71.99,0.556,56.59
A0579,2025-05-03,5.2,38.29,56.9,76.15,0.556,59.57
A0579,2025-05-04,5.2,31.31,49.34,68.01,0.556,51.94
A0579,2025-05-05,5.2,28.86,44.06,59.78,0.556,46.24
A0579,2025-05-06,5.2,29.16,44.3,59.97,0.556,46.48
A0579,2025-05-07,5.2,11.46,19.37,27.56,0.556,20.51
A0579,2025-05-08,5.2,11.61,19.01,26.67,0.556,20.07
A0579,2025-05-09,5.2,12.67,20.06,27.71,0.556,21.12
A0579,2025-05-10,5.2,13.98,21.97,30.23,0.556,23.12
A0579,2025-05-11,5.2,9.3,15.34,21.59,0.556,16.21
A0579,2025-05-12,5.2,12.95,20.19,27.68,0.556,21.23
A0580,2025-04-29,2.5,37.27,51.45,71.75,0.556,54.27
A0580,2025-04-30,2.5,49.21,66.01,90.05,0.556,69.35
A0580,2025-05-01,2.5,34.93,48.01,66.73,0.556,50.61
A0580,2025-05-02,2.5,47.75,64.86,89.34,0.556,68.26
A0580,2025-05-03,2.5,48.34,66.23,91.81,0.556,69.78
A0580,2025-05-04,2.5,36.28,49.43,68.25,0.556,52.04
A0580,2025-05-05,2.5,36.17,49.48,68.53,0.556,52.13
A0580,2025-05-06,2.5,38.18,52.24,72.37,0.556,55.04
A0580,2025-05-07,2.5,123.69,158.56,208.46,0.556,165.49
A0580,2025-05-08,2.5,133.59,173.51,230.65,0.556,181.45
A0580,2025-05-09,2.5,145.27,188.68,250.78,0.556,197.3
A0580,2025-05-10,2.5,148.97,194.72,260.2,0.556,203.82
A0580,2025-05-11,2.5,25.82,36.96,52.9,0.556,39.18
A0580,2025-05-12,2.5,39.77,55.29,77.5,0.556,58.37
A0581,2025-04-29,3.4,86.18,119.86,163.34,0.556,125.9
A0581,2025-04-30,3.4,109.94,146.15,192.88,0.556,152.64
A0581,2025-05-01,3.4,74.47,102.66,139.06,0.556,107.72
A0581,2025-05-02,3.4,102.58,144.83,199.36,0.556,152.4
A0581,2025-05-03,3.4,112.82,157.34,214.8,0.556,165.32
A0581,2025-05-04,3.4,81.62,110.37,147.48,0.556,115.53
A0581,2025-05-05,3.4,74.86,103.3,140.0,0.556,108.4
A0581,2025-05-06,3.4,80.82,114.24,157.38,0.556,120.23
A0581,2025-05-07,3.4,86.57,121.67,166.97,0.556,127.96
A0581,2025-05-08,3.4,149.54,213.61,296.32,0.556,225.1
A0581,2025-05-09,3.4,164.75,235.76,327.41,0.556,248.49
A0581,2025-05-10,3.4,176.83,251.86,348.7,0.556,265.31
A0581,2025-05-11,3.4,107.91,154.83,215.39,0.556,163.24
A0581,2025-05-12,3.4,144.01,204.44,282.46,0.556,215.28
A0582,2025-04-29,3.0,117.66,163.39,216.83,0.556,170.81
A0582,2025-04-30,3.0,142.06,202.96,274.11,0.556,212.84
A0582,2025-05-01,3.0,104.18,148.71,200.74,0.556,155.94
A0582,2025-05-02,3.0,141.61,197.83,263.53,0.556,206.96
A0582,2025-05-03,3.0,147.41,209.01,280.98,0.556,219.01
A0582,2025-05-04,3.0,102.89,147.99,200.69,0.556,155.31
A0582,2025-05-05,3.0,108.78,150.75,199.79,0.556,157.56
A0582,2025-05-06,3.0,115.64,160.77,213.51,0.556,168.1
A0582,2025-05-07,3.0,160.05,219.85,289.72,0.556,229.55
A0582,2025-05-08,3.0,175.97,247.86,331.84,0.556,259.52
A0582,2025-05-09,3.0,193.5,268.97,357.15,0.556,281.22
A0582,2025-05-10,3.0,203.13,286.34,383.58,0.556,299.85
A0582,2025-05-11,3.0,123.47,170.23,224.87,0.556,177.82
A0582,2025-05-12,3.0,174.75,239.16,314.42,0.556,249.62
A0583,2025-04-29,399.7,21.73,31.45,44.64,0.909,44.94
A0583,2025-04-30,399.7,28.47,39.94,55.52,0.909,55.88
A0583,2025-05-01,399.7,17.71,28.38,42.88,0.909,43.21
A0583,2025-05-02,399.7,26.84,38.9,55.29,0.909,55.66
A0583,2025-05-03,399.7,26.93,38.45,54.1,0.909,54.45
A0583,2025-05-04,399.7,20.68,28.57,39.28,0.909,39.52
A0583,2025-05-05,399.7,23.4,35.14,51.09,0.909,51.45
A0583,2025-05-06,399.7,24.16,34.54,48.64,0.909,48.96
A0583,2025-05-07,399.7,26.04,38.47,55.36,0.909,55.75
A0583,2025-05-08,399.7,28.49,40.85,57.65,0.909,58.03
A0583,2025-05-09,399.7,29.76,43.01,61.01,0.909,61.42
A0583,2025-05-10,399.7,31.39,45.59,64.87,0.909,65.31
A0583,2025-05-11,399.7,20.14,29.29,41.72,0.909,42.0
A0583,2025-05-12,399.7,32.48,48.99,71.42,0.909,71.93
A0584,2025-04-29,416.2,33.79,48.09,66.05,0.909,66.46
A0584,2025-04-30,416.2,40.87,58.82,81.36,0.909,81.87
A0584,2025-05-01,416.2,27.6,37.47,49.88,0.909,50.17
A0584,2025-05-02,416.2,37.79,53.34,72.89,0.909,73.33
A0584,2025-05-03,416.2,41.17,57.27,77.49,0.909,77.95
A0584,2025-05-04,416.2,31.34,45.43,63.14,0.909,63.54
A0584,2025-05-05,416.2,28.88,39.78,53.48,0.909,53.79
A0584,2025-05-06,416.2,32.7,46.45,63.72,0.909,64.11
A0584,2025-05-07,416.2,32.93,47.91,66.72,0.909,67.15
A0584,2025-05-08,416.2,34.67,49.26,67.59,0.909,68.0
A0584,2025-05-09,416.2,36.96,52.68,72.44,0.909,72.89
A0584,2025-05-10,416.2,40.39,57.14,78.18,0.909,78.66
A0584,2025-05-11,416.2,26.23,38.13,53.08,0.909,53.42
A0584,2025-05-12,416.2,33.35,47.91,66.22,0.909,66.63
A0585,2025-04-29,5.6,16.87,28.57,41.67,0.556,30.39
A0585,2025-04-30,5.6,19.36,31.6,45.31,0.556,33.5
A0585,2025-05-01,5.6,15.06,26.12,38.51,0.556,27.84
A0585,2025-05-02,5.6,20.85,34.65,50.1,0.556,36.79
A0585,2025-05-03,5.6,21.1,33.27,46.89,0.556,35.16
A0585,2025-05-04,5.6,13.67,21.61,30.5,0.556,22.84
A0585,2025-05-05,5.6,16.1,28.04,41.41,0.556,29.89
A0585,2025-05-06,5.6,16.91,28.4,41.27,0.556,30.18
A0585,2025-05-07,5.6,17.96,29.93,43.32,0.556,31.79
A0585,2025-05-08,5.6,19.47,32.42,46.92,0.556,34.43
A0585,2025-05-09,5.6,20.93,35.16,51.1,0.556,37.37
A0585,2025-05-10,5.6,21.76,34.74,49.27,0.556,36.76
A0585,2025-05-11,5.6,12.63,20.34,28.96,0.556,21.53
A0585,2025-05-12,5.6,20.24,34.15,49.73,0.556,36.32
A0586,2025-04-29,5.6,66.41,92.1,123.52,0.556,96.46
A0586,2025-04-30,5.6,76.74,112.06,155.25,0.556,118.06
A0586,2025-05-01,5.6,61.2,84.74,113.53,0.556,88.74
A0586,2025-05-02,5.6,79.88,108.76,144.08,0.556,113.67
A0586,2025-05-03,5.6,85.54,120.01,162.16,0.556,125.86
A0586,2025-05-04,5.6,62.5,89.64,122.85,0.556,94.25
A0586,2025-05-05,5.6,58.35,82.7,112.49,0.556,86.84
A0586,2025-05-06,5.6,67.81,92.93,123.66,0.556,97.2
A0586,2025-05-07,5.6,69.97,97.9,132.07,0.556,102.65
A0586,2025-05-08,5.6,73.85,101.64,135.63,0.556,106.36
A0586,2025-05-09,5.6,79.14,108.54,144.5,0.556,113.53
A0586,2025-05-10,5.6,85.63,121.49,165.35,0.556,127.58
A0586,2025-05-11,5.6,51.62,72.48,97.99,0.556,76.02
A0586,2025-05-12,5.6,66.93,95.37,130.15,0.556,100.2
A0587,2025-04-29,406.7,32.05,47.05,67.26,0.909,67.72
A0587,2025-04-30,406.7,38.18,58.42,85.7,0.909,86.32
A0587,2025-05-01,406.7,26.78,41.04,60.25,0.909,60.69
A0587,2025-05-02,406.7,41.18,60.52,86.58,0.909,87.17
A0587,2025-05-03,406.7,38.16,57.56,83.69,0.909,84.28
A0587,2025-05-04,406.7,27.73,41.97,61.16,0.909,61.6
A0587,2025-05-05,406.7,32.1,47.67,68.64,0.909,69.11
A0587,2025-05-06,406.7,35.03,51.41,73.47,0.909,73.97
A0587,2025-05-07,406.7,35.18,51.49,73.46,0.909,73.96
A0587,2025-05-08,406.7,38.83,56.4,80.09,0.909,80.62
A0587,2025-05-09,406.7,43.31,63.51,90.71,0.909,91.33
A0587,2025-05-10,406.7,41.93,62.56,90.34,0.909,90.98
A0587,2025-05-11,406.7,26.47,39.45,56.95,0.909,57.34
A0587,2025-05-12,406.7,42.41,63.82,92.67,0.909,93.33
A0588,2025-04-29,4.8,58.55,86.69,117.34,0.556,90.95
A0588,2025-04-30,4.8,70.96,108.26,148.89,0.556,113.9
A0588,2025-05-01,4.8,54.87,81.57,110.64,0.556,85.6
A0588,2025-05-02,4.8,72.73,106.63,143.56,0.556,111.76
A0588,2025-05-03,4.8,75.53,114.51,156.96,0.556,120.41
A0588,2025-05-04,4.8,55.3,80.89,108.76,0.556,84.76
A0588,2025-05-05,4.8,55.41,83.21,113.48,0.556,87.41
A0588,2025-05-06,4.8,59.18,87.03,117.36,0.556,91.24
A0588,2025-05-07,4.8,62.62,94.29,128.77,0.556,99.08
A0588,2025-05-08,4.8,69.04,103.41,140.83,0.556,108.6
A0588,2025-05-09,4.8,72.11,106.68,144.33,0.556,111.91
A0588,2025-05-10,4.8,76.49,116.99,161.1,0.556,123.12
A0588,2025-05-11,4.8,46.41,68.11,91.75,0.556,71.39
A0588,2025-05-12,4.8,68.96,104.49,143.19,0.556,109.86
A0589,2025-04-29,5.7,258.41,344.2,445.65,0.556,358.29
A0589,2025-04-30,5.7,332.63,451.34,591.71,0.556,470.83
A0589,2025-05-01,5.7,218.28,295.18,386.13,0.556,307.82
A0589,2025-05-02,5.7,294.44,392.57,508.62,0.556,408.69
A0589,2025-05-03,5.7,324.65,434.54,564.48,0.556,452.58
A0589,2025-05-04,5.7,242.64,330.18,433.71,0.556,344.56
A0589,2025-05-05,5.7,242.72,321.96,415.65,0.556,334.97
A0589,2025-05-06,5.7,260.28,344.25,443.55,0.556,358.04
A0589,2025-05-07,5.7,271.13,369.52,485.87,0.556,385.68
A0589,2025-05-08,5.7,286.18,384.09,499.88,0.556,400.17
A0589,2025-05-09,5.7,304.47,403.7,521.03,0.556,419.99
A0589,2025-05-10,5.7,337.18,450.77,585.09,0.556,469.42
A0589,2025-05-11,5.7,204.62,279.08,367.14,0.556,291.31
A0589,2025-05-12,5.7,288.14,383.58,496.44,0.556,399.25
A0590,2025-04-29,329.1,10.72,18.03,28.31,0.909,28.54
A0590,2025-04-30,329.1,12.66,19.88,30.03,0.909,30.26
A0590,2025-05-01,329.1,9.53,17.36,28.38,0.909,28.63
A0590,2025-05-02,329.1,13.12,22.35,35.34,0.909,35.63
A0590,2025-05-03,329.1,12.2,20.07,31.14,0.909,31.4
A0590,2025-05-04,329.1,9.59,15.61,24.07,0.909,24.26
A0590,2025-05-05,329.1,11.76,20.54,32.88,0.909,33.16
A0590,2025-05-06,329.1,12.23,20.86,32.99,0.909,33.27
A0590,2025-05-07,329.1,11.39,17.6,26.33,0.909,26.53
A0590,2025-05-08,329.1,12.97,20.98,32.25,0.909,32.5
A0590,2025-05-09,329.1,14.58,24.46,38.34,0.909,38.66
A0590,2025-05-10,329.1,14.09,22.57,34.49,0.909,34.76
A0590,2025-05-11,329.1,9.61,15.74,24.35,0.909,24.55
A0590,2025-05-12,329.1,16.58,28.38,44.96,0.909,45.34
A0591,2025-04-29,5.3,22.88,34.69,48.59,0.556,36.62
A0591,2025-04-30,5.3,28.69,44.72,63.59,0.556,47.34
A0591,2025-05-01,5.3,20.39,30.03,41.38,0.556,31.61
A0591,2025-05-02,5.3,27.52,40.98,56.82,0.556,43.18
A0591,2025-05-03,5.3,30.66,45.5,62.96,0.556,47.92
A0591,2025-05-04,5.3,22.58,36.13,52.08,0.556,38.34
A0591,2025-05-05,5.3,19.5,29.51,41.29,0.556,31.15
A0591,2025-05-06,5.3,22.55,33.88,47.21,0.556,35.73
A0591,2025-05-07,5.3,22.08,34.51,49.14,0.556,36.55
A0591,2025-05-08,5.3,24.76,37.06,51.53,0.556,39.07
A0591,2025-05-09,5.3,26.72,40.19,56.05,0.556,42.4
A0591,2025-05-10,5.3,29.27,44.44,62.3,0.556,46.92
A0591,2025-05-11,5.3,17.6,28.18,40.63,0.556,29.91
A0591,2025-05-12,5.3,22.12,33.94,47.86,0.556,35.87
A0592,2025-04-29,5.6,63.37,86.48,112.24,0.556,90.06
A0592,2025-04-30,5.6,82.27,105.89,132.21,0.556,109.54
A0592,2025-05-01,5.6,53.25,69.36,87.33,0.556,71.86
A0592,2025-05-02,5.6,75.38,102.33,132.37,0.556,106.5
A0592,2025-05-03,5.6,79.25,105.72,135.23,0.556,109.82
A0592,2025-05-04,5.6,59.77,79.12,100.68,0.556,82.11
A0592,2025-05-05,5.6,60.52,77.93,97.33,0.556,80.62
A0592,2025-05-06,5.6,64.36,88.18,114.74,0.556,91.87
A0592,2025-05-07,5.6,66.81,88.74,113.17,0.556,92.13
A0592,2025-05-08,5.6,71.54,95.86,122.96,0.556,99.62
A0592,2025-05-09,5.6,76.78,104.07,134.49,0.556,108.3
A0592,2025-05-10,5.6,82.05,108.78,138.57,0.556,112.92
A0592,2025-05-11,5.6,52.01,70.6,91.33,0.556,73.48
A0592,2025-05-12,5.6,76.53,102.43,131.3,0.556,106.44
A0593,2025-04-29,6.0,12.3,20.95,31.14,0.556,22.37
A0593,2025-04-30,6.0,16.41,29.85,45.69,0.556,32.05
A0593,2025-05-01,6.0,11.65,19.66,29.09,0.556,20.97
A0593,2025-05-02,6.0,16.76,27.26,39.62,0.556,28.97
A0593,2025-05-03,6.0,17.9,29.35,42.84,0.556,31.23
A0593,2025-05-04,6.0,12.47,21.87,32.93,0.556,23.41
A0593,2025-05-05,6.0,12.25,20.78,30.83,0.556,22.18
A0593,2025-05-06,6.0,13.22,22.14,32.65,0.556,23.6
A0593,2025-05-07,6.0,14.26,24.06,35.59,0.556,25.66
A0593,2025-05-08,6.0,15.71,26.5,39.21,0.556,28.27
A0593,2025-05-09,6.0,16.63,27.28,39.83,0.556,29.02
A0593,2025-05-10,6.0,18.16,29.85,43.6,0.556,31.76
A0593,2025-05-11,6.0,10.48,17.92,26.68,0.556,19.14
A0593,2025-05-12,6.0,16.09,27.48,40.9,0.556,29.35
A0594,2025-04-29,338.1,11.27,17.27,24.61,0.909,24.77
A0594,2025-04-30,338.1,11.27,17.41,24.92,0.909,25.09
A0594,2025-05-01,338.1,8.36,12.25,17.0,0.909,17.1
A0594,2025-05-02,338.1,12.83,19.76,28.22,0.909,28.42
A0594,2025-05-03,338.1,13.36,20.42,29.05,0.909,29.24
A0594,2025-05-04,338.1,8.86,14.17,20.66,0.909,20.81
A0594,2025-05-05,338.1,7.84,11.14,15.17,0.909,15.26
A0594,2025-05-06,338.1,11.21,16.42,22.8,0.909,22.94
A0594,2025-05-07,338.1,10.68,16.36,23.29,0.909,23.45
A0594,2025-05-08,338.1,10.68,16.1,22.72,0.909,22.87
A0594,2025-05-09,338.1,12.24,18.64,26.45,0.909,26.63
A0594,2025-05-10,338.1,12.52,18.84,26.57,0.909,26.75
A0594,2025-05-11,338.1,7.93,12.35,17.75,0.909,17.87
A0594,2025-05-12,338.1,7.92,11.34,15.51,0.909,15.61
A0595,2025-04-29,6.5,59.66,81.72,109.23,0.556,85.54
A0595,2025-04-30,6.5,73.75,96.04,123.83,0.556,99.9
A0595,2025-05-01,6.5,52.66,72.19,96.53,0.556,75.57
A0595,2025-05-02,6.5,70.88,95.7,126.63,0.556,99.99
A0595,2025-05-03,6.5,71.88,95.77,125.55,0.556,99.91
A0595,2025-05-04,6.5,54.29,71.54,93.04,0.556,74.53
A0595,2025-05-05,6.5,57.0,73.49,94.04,0.556,76.34
A0595,2025-05-06,6.5,58.7,81.04,108.88,0.556,84.91
A0595,2025-05-07,6.5,61.19,82.02,107.98,0.556,85.63
A0595,2025-05-08,6.5,66.28,92.69,125.6,0.556,97.26
A0595,2025-05-09,6.5,70.86,96.71,128.91,0.556,101.18
A0595,2025-05-10,6.5,74.13,100.0,132.25,0.556,104.48
A0595,2025-05-11,6.5,47.72,64.47,85.34,0.556,67.37
A0595,2025-05-12,6.5,69.23,91.65,119.58,0.556,95.53
A0596,2025-04-29,309.9,15.27,23.75,34.29,0.909,34.53
A0596,2025-04-30,309.9,17.26,26.01,36.89,0.909,37.14
A0596,2025-05-01,309.9,13.02,18.86,26.13,0.909,26.29
A0596,2025-05-02,309.9,17.98,27.18,38.62,0.909,38.88
A0596,2025-05-03,309.9,17.46,26.73,38.24,0.909,38.5
A0596,2025-05-04,309.9,12.96,19.34,27.27,0.909,27.45
A0596,2025-05-05,309.9,13.17,19.56,27.5,0.909,27.69
A0596,2025-05-06,309.9,15.69,23.99,34.31,0.909,34.54
A0596,2025-05-07,309.9,15.95,24.71,35.59,0.909,35.84
A0596,2025-05-08,309.9,28.29,41.37,57.63,0.909,58.0
A0596,2025-05-09,309.9,31.83,46.97,65.79,0.909,66.22
A0596,2025-05-10,309.9,31.7,47.23,66.53,0.909,66.97
A0596,2025-05-11,309.9,20.29,30.61,43.42,0.909,43.71
A0596,2025-05-12,309.9,15.57,23.76,33.92,0.909,34.16
A0597,2025-04-29,358.5,47.79,72.02,99.23,0.909,99.85
A0597,2025-04-30,358.5,52.56,77.82,106.18,0.909,106.83
A0597,2025-05-01,358.5,43.22,66.74,93.16,0.909,93.76
A0597,2025-05-02,358.5,54.39,82.81,114.72,0.909,115.45
A0597,2025-05-03,358.5,122.29,185.8,257.14,0.909,258.76
A0597,2025-05-04,358.5,100.8,150.09,205.45,0.909,206.71
A0597,2025-05-05,358.5,121.86,192.23,271.26,0.909,273.06
A0597,2025-05-06,358.5,118.49,188.03,266.14,0.909,267.91
A0597,2025-05-07,358.5,28.26,46.12,66.17,0.909,66.63
A0597,2025-05-08,358.5,32.05,50.97,72.23,0.909,72.72
A0597,2025-05-09,358.5,34.27,54.08,76.33,0.909,76.83
A0597,2025-05-10,358.5,34.93,53.84,75.09,0.909,75.57
A0597,2025-05-11,358.5,25.14,39.16,54.91,0.909,55.27
A0597,2025-05-12,358.5,104.04,157.69,217.95,0.909,219.32
A0598,2025-04-29,409.1,1.03,8.53,21.86,0.909,22.16
A0598,2025-04-30,409.1,1.79,10.81,26.3,0.909,26.65
A0598,2025-05-01,409.1,1.29,8.41,21.56,0.909,21.86
A0598,2025-05-02,409.1,2.18,11.72,27.97,0.909,28.34
A0598,2025-05-03,409.1,2.48,12.61,29.81,0.909,30.21
A0598,2025-05-04,409.1,1.66,9.88,24.55,0.909,24.89
A0598,2025-05-05,409.1,0.89,8.91,22.51,0.909,22.82
A0598,2025-05-06,409.1,1.82,11.07,26.72,0.909,27.08
A0598,2025-05-07,409.1,1.9,11.26,26.75,0.909,27.11
A0598,2025-05-08,409.1,2.4,12.39,29.14,0.909,29.52
A0598,2025-05-09,409.1,2.94,13.71,31.66,0.909,32.07
A0598,2025-05-10,409.1,3.42,14.71,33.61,0.909,34.04
A0598,2025-05-11,409.1,6.21,20.2,43.55,0.909,44.08
A0598,2025-05-12,409.1,7.05,22.37,48.13,0.909,48.72
A0599,2025-04-29,209.5,12.54,19.1,29.17,0.909,29.4
A0599,2025-04-30,209.5,16.13,24.92,38.43,0.909,38.74
A0599,2025-05-01,209.5,11.08,16.77,25.51,0.909,25.71
A0599,2025-05-02,209.5,15.72,23.7,35.97,0.909,36.24
A0599,2025-05-03,209.5,15.32,23.19,35.28,0.909,35.56
A0599,2025-05-04,209.5,10.75,16.94,26.43,0.909,26.65
A0599,2025-05-05,209.5,11.24,16.78,25.3,0.909,25.49
A0599,2025-05-06,209.5,13.12,19.9,30.3,0.909,30.54
A0599,2025-05-07,209.5,13.71,19.95,29.54,0.909,29.76
A0599,2025-05-08,209.5,15.01,22.27,33.42,0.909,33.68
A0599,2025-05-09,209.5,15.97,23.87,36.01,0.909,36.28
A0599,2025-05-10,209.5,16.0,23.59,35.25,0.909,35.51
A0599,2025-05-11,209.5,9.42,14.14,21.39,0.909,21.56
A0599,2025-05-12,209.5,14.52,21.49,32.2,0.909,32.44
A0600,2025-04-29,302.5,54.98,78.17,103.6,0.909,104.18
A0600,2025-04-30,302.5,69.64,95.56,123.98,0.909,124.62
A0600,2025-05-01,302.5,48.99,71.17,95.5,0.909,96.05
A0600,2025-05-02,302.5,68.99,97.88,129.56,0.909,130.28
A0600,2025-05-03,302.5,70.77,101.19,134.54,0.909,135.3
A0600,2025-05-04,302.5,50.21,69.71,91.09,0.909,91.58
A0600,2025-05-05,302.5,53.79,77.54,103.57,0.909,104.16
A0600,2025-05-06,302.5,56.52,81.24,108.35,0.909,108.97
A0600,2025-05-07,302.5,55.45,76.55,99.68,0.909,100.21
A0600,2025-05-08,302.5,60.45,85.53,113.03,0.909,113.65
A0600,2025-05-09,302.5,68.62,97.5,129.18,0.909,129.9
A0600,2025-05-10,302.5,71.02,100.56,132.94,0.909,133.68
A0600,2025-05-11,302.5,42.62,59.76,78.55,0.909,78.97
A0600,2025-05-12,302.5,66.36,94.47,125.29,0.909,125.99
A0601,2025-04-29,409.5,25.46,36.72,49.89,0.909,50.19
A0601,2025-04-30,409.5,33.79,50.06,69.07,0.909,69.5
A0601,2025-05-01,409.5,24.42,34.89,47.14,0.909,47.41
A0601,2025-05-02,409.5,31.45,46.31,63.69,0.909,64.09
A0601,2025-05-03,409.5,31.16,44.97,61.12,0.909,61.49
A0601,2025-05-04,409.5,25.05,37.31,51.65,0.909,51.98
A0601,2025-05-05,409.5,24.14,34.64,46.9,0.909,47.18
A0601,2025-05-06,409.5,26.0,37.18,50.26,0.909,50.56
A0601,2025-05-07,409.5,26.95,39.39,53.93,0.909,54.26
A0601,2025-05-08,409.5,29.01,41.89,56.94,0.909,57.29
A0601,2025-05-09,409.5,31.54,46.4,63.78,0.909,64.17
A0601,2025-05-10,409.5,31.54,45.4,61.6,0.909,61.96
A0601,2025-05-11,409.5,21.41,31.07,42.35,0.909,42.61
A0601,2025-05-12,409.5,29.79,42.27,56.86,0.909,57.19
A0602,2025-04-29,3.6,129.18,174.7,234.03,0.556,182.94
A0602,2025-04-30,3.6,157.7,211.72,282.13,0.556,221.5
A0602,2025-05-01,3.6,113.21,150.65,199.46,0.556,157.43
A0602,2025-05-02,3.6,165.62,222.66,297.01,0.556,232.98
A0602,2025-05-03,3.6,170.81,229.31,305.58,0.556,239.9
A0602,2025-05-04,3.6,117.18,157.69,210.51,0.556,165.03
A0602,2025-05-05,3.6,122.46,164.99,220.42,0.556,172.69
A0602,2025-05-06,3.6,132.55,178.03,237.32,0.556,186.26
A0602,2025-05-07,3.6,133.3,179.23,239.11,0.556,187.55
A0602,2025-05-08,3.6,141.57,187.83,248.15,0.556,196.21
A0602,2025-05-09,3.6,164.11,220.69,294.45,0.556,230.93
A0602,2025-05-10,3.6,170.34,227.95,303.05,0.556,238.38
A0602,2025-05-11,3.6,100.13,135.28,181.1,0.556,141.64
A0602,2025-05-12,3.6,148.09,198.66,264.57,0.556,207.81
A0603,2025-04-29,5.7,75.54,150.3,271.01,0.556,167.07
A0603,2025-04-30,5.7,96.9,187.15,330.47,0.556,207.06
A0603,2025-05-01,5.7,95.81,179.87,311.52,0.556,198.15
A0603,2025-05-02,5.7,132.03,251.42,436.09,0.556,277.07
A0603,2025-05-03,5.7,134.18,258.74,452.96,0.556,285.72
A0603,2025-05-04,5.7,91.59,176.52,312.36,0.556,195.39
A0603,2025-05-05,5.7,88.8,175.05,311.05,0.556,193.93
A0603,2025-05-06,5.7,54.0,117.92,220.84,0.556,132.21
A0603,2025-05-07,5.7,61.88,132.03,241.58,0.556,147.24
A0603,2025-05-08,5.7,73.04,152.08,276.5,0.556,169.36
A0603,2025-05-09,5.7,82.36,169.49,305.42,0.556,188.36
A0603,2025-05-10,5.7,90.05,182.96,327.6,0.556,203.05
A0603,2025-05-11,5.7,49.61,106.78,196.47,0.556,119.24
A0603,2025-05-12,5.7,79.27,162.56,292.4,0.556,180.59
A0604,2025-04-29,202.6,22.69,37.53,56.25,0.909,56.67
A0604,2025-04-30,202.6,27.2,41.44,59.4,0.909,59.81
A0604,2025-05-01,202.6,23.88,40.35,61.14,0.909,61.61
A0604,2025-05-02,202.6,30.85,48.29,70.3,0.909,70.8
A0604,2025-05-03,202.6,7.24,16.53,28.26,0.909,28.53
A0604,2025-05-04,202.6,4.22,9.65,16.51,0.909,16.66
A0604,2025-05-05,202.6,5.27,12.58,21.8,0.909,22.01
A0604,2025-05-06,202.6,6.38,13.54,22.57,0.909,22.78
A0604,2025-05-07,202.6,7.21,13.1,20.52,0.909,20.69
A0604,2025-05-08,202.6,7.59,15.76,26.07,0.909,26.3
A0604,2025-05-09,202.6,8.49,16.46,26.53,0.909,26.76
A0604,2025-05-10,202.6,9.77,18.71,29.98,0.909,30.23
A0604,2025-05-11,202.6,5.57,10.65,17.06,0.909,17.2
A0604,2025-05-12,202.6,8.81,16.91,27.13,0.909,27.36
A0605,2025-04-29,147.1,23.17,34.0,47.59,0.909,47.9
A0605,2025-04-30,147.1,28.81,42.84,60.44,0.909,60.84
A0605,2025-05-01,147.1,19.55,30.43,44.08,0.909,44.39
A0605,2025-05-02,147.1,26.84,40.59,57.83,0.909,58.22
A0605,2025-05-03,147.1,28.28,43.29,62.1,0.909,62.53
A0605,2025-05-04,147.1,19.44,29.39,41.88,0.909,42.16
A0605,2025-05-05,147.1,20.27,30.48,43.29,0.909,43.58
A0605,2025-05-06,147.1,22.42,33.29,46.92,0.909,47.23
A0605,2025-05-07,147.1,24.5,37.0,52.67,0.909,53.03
A0605,2025-05-08,147.1,26.31,40.03,57.25,0.909,57.64
A0605,2025-05-09,147.1,27.11,40.86,58.1,0.909,58.49
A0605,2025-05-10,147.1,29.58,44.56,63.35,0.909,63.77
A0605,2025-05-11,147.1,17.48,26.57,37.98,0.909,38.24
A0605,2025-05-12,147.1,24.99,37.3,52.75,0.909,53.1
A0606,2025-04-29,192.8,12.51,20.62,29.33,0.909,29.53
A0606,2025-04-30,192.8,14.65,25.35,36.84,0.909,37.1
A0606,2025-05-01,192.8,11.1,17.12,23.58,0.909,23.73
A0606,2025-05-02,192.8,16.58,25.99,36.1,0.909,36.33
A0606,2025-05-03,192.8,17.23,26.63,36.73,0.909,36.96
A0606,2025-05-04,192.8,11.79,20.43,29.71,0.909,29.92
A0606,2025-05-05,192.8,11.05,17.41,24.25,0.909,24.4
A0606,2025-05-06,192.8,12.97,21.01,29.64,0.909,29.83
A0606,2025-05-07,192.8,13.2,21.49,30.4,0.909,30.61
A0606,2025-05-08,192.8,14.74,23.3,32.5,0.909,32.71
A0606,2025-05-09,192.8,16.15,25.57,35.7,0.909,35.93
A0606,2025-05-10,192.8,17.11,26.57,36.74,0.909,36.97
A0606,2025-05-11,192.8,9.95,16.62,23.79,0.909,23.96
A0606,2025-05-12,192.8,14.04,22.98,32.57,0.909,32.79
A0607,2025-04-29,6.0,92.81,124.34,162.7,0.556,129.67
A0607,2025-04-30,6.0,115.59,158.09,209.8,0.556,165.27
A0607,2025-05-01,6.0,80.05,108.32,142.71,0.556,113.09
A0607,2025-05-02,6.0,112.94,152.21,200.0,0.556,158.85
A0607,2025-05-03,6.0,127.01,169.08,220.26,0.556,176.19
A0607,2025-05-04,6.0,87.12,121.28,162.83,0.556,127.05
A0607,2025-05-05,6.0,87.01,115.69,150.59,0.556,120.54
A0607,2025-05-06,6.0,98.96,130.61,169.11,0.556,135.95
A0607,2025-05-07,6.0,101.06,132.51,170.77,0.556,137.82
A0607,2025-05-08,6.0,102.21,135.43,175.86,0.556,141.05
A0607,2025-05-09,6.0,114.66,152.91,199.46,0.556,159.38
A0607,2025-05-10,6.0,127.18,167.4,216.34,0.556,174.2
A0607,2025-05-11,6.0,73.27,98.5,129.18,0.556,102.76
A0607,2025-05-12,6.0,101.35,134.8,175.49,0.556,140.45
A0608,2025-04-29,304.5,16.98,28.03,42.27,0.909,42.6
A0608,2025-04-30,304.5,21.6,36.99,56.82,0.909,57.27
A0608,2025-05-01,304.5,7.81,13.74,21.38,0.909,21.55
A0608,2025-05-02,304.5,11.64,20.17,31.16,0.909,31.41
A0608,2025-05-03,304.5,11.94,19.59,29.46,0.909,29.68
A0608,2025-05-04,304.5,8.88,15.36,23.72,0.909,23.91
A0608,2025-05-05,304.5,10.03,16.22,24.19,0.909,24.37
A0608,2025-05-06,304.5,11.47,17.74,25.82,0.909,26.0
A0608,2025-05-07,304.5,12.04,19.31,28.68,0.909,28.89
A0608,2025-05-08,304.5,12.71,20.02,29.43,0.909,29.64
A0608,2025-05-09,304.5,14.23,22.72,33.66,0.909,33.91
A0608,2025-05-10,304.5,14.41,22.01,31.8,0.909,32.02
A0608,2025-05-11,304.5,9.75,15.29,22.44,0.909,22.6
A0608,2025-05-12,304.5,13.54,20.81,30.19,0.909,30.4
A0609,2025-04-29,197.7,22.22,32.48,45.9,0.909,46.2
A0609,2025-04-30,197.7,29.32,43.77,62.67,0.909,63.1
A0609,2025-05-01,197.7,20.78,31.03,44.44,0.909,44.74
A0609,2025-05-02,197.7,27.69,41.48,59.54,0.909,59.95
A0609,2025-05-03,197.7,29.11,44.08,63.68,0.909,64.12
A0609,2025-05-04,197.7,20.76,31.33,45.17,0.909,45.48
A0609,2025-05-05,197.7,21.59,32.26,46.23,0.909,46.54
A0609,2025-05-06,197.7,22.31,32.67,46.22,0.909,46.53
A0609,2025-05-07,197.7,23.57,35.18,50.37,0.909,50.72
A0609,2025-05-08,197.7,26.06,38.95,55.83,0.909,56.21
A0609,2025-05-09,197.7,27.59,41.41,59.48,0.909,59.89
A0609,2025-05-10,197.7,29.52,44.45,64.0,0.909,64.44
A0609,2025-05-11,197.7,17.96,26.85,38.49,0.909,38.75
A0609,2025-05-12,197.7,26.81,39.85,56.91,0.909,57.29
A0610,2025-04-29,308.1,9.16,16.09,24.32,0.909,24.5
A0610,2025-04-30,308.1,12.01,21.28,32.31,0.909,32.56
A0610,2025-05-01,308.1,7.41,14.19,22.26,0.909,22.44
A0610,2025-05-02,308.1,12.03,20.91,31.48,0.909,31.72
A0610,2025-05-03,308.1,11.69,19.67,29.17,0.909,29.38
A0610,2025-05-04,308.1,9.17,15.65,23.37,0.909,23.54
A0610,2025-05-05,308.1,9.93,17.76,27.07,0.909,27.28
A0610,2025-05-06,308.1,10.8,18.4,27.45,0.909,27.65
A0610,2025-05-07,308.1,11.53,18.62,27.05,0.909,27.24
A0610,2025-05-08,308.1,12.76,20.24,29.14,0.909,29.34
A0610,2025-05-09,308.1,13.54,22.96,34.16,0.909,34.41
A0610,2025-05-10,308.1,13.66,22.45,32.9,0.909,33.14
A0610,2025-05-11,308.1,9.02,14.8,21.67,0.909,21.82
A0610,2025-05-12,308.1,13.6,23.87,36.08,0.909,36.35
A0611,2025-04-29,6.2,40.65,56.63,76.32,0.556,59.37
A0611,2025-04-30,6.2,54.58,73.57,96.97,0.556,76.82
A0611,2025-05-01,6.2,38.6,56.25,77.99,0.556,59.27
A0611,2025-05-02,6.2,50.02,68.85,92.05,0.556,72.08
A0611,2025-05-03,6.2,51.27,70.49,94.17,0.556,73.78
A0611,2025-05-04,6.2,40.16,56.76,77.21,0.556,59.6
A0611,2025-05-05,6.2,40.56,56.1,75.24,0.556,58.76
A0611,2025-05-06,6.2,41.95,58.6,79.11,0.556,61.45
A0611,2025-05-07,6.2,44.29,58.09,75.09,0.556,60.45
A0611,2025-05-08,6.2,49.46,67.7,90.17,0.556,70.82
A0611,2025-05-09,6.2,52.47,71.12,94.09,0.556,74.31
A0611,2025-05-10,6.2,54.68,73.17,95.93,0.556,76.33
A0611,2025-05-11,6.2,34.75,47.62,63.47,0.556,49.82
A0611,2025-05-12,6.2,52.35,68.93,89.34,0.556,71.76
A0612,2025-04-29,2.8,71.37,105.27,148.54,0.556,111.28
A0612,2025-04-30,2.8,57.07,83.66,117.58,0.556,88.37
A0612,2025-05-01,2.8,38.79,56.1,78.19,0.556,59.17
A0612,2025-05-02,2.8,57.16,82.73,115.37,0.556,87.26
A0612,2025-05-03,2.8,62.94,90.02,124.59,0.556,94.82
A0612,2025-05-04,2.8,46.68,66.32,91.4,0.556,69.81
A0612,2025-05-05,2.8,44.12,63.33,87.86,0.556,66.74
A0612,2025-05-06,2.8,49.61,70.78,97.79,0.556,74.53
A0612,2025-05-07,2.8,51.96,74.41,103.05,0.556,78.39
A0612,2025-05-08,2.8,56.16,79.46,109.2,0.556,83.59
A0612,2025-05-09,2.8,61.67,87.46,120.38,0.556,92.03
A0612,2025-05-10,2.8,65.9,93.65,129.06,0.556,98.57
A0612,2025-05-11,2.8,39.69,56.55,78.07,0.556,59.54
A0612,2025-05-12,2.8,55.66,80.23,111.59,0.556,84.59
A0613,2025-04-29,3.1,55.23,79.21,107.39,0.556,83.12
A0613,2025-04-30,3.1,69.23,100.7,137.69,0.556,105.84
A0613,2025-05-01,3.1,50.67,71.02,94.94,0.556,74.34
A0613,2025-05-02,3.1,67.84,98.13,133.73,0.556,103.07
A0613,2025-05-03,3.1,70.64,102.65,140.27,0.556,107.87
A0613,2025-05-04,3.1,51.45,75.22,103.16,0.556,79.1
A0613,2025-05-05,3.1,51.07,71.64,95.82,0.556,75.0
A0613,2025-05-06,3.1,56.0,80.0,108.22,0.556,83.92
A0613,2025-05-07,3.1,56.23,80.96,110.03,0.556,85.0
A0613,2025-05-08,3.1,60.62,87.34,118.73,0.556,91.7
A0613,2025-05-09,3.1,66.86,96.84,132.08,0.556,101.73
A0613,2025-05-10,3.1,69.71,101.05,137.9,0.556,106.17
A0613,2025-05-11,3.1,43.8,63.12,85.84,0.556,66.28
A0613,2025-05-12,3.1,64.11,89.79,119.98,0.556,93.99
A0614,2025-04-29,402.7,12.79,19.48,27.34,0.909,27.52
A0614,2025-04-30,402.7,15.59,24.17,34.25,0.909,34.48
A0614,2025-05-01,402.7,11.46,18.79,27.39,0.909,27.59
A0614,2025-05-02,402.7,14.63,22.84,32.47,0.909,32.69
A0614,2025-05-03,402.7,15.51,24.24,34.48,0.909,34.71
A0614,2025-05-04,402.7,11.32,17.83,25.47,0.909,25.65
A0614,2025-05-05,402.7,11.35,18.16,26.15,0.909,26.33
A0614,2025-05-06,402.7,12.82,19.71,27.8,0.909,27.98
A0614,2025-05-07,402.7,12.54,18.95,26.48,0.909,26.65
A0614,2025-05-08,402.7,13.86,21.59,30.67,0.909,30.88
A0614,2025-05-09,402.7,14.47,22.52,31.96,0.909,32.18
A0614,2025-05-10,402.7,15.63,23.92,33.64,0.909,33.86
A0614,2025-05-11,402.7,9.56,14.68,20.69,0.909,20.82
A0614,2025-05-12,402.7,13.66,20.89,29.37,0.909,29.57
A0615,2025-04-29,10.5,34.8,49.5,64.01,0.909,64.34
A0615,2025-04-30,10.5,44.27,63.81,83.09,0.909,83.53
A0615,2025-05-01,10.5,30.83,43.54,56.09,0.909,56.37
A0615,2025-05-02,10.5,42.08,60.46,78.59,0.909,79.0
A0615,2025-05-03,10.5,44.58,65.03,85.22,0.909,85.68
A0615,2025-05-04,10.5,33.02,47.32,61.44,0.909,61.76
A0615,2025-05-05,10.5,32.97,45.96,58.79,0.909,59.08
A0615,2025-05-06,10.5,36.24,51.31,66.19,0.909,66.53
A0615,2025-05-07,10.5,37.07,52.77,68.28,0.909,68.63
A0615,2025-05-08,10.5,39.25,55.62,71.78,0.909,72.15
A0615,2025-05-09,10.5,42.71,60.73,78.52,0.909,78.92
A0615,2025-05-10,10.5,45.03,64.47,83.65,0.909,84.09
A0615,2025-05-11,10.5,28.66,40.7,52.58,0.909,52.85
A0615,2025-05-12,10.5,85.62,126.65,167.15,0.909,168.07
A0616,2025-04-29,165.6,5.35,9.27,15.47,0.909,15.61
A0616,2025-04-30,165.6,7.35,13.21,22.49,0.909,22.7
A0616,2025-05-01,165.6,5.11,8.97,15.09,0.909,15.23
A0616,2025-05-02,165.6,6.99,11.8,19.44,0.909,19.61
A0616,2025-05-03,165.6,7.6,12.67,20.72,0.909,20.9
A0616,2025-05-04,165.6,5.66,10.23,17.48,0.909,17.64
A0616,2025-05-05,165.6,4.32,7.66,12.96,0.909,13.08
A0616,2025-05-06,165.6,5.04,8.86,14.9,0.909,15.04
A0616,2025-05-07,165.6,5.05,9.49,16.52,0.909,16.68
A0616,2025-05-08,165.6,5.79,10.79,18.72,0.909,18.9
A0616,2025-05-09,165.6,6.47,11.4,19.22,0.909,19.4
A0616,2025-05-10,165.6,7.25,12.61,21.1,0.909,21.29
A0616,2025-05-11,165.6,3.93,7.3,12.65,0.909,12.77
A0616,2025-05-12,165.6,5.2,9.48,16.25,0.909,16.41
A0617,2025-04-29,25.4,16.85,25.77,35.66,0.909,35.89
A0617,2025-04-30,25.4,19.51,32.16,46.18,0.909,46.5
A0617,2025-05-01,25.4,13.83,22.91,32.98,0.909,33.21
A0617,2025-05-02,25.4,22.2,30.6,39.91,0.909,40.12
A0617,2025-05-03,25.4,20.91,28.71,37.35,0.909,37.55
A0617,2025-05-04,25.4,35.89,57.03,80.48,0.909,81.01
A0617,2025-05-05,25.4,42.11,66.48,93.5,0.909,94.11
A0617,2025-05-06,25.4,42.35,66.46,93.2,0.909,93.81
A0617,2025-05-07,25.4,43.16,66.07,91.48,0.909,92.06
A0617,2025-05-08,25.4,48.87,72.7,99.14,0.909,99.74
A0617,2025-05-09,25.4,54.15,75.93,100.09,0.909,100.64
A0617,2025-05-10,25.4,21.33,30.64,40.96,0.909,41.19
A0617,2025-05-11,25.4,24.12,34.33,45.66,0.909,45.92
A0617,2025-05-12,25.4,38.12,56.72,77.34,0.909,77.81
A0618,2025-04-29,351.5,8.04,13.99,21.23,0.909,21.39
A0618,2025-04-30,351.5,9.5,15.71,23.28,0.909,23.46
A0618,2025-05-01,351.5,6.49,12.06,18.84,0.909,18.99
A0618,2025-05-02,351.5,9.6,16.43,24.74,0.909,24.93
A0618,2025-05-03,351.5,9.02,14.59,21.38,0.909,21.54
A0618,2025-05-04,351.5,7.02,12.15,18.4,0.909,18.54
A0618,2025-05-05,351.5,8.45,15.16,23.33,0.909,23.52
A0618,2025-05-06,351.5,8.88,15.46,23.47,0.909,23.65
A0618,2025-05-07,351.5,8.73,15.33,23.37,0.909,23.56
A0618,2025-05-08,351.5,10.19,17.06,25.43,0.909,25.62
A0618,2025-05-09,351.5,10.68,18.44,27.89,0.909,28.1
A0618,2025-05-10,351.5,10.62,17.64,26.2,0.909,26.4
A0618,2025-05-11,351.5,7.42,13.6,21.12,0.909,21.29
A0618,2025-05-12,351.5,12.91,23.49,36.39,0.909,36.69
A0619,2025-04-29,25.0,23.73,32.67,44.81,0.909,45.09
A0619,2025-04-30,25.0,30.38,41.11,55.68,0.909,56.01
A0619,2025-05-01,25.0,17.89,25.19,35.12,0.909,35.34
A0619,2025-05-02,25.0,25.56,35.76,49.61,0.909,49.93
A0619,2025-05-03,25.0,26.24,36.74,51.01,0.909,51.33
A0619,2025-05-04,25.0,21.58,29.41,40.05,0.909,40.29
A0619,2025-05-05,25.0,22.72,31.74,44.01,0.909,44.28
A0619,2025-05-06,25.0,24.65,34.24,47.27,0.909,47.56
A0619,2025-05-07,25.0,25.63,35.55,49.02,0.909,49.33
A0619,2025-05-08,25.0,27.47,37.57,51.28,0.909,51.59
A0619,2025-05-09,25.0,28.83,39.68,54.42,0.909,54.75
A0619,2025-05-10,25.0,30.05,41.94,58.08,0.909,58.45
A0619,2025-05-11,25.0,20.38,28.31,39.09,0.909,39.34
A0619,2025-05-12,25.0,29.63,43.31,61.89,0.909,62.31
A0620,2025-04-29,4.1,6.55,20.62,43.09,0.556,23.74
A0620,2025-04-30,4.1,9.68,27.54,56.51,0.556,31.56
A0620,2025-05-01,4.1,5.78,18.96,39.93,0.556,21.88
A0620,2025-05-02,4.1,5.54,19.77,42.89,0.556,22.98
A0620,2025-05-03,4.1,6.86,22.71,48.23,0.556,26.25
A0620,2025-05-04,4.1,3.99,16.09,35.82,0.556,18.83
A0620,2025-05-05,4.1,4.34,16.8,37.04,0.556,19.61
A0620,2025-05-06,4.1,5.46,19.18,41.47,0.556,22.28
A0620,2025-05-07,4.1,6.11,20.49,43.34,0.556,23.67
A0620,2025-05-08,4.1,7.32,23.04,48.32,0.556,26.55
A0620,2025-05-09,4.1,8.55,25.74,53.3,0.556,29.57
A0620,2025-05-10,4.1,9.74,28.24,57.71,0.556,32.33
A0620,2025-05-11,4.1,4.51,16.85,36.73,0.556,19.61
A0620,2025-05-12,4.1,7.97,24.38,50.73,0.556,28.04
A0621,2025-04-29,13.1,238.5,324.19,419.87,0.909,422.04
A0621,2025-04-30,13.1,283.39,381.9,491.9,0.909,494.4
A0621,2025-05-01,13.1,202.71,270.41,346.01,0.909,347.73
A0621,2025-05-02,13.1,286.9,392.74,510.93,0.909,513.62
A0621,2025-05-03,13.1,326.23,445.13,577.9,0.909,580.92
A0621,2025-05-04,13.1,235.63,322.18,418.83,0.909,421.03
A0621,2025-05-05,13.1,202.63,269.53,344.23,0.909,345.93
A0621,2025-05-06,13.1,235.3,318.9,412.23,0.909,414.35
A0621,2025-05-07,13.1,243.43,333.64,434.36,0.909,436.65
A0621,2025-05-08,13.1,260.5,354.09,458.6,0.909,460.97
A0621,2025-05-09,13.1,286.62,392.42,510.56,0.909,513.25
A0621,2025-05-10,13.1,325.29,445.55,579.83,0.909,582.88
A0621,2025-05-11,13.1,200.02,277.03,363.02,0.909,364.98
A0621,2025-05-12,13.1,249.62,340.9,442.82,0.909,445.14
A0622,2025-04-29,3.2,67.57,92.55,123.9,0.556,96.91
A0622,2025-04-30,3.2,86.95,117.75,156.41,0.556,123.12
A0622,2025-05-01,3.2,59.59,79.81,105.18,0.556,83.33
A0622,2025-05-02,3.2,81.06,110.07,146.48,0.556,115.13
A0622,2025-05-03,3.2,95.54,124.43,160.69,0.556,129.46
A0622,2025-05-04,3.2,65.73,87.79,115.48,0.556,91.63
A0622,2025-05-05,3.2,64.75,84.1,108.39,0.556,87.47
A0622,2025-05-06,3.2,70.24,95.4,126.99,0.556,99.79
A0622,2025-05-07,3.2,70.59,94.19,123.8,0.556,98.3
A0622,2025-05-08,3.2,69.31,95.54,128.47,0.556,100.11
A0622,2025-05-09,3.2,76.94,105.34,140.99,0.556,110.29
A0622,2025-05-10,3.2,86.07,113.85,148.72,0.556,118.69
A0622,2025-05-11,3.2,50.59,68.97,92.04,0.556,72.17
A0622,2025-05-12,3.2,71.12,95.56,126.22,0.556,99.81
A0623,2025-04-29,146.1,15.16,23.64,36.15,0.909,36.44
A0623,2025-04-30,146.1,19.56,30.98,47.83,0.909,48.21
A0623,2025-05-01,146.1,14.4,22.49,34.43,0.909,34.7
A0623,2025-05-02,146.1,20.03,31.04,47.29,0.909,47.66
A0623,2025-05-03,146.1,20.57,32.42,49.9,0.909,50.3
A0623,2025-05-04,146.1,14.39,22.6,34.71,0.909,34.99
A0623,2025-05-05,146.1,14.76,23.09,35.37,0.909,35.65
A0623,2025-05-06,146.1,15.94,24.52,37.17,0.909,37.46
A0623,2025-05-07,146.1,16.72,26.49,40.9,0.909,41.23
A0623,2025-05-08,146.1,18.12,28.04,42.69,0.909,43.02
A0623,2025-05-09,146.1,19.75,30.85,47.23,0.909,47.6
A0623,2025-05-10,146.1,20.73,32.7,50.36,0.909,50.76
A0623,2025-05-11,146.1,12.57,19.86,30.61,0.909,30.85
A0623,2025-05-12,146.1,18.44,28.5,43.34,0.909,43.68
A0624,2025-04-29,191.1,7.7,19.4,36.04,0.909,36.42
A0624,2025-04-30,191.1,14.64,24.61,38.79,0.909,39.11
A0624,2025-05-01,191.1,4.64,16.18,32.58,0.909,32.95
A0624,2025-05-02,191.1,10.52,23.26,41.37,0.909,41.78
A0624,2025-05-03,191.1,12.08,25.57,44.74,0.909,45.17
A0624,2025-05-04,191.1,9.69,18.06,29.94,0.909,30.21
A0624,2025-05-05,191.1,4.38,16.8,34.46,0.909,34.86
A0624,2025-05-06,191.1,6.62,18.99,36.57,0.909,36.97
A0624,2025-05-07,191.1,8.75,19.36,34.45,0.909,34.79
A0624,2025-05-08,191.1,32.11,44.17,61.3,0.909,61.69
A0624,2025-05-09,191.1,33.08,46.63,65.88,0.909,66.32
A0624,2025-05-10,191.1,33.42,48.43,69.76,0.909,70.25
A0624,2025-05-11,191.1,20.71,30.05,43.31,0.909,43.62
A0624,2025-05-12,191.1,0.63,15.32,36.19,0.909,36.67
A0625,2025-04-29,5.3,24.19,34.94,46.74,0.556,36.58
A0625,2025-04-30,5.3,31.01,43.5,57.2,0.556,45.4
A0625,2025-05-01,5.3,21.88,32.09,43.29,0.556,33.64
A0625,2025-05-02,5.3,27.3,39.23,52.32,0.556,41.05
A0625,2025-05-03,5.3,31.73,46.46,62.62,0.556,48.71
A0625,2025-05-04,5.3,23.16,33.86,45.6,0.556,35.49
A0625,2025-05-05,5.3,20.64,31.06,42.5,0.556,32.65
A0625,2025-05-06,5.3,22.45,33.44,45.5,0.556,35.11
A0625,2025-05-07,5.3,21.84,32.1,43.35,0.556,33.66
A0625,2025-05-08,5.3,45.18,68.92,94.98,0.556,72.54
A0625,2025-05-09,5.3,48.86,72.78,99.03,0.556,76.43
A0625,2025-05-10,5.3,54.08,82.78,114.28,0.556,87.16
A0625,2025-05-11,5.3,32.56,51.27,71.8,0.556,54.12
A0625,2025-05-12,5.3,42.78,66.59,92.72,0.556,70.22
A0626,2025-04-29,342.2,47.68,58.98,72.33,0.909,72.63
A0626,2025-04-30,342.2,56.01,67.19,80.4,0.909,80.7
A0626,2025-05-01,342.2,38.81,46.6,55.81,0.909,56.02
A0626,2025-05-02,342.2,58.09,71.04,86.36,0.909,86.71
A0626,2025-05-03,342.2,58.32,71.23,86.48,0.909,86.83
A0626,2025-05-04,342.2,42.78,51.89,62.67,0.909,62.91
A0626,2025-05-05,342.2,44.16,51.48,60.14,0.909,60.34
A0626,2025-05-06,342.2,51.44,62.15,74.82,0.909,75.11
A0626,2025-05-07,342.2,53.21,64.31,77.44,0.909,77.74
A0626,2025-05-08,342.2,55.91,67.56,81.33,0.909,81.65
A0626,2025-05-09,342.2,60.98,73.89,89.16,0.909,89.5
A0626,2025-05-10,342.2,61.71,74.85,90.38,0.909,90.73
A0626,2025-05-11,342.2,39.44,48.11,58.37,0.909,58.6
A0626,2025-05-12,342.2,54.06,63.94,75.61,0.909,75.87
A0627,2025-04-29,4.6,6.71,13.28,21.04,0.556,14.36
A0627,2025-04-30,4.6,9.05,15.18,22.42,0.556,16.19
A0627,2025-05-01,4.6,5.96,11.66,18.38,0.556,12.59
A0627,2025-05-02,4.6,8.82,16.9,26.43,0.556,18.22
A0627,2025-05-03,4.6,9.96,20.09,32.05,0.556,21.75
A0627,2025-05-04,4.6,7.59,12.56,18.43,0.556,13.37
A0627,2025-05-05,4.6,6.07,11.99,18.98,0.556,12.97
A0627,2025-05-06,4.6,6.81,13.56,21.54,0.556,14.67
A0627,2025-05-07,4.6,7.39,13.23,20.12,0.556,14.19
A0627,2025-05-08,4.6,8.11,14.85,22.79,0.556,15.95
A0627,2025-05-09,4.6,8.57,16.41,25.67,0.556,17.7
A0627,2025-05-10,4.6,9.8,19.18,30.26,0.556,20.72
A0627,2025-05-11,4.6,5.98,10.77,16.44,0.556,11.56
A0627,2025-05-12,4.6,7.58,14.27,22.17,0.556,15.37
A0628,2025-04-29,2.7,50.97,73.69,99.05,0.556,77.21
A0628,2025-04-30,2.7,60.94,91.49,125.6,0.556,96.23
A0628,2025-05-01,2.7,47.53,68.82,92.59,0.556,72.12
A0628,2025-05-02,2.7,58.51,87.44,119.75,0.556,91.93
A0628,2025-05-03,2.7,62.54,92.6,126.17,0.556,97.26
A0628,2025-05-04,2.7,56.9,86.6,119.76,0.556,91.21
A0628,2025-05-05,2.7,56.3,82.7,112.18,0.556,86.79
A0628,2025-05-06,2.7,59.13,87.97,120.17,0.556,92.44
A0628,2025-05-07,2.7,58.17,86.81,118.78,0.556,91.25
A0628,2025-05-08,2.7,64.87,99.7,138.58,0.556,105.1
A0628,2025-05-09,2.7,68.15,104.92,145.97,0.556,110.62
A0628,2025-05-10,2.7,72.92,111.16,153.86,0.556,117.09
A0628,2025-05-11,2.7,34.27,52.5,72.87,0.556,55.33
A0628,2025-05-12,2.7,50.82,76.49,105.16,0.556,80.48
A0629,2025-04-29,187.4,7.51,13.53,19.9,0.909,20.05
A0629,2025-04-30,187.4,10.49,15.73,21.28,0.909,21.41
A0629,2025-05-01,187.4,6.05,12.19,18.7,0.909,18.85
A0629,2025-05-02,187.4,9.09,16.28,23.89,0.909,24.07
A0629,2025-05-03,187.4,9.53,16.37,23.61,0.909,23.78
A0629,2025-05-04,187.4,7.35,11.18,15.25,0.909,15.34
A0629,2025-05-05,187.4,6.7,12.03,17.69,0.909,17.82
A0629,2025-05-06,187.4,7.46,13.58,20.07,0.909,20.22
A0629,2025-05-07,187.4,8.22,14.33,20.81,0.909,20.96
A0629,2025-05-08,187.4,8.41,15.79,23.62,0.909,23.8
A0629,2025-05-09,187.4,9.19,16.38,23.99,0.909,24.17
A0629,2025-05-10,187.4,9.98,16.75,23.93,0.909,24.1
A0629,2025-05-11,187.4,6.07,10.54,15.28,0.909,15.39
A0629,2025-05-12,187.4,8.96,15.39,22.2,0.909,22.36
A0630,2025-04-29,153.6,7.55,14.34,22.45,0.909,22.63
A0630,2025-04-30,153.6,7.0,13.04,20.27,0.909,20.43
A0630,2025-05-01,153.6,8.23,15.34,23.84,0.909,24.03
A0630,2025-05-02,153.6,12.24,21.98,33.63,0.909,33.89
A0630,2025-05-03,153.6,12.5,22.39,34.22,0.909,34.49
A0630,2025-05-04,153.6,8.81,15.84,24.24,0.909,24.43
A0630,2025-05-05,153.6,8.29,14.56,22.07,0.909,22.24
A0630,2025-05-06,153.6,9.68,17.51,26.86,0.909,27.07
A0630,2025-05-07,153.6,7.54,14.52,22.85,0.909,23.04
A0630,2025-05-08,153.6,6.05,12.0,19.1,0.909,19.26
A0630,2025-05-09,153.6,6.94,13.32,20.96,0.909,21.13
A0630,2025-05-10,153.6,7.52,14.07,21.9,0.909,22.07
A0630,2025-05-11,153.6,4.43,8.6,13.59,0.909,13.71
A0630,2025-05-12,153.6,7.33,12.35,18.35,0.909,18.48
A0631,2025-04-29,372.1,18.7,29.72,43.6,0.909,43.91
A0631,2025-04-30,372.1,20.45,33.32,49.54,0.909,49.9
A0631,2025-05-01,372.1,16.33,24.15,34.01,0.909,34.24
A0631,2025-05-02,372.1,21.38,33.23,48.16,0.909,48.5
A0631,2025-05-03,372.1,21.84,34.61,50.7,0.909,51.06
A0631,2025-05-04,372.1,16.72,27.64,41.41,0.909,41.72
A0631,2025-05-05,372.1,20.75,29.92,41.48,0.909,41.74
A0631,2025-05-06,372.1,24.64,36.95,52.46,0.909,52.82
A0631,2025-05-07,372.1,23.09,35.04,50.09,0.909,50.44
A0631,2025-05-08,372.1,23.36,35.08,49.86,0.909,50.19
A0631,2025-05-09,372.1,26.17,39.91,57.23,0.909,57.62
A0631,2025-05-10,372.1,19.75,31.96,47.33,0.909,47.68
A0631,2025-05-11,372.1,13.98,22.45,33.11,0.909,33.35
A0631,2025-05-12,372.1,17.5,25.7,36.03,0.909,36.27
A0632,2025-04-29,173.2,3.82,6.88,11.35,0.909,11.46
A0632,2025-04-30,173.2,4.77,8.91,14.96,0.909,15.1
A0632,2025-05-01,173.2,3.01,5.59,9.37,0.909,9.45
A0632,2025-05-02,173.2,4.21,7.89,13.26,0.909,13.38
A0632,2025-05-03,173.2,4.87,8.58,14.0,0.909,14.12
A0632,2025-05-04,173.2,3.03,6.3,11.08,0.909,11.19
A0632,2025-05-05,173.2,3.46,5.82,9.27,0.909,9.35
A0632,2025-05-06,173.2,3.49,6.52,10.96,0.909,11.06
A0632,2025-05-07,173.2,3.65,6.97,11.81,0.909,11.92
A0632,2025-05-08,173.2,4.18,7.77,13.0,0.909,13.12
A0632,2025-05-09,173.2,4.2,7.89,13.28,0.909,13.4
A0632,2025-05-10,173.2,4.95,8.69,14.16,0.909,14.29
A0632,2025-05-11,173.2,2.81,5.5,9.43,0.909,9.52
A0632,2025-05-12,173.2,4.61,7.72,12.26,0.909,12.36
A0633,2025-04-29,6.0,67.13,89.08,117.44,0.556,93.02
A0633,2025-04-30,6.0,78.72,101.53,130.99,0.556,105.62
A0633,2025-05-01,6.0,60.03,78.49,102.33,0.556,81.8
A0633,2025-05-02,6.0,83.67,110.38,144.88,0.556,115.17
A0633,2025-05-03,6.0,85.24,114.43,152.14,0.556,119.67
A0633,2025-05-04,6.0,62.46,81.8,106.77,0.556,85.27
A0633,2025-05-05,6.0,61.9,79.69,102.66,0.556,82.88
A0633,2025-05-06,6.0,69.8,92.18,121.09,0.556,96.2
A0633,2025-05-07,6.0,71.38,92.51,119.81,0.556,96.31
A0633,2025-05-08,6.0,80.03,106.33,140.29,0.556,111.04
A0633,2025-05-09,6.0,85.33,112.31,147.16,0.556,117.15
A0633,2025-05-10,6.0,89.09,118.5,156.48,0.556,123.77
A0633,2025-05-11,6.0,55.92,74.11,97.61,0.556,77.38
A0633,2025-05-12,6.0,80.83,107.07,140.96,0.556,111.77
A0634,2025-04-29,198.6,10.9,19.95,27.68,0.909,27.86
A0634,2025-04-30,198.6,14.6,28.32,40.04,0.909,40.3
A0634,2025-05-01,198.6,3.27,8.04,12.11,0.909,12.2
A0634,2025-05-02,198.6,5.62,12.54,18.44,0.909,18.57
A0634,2025-05-03,198.6,6.05,13.28,19.45,0.909,19.59
A0634,2025-05-04,198.6,4.44,11.8,18.09,0.909,18.23
A0634,2025-05-05,198.6,4.77,9.6,13.71,0.909,13.8
A0634,2025-05-06,198.6,5.35,10.57,15.03,0.909,15.13
A0634,2025-05-07,198.6,5.62,11.39,16.31,0.909,16.42
A0634,2025-05-08,198.6,5.9,12.82,18.72,0.909,18.85
A0634,2025-05-09,198.6,6.83,13.94,20.0,0.909,20.14
A0634,2025-05-10,198.6,7.2,14.88,21.44,0.909,21.59
A0634,2025-05-11,198.6,4.34,10.09,14.99,0.909,15.1
A0634,2025-05-12,198.6,7.22,13.89,19.58,0.909,19.71
A0635,2025-04-29,2.7,25.24,58.52,112.41,0.556,66.0
A0635,2025-04-30,2.7,34.3,75.65,142.06,0.556,84.88
A0635,2025-05-01,2.7,24.35,55.91,106.25,0.556,62.9
A0635,2025-05-02,2.7,35.55,78.31,146.05,0.556,87.72
A0635,2025-05-03,2.7,38.1,83.37,155.55,0.556,93.4
A0635,2025-05-04,2.7,25.17,57.89,110.76,0.556,65.23
A0635,2025-05-05,2.7,23.08,54.35,104.22,0.556,61.28
A0635,2025-05-06,2.7,26.8,61.68,117.03,0.556,69.36
A0635,2025-05-07,2.7,28.82,65.56,123.3,0.556,73.58
A0635,2025-05-08,2.7,31.72,71.15,133.69,0.556,79.83
A0635,2025-05-09,2.7,35.55,78.96,147.44,0.556,88.48
A0635,2025-05-10,2.7,38.89,85.47,159.63,0.556,95.77
A0635,2025-05-11,2.7,19.32,47.32,92.09,0.556,53.54
A0635,2025-05-12,2.7,31.33,71.11,134.17,0.556,79.87
A0636,2025-04-29,2.8,168.99,233.47,312.97,0.556,244.51
A0636,2025-04-30,2.8,225.79,303.83,400.03,0.556,317.19
A0636,2025-05-01,2.8,144.52,199.45,267.16,0.556,208.85
A0636,2025-05-02,2.8,142.81,203.18,277.6,0.556,213.51
A0636,2025-05-03,2.8,150.41,212.84,289.79,0.556,223.52
A0636,2025-05-04,2.8,116.96,162.81,219.33,0.556,170.66
A0636,2025-05-05,2.8,109.43,151.77,203.97,0.556,159.02
A0636,2025-05-06,2.8,119.83,167.45,226.16,0.556,175.61
A0636,2025-05-07,2.8,127.65,175.04,233.45,0.556,183.15
A0636,2025-05-08,2.8,136.37,188.79,253.41,0.556,197.77
A0636,2025-05-09,2.8,152.54,212.65,286.76,0.556,222.95
A0636,2025-05-10,2.8,159.51,221.32,297.51,0.556,231.9
A0636,2025-05-11,2.8,99.03,137.8,185.6,0.556,144.44
A0636,2025-05-12,2.8,141.32,194.54,260.16,0.556,203.66
A0637,2025-04-29,362.3,3.62,8.8,14.74,0.909,14.87
A0637,2025-04-30,362.3,3.8,9.39,15.82,0.909,15.97
A0637,2025-05-01,362.3,2.74,6.63,11.1,0.909,11.2
A0637,2025-05-02,362.3,4.02,9.76,16.36,0.909,16.51
A0637,2025-05-03,362.3,3.91,10.53,18.13,0.909,18.3
A0637,2025-05-04,362.3,3.25,7.65,12.7,0.909,12.82
A0637,2025-05-05,362.3,2.85,6.13,9.9,0.909,9.99
A0637,2025-05-06,362.3,3.58,8.28,13.67,0.909,13.79
A0637,2025-05-07,362.3,3.55,8.68,14.58,0.909,14.72
A0637,2025-05-08,362.3,3.66,8.41,13.86,0.909,13.99
A0637,2025-05-09,362.3,3.49,8.82,14.94,0.909,15.08
A0637,2025-05-10,362.3,3.64,9.58,16.41,0.909,16.56
A0637,2025-05-11,362.3,6.79,13.24,20.65,0.909,20.82
A0637,2025-05-12,362.3,7.61,13.17,19.55,0.909,19.7
A0638,2025-04-29,339.5,12.24,19.71,28.38,0.909,28.58
A0638,2025-04-30,339.5,14.93,22.95,32.26,0.909,32.48
A0638,2025-05-01,339.5,11.44,18.18,26.0,0.909,26.18
A0638,2025-05-02,339.5,15.87,24.34,34.18,0.909,34.41
A0638,2025-05-03,339.5,15.23,23.91,33.99,0.909,34.22
A0638,2025-05-04,339.5,11.22,17.26,24.28,0.909,24.44
A0638,2025-05-05,339.5,11.69,18.63,26.7,0.909,26.89
A0638,2025-05-06,339.5,26.6,43.16,62.41,0.909,62.85
A0638,2025-05-07,339.5,26.09,42.65,61.89,0.909,62.33
A0638,2025-05-08,339.5,26.79,44.88,65.9,0.909,66.38
A0638,2025-05-09,339.5,29.33,48.24,70.22,0.909,70.72
A0638,2025-05-10,339.5,29.08,48.56,71.21,0.909,71.72
A0638,2025-05-11,339.5,19.41,32.07,46.79,0.909,47.13
A0638,2025-05-12,339.5,11.8,19.86,29.22,0.909,29.44
A0639,2025-04-29,391.7,24.58,41.65,66.4,0.909,66.96
A0639,2025-04-30,391.7,29.87,51.02,81.7,0.909,82.39
A0639,2025-05-01,391.7,22.27,35.02,53.5,0.909,53.92
A0639,2025-05-02,391.7,29.27,47.69,74.39,0.909,75.0
A0639,2025-05-03,391.7,9.76,17.81,29.5,0.909,29.76
A0639,2025-05-04,391.7,8.03,15.68,26.77,0.909,27.02
A0639,2025-05-05,391.7,7.34,12.27,19.42,0.909,19.59
A0639,2025-05-06,391.7,9.43,15.28,23.77,0.909,23.96
A0639,2025-05-07,391.7,9.45,15.71,24.77,0.909,24.98
A0639,2025-05-08,391.7,10.6,17.41,27.29,0.909,27.51
A0639,2025-05-09,391.7,11.17,18.09,28.12,0.909,28.35
A0639,2025-05-10,391.7,11.87,19.59,30.79,0.909,31.05
A0639,2025-05-11,391.7,8.44,13.92,21.85,0.909,22.03
A0639,2025-05-12,391.7,10.02,15.24,22.81,0.909,22.98
A0640,2025-04-29,2.6,55.1,72.69,89.88,0.556,75.08
A0640,2025-04-30,2.6,66.64,85.66,104.24,0.556,88.24
A0640,2025-05-01,2.6,46.2,60.5,74.47,0.556,62.44
A0640,2025-05-02,2.6,68.26,90.76,112.74,0.556,93.81
A0640,2025-05-03,2.6,74.25,98.75,122.68,0.556,102.07
A0640,2025-05-04,2.6,48.83,62.95,76.74,0.556,64.86
A0640,2025-05-05,2.6,48.0,65.17,81.95,0.556,67.5
A0640,2025-05-06,2.6,53.77,71.4,88.63,0.556,73.79
A0640,2025-05-07,2.6,54.96,74.04,92.7,0.556,76.64
A0640,2025-05-08,2.6,58.33,76.07,93.41,0.556,78.48
A0640,2025-05-09,2.6,67.42,89.82,111.7,0.556,92.86
A0640,2025-05-10,2.6,73.67,97.93,121.63,0.556,101.22
A0640,2025-05-11,2.6,41.51,55.68,69.53,0.556,57.6
A0640,2025-05-12,2.6,56.26,77.03,97.33,0.556,79.85
A0641,2025-04-29,5.8,17.57,27.23,39.01,0.556,28.87
A0641,2025-04-30,5.8,22.71,35.98,52.17,0.556,38.23
A0641,2025-05-01,5.8,16.84,26.39,38.03,0.556,28.0
A0641,2025-05-02,5.8,22.51,34.87,49.95,0.556,36.96
A0641,2025-05-03,5.8,24.09,37.39,53.61,0.556,39.64
A0641,2025-05-04,5.8,17.56,27.74,40.16,0.556,29.47
A0641,2025-05-05,5.8,16.99,27.31,39.91,0.556,29.06
A0641,2025-05-06,5.8,17.48,27.21,39.08,0.556,28.86
A0641,2025-05-07,5.8,17.95,27.92,40.08,0.556,29.61
A0641,2025-05-08,5.8,19.13,29.61,42.4,0.556,31.39
A0641,2025-05-09,5.8,21.36,33.51,48.34,0.556,35.57
A0641,2025-05-10,5.8,22.71,35.52,51.15,0.556,37.69
A0641,2025-05-11,5.8,13.98,21.98,31.75,0.556,23.34
A0641,2025-05-12,5.8,18.78,29.84,43.34,0.556,31.72
A0642,2025-04-29,429.7,17.55,28.02,41.16,0.909,41.46
A0642,2025-04-30,429.7,20.3,31.17,44.8,0.909,45.11
A0642,2025-05-01,429.7,15.89,24.74,35.85,0.909,36.1
A0642,2025-05-02,429.7,19.05,30.63,45.17,0.909,45.5
A0642,2025-05-03,429.7,14.14,25.19,39.07,0.909,39.39
A0642,2025-05-04,429.7,11.63,18.96,28.16,0.909,28.37
A0642,2025-05-05,429.7,10.41,16.97,25.21,0.909,25.39
A0642,2025-05-06,429.7,13.96,21.83,31.72,0.909,31.94
A0642,2025-05-07,429.7,12.59,20.0,29.29,0.909,29.5
A0642,2025-05-08,429.7,14.2,21.52,30.71,0.909,30.92
A0642,2025-05-09,429.7,15.55,23.99,34.59,0.909,34.83
A0642,2025-05-10,429.7,23.92,35.92,50.98,0.909,51.33
A0642,2025-05-11,429.7,16.3,23.76,33.13,0.909,33.34
A0642,2025-05-12,429.7,20.02,27.44,36.75,0.909,36.96
A0643,2025-04-29,310.4,5.63,10.81,17.72,0.909,17.88
A0643,2025-04-30,310.4,6.45,12.69,21.04,0.909,21.23
A0643,2025-05-01,310.4,5.75,9.93,15.53,0.909,15.66
A0643,2025-05-02,310.4,7.75,13.07,20.19,0.909,20.35
A0643,2025-05-03,310.4,7.61,13.57,21.52,0.909,21.7
A0643,2025-05-04,310.4,5.8,11.26,18.56,0.909,18.73
A0643,2025-05-05,310.4,5.0,8.37,12.89,0.909,12.99
A0643,2025-05-06,310.4,5.86,10.6,16.94,0.909,17.08
A0643,2025-05-07,310.4,5.06,9.42,15.25,0.909,15.39
A0643,2025-05-08,310.4,6.24,10.92,17.18,0.909,17.33
A0643,2025-05-09,310.4,6.85,11.57,17.89,0.909,18.03
A0643,2025-05-10,310.4,6.59,11.72,18.57,0.909,18.73
A0643,2025-05-11,310.4,4.47,7.91,12.51,0.909,12.62
A0643,2025-05-12,310.4,5.52,8.82,13.25,0.909,13.35
A0644,2025-04-29,6.0,63.62,82.99,110.36,0.556,86.8
A0644,2025-04-30,6.0,82.21,105.38,138.1,0.556,109.92
A0644,2025-05-01,6.0,56.74,75.21,101.28,0.556,78.83
A0644,2025-05-02,6.0,75.22,96.23,125.91,0.556,100.35
A0644,2025-05-03,6.0,81.95,105.74,139.34,0.556,110.4
A0644,2025-05-04,6.0,62.89,82.76,110.81,0.556,86.65
A0644,2025-05-05,6.0,62.05,80.26,105.98,0.556,83.83
A0644,2025-05-06,6.0,64.48,83.95,111.45,0.556,87.77
A0644,2025-05-07,6.0,65.72,84.91,112.01,0.556,88.68
A0644,2025-05-08,6.0,74.19,98.03,131.7,0.556,102.71
A0644,2025-05-09,6.0,76.24,98.13,129.04,0.556,102.42
A0644,2025-05-10,6.0,84.24,110.08,146.56,0.556,115.14
A0644,2025-05-11,6.0,51.98,69.29,93.74,0.556,72.69
A0644,2025-05-12,6.0,73.76,97.43,130.86,0.556,102.07
A0645,2025-04-29,2.8,8.62,27.61,62.37,0.556,32.43
A0645,2025-04-30,2.8,13.56,38.29,83.63,0.556,44.58
A0645,2025-05-01,2.8,9.37,29.32,64.42,0.556,34.19
A0645,2025-05-02,2.8,18.19,49.78,103.92,0.556,57.3
A0645,2025-05-03,2.8,22.57,59.59,122.35,0.556,68.31
A0645,2025-05-04,2.8,40.26,92.63,188.31,0.556,105.92
A0645,2025-05-05,2.8,40.04,93.52,189.99,0.556,106.92
A0645,2025-05-06,2.8,45.58,105.29,212.23,0.556,120.14
A0645,2025-05-07,2.8,49.13,112.96,225.56,0.556,128.6
A0645,2025-05-08,2.8,57.45,129.84,259.05,0.556,147.78
A0645,2025-05-09,2.8,68.51,154.56,306.36,0.556,175.64
A0645,2025-05-10,2.8,31.35,77.8,154.32,0.556,88.43
A0645,2025-05-11,2.8,14.25,40.53,83.73,0.556,46.53
A0645,2025-05-12,2.8,27.62,69.59,137.7,0.556,79.05
A0646,2025-04-29,168.8,7.1,12.55,18.99,0.909,19.14
A0646,2025-04-30,168.8,9.33,16.33,24.61,0.909,24.8
A0646,2025-05-01,168.8,6.57,12.22,18.9,0.909,19.05
A0646,2025-05-02,168.8,9.34,16.75,25.51,0.909,25.71
A0646,2025-05-03,168.8,9.92,17.64,26.76,0.909,26.97
A0646,2025-05-04,168.8,6.88,12.15,18.38,0.909,18.52
A0646,2025-05-05,168.8,6.15,11.62,18.1,0.909,18.24
A0646,2025-05-06,168.8,6.83,12.2,18.56,0.909,18.7
A0646,2025-05-07,168.8,7.25,13.41,20.69,0.909,20.86
A0646,2025-05-08,168.8,8.41,15.28,23.4,0.909,23.58
A0646,2025-05-09,168.8,8.95,16.43,25.26,0.909,25.47
A0646,2025-05-10,168.8,9.75,17.66,27.01,0.909,27.22
A0646,2025-05-11,168.8,5.37,10.06,15.6,0.909,15.73
A0646,2025-05-12,168.8,7.77,14.21,21.82,0.909,21.99
A0647,2025-04-29,2.6,54.58,80.33,109.51,0.556,84.38
A0647,2025-04-30,2.6,68.56,107.13,150.84,0.556,113.2
A0647,2025-05-01,2.6,51.43,75.49,102.75,0.556,79.27
A0647,2025-05-02,2.6,70.16,107.24,149.27,0.556,113.08
A0647,2025-05-03,2.6,74.69,112.47,155.29,0.556,118.42
A0647,2025-05-04,2.6,52.41,80.86,113.11,0.556,85.34
A0647,2025-05-05,2.6,54.51,80.85,110.71,0.556,85.0
A0647,2025-05-06,2.6,57.86,84.41,114.51,0.556,88.59
A0647,2025-05-07,2.6,58.45,86.31,117.88,0.556,90.7
A0647,2025-05-08,2.6,61.66,89.42,120.88,0.556,93.79
A0647,2025-05-09,2.6,70.9,107.18,148.29,0.556,112.89
A0647,2025-05-10,2.6,75.53,111.09,151.4,0.556,116.69
A0647,2025-05-11,2.6,46.09,68.09,93.02,0.556,71.55
A0647,2025-05-12,2.6,67.33,97.25,131.16,0.556,101.96
A0648,2025-04-29,6.1,86.41,110.31,141.89,0.556,114.69
A0648,2025-04-30,6.1,103.97,130.91,166.52,0.556,135.86
A0648,2025-05-01,6.1,79.2,101.42,130.79,0.556,105.5
A0648,2025-05-02,6.1,103.78,132.21,169.79,0.556,137.43
A0648,2025-05-03,6.1,109.79,142.21,185.06,0.556,148.16
A0648,2025-05-04,6.1,84.59,108.67,140.5,0.556,113.09
A0648,2025-05-05,6.1,82.91,106.06,136.65,0.556,110.31
A0648,2025-05-06,6.1,89.05,112.71,143.98,0.556,117.05
A0648,2025-05-07,6.1,91.5,116.18,148.81,0.556,120.71
A0648,2025-05-08,6.1,101.99,129.85,166.67,0.556,134.96
A0648,2025-05-09,6.1,107.27,136.42,174.94,0.556,141.77
A0648,2025-05-10,6.1,115.13,149.03,193.85,0.556,155.26
A0648,2025-05-11,6.1,74.25,96.09,124.97,0.556,100.1
A0648,2025-05-12,6.1,111.39,140.62,179.26,0.556,145.99
A0649,2025-04-29,3.4,152.91,235.04,345.26,0.556,250.35
A0649,2025-04-30,3.4,187.59,288.95,424.96,0.556,307.84
A0649,2025-05-01,3.4,148.25,211.25,295.79,0.556,222.99
A0649,2025-05-02,3.4,196.61,300.6,440.15,0.556,319.98
A0649,2025-05-03,3.4,205.84,313.2,457.28,0.556,333.21
A0649,2025-05-04,3.4,144.09,219.84,321.49,0.556,233.96
A0649,2025-05-05,3.4,142.34,209.59,299.83,0.556,222.12
A0649,2025-05-06,3.4,158.38,243.17,356.96,0.556,258.98
A0649,2025-05-07,3.4,163.68,245.93,356.29,0.556,261.26
A0649,2025-05-08,3.4,174.93,264.15,383.88,0.556,280.78
A0649,2025-05-09,3.4,195.91,298.12,435.28,0.556,317.17
A0649,2025-05-10,3.4,205.87,307.92,444.87,0.556,326.94
A0649,2025-05-11,3.4,123.5,188.18,274.98,0.556,200.24
A0649,2025-05-12,3.4,174.44,265.65,388.05,0.556,282.65
A0650,2025-04-29,161.1,10.17,15.06,21.52,0.909,21.66
A0650,2025-04-30,161.1,12.79,18.77,26.65,0.909,26.83
A0650,2025-05-01,161.1,9.28,14.32,20.97,0.909,21.12
A0650,2025-05-02,161.1,12.98,19.27,27.56,0.909,27.75
A0650,2025-05-03,161.1,13.24,20.05,29.03,0.909,29.24
A0650,2025-05-04,161.1,9.21,13.73,19.69,0.909,19.83
A0650,2025-05-05,161.1,9.54,14.78,21.69,0.909,21.85
A0650,2025-05-06,161.1,10.41,15.31,21.76,0.909,21.91
A0650,2025-05-07,161.1,11.27,16.81,24.11,0.909,24.27
A0650,2025-05-08,161.1,12.28,18.26,26.16,0.909,26.34
A0650,2025-05-09,161.1,13.06,19.34,27.63,0.909,27.82
A0650,2025-05-10,161.1,13.62,20.42,29.39,0.909,29.59
A0650,2025-05-11,161.1,8.28,12.52,18.11,0.909,18.23
A0650,2025-05-12,161.1,12.03,18.07,26.04,0.909,26.22
A0651,2025-04-29,33.4,13.84,19.49,26.86,0.909,27.02
A0651,2025-04-30,33.4,18.42,24.27,31.9,0.909,32.07
A0651,2025-05-01,33.4,10.14,15.24,21.89,0.909,22.04
A0651,2025-05-02,33.4,16.58,22.84,30.99,0.909,31.18
A0651,2025-05-03,33.4,17.6,23.69,31.64,0.909,31.83
A0651,2025-05-04,33.4,12.84,17.37,23.28,0.909,23.41
A0651,2025-05-05,33.4,13.58,19.95,28.27,0.909,28.46
A0651,2025-05-06,33.4,14.38,20.42,28.28,0.909,28.46
A0651,2025-05-07,33.4,15.02,20.71,28.12,0.909,28.29
A0651,2025-05-08,33.4,16.2,21.9,29.33,0.909,29.5
A0651,2025-05-09,33.4,16.91,23.56,32.23,0.909,32.43
A0651,2025-05-10,33.4,18.6,25.27,33.97,0.909,34.17
A0651,2025-05-11,33.4,11.38,16.1,22.25,0.909,22.39
A0651,2025-05-12,33.4,16.94,24.95,35.4,0.909,35.64
A0652,2025-04-29,33.0,43.73,58.81,78.13,0.909,78.57
A0652,2025-04-30,33.0,54.71,72.93,96.28,0.909,96.81
A0652,2025-05-01,33.0,32.34,43.99,58.92,0.909,59.26
A0652,2025-05-02,33.0,51.71,67.79,88.39,0.909,88.86
A0652,2025-05-03,33.0,51.22,67.11,87.47,0.909,87.94
A0652,2025-05-04,33.0,36.32,50.24,68.1,0.909,68.51
A0652,2025-05-05,33.0,41.97,58.06,78.68,0.909,79.15
A0652,2025-05-06,33.0,45.16,62.33,84.33,0.909,84.83
A0652,2025-05-07,33.0,50.17,64.3,82.41,0.909,82.82
A0652,2025-05-08,33.0,54.04,69.37,89.01,0.909,89.45
A0652,2025-05-09,33.0,57.35,74.8,97.16,0.909,97.67
A0652,2025-05-10,33.0,58.77,76.63,99.53,0.909,100.05
A0652,2025-05-11,33.0,36.25,49.19,65.77,0.909,66.15
A0652,2025-05-12,33.0,53.7,79.76,113.17,0.909,113.93
A0653,2025-04-29,189.4,6.52,12.12,18.94,0.909,19.09
A0653,2025-04-30,189.4,7.93,14.01,21.41,0.909,21.57
A0653,2025-05-01,189.4,6.27,11.07,16.9,0.909,17.04
A0653,2025-05-02,189.4,9.22,15.97,24.19,0.909,24.38
A0653,2025-05-03,189.4,10.35,17.3,25.76,0.909,25.95
A0653,2025-05-04,189.4,6.93,12.05,18.28,0.909,18.43
A0653,2025-05-05,189.4,7.15,11.63,17.08,0.909,17.2
A0653,2025-05-06,189.4,7.53,13.13,19.93,0.909,20.09
A0653,2025-05-07,189.4,7.24,12.65,19.22,0.909,19.37
A0653,2025-05-08,189.4,8.57,14.77,22.32,0.909,22.49
A0653,2025-05-09,189.4,9.08,15.86,24.11,0.909,24.3
A0653,2025-05-10,189.4,10.01,17.03,25.57,0.909,25.76
A0653,2025-05-11,189.4,5.97,10.64,16.33,0.909,16.46
A0653,2025-05-12,189.4,8.41,13.92,20.63,0.909,20.78
A0654,2025-04-29,207.9,10.78,17.93,26.17,0.909,26.36
A0654,2025-04-30,207.9,13.29,21.48,30.93,0.909,31.15
A0654,2025-05-01,207.9,9.28,16.12,24.02,0.909,24.2
A0654,2025-05-02,207.9,8.41,14.66,21.87,0.909,22.04
A0654,2025-05-03,207.9,9.48,16.63,24.87,0.909,25.06
A0654,2025-05-04,207.9,6.55,11.23,16.64,0.909,16.76
A0654,2025-05-05,207.9,6.5,11.6,17.5,0.909,17.63
A0654,2025-05-06,207.9,7.22,12.41,18.4,0.909,18.54
A0654,2025-05-07,207.9,6.79,12.12,18.28,0.909,18.42
A0654,2025-05-08,207.9,8.46,14.94,22.41,0.909,22.58
A0654,2025-05-09,207.9,9.2,15.5,22.77,0.909,22.93
A0654,2025-05-10,207.9,10.02,17.33,25.77,0.909,25.97
A0654,2025-05-11,207.9,5.58,9.75,14.56,0.909,14.67
A0654,2025-05-12,207.9,8.67,14.87,22.02,0.909,22.18
A0655,2025-04-29,187.4,10.35,15.7,22.04,0.909,22.19
A0655,2025-04-30,187.4,14.0,21.18,29.69,0.909,29.89
A0655,2025-05-01,187.4,8.38,13.12,18.72,0.909,18.85
A0655,2025-05-02,187.4,11.5,17.39,24.37,0.909,24.52
A0655,2025-05-03,187.4,12.79,19.44,27.33,0.909,27.51
A0655,2025-05-04,187.4,10.32,15.55,21.74,0.909,21.88
A0655,2025-05-05,187.4,8.72,13.59,19.36,0.909,19.49
A0655,2025-05-06,187.4,9.96,15.45,21.95,0.909,22.09
A0655,2025-05-07,187.4,10.19,15.11,20.92,0.909,21.06
A0655,2025-05-08,187.4,11.57,17.84,25.26,0.909,25.43
A0655,2025-05-09,187.4,11.78,17.65,24.58,0.909,24.74
A0655,2025-05-10,187.4,13.02,19.54,27.25,0.909,27.43
A0655,2025-05-11,187.4,8.09,11.94,16.51,0.909,16.61
A0655,2025-05-12,187.4,11.31,17.61,25.07,0.909,25.24
A0656,2025-04-29,408.8,9.95,16.08,24.26,0.909,24.44
A0656,2025-04-30,408.8,12.15,21.57,34.15,0.909,34.44
A0656,2025-05-01,408.8,9.78,14.67,21.19,0.909,21.34
A0656,2025-05-02,408.8,12.37,19.5,29.03,0.909,29.25
A0656,2025-05-03,408.8,12.59,20.81,31.78,0.909,32.03
A0656,2025-05-04,408.8,10.33,16.98,25.86,0.909,26.07
A0656,2025-05-05,408.8,8.87,13.21,19.0,0.909,19.13
A0656,2025-05-06,408.8,10.59,16.45,24.27,0.909,24.44
A0656,2025-05-07,408.8,10.05,16.58,25.29,0.909,25.49
A0656,2025-05-08,408.8,10.49,16.67,24.92,0.909,25.11
A0656,2025-05-09,408.8,11.46,18.21,27.22,0.909,27.43
A0656,2025-05-10,408.8,11.52,19.06,29.14,0.909,29.36
A0656,2025-05-11,408.8,8.61,13.23,19.41,0.909,19.55
A0656,2025-05-12,408.8,9.71,14.54,20.98,0.909,21.12
A0657,2025-04-29,431.5,17.54,24.31,30.99,0.909,31.14
A0657,2025-04-30,431.5,21.4,30.72,39.92,0.909,40.13
A0657,2025-05-01,431.5,14.95,22.28,29.53,0.909,29.69
A0657,2025-05-02,431.5,21.11,29.74,38.27,0.909,38.47
A0657,2025-05-03,431.5,20.42,27.98,35.45,0.909,35.62
A0657,2025-05-04,431.5,15.85,22.38,28.85,0.909,28.99
A0657,2025-05-05,431.5,18.89,26.43,33.88,0.909,34.05
A0657,2025-05-06,431.5,20.06,26.89,33.64,0.909,33.79
A0657,2025-05-07,431.5,20.23,28.29,36.26,0.909,36.44
A0657,2025-05-08,431.5,22.03,31.51,40.88,0.909,41.1
A0657,2025-05-09,431.5,23.4,32.71,41.91,0.909,42.12
A0657,2025-05-10,431.5,23.55,32.2,40.75,0.909,40.94
A0657,2025-05-11,431.5,16.32,22.35,28.32,0.909,28.46
A0657,2025-05-12,431.5,26.35,36.66,46.87,0.909,47.1
A0658,2025-04-29,416.7,21.38,33.05,45.61,0.909,45.89
A0658,2025-04-30,416.7,26.64,40.95,56.33,0.909,56.68
A0658,2025-05-01,416.7,16.71,26.1,36.21,0.909,36.44
A0658,2025-05-02,416.7,25.63,38.9,53.17,0.909,53.5
A0658,2025-05-03,416.7,24.26,36.21,49.05,0.909,49.34
A0658,2025-05-04,416.7,18.56,28.51,39.22,0.909,39.47
A0658,2025-05-05,416.7,20.82,31.55,43.09,0.909,43.36
A0658,2025-05-06,416.7,22.92,35.83,49.7,0.909,50.02
A0658,2025-05-07,416.7,23.88,36.77,50.64,0.909,50.95
A0658,2025-05-08,416.7,26.72,40.92,56.2,0.909,56.55
A0658,2025-05-09,416.7,28.14,43.87,60.78,0.909,61.16
A0658,2025-05-10,416.7,28.04,42.99,59.06,0.909,59.43
A0658,2025-05-11,416.7,18.05,28.24,39.2,0.909,39.45
A0658,2025-05-12,416.7,30.75,50.96,72.69,0.909,73.18
A0659,2025-04-29,376.1,31.75,45.69,61.53,0.909,61.89
A0659,2025-04-30,376.1,39.64,57.67,78.15,0.909,78.61
A0659,2025-05-01,376.1,29.32,39.8,51.7,0.909,51.97
A0659,2025-05-02,376.1,38.89,54.62,72.49,0.909,72.9
A0659,2025-05-03,376.1,39.55,55.37,73.34,0.909,73.74
A0659,2025-05-04,376.1,29.04,43.57,60.09,0.909,60.46
A0659,2025-05-05,376.1,30.0,41.34,54.22,0.909,54.51
A0659,2025-05-06,376.1,32.78,45.89,60.77,0.909,61.11
A0659,2025-05-07,376.1,33.11,47.42,63.66,0.909,64.03
A0659,2025-05-08,376.1,34.89,49.91,66.97,0.909,67.36
A0659,2025-05-09,376.1,39.35,55.35,73.53,0.909,73.94
A0659,2025-05-10,376.1,41.07,57.85,76.91,0.909,77.34
A0659,2025-05-11,376.1,26.28,37.99,51.3,0.909,51.6
A0659,2025-05-12,376.1,37.1,51.53,67.92,0.909,68.29
A0660,2025-04-29,6.4,201.33,268.17,377.24,0.556,283.32
A0660,2025-04-30,6.4,275.76,353.71,480.91,0.556,371.38
A0660,2025-05-01,6.4,461.94,614.6,863.69,0.556,649.2
A0660,2025-05-02,6.4,605.64,821.04,1172.51,0.556,869.86
A0660,2025-05-03,6.4,638.41,875.91,1263.44,0.556,929.73
A0660,2025-05-04,6.4,504.99,682.62,972.46,0.556,722.88
A0660,2025-05-05,6.4,470.2,629.18,888.59,0.556,665.21
A0660,2025-05-06,6.4,160.27,225.43,331.76,0.556,240.2
A0660,2025-05-07,6.4,176.68,253.39,378.55,0.556,270.77
A0660,2025-05-08,6.4,199.17,270.76,387.59,0.556,286.99
A0660,2025-05-09,6.4,221.87,297.65,421.3,0.556,314.83
A0660,2025-05-10,6.4,248.56,334.82,475.56,0.556,354.37
A0660,2025-05-11,6.4,151.12,211.21,309.24,0.556,224.82
A0660,2025-05-12,6.4,215.21,284.85,398.49,0.556,300.64
A0661,2025-04-29,6.2,59.36,75.83,100.08,0.556,79.2
A0661,2025-04-30,6.2,72.5,92.11,120.98,0.556,96.12
A0661,2025-05-01,6.2,56.46,73.31,98.13,0.556,76.76
A0661,2025-05-02,6.2,72.68,93.69,124.62,0.556,97.99
A0661,2025-05-03,6.2,76.37,98.03,129.92,0.556,102.46
A0661,2025-05-04,6.2,56.83,73.19,97.27,0.556,76.53
A0661,2025-05-05,6.2,58.21,75.25,100.33,0.556,78.73
A0661,2025-05-06,6.2,61.13,77.95,102.72,0.556,81.39
A0661,2025-05-07,6.2,62.72,79.42,104.01,0.556,82.84
A0661,2025-05-08,6.2,70.41,90.81,120.84,0.556,94.98
A0661,2025-05-09,6.2,74.61,96.19,127.96,0.556,100.6
A0661,2025-05-10,6.2,79.7,102.14,135.17,0.556,106.72
A0661,2025-05-11,6.2,50.1,64.4,85.44,0.556,67.32
A0661,2025-05-12,6.2,74.7,96.04,127.46,0.556,100.4
A0662,2025-04-29,195.9,10.96,17.89,27.28,0.909,27.49
A0662,2025-04-30,195.9,13.0,19.91,29.27,0.909,29.48
A0662,2025-05-01,195.9,9.6,15.27,22.95,0.909,23.12
A0662,2025-05-02,195.9,13.55,21.44,32.12,0.909,32.36
A0662,2025-05-03,195.9,14.0,22.25,33.44,0.909,33.69
A0662,2025-05-04,195.9,9.5,14.53,21.35,0.909,21.5
A0662,2025-05-05,195.9,9.92,15.55,23.17,0.909,23.35
A0662,2025-05-06,195.9,11.59,18.6,28.1,0.909,28.31
A0662,2025-05-07,195.9,11.85,18.91,28.49,0.909,28.7
A0662,2025-05-08,195.9,12.61,20.14,30.34,0.909,30.57
A0662,2025-05-09,195.9,13.67,21.59,32.31,0.909,32.56
A0662,2025-05-10,195.9,14.32,22.59,33.8,0.909,34.05
A0662,2025-05-11,195.9,8.78,13.97,21.01,0.909,21.17
A0662,2025-05-12,195.9,13.17,20.71,30.91,0.909,31.14
A0663,2025-04-29,195.8,1.69,10.87,26.92,0.909,27.28
A0663,2025-04-30,195.8,3.17,14.29,34.13,0.909,34.58
A0663,2025-05-01,195.8,0.31,5.67,16.59,0.909,16.84
A0663,2025-05-02,195.8,1.28,10.22,25.55,0.909,25.89
A0663,2025-05-03,195.8,2.08,12.25,29.47,0.909,29.86
A0663,2025-05-04,195.8,0.87,8.55,22.18,0.909,22.49
A0663,2025-05-05,195.8,1.13,9.87,24.7,0.909,25.04
A0663,2025-05-06,195.8,1.91,11.8,28.4,0.909,28.78
A0663,2025-05-07,195.8,2.38,12.91,30.17,0.909,30.56
A0663,2025-05-08,195.8,3.43,15.26,34.74,0.909,35.18
A0663,2025-05-09,195.8,4.4,17.61,39.16,0.909,39.65
A0663,2025-05-10,195.8,5.36,19.78,43.2,0.909,43.73
A0663,2025-05-11,195.8,1.84,11.6,27.61,0.909,27.98
A0663,2025-05-12,195.8,4.82,18.46,40.72,0.909,41.23
A0664,2025-04-29,350.1,11.3,18.05,25.68,0.909,25.85
A0664,2025-04-30,350.1,12.93,20.82,29.76,0.909,29.97
A0664,2025-05-01,350.1,10.32,16.8,24.13,0.909,24.3
A0664,2025-05-02,350.1,14.15,22.27,31.45,0.909,31.66
A0664,2025-05-03,350.1,13.45,21.33,30.24,0.909,30.44
A0664,2025-05-04,350.1,9.8,15.34,21.6,0.909,21.74
A0664,2025-05-05,350.1,11.2,18.16,26.04,0.909,26.22
A0664,2025-05-06,350.1,12.32,19.08,26.74,0.909,26.91
A0664,2025-05-07,350.1,12.05,18.95,26.76,0.909,26.93
A0664,2025-05-08,350.1,12.47,19.37,27.17,0.909,27.35
A0664,2025-05-09,350.1,14.15,22.24,31.39,0.909,31.6
A0664,2025-05-10,350.1,13.56,21.37,30.21,0.909,30.41
A0664,2025-05-11,350.1,9.01,13.99,19.63,0.909,19.76
A0664,2025-05-12,350.1,13.09,20.39,28.65,0.909,28.84
A0665,2025-04-29,5.5,27.53,40.78,55.37,0.556,42.8
A0665,2025-04-30,5.5,35.11,49.84,66.08,0.556,52.1
A0665,2025-05-01,5.5,22.96,34.58,47.39,0.556,36.36
A0665,2025-05-02,5.5,32.35,48.28,65.83,0.556,50.72
A0665,2025-05-03,5.5,34.55,52.44,72.16,0.556,55.18
A0665,2025-05-04,5.5,24.58,35.14,46.77,0.556,36.75
A0665,2025-05-05,5.5,25.48,37.66,51.1,0.556,39.53
A0665,2025-05-06,5.5,26.75,40.45,55.54,0.556,42.54
A0665,2025-05-07,5.5,28.34,41.92,56.89,0.556,44.0
A0665,2025-05-08,5.5,31.02,46.29,63.11,0.556,48.62
A0665,2025-05-09,5.5,32.45,48.23,65.63,0.556,50.65
A0665,2025-05-10,5.5,35.57,52.86,71.91,0.556,55.5
A0665,2025-05-11,5.5,21.04,31.09,42.16,0.556,32.63
A0665,2025-05-12,5.5,31.95,47.8,65.27,0.556,50.23
A0666,2025-04-29,340.5,13.84,26.1,38.16,0.909,38.44
A0666,2025-04-30,340.5,16.72,37.09,57.15,0.909,57.61
A0666,2025-05-01,340.5,10.78,22.78,34.59,0.909,34.85
A0666,2025-05-02,340.5,17.11,31.44,45.54,0.909,45.86
A0666,2025-05-03,340.5,17.66,29.31,40.78,0.909,41.04
A0666,2025-05-04,340.5,12.59,28.17,43.52,0.909,43.87
A0666,2025-05-05,340.5,14.44,26.49,38.37,0.909,38.64
A0666,2025-05-06,340.5,15.06,28.98,42.7,0.909,43.01
A0666,2025-05-07,340.5,15.83,30.21,44.36,0.909,44.68
A0666,2025-05-08,340.5,18.12,33.21,48.06,0.909,48.4
A0666,2025-05-09,340.5,19.4,34.78,49.93,0.909,50.27
A0666,2025-05-10,340.5,20.77,33.27,45.58,0.909,45.86
A0666,2025-05-11,340.5,12.65,25.29,37.73,0.909,38.01
A0666,2025-05-12,340.5,21.08,39.12,56.89,0.909,57.29
A0667,2025-04-29,310.7,34.5,49.42,67.22,0.909,67.63
A0667,2025-04-30,310.7,43.87,61.67,82.92,0.909,83.41
A0667,2025-05-01,310.7,29.54,42.65,58.29,0.909,58.65
A0667,2025-05-02,310.7,40.45,57.58,78.04,0.909,78.51
A0667,2025-05-03,310.7,41.57,57.9,77.39,0.909,77.83
A0667,2025-05-04,310.7,32.96,45.04,59.46,0.909,59.79
A0667,2025-05-05,310.7,35.16,49.26,66.1,0.909,66.48
A0667,2025-05-06,310.7,36.56,52.7,71.96,0.909,72.4
A0667,2025-05-07,310.7,37.45,53.41,72.45,0.909,72.89
A0667,2025-05-08,310.7,41.69,59.56,80.89,0.909,81.37
A0667,2025-05-09,310.7,43.37,62.04,84.34,0.909,84.84
A0667,2025-05-10,310.7,45.27,64.02,86.4,0.909,86.91
A0667,2025-05-11,310.7,30.74,42.88,57.37,0.909,57.7
A0667,2025-05-12,310.7,47.7,69.78,96.13,0.909,96.73
A0668,2025-04-29,3.5,74.69,103.37,138.86,0.556,108.3
A0668,2025-04-30,3.5,89.29,121.27,160.85,0.556,126.77
A0668,2025-05-01,3.5,61.86,82.34,107.68,0.556,85.86
A0668,2025-05-02,3.5,88.74,124.33,168.36,0.556,130.45
A0668,2025-05-03,3.5,91.09,129.7,177.48,0.556,136.34
A0668,2025-05-04,3.5,67.44,92.12,122.65,0.556,96.36
A0668,2025-05-05,3.5,64.68,86.43,113.33,0.556,90.16
A0668,2025-05-06,3.5,74.86,103.14,138.12,0.556,108.0
A0668,2025-05-07,3.5,74.15,103.27,139.29,0.556,108.27
A0668,2025-05-08,3.5,81.5,112.54,150.93,0.556,117.87
A0668,2025-05-09,3.5,89.45,125.04,169.08,0.556,131.16
A0668,2025-05-10,3.5,92.34,131.21,179.3,0.556,137.89
A0668,2025-05-11,3.5,57.51,80.18,108.23,0.556,84.07
A0668,2025-05-12,3.5,81.17,111.12,148.16,0.556,116.26
A0669,2025-04-29,7.0,552.34,659.87,827.48,0.556,683.15
A0669,2025-04-30,7.0,379.73,449.28,557.7,0.556,464.34
A0669,2025-05-01,7.0,304.46,377.21,490.6,0.556,392.96
A0669,2025-05-02,7.0,396.42,481.29,613.55,0.556,499.66
A0669,2025-05-03,7.0,438.58,530.82,674.59,0.556,550.79
A0669,2025-05-04,7.0,303.74,356.26,438.13,0.556,367.63
A0669,2025-05-05,7.0,306.4,375.52,483.26,0.556,390.48
A0669,2025-05-06,7.0,332.74,397.92,499.51,0.556,412.03
A0669,2025-05-07,7.0,354.99,423.05,529.13,0.556,437.78
A0669,2025-05-08,7.0,388.92,460.49,572.04,0.556,475.98
A0669,2025-05-09,7.0,413.44,498.55,631.23,0.556,516.98
A0669,2025-05-10,7.0,452.42,543.74,686.07,0.556,563.51
A0669,2025-05-11,7.0,273.76,326.57,408.88,0.556,338.0
A0669,2025-05-12,7.0,375.0,445.43,555.21,0.556,460.68
A0670,2025-04-29,4.8,40.69,62.53,85.88,0.556,65.77
A0670,2025-04-30,4.8,49.04,77.9,108.75,0.556,82.19
A0670,2025-05-01,4.8,13.31,23.38,34.15,0.556,24.88
A0670,2025-05-02,4.8,18.75,31.89,45.93,0.556,33.84
A0670,2025-05-03,4.8,23.13,39.03,56.04,0.556,41.4
A0670,2025-05-04,4.8,16.07,27.45,39.61,0.556,29.13
A0670,2025-05-05,4.8,14.55,24.81,35.79,0.556,26.34
A0670,2025-05-06,4.8,16.81,28.13,40.23,0.556,29.81
A0670,2025-05-07,4.8,16.37,27.81,40.04,0.556,29.51
A0670,2025-05-08,4.8,19.08,31.32,44.42,0.556,33.14
A0670,2025-05-09,4.8,20.32,33.04,46.63,0.556,34.92
A0670,2025-05-10,4.8,23.11,37.88,53.67,0.556,40.07
A0670,2025-05-11,4.8,13.63,22.9,32.82,0.556,24.28
A0670,2025-05-12,4.8,17.25,29.35,42.28,0.556,31.14
A0671,2025-04-29,3.1,95.3,126.6,162.06,0.556,131.52
A0671,2025-04-30,3.1,111.74,151.89,197.39,0.556,158.21
A0671,2025-05-01,3.1,83.58,110.34,140.68,0.556,114.56
A0671,2025-05-02,3.1,111.15,152.33,198.99,0.556,158.81
A0671,2025-05-03,3.1,110.4,153.9,203.19,0.556,160.75
A0671,2025-05-04,3.1,84.59,115.54,150.61,0.556,120.41
A0671,2025-05-05,3.1,82.25,111.78,145.24,0.556,116.43
A0671,2025-05-06,3.1,91.16,122.59,158.21,0.556,127.54
A0671,2025-05-07,3.1,93.61,125.04,160.65,0.556,129.98
A0671,2025-05-08,3.1,101.24,134.03,171.19,0.556,139.19
A0671,2025-05-09,3.1,109.7,150.74,197.24,0.556,157.2
A0671,2025-05-10,3.1,110.73,153.84,202.68,0.556,160.62
A0671,2025-05-11,3.1,71.01,96.08,124.49,0.556,100.03
A0671,2025-05-12,3.1,103.73,139.0,178.96,0.556,144.55
A0672,2025-04-29,2.4,27.38,41.33,57.25,0.556,43.54
A0672,2025-04-30,2.4,33.91,51.49,71.54,0.556,54.27
A0672,2025-05-01,2.4,25.4,38.13,52.64,0.556,40.14
A0672,2025-05-02,2.4,34.92,54.09,75.95,0.556,57.13
A0672,2025-05-03,2.4,35.93,56.03,78.94,0.556,59.21
A0672,2025-05-04,2.4,25.61,39.29,54.89,0.556,41.45
A0672,2025-05-05,2.4,25.95,38.92,53.71,0.556,40.97
A0672,2025-05-06,2.4,27.93,41.99,58.04,0.556,44.22
A0672,2025-05-07,2.4,29.18,43.7,60.24,0.556,45.99
A0672,2025-05-08,2.4,32.06,48.86,68.02,0.556,51.52
A0672,2025-05-09,2.4,35.32,54.23,75.78,0.556,57.22
A0672,2025-05-10,2.4,36.6,56.06,78.24,0.556,59.14
A0672,2025-05-11,2.4,22.5,34.13,47.39,0.556,35.97
A0672,2025-05-12,2.4,32.74,49.11,67.78,0.556,51.71
A0673,2025-04-29,212.6,12.18,18.64,27.56,0.909,27.77
A0673,2025-04-30,212.6,14.89,23.39,35.13,0.909,35.4
A0673,2025-05-01,212.6,10.66,16.25,23.96,0.909,24.14
A0673,2025-05-02,212.6,15.36,23.51,34.76,0.909,35.02
A0673,2025-05-03,212.6,16.04,24.96,37.26,0.909,37.54
A0673,2025-05-04,212.6,11.03,17.39,26.15,0.909,26.35
A0673,2025-05-05,212.6,10.95,16.74,24.73,0.909,24.91
A0673,2025-05-06,212.6,12.23,18.78,27.8,0.909,28.01
A0673,2025-05-07,212.6,13.05,19.95,29.46,0.909,29.68
A0673,2025-05-08,212.6,19.32,28.04,40.07,0.909,40.35
A0673,2025-05-09,212.6,21.41,31.28,44.91,0.909,45.22
A0673,2025-05-10,212.6,22.27,32.96,47.72,0.909,48.05
A0673,2025-05-11,212.6,12.89,19.45,28.5,0.909,28.71
A0673,2025-05-12,212.6,18.63,27.32,39.3,0.909,39.57
A0674,2025-04-29,2.8,244.08,326.16,426.32,0.556,340.07
A0674,2025-04-30,2.8,297.08,387.82,498.54,0.556,403.2
A0674,2025-05-01,2.8,98.76,142.78,196.49,0.556,150.24
A0674,2025-05-02,2.8,145.72,199.95,266.11,0.556,209.14
A0674,2025-05-03,2.8,156.77,217.45,291.5,0.556,227.74
A0674,2025-05-04,2.8,113.14,152.27,200.02,0.556,158.91
A0674,2025-05-05,2.8,115.69,161.96,218.43,0.556,169.8
A0674,2025-05-06,2.8,127.41,172.49,227.5,0.556,180.13
A0674,2025-05-07,2.8,136.01,179.92,233.5,0.556,187.36
A0674,2025-05-08,2.8,146.02,195.82,256.58,0.556,204.25
A0674,2025-05-09,2.8,160.56,215.23,281.94,0.556,224.5
A0674,2025-05-10,2.8,171.3,233.39,309.15,0.556,243.91
A0674,2025-05-11,2.8,101.52,136.21,178.53,0.556,142.08
A0674,2025-05-12,2.8,143.48,194.52,256.81,0.556,203.17
A0675,2025-04-29,188.0,7.5,12.66,19.65,0.909,19.81
A0675,2025-04-30,188.0,9.69,16.98,26.85,0.909,27.07
A0675,2025-05-01,188.0,6.18,10.42,16.16,0.909,16.29
A0675,2025-05-02,188.0,8.94,15.65,24.72,0.909,24.93
A0675,2025-05-03,188.0,9.55,16.15,25.09,0.909,25.29
A0675,2025-05-04,188.0,6.42,11.07,17.37,0.909,17.52
A0675,2025-05-05,188.0,7.25,10.99,16.06,0.909,16.17
A0675,2025-05-06,188.0,7.48,12.46,19.19,0.909,19.34
A0675,2025-05-07,188.0,8.15,14.43,22.94,0.909,23.13
A0675,2025-05-08,188.0,8.72,15.33,24.27,0.909,24.48
A0675,2025-05-09,188.0,8.69,15.54,24.81,0.909,25.02
A0675,2025-05-10,188.0,9.6,16.62,26.12,0.909,26.34
A0675,2025-05-11,188.0,5.79,9.82,15.26,0.909,15.38
A0675,2025-05-12,188.0,8.77,14.13,21.38,0.909,21.55
A0676,2025-04-29,311.7,20.84,31.32,47.09,0.909,47.45
A0676,2025-04-30,311.7,25.0,35.35,50.95,0.909,51.3
A0676,2025-05-01,311.7,18.01,28.76,44.96,0.909,45.33
A0676,2025-05-02,311.7,24.85,37.12,55.61,0.909,56.03
A0676,2025-05-03,311.7,22.98,32.89,47.82,0.909,48.16
A0676,2025-05-04,311.7,18.34,26.06,37.7,0.909,37.96
A0676,2025-05-05,311.7,22.17,34.19,52.29,0.909,52.7
A0676,2025-05-06,311.7,23.07,34.99,52.93,0.909,53.34
A0676,2025-05-07,311.7,23.18,33.76,49.69,0.909,50.05
A0676,2025-05-08,311.7,25.54,36.54,53.1,0.909,53.48
A0676,2025-05-09,311.7,27.6,40.65,60.29,0.909,60.74
A0676,2025-05-10,311.7,27.14,38.63,55.94,0.909,56.34
A0676,2025-05-11,311.7,18.82,27.68,41.03,0.909,41.33
A0676,2025-05-12,311.7,32.56,49.02,73.82,0.909,74.38
A0677,2025-04-29,154.0,12.37,20.22,28.06,0.909,28.24
A0677,2025-04-30,154.0,16.21,27.29,38.35,0.909,38.6
A0677,2025-05-01,154.0,11.2,18.56,25.9,0.909,26.07
A0677,2025-05-02,154.0,15.02,25.39,35.74,0.909,35.98
A0677,2025-05-03,154.0,16.61,26.76,36.89,0.909,37.12
A0677,2025-05-04,154.0,11.57,19.31,27.03,0.909,27.21
A0677,2025-05-05,154.0,11.61,18.77,25.92,0.909,26.08
A0677,2025-05-06,154.0,12.85,20.71,28.56,0.909,28.74
A0677,2025-05-07,154.0,13.37,22.27,31.16,0.909,31.37
A0677,2025-05-08,154.0,50.58,77.25,103.89,0.909,104.49
A0677,2025-05-09,154.0,53.51,81.18,108.82,0.909,109.45
A0677,2025-05-10,154.0,55.39,82.9,110.38,0.909,111.01
A0677,2025-05-11,154.0,34.63,51.76,68.88,0.909,69.27
A0677,2025-05-12,154.0,48.27,73.15,98.0,0.909,98.56
A0678,2025-04-29,186.3,4.55,9.65,16.37,0.909,16.52
A0678,2025-04-30,186.3,6.34,13.53,23.01,0.909,23.22
A0678,2025-05-01,186.3,4.06,8.56,14.49,0.909,14.63
A0678,2025-05-02,186.3,6.38,12.1,19.65,0.909,19.82
A0678,2025-05-03,186.3,7.08,13.82,22.7,0.909,22.9
A0678,2025-05-04,186.3,4.71,9.88,16.68,0.909,16.84
A0678,2025-05-05,186.3,4.74,9.16,14.99,0.909,15.12
A0678,2025-05-06,186.3,4.96,9.92,16.46,0.909,16.61
A0678,2025-05-07,186.3,5.39,10.71,17.72,0.909,17.88
A0678,2025-05-08,186.3,5.77,11.75,19.63,0.909,19.81
A0678,2025-05-09,186.3,6.22,12.06,19.75,0.909,19.92
A0678,2025-05-10,186.3,7.02,14.12,23.47,0.909,23.68
A0678,2025-05-11,186.3,3.93,7.9,13.13,0.909,13.25
A0678,2025-05-12,186.3,5.94,11.49,18.81,0.909,18.98
A0679,2025-04-29,3.2,30.75,68.37,128.12,0.556,76.67
A0679,2025-04-30,3.2,41.43,88.04,161.3,0.556,98.22
A0679,2025-05-01,3.2,28.92,64.08,119.02,0.556,71.71
A0679,2025-05-02,3.2,42.01,89.73,163.65,0.556,99.99
A0679,2025-05-03,3.2,44.63,94.82,172.9,0.556,105.67
A0679,2025-05-04,3.2,29.37,65.48,122.3,0.556,73.38
A0679,2025-05-05,3.2,28.65,64.6,120.56,0.556,72.37
A0679,2025-05-06,3.2,31.83,70.82,131.35,0.556,79.23
A0679,2025-05-07,3.2,33.84,74.51,136.81,0.556,83.16
A0679,2025-05-08,3.2,37.31,81.18,149.05,0.556,90.61
A0679,2025-05-09,3.2,41.45,89.52,163.48,0.556,99.79
A0679,2025-05-10,3.2,44.93,96.07,175.19,0.556,107.06
A0679,2025-05-11,3.2,23.13,54.38,102.99,0.556,61.13
A0679,2025-05-12,3.2,36.45,80.43,148.36,0.556,89.86
A0680,2025-04-29,214.5,23.08,29.65,33.26,0.909,33.35
A0680,2025-04-30,214.5,27.4,34.94,39.09,0.909,39.18
A0680,2025-05-01,214.5,21.17,26.98,30.18,0.909,30.25
A0680,2025-05-02,214.5,30.11,38.61,43.28,0.909,43.39
A0680,2025-05-03,214.5,30.89,39.19,43.76,0.909,43.86
A0680,2025-05-04,214.5,19.21,23.56,25.96,0.909,26.01
A0680,2025-05-05,214.5,22.89,29.59,33.26,0.909,33.35
A0680,2025-05-06,214.5,24.05,30.48,34.01,0.909,34.1
A0680,2025-05-07,214.5,25.71,33.37,37.57,0.909,37.67
A0680,2025-05-08,214.5,25.68,31.57,34.81,0.909,34.89
A0680,2025-05-09,214.5,29.86,38.35,43.02,0.909,43.12
A0680,2025-05-10,214.5,31.2,39.59,44.19,0.909,44.3
A0680,2025-05-11,214.5,17.73,22.08,24.46,0.909,24.52
A0680,2025-05-12,214.5,26.14,32.76,36.39,0.909,36.47
A0681,2025-04-29,394.2,12.97,20.63,30.5,0.909,30.72
A0681,2025-04-30,394.2,15.59,24.44,35.84,0.909,36.1
A0681,2025-05-01,394.2,13.26,19.68,27.94,0.909,28.13
A0681,2025-05-02,394.2,16.44,24.75,35.44,0.909,35.69
A0681,2025-05-03,394.2,16.47,24.92,35.81,0.909,36.06
A0681,2025-05-04,394.2,12.25,18.86,27.38,0.909,27.57
A0681,2025-05-05,394.2,11.69,17.07,23.99,0.909,24.15
A0681,2025-05-06,394.2,13.29,20.69,30.23,0.909,30.44
A0681,2025-05-07,394.2,13.47,20.89,30.46,0.909,30.68
A0681,2025-05-08,394.2,13.58,20.77,30.04,0.909,30.25
A0681,2025-05-09,394.2,15.01,22.96,33.2,0.909,33.43
A0681,2025-05-10,394.2,15.13,23.01,33.15,0.909,33.38
A0681,2025-05-11,394.2,10.58,16.06,23.14,0.909,23.3
A0681,2025-05-12,394.2,12.51,18.0,25.07,0.909,25.23
A0682,2025-04-29,381.2,10.7,16.91,24.81,0.909,24.99
A0682,2025-04-30,381.2,12.6,22.13,34.26,0.909,34.53
A0682,2025-05-01,381.2,9.67,14.99,21.77,0.909,21.93
A0682,2025-05-02,381.2,12.77,19.84,28.85,0.909,29.06
A0682,2025-05-03,381.2,13.7,21.71,31.91,0.909,32.14
A0682,2025-05-04,381.2,10.02,16.46,24.67,0.909,24.86
A0682,2025-05-05,381.2,9.23,13.79,19.61,0.909,19.74
A0682,2025-05-06,381.2,11.03,16.84,24.24,0.909,24.4
A0682,2025-05-07,381.2,11.18,17.61,25.79,0.909,25.98
A0682,2025-05-08,381.2,10.05,16.42,24.53,0.909,24.71
A0682,2025-05-09,381.2,11.84,18.36,26.66,0.909,26.85
A0682,2025-05-10,381.2,12.77,19.86,28.89,0.909,29.09
A0682,2025-05-11,381.2,8.78,13.01,18.4,0.909,18.52
A0682,2025-05-12,381.2,10.11,14.78,20.74,0.909,20.87
A0683,2025-04-29,7.3,167.42,230.14,305.19,0.556,240.56
A0683,2025-04-30,7.3,200.65,277.64,369.78,0.556,290.44
A0683,2025-05-01,7.3,152.1,209.42,278.03,0.556,218.95
A0683,2025-05-02,7.3,199.51,271.67,358.04,0.556,283.67
A0683,2025-05-03,7.3,212.23,289.97,383.01,0.556,302.89
A0683,2025-05-04,7.3,159.48,222.25,297.38,0.556,232.69
A0683,2025-05-05,7.3,157.83,215.29,284.06,0.556,224.84
A0683,2025-05-06,7.3,168.54,231.37,306.56,0.556,241.81
A0683,2025-05-07,7.3,178.77,248.26,331.42,0.556,259.81
A0683,2025-05-08,7.3,186.88,255.27,337.12,0.556,266.64
A0683,2025-05-09,7.3,202.42,275.61,363.2,0.556,287.78
A0683,2025-05-10,7.3,217.14,296.66,391.82,0.556,309.88
A0683,2025-05-11,7.3,140.14,196.93,264.9,0.556,206.37
A0683,2025-05-12,7.3,187.69,256.94,339.81,0.556,268.45
A0684,2025-04-29,4.5,25.6,36.14,48.49,0.556,37.86
A0684,2025-04-30,4.5,96.0,140.3,192.17,0.556,147.5
A0684,2025-05-01,4.5,65.26,93.67,126.93,0.556,98.29
A0684,2025-05-02,4.5,95.05,134.98,181.73,0.556,141.47
A0684,2025-05-03,4.5,98.67,141.3,191.22,0.556,148.24
A0684,2025-05-04,4.5,69.1,100.74,137.79,0.556,105.88
A0684,2025-05-05,4.5,71.35,98.11,129.45,0.556,102.47
A0684,2025-05-06,4.5,22.15,32.59,44.82,0.556,34.29
A0684,2025-05-07,4.5,24.95,37.29,51.74,0.556,39.3
A0684,2025-05-08,4.5,28.23,42.18,58.52,0.556,44.45
A0684,2025-05-09,4.5,29.98,43.66,59.68,0.556,45.89
A0684,2025-05-10,4.5,33.54,48.4,65.81,0.556,50.82
A0684,2025-05-11,4.5,19.5,28.52,39.08,0.556,29.99
A0684,2025-05-12,4.5,31.05,43.57,58.24,0.556,45.61
A0685,2025-04-29,28.4,8.12,14.13,22.34,0.909,22.53
A0685,2025-04-30,28.4,11.38,16.66,23.89,0.909,24.06
A0685,2025-05-01,28.4,6.72,12.5,20.4,0.909,20.58
A0685,2025-05-02,28.4,10.98,16.64,24.4,0.909,24.57
A0685,2025-05-03,28.4,10.26,16.13,24.17,0.909,24.35
A0685,2025-05-04,28.4,8.1,12.91,19.49,0.909,19.63
A0685,2025-05-05,28.4,9.08,16.81,27.39,0.909,27.63
A0685,2025-05-06,28.4,9.99,16.46,25.31,0.909,25.51
A0685,2025-05-07,28.4,9.96,16.15,24.63,0.909,24.82
A0685,2025-05-08,28.4,11.39,17.56,26.01,0.909,26.2
A0685,2025-05-09,28.4,12.59,18.92,27.58,0.909,27.77
A0685,2025-05-10,28.4,12.13,19.3,29.12,0.909,29.35
A0685,2025-05-11,28.4,7.99,13.97,22.17,0.909,22.36
A0685,2025-05-12,28.4,13.31,23.57,37.6,0.909,37.92
A0686,2025-04-29,189.0,21.2,31.85,46.32,0.909,46.65
A0686,2025-04-30,189.0,29.74,44.14,63.69,0.909,64.14
A0686,2025-05-01,189.0,20.32,29.17,41.17,0.909,41.45
A0686,2025-05-02,189.0,30.66,43.53,61.01,0.909,61.41
A0686,2025-05-03,189.0,31.53,45.39,64.21,0.909,64.63
A0686,2025-05-04,189.0,22.17,32.95,47.59,0.909,47.92
A0686,2025-05-05,189.0,23.04,32.23,44.72,0.909,45.0
A0686,2025-05-06,189.0,23.95,34.56,48.97,0.909,49.3
A0686,2025-05-07,189.0,26.47,37.85,53.32,0.909,53.67
A0686,2025-05-08,189.0,27.26,39.18,55.38,0.909,55.75
A0686,2025-05-09,189.0,30.13,43.15,60.82,0.909,61.23
A0686,2025-05-10,189.0,31.83,46.04,65.35,0.909,65.79
A0686,2025-05-11,189.0,18.73,27.65,39.76,0.909,40.04
A0686,2025-05-12,189.0,28.26,40.08,56.13,0.909,56.49
A0687,2025-04-29,4.3,11.24,17.7,24.95,0.556,18.71
A0687,2025-04-30,4.3,13.9,23.1,33.44,0.556,24.54
A0687,2025-05-01,4.3,10.08,15.98,22.62,0.556,16.9
A0687,2025-05-02,4.3,13.61,21.96,31.34,0.556,23.26
A0687,2025-05-03,4.3,15.63,25.11,35.76,0.556,26.58
A0687,2025-05-04,4.3,11.0,18.61,27.16,0.556,19.79
A0687,2025-05-05,4.3,10.39,16.62,23.61,0.556,17.59
A0687,2025-05-06,4.3,11.65,18.03,25.2,0.556,19.03
A0687,2025-05-07,4.3,11.64,19.16,27.62,0.556,20.34
A0687,2025-05-08,4.3,12.49,19.99,28.41,0.556,21.16
A0687,2025-05-09,4.3,13.31,21.72,31.18,0.556,23.04
A0687,2025-05-10,4.3,15.11,24.78,35.65,0.556,26.29
A0687,2025-05-11,4.3,9.28,15.62,22.76,0.556,16.62
A0687,2025-05-12,4.3,12.61,20.23,28.8,0.556,21.42
A0688,2025-04-29,336.1,10.11,15.94,22.71,0.909,22.86
A0688,2025-04-30,336.1,11.76,19.61,28.72,0.909,28.93
A0688,2025-05-01,336.1,9.45,15.1,21.67,0.909,21.81
A0688,2025-05-02,336.1,12.07,19.44,27.98,0.909,28.18
A0688,2025-05-03,336.1,11.6,19.03,27.65,0.909,27.84
A0688,2025-05-04,336.1,9.1,15.3,22.5,0.909,22.66
A0688,2025-05-05,336.1,8.99,13.77,19.31,0.909,19.44
A0688,2025-05-06,336.1,10.54,16.11,22.59,0.909,22.73
A0688,2025-05-07,336.1,11.04,16.49,22.82,0.909,22.96
A0688,2025-05-08,336.1,11.3,17.18,24.01,0.909,24.17
A0688,2025-05-09,336.1,11.71,18.47,26.31,0.909,26.49
A0688,2025-05-10,336.1,11.7,18.14,25.61,0.909,25.78
A0688,2025-05-11,336.1,8.49,12.75,17.69,0.909,17.8
A0688,2025-05-12,336.1,10.32,14.69,19.75,0.909,19.87
A0689,2025-04-29,316.5,22.93,34.74,49.26,0.909,49.59
A0689,2025-04-30,316.5,26.52,40.73,58.2,0.909,58.6
A0689,2025-05-01,316.5,18.66,26.66,36.51,0.909,36.73
A0689,2025-05-02,316.5,27.68,40.77,56.86,0.909,57.23
A0689,2025-05-03,316.5,28.29,41.67,58.11,0.909,58.49
A0689,2025-05-04,316.5,20.37,30.43,42.8,0.909,43.08
A0689,2025-05-05,316.5,18.58,26.85,37.03,0.909,37.26
A0689,2025-05-06,316.5,22.84,34.25,48.29,0.909,48.61
A0689,2025-05-07,316.5,23.33,36.25,52.13,0.909,52.5
A0689,2025-05-08,316.5,25.08,37.36,52.45,0.909,52.8
A0689,2025-05-09,316.5,27.54,40.77,57.04,0.909,57.41
A0689,2025-05-10,316.5,28.39,42.28,59.36,0.909,59.74
A0689,2025-05-11,316.5,17.81,26.9,38.08,0.909,38.34
A0689,2025-05-12,316.5,22.9,34.55,48.89,0.909,49.21
A0690,2025-04-29,146.6,11.51,18.55,26.39,0.909,26.57
A0690,2025-04-30,146.6,13.49,22.66,32.87,0.909,33.1
A0690,2025-05-01,146.6,10.16,16.83,24.25,0.909,24.42
A0690,2025-05-02,146.6,13.22,21.13,29.93,0.909,30.13
A0690,2025-05-03,146.6,13.6,23.02,33.52,0.909,33.76
A0690,2025-05-04,146.6,9.47,16.35,24.0,0.909,24.18
A0690,2025-05-05,146.6,10.23,16.92,24.37,0.909,24.54
A0690,2025-05-06,146.6,11.21,18.33,26.26,0.909,26.44
A0690,2025-05-07,146.6,10.72,17.85,25.78,0.909,25.96
A0690,2025-05-08,146.6,12.04,20.19,29.26,0.909,29.46
A0690,2025-05-09,146.6,12.77,20.66,29.44,0.909,29.64
A0690,2025-05-10,146.6,13.46,22.79,33.18,0.909,33.41
A0690,2025-05-11,146.6,8.33,13.94,20.2,0.909,20.34
A0690,2025-05-12,146.6,12.43,20.41,29.29,0.909,29.49
A0691,2025-04-29,2.9,603.94,829.88,1133.8,0.556,872.09
A0691,2025-04-30,2.9,710.78,993.05,1372.75,0.556,1045.78
A0691,2025-05-01,2.9,481.51,668.8,920.75,0.556,703.8
A0691,2025-05-02,2.9,673.17,941.99,1303.6,0.556,992.22
A0691,2025-05-03,2.9,736.64,1034.61,1435.43,0.556,1090.28
A0691,2025-05-04,2.9,518.43,743.9,1047.2,0.556,786.03
A0691,2025-05-05,2.9,518.74,721.94,995.27,0.556,759.9
A0691,2025-05-06,2.9,621.82,845.13,1145.5,0.556,886.85
A0691,2025-05-07,2.9,629.83,851.55,1149.8,0.556,892.97
A0691,2025-05-08,2.9,624.33,857.6,1171.37,0.556,901.18
A0691,2025-05-09,2.9,723.95,994.65,1358.78,0.556,1045.23
A0691,2025-05-10,2.9,783.68,1086.81,1494.56,0.556,1143.44
A0691,2025-05-11,2.9,460.61,635.63,871.06,0.556,668.33
A0691,2025-05-12,2.9,627.86,879.01,1216.83,0.556,925.93
A0692,2025-04-29,346.5,4.54,17.4,38.28,0.909,38.76
A0692,2025-04-30,346.5,6.93,22.69,47.92,0.909,48.49
A0692,2025-05-01,346.5,4.0,16.23,35.87,0.909,36.31
A0692,2025-05-02,346.5,7.08,23.29,48.98,0.909,49.56
A0692,2025-05-03,346.5,7.66,24.63,51.46,0.909,52.07
A0692,2025-05-04,346.5,4.63,17.76,38.87,0.909,39.35
A0692,2025-05-05,346.5,4.82,18.19,39.67,0.909,40.16
A0692,2025-05-06,346.5,5.77,20.28,43.65,0.909,44.18
A0692,2025-05-07,346.5,6.21,21.25,44.95,0.909,45.49
A0692,2025-05-08,346.5,7.26,23.48,49.38,0.909,49.97
A0692,2025-05-09,346.5,8.13,25.49,53.11,0.909,53.74
A0692,2025-05-10,346.5,8.94,27.23,56.14,0.909,56.8
A0692,2025-05-11,346.5,4.3,16.88,37.09,0.909,37.55
A0692,2025-05-12,346.5,7.74,24.49,51.27,0.909,51.88
A0693,2025-04-29,184.3,20.17,30.83,41.45,0.909,41.69
A0693,2025-04-30,184.3,27.82,40.52,53.18,0.909,53.47
A0693,2025-05-01,184.3,19.33,29.5,39.64,0.909,39.87
A0693,2025-05-02,184.3,23.23,35.45,47.64,0.909,47.91
A0693,2025-05-03,184.3,27.04,41.89,56.71,0.909,57.04
A0693,2025-05-04,184.3,18.9,28.49,38.06,0.909,38.27
A0693,2025-05-05,184.3,18.97,30.54,42.09,0.909,42.35
A0693,2025-05-06,184.3,17.7,28.66,39.59,0.909,39.84
A0693,2025-05-07,184.3,19.5,30.44,41.35,0.909,41.6
A0693,2025-05-08,184.3,21.01,33.11,45.18,0.909,45.45
A0693,2025-05-09,184.3,21.65,33.89,46.1,0.909,46.37
A0693,2025-05-10,184.3,26.21,40.93,55.61,0.909,55.94
A0693,2025-05-11,184.3,15.74,24.39,33.02,0.909,33.22
A0693,2025-05-12,184.3,23.66,37.44,51.19,0.909,51.5
A0694,2025-04-29,4.8,14.84,40.13,79.74,0.556,45.63
A0694,2025-04-30,4.8,20.75,52.5,101.49,0.556,59.31
A0694,2025-05-01,4.8,14.35,38.59,76.45,0.556,43.85
A0694,2025-05-02,4.8,22.43,56.04,107.89,0.556,63.24
A0694,2025-05-03,4.8,24.04,59.37,114.31,0.556,67.0
A0694,2025-05-04,4.8,15.58,41.2,81.66,0.556,46.82
A0694,2025-05-05,4.8,15.79,41.8,82.91,0.556,47.51
A0694,2025-05-06,4.8,18.07,46.5,91.36,0.556,52.73
A0694,2025-05-07,4.8,19.92,50.24,97.09,0.556,56.75
A0694,2025-05-08,4.8,23.33,57.12,109.76,0.556,64.43
A0694,2025-05-09,4.8,25.88,62.69,119.42,0.556,70.57
A0694,2025-05-10,4.8,28.31,67.56,128.18,0.556,75.98
A0694,2025-05-11,4.8,13.95,37.66,75.07,0.556,42.86
A0694,2025-05-12,4.8,25.32,61.32,117.2,0.556,69.08
A0695,2025-04-29,5.8,90.49,122.34,165.76,0.556,128.37
A0695,2025-04-30,5.8,111.72,153.88,211.34,0.556,161.86
A0695,2025-05-01,5.8,83.34,110.89,148.43,0.556,116.1
A0695,2025-05-02,5.8,109.78,148.74,201.85,0.556,156.12
A0695,2025-05-03,5.8,115.55,155.53,210.01,0.556,163.09
A0695,2025-05-04,5.8,204.45,280.64,384.5,0.556,295.07
A0695,2025-05-05,5.8,201.73,265.78,353.09,0.556,277.91
A0695,2025-05-06,5.8,215.58,285.54,380.91,0.556,298.79
A0695,2025-05-07,5.8,84.58,119.07,166.09,0.556,125.6
A0695,2025-05-08,5.8,94.39,128.67,175.39,0.556,135.16
A0695,2025-05-09,5.8,105.86,144.86,198.01,0.556,152.24
A0695,2025-05-10,5.8,113.73,153.94,208.74,0.556,161.55
A0695,2025-05-11,5.8,70.95,99.78,139.08,0.556,105.24
A0695,2025-05-12,5.8,103.81,138.34,185.41,0.556,144.88
A0696,2025-04-29,417.7,14.67,21.02,30.02,0.909,30.23
A0696,2025-04-30,417.7,19.04,26.36,36.76,0.909,37.0
A0696,2025-05-01,417.7,11.73,17.27,25.13,0.909,25.31
A0696,2025-05-02,417.7,16.22,23.41,33.61,0.909,33.84
A0696,2025-05-03,417.7,17.02,24.01,33.94,0.909,34.16
A0696,2025-05-04,417.7,13.42,19.09,27.13,0.909,27.31
A0696,2025-05-05,417.7,13.41,19.74,28.72,0.909,28.92
A0696,2025-05-06,417.7,14.25,20.48,29.33,0.909,29.53
A0696,2025-05-07,417.7,15.12,21.36,30.2,0.909,30.4
A0696,2025-05-08,417.7,15.68,22.06,31.11,0.909,31.32
A0696,2025-05-09,417.7,16.43,23.65,33.9,0.909,34.13
A0696,2025-05-10,417.7,17.72,24.84,34.94,0.909,35.17
A0696,2025-05-11,417.7,11.25,16.14,23.07,0.909,23.23
A0696,2025-05-12,417.7,15.76,22.79,32.77,0.909,33.0
A0697,2025-04-29,297.7,9.56,16.29,23.67,0.909,23.84
A0697,2025-04-30,297.7,14.6,19.76,25.42,0.909,25.55
A0697,2025-05-01,297.7,6.72,13.56,21.05,0.909,21.22
A0697,2025-05-02,297.7,11.92,18.34,25.38,0.909,25.54
A0697,2025-05-03,297.7,12.14,18.78,26.06,0.909,26.22
A0697,2025-05-04,297.7,24.35,32.71,41.89,0.909,42.09
A0697,2025-05-05,297.7,23.82,41.48,60.83,0.909,61.27
A0697,2025-05-06,297.7,22.98,38.96,56.49,0.909,56.88
A0697,2025-05-07,297.7,9.03,16.38,24.45,0.909,24.63
A0697,2025-05-08,297.7,10.19,18.52,27.65,0.909,27.86
A0697,2025-05-09,297.7,11.9,19.28,27.37,0.909,27.56
A0697,2025-05-10,297.7,12.59,21.27,30.78,0.909,31.0
A0697,2025-05-11,297.7,8.32,13.77,19.74,0.909,19.87
A0697,2025-05-12,297.7,13.03,24.43,36.93,0.909,37.21
A0698,2025-04-29,4.9,143.48,192.71,252.5,0.556,201.01
A0698,2025-04-30,4.9,170.19,227.38,296.85,0.556,237.03
A0698,2025-05-01,4.9,131.48,176.14,230.39,0.556,183.68
A0698,2025-05-02,4.9,171.6,228.16,296.85,0.556,237.7
A0698,2025-05-03,4.9,172.72,232.53,305.17,0.556,242.62
A0698,2025-05-04,4.9,132.42,179.92,237.62,0.556,187.94
A0698,2025-05-05,4.9,136.78,181.18,235.11,0.556,188.67
A0698,2025-05-06,4.9,150.95,200.43,260.52,0.556,208.77
A0698,2025-05-07,4.9,152.35,200.94,259.97,0.556,209.14
A0698,2025-05-08,4.9,166.42,222.15,289.84,0.556,231.55
A0698,2025-05-09,4.9,178.46,236.06,306.02,0.556,245.78
A0698,2025-05-10,4.9,182.86,244.39,319.13,0.556,254.77
A0698,2025-05-11,4.9,118.42,159.2,208.72,0.556,166.07
A0698,2025-05-12,4.9,177.92,233.99,302.09,0.556,243.45
A0699,2025-04-29,2.4,96.12,132.14,176.55,0.556,138.31
A0699,2025-04-30,2.4,117.52,159.71,211.7,0.556,166.93
A0699,2025-05-01,2.4,83.88,114.75,152.81,0.556,120.04
A0699,2025-05-02,2.4,117.84,160.03,212.03,0.556,167.25
A0699,2025-05-03,2.4,128.06,175.83,234.71,0.556,184.0
A0699,2025-05-04,2.4,89.57,122.31,162.68,0.556,127.92
A0699,2025-05-05,2.4,87.98,120.72,161.07,0.556,126.32
A0699,2025-05-06,2.4,97.15,133.38,178.03,0.556,139.58
A0699,2025-05-07,2.4,98.54,132.37,174.06,0.556,138.16
A0699,2025-05-08,2.4,104.69,140.56,184.78,0.556,146.7
A0699,2025-05-09,2.4,119.11,160.81,212.21,0.556,167.95
A0699,2025-05-10,2.4,128.7,175.25,232.62,0.556,183.22
A0699,2025-05-11,2.4,75.34,102.49,135.96,0.556,107.14
A0699,2025-05-12,2.4,103.84,140.82,186.4,0.556,147.15
A0700,2025-04-29,407.3,29.95,42.59,56.91,0.909,57.24
A0700,2025-04-30,407.3,36.3,50.9,67.43,0.909,67.8
A0700,2025-05-01,407.3,27.65,38.87,51.57,0.909,51.86
A0700,2025-05-02,407.3,34.6,48.17,63.52,0.909,63.87
A0700,2025-05-03,407.3,38.21,52.98,69.7,0.909,70.08
A0700,2025-05-04,407.3,27.86,38.84,51.26,0.909,51.54
A0700,2025-05-05,407.3,28.58,40.92,54.89,0.909,55.21
A0700,2025-05-06,407.3,30.47,43.36,57.95,0.909,58.28
A0700,2025-05-07,407.3,28.96,39.72,51.91,0.909,52.18
A0700,2025-05-08,407.3,33.1,46.12,60.86,0.909,61.2
A0700,2025-05-09,407.3,33.88,47.35,62.59,0.909,62.94
A0700,2025-05-10,407.3,37.51,51.93,68.25,0.909,68.62
A0700,2025-05-11,407.3,22.93,31.67,41.57,0.909,41.79
A0700,2025-05-12,407.3,33.14,47.14,62.98,0.909,63.34
A0701,2025-04-29,5.7,50.61,71.8,93.71,0.556,74.84
A0701,2025-04-30,5.7,60.18,83.99,108.63,0.556,87.41
A0701,2025-05-01,5.7,46.62,65.09,84.2,0.556,67.75
A0701,2025-05-02,5.7,31.54,46.76,62.49,0.556,48.94
A0701,2025-05-03,5.7,33.53,49.01,65.03,0.556,51.24
A0701,2025-05-04,5.7,27.37,39.98,53.03,0.556,41.8
A0701,2025-05-05,5.7,25.0,35.31,45.97,0.556,36.79
A0701,2025-05-06,5.7,28.26,41.02,54.22,0.556,42.86
A0701,2025-05-07,5.7,27.29,38.84,50.78,0.556,40.5
A0701,2025-05-08,5.7,32.58,46.65,61.2,0.556,48.67
A0701,2025-05-09,5.7,33.87,49.18,65.01,0.556,51.38
A0701,2025-05-10,5.7,36.17,51.74,67.84,0.556,53.97
A0701,2025-05-11,5.7,24.1,34.42,45.09,0.556,35.9
A0701,2025-05-12,5.7,34.37,47.84,61.78,0.556,49.78
A0702,2025-04-29,430.1,14.46,22.16,31.44,0.909,31.65
A0702,2025-04-30,430.1,19.01,27.29,37.27,0.909,37.49
A0702,2025-05-01,430.1,12.03,19.85,29.28,0.909,29.49
A0702,2025-05-02,430.1,17.47,28.12,40.97,0.909,41.26
A0702,2025-05-03,430.1,17.28,26.25,37.07,0.909,37.31
A0702,2025-05-04,430.1,14.14,20.63,28.45,0.909,28.63
A0702,2025-05-05,430.1,14.98,23.64,34.07,0.909,34.31
A0702,2025-05-06,430.1,15.55,24.05,34.31,0.909,34.54
A0702,2025-05-07,430.1,16.84,25.32,35.54,0.909,35.77
A0702,2025-05-08,430.1,18.04,26.97,37.73,0.909,37.97
A0702,2025-05-09,430.1,18.99,30.22,43.75,0.909,44.05
A0702,2025-05-10,430.1,19.47,29.14,40.81,0.909,41.08
A0702,2025-05-11,430.1,13.44,20.62,29.28,0.909,29.47
A0702,2025-05-12,430.1,20.73,32.26,46.16,0.909,46.47
A0703,2025-04-29,166.8,18.46,27.64,37.97,0.909,38.2
A0703,2025-04-30,166.8,24.14,35.5,48.28,0.909,48.57
A0703,2025-05-01,166.8,16.57,24.94,34.35,0.909,34.56
A0703,2025-05-02,166.8,22.49,32.56,43.88,0.909,44.14
A0703,2025-05-03,166.8,24.02,35.25,47.87,0.909,48.16
A0703,2025-05-04,166.8,17.08,25.95,35.92,0.909,36.15
A0703,2025-05-05,166.8,18.04,26.35,35.7,0.909,35.91
A0703,2025-05-06,166.8,19.31,28.28,38.37,0.909,38.6
A0703,2025-05-07,166.8,21.07,30.6,41.32,0.909,41.57
A0703,2025-05-08,166.8,22.07,32.65,44.55,0.909,44.82
A0703,2025-05-09,166.8,23.14,33.29,44.71,0.909,44.97
A0703,2025-05-10,166.8,25.2,36.73,49.71,0.909,50.0
A0703,2025-05-11,166.8,15.49,23.04,31.53,0.909,31.73
A0703,2025-05-12,166.8,22.17,32.13,43.33,0.909,43.59
A0704,2025-04-29,173.4,0.04,6.25,18.05,0.909,18.32
A0704,2025-04-30,173.4,0.8,8.95,23.47,0.909,23.8
A0704,2025-05-01,173.4,0.54,6.17,17.76,0.909,18.02
A0704,2025-05-02,173.4,1.55,10.91,27.17,0.909,27.54
A0704,2025-05-03,173.4,2.42,13.07,31.44,0.909,31.85
A0704,2025-05-04,173.4,0.93,8.9,23.09,0.909,23.41
A0704,2025-05-05,173.4,1.18,10.12,25.45,0.909,25.79
A0704,2025-05-06,173.4,2.08,12.21,29.47,0.909,29.86
A0704,2025-05-07,173.4,2.57,13.37,31.43,0.909,31.84
A0704,2025-05-08,173.4,3.61,15.68,35.94,0.909,36.4
A0704,2025-05-09,173.4,4.63,18.12,40.6,0.909,41.11
A0704,2025-05-10,173.4,5.68,20.51,45.23,0.909,45.79
A0704,2025-05-11,173.4,1.85,11.65,28.05,0.909,28.42
A0704,2025-05-12,173.4,5.0,18.84,41.99,0.909,42.52
A0705,2025-04-29,394.0,15.72,24.12,34.28,0.909,34.51
A0705,2025-04-30,394.0,20.95,35.78,53.71,0.909,54.12
A0705,2025-05-01,394.0,13.23,21.54,31.61,0.909,31.84
A0705,2025-05-02,394.0,18.98,28.99,41.11,0.909,41.38
A0705,2025-05-03,394.0,18.57,27.64,38.61,0.909,38.86
A0705,2025-05-04,394.0,14.99,25.56,38.35,0.909,38.64
A0705,2025-05-05,394.0,16.21,25.18,36.05,0.909,36.29
A0705,2025-05-06,394.0,16.8,25.93,36.98,0.909,37.23
A0705,2025-05-07,394.0,17.28,26.27,37.16,0.909,37.41
A0705,2025-05-08,394.0,18.87,28.5,40.16,0.909,40.42
A0705,2025-05-09,394.0,20.14,30.74,43.56,0.909,43.85
A0705,2025-05-10,394.0,20.51,30.44,42.45,0.909,42.72
A0705,2025-05-11,394.0,13.73,21.39,30.66,0.909,30.87
A0705,2025-05-12,394.0,21.67,33.53,47.87,0.909,48.2
A0706,2025-04-29,5.9,24.19,33.69,46.55,0.556,35.48
A0706,2025-04-30,5.9,29.66,43.28,61.7,0.556,45.84
A0706,2025-05-01,5.9,21.83,31.45,44.47,0.556,33.26
A0706,2025-05-02,5.9,29.95,42.1,58.53,0.556,44.38
A0706,2025-05-03,5.9,31.75,45.01,62.97,0.556,47.51
A0706,2025-05-04,5.9,20.12,29.23,41.56,0.556,30.94
A0706,2025-05-05,5.9,24.72,35.02,48.96,0.556,36.95
A0706,2025-05-06,5.9,26.46,36.27,49.54,0.556,38.11
A0706,2025-05-07,5.9,26.48,36.92,51.05,0.556,38.88
A0706,2025-05-08,5.9,28.21,39.4,54.54,0.556,41.5
A0706,2025-05-09,5.9,30.38,42.54,59.0,0.556,44.83
A0706,2025-05-10,5.9,32.25,45.36,63.09,0.556,47.82
A0706,2025-05-11,5.9,18.33,25.77,35.83,0.556,27.17
A0706,2025-05-12,5.9,29.66,41.78,58.19,0.556,44.06
A0707,2025-04-29,425.3,19.52,27.05,38.09,0.909,38.34
A0707,2025-04-30,425.3,24.15,32.45,44.61,0.909,44.89
A0707,2025-05-01,425.3,16.22,23.33,33.74,0.909,33.98
A0707,2025-05-02,425.3,21.78,32.51,48.24,0.909,48.6
A0707,2025-05-03,425.3,20.23,31.12,47.09,0.909,47.46
A0707,2025-05-04,425.3,16.83,23.57,33.46,0.909,33.68
A0707,2025-05-05,425.3,21.11,27.97,38.02,0.909,38.24
A0707,2025-05-06,425.3,22.03,29.84,41.3,0.909,41.56
A0707,2025-05-07,425.3,21.71,30.56,43.54,0.909,43.83
A0707,2025-05-08,425.3,22.43,35.01,53.47,0.909,53.89
A0707,2025-05-09,425.3,24.67,36.15,52.99,0.909,53.37
A0707,2025-05-10,425.3,24.29,36.41,54.18,0.909,54.58
A0707,2025-05-11,425.3,17.38,24.93,36.0,0.909,36.25
A0707,2025-05-12,425.3,28.16,40.88,59.53,0.909,59.95
A0708,2025-04-29,346.8,12.21,20.49,30.14,0.909,30.35
A0708,2025-04-30,346.8,14.96,23.94,34.41,0.909,34.65
A0708,2025-05-01,346.8,12.19,18.94,26.8,0.909,26.98
A0708,2025-05-02,346.8,14.5,23.27,33.49,0.909,33.72
A0708,2025-05-03,346.8,14.97,24.45,35.5,0.909,35.76
A0708,2025-05-04,346.8,12.72,20.55,29.68,0.909,29.88
A0708,2025-05-05,346.8,10.12,16.03,22.93,0.909,23.09
A0708,2025-05-06,346.8,12.12,20.11,29.41,0.909,29.62
A0708,2025-05-07,346.8,12.35,18.78,26.26,0.909,26.43
A0708,2025-05-08,346.8,13.85,20.57,28.41,0.909,28.59
A0708,2025-05-09,346.8,13.62,21.54,30.77,0.909,30.98
A0708,2025-05-10,346.8,14.93,22.85,32.07,0.909,32.28
A0708,2025-05-11,346.8,11.09,16.67,23.17,0.909,23.31
A0708,2025-05-12,346.8,12.34,17.53,23.58,0.909,23.72
A0709,2025-04-29,193.0,11.41,19.68,28.96,0.909,29.18
A0709,2025-04-30,193.0,16.15,23.94,32.69,0.909,32.89
A0709,2025-05-01,193.0,10.01,20.66,32.61,0.909,32.89
A0709,2025-05-02,193.0,14.94,24.24,34.69,0.909,34.92
A0709,2025-05-03,193.0,16.35,23.91,32.39,0.909,32.59
A0709,2025-05-04,193.0,10.98,19.96,30.04,0.909,30.27
A0709,2025-05-05,193.0,11.24,19.75,29.3,0.909,29.52
A0709,2025-05-06,193.0,11.87,20.01,29.14,0.909,29.34
A0709,2025-05-07,193.0,12.0,20.48,29.99,0.909,30.21
A0709,2025-05-08,193.0,13.14,24.55,37.35,0.909,37.64
A0709,2025-05-09,193.0,14.73,24.44,35.34,0.909,35.59
A0709,2025-05-10,193.0,16.07,24.49,33.94,0.909,34.15
A0709,2025-05-11,193.0,8.82,18.48,29.32,0.909,29.57
A0709,2025-05-12,193.0,13.4,22.74,33.23,0.909,33.47
A0710,2025-04-29,148.4,16.41,26.54,36.3,0.909,36.53
A0710,2025-04-30,148.4,9.87,19.03,27.86,0.909,28.06
A0710,2025-05-01,148.4,7.61,14.79,21.71,0.909,21.87
A0710,2025-05-02,148.4,11.59,20.01,28.12,0.909,28.3
A0710,2025-05-03,148.4,12.89,22.15,31.07,0.909,31.27
A0710,2025-05-04,148.4,8.5,15.84,22.91,0.909,23.07
A0710,2025-05-05,148.4,9.18,16.13,22.82,0.909,22.97
A0710,2025-05-06,148.4,9.78,16.46,22.9,0.909,23.05
A0710,2025-05-07,148.4,9.9,17.59,25.01,0.909,25.18
A0710,2025-05-08,148.4,10.98,19.66,28.03,0.909,28.22
A0710,2025-05-09,148.4,12.03,20.56,28.77,0.909,28.96
A0710,2025-05-10,148.4,13.0,22.59,31.83,0.909,32.04
A0710,2025-05-11,148.4,7.62,13.9,19.95,0.909,20.09
A0710,2025-05-12,148.4,10.58,18.62,26.36,0.909,26.54
A0711,2025-04-29,375.5,5.24,8.81,14.26,0.909,14.38
A0711,2025-04-30,375.5,7.29,12.87,21.37,0.909,21.57
A0711,2025-05-01,375.5,3.62,5.94,9.48,0.909,9.56
A0711,2025-05-02,375.5,6.71,11.28,18.24,0.909,18.4
A0711,2025-05-03,375.5,6.35,10.55,16.96,0.909,17.11
A0711,2025-05-04,375.5,5.37,9.62,16.08,0.909,16.23
A0711,2025-05-05,375.5,5.49,8.63,13.42,0.909,13.52
A0711,2025-05-06,375.5,5.91,9.81,15.77,0.909,15.9
A0711,2025-05-07,375.5,6.34,10.71,17.38,0.909,17.53
A0711,2025-05-08,375.5,7.02,11.41,18.11,0.909,18.26
A0711,2025-05-09,375.5,7.5,12.39,19.85,0.909,20.02
A0711,2025-05-10,375.5,7.55,12.36,19.68,0.909,19.85
A0711,2025-05-11,375.5,5.24,9.16,15.13,0.909,15.27
A0711,2025-05-12,375.5,8.79,15.05,24.59,0.909,24.8
A0712,2025-04-29,3.2,89.02,125.2,165.39,0.556,130.78
A0712,2025-04-30,3.2,103.42,144.69,190.55,0.556,151.06
A0712,2025-05-01,3.2,77.56,110.28,146.63,0.556,115.33
A0712,2025-05-02,3.2,101.73,147.34,198.0,0.556,154.37
A0712,2025-05-03,3.2,109.12,157.92,212.13,0.556,165.45
A0712,2025-05-04,3.2,74.72,107.46,143.83,0.556,112.51
A0712,2025-05-05,3.2,80.05,112.82,149.21,0.556,117.87
A0712,2025-05-06,3.2,92.52,129.41,170.38,0.556,135.1
A0712,2025-05-07,3.2,90.28,122.88,159.09,0.556,127.91
A0712,2025-05-08,3.2,98.3,135.85,177.57,0.556,141.65
A0712,2025-05-09,3.2,107.06,151.46,200.78,0.556,158.31
A0712,2025-05-10,3.2,113.62,159.16,209.76,0.556,166.19
A0712,2025-05-11,3.2,68.93,96.19,126.48,0.556,100.4
A0712,2025-05-12,3.2,98.11,134.03,173.94,0.556,139.57
A0713,2025-04-29,4.6,23.31,32.72,46.31,0.556,34.6
A0713,2025-04-30,4.6,28.71,42.38,62.14,0.556,45.13
A0713,2025-05-01,4.6,21.44,32.73,49.04,0.556,35.0
A0713,2025-05-02,4.6,27.4,40.59,59.63,0.556,43.23
A0713,2025-05-03,4.6,27.94,42.25,62.91,0.556,45.12
A0713,2025-05-04,4.6,20.16,30.48,45.39,0.556,32.55
A0713,2025-05-05,4.6,21.77,32.86,48.88,0.556,35.08
A0713,2025-05-06,4.6,22.31,31.96,45.89,0.556,33.89
A0713,2025-05-07,4.6,24.21,35.13,50.9,0.556,37.32
A0713,2025-05-08,4.6,26.2,38.92,57.29,0.556,41.47
A0713,2025-05-09,4.6,27.01,40.31,59.53,0.556,42.98
A0713,2025-05-10,4.6,28.98,43.36,64.13,0.556,46.24
A0713,2025-05-11,4.6,18.2,26.83,39.3,0.556,28.56
A0713,2025-05-12,4.6,27.64,40.4,58.83,0.556,42.96
A0714,2025-04-29,31.9,20.52,29.14,39.81,0.909,40.06
A0714,2025-04-30,31.9,27.38,37.15,49.25,0.909,49.53
A0714,2025-05-01,31.9,16.63,25.07,35.52,0.909,35.76
A0714,2025-05-02,31.9,26.27,35.8,47.6,0.909,47.87
A0714,2025-05-03,31.9,25.39,34.71,46.27,0.909,46.54
A0714,2025-05-04,31.9,19.48,26.87,36.03,0.909,36.23
A0714,2025-05-05,31.9,22.82,31.38,41.99,0.909,42.23
A0714,2025-05-06,31.9,22.52,32.13,44.03,0.909,44.3
A0714,2025-05-07,31.9,24.05,32.83,43.72,0.909,43.97
A0714,2025-05-08,31.9,25.4,35.29,47.55,0.909,47.82
A0714,2025-05-09,31.9,27.75,37.78,50.22,0.909,50.5
A0714,2025-05-10,31.9,28.15,38.2,50.65,0.909,50.93
A0714,2025-05-11,31.9,18.8,26.27,35.53,0.909,35.74
A0714,2025-05-12,31.9,29.94,41.76,56.42,0.909,56.75
A0715,2025-04-29,166.0,14.0,20.59,28.87,0.909,29.06
A0715,2025-04-30,166.0,17.64,26.5,37.63,0.909,37.88
A0715,2025-05-01,166.0,12.33,18.89,27.13,0.909,27.32
A0715,2025-05-02,166.0,16.88,25.45,36.22,0.909,36.46
A0715,2025-05-03,166.0,18.31,27.79,39.7,0.909,39.97
A0715,2025-05-04,166.0,12.32,19.08,27.57,0.909,27.76
A0715,2025-05-05,166.0,12.84,19.34,27.52,0.909,27.7
A0715,2025-05-06,166.0,14.16,20.96,29.51,0.909,29.7
A0715,2025-05-07,166.0,14.88,21.51,29.84,0.909,30.03
A0715,2025-05-08,166.0,15.33,22.87,32.35,0.909,32.57
A0715,2025-05-09,166.0,16.69,25.17,35.82,0.909,36.06
A0715,2025-05-10,166.0,18.52,27.68,39.19,0.909,39.46
A0715,2025-05-11,166.0,10.83,16.3,23.17,0.909,23.32
A0715,2025-05-12,166.0,15.75,23.16,32.46,0.909,32.67
A0716,2025-04-29,7.7,103.8,140.7,187.69,0.556,147.23
A0716,2025-04-30,7.7,132.17,186.09,254.76,0.556,195.63
A0716,2025-05-01,7.7,93.63,133.27,183.73,0.556,140.28
A0716,2025-05-02,7.7,126.47,174.23,235.05,0.556,182.68
A0716,2025-05-03,7.7,127.57,177.16,240.31,0.556,185.93
A0716,2025-05-04,7.7,101.34,146.45,203.89,0.556,154.43
A0716,2025-05-05,7.7,94.99,130.68,176.14,0.556,137.0
A0716,2025-05-06,7.7,104.24,141.17,188.19,0.556,147.7
A0716,2025-05-07,7.7,111.05,150.16,199.96,0.556,157.08
A0716,2025-05-08,7.7,116.75,162.22,220.12,0.556,170.26
A0716,2025-05-09,7.7,128.76,176.57,237.44,0.556,185.02
A0716,2025-05-10,7.7,133.17,182.83,246.06,0.556,191.61
A0716,2025-05-11,7.7,87.14,121.07,164.27,0.556,127.07
A0716,2025-05-12,7.7,120.07,160.47,211.92,0.556,167.62
A0717,2025-04-29,302.5,7.83,12.79,19.33,0.909,19.48
A0717,2025-04-30,302.5,10.08,15.61,22.89,0.909,23.05
A0717,2025-05-01,302.5,7.93,12.2,17.81,0.909,17.94
A0717,2025-05-02,302.5,9.2,15.05,22.75,0.909,22.93
A0717,2025-05-03,302.5,10.12,16.75,25.48,0.909,25.68
A0717,2025-05-04,302.5,8.16,12.86,19.05,0.909,19.19
A0717,2025-05-05,302.5,6.59,10.18,14.91,0.909,15.01
A0717,2025-05-06,302.5,7.47,12.07,18.15,0.909,18.28
A0717,2025-05-07,302.5,7.43,11.65,17.22,0.909,17.35
A0717,2025-05-08,302.5,8.05,12.3,17.89,0.909,18.02
A0717,2025-05-09,302.5,8.1,13.37,20.31,0.909,20.47
A0717,2025-05-10,302.5,8.86,14.39,21.67,0.909,21.84
A0717,2025-05-11,302.5,6.25,9.72,14.3,0.909,14.4
A0717,2025-05-12,302.5,7.75,10.71,14.6,0.909,14.69
A0718,2025-04-29,5.0,1.61,10.96,27.02,0.556,13.19
A0718,2025-04-30,5.0,3.36,14.92,34.74,0.556,17.68
A0718,2025-05-01,5.0,2.09,11.48,27.76,0.556,13.74
A0718,2025-05-02,5.0,4.5,17.86,40.09,0.556,20.95
A0718,2025-05-03,5.0,5.67,20.6,45.34,0.556,24.04
A0718,2025-05-04,5.0,3.02,14.39,33.31,0.556,17.02
A0718,2025-05-05,5.0,3.34,15.18,34.82,0.556,17.91
A0718,2025-05-06,5.0,4.45,17.66,39.49,0.556,20.69
A0718,2025-05-07,5.0,5.03,18.94,41.44,0.556,22.07
A0718,2025-05-08,5.0,6.37,21.89,47.17,0.556,25.4
A0718,2025-05-09,5.0,7.67,24.94,52.86,0.556,28.82
A0718,2025-05-10,5.0,8.96,27.79,58.03,0.556,31.99
A0718,2025-05-11,5.0,3.91,16.26,36.31,0.556,19.05
A0718,2025-05-12,5.0,7.58,24.58,52.06,0.556,28.4
A0719,2025-04-29,3.5,191.18,264.2,336.31,0.556,274.21
A0719,2025-04-30,3.5,224.66,308.84,391.98,0.556,320.38
A0719,2025-05-01,3.5,159.53,228.45,296.52,0.556,237.91
A0719,2025-05-02,3.5,220.21,307.63,393.97,0.556,319.62
A0719,2025-05-03,3.5,233.99,327.19,419.23,0.556,339.97
A0719,2025-05-04,3.5,179.71,244.83,309.14,0.556,253.76
A0719,2025-05-05,3.5,156.87,226.6,295.47,0.556,236.17
A0719,2025-05-06,3.5,183.7,257.64,330.67,0.556,267.79
A0719,2025-05-07,3.5,180.62,253.39,325.26,0.556,263.37
A0719,2025-05-08,3.5,197.34,276.12,353.93,0.556,286.93
A0719,2025-05-09,3.5,217.15,304.33,390.44,0.556,316.29
A0719,2025-05-10,3.5,228.43,320.69,411.81,0.556,333.35
A0719,2025-05-11,3.5,139.62,196.54,252.76,0.556,204.35
A0719,2025-05-12,3.5,188.0,268.68,348.36,0.556,279.75
A0720,2025-04-29,12.6,71.35,93.67,122.33,0.909,122.98
A0720,2025-04-30,12.6,84.52,114.09,152.04,0.909,152.91
A0720,2025-05-01,12.6,66.05,91.84,124.94,0.909,125.69
A0720,2025-05-02,12.6,90.25,118.65,155.1,0.909,155.93
A0720,2025-05-03,12.6,92.48,122.77,161.66,0.909,162.55
A0720,2025-05-04,12.6,65.18,88.72,118.94,0.909,119.62
A0720,2025-05-05,12.6,70.38,94.73,126.0,0.909,126.71
A0720,2025-05-06,12.6,72.49,94.46,122.68,0.909,123.32
A0720,2025-05-07,12.6,75.71,99.28,129.56,0.909,130.24
A0720,2025-05-08,12.6,80.55,107.87,142.94,0.909,143.74
A0720,2025-05-09,12.6,88.81,117.38,154.06,0.909,154.89
A0720,2025-05-10,12.6,92.31,123.21,162.88,0.909,163.79
A0720,2025-05-11,12.6,56.94,76.25,101.03,0.909,101.6
A0720,2025-05-12,12.6,78.96,104.26,136.76,0.909,137.5
A0721,2025-04-29,429.3,21.6,30.94,42.09,0.909,42.34
A0721,2025-04-30,429.3,27.73,38.96,52.37,0.909,52.68
A0721,2025-05-01,429.3,18.35,24.9,32.72,0.909,32.9
A0721,2025-05-02,429.3,25.93,36.56,49.26,0.909,49.55
A0721,2025-05-03,429.3,26.4,36.7,49.02,0.909,49.3
A0721,2025-05-04,429.3,20.6,29.18,39.43,0.909,39.66
A0721,2025-05-05,429.3,18.83,26.24,35.09,0.909,35.29
A0721,2025-05-06,429.3,21.39,30.43,41.23,0.909,41.47
A0721,2025-05-07,429.3,22.26,31.68,42.93,0.909,43.18
A0721,2025-05-08,429.3,23.28,33.1,44.84,0.909,45.11
A0721,2025-05-09,429.3,25.66,36.44,49.31,0.909,49.61
A0721,2025-05-10,429.3,26.8,37.58,50.46,0.909,50.75
A0721,2025-05-11,429.3,25.73,36.36,49.05,0.909,49.34
A0721,2025-05-12,429.3,34.36,49.26,67.06,0.909,67.46
A0722,2025-04-29,35.4,10.08,14.03,21.54,0.909,21.71
A0722,2025-04-30,35.4,12.19,16.31,24.13,0.909,24.31
A0722,2025-05-01,35.4,8.37,10.49,14.52,0.909,14.61
A0722,2025-05-02,35.4,12.54,15.69,21.67,0.909,21.8
A0722,2025-05-03,35.4,11.67,15.66,23.25,0.909,23.42
A0722,2025-05-04,35.4,8.69,12.23,18.96,0.909,19.11
A0722,2025-05-05,35.4,10.19,13.16,18.78,0.909,18.91
A0722,2025-05-06,35.4,11.29,15.22,22.68,0.909,22.85
A0722,2025-05-07,35.4,11.98,15.16,21.19,0.909,21.33
A0722,2025-05-08,35.4,13.16,16.15,21.81,0.909,21.94
A0722,2025-05-09,35.4,14.05,17.3,23.45,0.909,23.59
A0722,2025-05-10,35.4,13.68,17.97,26.11,0.909,26.3
A0722,2025-05-11,35.4,9.01,11.94,17.49,0.909,17.62
A0722,2025-05-12,35.4,14.81,18.79,26.35,0.909,26.52
A0723,2025-04-29,5.5,9.11,27.97,58.6,0.556,32.22
A0723,2025-04-30,5.5,14.16,38.85,78.6,0.556,44.37
A0723,2025-05-01,5.5,8.76,26.99,56.27,0.556,31.06
A0723,2025-05-02,5.5,15.43,41.74,83.82,0.556,47.58
A0723,2025-05-03,5.5,16.82,44.73,89.95,0.556,51.01
A0723,2025-05-04,5.5,10.15,30.09,62.62,0.556,34.61
A0723,2025-05-05,5.5,11.0,31.82,65.85,0.556,36.55
A0723,2025-05-06,5.5,12.56,35.15,71.85,0.556,40.25
A0723,2025-05-07,5.5,14.16,38.53,77.65,0.556,43.97
A0723,2025-05-08,5.5,17.03,44.3,88.36,0.556,50.42
A0723,2025-05-09,5.5,19.09,48.81,96.4,0.556,55.42
A0723,2025-05-10,5.5,21.25,53.29,105.15,0.556,60.49
A0723,2025-05-11,5.5,9.71,28.83,60.03,0.556,33.17
A0723,2025-05-12,5.5,18.96,48.22,95.47,0.556,54.78
A0724,2025-04-29,3.4,89.49,119.63,156.56,0.556,124.76
A0724,2025-04-30,3.4,120.38,149.35,184.86,0.556,154.28
A0724,2025-05-01,3.4,83.4,110.71,144.17,0.556,115.36
A0724,2025-05-02,3.4,107.45,145.63,192.42,0.556,152.13
A0724,2025-05-03,3.4,126.64,163.25,208.13,0.556,169.49
A0724,2025-05-04,3.4,84.94,107.42,134.98,0.556,111.25
A0724,2025-05-05,3.4,82.13,109.55,143.14,0.556,114.21
A0724,2025-05-06,3.4,87.34,117.28,153.98,0.556,122.38
A0724,2025-05-07,3.4,91.09,119.66,154.67,0.556,124.52
A0724,2025-05-08,3.4,94.78,126.53,165.44,0.556,131.94
A0724,2025-05-09,3.4,105.81,143.89,190.55,0.556,150.37
A0724,2025-05-10,3.4,120.49,157.01,201.76,0.556,163.22
A0724,2025-05-11,3.4,66.24,88.35,115.44,0.556,92.11
A0724,2025-05-12,3.4,91.44,122.21,159.91,0.556,127.44
A0725,2025-04-29,399.3,0.71,8.53,21.88,0.909,22.18
A0725,2025-04-30,399.3,1.68,10.83,26.4,0.909,26.76
A0725,2025-05-01,399.3,1.03,8.45,21.67,0.909,21.97
A0725,2025-05-02,399.3,1.99,11.8,28.2,0.909,28.57
A0725,2025-05-03,399.3,2.47,12.88,30.32,0.909,30.71
A0725,2025-05-04,399.3,1.28,9.78,24.32,0.909,24.65
A0725,2025-05-05,399.3,2.58,12.66,29.21,0.909,29.58
A0725,2025-05-06,399.3,3.48,14.81,33.53,0.909,33.96
A0725,2025-05-07,399.3,3.55,14.98,33.53,0.909,33.95
A0725,2025-05-08,399.3,4.16,16.33,36.34,0.909,36.8
A0725,2025-05-09,399.3,4.85,18.05,39.7,0.909,40.19
A0725,2025-05-10,399.3,5.41,19.21,41.86,0.909,42.37
A0725,2025-05-11,399.3,6.75,21.14,44.55,0.909,45.08
A0725,2025-05-12,399.3,12.6,33.73,68.42,0.909,69.21
A0726,2025-04-29,12.0,33.69,48.41,64.8,0.909,65.17
A0726,2025-04-30,12.0,43.19,61.55,82.01,0.909,82.47
A0726,2025-05-01,12.0,29.33,42.56,57.31,0.909,57.65
A0726,2025-05-02,12.0,39.77,57.39,77.02,0.909,77.47
A0726,2025-05-03,12.0,43.27,63.75,86.58,0.909,87.1
A0726,2025-05-04,12.0,32.54,47.45,64.06,0.909,64.44
A0726,2025-05-05,12.0,30.9,44.24,59.09,0.909,59.43
A0726,2025-05-06,12.0,33.3,47.76,63.88,0.909,64.25
A0726,2025-05-07,12.0,35.26,49.72,65.83,0.909,66.19
A0726,2025-05-08,12.0,38.04,54.35,72.53,0.909,72.94
A0726,2025-05-09,12.0,40.93,58.59,78.27,0.909,78.72
A0726,2025-05-10,12.0,44.76,65.52,88.64,0.909,89.17
A0726,2025-05-11,12.0,27.43,39.5,52.96,0.909,53.26
A0726,2025-05-12,12.0,37.34,52.97,70.38,0.909,70.78
A0727,2025-04-29,200.9,21.53,32.06,44.07,0.909,44.34
A0727,2025-04-30,200.9,26.59,39.81,54.9,0.909,55.25
A0727,2025-05-01,200.9,19.63,29.23,40.18,0.909,40.43
A0727,2025-05-02,200.9,25.94,38.15,52.09,0.909,52.4
A0727,2025-05-03,200.9,26.77,40.21,55.55,0.909,55.9
A0727,2025-05-04,200.9,18.92,28.61,39.67,0.909,39.92
A0727,2025-05-05,200.9,19.87,30.21,42.0,0.909,42.27
A0727,2025-05-06,200.9,21.46,31.96,43.95,0.909,44.22
A0727,2025-05-07,200.9,23.11,34.34,47.16,0.909,47.45
A0727,2025-05-08,200.9,25.49,37.42,51.04,0.909,51.35
A0727,2025-05-09,200.9,26.32,38.58,52.57,0.909,52.89
A0727,2025-05-10,200.9,28.04,41.62,57.11,0.909,57.46
A0727,2025-05-11,200.9,17.13,25.59,35.24,0.909,35.46
A0727,2025-05-12,200.9,25.71,38.13,52.3,0.909,52.63
A0728,2025-04-29,407.1,14.22,20.81,30.71,0.909,30.94
A0728,2025-04-30,407.1,18.63,31.06,49.74,0.909,50.17
A0728,2025-05-01,407.1,12.76,19.64,29.97,0.909,30.21
A0728,2025-05-02,407.1,17.96,27.23,41.16,0.909,41.48
A0728,2025-05-03,407.1,16.29,23.15,33.46,0.909,33.7
A0728,2025-05-04,407.1,13.55,21.19,32.67,0.909,32.93
A0728,2025-05-05,407.1,15.89,23.36,34.57,0.909,34.82
A0728,2025-05-06,407.1,16.54,24.01,35.23,0.909,35.48
A0728,2025-05-07,407.1,17.41,24.74,35.76,0.909,36.01
A0728,2025-05-08,407.1,19.31,27.11,38.84,0.909,39.1
A0728,2025-05-09,407.1,20.43,30.29,45.1,0.909,45.44
A0728,2025-05-10,407.1,19.77,27.25,38.49,0.909,38.74
A0728,2025-05-11,407.1,14.24,19.98,28.61,0.909,28.8
A0728,2025-05-12,407.1,23.67,34.12,49.83,0.909,50.19
A0729,2025-04-29,417.9,18.99,28.14,38.67,0.909,38.91
A0729,2025-04-30,417.9,22.78,33.59,46.03,0.909,46.31
A0729,2025-05-01,417.9,17.27,25.28,34.5,0.909,34.71
A0729,2025-05-02,417.9,21.59,32.12,44.26,0.909,44.53
A0729,2025-05-03,417.9,21.82,32.45,44.69,0.909,44.97
A0729,2025-05-04,417.9,29.12,42.53,57.98,0.909,58.33
A0729,2025-05-05,417.9,27.88,42.14,58.57,0.909,58.94
A0729,2025-05-06,417.9,29.49,45.33,63.59,0.909,64.0
A0729,2025-05-07,417.9,29.4,45.14,63.29,0.909,63.7
A0729,2025-05-08,417.9,16.36,25.79,36.65,0.909,36.9
A0729,2025-05-09,417.9,18.17,28.58,40.57,0.909,40.84
A0729,2025-05-10,417.9,19.53,29.85,41.73,0.909,42.0
A0729,2025-05-11,417.9,12.76,19.62,27.53,0.909,27.71
A0729,2025-05-12,417.9,18.71,28.24,39.21,0.909,39.46
A0730,2025-04-29,293.0,25.76,35.06,45.43,0.909,45.66
A0730,2025-04-30,293.0,32.81,39.67,47.33,0.909,47.5
A0730,2025-05-01,293.0,6.72,12.57,19.08,0.909,19.23
A0730,2025-05-02,293.0,10.0,21.39,34.08,0.909,34.37
A0730,2025-05-03,293.0,12.03,19.07,26.91,0.909,27.09
A0730,2025-05-04,293.0,11.22,14.63,18.43,0.909,18.52
A0730,2025-05-05,293.0,12.08,16.65,21.74,0.909,21.86
A0730,2025-05-06,293.0,10.73,19.9,30.11,0.909,30.34
A0730,2025-05-07,293.0,10.37,21.69,34.3,0.909,34.59
A0730,2025-05-08,293.0,14.06,22.63,32.18,0.909,32.4
A0730,2025-05-09,293.0,13.31,25.79,39.68,0.909,40.0
A0730,2025-05-10,293.0,15.61,24.19,33.75,0.909,33.97
A0730,2025-05-11,293.0,10.75,16.14,22.15,0.909,22.28
A0730,2025-05-12,293.0,18.81,25.87,33.73,0.909,33.91
A0731,2025-04-29,5.7,655.07,864.99,1113.68,0.556,899.53
A0731,2025-04-30,5.7,876.49,1148.88,1471.57,0.556,1193.7
A0731,2025-05-01,5.7,562.0,761.22,997.23,0.556,794.0
A0731,2025-05-02,5.7,726.46,978.93,1278.01,0.556,1020.46
A0731,2025-05-03,5.7,773.56,1030.22,1334.27,0.556,1072.45
A0731,2025-05-04,5.7,643.45,882.62,1165.95,0.556,921.97
A0731,2025-05-05,5.7,578.37,776.86,1012.02,0.556,809.52
A0731,2025-05-06,5.7,637.13,845.62,1092.61,0.556,879.92
A0731,2025-05-07,5.7,682.28,899.95,1157.81,0.556,935.76
A0731,2025-05-08,5.7,692.43,927.91,1206.88,0.556,966.66
A0731,2025-05-09,5.7,756.37,1011.92,1314.67,0.556,1053.97
A0731,2025-05-10,5.7,808.75,1071.4,1382.56,0.556,1114.62
A0731,2025-05-11,5.7,534.2,723.94,948.73,0.556,755.16
A0731,2025-05-12,5.7,703.69,938.28,1216.18,0.556,976.87
A0732,2025-04-29,177.4,15.93,24.01,34.31,0.909,34.54
A0732,2025-04-30,177.4,19.55,28.39,39.67,0.909,39.93
A0732,2025-05-01,177.4,14.69,22.26,31.92,0.909,32.14
A0732,2025-05-02,177.4,20.41,29.95,42.11,0.909,42.39
A0732,2025-05-03,177.4,29.66,41.58,56.78,0.909,57.12
A0732,2025-05-04,177.4,19.59,27.07,36.61,0.909,36.82
A0732,2025-05-05,177.4,20.18,29.35,41.05,0.909,41.31
A0732,2025-05-06,177.4,22.12,31.91,44.4,0.909,44.68
A0732,2025-05-07,177.4,22.72,32.57,45.13,0.909,45.41
A0732,2025-05-08,177.4,24.64,35.16,48.58,0.909,48.89
A0732,2025-05-09,177.4,27.86,39.23,53.73,0.909,54.05
A0732,2025-05-10,177.4,17.8,27.73,40.4,0.909,40.68
A0732,2025-05-11,177.4,10.63,16.62,24.28,0.909,24.45
A0732,2025-05-12,177.4,16.55,25.49,36.9,0.909,37.16
A0733,2025-04-29,396.8,19.69,28.08,39.58,0.909,39.84
A0733,2025-04-30,396.8,24.32,33.41,45.88,0.909,46.16
A0733,2025-05-01,396.8,17.01,23.99,33.56,0.909,33.77
A0733,2025-05-02,396.8,24.36,34.05,47.33,0.909,47.63
A0733,2025-05-03,396.8,26.82,36.15,48.95,0.909,49.25
A0733,2025-05-04,396.8,19.88,27.06,36.9,0.909,37.12
A0733,2025-05-05,396.8,18.89,26.1,35.98,0.909,36.2
A0733,2025-05-06,396.8,20.66,28.87,40.12,0.909,40.38
A0733,2025-05-07,396.8,20.69,28.67,39.62,0.909,39.86
A0733,2025-05-08,396.8,22.94,31.77,43.88,0.909,44.16
A0733,2025-05-09,396.8,24.33,33.96,47.18,0.909,47.48
A0733,2025-05-10,396.8,26.14,35.49,48.32,0.909,48.61
A0733,2025-05-11,396.8,16.4,22.7,31.35,0.909,31.55
A0733,2025-05-12,396.8,22.39,30.98,42.76,0.909,43.02
A0734,2025-04-29,2.9,62.65,89.14,118.01,0.556,93.15
A0734,2025-04-30,2.9,79.59,112.37,148.09,0.556,117.33
A0734,2025-05-01,2.9,54.61,77.15,101.71,0.556,80.56
A0734,2025-05-02,2.9,77.28,110.68,147.08,0.556,115.74
A0734,2025-05-03,2.9,82.16,117.16,155.32,0.556,122.46
A0734,2025-05-04,2.9,59.8,86.31,115.2,0.556,90.32
A0734,2025-05-05,2.9,59.74,83.36,109.1,0.556,86.93
A0734,2025-05-06,2.9,64.74,91.48,120.64,0.556,95.53
A0734,2025-05-07,2.9,65.97,90.12,116.43,0.556,93.77
A0734,2025-05-08,2.9,88.25,122.84,160.55,0.556,128.08
A0734,2025-05-09,2.9,102.8,145.66,192.38,0.556,152.15
A0734,2025-05-10,2.9,107.43,151.96,200.5,0.556,158.7
A0734,2025-05-11,2.9,46.82,67.34,89.7,0.556,70.44
A0734,2025-05-12,2.9,65.76,93.36,123.44,0.556,97.54
A0735,2025-04-29,5.7,51.54,70.23,92.96,0.556,73.38
A0735,2025-04-30,5.7,62.08,83.04,108.54,0.556,86.59
A0735,2025-05-01,5.7,29.82,42.83,58.67,0.556,45.03
A0735,2025-05-02,5.7,41.68,57.44,76.61,0.556,60.1
A0735,2025-05-03,5.7,44.8,60.92,80.51,0.556,63.64
A0735,2025-05-04,5.7,33.71,46.71,62.52,0.556,48.91
A0735,2025-05-05,5.7,36.04,49.44,65.74,0.556,51.7
A0735,2025-05-06,5.7,38.35,51.41,67.3,0.556,53.62
A0735,2025-05-07,5.7,39.59,52.91,69.11,0.556,55.16
A0735,2025-05-08,5.7,44.18,59.25,77.59,0.556,61.8
A0735,2025-05-09,5.7,46.61,62.98,82.89,0.556,65.74
A0735,2025-05-10,5.7,49.82,66.96,87.81,0.556,69.86
A0735,2025-05-11,5.7,31.56,43.39,57.77,0.556,45.38
A0735,2025-05-12,5.7,46.3,62.14,81.4,0.556,64.82
A0736,2025-04-29,4.8,179.03,235.85,311.94,0.556,246.42
A0736,2025-04-30,4.8,222.48,296.42,395.44,0.556,310.17
A0736,2025-05-01,4.8,154.39,200.96,263.32,0.556,209.62
A0736,2025-05-02,4.8,212.85,278.68,366.84,0.556,290.92
A0736,2025-05-03,4.8,221.01,292.41,388.03,0.556,305.69
A0736,2025-05-04,4.8,179.45,240.68,322.7,0.556,252.07
A0736,2025-05-05,4.8,163.6,207.59,266.5,0.556,215.77
A0736,2025-05-06,4.8,187.98,244.64,320.52,0.556,255.18
A0736,2025-05-07,4.8,194.4,253.58,332.84,0.556,264.59
A0736,2025-05-08,4.8,214.66,280.95,369.73,0.556,293.28
A0736,2025-05-09,4.8,223.73,290.64,380.25,0.556,303.09
A0736,2025-05-10,4.8,235.99,309.53,408.02,0.556,323.21
A0736,2025-05-11,4.8,153.05,202.49,268.71,0.556,211.69
A0736,2025-05-12,4.8,219.92,282.09,365.37,0.556,293.66
A0737,2025-04-29,380.6,6.29,11.15,17.57,0.909,17.71
A0737,2025-04-30,380.6,6.63,12.77,20.87,0.909,21.05
A0737,2025-05-01,380.6,6.61,11.75,18.54,0.909,18.69
A0737,2025-05-02,380.6,7.4,13.33,21.15,0.909,21.32
A0737,2025-05-03,380.6,8.2,14.31,22.36,0.909,22.54
A0737,2025-05-04,380.6,26.55,45.03,69.4,0.909,69.96
A0737,2025-05-05,380.6,21.6,36.55,56.27,0.909,56.72
A0737,2025-05-06,380.6,26.26,41.1,60.67,0.909,61.12
A0737,2025-05-07,380.6,4.37,9.2,15.57,0.909,15.72
A0737,2025-05-08,380.6,5.13,10.1,16.65,0.909,16.8
A0737,2025-05-09,380.6,5.64,11.13,18.36,0.909,18.53
A0737,2025-05-10,380.6,6.51,12.0,19.24,0.909,19.4
A0737,2025-05-11,380.6,4.81,8.95,14.41,0.909,14.53
A0737,2025-05-12,380.6,5.6,9.24,14.04,0.909,14.15
A0738,2025-04-29,431.4,20.52,32.78,48.22,0.909,48.58
A0738,2025-04-30,431.4,25.44,40.56,59.6,0.909,60.04
A0738,2025-05-01,431.4,18.15,29.55,43.91,0.909,44.24
A0738,2025-05-02,431.4,23.9,38.74,57.45,0.909,57.87
A0738,2025-05-03,431.4,24.54,39.03,57.29,0.909,57.71
A0738,2025-05-04,431.4,18.51,30.73,46.13,0.909,46.48
A0738,2025-05-05,431.4,17.7,28.89,43.0,0.909,43.32
A0738,2025-05-06,431.4,19.02,31.51,47.24,0.909,47.6
A0738,2025-05-07,431.4,19.58,30.95,45.28,0.909,45.61
A0738,2025-05-08,431.4,21.47,33.59,48.87,0.909,49.22
A0738,2025-05-09,431.4,22.92,37.51,55.89,0.909,56.31
A0738,2025-05-10,431.4,23.79,37.65,55.1,0.909,55.49
A0738,2025-05-11,431.4,15.4,25.15,37.44,0.909,37.71
A0738,2025-05-12,431.4,20.67,32.44,47.26,0.909,47.6
A0739,2025-04-29,188.3,14.26,23.38,33.71,0.909,33.95
A0739,2025-04-30,188.3,16.47,26.77,38.43,0.909,38.69
A0739,2025-05-01,188.3,12.46,19.32,27.09,0.909,27.26
A0739,2025-05-02,188.3,18.1,28.01,39.21,0.909,39.47
A0739,2025-05-03,188.3,18.83,29.5,41.57,0.909,41.84
A0739,2025-05-04,188.3,12.79,20.27,28.74,0.909,28.93
A0739,2025-05-05,188.3,12.78,20.05,28.27,0.909,28.46
A0739,2025-05-06,188.3,14.84,23.76,33.85,0.909,34.08
A0739,2025-05-07,188.3,14.82,23.75,33.85,0.909,34.08
A0739,2025-05-08,188.3,16.52,26.45,37.68,0.909,37.93
A0739,2025-05-09,188.3,17.7,27.81,39.24,0.909,39.5
A0739,2025-05-10,188.3,18.78,30.02,42.73,0.909,43.01
A0739,2025-05-11,188.3,10.92,17.52,24.97,0.909,25.14
A0739,2025-05-12,188.3,16.19,26.03,37.16,0.909,37.41
A0740,2025-04-29,4.5,34.69,47.05,64.61,0.556,49.49
A0740,2025-04-30,4.5,40.02,52.87,71.14,0.556,55.41
A0740,2025-05-01,4.5,33.01,44.54,60.93,0.556,46.81
A0740,2025-05-02,4.5,43.63,58.65,79.99,0.556,61.61
A0740,2025-05-03,4.5,44.29,60.91,84.54,0.556,64.19
A0740,2025-05-04,4.5,29.44,39.03,52.67,0.556,40.92
A0740,2025-05-05,4.5,34.98,47.11,64.36,0.556,49.51
A0740,2025-05-06,4.5,36.58,48.91,66.44,0.556,51.35
A0740,2025-05-07,4.5,37.76,50.86,69.49,0.556,53.45
A0740,2025-05-08,4.5,41.74,56.26,76.9,0.556,59.12
A0740,2025-05-09,4.5,44.78,59.98,81.59,0.556,62.98
A0740,2025-05-10,4.5,46.96,63.92,88.04,0.556,67.27
A0740,2025-05-11,4.5,28.32,38.1,52.0,0.556,40.03
A0740,2025-05-12,4.5,46.01,61.52,83.57,0.556,64.58
A0741,2025-04-29,5.3,10.62,16.71,24.14,0.556,17.74
A0741,2025-04-30,5.3,13.63,20.77,29.47,0.556,21.98
A0741,2025-05-01,5.3,9.09,15.61,23.56,0.556,16.71
A0741,2025-05-02,5.3,12.05,19.9,29.49,0.556,21.24
A0741,2025-05-03,5.3,13.04,20.8,30.27,0.556,22.11
A0741,2025-05-04,5.3,10.09,16.46,24.22,0.556,17.53
A0741,2025-05-05,5.3,8.62,14.6,21.89,0.556,15.61
A0741,2025-05-06,5.3,9.79,15.82,23.18,0.556,16.85
A0741,2025-05-07,5.3,9.9,15.63,22.62,0.556,16.6
A0741,2025-05-08,5.3,10.71,17.73,26.29,0.556,18.92
A0741,2025-05-09,5.3,11.11,18.75,28.08,0.556,20.05
A0741,2025-05-10,5.3,11.97,19.36,28.37,0.556,20.61
A0741,2025-05-11,5.3,7.63,12.85,19.21,0.556,13.73
A0741,2025-05-12,5.3,9.44,15.57,23.04,0.556,16.61
A0742,2025-04-29,2.8,20.31,30.86,43.13,0.556,32.56
A0742,2025-04-30,2.8,23.88,38.1,54.63,0.556,40.39
A0742,2025-05-01,2.8,17.58,28.21,40.58,0.556,29.93
A0742,2025-05-02,2.8,23.77,38.09,54.75,0.556,40.41
A0742,2025-05-03,2.8,27.11,42.12,59.57,0.556,44.54
A0742,2025-05-04,2.8,17.81,29.24,42.52,0.556,31.08
A0742,2025-05-05,2.8,17.18,27.09,38.61,0.556,28.69
A0742,2025-05-06,2.8,18.92,29.7,42.25,0.556,31.45
A0742,2025-05-07,2.8,18.89,29.37,41.55,0.556,31.06
A0742,2025-05-08,2.8,21.23,33.29,47.32,0.556,35.24
A0742,2025-05-09,2.8,23.11,37.17,53.53,0.556,39.44
A0742,2025-05-10,2.8,26.63,40.96,57.62,0.556,43.27
A0742,2025-05-11,2.8,15.24,24.14,34.5,0.556,25.58
A0742,2025-05-12,2.8,20.04,31.12,44.01,0.556,32.91
A0743,2025-04-29,170.4,15.73,23.9,33.62,0.909,33.84
A0743,2025-04-30,170.4,19.73,28.22,38.3,0.909,38.53
A0743,2025-05-01,170.4,14.23,22.24,31.76,0.909,31.98
A0743,2025-05-02,170.4,19.91,29.52,40.93,0.909,41.19
A0743,2025-05-03,170.4,21.05,31.42,43.75,0.909,44.03
A0743,2025-05-04,170.4,14.49,20.62,27.91,0.909,28.07
A0743,2025-05-05,170.4,14.81,22.48,31.59,0.909,31.8
A0743,2025-05-06,170.4,15.8,23.98,33.7,0.909,33.92
A0743,2025-05-07,170.4,16.71,25.1,35.08,0.909,35.3
A0743,2025-05-08,170.4,18.52,27.69,38.59,0.909,38.84
A0743,2025-05-09,170.4,19.65,29.32,40.82,0.909,41.08
A0743,2025-05-10,170.4,21.1,31.63,44.16,0.909,44.44
A0743,2025-05-11,170.4,12.64,18.73,25.98,0.909,26.14
A0743,2025-05-12,170.4,18.28,26.92,37.19,0.909,37.42
A0744,2025-04-29,148.0,3.32,6.94,11.18,0.909,11.28
A0744,2025-04-30,148.0,3.82,9.53,16.22,0.909,16.37
A0744,2025-05-01,148.0,2.64,5.67,9.22,0.909,9.3
A0744,2025-05-02,148.0,4.3,8.74,13.95,0.909,14.06
A0744,2025-05-03,148.0,4.12,8.77,14.21,0.909,14.34
A0744,2025-05-04,148.0,2.77,7.08,12.13,0.909,12.25
A0744,2025-05-05,148.0,2.72,6.12,10.1,0.909,10.19
A0744,2025-05-06,148.0,3.22,6.87,11.15,0.909,11.25
A0744,2025-05-07,148.0,3.18,6.83,11.11,0.909,11.21
A0744,2025-05-08,148.0,3.6,7.77,12.66,0.909,12.77
A0744,2025-05-09,148.0,4.24,8.68,13.89,0.909,14.01
A0744,2025-05-10,148.0,4.11,8.74,14.17,0.909,14.29
A0744,2025-05-11,148.0,2.43,5.46,9.01,0.909,9.09
A0744,2025-05-12,148.0,3.15,7.59,12.8,0.909,12.92
A0745,2025-04-29,195.4,16.88,24.71,36.22,0.909,36.48
A0745,2025-04-30,195.4,21.8,31.34,45.36,0.909,45.68
A0745,2025-05-01,195.4,15.75,23.68,35.33,0.909,35.59
A0745,2025-05-02,195.4,20.82,29.92,43.3,0.909,43.61
A0745,2025-05-03,195.4,22.05,31.69,45.86,0.909,46.19
A0745,2025-05-04,195.4,16.34,24.44,36.35,0.909,36.62
A0745,2025-05-05,195.4,16.29,23.72,34.63,0.909,34.88
A0745,2025-05-06,195.4,17.33,25.38,37.22,0.909,37.48
A0745,2025-05-07,195.4,16.8,23.94,34.45,0.909,34.69
A0745,2025-05-08,195.4,18.65,27.57,40.67,0.909,40.97
A0745,2025-05-09,195.4,20.69,29.69,42.93,0.909,43.23
A0745,2025-05-10,195.4,21.69,31.0,44.68,0.909,45.0
A0745,2025-05-11,195.4,13.52,19.98,29.47,0.909,29.69
A0745,2025-05-12,195.4,18.95,27.3,39.56,0.909,39.84
A0746,2025-04-29,5.6,76.28,105.43,138.09,0.556,109.97
A0746,2025-04-30,5.6,92.08,129.97,172.42,0.556,135.87
A0746,2025-05-01,5.6,71.11,99.07,130.4,0.556,103.43
A0746,2025-05-02,5.6,93.89,133.29,177.42,0.556,139.42
A0746,2025-05-03,5.6,97.42,137.84,183.13,0.556,144.13
A0746,2025-05-04,5.6,69.36,98.59,131.32,0.556,103.13
A0746,2025-05-05,5.6,72.72,100.54,131.72,0.556,104.87
A0746,2025-05-06,5.6,77.19,105.79,137.84,0.556,110.24
A0746,2025-05-07,5.6,83.48,119.58,160.02,0.556,125.2
A0746,2025-05-08,5.6,89.12,126.15,167.64,0.556,131.91
A0746,2025-05-09,5.6,95.8,135.89,180.82,0.556,142.13
A0746,2025-05-10,5.6,99.96,142.22,189.57,0.556,148.8
A0746,2025-05-11,5.6,64.04,91.87,123.06,0.556,96.21
A0746,2025-05-12,5.6,88.05,123.33,162.86,0.556,128.82
A0747,2025-04-29,414.7,5.26,18.39,40.04,0.909,40.53
A0747,2025-04-30,414.7,8.03,24.47,51.94,0.909,52.56
A0747,2025-05-01,414.7,4.66,17.07,37.56,0.909,38.02
A0747,2025-05-02,414.7,4.04,16.25,36.18,0.909,36.63
A0747,2025-05-03,414.7,4.94,18.29,39.94,0.909,40.43
A0747,2025-05-04,414.7,2.79,13.22,30.46,0.909,30.86
A0747,2025-05-05,414.7,3.2,14.21,32.22,0.909,32.63
A0747,2025-05-06,414.7,4.19,16.37,36.3,0.909,36.75
A0747,2025-05-07,414.7,4.76,17.58,38.11,0.909,38.58
A0747,2025-05-08,414.7,5.81,19.76,42.35,0.909,42.86
A0747,2025-05-09,414.7,6.76,21.9,46.3,0.909,46.85
A0747,2025-05-10,414.7,7.72,23.95,49.99,0.909,50.59
A0747,2025-05-11,414.7,3.48,14.63,32.77,0.909,33.18
A0747,2025-05-12,414.7,6.74,21.71,45.94,0.909,46.5
A0748,2025-04-29,292.9,17.13,25.77,37.59,0.909,37.86
A0748,2025-04-30,292.9,20.11,31.31,46.64,0.909,46.99
A0748,2025-05-01,292.9,13.22,20.74,31.03,0.909,31.26
A0748,2025-05-02,292.9,20.24,31.1,45.97,0.909,46.31
A0748,2025-05-03,292.9,18.74,27.89,40.42,0.909,40.7
A0748,2025-05-04,292.9,14.62,22.35,32.92,0.909,33.16
A0748,2025-05-05,292.9,16.86,25.62,37.63,0.909,37.9
A0748,2025-05-06,292.9,17.42,26.74,39.51,0.909,39.8
A0748,2025-05-07,292.9,18.35,28.07,41.37,0.909,41.68
A0748,2025-05-08,292.9,19.83,30.27,44.56,0.909,44.89
A0748,2025-05-09,292.9,20.99,32.76,48.87,0.909,49.23
A0748,2025-05-10,292.9,20.76,31.43,46.03,0.909,46.36
A0748,2025-05-11,292.9,14.58,22.09,32.37,0.909,32.6
A0748,2025-05-12,292.9,23.14,36.86,55.64,0.909,56.06
A0749,2025-04-29,200.0,15.06,23.97,34.25,0.909,34.48
A0749,2025-04-30,200.0,19.88,30.97,43.76,0.909,44.05
A0749,2025-05-01,200.0,13.11,21.92,32.08,0.909,32.31
A0749,2025-05-02,200.0,8.49,15.18,22.9,0.909,23.08
A0749,2025-05-03,200.0,9.78,16.66,24.6,0.909,24.78
A0749,2025-05-04,200.0,7.43,12.19,17.69,0.909,17.81
A0749,2025-05-05,200.0,6.87,11.78,17.44,0.909,17.57
A0749,2025-05-06,200.0,7.61,12.81,18.81,0.909,18.95
A0749,2025-05-07,200.0,7.68,13.5,20.22,0.909,20.37
A0749,2025-05-08,200.0,8.56,14.42,21.18,0.909,21.33
A0749,2025-05-09,200.0,9.6,16.24,23.89,0.909,24.07
A0749,2025-05-10,200.0,10.54,17.25,24.99,0.909,25.16
A0749,2025-05-11,200.0,6.33,10.8,15.96,0.909,16.07
A0749,2025-05-12,200.0,9.15,14.84,21.4,0.909,21.55
A0750,2025-04-29,343.0,10.01,16.29,23.67,0.909,23.84
A0750,2025-04-30,343.0,12.1,21.14,31.76,0.909,32.0
A0750,2025-05-01,343.0,8.45,14.24,21.05,0.909,21.21
A0750,2025-05-02,343.0,11.64,19.76,29.3,0.909,29.52
A0750,2025-05-03,343.0,11.56,19.28,28.34,0.909,28.54
A0750,2025-05-04,343.0,9.17,15.85,23.71,0.909,23.89
A0750,2025-05-05,343.0,8.17,13.55,19.88,0.909,20.02
A0750,2025-05-06,343.0,9.93,15.99,23.11,0.909,23.27
A0750,2025-05-07,343.0,9.8,16.14,23.59,0.909,23.76
A0750,2025-05-08,343.0,10.1,16.22,23.42,0.909,23.58
A0750,2025-05-09,343.0,11.35,19.12,28.26,0.909,28.47
A0750,2025-05-10,343.0,11.37,18.58,27.04,0.909,27.23
A0750,2025-05-11,343.0,7.61,12.38,17.98,0.909,18.11
A0750,2025-05-12,343.0,8.98,14.17,20.26,0.909,20.4
A0751,2025-04-29,5.6,37.2,50.04,67.15,0.556,52.42
A0751,2025-04-30,5.6,42.8,55.59,72.64,0.556,57.96
A0751,2025-05-01,5.6,32.65,44.29,59.79,0.556,46.44
A0751,2025-05-02,5.6,44.13,59.99,81.12,0.556,62.92
A0751,2025-05-03,5.6,46.9,62.81,84.01,0.556,65.75
A0751,2025-05-04,5.6,33.58,44.46,58.96,0.556,46.47
A0751,2025-05-05,5.6,34.26,46.07,61.8,0.556,48.26
A0751,2025-05-06,5.6,37.68,50.92,68.57,0.556,53.37
A0751,2025-05-07,5.6,36.13,47.24,62.03,0.556,49.29
A0751,2025-05-08,5.6,41.73,55.37,73.54,0.556,57.89
A0751,2025-05-09,5.6,44.6,60.32,81.27,0.556,63.23
A0751,2025-05-10,5.6,47.65,63.07,83.62,0.556,65.93
A0751,2025-05-11,5.6,29.41,39.25,52.35,0.556,41.07
A0751,2025-05-12,5.6,41.55,55.39,73.82,0.556,57.95
A0752,2025-04-29,179.3,16.85,24.83,35.21,0.909,35.45
A0752,2025-04-30,179.3,22.97,35.29,51.31,0.909,51.68
A0752,2025-05-01,179.3,14.97,22.22,31.63,0.909,31.85
A0752,2025-05-02,179.3,19.63,29.84,43.1,0.909,43.4
A0752,2025-05-03,179.3,20.24,29.89,42.42,0.909,42.71
A0752,2025-05-04,179.3,15.81,24.51,35.81,0.909,36.07
A0752,2025-05-05,179.3,15.6,22.81,32.19,0.909,32.4
A0752,2025-05-06,179.3,16.95,24.96,35.37,0.909,35.6
A0752,2025-05-07,179.3,18.04,26.39,37.25,0.909,37.49
A0752,2025-05-08,179.3,18.76,27.86,39.69,0.909,39.96
A0752,2025-05-09,179.3,20.08,30.23,43.43,0.909,43.73
A0752,2025-05-10,179.3,21.01,30.55,42.95,0.909,43.23
A0752,2025-05-11,179.3,13.3,19.49,27.53,0.909,27.71
A0752,2025-05-12,179.3,19.44,28.24,39.67,0.909,39.93
A0753,2025-04-29,4.4,18.53,28.2,38.91,0.556,29.68
A0753,2025-04-30,4.4,21.57,31.67,42.86,0.556,33.22
A0753,2025-05-01,4.4,26.96,41.44,57.48,0.556,43.66
A0753,2025-05-02,4.4,37.82,56.53,77.27,0.556,59.41
A0753,2025-05-03,4.4,39.47,59.7,82.13,0.556,62.82
A0753,2025-05-04,4.4,26.69,39.79,54.31,0.556,41.81
A0753,2025-05-05,4.4,27.41,41.14,56.37,0.556,43.26
A0753,2025-05-06,4.4,30.56,47.02,65.26,0.556,49.56
A0753,2025-05-07,4.4,31.62,48.98,68.22,0.556,51.65
A0753,2025-05-08,4.4,17.1,27.37,38.75,0.556,28.95
A0753,2025-05-09,4.4,19.53,30.2,42.02,0.556,31.84
A0753,2025-05-10,4.4,21.92,33.72,46.79,0.556,35.53
A0753,2025-05-11,4.4,12.97,20.09,27.98,0.556,21.18
A0753,2025-05-12,4.4,17.85,26.93,37.0,0.556,28.33
A0754,2025-04-29,322.2,6.32,26.4,56.59,0.909,57.28
A0754,2025-04-30,322.2,0.0,32.06,93.63,0.909,95.03
A0754,2025-05-01,322.2,0.0,22.73,85.53,0.909,86.96
A0754,2025-05-02,322.2,1.83,32.92,79.68,0.909,80.74
A0754,2025-05-03,322.2,0.0,30.82,86.71,0.909,87.98
A0754,2025-05-04,322.2,0.0,24.82,91.02,0.909,92.52
A0754,2025-05-05,322.2,0.0,28.74,116.75,0.909,118.75
A0754,2025-05-06,322.2,5.8,31.15,69.26,0.909,70.12
A0754,2025-05-07,322.2,0.0,31.8,93.95,0.909,95.36
A0754,2025-05-08,322.2,0.0,35.72,92.73,0.909,94.03
A0754,2025-05-09,322.2,5.72,37.38,84.98,0.909,86.06
A0754,2025-05-10,322.2,0.0,36.87,95.52,0.909,96.85
A0754,2025-05-11,322.2,0.0,26.05,100.54,0.909,102.23
A0754,2025-05-12,322.2,0.0,41.75,153.96,0.909,156.51
A0755,2025-04-29,396.2,12.95,19.5,26.97,0.909,27.14
A0755,2025-04-30,396.2,19.02,28.68,39.68,0.909,39.93
A0755,2025-05-01,396.2,10.65,16.77,23.74,0.909,23.9
A0755,2025-05-02,396.2,15.04,23.94,34.09,0.909,34.32
A0755,2025-05-03,396.2,16.44,25.13,35.03,0.909,35.26
A0755,2025-05-04,396.2,13.96,21.33,29.73,0.909,29.92
A0755,2025-05-05,396.2,11.27,18.09,25.87,0.909,26.05
A0755,2025-05-06,396.2,12.28,19.0,26.66,0.909,26.83
A0755,2025-05-07,396.2,11.93,18.56,26.12,0.909,26.29
A0755,2025-05-08,396.2,13.27,20.5,28.75,0.909,28.93
A0755,2025-05-09,396.2,14.74,23.52,33.54,0.909,33.77
A0755,2025-05-10,396.2,16.0,24.35,33.86,0.909,34.08
A0755,2025-05-11,396.2,9.79,15.29,21.55,0.909,21.7
A0755,2025-05-12,396.2,13.04,20.93,29.94,0.909,30.14
A0756,2025-04-29,7.0,89.16,118.3,152.69,0.556,123.08
A0756,2025-04-30,7.0,113.86,153.57,200.44,0.556,160.08
A0756,2025-05-01,7.0,49.37,67.64,89.21,0.556,70.64
A0756,2025-05-02,7.0,67.23,94.1,125.82,0.556,98.51
A0756,2025-05-03,7.0,70.37,98.1,130.83,0.556,102.65
A0756,2025-05-04,7.0,53.86,75.81,101.72,0.556,79.41
A0756,2025-05-05,7.0,53.3,71.57,93.13,0.556,74.56
A0756,2025-05-06,7.0,58.64,79.79,104.75,0.556,83.26
A0756,2025-05-07,7.0,60.27,81.09,105.66,0.556,84.5
A0756,2025-05-08,7.0,69.9,94.18,122.83,0.556,98.16
A0756,2025-05-09,7.0,72.33,98.92,130.31,0.556,103.28
A0756,2025-05-10,7.0,75.92,102.63,134.14,0.556,107.0
A0756,2025-05-11,7.0,49.63,67.26,88.06,0.556,70.15
A0756,2025-05-12,7.0,71.39,94.99,122.84,0.556,98.85
A0757,2025-04-29,2.6,82.63,126.84,181.45,0.556,134.42
A0757,2025-04-30,2.6,102.07,159.2,229.76,0.556,169.0
A0757,2025-05-01,2.6,73.67,115.1,166.28,0.556,122.21
A0757,2025-05-02,2.6,111.76,171.57,245.45,0.556,181.84
A0757,2025-05-03,2.6,116.29,175.59,248.85,0.556,185.77
A0757,2025-05-04,2.6,79.74,119.3,168.17,0.556,126.09
A0757,2025-05-05,2.6,79.88,124.22,178.99,0.556,131.83
A0757,2025-05-06,2.6,88.12,133.42,189.37,0.556,141.19
A0757,2025-05-07,2.6,92.06,138.5,195.86,0.556,146.46
A0757,2025-05-08,2.6,97.61,147.5,209.11,0.556,156.05
A0757,2025-05-09,2.6,112.6,172.08,245.55,0.556,182.28
A0757,2025-05-10,2.6,117.31,175.3,246.93,0.556,185.25
A0757,2025-05-11,2.6,68.28,102.15,143.99,0.556,107.96
A0757,2025-05-12,2.6,96.95,149.55,214.52,0.556,158.57
A0758,2025-04-29,4.6,12.94,18.49,27.04,0.556,19.68
A0758,2025-04-30,4.6,15.79,21.62,30.63,0.556,22.87
A0758,2025-05-01,4.6,10.8,16.96,26.45,0.556,18.27
A0758,2025-05-02,4.6,15.46,22.63,33.68,0.556,24.16
A0758,2025-05-03,4.6,16.26,23.54,34.75,0.556,25.09
A0758,2025-05-04,4.6,11.45,15.94,22.86,0.556,16.9
A0758,2025-05-05,4.6,12.29,18.42,27.88,0.556,19.73
A0758,2025-05-06,4.6,22.47,31.23,44.76,0.556,33.11
A0758,2025-05-07,4.6,23.04,31.84,45.43,0.556,33.73
A0758,2025-05-08,4.6,25.33,36.05,52.59,0.556,38.35
A0758,2025-05-09,4.6,27.57,38.79,56.1,0.556,41.2
A0758,2025-05-10,4.6,14.89,22.17,33.41,0.556,23.73
A0758,2025-05-11,4.6,8.69,13.1,19.9,0.556,14.04
A0758,2025-05-12,4.6,13.89,20.77,31.37,0.556,22.24
A0759,2025-04-29,214.7,7.16,12.28,19.09,0.909,19.24
A0759,2025-04-30,214.7,10.15,17.81,27.98,0.909,28.21
A0759,2025-05-01,214.7,6.58,12.95,21.42,0.909,21.61
A0759,2025-05-02,214.7,9.66,16.7,26.04,0.909,26.25
A0759,2025-05-03,214.7,11.02,17.49,26.09,0.909,26.28
A0759,2025-05-04,214.7,7.41,12.91,20.21,0.909,20.37
A0759,2025-05-05,214.7,6.98,13.6,22.39,0.909,22.59
A0759,2025-05-06,214.7,7.47,12.79,19.86,0.909,20.02
A0759,2025-05-07,214.7,7.24,14.04,23.08,0.909,23.29
A0759,2025-05-08,214.7,8.49,15.45,24.69,0.909,24.9
A0759,2025-05-09,214.7,9.07,16.07,25.37,0.909,25.58
A0759,2025-05-10,214.7,10.3,16.61,24.98,0.909,25.17
A0759,2025-05-11,214.7,5.66,10.77,17.55,0.909,17.71
A0759,2025-05-12,214.7,8.38,15.74,25.52,0.909,25.74
A0760,2025-04-29,392.3,10.88,19.91,29.67,0.909,29.89
A0760,2025-04-30,392.3,13.79,23.57,34.15,0.909,34.39
A0760,2025-05-01,392.3,10.79,19.04,27.96,0.909,28.16
A0760,2025-05-02,392.3,14.32,26.66,40.0,0.909,40.3
A0760,2025-05-03,392.3,14.06,24.97,36.76,0.909,37.03
A0760,2025-05-04,392.3,11.55,19.4,27.89,0.909,28.09
A0760,2025-05-05,392.3,9.5,16.33,23.72,0.909,23.88
A0760,2025-05-06,392.3,10.98,20.27,30.31,0.909,30.54
A0760,2025-05-07,392.3,11.68,21.23,31.55,0.909,31.79
A0760,2025-05-08,392.3,11.72,21.43,31.93,0.909,32.17
A0760,2025-05-09,392.3,13.19,25.52,38.84,0.909,39.15
A0760,2025-05-10,392.3,13.22,23.97,35.59,0.909,35.85
A0760,2025-05-11,392.3,9.33,17.19,25.69,0.909,25.88
A0760,2025-05-12,392.3,10.89,19.2,28.18,0.909,28.38
A0761,2025-04-29,35.0,11.09,16.42,23.22,0.909,23.37
A0761,2025-04-30,35.0,14.97,20.24,26.94,0.909,27.09
A0761,2025-05-01,35.0,8.93,13.22,18.67,0.909,18.8
A0761,2025-05-02,35.0,14.5,20.43,27.98,0.909,28.15
A0761,2025-05-03,35.0,13.53,19.58,27.28,0.909,27.46
A0761,2025-05-04,35.0,10.02,14.13,19.35,0.909,19.47
A0761,2025-05-05,35.0,12.18,17.49,24.25,0.909,24.4
A0761,2025-05-06,35.0,13.0,18.73,26.02,0.909,26.18
A0761,2025-05-07,35.0,14.04,19.5,26.45,0.909,26.6
A0761,2025-05-08,35.0,14.27,20.18,27.71,0.909,27.88
A0761,2025-05-09,35.0,16.01,22.53,30.82,0.909,31.01
A0761,2025-05-10,35.0,16.09,23.14,32.12,0.909,32.32
A0761,2025-05-11,35.0,10.34,14.95,20.83,0.909,20.96
A0761,2025-05-12,35.0,16.76,25.14,35.79,0.909,36.03
A0762,2025-04-29,171.8,34.61,50.21,70.25,0.909,70.71
A0762,2025-04-30,171.8,42.85,60.47,83.11,0.909,83.63
A0762,2025-05-01,171.8,33.44,47.52,65.61,0.909,66.02
A0762,2025-05-02,171.8,43.11,60.92,83.8,0.909,84.32
A0762,2025-05-03,171.8,45.46,64.92,89.92,0.909,90.49
A0762,2025-05-04,171.8,31.23,44.72,62.04,0.909,62.43
A0762,2025-05-05,171.8,33.45,49.16,69.33,0.909,69.79
A0762,2025-05-06,171.8,33.27,48.53,68.12,0.909,68.57
A0762,2025-05-07,171.8,33.85,49.49,69.57,0.909,70.03
A0762,2025-05-08,171.8,37.05,53.91,75.58,0.909,76.07
A0762,2025-05-09,171.8,41.21,59.22,82.35,0.909,82.87
A0762,2025-05-10,171.8,264.06,377.66,523.55,0.909,526.86
A0762,2025-05-11,171.8,163.72,232.28,320.34,0.909,322.34
A0762,2025-05-12,171.8,239.17,340.65,470.97,0.909,473.93
A0763,2025-04-29,3.3,100.24,145.49,194.84,0.556,152.35
A0763,2025-04-30,3.3,122.35,170.72,223.47,0.556,178.05
A0763,2025-05-01,3.3,89.56,130.42,174.98,0.556,136.61
A0763,2025-05-02,3.3,126.14,179.26,237.18,0.556,187.3
A0763,2025-05-03,3.3,135.39,190.64,250.89,0.556,199.01
A0763,2025-05-04,3.3,92.35,130.78,172.69,0.556,136.6
A0763,2025-05-05,3.3,89.61,127.61,169.05,0.556,133.37
A0763,2025-05-06,3.3,102.41,148.12,197.97,0.556,155.04
A0763,2025-05-07,3.3,105.22,146.76,192.05,0.556,153.05
A0763,2025-05-08,3.3,114.88,165.6,220.92,0.556,173.29
A0763,2025-05-09,3.3,126.28,179.28,237.08,0.556,187.31
A0763,2025-05-10,3.3,135.17,189.93,249.65,0.556,198.23
A0763,2025-05-11,3.3,77.69,111.78,148.95,0.556,116.94
A0763,2025-05-12,3.3,104.26,150.07,200.02,0.556,157.0
A0764,2025-04-29,195.1,2.62,6.16,10.08,0.909,10.17
A0764,2025-04-30,195.1,3.25,7.2,11.58,0.909,11.68
A0764,2025-05-01,195.1,1.96,5.75,9.94,0.909,10.04
A0764,2025-05-02,195.1,3.16,7.22,11.72,0.909,11.82
A0764,2025-05-03,195.1,3.81,8.32,13.3,0.909,13.41
A0764,2025-05-04,195.1,2.17,5.26,8.68,0.909,8.76
A0764,2025-05-05,195.1,2.01,5.31,8.97,0.909,9.05
A0764,2025-05-06,195.1,2.42,6.02,10.01,0.909,10.1
A0764,2025-05-07,195.1,2.4,5.84,9.64,0.909,9.73
A0764,2025-05-08,195.1,2.8,7.25,12.17,0.909,12.28
A0764,2025-05-09,195.1,3.23,7.27,11.75,0.909,11.85
A0764,2025-05-10,195.1,3.85,8.28,13.18,0.909,13.29
A0764,2025-05-11,195.1,1.81,4.52,7.52,0.909,7.59
A0764,2025-05-12,195.1,2.8,6.76,11.14,0.909,11.24
A0765,2025-04-29,197.6,7.51,12.15,17.5,0.909,17.62
A0765,2025-04-30,197.6,8.74,14.76,21.7,0.909,21.86
A0765,2025-05-01,197.6,6.64,11.34,16.76,0.909,16.89
A0765,2025-05-02,197.6,9.13,15.3,22.42,0.909,22.59
A0765,2025-05-03,197.6,10.06,17.11,25.24,0.909,25.43
A0765,2025-05-04,197.6,6.35,11.06,16.49,0.909,16.61
A0765,2025-05-05,197.6,6.64,11.2,16.46,0.909,16.58
A0765,2025-05-06,197.6,7.93,12.72,18.24,0.909,18.37
A0765,2025-05-07,197.6,7.45,12.49,18.32,0.909,18.45
A0765,2025-05-08,197.6,8.07,14.06,20.98,0.909,21.13
A0765,2025-05-09,197.6,9.06,15.11,22.09,0.909,22.25
A0765,2025-05-10,197.6,27.82,46.52,68.1,0.909,68.59
A0765,2025-05-11,197.6,16.95,28.29,41.38,0.909,41.68
A0765,2025-05-12,197.6,23.8,40.34,59.44,0.909,59.87
A0766,2025-04-29,6.9,252.37,340.86,446.88,0.556,355.59
A0766,2025-04-30,6.9,303.66,415.03,548.46,0.556,433.56
A0766,2025-05-01,6.9,228.63,312.46,412.89,0.556,326.41
A0766,2025-05-02,6.9,289.99,387.6,504.55,0.556,403.85
A0766,2025-05-03,6.9,301.16,412.77,546.5,0.556,431.34
A0766,2025-05-04,6.9,241.78,340.63,459.06,0.556,357.07
A0766,2025-05-05,6.9,227.33,316.8,424.0,0.556,331.69
A0766,2025-05-06,6.9,252.17,341.4,448.3,0.556,356.25
A0766,2025-05-07,6.9,256.2,346.2,454.03,0.556,361.17
A0766,2025-05-08,6.9,268.28,363.8,478.24,0.556,379.69
A0766,2025-05-09,6.9,290.87,389.25,507.13,0.556,405.62
A0766,2025-05-10,6.9,305.66,418.32,553.29,0.556,437.06
A0766,2025-05-11,6.9,203.61,284.16,380.67,0.556,297.56
A0766,2025-05-12,6.9,282.86,386.13,509.87,0.556,403.32
A0767,2025-04-29,334.8,0.0,5.44,16.77,0.909,17.02
A0767,2025-04-30,334.8,0.42,7.58,21.18,0.909,21.49
A0767,2025-05-01,334.8,0.12,4.93,15.76,0.909,16.01
A0767,2025-05-02,334.8,0.78,9.07,24.18,0.909,24.53
A0767,2025-05-03,334.8,1.64,11.15,28.32,0.909,28.71
A0767,2025-05-04,334.8,0.72,8.24,22.28,0.909,22.59
A0767,2025-05-05,334.8,1.09,9.64,25.0,0.909,25.35
A0767,2025-05-06,334.8,1.95,11.91,29.43,0.909,29.83
A0767,2025-05-07,334.8,2.5,13.21,31.54,0.909,31.96
A0767,2025-05-08,334.8,5.16,18.68,41.5,0.909,42.01
A0767,2025-05-09,334.8,6.51,21.98,48.09,0.909,48.68
A0767,2025-05-10,334.8,7.42,24.04,51.97,0.909,52.6
A0767,2025-05-11,334.8,3.42,14.36,32.88,0.909,33.3
A0767,2025-05-12,334.8,6.71,22.2,48.31,0.909,48.9
A0768,2025-04-29,345.2,22.37,31.96,44.31,0.909,44.59
A0768,2025-04-30,345.2,28.57,40.24,55.26,0.909,55.61
A0768,2025-05-01,345.2,18.02,24.63,33.13,0.909,33.32
A0768,2025-05-02,345.2,26.07,36.79,50.6,0.909,50.91
A0768,2025-05-03,345.2,27.21,39.42,55.16,0.909,55.52
A0768,2025-05-04,345.2,20.65,29.68,41.3,0.909,41.57
A0768,2025-05-05,345.2,18.74,24.89,32.82,0.909,33.0
A0768,2025-05-06,345.2,22.18,31.24,42.9,0.909,43.17
A0768,2025-05-07,345.2,24.58,34.22,46.65,0.909,46.93
A0768,2025-05-08,345.2,23.28,32.44,44.23,0.909,44.5
A0768,2025-05-09,345.2,132.92,192.44,269.1,0.909,270.84
A0768,2025-05-10,345.2,138.45,204.75,290.13,0.909,292.07
A0768,2025-05-11,345.2,92.35,134.7,189.25,0.909,190.49
A0768,2025-05-12,345.2,17.68,25.05,34.55,0.909,34.76
A0769,2025-04-29,312.9,21.53,30.87,41.33,0.909,41.57
A0769,2025-04-30,312.9,45.58,69.58,96.44,0.909,97.05
A0769,2025-05-01,312.9,30.56,50.48,72.78,0.909,73.29
A0769,2025-05-02,312.9,42.97,65.06,89.79,0.909,90.36
A0769,2025-05-03,312.9,42.62,64.51,89.0,0.909,89.56
A0769,2025-05-04,312.9,33.63,50.69,69.79,0.909,70.23
A0769,2025-05-05,312.9,34.64,55.06,77.92,0.909,78.44
A0769,2025-05-06,312.9,38.02,56.97,78.18,0.909,78.66
A0769,2025-05-07,312.9,21.95,32.5,44.31,0.909,44.57
A0769,2025-05-08,312.9,49.75,77.6,108.78,0.909,109.49
A0769,2025-05-09,312.9,53.69,82.16,114.01,0.909,114.74
A0769,2025-05-10,312.9,55.24,84.72,117.7,0.909,118.45
A0769,2025-05-11,312.9,34.41,53.97,75.87,0.909,76.37
A0769,2025-05-12,312.9,55.7,88.13,124.43,0.909,125.26
A0770,2025-04-29,2.5,40.72,56.16,74.49,0.556,58.71
A0770,2025-04-30,2.5,56.23,76.33,100.19,0.556,79.65
A0770,2025-05-01,2.5,36.48,50.4,66.93,0.556,52.7
A0770,2025-05-02,2.5,51.18,71.47,95.56,0.556,74.81
A0770,2025-05-03,2.5,56.38,78.38,104.49,0.556,82.0
A0770,2025-05-04,2.5,41.42,56.45,74.28,0.556,58.92
A0770,2025-05-05,2.5,39.17,54.81,73.38,0.556,57.39
A0770,2025-05-06,2.5,40.1,55.55,73.9,0.556,58.1
A0770,2025-05-07,2.5,42.93,59.56,79.31,0.556,62.31
A0770,2025-05-08,2.5,69.31,95.88,127.43,0.556,100.27
A0770,2025-05-09,2.5,79.46,110.97,148.38,0.556,116.17
A0770,2025-05-10,2.5,84.86,118.84,159.17,0.556,124.44
A0770,2025-05-11,2.5,49.22,69.09,92.68,0.556,72.37
A0770,2025-05-12,2.5,69.09,98.07,132.48,0.556,102.85
A0771,2025-04-29,171.4,7.21,12.51,19.25,0.909,19.4
A0771,2025-04-30,171.4,9.63,16.78,25.88,0.909,26.09
A0771,2025-05-01,171.4,6.74,11.61,17.8,0.909,17.94
A0771,2025-05-02,171.4,9.01,16.12,25.17,0.909,25.38
A0771,2025-05-03,171.4,9.73,16.83,25.86,0.909,26.06
A0771,2025-05-04,171.4,7.29,13.07,20.42,0.909,20.58
A0771,2025-05-05,171.4,7.11,12.33,18.96,0.909,19.11
A0771,2025-05-06,171.4,7.67,13.13,20.08,0.909,20.24
A0771,2025-05-07,171.4,7.91,13.08,19.66,0.909,19.81
A0771,2025-05-08,171.4,8.91,14.95,22.63,0.909,22.81
A0771,2025-05-09,171.4,9.21,16.21,25.1,0.909,25.31
A0771,2025-05-10,171.4,10.2,16.96,25.56,0.909,25.75
A0771,2025-05-11,171.4,6.45,10.9,16.56,0.909,16.69
A0771,2025-05-12,171.4,9.32,15.67,23.76,0.909,23.94
A0772,2025-04-29,5.7,27.15,37.44,50.11,0.556,39.2
A0772,2025-04-30,5.7,32.32,45.25,61.15,0.556,47.46
A0772,2025-05-01,5.7,23.3,34.08,47.33,0.556,35.92
A0772,2025-05-02,5.7,33.58,46.31,61.96,0.556,48.48
A0772,2025-05-03,5.7,35.27,49.26,66.46,0.556,51.65
A0772,2025-05-04,5.7,23.71,32.78,43.92,0.556,34.32
A0772,2025-05-05,5.7,26.37,37.55,51.3,0.556,39.46
A0772,2025-05-06,5.7,27.39,37.76,50.52,0.556,39.53
A0772,2025-05-07,5.7,28.56,39.65,53.3,0.556,41.55
A0772,2025-05-08,5.7,30.56,42.65,57.51,0.556,44.71
A0772,2025-05-09,5.7,33.45,46.18,61.83,0.556,48.35
A0772,2025-05-10,5.7,35.72,49.66,66.81,0.556,52.04
A0772,2025-05-11,5.7,21.18,29.23,39.13,0.556,30.61
A0772,2025-05-12,5.7,31.53,43.89,59.07,0.556,46.0
A0773,2025-04-29,340.3,17.43,25.15,35.62,0.909,35.86
A0773,2025-04-30,340.3,22.98,31.24,42.43,0.909,42.69
A0773,2025-05-01,340.3,15.76,25.04,37.62,0.909,37.9
A0773,2025-05-02,340.3,21.08,31.03,44.51,0.909,44.81
A0773,2025-05-03,340.3,20.85,30.61,43.84,0.909,44.14
A0773,2025-05-04,340.3,16.65,22.79,31.11,0.909,31.3
A0773,2025-05-05,340.3,18.52,27.1,38.73,0.909,38.99
A0773,2025-05-06,340.3,19.0,27.59,39.24,0.909,39.51
A0773,2025-05-07,340.3,19.73,28.4,40.15,0.909,40.42
A0773,2025-05-08,340.3,22.05,31.95,45.36,0.909,45.67
A0773,2025-05-09,340.3,22.99,33.65,48.1,0.909,48.43
A0773,2025-05-10,340.3,23.71,34.61,49.39,0.909,49.73
A0773,2025-05-11,340.3,15.85,22.9,32.44,0.909,32.66
A0773,2025-05-12,340.3,24.83,35.98,51.09,0.909,51.44
A0774,2025-04-29,6.1,34.53,47.11,60.54,0.556,48.97
A0774,2025-04-30,6.1,41.05,56.39,72.78,0.556,58.67
A0774,2025-05-01,6.1,32.07,45.59,60.03,0.556,47.6
A0774,2025-05-02,6.1,42.01,58.96,77.07,0.556,61.48
A0774,2025-05-03,6.1,42.25,59.44,77.79,0.556,61.98
A0774,2025-05-04,6.1,31.68,45.84,60.96,0.556,47.94
A0774,2025-05-05,6.1,34.1,46.29,59.31,0.556,48.1
A0774,2025-05-06,6.1,35.83,48.8,62.65,0.556,50.72
A0774,2025-05-07,6.1,36.63,48.6,61.38,0.556,50.38
A0774,2025-05-08,6.1,41.78,57.52,74.32,0.556,59.85
A0774,2025-05-09,6.1,43.57,60.26,78.07,0.556,62.73
A0774,2025-05-10,6.1,45.06,61.54,79.14,0.556,63.98
A0774,2025-05-11,6.1,29.0,40.37,52.52,0.556,42.06
A0774,2025-05-12,6.1,43.59,58.07,73.54,0.556,60.22
A0775,2025-04-29,203.3,64.86,77.28,93.14,0.909,93.5
A0775,2025-04-30,203.3,82.56,99.27,120.61,0.909,121.1
A0775,2025-05-01,203.3,14.13,28.27,46.31,0.909,46.72
A0775,2025-05-02,203.3,108.18,122.37,140.49,0.909,140.9
A0775,2025-05-03,203.3,114.9,127.97,144.66,0.909,145.04
A0775,2025-05-04,203.3,83.61,92.39,103.59,0.909,103.84
A0775,2025-05-05,203.3,15.21,28.69,45.89,0.909,46.28
A0775,2025-05-06,203.3,21.89,33.54,48.42,0.909,48.75
A0775,2025-05-07,203.3,19.28,38.63,63.34,0.909,63.9
A0775,2025-05-08,203.3,27.34,43.45,64.02,0.909,64.49
A0775,2025-05-09,203.3,30.14,45.35,64.77,0.909,65.21
A0775,2025-05-10,203.3,36.6,52.06,71.8,0.909,72.25
A0775,2025-05-11,203.3,19.46,29.15,41.52,0.909,41.81
A0775,2025-05-12,203.3,26.17,41.29,60.58,0.909,61.01
A0776,2025-04-29,151.6,4.34,9.36,14.17,0.909,14.28
A0776,2025-04-30,151.6,5.68,12.78,19.57,0.909,19.72
A0776,2025-05-01,151.6,4.21,8.62,12.84,0.909,12.94
A0776,2025-05-02,151.6,5.41,11.97,18.25,0.909,18.39
A0776,2025-05-03,151.6,6.92,13.5,19.79,0.909,19.93
A0776,2025-05-04,151.6,4.62,9.42,14.0,0.909,14.11
A0776,2025-05-05,151.6,4.41,8.59,12.58,0.909,12.67
A0776,2025-05-06,151.6,4.66,9.43,13.99,0.909,14.1
A0776,2025-05-07,151.6,4.33,10.23,15.86,0.909,15.99
A0776,2025-05-08,151.6,5.23,11.37,17.25,0.909,17.38
A0776,2025-05-09,151.6,5.29,12.05,18.51,0.909,18.66
A0776,2025-05-10,151.6,6.42,13.58,20.43,0.909,20.59
A0776,2025-05-11,151.6,3.71,7.72,11.55,0.909,11.63
A0776,2025-05-12,151.6,5.08,10.46,15.6,0.909,15.71
A0777,2025-04-29,346.1,33.72,47.56,62.5,0.909,62.84
A0777,2025-04-30,346.1,40.62,56.96,74.6,0.909,75.0
A0777,2025-05-01,346.1,31.37,44.14,57.91,0.909,58.22
A0777,2025-05-02,346.1,40.96,57.29,74.92,0.909,75.32
A0777,2025-05-03,346.1,40.72,56.15,72.81,0.909,73.19
A0777,2025-05-04,346.1,30.18,42.41,55.6,0.909,55.9
A0777,2025-05-05,346.1,31.63,44.96,59.35,0.909,59.68
A0777,2025-05-06,346.1,34.08,47.91,62.83,0.909,63.17
A0777,2025-05-07,346.1,35.11,48.91,63.8,0.909,64.14
A0777,2025-05-08,346.1,36.8,51.49,67.34,0.909,67.7
A0777,2025-05-09,346.1,40.45,56.88,74.61,0.909,75.01
A0777,2025-05-10,346.1,41.07,56.7,73.57,0.909,73.95
A0777,2025-05-11,346.1,26.5,37.18,48.71,0.909,48.97
A0777,2025-05-12,346.1,37.5,52.52,68.72,0.909,69.09
A0778,2025-04-29,170.6,10.65,15.95,23.15,0.909,23.32
A0778,2025-04-30,170.6,14.38,21.41,30.96,0.909,31.18
A0778,2025-05-01,170.6,10.17,14.37,20.09,0.909,20.22
A0778,2025-05-02,170.6,13.87,20.0,28.33,0.909,28.52
A0778,2025-05-03,170.6,14.89,21.63,30.78,0.909,30.99
A0778,2025-05-04,170.6,10.36,15.78,23.16,0.909,23.32
A0778,2025-05-05,170.6,10.78,15.38,21.63,0.909,21.77
A0778,2025-05-06,170.6,10.88,16.22,23.48,0.909,23.64
A0778,2025-05-07,170.6,10.74,15.96,23.05,0.909,23.21
A0778,2025-05-08,170.6,11.97,17.72,25.52,0.909,25.7
A0778,2025-05-09,170.6,13.08,19.22,27.55,0.909,27.74
A0778,2025-05-10,170.6,13.97,20.7,29.83,0.909,30.04
A0778,2025-05-11,170.6,8.35,12.68,18.56,0.909,18.7
A0778,2025-05-12,170.6,13.37,19.28,27.3,0.909,27.48
A0779,2025-04-29,395.9,23.72,31.58,43.52,0.909,43.79
A0779,2025-04-30,395.9,29.2,40.5,57.67,0.909,58.06
A0779,2025-05-01,395.9,21.9,30.4,43.29,0.909,43.59
A0779,2025-05-02,395.9,26.71,35.83,49.68,0.909,50.0
A0779,2025-05-03,395.9,28.88,39.94,56.72,0.909,57.1
A0779,2025-05-04,395.9,22.35,30.93,43.94,0.909,44.24
A0779,2025-05-05,395.9,21.81,29.33,40.74,0.909,41.0
A0779,2025-05-06,395.9,24.26,31.77,43.17,0.909,43.43
A0779,2025-05-07,395.9,24.97,32.93,45.01,0.909,45.28
A0779,2025-05-08,395.9,25.13,33.8,46.95,0.909,47.25
A0779,2025-05-09,395.9,26.15,34.67,47.6,0.909,47.9
A0779,2025-05-10,395.9,28.66,38.6,53.68,0.909,54.02
A0779,2025-05-11,395.9,20.04,26.0,35.04,0.909,35.25
A0779,2025-05-12,395.9,24.86,31.75,42.21,0.909,42.45
A0780,2025-04-29,3.5,130.48,173.55,226.1,0.556,180.85
A0780,2025-04-30,3.5,155.43,204.28,263.89,0.556,212.56
A0780,2025-05-01,3.5,116.94,155.47,202.47,0.556,161.99
A0780,2025-05-02,3.5,154.7,204.36,264.95,0.556,212.78
A0780,2025-05-03,3.5,162.69,216.74,282.69,0.556,225.9
A0780,2025-05-04,3.5,118.85,156.01,201.35,0.556,162.31
A0780,2025-05-05,3.5,119.33,158.79,206.93,0.556,165.47
A0780,2025-05-06,3.5,130.29,172.2,223.33,0.556,179.3
A0780,2025-05-07,3.5,137.28,182.65,238.01,0.556,190.34
A0780,2025-05-08,3.5,149.83,194.55,249.12,0.556,202.13
A0780,2025-05-09,3.5,157.2,206.57,266.81,0.556,214.94
A0780,2025-05-10,3.5,166.83,221.04,287.18,0.556,230.22
A0780,2025-05-11,3.5,104.64,138.81,180.5,0.556,144.6
A0780,2025-05-12,3.5,144.64,187.89,240.67,0.556,195.22
A0781,2025-04-29,144.5,0.95,8.91,22.68,0.909,23.0
A0781,2025-04-30,144.5,2.39,12.46,29.5,0.909,29.89
A0781,2025-05-01,144.5,1.08,8.23,21.27,0.909,21.57
A0781,2025-05-02,144.5,2.65,13.24,30.94,0.909,31.34
A0781,2025-05-03,144.5,3.25,14.67,33.77,0.909,34.2
A0781,2025-05-04,144.5,1.34,9.75,24.31,0.909,24.64
A0781,2025-05-05,144.5,1.66,10.79,26.28,0.909,26.64
A0781,2025-05-06,144.5,2.23,12.29,29.18,0.909,29.56
A0781,2025-05-07,144.5,2.6,13.18,30.64,0.909,31.04
A0781,2025-05-08,144.5,3.44,14.98,34.19,0.909,34.63
A0781,2025-05-09,144.5,4.2,16.79,37.6,0.909,38.07
A0781,2025-05-10,144.5,5.02,18.65,41.19,0.909,41.7
A0781,2025-05-11,144.5,1.59,10.83,26.21,0.909,26.56
A0781,2025-05-12,144.5,4.28,16.87,37.78,0.909,38.26
A0782,2025-04-29,5.1,3.87,15.72,34.81,0.556,18.37
A0782,2025-04-30,5.1,6.26,20.94,44.2,0.556,24.17
A0782,2025-05-01,5.1,3.65,14.71,32.58,0.556,17.2
A0782,2025-05-02,5.1,6.63,21.95,45.94,0.556,25.28
A0782,2025-05-03,5.1,7.33,23.55,49.05,0.556,27.09
A0782,2025-05-04,5.1,4.08,16.21,35.62,0.556,18.91
A0782,2025-05-05,5.1,4.36,16.93,37.01,0.556,19.72
A0782,2025-05-06,5.1,5.2,18.76,40.38,0.556,21.77
A0782,2025-05-07,5.1,5.86,20.25,42.82,0.556,23.39
A0782,2025-05-08,5.1,7.19,23.02,48.05,0.556,26.5
A0782,2025-05-09,5.1,8.11,25.12,51.8,0.556,28.83
A0782,2025-05-10,5.1,9.25,27.57,56.36,0.556,31.57
A0782,2025-05-11,5.1,3.86,15.75,34.72,0.556,18.38
A0782,2025-05-12,5.1,8.32,25.39,52.37,0.556,29.14
A0783,2025-04-29,292.4,39.76,54.07,68.49,0.909,68.82
A0783,2025-04-30,292.4,47.75,66.69,85.78,0.909,86.21
A0783,2025-05-01,292.4,37.02,48.87,60.81,0.909,61.08
A0783,2025-05-02,292.4,46.63,64.88,83.26,0.909,83.68
A0783,2025-05-03,292.4,47.21,65.8,84.53,0.909,84.96
A0783,2025-05-04,292.4,36.75,51.24,65.85,0.909,66.18
A0783,2025-05-05,292.4,36.97,50.13,63.4,0.909,63.7
A0783,2025-05-06,292.4,39.45,53.84,68.33,0.909,68.66
A0783,2025-05-07,292.4,39.39,54.35,69.42,0.909,69.76
A0783,2025-05-08,292.4,42.49,57.74,73.1,0.909,73.45
A0783,2025-05-09,292.4,45.98,64.06,82.27,0.909,82.69
A0783,2025-05-10,292.4,47.68,65.87,84.19,0.909,84.61
A0783,2025-05-11,292.4,32.21,44.12,56.13,0.909,56.4
A0783,2025-05-12,292.4,45.39,61.55,77.83,0.909,78.2
A0784,2025-04-29,335.9,32.48,45.06,60.27,0.909,60.62
A0784,2025-04-30,335.9,36.29,44.92,55.38,0.909,55.61
A0784,2025-05-01,335.9,28.71,40.3,54.33,0.909,54.65
A0784,2025-05-02,335.9,38.67,52.67,69.61,0.909,70.0
A0784,2025-05-03,335.9,39.3,51.7,66.7,0.909,67.04
A0784,2025-05-04,335.9,27.34,34.05,42.17,0.909,42.36
A0784,2025-05-05,335.9,31.09,43.24,57.94,0.909,58.28
A0784,2025-05-06,335.9,33.05,45.48,60.51,0.909,60.85
A0784,2025-05-07,335.9,32.92,43.74,56.84,0.909,57.14
A0784,2025-05-08,335.9,35.59,47.92,62.84,0.909,63.17
A0784,2025-05-09,335.9,38.98,53.1,70.18,0.909,70.57
A0784,2025-05-10,335.9,40.17,52.86,68.22,0.909,68.57
A0784,2025-05-11,335.9,24.92,32.94,42.65,0.909,42.87
A0784,2025-05-12,335.9,36.15,48.9,64.32,0.909,64.67
A0785,2025-04-29,2.9,89.48,129.17,176.39,0.556,135.72
A0785,2025-04-30,2.9,110.69,166.51,232.93,0.556,175.73
A0785,2025-05-01,2.9,77.98,112.35,153.24,0.556,118.03
A0785,2025-05-02,2.9,105.78,156.59,217.05,0.556,164.99
A0785,2025-05-03,2.9,113.18,162.83,221.9,0.556,171.03
A0785,2025-05-04,2.9,79.55,119.53,167.1,0.556,126.14
A0785,2025-05-05,2.9,80.25,117.2,161.16,0.556,123.3
A0785,2025-05-06,2.9,90.84,130.3,177.26,0.556,136.82
A0785,2025-05-07,2.9,95.16,137.85,188.64,0.556,144.9
A0785,2025-05-08,2.9,97.59,139.29,188.9,0.556,146.18
A0785,2025-05-09,2.9,106.98,157.73,218.12,0.556,166.11
A0785,2025-05-10,2.9,114.81,164.47,223.56,0.556,172.67
A0785,2025-05-11,2.9,68.67,100.4,138.15,0.556,105.64
A0785,2025-05-12,2.9,95.8,139.0,190.41,0.556,146.14
A0786,2025-04-29,333.0,25.06,37.06,52.9,0.909,53.26
A0786,2025-04-30,333.0,29.99,44.66,64.02,0.909,64.46
A0786,2025-05-01,333.0,20.94,33.53,50.16,0.909,50.54
A0786,2025-05-02,333.0,30.5,46.0,66.46,0.909,66.92
A0786,2025-05-03,333.0,28.26,41.73,59.52,0.909,59.92
A0786,2025-05-04,333.0,22.93,33.53,47.53,0.909,47.85
A0786,2025-05-05,333.0,10.21,16.94,25.82,0.909,26.02
A0786,2025-05-06,333.0,11.13,17.45,25.8,0.909,25.99
A0786,2025-05-07,333.0,11.84,18.31,26.85,0.909,27.05
A0786,2025-05-08,333.0,13.49,20.49,29.73,0.909,29.94
A0786,2025-05-09,333.0,14.82,23.0,33.81,0.909,34.06
A0786,2025-05-10,333.0,14.72,22.18,32.03,0.909,32.25
A0786,2025-05-11,333.0,9.8,14.99,21.83,0.909,21.98
A0786,2025-05-12,333.0,15.84,24.73,36.48,0.909,36.74
A0787,2025-04-29,5.8,48.96,66.38,85.68,0.556,69.06
A0787,2025-04-30,5.8,57.89,78.03,100.34,0.556,81.13
A0787,2025-05-01,5.8,44.44,61.0,79.34,0.556,63.55
A0787,2025-05-02,5.8,63.31,86.46,112.1,0.556,90.02
A0787,2025-05-03,5.8,62.3,86.18,112.63,0.556,89.85
A0787,2025-05-04,5.8,46.27,64.07,83.78,0.556,66.8
A0787,2025-05-05,5.8,48.99,66.21,85.29,0.556,68.86
A0787,2025-05-06,5.8,52.08,70.73,91.39,0.556,73.6
A0787,2025-05-07,5.8,49.16,64.45,81.39,0.556,66.81
A0787,2025-05-08,5.8,56.71,75.99,97.35,0.556,78.96
A0787,2025-05-09,5.8,63.74,86.37,111.44,0.556,89.85
A0787,2025-05-10,5.8,62.33,84.38,108.82,0.556,87.78
A0787,2025-05-11,5.8,40.28,54.94,71.18,0.556,57.2
A0787,2025-05-12,5.8,59.35,79.95,102.77,0.556,83.12
A0788,2025-04-29,170.0,14.03,21.88,31.42,0.909,31.63
A0788,2025-04-30,170.0,16.71,25.53,36.24,0.909,36.48
A0788,2025-05-01,170.0,13.34,20.66,29.56,0.909,29.76
A0788,2025-05-02,170.0,17.12,26.25,37.34,0.909,37.59
A0788,2025-05-03,170.0,18.46,28.33,40.32,0.909,40.59
A0788,2025-05-04,170.0,12.41,19.89,28.97,0.909,29.18
A0788,2025-05-05,170.0,13.78,21.36,30.57,0.909,30.78
A0788,2025-05-06,170.0,14.54,22.36,31.87,0.909,32.09
A0788,2025-05-07,170.0,14.45,21.74,30.59,0.909,30.8
A0788,2025-05-08,170.0,16.1,24.25,34.16,0.909,34.38
A0788,2025-05-09,170.0,16.89,26.07,37.23,0.909,37.48
A0788,2025-05-10,170.0,18.4,28.41,40.56,0.909,40.84
A0788,2025-05-11,170.0,11.03,17.38,25.11,0.909,25.28
A0788,2025-05-12,170.0,15.86,24.18,34.3,0.909,34.53
A0789,2025-04-29,364.8,21.29,33.75,48.5,0.909,48.84
A0789,2025-04-30,364.8,25.03,38.54,54.52,0.909,54.89
A0789,2025-05-01,364.8,16.89,27.12,39.23,0.909,39.5
A0789,2025-05-02,364.8,16.26,26.58,38.81,0.909,39.08
A0789,2025-05-03,364.8,17.3,28.55,41.86,0.909,42.16
A0789,2025-05-04,364.8,11.8,18.79,27.07,0.909,27.26
A0789,2025-05-05,364.8,13.14,20.69,29.63,0.909,29.84
A0789,2025-05-06,364.8,25.0,39.92,57.57,0.909,57.97
A0789,2025-05-07,364.8,24.79,39.41,56.72,0.909,57.11
A0789,2025-05-08,364.8,26.4,41.62,59.62,0.909,60.03
A0789,2025-05-09,364.8,29.78,46.41,66.08,0.909,66.53
A0789,2025-05-10,364.8,30.59,48.31,69.29,0.909,69.76
A0789,2025-05-11,364.8,17.99,28.66,41.29,0.909,41.58
A0789,2025-05-12,364.8,13.92,23.04,33.83,0.909,34.08
A0790,2025-04-29,10.8,315.11,412.64,535.53,0.909,538.32
A0790,2025-04-30,10.8,379.35,480.77,608.55,0.909,611.46
A0790,2025-05-01,10.8,268.73,349.58,451.45,0.909,453.76
A0790,2025-05-02,10.8,376.23,491.48,636.7,0.909,640.0
A0790,2025-05-03,10.8,408.49,536.31,697.37,0.909,701.03
A0790,2025-05-04,10.8,283.69,364.05,465.31,0.909,467.61
A0790,2025-05-05,10.8,282.33,367.49,474.77,0.909,477.21
A0790,2025-05-06,10.8,311.6,409.84,533.62,0.909,536.43
A0790,2025-05-07,10.8,319.28,414.77,535.08,0.909,537.81
A0790,2025-05-08,10.8,330.08,431.38,559.03,0.909,561.93
A0790,2025-05-09,10.8,376.69,492.25,637.86,0.909,641.17
A0790,2025-05-10,10.8,408.52,536.5,697.75,0.909,701.42
A0790,2025-05-11,10.8,245.44,321.85,418.12,0.909,420.31
A0790,2025-05-12,10.8,340.02,446.25,580.1,0.909,583.14
A0791,2025-04-29,28.7,15.37,21.96,30.29,0.909,30.48
A0791,2025-04-30,28.7,19.24,27.63,38.23,0.909,38.47
A0791,2025-05-01,28.7,12.01,18.31,26.27,0.909,26.45
A0791,2025-05-02,28.7,17.59,24.92,34.17,0.909,34.38
A0791,2025-05-03,28.7,18.02,25.88,35.82,0.909,36.04
A0791,2025-05-04,28.7,13.79,20.05,27.96,0.909,28.14
A0791,2025-05-05,28.7,15.26,22.17,30.9,0.909,31.1
A0791,2025-05-06,28.7,16.73,23.73,32.57,0.909,32.77
A0791,2025-05-07,28.7,16.38,23.32,32.1,0.909,32.3
A0791,2025-05-08,28.7,17.94,25.08,34.1,0.909,34.31
A0791,2025-05-09,28.7,19.16,26.92,36.73,0.909,36.95
A0791,2025-05-10,28.7,20.07,28.59,39.35,0.909,39.6
A0791,2025-05-11,28.7,12.89,18.59,25.79,0.909,25.95
A0791,2025-05-12,28.7,19.69,28.44,39.5,0.909,39.75
A0792,2025-04-29,159.8,11.11,18.03,25.9,0.909,26.08
A0792,2025-04-30,159.8,13.82,20.77,28.66,0.909,28.84
A0792,2025-05-01,159.8,10.61,16.05,22.22,0.909,22.36
A0792,2025-05-02,159.8,14.99,23.44,33.04,0.909,33.26
A0792,2025-05-03,159.8,14.7,22.6,31.57,0.909,31.77
A0792,2025-05-04,159.8,10.67,15.95,21.95,0.909,22.09
A0792,2025-05-05,159.8,11.63,17.77,24.75,0.909,24.91
A0792,2025-05-06,159.8,12.34,19.41,27.45,0.909,27.64
A0792,2025-05-07,159.8,12.56,19.45,27.27,0.909,27.45
A0792,2025-05-08,159.8,14.23,21.18,29.08,0.909,29.26
A0792,2025-05-09,159.8,14.86,23.25,32.78,0.909,32.99
A0792,2025-05-10,159.8,14.97,22.65,31.38,0.909,31.58
A0792,2025-05-11,159.8,9.59,14.89,20.9,0.909,21.04
A0792,2025-05-12,159.8,14.13,21.71,30.31,0.909,30.51
A0793,2025-04-29,353.4,31.38,46.93,65.65,0.909,66.08
A0793,2025-04-30,353.4,34.63,52.35,73.7,0.909,74.18
A0793,2025-05-01,353.4,28.74,42.84,59.81,0.909,60.19
A0793,2025-05-02,353.4,38.69,58.18,81.65,0.909,82.18
A0793,2025-05-03,353.4,39.22,56.93,78.25,0.909,78.74
A0793,2025-05-04,353.4,40.61,59.49,82.22,0.909,82.73
A0793,2025-05-05,353.4,39.81,58.88,81.85,0.909,82.37
A0793,2025-05-06,353.4,45.91,68.29,95.23,0.909,95.85
A0793,2025-05-07,353.4,30.24,45.28,63.38,0.909,63.79
A0793,2025-05-08,353.4,34.27,50.6,70.27,0.909,70.71
A0793,2025-05-09,353.4,37.46,56.71,79.9,0.909,80.42
A0793,2025-05-10,353.4,38.54,55.59,76.13,0.909,76.6
A0793,2025-05-11,353.4,24.39,36.33,50.69,0.909,51.02
A0793,2025-05-12,353.4,31.89,47.73,66.8,0.909,67.23
A0794,2025-04-29,5.4,13.52,22.31,32.11,0.556,23.67
A0794,2025-04-30,5.4,17.59,29.26,42.29,0.556,31.07
A0794,2025-05-01,5.4,11.6,19.88,29.12,0.556,21.16
A0794,2025-05-02,5.4,15.81,26.55,38.54,0.556,28.22
A0794,2025-05-03,5.4,17.37,29.35,42.71,0.556,31.2
A0794,2025-05-04,5.4,13.43,22.99,33.66,0.556,24.47
A0794,2025-05-05,5.4,11.52,19.14,27.64,0.556,20.32
A0794,2025-05-06,5.4,12.98,21.48,30.97,0.556,22.8
A0794,2025-05-07,5.4,13.8,23.38,34.08,0.556,24.87
A0794,2025-05-08,5.4,14.73,25.34,37.2,0.556,26.99
A0794,2025-05-09,5.4,15.21,25.76,37.55,0.556,27.4
A0794,2025-05-10,5.4,16.88,28.58,41.65,0.556,30.4
A0794,2025-05-11,5.4,10.64,18.54,27.36,0.556,19.77
A0794,2025-05-12,5.4,13.44,22.33,32.24,0.556,23.7
A0795,2025-04-29,296.5,13.99,22.11,31.16,0.909,31.36
A0795,2025-04-30,296.5,18.56,29.01,40.65,0.909,40.91
A0795,2025-05-01,296.5,12.2,17.58,23.58,0.909,23.71
A0795,2025-05-02,296.5,16.73,25.8,35.9,0.909,36.13
A0795,2025-05-03,296.5,17.7,28.16,39.82,0.909,40.08
A0795,2025-05-04,296.5,14.12,23.25,33.43,0.909,33.66
A0795,2025-05-05,296.5,11.33,16.92,23.14,0.909,23.28
A0795,2025-05-06,296.5,13.54,21.11,29.54,0.909,29.73
A0795,2025-05-07,296.5,14.67,23.24,32.79,0.909,33.0
A0795,2025-05-08,296.5,14.39,22.71,31.98,0.909,32.19
A0795,2025-05-09,296.5,16.02,24.98,34.96,0.909,35.19
A0795,2025-05-10,296.5,17.07,27.63,39.39,0.909,39.66
A0795,2025-05-11,296.5,11.36,18.71,26.9,0.909,27.09
A0795,2025-05-12,296.5,12.9,20.33,28.6,0.909,28.79
A0796,2025-04-29,215.9,2.93,7.3,11.67,0.909,11.77
A0796,2025-04-30,215.9,3.83,10.24,16.65,0.909,16.8
A0796,2025-05-01,215.9,2.47,6.17,9.87,0.909,9.95
A0796,2025-05-02,215.9,3.72,8.71,13.69,0.909,13.81
A0796,2025-05-03,215.9,4.03,9.25,14.46,0.909,14.58
A0796,2025-05-04,215.9,2.27,6.69,11.1,0.909,11.2
A0796,2025-05-05,215.9,2.64,6.02,9.4,0.909,9.47
A0796,2025-05-06,215.9,6.6,11.01,15.42,0.909,15.52
A0796,2025-05-07,215.9,6.54,11.07,15.59,0.909,15.7
A0796,2025-05-08,215.9,6.69,11.58,16.46,0.909,16.57
A0796,2025-05-09,215.9,7.72,12.74,17.76,0.909,17.87
A0796,2025-05-10,215.9,3.19,8.45,13.71,0.909,13.83
A0796,2025-05-11,215.9,1.65,4.97,8.3,0.909,8.38
A0796,2025-05-12,215.9,2.95,7.28,11.61,0.909,11.71
A0797,2025-04-29,313.7,12.73,21.26,29.92,0.909,30.11
A0797,2025-04-30,313.7,15.28,24.82,34.51,0.909,34.73
A0797,2025-05-01,313.7,11.56,18.28,25.11,0.909,25.26
A0797,2025-05-02,313.7,14.89,23.58,32.41,0.909,32.61
A0797,2025-05-03,313.7,15.57,25.11,34.81,0.909,35.03
A0797,2025-05-04,313.7,11.47,18.75,26.14,0.909,26.3
A0797,2025-05-05,313.7,12.02,18.17,24.42,0.909,24.56
A0797,2025-05-06,313.7,13.88,21.79,29.82,0.909,30.01
A0797,2025-05-07,313.7,14.18,22.47,30.89,0.909,31.08
A0797,2025-05-08,313.7,14.9,23.11,31.46,0.909,31.65
A0797,2025-05-09,313.7,15.39,23.81,32.37,0.909,32.56
A0797,2025-05-10,313.7,16.03,25.33,34.78,0.909,34.99
A0797,2025-05-11,313.7,10.83,16.92,23.1,0.909,23.24
A0797,2025-05-12,313.7,13.8,20.39,27.08,0.909,27.24
A0798,2025-04-29,407.6,20.08,34.47,50.18,0.909,50.53
A0798,2025-04-30,407.6,23.54,37.74,53.24,0.909,53.6
A0798,2025-05-01,407.6,19.19,30.96,43.81,0.909,44.1
A0798,2025-05-02,407.6,23.77,38.51,54.59,0.909,54.95
A0798,2025-05-03,407.6,24.88,42.51,61.76,0.909,62.19
A0798,2025-05-04,407.6,20.72,33.28,46.98,0.909,47.29
A0798,2025-05-05,407.6,17.09,28.07,40.04,0.909,40.31
A0798,2025-05-06,407.6,19.99,33.89,49.05,0.909,49.4
A0798,2025-05-07,407.6,19.85,32.33,45.95,0.909,46.26
A0798,2025-05-08,407.6,21.18,34.13,48.25,0.909,48.57
A0798,2025-05-09,407.6,22.84,36.83,52.09,0.909,52.43
A0798,2025-05-10,407.6,23.75,39.63,56.97,0.909,57.36
A0798,2025-05-11,407.6,17.49,28.41,40.33,0.909,40.6
A0798,2025-05-12,407.6,19.1,29.82,41.52,0.909,41.79
A0799,2025-04-29,334.0,7.13,9.08,12.28,0.909,12.36
A0799,2025-04-30,334.0,9.22,11.25,14.59,0.909,14.66
A0799,2025-05-01,334.0,5.02,8.2,13.45,0.909,13.56
A0799,2025-05-02,334.0,9.0,11.29,15.07,0.909,15.16
A0799,2025-05-03,334.0,8.42,10.95,15.1,0.909,15.19
A0799,2025-05-04,334.0,6.52,8.27,11.15,0.909,11.21
A0799,2025-05-05,334.0,7.4,10.26,14.98,0.909,15.09
A0799,2025-05-06,334.0,7.96,10.05,13.49,0.909,13.57
A0799,2025-05-07,334.0,17.48,19.32,22.34,0.909,22.41
A0799,2025-05-08,334.0,17.85,20.77,25.58,0.909,25.69
A0799,2025-05-09,334.0,19.28,21.5,25.16,0.909,25.24
A0799,2025-05-10,334.0,19.75,22.0,25.71,0.909,25.79
A0799,2025-05-11,334.0,13.64,15.32,18.1,0.909,18.16
A0799,2025-05-12,334.0,21.27,24.03,28.58,0.909,28.69
A0800,2025-04-29,4.1,10.06,16.64,25.56,0.556,17.87
A0800,2025-04-30,4.1,13.21,21.92,33.75,0.556,23.57
A0800,2025-05-01,4.1,8.78,14.6,22.49,0.556,15.69
A0800,2025-05-02,4.1,13.47,21.71,32.89,0.556,23.26
A0800,2025-05-03,4.1,15.21,24.45,36.99,0.556,26.19
A0800,2025-05-04,4.1,10.36,16.28,24.33,0.556,17.4
A0800,2025-05-05,4.1,10.8,17.63,26.89,0.556,18.91
A0800,2025-05-06,4.1,11.53,18.28,27.45,0.556,19.55
A0800,2025-05-07,4.1,12.09,19.13,28.68,0.556,20.45
A0800,2025-05-08,4.1,13.23,20.66,30.76,0.556,22.06
A0800,2025-05-09,4.1,14.24,22.47,33.64,0.556,24.02
A0800,2025-05-10,4.1,16.12,25.23,37.6,0.556,26.95
A0800,2025-05-11,4.1,8.99,14.05,20.91,0.556,15.0
A0800,2025-05-12,4.1,13.47,22.05,33.71,0.556,23.67
A0801,2025-04-29,200.8,23.14,32.51,44.89,0.909,45.17
A0801,2025-04-30,200.8,27.83,38.39,52.34,0.909,52.65
A0801,2025-05-01,200.8,19.14,26.36,35.89,0.909,36.11
A0801,2025-05-02,200.8,27.74,39.21,54.37,0.909,54.71
A0801,2025-05-03,200.8,28.56,39.7,54.42,0.909,54.76
A0801,2025-05-04,200.8,20.6,28.63,39.24,0.909,39.49
A0801,2025-05-05,200.8,19.1,25.99,35.08,0.909,35.29
A0801,2025-05-06,200.8,23.24,32.66,45.1,0.909,45.38
A0801,2025-05-07,200.8,24.07,33.89,46.88,0.909,47.17
A0801,2025-05-08,200.8,26.5,37.21,51.35,0.909,51.67
A0801,2025-05-09,200.8,27.9,39.35,54.48,0.909,54.82
A0801,2025-05-10,200.8,29.0,40.08,54.71,0.909,55.05
A0801,2025-05-11,200.8,18.2,25.71,35.64,0.909,35.86
A0801,2025-05-12,200.8,26.34,36.57,50.08,0.909,50.38
A0802,2025-04-29,374.5,12.94,22.34,33.11,0.909,33.36
A0802,2025-04-30,374.5,14.8,24.13,34.82,0.909,35.06
A0802,2025-05-01,374.5,11.76,18.67,26.59,0.909,26.77
A0802,2025-05-02,374.5,15.41,25.4,36.84,0.909,37.1
A0802,2025-05-03,374.5,16.76,27.75,40.35,0.909,40.64
A0802,2025-05-04,374.5,12.6,20.73,30.06,0.909,30.27
A0802,2025-05-05,374.5,9.89,16.09,23.2,0.909,23.37
A0802,2025-05-06,374.5,12.17,20.66,30.39,0.909,30.61
A0802,2025-05-07,374.5,12.21,21.4,31.92,0.909,32.16
A0802,2025-05-08,374.5,12.98,21.9,32.13,0.909,32.36
A0802,2025-05-09,374.5,14.17,23.57,34.35,0.909,34.59
A0802,2025-05-10,374.5,15.58,25.98,37.9,0.909,38.17
A0802,2025-05-11,374.5,10.36,17.73,26.18,0.909,26.38
A0802,2025-05-12,374.5,10.09,16.74,24.36,0.909,24.53
A0803,2025-04-29,330.4,17.61,26.05,37.08,0.909,37.33
A0803,2025-04-30,330.4,23.51,35.08,50.2,0.909,50.54
A0803,2025-05-01,330.4,16.45,23.42,32.54,0.909,32.75
A0803,2025-05-02,330.4,21.46,31.1,43.69,0.909,43.98
A0803,2025-05-03,330.4,21.76,31.8,44.91,0.909,45.21
A0803,2025-05-04,330.4,18.07,27.53,39.89,0.909,40.17
A0803,2025-05-05,330.4,16.09,22.73,31.41,0.909,31.61
A0803,2025-05-06,330.4,18.24,26.49,37.27,0.909,37.52
A0803,2025-05-07,330.4,19.35,28.19,39.75,0.909,40.01
A0803,2025-05-08,330.4,19.54,28.06,39.2,0.909,39.46
A0803,2025-05-09,330.4,21.38,30.89,43.33,0.909,43.61
A0803,2025-05-10,330.4,21.99,31.87,44.77,0.909,45.07
A0803,2025-05-11,330.4,15.58,23.03,32.75,0.909,32.97
A0803,2025-05-12,330.4,18.91,26.46,36.33,0.909,36.56
A0804,2025-04-29,347.5,12.86,21.02,32.19,0.909,32.45
A0804,2025-04-30,347.5,17.44,26.91,39.88,0.909,40.18
A0804,2025-05-01,347.5,10.77,19.22,30.79,0.909,31.05
A0804,2025-05-02,347.5,16.06,25.72,38.96,0.909,39.26
A0804,2025-05-03,347.5,16.13,24.93,36.99,0.909,37.26
A0804,2025-05-04,347.5,12.64,18.75,27.13,0.909,27.32
A0804,2025-05-05,347.5,13.92,24.14,38.13,0.909,38.45
A0804,2025-05-06,347.5,14.3,23.14,35.24,0.909,35.52
A0804,2025-05-07,347.5,15.16,24.82,38.06,0.909,38.36
A0804,2025-05-08,347.5,16.61,25.75,38.26,0.909,38.54
A0804,2025-05-09,347.5,17.73,28.63,43.56,0.909,43.9
A0804,2025-05-10,347.5,18.41,29.37,44.38,0.909,44.72
A0804,2025-05-11,347.5,12.17,19.1,28.59,0.909,28.8
A0804,2025-05-12,347.5,19.97,33.89,52.95,0.909,53.38
A0805,2025-04-29,206.2,7.7,12.38,17.91,0.909,18.04
A0805,2025-04-30,206.2,9.68,16.3,24.11,0.909,24.29
A0805,2025-05-01,206.2,6.54,10.74,15.69,0.909,15.8
A0805,2025-05-02,206.2,9.27,14.44,20.54,0.909,20.68
A0805,2025-05-03,206.2,9.62,15.57,22.58,0.909,22.74
A0805,2025-05-04,206.2,7.05,11.8,17.41,0.909,17.53
A0805,2025-05-05,206.2,6.59,10.74,15.64,0.909,15.75
A0805,2025-05-06,206.2,7.3,12.03,17.62,0.909,17.74
A0805,2025-05-07,206.2,7.1,11.93,17.63,0.909,17.76
A0805,2025-05-08,206.2,7.93,13.18,19.37,0.909,19.51
A0805,2025-05-09,206.2,8.81,13.98,20.07,0.909,20.21
A0805,2025-05-10,206.2,9.11,15.01,21.98,0.909,22.14
A0805,2025-05-11,206.2,5.48,9.13,13.44,0.909,13.54
A0805,2025-05-12,206.2,7.82,12.89,18.88,0.909,19.02
A0806,2025-04-29,6.5,55.63,69.71,86.29,0.556,72.01
A0806,2025-04-30,6.5,64.39,78.58,95.3,0.556,80.9
A0806,2025-05-01,6.5,55.72,73.72,94.92,0.556,76.66
A0806,2025-05-02,6.5,70.22,89.25,111.67,0.556,92.37
A0806,2025-05-03,6.5,70.44,88.08,108.86,0.556,90.97
A0806,2025-05-04,6.5,50.66,63.61,78.87,0.556,65.73
A0806,2025-05-05,6.5,55.48,71.22,89.75,0.556,73.79
A0806,2025-05-06,6.5,57.06,72.17,89.97,0.556,74.64
A0806,2025-05-07,6.5,56.24,69.42,84.95,0.556,71.58
A0806,2025-05-08,6.5,64.11,80.89,100.64,0.556,83.63
A0806,2025-05-09,6.5,69.93,88.62,110.64,0.556,91.68
A0806,2025-05-10,6.5,69.71,86.19,105.59,0.556,88.88
A0806,2025-05-11,6.5,46.0,58.69,73.63,0.556,60.76
A0806,2025-05-12,6.5,61.54,77.24,95.74,0.556,79.81
A0807,2025-04-29,6.4,97.35,133.63,173.11,0.556,139.12
A0807,2025-04-30,6.4,129.08,186.73,249.45,0.556,195.45
A0807,2025-05-01,6.4,90.74,123.75,159.66,0.556,128.74
A0807,2025-05-02,6.4,122.44,166.39,214.19,0.556,173.03
A0807,2025-05-03,6.4,125.58,172.24,223.0,0.556,179.29
A0807,2025-05-04,6.4,100.83,144.25,191.49,0.556,150.81
A0807,2025-05-05,6.4,94.04,130.95,171.1,0.556,136.52
A0807,2025-05-06,6.4,99.58,134.58,172.66,0.556,139.87
A0807,2025-05-07,6.4,108.46,153.76,203.03,0.556,160.6
A0807,2025-05-08,6.4,114.93,156.58,201.88,0.556,162.87
A0807,2025-05-09,6.4,125.11,170.07,218.98,0.556,176.86
A0807,2025-05-10,6.4,131.08,180.77,234.82,0.556,188.28
A0807,2025-05-11,6.4,83.37,117.96,155.59,0.556,123.19
A0807,2025-05-12,6.4,116.42,160.81,209.09,0.556,167.51
A0808,2025-04-29,326.6,26.04,38.2,54.19,0.909,54.56
A0808,2025-04-30,326.6,34.07,51.01,73.32,0.909,73.82
A0808,2025-05-01,326.6,20.91,30.84,43.91,0.909,44.21
A0808,2025-05-02,326.6,32.36,48.76,70.34,0.909,70.83
A0808,2025-05-03,326.6,30.97,45.37,64.33,0.909,64.76
A0808,2025-05-04,326.6,24.53,36.43,52.1,0.909,52.45
A0808,2025-05-05,326.6,25.45,36.7,51.52,0.909,51.86
A0808,2025-05-06,326.6,27.72,41.16,58.84,0.909,59.24
A0808,2025-05-07,326.6,28.05,40.86,57.71,0.909,58.1
A0808,2025-05-08,326.6,31.02,45.15,63.74,0.909,64.17
A0808,2025-05-09,326.6,34.36,51.54,74.15,0.909,74.67
A0808,2025-05-10,326.6,33.95,49.21,69.29,0.909,69.75
A0808,2025-05-11,326.6,22.6,32.95,46.58,0.909,46.89
A0808,2025-05-12,326.6,36.34,53.96,77.16,0.909,77.68
A0809,2025-04-29,5.1,8.81,14.96,23.01,0.556,16.08
A0809,2025-04-30,5.1,11.05,18.2,27.56,0.556,19.5
A0809,2025-05-01,5.1,8.15,13.47,20.45,0.556,14.44
A0809,2025-05-02,5.1,12.05,19.35,28.9,0.556,20.67
A0809,2025-05-03,5.1,12.99,21.53,32.72,0.556,23.09
A0809,2025-05-04,5.1,8.63,13.77,20.5,0.556,14.71
A0809,2025-05-05,5.1,8.44,14.03,21.35,0.556,15.04
A0809,2025-05-06,5.1,9.26,15.22,23.03,0.556,16.31
A0809,2025-05-07,5.1,10.24,17.07,26.02,0.556,18.31
A0809,2025-05-08,5.1,10.63,17.68,26.91,0.556,18.96
A0809,2025-05-09,5.1,11.59,18.77,28.19,0.556,20.08
A0809,2025-05-10,5.1,12.53,20.94,31.95,0.556,22.47
A0809,2025-05-11,5.1,7.55,12.36,18.67,0.556,13.24
A0809,2025-05-12,5.1,9.98,16.78,25.7,0.556,18.02
A0810,2025-04-29,309.6,2.33,12.02,28.16,0.909,28.53
A0810,2025-04-30,309.6,4.2,16.15,35.62,0.909,36.06
A0810,2025-05-01,309.6,1.57,10.06,24.45,0.909,24.77
A0810,2025-05-02,309.6,4.1,16.01,35.57,0.909,36.02
A0810,2025-05-03,309.6,4.08,16.03,35.59,0.909,36.04
A0810,2025-05-04,309.6,2.41,12.26,28.49,0.909,28.86
A0810,2025-05-05,309.6,3.39,14.21,32.31,0.909,32.72
A0810,2025-05-06,309.6,3.86,15.4,34.47,0.909,34.9
A0810,2025-05-07,309.6,4.26,16.27,35.67,0.909,36.11
A0810,2025-05-08,309.6,5.2,18.16,39.35,0.909,39.83
A0810,2025-05-09,309.6,5.86,19.73,42.16,0.909,42.67
A0810,2025-05-10,309.6,6.27,20.51,43.7,0.909,44.23
A0810,2025-05-11,309.6,3.14,13.54,30.84,0.909,31.23
A0810,2025-05-12,309.6,7.44,22.55,47.68,0.909,48.25
A0811,2025-04-29,160.5,0.37,7.39,20.38,0.909,20.67
A0811,2025-04-30,160.5,1.49,10.58,26.72,0.909,27.09
A0811,2025-05-01,160.5,0.8,7.34,20.06,0.909,20.35
A0811,2025-05-02,160.5,2.42,13.11,31.43,0.909,31.85
A0811,2025-05-03,160.5,3.58,15.84,36.75,0.909,37.23
A0811,2025-05-04,160.5,1.54,10.81,26.73,0.909,27.09
A0811,2025-05-05,160.5,2.14,12.42,29.79,0.909,30.19
A0811,2025-05-06,160.5,16.17,44.37,95.93,0.909,97.11
A0811,2025-05-07,160.5,17.03,46.36,99.78,0.909,100.99
A0811,2025-05-08,160.5,20.66,54.07,116.31,0.909,117.73
A0811,2025-05-09,160.5,24.78,64.07,137.07,0.909,138.73
A0811,2025-05-10,160.5,6.62,22.78,49.57,0.909,50.18
A0811,2025-05-11,160.5,2.31,12.85,30.28,0.909,30.67
A0811,2025-05-12,160.5,6.13,21.59,47.01,0.909,47.58
A0812,2025-04-29,5.6,8.46,14.41,20.75,0.556,15.29
A0812,2025-04-30,5.6,12.36,19.07,26.23,0.556,20.07
A0812,2025-05-01,5.6,7.42,13.63,20.24,0.556,14.55
A0812,2025-05-02,5.6,11.89,18.63,25.83,0.556,19.63
A0812,2025-05-03,5.6,12.1,20.39,29.24,0.556,21.62
A0812,2025-05-04,5.6,8.35,14.45,20.95,0.556,15.35
A0812,2025-05-05,5.6,32.52,40.26,48.52,0.556,41.41
A0812,2025-05-06,5.6,33.72,41.78,50.37,0.556,42.97
A0812,2025-05-07,5.6,34.7,41.94,49.65,0.556,43.01
A0812,2025-05-08,5.6,35.33,45.22,55.77,0.556,46.69
A0812,2025-05-09,5.6,9.94,16.43,23.34,0.556,17.39
A0812,2025-05-10,5.6,10.76,18.59,26.94,0.556,19.75
A0812,2025-05-11,5.6,6.43,10.99,15.84,0.556,11.66
A0812,2025-05-12,5.6,9.53,14.96,20.74,0.556,15.76
A0813,2025-04-29,3.3,60.61,85.36,114.68,0.556,89.43
A0813,2025-04-30,3.3,75.38,104.08,138.08,0.556,108.8
A0813,2025-05-01,3.3,55.45,78.61,106.05,0.556,82.42
A0813,2025-05-02,3.3,74.11,106.72,145.34,0.556,112.08
A0813,2025-05-03,3.3,79.96,115.29,157.14,0.556,121.1
A0813,2025-05-04,3.3,54.15,76.84,103.71,0.556,80.57
A0813,2025-05-05,3.3,55.8,78.51,105.4,0.556,82.24
A0813,2025-05-06,3.3,60.3,85.05,114.38,0.556,89.13
A0813,2025-05-07,3.3,63.66,87.93,116.69,0.556,91.93
A0813,2025-05-08,3.3,66.97,93.94,125.88,0.556,98.37
A0813,2025-05-09,3.3,73.82,105.54,143.12,0.556,110.76
A0813,2025-05-10,3.3,79.94,113.19,152.57,0.556,118.66
A0813,2025-05-11,3.3,47.91,67.57,90.86,0.556,70.8
A0813,2025-05-12,3.3,65.28,90.05,119.39,0.556,94.13
A0814,2025-04-29,295.7,21.36,31.4,45.99,0.909,46.32
A0814,2025-04-30,295.7,23.97,34.24,49.16,0.909,49.5
A0814,2025-05-01,295.7,18.23,27.69,41.43,0.909,41.74
A0814,2025-05-02,295.7,24.37,35.67,52.1,0.909,52.48
A0814,2025-05-03,295.7,25.53,38.23,56.68,0.909,57.1
A0814,2025-05-04,295.7,18.51,26.64,38.46,0.909,38.73
A0814,2025-05-05,295.7,16.61,24.55,36.09,0.909,36.35
A0814,2025-05-06,295.7,21.6,30.91,44.44,0.909,44.75
A0814,2025-05-07,295.7,20.97,30.35,44.0,0.909,44.31
A0814,2025-05-08,295.7,20.95,30.91,45.4,0.909,45.73
A0814,2025-05-09,295.7,24.1,34.38,49.32,0.909,49.66
A0814,2025-05-10,295.7,25.22,36.04,51.76,0.909,52.12
A0814,2025-05-11,295.7,16.95,23.98,34.19,0.909,34.42
A0814,2025-05-12,295.7,18.81,25.83,36.03,0.909,36.26
A0815,2025-04-29,2.9,45.42,64.81,86.69,0.556,67.85
A0815,2025-04-30,2.9,55.55,81.59,110.98,0.556,85.67
A0815,2025-05-01,2.9,37.8,55.28,75.0,0.556,58.02
A0815,2025-05-02,2.9,93.59,133.6,178.76,0.556,139.88
A0815,2025-05-03,2.9,96.27,140.82,191.11,0.556,147.81
A0815,2025-05-04,2.9,73.44,104.67,139.91,0.556,109.56
A0815,2025-05-05,2.9,69.36,99.11,132.69,0.556,103.77
A0815,2025-05-06,2.9,76.69,109.14,145.77,0.556,114.23
A0815,2025-05-07,2.9,41.26,62.96,87.44,0.556,66.36
A0815,2025-05-08,2.9,45.82,68.31,93.7,0.556,71.84
A0815,2025-05-09,2.9,52.25,75.68,102.12,0.556,79.35
A0815,2025-05-10,2.9,56.0,82.85,113.16,0.556,87.06
A0815,2025-05-11,2.9,33.2,48.31,65.36,0.556,50.68
A0815,2025-05-12,2.9,47.09,67.98,91.55,0.556,71.25
A0816,2025-04-29,350.2,13.56,19.3,26.05,0.909,26.2
A0816,2025-04-30,350.2,17.33,24.43,32.79,0.909,32.98
A0816,2025-05-01,350.2,11.43,16.96,23.46,0.909,23.61
A0816,2025-05-02,350.2,16.31,23.88,32.78,0.909,32.98
A0816,2025-05-03,350.2,16.83,24.22,32.91,0.909,33.1
A0816,2025-05-04,350.2,12.28,17.62,23.89,0.909,24.04
A0816,2025-05-05,350.2,14.22,20.42,27.71,0.909,27.87
A0816,2025-05-06,350.2,15.2,21.36,28.61,0.909,28.78
A0816,2025-05-07,350.2,15.33,21.8,29.4,0.909,29.58
A0816,2025-05-08,350.2,16.85,23.77,31.91,0.909,32.1
A0816,2025-05-09,350.2,17.81,25.72,35.02,0.909,35.23
A0816,2025-05-10,350.2,18.68,26.52,35.75,0.909,35.96
A0816,2025-05-11,350.2,11.85,17.12,23.32,0.909,23.46
A0816,2025-05-12,350.2,19.37,27.85,37.82,0.909,38.05
A0817,2025-04-29,6.6,49.79,67.67,98.87,0.556,72.0
A0817,2025-04-30,6.6,55.88,69.76,93.97,0.556,73.12
A0817,2025-05-01,6.6,45.91,61.65,89.1,0.556,65.46
A0817,2025-05-02,6.6,55.45,71.04,98.23,0.556,74.82
A0817,2025-05-03,6.6,63.69,81.72,113.18,0.556,86.09
A0817,2025-05-04,6.6,44.47,56.25,76.79,0.556,59.1
A0817,2025-05-05,6.6,49.46,65.23,92.72,0.556,69.04
A0817,2025-05-06,6.6,49.94,66.5,95.38,0.556,70.51
A0817,2025-05-07,6.6,50.57,66.41,94.03,0.556,70.24
A0817,2025-05-08,6.6,55.42,73.31,104.51,0.556,77.64
A0817,2025-05-09,6.6,69.98,91.32,128.54,0.556,96.49
A0817,2025-05-10,6.6,81.8,109.06,156.62,0.556,115.67
A0817,2025-05-11,6.6,49.05,65.39,93.9,0.556,69.35
A0817,2025-05-12,6.6,56.29,73.5,103.53,0.556,77.68
A0818,2025-04-29,354.2,36.11,50.9,64.6,0.909,64.91
A0818,2025-04-30,354.2,42.44,56.67,69.84,0.909,70.14
A0818,2025-05-01,354.2,31.24,43.52,54.89,0.909,55.14
A0818,2025-05-02,354.2,42.43,60.12,76.5,0.909,76.87
A0818,2025-05-03,354.2,42.37,59.27,74.92,0.909,75.27
A0818,2025-05-04,354.2,31.79,43.61,54.55,0.909,54.8
A0818,2025-05-05,354.2,32.82,45.5,57.25,0.909,57.52
A0818,2025-05-06,354.2,36.23,50.91,64.5,0.909,64.81
A0818,2025-05-07,354.2,36.7,51.03,64.3,0.909,64.6
A0818,2025-05-08,354.2,38.63,54.67,69.52,0.909,69.86
A0818,2025-05-09,354.2,42.27,60.01,76.44,0.909,76.81
A0818,2025-05-10,354.2,42.92,59.98,75.78,0.909,76.14
A0818,2025-05-11,354.2,28.57,40.42,51.39,0.909,51.63
A0818,2025-05-12,354.2,41.02,56.9,71.6,0.909,71.93
A0819,2025-04-29,10.7,147.84,201.01,254.02,0.909,255.23
A0819,2025-04-30,10.7,184.47,247.5,310.35,0.909,311.78
A0819,2025-05-01,10.7,131.72,187.24,242.59,0.909,243.84
A0819,2025-05-02,10.7,192.51,255.99,319.29,0.909,320.73
A0819,2025-05-03,10.7,209.62,278.01,346.19,0.909,347.74
A0819,2025-05-04,10.7,111.7,160.19,208.54,0.909,209.64
A0819,2025-05-05,10.7,148.98,200.94,252.74,0.909,253.91
A0819,2025-05-06,10.7,162.07,215.78,269.33,0.909,270.54
A0819,2025-05-07,10.7,161.08,216.12,271.0,0.909,272.24
A0819,2025-05-08,10.7,165.11,226.17,287.04,0.909,288.42
A0819,2025-05-09,10.7,197.32,260.22,322.92,0.909,324.35
A0819,2025-05-10,10.7,211.13,277.92,344.51,0.909,346.03
A0819,2025-05-11,10.7,104.22,147.59,190.83,0.909,191.81
A0819,2025-05-12,10.7,169.62,226.02,282.26,0.909,283.53
A0820,2025-04-29,204.6,8.25,13.8,20.43,0.909,20.58
A0820,2025-04-30,204.6,10.24,17.32,25.77,0.909,25.97
A0820,2025-05-01,204.6,7.86,13.86,21.02,0.909,21.18
A0820,2025-05-02,204.6,10.55,16.49,23.59,0.909,23.75
A0820,2025-05-03,204.6,11.04,18.51,27.42,0.909,27.63
A0820,2025-05-04,204.6,7.18,11.97,17.7,0.909,17.83
A0820,2025-05-05,204.6,8.65,14.36,21.18,0.909,21.34
A0820,2025-05-06,204.6,8.89,14.49,21.18,0.909,21.33
A0820,2025-05-07,204.6,9.52,15.49,22.62,0.909,22.78
A0820,2025-05-08,204.6,9.93,16.65,24.66,0.909,24.84
A0820,2025-05-09,204.6,10.48,16.39,23.44,0.909,23.6
A0820,2025-05-10,204.6,11.17,18.51,27.27,0.909,27.47
A0820,2025-05-11,204.6,6.65,10.81,15.77,0.909,15.88
A0820,2025-05-12,204.6,10.62,16.94,24.48,0.909,24.65
A0821,2025-04-29,320.3,9.19,14.0,21.71,0.909,21.89
A0821,2025-04-30,320.3,10.87,17.89,29.17,0.909,29.42
A0821,2025-05-01,320.3,8.67,12.5,18.64,0.909,18.78
A0821,2025-05-02,320.3,11.04,16.8,26.05,0.909,26.26
A0821,2025-05-03,320.3,11.55,17.5,27.05,0.909,27.27
A0821,2025-05-04,320.3,8.84,14.62,23.9,0.909,24.11
A0821,2025-05-05,320.3,7.81,10.93,15.93,0.909,16.04
A0821,2025-05-06,320.3,9.57,13.85,20.71,0.909,20.87
A0821,2025-05-07,320.3,9.49,14.52,22.59,0.909,22.77
A0821,2025-05-08,320.3,9.81,14.68,22.51,0.909,22.69
A0821,2025-05-09,320.3,10.54,15.72,24.04,0.909,24.23
A0821,2025-05-10,320.3,11.11,16.41,24.93,0.909,25.13
A0821,2025-05-11,320.3,7.54,11.13,16.91,0.909,17.04
A0821,2025-05-12,320.3,8.57,11.99,17.47,0.909,17.59
A0822,2025-04-29,3.2,159.99,212.39,282.28,0.556,222.1
A0822,2025-04-30,3.2,195.48,261.86,350.39,0.556,274.16
A0822,2025-05-01,3.2,153.84,211.22,287.76,0.556,221.85
A0822,2025-05-02,3.2,196.98,267.01,360.4,0.556,279.98
A0822,2025-05-03,3.2,210.04,282.16,378.35,0.556,295.52
A0822,2025-05-04,3.2,152.51,208.82,283.93,0.556,219.26
A0822,2025-05-05,3.2,160.61,220.49,300.34,0.556,231.58
A0822,2025-05-06,3.2,159.91,211.68,280.72,0.556,221.27
A0822,2025-05-07,3.2,165.79,219.58,291.32,0.556,229.55
A0822,2025-05-08,3.2,179.57,239.1,318.49,0.556,250.13
A0822,2025-05-09,3.2,199.51,269.51,362.86,0.556,282.47
A0822,2025-05-10,3.2,214.31,286.84,383.57,0.556,300.27
A0822,2025-05-11,3.2,130.25,176.64,238.52,0.556,185.24
A0822,2025-05-12,3.2,179.4,240.41,321.77,0.556,251.71
A0823,2025-04-29,333.2,11.08,17.38,26.74,0.909,26.96
A0823,2025-04-30,333.2,13.75,20.48,30.5,0.909,30.72
A0823,2025-05-01,333.2,9.29,15.46,24.64,0.909,24.85
A0823,2025-05-02,333.2,13.52,20.81,31.67,0.909,31.91
A0823,2025-05-03,333.2,13.28,20.27,30.66,0.909,30.9
A0823,2025-05-04,333.2,10.02,14.76,21.81,0.909,21.97
A0823,2025-05-05,333.2,11.55,18.3,28.35,0.909,28.58
A0823,2025-05-06,333.2,12.29,19.0,28.99,0.909,29.22
A0823,2025-05-07,333.2,12.59,19.94,30.87,0.909,31.11
A0823,2025-05-08,333.2,13.76,21.25,32.39,0.909,32.64
A0823,2025-05-09,333.2,14.73,22.71,34.57,0.909,34.84
A0823,2025-05-10,333.2,15.05,23.45,35.96,0.909,36.24
A0823,2025-05-11,333.2,9.9,15.41,23.62,0.909,23.81
A0823,2025-05-12,333.2,17.08,26.77,41.18,0.909,41.51
A0824,2025-04-29,5.2,12.58,21.74,32.25,0.556,23.2
A0824,2025-04-30,5.2,16.16,26.8,39.01,0.556,28.5
A0824,2025-05-01,5.2,12.07,18.96,26.87,0.556,20.06
A0824,2025-05-02,5.2,17.16,27.6,39.59,0.556,29.27
A0824,2025-05-03,5.2,18.17,30.22,44.06,0.556,32.14
A0824,2025-05-04,5.2,12.92,21.67,31.71,0.556,23.07
A0824,2025-05-05,5.2,12.3,19.34,27.42,0.556,20.46
A0824,2025-05-06,5.2,12.75,21.91,32.43,0.556,23.37
A0824,2025-05-07,5.2,13.08,22.09,32.43,0.556,23.53
A0824,2025-05-08,5.2,14.4,24.36,35.78,0.556,25.94
A0824,2025-05-09,5.2,16.26,26.56,38.38,0.556,28.2
A0824,2025-05-10,5.2,69.42,100.91,137.04,0.556,105.93
A0824,2025-05-11,5.2,44.33,64.68,88.02,0.556,67.92
A0824,2025-05-12,5.2,57.01,82.41,111.57,0.556,86.46
A0825,2025-04-29,317.2,16.07,24.6,36.95,0.909,37.23
A0825,2025-04-30,317.2,20.4,33.03,51.29,0.909,51.71
A0825,2025-05-01,317.2,14.73,23.18,35.4,0.909,35.67
A0825,2025-05-02,317.2,19.77,30.47,45.94,0.909,46.29
A0825,2025-05-03,317.2,19.47,29.73,44.57,0.909,44.91
A0825,2025-05-04,317.2,14.74,24.66,38.99,0.909,39.32
A0825,2025-05-05,317.2,15.85,24.73,37.56,0.909,37.85
A0825,2025-05-06,317.2,16.81,25.25,37.45,0.909,37.73
A0825,2025-05-07,317.2,17.2,25.56,37.66,0.909,37.94
A0825,2025-05-08,317.2,17.79,26.97,40.24,0.909,40.54
A0825,2025-05-09,317.2,19.67,30.4,45.92,0.909,46.27
A0825,2025-05-10,317.2,19.75,30.13,45.14,0.909,45.48
A0825,2025-05-11,317.2,13.03,20.11,30.34,0.909,30.58
A0825,2025-05-12,317.2,19.46,28.87,42.47,0.909,42.77
A0826,2025-04-29,13.8,83.64,114.25,152.05,0.909,152.91
A0826,2025-04-30,13.8,106.82,147.47,197.66,0.909,198.8
A0826,2025-05-01,13.8,73.22,101.29,135.96,0.909,136.75
A0826,2025-05-02,13.8,100.8,140.03,188.47,0.909,189.57
A0826,2025-05-03,13.8,114.14,157.98,212.1,0.909,213.33
A0826,2025-05-04,13.8,79.2,110.69,149.58,0.909,150.46
A0826,2025-05-05,13.8,75.78,104.07,139.0,0.909,139.8
A0826,2025-05-06,13.8,82.58,113.75,152.25,0.909,153.13
A0826,2025-05-07,13.8,85.1,114.43,150.65,0.909,151.47
A0826,2025-05-08,13.8,91.98,126.12,168.27,0.909,169.23
A0826,2025-05-09,13.8,100.03,138.58,186.19,0.909,187.27
A0826,2025-05-10,13.8,111.91,153.78,205.47,0.909,206.64
A0826,2025-05-11,13.8,65.5,89.84,119.9,0.909,120.58
A0826,2025-05-12,13.8,90.34,123.37,164.16,0.909,165.09
A0827,2025-04-29,2.8,76.72,110.15,151.8,0.556,115.94
A0827,2025-04-30,2.8,104.94,146.36,197.96,0.556,153.53
A0827,2025-05-01,2.8,67.6,97.39,134.49,0.556,102.54
A0827,2025-05-02,2.8,93.05,132.96,182.69,0.556,139.87
A0827,2025-05-03,2.8,106.9,151.1,206.16,0.556,158.75
A0827,2025-05-04,2.8,78.96,110.24,149.2,0.556,115.65
A0827,2025-05-05,2.8,68.14,98.74,136.86,0.556,104.03
A0827,2025-05-06,2.8,74.86,108.39,150.17,0.556,114.2
A0827,2025-05-07,2.8,74.56,108.79,151.44,0.556,114.71
A0827,2025-05-08,2.8,82.63,120.49,167.67,0.556,127.05
A0827,2025-05-09,2.8,90.41,130.47,180.37,0.556,137.4
A0827,2025-05-10,2.8,102.68,147.14,202.51,0.556,154.83
A0827,2025-05-11,2.8,58.28,85.11,118.52,0.556,89.75
A0827,2025-05-12,2.8,168.03,244.02,338.69,0.556,257.17
A0828,2025-04-29,193.0,3.11,6.25,10.23,0.909,10.32
A0828,2025-04-30,193.0,3.43,7.46,12.56,0.909,12.68
A0828,2025-05-01,193.0,2.5,5.96,10.33,0.909,10.43
A0828,2025-05-02,193.0,3.84,7.62,12.4,0.909,12.51
A0828,2025-05-03,193.0,3.62,7.89,13.29,0.909,13.41
A0828,2025-05-04,193.0,2.53,5.41,9.04,0.909,9.13
A0828,2025-05-05,193.0,2.56,5.64,9.53,0.909,9.61
A0828,2025-05-06,193.0,3.1,6.36,10.48,0.909,10.58
A0828,2025-05-07,193.0,3.04,6.22,10.23,0.909,10.32
A0828,2025-05-08,193.0,3.6,7.56,12.57,0.909,12.68
A0828,2025-05-09,193.0,3.69,7.44,12.18,0.909,12.28
A0828,2025-05-10,193.0,3.54,7.66,12.87,0.909,12.99
A0828,2025-05-11,193.0,2.15,4.57,7.63,0.909,7.7
A0828,2025-05-12,193.0,3.26,6.79,11.24,0.909,11.34
A0829,2025-04-29,401.5,20.95,29.62,39.97,0.909,40.2
A0829,2025-04-30,401.5,26.47,38.01,51.79,0.909,52.1
A0829,2025-05-01,401.5,16.89,26.99,39.05,0.909,39.32
A0829,2025-05-02,401.5,25.65,36.11,48.59,0.909,48.88
A0829,2025-05-03,401.5,23.71,34.37,47.09,0.909,47.38
A0829,2025-05-04,401.5,18.47,26.64,36.4,0.909,36.62
A0829,2025-05-05,401.5,20.23,30.85,43.53,0.909,43.81
A0829,2025-05-06,401.5,22.26,31.36,42.23,0.909,42.48
A0829,2025-05-07,401.5,23.59,32.58,43.3,0.909,43.54
A0829,2025-05-08,401.5,25.18,35.97,48.85,0.909,49.14
A0829,2025-05-09,401.5,27.47,38.51,51.68,0.909,51.98
A0829,2025-05-10,401.5,27.13,38.83,52.79,0.909,53.11
A0829,2025-05-11,401.5,17.52,24.56,32.97,0.909,33.16
A0829,2025-05-12,401.5,28.5,41.11,56.15,0.909,56.5
A0830,2025-04-29,177.7,8.53,14.14,21.9,0.909,22.08
A0830,2025-04-30,177.7,10.06,15.67,23.43,0.909,23.61
A0830,2025-05-01,177.7,7.78,12.76,19.64,0.909,19.79
A0830,2025-05-02,177.7,11.15,17.13,25.39,0.909,25.57
A0830,2025-05-03,177.7,11.08,18.02,27.6,0.909,27.82
A0830,2025-05-04,177.7,7.86,12.65,19.27,0.909,19.42
A0830,2025-05-05,177.7,8.12,13.33,20.52,0.909,20.68
A0830,2025-05-06,177.7,9.09,14.68,22.4,0.909,22.57
A0830,2025-05-07,177.7,8.8,14.2,21.65,0.909,21.82
A0830,2025-05-08,177.7,10.07,15.92,24.02,0.909,24.2
A0830,2025-05-09,177.7,11.21,17.22,25.52,0.909,25.71
A0830,2025-05-10,177.7,11.31,18.33,28.04,0.909,28.26
A0830,2025-05-11,177.7,6.94,11.57,17.97,0.909,18.11
A0830,2025-05-12,177.7,10.09,16.03,24.23,0.909,24.41
A0831,2025-04-29,3.0,53.69,77.01,105.47,0.556,80.97
A0831,2025-04-30,3.0,63.92,90.02,121.88,0.556,94.45
A0831,2025-05-01,3.0,44.91,68.44,97.17,0.556,72.43
A0831,2025-05-02,3.0,61.86,89.92,124.17,0.556,94.68
A0831,2025-05-03,3.0,67.3,97.88,135.21,0.556,103.07
A0831,2025-05-04,3.0,46.28,65.94,89.92,0.556,69.27
A0831,2025-05-05,3.0,49.5,72.81,101.25,0.556,76.76
A0831,2025-05-06,3.0,53.98,77.15,105.44,0.556,81.08
A0831,2025-05-07,3.0,56.08,78.1,104.98,0.556,81.83
A0831,2025-05-08,3.0,60.71,86.14,117.18,0.556,90.45
A0831,2025-05-09,3.0,63.82,91.73,125.81,0.556,96.47
A0831,2025-05-10,3.0,70.9,101.25,138.3,0.556,106.4
A0831,2025-05-11,3.0,41.88,58.79,79.43,0.556,61.65
A0831,2025-05-12,3.0,58.97,83.57,113.59,0.556,87.74
A0832,2025-04-29,152.6,10.64,16.18,22.31,0.909,22.45
A0832,2025-04-30,152.6,14.18,20.61,27.72,0.909,27.88
A0832,2025-05-01,152.6,9.06,13.74,18.91,0.909,19.03
A0832,2025-05-02,152.6,12.74,19.14,26.23,0.909,26.39
A0832,2025-05-03,152.6,14.52,21.36,28.92,0.909,29.09
A0832,2025-05-04,152.6,10.41,15.26,20.62,0.909,20.75
A0832,2025-05-05,152.6,9.53,14.22,19.41,0.909,19.53
A0832,2025-05-06,152.6,10.49,15.96,22.0,0.909,22.14
A0832,2025-05-07,152.6,22.16,33.53,46.1,0.909,46.39
A0832,2025-05-08,152.6,23.57,35.5,48.68,0.909,48.98
A0832,2025-05-09,152.6,25.64,37.93,51.51,0.909,51.82
A0832,2025-05-10,152.6,27.76,41.02,55.69,0.909,56.02
A0832,2025-05-11,152.6,16.16,24.73,34.21,0.909,34.43
A0832,2025-05-12,152.6,9.05,15.07,21.73,0.909,21.88
A0833,2025-04-29,6.1,47.28,65.02,86.75,0.556,68.04
A0833,2025-04-30,6.1,62.17,81.95,106.17,0.556,85.31
A0833,2025-05-01,6.1,41.81,59.71,81.64,0.556,62.76
A0833,2025-05-02,6.1,57.77,78.95,104.89,0.556,82.55
A0833,2025-05-03,6.1,59.96,80.82,106.39,0.556,84.37
A0833,2025-05-04,6.1,47.85,65.23,86.51,0.556,68.18
A0833,2025-05-05,6.1,46.51,64.33,86.15,0.556,67.36
A0833,2025-05-06,6.1,47.2,64.61,85.95,0.556,67.58
A0833,2025-05-07,6.1,49.49,66.98,88.41,0.556,69.96
A0833,2025-05-08,6.1,54.07,75.41,101.56,0.556,79.05
A0833,2025-05-09,6.1,58.67,80.75,107.8,0.556,84.51
A0833,2025-05-10,6.1,62.3,85.22,113.3,0.556,89.12
A0833,2025-05-11,6.1,39.22,54.98,74.28,0.556,57.66
A0833,2025-05-12,6.1,56.47,77.67,103.63,0.556,81.27
A0834,2025-04-29,369.6,11.14,21.14,36.15,0.909,36.49
A0834,2025-04-30,369.6,13.34,21.01,32.53,0.909,32.79
A0834,2025-05-01,369.6,9.27,18.66,32.74,0.909,33.06
A0834,2025-05-02,369.6,13.82,24.63,40.84,0.909,41.2
A0834,2025-05-03,369.6,14.04,22.93,36.27,0.909,36.57
A0834,2025-05-04,369.6,10.1,15.81,24.38,0.909,24.57
A0834,2025-05-05,369.6,10.96,21.68,37.76,0.909,38.12
A0834,2025-05-06,369.6,11.62,22.1,37.8,0.909,38.16
A0834,2025-05-07,369.6,11.55,19.63,31.76,0.909,32.03
A0834,2025-05-08,369.6,12.75,22.06,36.03,0.909,36.35
A0834,2025-05-09,369.6,13.97,25.33,42.38,0.909,42.77
A0834,2025-05-10,369.6,14.63,24.34,38.92,0.909,39.25
A0834,2025-05-11,369.6,9.21,15.44,24.78,0.909,24.99
A0834,2025-05-12,369.6,14.2,25.88,43.39,0.909,43.79
A0835,2025-04-29,5.8,11.84,18.48,26.74,0.556,19.63
A0835,2025-04-30,5.8,14.75,22.63,32.42,0.556,23.99
A0835,2025-05-01,5.8,10.98,16.33,22.99,0.556,17.26
A0835,2025-05-02,5.8,14.65,22.9,33.15,0.556,24.33
A0835,2025-05-03,5.8,15.48,24.45,35.6,0.556,26.0
A0835,2025-05-04,5.8,10.94,17.16,24.89,0.556,18.23
A0835,2025-05-05,5.8,11.22,16.7,23.51,0.556,17.65
A0835,2025-05-06,5.8,11.87,18.61,26.97,0.556,19.77
A0835,2025-05-07,5.8,12.22,18.69,26.75,0.556,19.81
A0835,2025-05-08,5.8,13.57,21.37,31.08,0.556,22.72
A0835,2025-05-09,5.8,14.43,22.76,33.11,0.556,24.2
A0835,2025-05-10,5.8,15.71,24.8,36.09,0.556,26.37
A0835,2025-05-11,5.8,9.71,15.05,21.7,0.556,15.97
A0835,2025-05-12,5.8,14.83,22.55,32.14,0.556,23.88
A0836,2025-04-29,343.4,42.0,57.28,76.74,0.909,77.18
A0836,2025-04-30,343.4,50.61,69.52,93.61,0.909,94.16
A0836,2025-05-01,343.4,40.08,53.94,71.59,0.909,71.99
A0836,2025-05-02,343.4,47.96,66.48,90.05,0.909,90.59
A0836,2025-05-03,343.4,49.41,66.53,88.34,0.909,88.83
A0836,2025-05-04,343.4,40.47,56.78,77.54,0.909,78.01
A0836,2025-05-05,343.4,39.15,53.35,71.42,0.909,71.83
A0836,2025-05-06,343.4,42.8,58.12,77.63,0.909,78.08
A0836,2025-05-07,343.4,41.43,55.95,74.45,0.909,74.87
A0836,2025-05-08,343.4,46.24,62.73,83.74,0.909,84.22
A0836,2025-05-09,343.4,48.49,66.94,90.44,0.909,90.97
A0836,2025-05-10,343.4,49.78,66.78,88.42,0.909,88.92
A0836,2025-05-11,343.4,34.66,47.28,63.36,0.909,63.72
A0836,2025-05-12,343.4,48.7,65.54,86.99,0.909,87.47
A0837,2025-04-29,4.3,22.34,32.85,48.12,0.556,34.97
A0837,2025-04-30,4.3,31.02,43.41,61.41,0.556,45.91
A0837,2025-05-01,4.3,20.65,28.63,40.23,0.556,30.24
A0837,2025-05-02,4.3,26.46,37.72,54.11,0.556,40.0
A0837,2025-05-03,4.3,30.41,42.17,59.27,0.556,44.55
A0837,2025-05-04,4.3,24.28,33.87,47.83,0.556,35.81
A0837,2025-05-05,4.3,21.24,29.8,42.23,0.556,31.52
A0837,2025-05-06,4.3,22.26,32.71,47.9,0.556,34.82
A0837,2025-05-07,4.3,23.0,32.43,46.14,0.556,34.33
A0837,2025-05-08,4.3,24.7,34.3,48.28,0.556,36.25
A0837,2025-05-09,4.3,25.81,36.81,52.81,0.556,39.03
A0837,2025-05-10,4.3,29.37,40.64,57.03,0.556,42.92
A0837,2025-05-11,4.3,18.7,26.18,37.06,0.556,27.69
A0837,2025-05-12,4.3,24.73,34.52,48.74,0.556,36.49
A0838,2025-04-29,5.8,23.38,32.5,43.41,0.556,34.01
A0838,2025-04-30,5.8,28.21,39.26,52.49,0.556,41.1
A0838,2025-05-01,5.8,20.61,28.15,37.17,0.556,29.4
A0838,2025-05-02,5.8,28.87,39.6,52.45,0.556,41.39
A0838,2025-05-03,5.8,29.58,41.2,55.12,0.556,43.13
A0838,2025-05-04,5.8,21.61,31.51,43.38,0.556,33.16
A0838,2025-05-05,5.8,21.87,29.99,39.71,0.556,31.34
A0838,2025-05-06,5.8,23.83,33.13,44.27,0.556,34.68
A0838,2025-05-07,5.8,25.25,33.95,44.38,0.556,35.4
A0838,2025-05-08,5.8,27.56,37.98,50.46,0.556,39.71
A0838,2025-05-09,5.8,29.04,40.14,53.42,0.556,41.98
A0838,2025-05-10,5.8,30.79,43.06,57.75,0.556,45.1
A0838,2025-05-11,5.8,19.24,27.53,37.46,0.556,28.91
A0838,2025-05-12,5.8,26.45,37.77,51.31,0.556,39.65
A0839,2025-04-29,6.7,52.19,72.52,96.09,0.556,75.79
A0839,2025-04-30,6.7,64.39,90.47,120.72,0.556,94.67
A0839,2025-05-01,6.7,46.29,66.32,89.55,0.556,69.55
A0839,2025-05-02,6.7,65.55,91.01,120.52,0.556,95.11
A0839,2025-05-03,6.7,66.42,92.72,123.23,0.556,96.96
A0839,2025-05-04,6.7,50.0,74.08,102.0,0.556,77.96
A0839,2025-05-05,6.7,49.9,69.28,91.74,0.556,72.4
A0839,2025-05-06,6.7,54.61,76.06,100.93,0.556,79.51
A0839,2025-05-07,6.7,55.1,73.02,93.8,0.556,75.91
A0839,2025-05-08,6.7,61.14,85.05,112.77,0.556,88.9
A0839,2025-05-09,6.7,67.01,92.22,121.44,0.556,96.28
A0839,2025-05-10,6.7,68.78,93.85,122.91,0.556,97.89
A0839,2025-05-11,6.7,43.33,61.41,82.37,0.556,64.32
A0839,2025-05-12,6.7,62.56,86.25,113.72,0.556,90.07
A0840,2025-04-29,4.0,17.79,25.55,35.13,0.556,26.88
A0840,2025-04-30,4.0,23.25,33.28,45.69,0.556,35.01
A0840,2025-05-01,4.0,15.65,22.77,31.57,0.556,23.99
A0840,2025-05-02,4.0,22.95,32.95,45.3,0.556,34.66
A0840,2025-05-03,4.0,23.6,34.14,47.17,0.556,35.95
A0840,2025-05-04,4.0,16.05,23.1,31.82,0.556,24.31
A0840,2025-05-05,4.0,17.22,25.03,34.68,0.556,26.37
A0840,2025-05-06,4.0,17.51,25.27,34.87,0.556,26.61
A0840,2025-05-07,4.0,18.91,27.21,37.46,0.556,28.63
A0840,2025-05-08,4.0,20.74,30.1,41.67,0.556,31.71
A0840,2025-05-09,4.0,22.7,32.71,45.09,0.556,34.43
A0840,2025-05-10,4.0,24.3,34.88,47.95,0.556,36.69
A0840,2025-05-11,4.0,14.03,20.11,27.63,0.556,21.16
A0840,2025-05-12,4.0,21.69,31.42,43.45,0.556,33.09
A0841,2025-04-29,2.4,79.88,109.9,144.34,0.556,114.69
A0841,2025-04-30,2.4,104.0,138.66,178.41,0.556,144.18
A0841,2025-05-01,2.4,252.23,337.47,435.21,0.556,351.04
A0841,2025-05-02,2.4,326.9,452.03,595.53,0.556,471.96
A0841,2025-05-03,2.4,334.13,462.04,608.73,0.556,482.42
A0841,2025-05-04,2.4,266.84,348.72,442.61,0.556,361.76
A0841,2025-05-05,2.4,249.16,335.56,434.65,0.556,349.32
A0841,2025-05-06,2.4,272.9,371.08,483.66,0.556,386.71
A0841,2025-05-07,2.4,281.44,387.34,508.79,0.556,404.21
A0841,2025-05-08,2.4,76.58,107.73,143.45,0.556,112.69
A0841,2025-05-09,2.4,89.12,126.93,170.3,0.556,132.96
A0841,2025-05-10,2.4,99.36,137.98,182.28,0.556,144.14
A0841,2025-05-11,2.4,58.3,81.51,108.13,0.556,85.2
A0841,2025-05-12,2.4,86.51,116.52,150.93,0.556,121.3
A0842,2025-04-29,437.8,10.88,16.4,23.29,0.909,23.45
A0842,2025-04-30,437.8,13.08,19.53,27.59,0.909,27.77
A0842,2025-05-01,437.8,10.11,15.51,22.26,0.909,22.42
A0842,2025-05-02,437.8,12.86,19.29,27.31,0.909,27.5
A0842,2025-05-03,437.8,13.42,20.18,28.63,0.909,28.82
A0842,2025-05-04,437.8,9.88,15.14,21.72,0.909,21.87
A0842,2025-05-05,437.8,9.93,15.49,22.44,0.909,22.59
A0842,2025-05-06,437.8,10.84,16.47,23.52,0.909,23.68
A0842,2025-05-07,437.8,10.99,16.7,23.84,0.909,24.0
A0842,2025-05-08,437.8,11.57,17.23,24.3,0.909,24.46
A0842,2025-05-09,437.8,12.24,18.55,26.43,0.909,26.61
A0842,2025-05-10,437.8,12.86,19.31,27.37,0.909,27.55
A0842,2025-05-11,437.8,8.53,13.32,19.31,0.909,19.45
A0842,2025-05-12,437.8,11.29,17.1,24.36,0.909,24.53
A0843,2025-04-29,373.1,0.57,8.21,21.81,0.909,22.11
A0843,2025-04-30,373.1,1.65,10.76,26.87,0.909,27.23
A0843,2025-05-01,373.1,1.19,8.71,22.53,0.909,22.84
A0843,2025-05-02,373.1,2.43,12.99,30.91,0.909,31.32
A0843,2025-05-03,373.1,3.2,14.69,34.33,0.909,34.77
A0843,2025-05-04,373.1,2.03,11.81,28.7,0.909,29.09
A0843,2025-05-05,373.1,1.36,10.33,25.43,0.909,25.78
A0843,2025-05-06,373.1,2.76,13.52,31.63,0.909,32.04
A0843,2025-05-07,373.1,2.99,14.11,32.47,0.909,32.88
A0843,2025-05-08,373.1,3.67,15.59,35.5,0.909,35.95
A0843,2025-05-09,373.1,4.41,17.41,38.91,0.909,39.4
A0843,2025-05-10,373.1,5.19,19.06,42.27,0.909,42.8
A0843,2025-05-11,373.1,2.74,13.35,31.04,0.909,31.44
A0843,2025-05-12,373.1,3.87,16.01,36.04,0.909,36.49
A0844,2025-04-29,5.4,19.77,28.58,42.77,0.556,30.55
A0844,2025-04-30,5.4,23.45,34.31,51.83,0.556,36.74
A0844,2025-05-01,5.4,18.24,25.16,36.32,0.556,26.71
A0844,2025-05-02,5.4,25.48,35.57,51.84,0.556,37.83
A0844,2025-05-03,5.4,27.75,39.04,57.26,0.556,41.57
A0844,2025-05-04,5.4,19.38,27.59,40.82,0.556,29.43
A0844,2025-05-05,5.4,18.22,25.42,37.04,0.556,27.04
A0844,2025-05-06,5.4,20.28,28.86,42.69,0.556,30.78
A0844,2025-05-07,5.4,21.17,30.11,44.52,0.556,32.11
A0844,2025-05-08,5.4,22.8,31.81,46.33,0.556,33.82
A0844,2025-05-09,5.4,24.58,34.53,50.58,0.556,36.76
A0844,2025-05-10,5.4,26.94,38.07,56.03,0.556,40.57
A0844,2025-05-11,5.4,16.53,23.34,34.31,0.556,24.86
A0844,2025-05-12,5.4,37.65,53.45,78.93,0.556,56.99
A0845,2025-04-29,3.0,110.1,159.72,214.08,0.556,167.27
A0845,2025-04-30,3.0,129.87,179.97,234.85,0.556,187.59
A0845,2025-05-01,3.0,92.07,131.94,175.61,0.556,138.0
A0845,2025-05-02,3.0,141.99,200.38,264.35,0.556,209.27
A0845,2025-05-03,3.0,154.31,219.3,290.5,0.556,229.19
A0845,2025-05-04,3.0,97.87,137.85,181.65,0.556,143.94
A0845,2025-05-05,3.0,102.61,144.84,191.09,0.556,151.26
A0845,2025-05-06,3.0,215.74,305.47,403.77,0.556,319.12
A0845,2025-05-07,3.0,218.64,309.74,409.54,0.556,323.6
A0845,2025-05-08,3.0,227.64,323.19,427.87,0.556,337.73
A0845,2025-05-09,3.0,141.35,200.01,264.27,0.556,208.94
A0845,2025-05-10,3.0,154.15,220.06,292.26,0.556,230.08
A0845,2025-05-11,3.0,87.11,126.86,170.39,0.556,132.9
A0845,2025-05-12,3.0,114.12,165.77,222.35,0.556,173.62
A0846,2025-04-29,5.3,150.0,193.16,242.0,0.556,199.94
A0846,2025-04-30,5.3,177.68,231.68,292.8,0.556,240.17
A0846,2025-05-01,5.3,135.62,176.16,222.05,0.556,182.54
A0846,2025-05-02,5.3,182.34,233.61,291.64,0.556,241.67
A0846,2025-05-03,5.3,187.43,241.09,301.82,0.556,249.53
A0846,2025-05-04,5.3,142.92,187.45,237.85,0.556,194.45
A0846,2025-05-05,5.3,139.67,177.69,220.73,0.556,183.67
A0846,2025-05-06,5.3,155.98,200.25,250.35,0.556,207.21
A0846,2025-05-07,5.3,160.29,203.68,252.79,0.556,210.5
A0846,2025-05-08,5.3,177.3,230.08,289.81,0.556,238.38
A0846,2025-05-09,5.3,186.34,238.56,297.65,0.556,246.77
A0846,2025-05-10,5.3,197.3,251.92,313.74,0.556,260.5
A0846,2025-05-11,5.3,124.16,160.99,202.66,0.556,166.77
A0846,2025-05-12,5.3,283.07,367.92,463.96,0.556,381.26
A0847,2025-04-29,7.5,547.83,749.26,956.68,0.556,778.07
A0847,2025-04-30,7.5,726.45,991.16,1263.75,0.556,1029.02
A0847,2025-05-01,7.5,432.77,615.8,804.28,0.556,641.98
A0847,2025-05-02,7.5,595.56,846.7,1105.31,0.556,882.62
A0847,2025-05-03,7.5,690.97,922.69,1161.3,0.556,955.83
A0847,2025-05-04,7.5,528.78,749.17,976.1,0.556,780.68
A0847,2025-05-05,7.5,495.59,687.75,885.62,0.556,715.23
A0847,2025-05-06,7.5,564.95,779.17,999.75,0.556,809.81
A0847,2025-05-07,7.5,594.93,798.07,1007.25,0.556,827.12
A0847,2025-05-08,7.5,591.43,805.9,1026.75,0.556,836.58
A0847,2025-05-09,7.5,649.93,896.54,1150.49,0.556,931.81
A0847,2025-05-10,7.5,725.8,943.84,1168.37,0.556,975.03
A0847,2025-05-11,7.5,446.11,622.45,804.04,0.556,647.67
A0847,2025-05-12,7.5,589.11,830.16,1078.39,0.556,864.64
A0848,2025-04-29,26.9,6.8,22.1,48.52,0.909,49.12
A0848,2025-04-30,26.9,9.53,28.15,59.28,0.909,59.99
A0848,2025-05-01,26.9,5.44,19.26,43.53,0.909,44.08
A0848,2025-05-02,26.9,10.26,29.97,63.33,0.909,64.09
A0848,2025-05-03,26.9,9.94,29.22,62.23,0.909,62.98
A0848,2025-05-04,26.9,7.26,23.13,50.23,0.909,50.85
A0848,2025-05-05,26.9,9.33,27.22,58.41,0.909,59.12
A0848,2025-05-06,26.9,10.12,29.23,61.67,0.909,62.41
A0848,2025-05-07,26.9,10.98,31.05,64.3,0.909,65.05
A0848,2025-05-08,26.9,13.22,35.56,73.24,0.909,74.09
A0848,2025-05-09,26.9,14.49,38.63,78.31,0.909,79.21
A0848,2025-05-10,26.9,15.09,39.44,80.82,0.909,81.76
A0848,2025-05-11,26.9,9.48,27.06,57.43,0.909,58.12
A0848,2025-05-12,26.9,18.08,44.8,91.23,0.909,92.29
A0849,2025-04-29,5.9,120.84,167.05,222.44,0.556,174.74
A0849,2025-04-30,5.9,145.93,197.67,259.69,0.556,206.28
A0849,2025-05-01,5.9,110.3,153.48,205.26,0.556,160.68
A0849,2025-05-02,5.9,144.4,196.41,258.76,0.556,205.07
A0849,2025-05-03,5.9,150.31,204.32,269.07,0.556,213.32
A0849,2025-05-04,5.9,113.56,157.89,211.03,0.556,165.27
A0849,2025-05-05,5.9,118.8,160.8,211.15,0.556,167.79
A0849,2025-05-06,5.9,127.66,175.05,231.87,0.556,182.95
A0849,2025-05-07,5.9,130.52,172.46,222.75,0.556,179.45
A0849,2025-05-08,5.9,141.46,188.52,244.93,0.556,196.35
A0849,2025-05-09,5.9,149.21,201.43,264.03,0.556,210.12
A0849,2025-05-10,5.9,158.64,212.51,277.09,0.556,221.48
A0849,2025-05-11,5.9,104.03,142.1,187.73,0.556,148.44
A0849,2025-05-12,5.9,147.42,193.91,249.64,0.556,201.65
A0850,2025-04-29,322.7,24.67,34.44,46.96,0.909,47.25
A0850,2025-04-30,322.7,30.2,42.41,58.05,0.909,58.4
A0850,2025-05-01,322.7,21.59,31.35,43.86,0.909,44.14
A0850,2025-05-02,322.7,26.35,38.16,53.28,0.909,53.63
A0850,2025-05-03,322.7,29.12,41.7,57.8,0.909,58.17
A0850,2025-05-04,322.7,23.12,32.48,44.47,0.909,44.74
A0850,2025-05-05,322.7,18.38,26.06,35.9,0.909,36.13
A0850,2025-05-06,322.7,22.64,31.87,43.69,0.909,43.96
A0850,2025-05-07,322.7,22.32,31.73,43.79,0.909,44.07
A0850,2025-05-08,322.7,24.06,34.65,48.21,0.909,48.52
A0850,2025-05-09,322.7,25.36,36.42,50.58,0.909,50.9
A0850,2025-05-10,322.7,27.99,39.28,53.75,0.909,54.08
A0850,2025-05-11,322.7,18.81,25.94,35.07,0.909,35.28
A0850,2025-05-12,322.7,20.95,28.17,37.41,0.909,37.62
A0851,2025-04-29,5.8,2.99,13.7,31.27,0.556,16.14
A0851,2025-04-30,5.8,5.07,18.24,39.65,0.556,21.21
A0851,2025-05-01,5.8,2.84,13.15,30.04,0.556,15.5
A0851,2025-05-02,5.8,5.34,19.08,41.14,0.556,22.14
A0851,2025-05-03,5.8,6.06,20.7,44.22,0.556,23.97
A0851,2025-05-04,5.8,3.18,14.21,32.18,0.556,16.7
A0851,2025-05-05,5.8,3.4,14.72,33.14,0.556,17.28
A0851,2025-05-06,5.8,4.11,16.28,36.09,0.556,19.03
A0851,2025-05-07,5.8,4.42,16.95,36.93,0.556,19.73
A0851,2025-05-08,5.8,5.31,18.87,40.78,0.556,21.92
A0851,2025-05-09,5.8,6.16,20.81,44.41,0.556,24.09
A0851,2025-05-10,5.8,7.02,22.67,47.79,0.556,26.16
A0851,2025-05-11,5.8,2.93,13.59,30.85,0.556,15.98
A0851,2025-05-12,5.8,5.68,19.66,42.27,0.556,22.8
A0852,2025-04-29,349.5,47.16,65.66,96.53,0.909,97.24
A0852,2025-04-30,349.5,62.01,89.61,135.64,0.909,136.69
A0852,2025-05-01,349.5,39.68,57.11,86.18,0.909,86.84
A0852,2025-05-02,349.5,61.68,86.97,129.16,0.909,130.11
A0852,2025-05-03,349.5,55.28,77.15,113.64,0.909,114.47
A0852,2025-05-04,349.5,42.87,62.13,94.25,0.909,94.98
A0852,2025-05-05,349.5,49.31,69.16,102.27,0.909,103.02
A0852,2025-05-06,349.5,52.76,73.27,107.49,0.909,108.27
A0852,2025-05-07,349.5,57.09,78.56,114.37,0.909,115.18
A0852,2025-05-08,349.5,57.7,79.73,116.47,0.909,117.3
A0852,2025-05-09,349.5,68.49,95.7,141.1,0.909,142.13
A0852,2025-05-10,349.5,65.29,90.09,131.44,0.909,132.38
A0852,2025-05-11,349.5,44.28,62.1,91.82,0.909,92.5
A0852,2025-05-12,349.5,71.56,101.48,151.4,0.909,152.53
A0853,2025-04-29,393.4,14.72,21.9,31.82,0.909,32.05
A0853,2025-04-30,393.4,18.93,25.58,34.76,0.909,34.97
A0853,2025-05-01,393.4,12.35,20.49,31.74,0.909,31.99
A0853,2025-05-02,393.4,18.29,28.14,41.75,0.909,42.06
A0853,2025-05-03,393.4,17.65,26.15,37.89,0.909,38.15
A0853,2025-05-04,393.4,14.25,19.19,26.03,0.909,26.18
A0853,2025-05-05,393.4,15.62,23.23,33.74,0.909,33.98
A0853,2025-05-06,393.4,17.21,24.71,35.08,0.909,35.31
A0853,2025-05-07,393.4,18.27,26.39,37.6,0.909,37.86
A0853,2025-05-08,393.4,19.22,28.72,41.86,0.909,42.16
A0853,2025-05-09,393.4,20.96,31.63,46.37,0.909,46.71
A0853,2025-05-10,393.4,21.0,30.4,43.4,0.909,43.7
A0853,2025-05-11,393.4,14.19,20.64,29.57,0.909,29.77
A0853,2025-05-12,393.4,21.72,31.53,45.08,0.909,45.39
A0854,2025-04-29,6.1,303.83,398.01,510.24,0.556,413.6
A0854,2025-04-30,6.1,385.11,506.54,651.25,0.556,526.64
A0854,2025-05-01,6.1,273.28,362.86,469.63,0.556,377.69
A0854,2025-05-02,6.1,347.37,462.2,599.05,0.556,481.21
A0854,2025-05-03,6.1,369.24,492.01,638.32,0.556,512.33
A0854,2025-05-04,6.1,296.61,401.97,527.53,0.556,419.41
A0854,2025-05-05,6.1,288.93,375.47,478.59,0.556,389.79
A0854,2025-05-06,6.1,311.27,405.38,517.54,0.556,420.96
A0854,2025-05-07,6.1,335.93,436.29,555.89,0.556,452.9
A0854,2025-05-08,6.1,344.63,452.27,580.55,0.556,470.09
A0854,2025-05-09,6.1,360.66,475.55,612.47,0.556,494.57
A0854,2025-05-10,6.1,385.44,508.36,654.85,0.556,528.71
A0854,2025-05-11,6.1,257.65,344.58,448.18,0.556,358.97
A0854,2025-05-12,6.1,345.48,449.52,573.5,0.556,466.74
A0855,2025-04-29,31.3,19.12,27.52,40.09,0.909,40.37
A0855,2025-04-30,31.3,23.71,32.96,46.79,0.909,47.1
A0855,2025-05-01,31.3,14.57,20.55,29.5,0.909,29.71
A0855,2025-05-02,31.3,21.35,29.88,42.65,0.909,42.94
A0855,2025-05-03,31.3,21.92,30.38,43.03,0.909,43.32
A0855,2025-05-04,31.3,16.9,23.89,34.36,0.909,34.6
A0855,2025-05-05,31.3,18.08,25.11,35.62,0.909,35.86
A0855,2025-05-06,31.3,19.43,27.89,40.55,0.909,40.84
A0855,2025-05-07,31.3,19.4,27.51,39.65,0.909,39.92
A0855,2025-05-08,31.3,21.49,30.15,43.11,0.909,43.4
A0855,2025-05-09,31.3,22.75,31.85,45.45,0.909,45.76
A0855,2025-05-10,31.3,23.91,33.63,48.16,0.909,48.49
A0855,2025-05-11,31.3,15.59,22.08,31.78,0.909,32.0
A0855,2025-05-12,31.3,24.15,34.44,49.83,0.909,50.18
A0856,2025-04-29,335.1,11.11,18.69,29.62,0.909,29.87
A0856,2025-04-30,335.1,12.02,20.85,33.59,0.909,33.87
A0856,2025-05-01,335.1,10.1,15.27,22.74,0.909,22.91
A0856,2025-05-02,335.1,14.94,23.78,36.55,0.909,36.84
A0856,2025-05-03,335.1,13.67,23.71,38.21,0.909,38.54
A0856,2025-05-04,335.1,10.8,17.94,28.25,0.909,28.48
A0856,2025-05-05,335.1,9.52,14.1,20.7,0.909,20.85
A0856,2025-05-06,335.1,12.23,19.16,29.17,0.909,29.4
A0856,2025-05-07,335.1,10.88,18.12,28.56,0.909,28.8
A0856,2025-05-08,335.1,11.78,18.79,28.91,0.909,29.14
A0856,2025-05-09,335.1,13.86,22.11,34.02,0.909,34.3
A0856,2025-05-10,335.1,12.65,21.62,34.58,0.909,34.87
A0856,2025-05-11,335.1,9.13,14.79,22.96,0.909,23.14
A0856,2025-05-12,335.1,11.1,16.04,23.18,0.909,23.34
A0857,2025-04-29,5.9,55.3,86.77,112.32,0.556,90.31
A0857,2025-04-30,5.9,67.37,96.5,120.16,0.556,99.79
A0857,2025-05-01,5.9,52.39,79.01,100.62,0.556,82.01
A0857,2025-05-02,5.9,72.25,104.49,130.67,0.556,108.13
A0857,2025-05-03,5.9,74.47,106.91,133.25,0.556,110.56
A0857,2025-05-04,5.9,59.04,86.82,109.38,0.556,89.95
A0857,2025-05-05,5.9,56.16,86.7,111.5,0.556,90.15
A0857,2025-05-06,5.9,59.97,92.24,118.45,0.556,95.88
A0857,2025-05-07,5.9,65.24,94.67,118.56,0.556,97.98
A0857,2025-05-08,5.9,68.92,101.74,128.4,0.556,105.44
A0857,2025-05-09,5.9,73.25,106.71,133.88,0.556,110.48
A0857,2025-05-10,5.9,75.92,110.02,137.71,0.556,113.86
A0857,2025-05-11,5.9,51.83,80.6,103.98,0.556,83.85
A0857,2025-05-12,5.9,69.87,109.4,141.51,0.556,113.86
A0858,2025-04-29,338.2,39.03,56.42,75.45,0.909,75.88
A0858,2025-04-30,338.2,47.7,69.56,93.47,0.909,94.01
A0858,2025-05-01,338.2,33.36,49.12,66.36,0.909,66.75
A0858,2025-05-02,338.2,45.57,65.18,86.63,0.909,87.11
A0858,2025-05-03,338.2,97.62,139.51,185.33,0.909,186.37
A0858,2025-05-04,338.2,76.48,109.47,145.56,0.909,146.38
A0858,2025-05-05,338.2,72.74,103.78,137.74,0.909,138.51
A0858,2025-05-06,338.2,83.91,119.09,157.56,0.909,158.44
A0858,2025-05-07,338.2,37.57,55.67,75.47,0.909,75.92
A0858,2025-05-08,338.2,39.85,59.44,80.87,0.909,81.36
A0858,2025-05-09,338.2,43.32,63.07,84.67,0.909,85.16
A0858,2025-05-10,338.2,48.72,69.59,92.42,0.909,92.94
A0858,2025-05-11,338.2,29.67,43.04,57.66,0.909,57.99
A0858,2025-05-12,338.2,42.81,61.59,82.14,0.909,82.61
A0859,2025-04-29,301.3,3.93,15.95,35.35,0.909,35.79
A0859,2025-04-30,301.3,5.74,19.88,42.6,0.909,43.11
A0859,2025-05-01,301.3,4.08,15.89,34.68,0.909,35.11
A0859,2025-05-02,301.3,5.98,20.68,43.69,0.909,44.22
A0859,2025-05-03,301.3,6.43,21.63,45.77,0.909,46.32
A0859,2025-05-04,301.3,4.46,17.05,37.46,0.909,37.92
A0859,2025-05-05,301.3,3.13,14.23,31.93,0.909,32.33
A0859,2025-05-06,301.3,4.59,17.47,37.97,0.909,38.44
A0859,2025-05-07,301.3,4.82,18.06,38.91,0.909,39.38
A0859,2025-05-08,301.3,5.3,19.09,41.07,0.909,41.57
A0859,2025-05-09,301.3,5.84,20.37,43.34,0.909,43.86
A0859,2025-05-10,301.3,6.54,21.84,46.36,0.909,46.92
A0859,2025-05-11,301.3,3.6,15.19,33.75,0.909,34.18
A0859,2025-05-12,301.3,4.81,17.95,38.79,0.909,39.26
A0860,2025-04-29,187.4,13.67,20.87,30.36,0.909,30.57
A0860,2025-04-30,187.4,17.0,24.97,35.5,0.909,35.74
A0860,2025-05-01,187.4,23.57,37.53,55.95,0.909,56.37
A0860,2025-05-02,187.4,32.67,51.42,76.17,0.909,76.73
A0860,2025-05-03,187.4,32.93,53.71,81.14,0.909,81.77
A0860,2025-05-04,187.4,23.0,35.97,53.1,0.909,53.49
A0860,2025-05-05,187.4,23.77,38.14,57.11,0.909,57.54
A0860,2025-05-06,187.4,11.88,18.94,28.25,0.909,28.46
A0860,2025-05-07,187.4,12.7,19.9,29.39,0.909,29.61
A0860,2025-05-08,187.4,14.01,21.41,31.17,0.909,31.39
A0860,2025-05-09,187.4,16.32,24.51,35.31,0.909,35.55
A0860,2025-05-10,187.4,17.25,26.48,38.66,0.909,38.94
A0860,2025-05-11,187.4,10.19,15.32,22.09,0.909,22.24
A0860,2025-05-12,187.4,15.39,22.63,32.18,0.909,32.4
A0861,2025-04-29,373.1,45.32,60.2,79.54,0.909,79.98
A0861,2025-04-30,373.1,60.28,77.51,99.9,0.909,100.41
A0861,2025-05-01,373.1,38.92,52.29,69.67,0.909,70.07
A0861,2025-05-02,373.1,58.9,77.41,101.46,0.909,102.0
A0861,2025-05-03,373.1,57.5,75.44,98.75,0.909,99.28
A0861,2025-05-04,373.1,44.19,56.63,72.79,0.909,73.15
A0861,2025-05-05,373.1,48.45,62.51,80.78,0.909,81.2
A0861,2025-05-06,373.1,46.94,63.28,84.53,0.909,85.01
A0861,2025-05-07,373.1,50.94,67.97,90.11,0.909,90.61
A0861,2025-05-08,373.1,55.48,75.04,100.45,0.909,101.03
A0861,2025-05-09,373.1,60.49,80.45,106.38,0.909,106.97
A0861,2025-05-10,373.1,61.62,81.86,108.18,0.909,108.78
A0861,2025-05-11,373.1,40.28,53.65,71.03,0.909,71.43
A0861,2025-05-12,373.1,63.64,86.77,116.84,0.909,117.53
A0862,2025-04-29,6.8,761.85,1209.86,1861.47,0.556,1300.36
A0862,2025-04-30,6.8,876.17,1390.69,2139.04,0.556,1494.63
A0862,2025-05-01,6.8,676.82,1062.12,1622.53,0.556,1139.95
A0862,2025-05-02,6.8,175.72,249.15,355.95,0.556,263.98
A0862,2025-05-03,6.8,208.08,296.58,425.31,0.556,314.46
A0862,2025-05-04,6.8,160.18,224.25,317.43,0.556,237.19
A0862,2025-05-05,6.8,150.05,208.46,293.41,0.556,220.26
A0862,2025-05-06,6.8,184.04,260.25,371.09,0.556,275.65
A0862,2025-05-07,6.8,178.32,254.39,365.03,0.556,269.76
A0862,2025-05-08,6.8,208.56,296.93,425.46,0.556,314.78
A0862,2025-05-09,6.8,208.25,286.27,399.75,0.556,302.03
A0862,2025-05-10,6.8,236.9,333.94,475.09,0.556,353.55
A0862,2025-05-11,6.8,141.32,199.02,282.94,0.556,210.68
A0862,2025-05-12,6.8,219.24,303.32,425.62,0.556,320.31
A0863,2025-04-29,2.4,24.28,35.6,50.86,0.556,37.72
A0863,2025-04-30,2.4,28.17,41.45,59.37,0.556,43.94
A0863,2025-05-01,2.4,23.61,33.03,45.73,0.556,34.79
A0863,2025-05-02,2.4,32.33,46.72,66.13,0.556,49.42
A0863,2025-05-03,2.4,31.8,47.38,68.39,0.556,50.29
A0863,2025-05-04,2.4,21.47,31.34,44.65,0.556,33.19
A0863,2025-05-05,2.4,24.06,33.2,45.51,0.556,34.91
A0863,2025-05-06,2.4,26.36,37.92,53.52,0.556,40.09
A0863,2025-05-07,2.4,26.64,38.55,54.61,0.556,40.78
A0863,2025-05-08,2.4,28.18,40.81,57.84,0.556,43.17
A0863,2025-05-09,2.4,31.91,46.08,65.19,0.556,48.73
A0863,2025-05-10,2.4,31.99,46.93,67.07,0.556,49.73
A0863,2025-05-11,2.4,19.9,28.98,41.24,0.556,30.69
A0863,2025-05-12,2.4,30.01,41.77,57.63,0.556,43.97
A0864,2025-04-29,351.6,14.4,23.21,34.75,0.909,35.01
A0864,2025-04-30,351.6,19.38,29.17,41.99,0.909,42.28
A0864,2025-05-01,351.6,13.18,19.61,28.03,0.909,28.22
A0864,2025-05-02,351.6,16.22,26.28,39.46,0.909,39.76
A0864,2025-05-03,351.6,20.28,29.68,42.0,0.909,42.28
A0864,2025-05-04,351.6,14.31,22.12,32.36,0.909,32.59
A0864,2025-05-05,351.6,12.09,19.07,28.23,0.909,28.43
A0864,2025-05-06,351.6,13.24,21.93,33.32,0.909,33.58
A0864,2025-05-07,351.6,12.43,21.25,32.79,0.909,33.05
A0864,2025-05-08,351.6,12.97,21.68,33.09,0.909,33.35
A0864,2025-05-09,351.6,14.09,24.16,37.35,0.909,37.65
A0864,2025-05-10,351.6,17.64,27.12,39.52,0.909,39.81
A0864,2025-05-11,351.6,9.95,17.03,26.3,0.909,26.51
A0864,2025-05-12,351.6,11.0,19.93,31.63,0.909,31.9
A0865,2025-04-29,435.7,7.08,14.96,25.57,0.909,25.81
A0865,2025-04-30,435.7,6.79,17.85,32.75,0.909,33.09
A0865,2025-05-01,435.7,7.44,14.64,24.35,0.909,24.57
A0865,2025-05-02,435.7,7.07,17.42,31.36,0.909,31.68
A0865,2025-05-03,435.7,6.68,16.99,30.88,0.909,31.19
A0865,2025-05-04,435.7,6.12,14.9,26.74,0.909,27.01
A0865,2025-05-05,435.7,4.37,10.59,18.99,0.909,19.18
A0865,2025-05-06,435.7,6.05,13.68,23.95,0.909,24.18
A0865,2025-05-07,435.7,5.77,13.75,24.51,0.909,24.76
A0865,2025-05-08,435.7,6.85,14.95,25.87,0.909,26.11
A0865,2025-05-09,435.7,5.86,15.67,28.89,0.909,29.19
A0865,2025-05-10,435.7,6.02,15.38,28.0,0.909,28.29
A0865,2025-05-11,435.7,5.38,11.83,20.53,0.909,20.73
A0865,2025-05-12,435.7,6.02,12.28,20.71,0.909,20.9
A0866,2025-04-29,2.8,350.12,478.93,623.28,0.556,498.98
A0866,2025-04-30,2.8,431.7,609.39,808.49,0.556,637.04
A0866,2025-05-01,2.8,305.46,417.91,543.93,0.556,435.42
A0866,2025-05-02,2.8,410.56,583.02,776.27,0.556,609.86
A0866,2025-05-03,2.8,440.76,622.29,825.7,0.556,650.54
A0866,2025-05-04,2.8,325.37,465.8,623.16,0.556,487.66
A0866,2025-05-05,2.8,313.41,433.75,568.61,0.556,452.48
A0866,2025-05-06,2.8,350.96,479.6,623.76,0.556,499.63
A0866,2025-05-07,2.8,360.55,492.11,639.54,0.556,512.59
A0866,2025-05-08,2.8,380.79,525.48,687.61,0.556,548.0
A0866,2025-05-09,2.8,423.33,595.16,787.7,0.556,621.9
A0866,2025-05-10,2.8,455.95,636.34,838.47,0.556,664.41
A0866,2025-05-11,2.8,281.0,388.74,509.47,0.556,405.51
A0866,2025-05-12,2.8,385.42,534.77,702.13,0.556,558.01
A0867,2025-04-29,148.2,11.29,17.11,25.03,0.909,25.21
A0867,2025-04-30,148.2,14.74,21.88,31.57,0.909,31.79
A0867,2025-05-01,148.2,10.12,14.9,21.4,0.909,21.55
A0867,2025-05-02,148.2,13.49,20.81,30.75,0.909,30.97
A0867,2025-05-03,148.2,14.89,22.64,33.17,0.909,33.41
A0867,2025-05-04,148.2,11.4,16.88,24.34,0.909,24.51
A0867,2025-05-05,148.2,10.24,15.14,21.8,0.909,21.95
A0867,2025-05-06,148.2,11.36,17.22,25.19,0.909,25.37
A0867,2025-05-07,148.2,11.81,17.76,25.84,0.909,26.03
A0867,2025-05-08,148.2,13.59,20.32,29.46,0.909,29.67
A0867,2025-05-09,148.2,13.27,20.56,30.46,0.909,30.69
A0867,2025-05-10,148.2,14.94,22.62,33.04,0.909,33.27
A0867,2025-05-11,148.2,9.28,14.0,20.42,0.909,20.56
A0867,2025-05-12,148.2,13.03,19.6,28.53,0.909,28.74
A0868,2025-04-29,5.6,22.38,33.66,46.87,0.556,35.5
A0868,2025-04-30,5.6,30.63,44.58,60.93,0.556,46.85
A0868,2025-05-01,5.6,19.1,29.77,42.26,0.556,31.5
A0868,2025-05-02,5.6,28.46,44.24,62.71,0.556,46.8
A0868,2025-05-03,5.6,31.02,47.61,67.04,0.556,50.31
A0868,2025-05-04,5.6,20.88,30.6,41.98,0.556,32.18
A0868,2025-05-05,5.6,9.76,17.15,25.8,0.556,18.35
A0868,2025-05-06,5.6,10.16,16.93,24.85,0.556,18.03
A0868,2025-05-07,5.6,11.97,19.64,28.63,0.556,20.89
A0868,2025-05-08,5.6,13.87,22.24,32.03,0.556,23.6
A0868,2025-05-09,5.6,15.01,24.69,36.03,0.556,26.26
A0868,2025-05-10,5.6,17.93,28.32,40.49,0.556,30.01
A0868,2025-05-11,5.6,9.51,14.94,21.31,0.556,15.83
A0868,2025-05-12,5.6,15.02,24.3,35.17,0.556,25.81
A0869,2025-04-29,2.5,1.98,12.18,30.54,0.556,14.73
A0869,2025-04-30,2.5,4.05,16.64,39.7,0.556,19.84
A0869,2025-05-01,2.5,2.14,11.65,29.31,0.556,14.1
A0869,2025-05-02,2.5,5.45,20.17,46.35,0.556,23.8
A0869,2025-05-03,2.5,7.53,24.98,55.76,0.556,29.25
A0869,2025-05-04,2.5,4.31,17.66,40.89,0.556,20.89
A0869,2025-05-05,2.5,5.16,19.57,44.36,0.556,23.01
A0869,2025-05-06,2.5,7.13,24.05,52.7,0.556,28.03
A0869,2025-05-07,2.5,8.33,26.79,57.45,0.556,31.05
A0869,2025-05-08,2.5,10.82,32.28,67.85,0.556,37.22
A0869,2025-05-09,2.5,13.5,38.44,79.16,0.556,44.09
A0869,2025-05-10,2.5,15.82,43.49,88.77,0.556,49.78
A0869,2025-05-11,2.5,6.91,23.53,50.86,0.556,27.33
A0869,2025-05-12,2.5,13.65,38.52,79.11,0.556,44.16
A0870,2025-04-29,396.3,12.65,18.39,27.26,0.909,27.46
A0870,2025-04-30,396.3,14.73,21.96,33.14,0.909,33.4
A0870,2025-05-01,396.3,11.17,15.58,22.4,0.909,22.56
A0870,2025-05-02,396.3,14.06,20.36,30.09,0.909,30.31
A0870,2025-05-03,396.3,14.4,21.71,33.0,0.909,33.26
A0870,2025-05-04,396.3,11.41,18.11,28.45,0.909,28.69
A0870,2025-05-05,396.3,9.81,13.56,19.36,0.909,19.49
A0870,2025-05-06,396.3,11.5,16.61,24.49,0.909,24.67
A0870,2025-05-07,396.3,12.17,17.42,25.53,0.909,25.71
A0870,2025-05-08,396.3,12.14,17.68,26.23,0.909,26.42
A0870,2025-05-09,396.3,12.62,18.43,27.41,0.909,27.61
A0870,2025-05-10,396.3,13.48,20.1,30.33,0.909,30.57
A0870,2025-05-11,396.3,9.68,14.24,21.29,0.909,21.45
A0870,2025-05-12,396.3,10.32,14.11,19.97,0.909,20.1
A0871,2025-04-29,368.8,2.73,13.05,30.43,0.909,30.83
A0871,2025-04-30,368.8,5.0,18.14,39.66,0.909,40.15
A0871,2025-05-01,368.8,1.84,11.11,26.75,0.909,27.11
A0871,2025-05-02,368.8,5.27,18.82,41.26,0.909,41.77
A0871,2025-05-03,368.8,5.48,19.3,42.29,0.909,42.81
A0871,2025-05-04,368.8,3.5,14.87,33.72,0.909,34.14
A0871,2025-05-05,368.8,4.93,17.66,39.22,0.909,39.71
A0871,2025-05-06,368.8,5.49,19.11,41.68,0.909,42.19
A0871,2025-05-07,368.8,6.24,20.76,44.33,0.909,44.87
A0871,2025-05-08,368.8,7.62,23.5,49.64,0.909,50.23
A0871,2025-05-09,368.8,8.57,25.7,53.56,0.909,54.19
A0871,2025-05-10,368.8,9.27,27.05,56.47,0.909,57.14
A0871,2025-05-11,368.8,4.98,17.69,38.92,0.909,39.41
A0871,2025-05-12,368.8,10.75,29.65,61.47,0.909,62.2
A0872,2025-04-29,6.9,168.07,225.7,294.47,0.556,235.25
A0872,2025-04-30,6.9,219.96,294.59,383.65,0.556,306.96
A0872,2025-05-01,6.9,150.43,203.21,266.2,0.556,211.96
A0872,2025-05-02,6.9,194.06,263.76,346.93,0.556,275.31
A0872,2025-05-03,6.9,216.47,290.11,377.98,0.556,302.31
A0872,2025-05-04,6.9,166.03,226.09,297.77,0.556,236.05
A0872,2025-05-05,6.9,147.05,199.76,262.67,0.556,208.5
A0872,2025-05-06,6.9,164.46,221.7,290.01,0.556,231.19
A0872,2025-05-07,6.9,179.53,240.46,313.17,0.556,250.56
A0872,2025-05-08,6.9,194.76,263.53,345.59,0.556,274.92
A0872,2025-05-09,6.9,200.25,271.49,356.5,0.556,283.29
A0872,2025-05-10,6.9,228.84,305.59,397.18,0.556,318.32
A0872,2025-05-11,6.9,139.09,188.25,246.92,0.556,196.4
A0872,2025-05-12,6.9,194.52,263.13,345.02,0.556,274.51
A0873,2025-04-29,366.9,25.22,35.59,49.25,0.909,49.56
A0873,2025-04-30,366.9,31.46,44.51,61.71,0.909,62.1
A0873,2025-05-01,366.9,21.64,31.08,43.52,0.909,43.8
A0873,2025-05-02,366.9,30.25,42.7,59.09,0.909,59.46
A0873,2025-05-03,366.9,28.84,39.56,53.68,0.909,54.0
A0873,2025-05-04,366.9,23.41,33.06,45.77,0.909,46.06
A0873,2025-05-05,366.9,25.93,35.9,49.04,0.909,49.34
A0873,2025-05-06,366.9,27.93,39.45,54.63,0.909,54.97
A0873,2025-05-07,366.9,28.31,38.57,52.09,0.909,52.4
A0873,2025-05-08,366.9,31.82,43.99,60.03,0.909,60.4
A0873,2025-05-09,366.9,33.24,46.54,64.05,0.909,64.45
A0873,2025-05-10,366.9,33.12,45.11,60.91,0.909,61.27
A0873,2025-05-11,366.9,22.93,31.8,43.48,0.909,43.74
A0873,2025-05-12,366.9,36.35,51.38,71.19,0.909,71.64
A0874,2025-04-29,6.4,68.39,138.61,252.09,0.556,154.37
A0874,2025-04-30,6.4,89.47,175.22,311.72,0.556,194.18
A0874,2025-05-01,6.4,60.98,124.72,226.57,0.556,138.87
A0874,2025-05-02,6.4,88.64,175.33,312.9,0.556,194.44
A0874,2025-05-03,6.4,88.97,176.47,316.15,0.556,195.87
A0874,2025-05-04,6.4,62.78,128.96,233.86,0.556,143.53
A0874,2025-05-05,6.4,66.15,134.73,244.17,0.556,149.93
A0874,2025-05-06,6.4,69.29,141.63,255.99,0.556,157.51
A0874,2025-05-07,6.4,136.18,262.77,471.7,0.556,291.79
A0874,2025-05-08,6.4,145.29,280.92,509.38,0.556,312.65
A0874,2025-05-09,6.4,153.43,300.32,547.0,0.556,334.58
A0874,2025-05-10,6.4,82.81,169.52,308.23,0.556,188.78
A0874,2025-05-11,6.4,47.01,102.27,190.3,0.556,114.49
A0874,2025-05-12,6.4,78.78,161.48,292.95,0.556,179.74
A0875,2025-04-29,5.4,42.89,61.48,79.15,0.556,63.94
A0875,2025-04-30,5.4,52.14,73.19,93.2,0.556,75.97
A0875,2025-05-01,5.4,38.02,54.96,71.06,0.556,57.2
A0875,2025-05-02,5.4,52.83,75.79,97.6,0.556,78.81
A0875,2025-05-03,5.4,54.34,78.28,101.03,0.556,81.44
A0875,2025-05-04,5.4,40.61,57.48,73.5,0.556,59.7
A0875,2025-05-05,5.4,44.22,61.64,78.18,0.556,63.94
A0875,2025-05-06,5.4,45.74,65.02,83.33,0.556,67.56
A0875,2025-05-07,5.4,47.39,66.13,83.95,0.556,68.61
A0875,2025-05-08,5.4,52.09,73.73,94.29,0.556,76.59
A0875,2025-05-09,5.4,54.76,78.02,100.12,0.556,81.09
A0875,2025-05-10,5.4,57.98,82.3,105.42,0.556,85.51
A0875,2025-05-11,5.4,38.06,53.88,68.91,0.556,55.97
A0875,2025-05-12,5.4,55.91,78.17,99.32,0.556,81.11
A0876,2025-04-29,6.0,22.6,32.19,44.53,0.556,33.9
A0876,2025-04-30,6.0,28.16,40.52,56.42,0.556,42.73
A0876,2025-05-01,6.0,20.23,28.3,38.69,0.556,29.74
A0876,2025-05-02,6.0,26.88,37.83,51.92,0.556,39.79
A0876,2025-05-03,6.0,29.27,41.13,56.39,0.556,43.25
A0876,2025-05-04,6.0,21.49,30.67,42.49,0.556,32.31
A0876,2025-05-05,6.0,20.57,28.88,39.59,0.556,30.37
A0876,2025-05-06,6.0,22.42,31.6,43.43,0.556,33.25
A0876,2025-05-07,6.0,22.41,32.81,46.19,0.556,34.67
A0876,2025-05-08,6.0,24.56,35.1,48.68,0.556,36.99
A0876,2025-05-09,6.0,26.4,37.33,51.4,0.556,39.29
A0876,2025-05-10,6.0,28.88,40.96,56.51,0.556,43.12
A0876,2025-05-11,6.0,17.84,25.52,35.41,0.556,26.89
A0876,2025-05-12,6.0,24.45,34.42,47.24,0.556,36.2
A0877,2025-04-29,5.3,136.43,181.46,251.05,0.556,191.13
A0877,2025-04-30,5.3,152.74,189.0,245.03,0.556,196.78
A0877,2025-05-01,5.3,134.1,187.07,268.92,0.556,198.44
A0877,2025-05-02,5.3,163.3,211.5,285.98,0.556,221.84
A0877,2025-05-03,5.3,175.96,235.73,328.09,0.556,248.56
A0877,2025-05-04,5.3,124.84,159.14,212.14,0.556,166.5
A0877,2025-05-05,5.3,135.45,187.25,267.29,0.556,198.37
A0877,2025-05-06,5.3,143.48,190.53,263.24,0.556,200.63
A0877,2025-05-07,5.3,133.08,167.97,221.89,0.556,175.46
A0877,2025-05-08,5.3,159.89,210.95,289.85,0.556,221.91
A0877,2025-05-09,5.3,167.27,215.22,289.34,0.556,225.52
A0877,2025-05-10,5.3,180.47,238.52,328.24,0.556,250.98
A0877,2025-05-11,5.3,110.39,144.49,197.19,0.556,151.81
A0877,2025-05-12,5.3,163.31,215.68,296.6,0.556,226.92
A0878,2025-04-29,204.2,13.83,20.96,31.62,0.909,31.86
A0878,2025-04-30,204.2,18.58,28.8,44.06,0.909,44.4
A0878,2025-05-01,204.2,12.53,19.27,29.33,0.909,29.56
A0878,2025-05-02,204.2,16.79,25.73,39.09,0.909,39.4
A0878,2025-05-03,204.2,18.74,28.35,42.72,0.909,43.05
A0878,2025-05-04,204.2,13.34,20.38,30.89,0.909,31.13
A0878,2025-05-05,204.2,12.58,19.12,28.87,0.909,29.1
A0878,2025-05-06,204.2,13.99,21.27,32.16,0.909,32.4
A0878,2025-05-07,204.2,14.08,21.84,33.45,0.909,33.71
A0878,2025-05-08,204.2,15.24,23.06,34.75,0.909,35.01
A0878,2025-05-09,204.2,16.2,25.0,38.14,0.909,38.44
A0878,2025-05-10,204.2,17.98,27.17,40.91,0.909,41.22
A0878,2025-05-11,204.2,10.52,16.21,24.7,0.909,24.89
A0878,2025-05-12,204.2,14.17,21.56,32.59,0.909,32.84
A0879,2025-04-29,391.6,23.86,34.3,50.28,0.909,50.64
A0879,2025-04-30,391.6,29.81,41.56,59.53,0.909,59.93
A0879,2025-05-01,391.6,19.78,27.92,40.38,0.909,40.67
A0879,2025-05-02,391.6,28.55,40.41,58.56,0.909,58.97
A0879,2025-05-03,391.6,26.83,37.37,53.48,0.909,53.84
A0879,2025-05-04,391.6,21.17,30.3,44.27,0.909,44.59
A0879,2025-05-05,391.6,23.37,32.43,46.3,0.909,46.61
A0879,2025-05-06,391.6,25.16,36.03,52.66,0.909,53.04
A0879,2025-05-07,391.6,25.8,36.7,53.38,0.909,53.76
A0879,2025-05-08,391.6,28.08,39.72,57.54,0.909,57.94
A0879,2025-05-09,391.6,30.81,43.76,63.57,0.909,64.02
A0879,2025-05-10,391.6,30.44,42.91,61.99,0.909,62.43
A0879,2025-05-11,391.6,20.19,29.34,43.34,0.909,43.66
A0879,2025-05-12,391.6,31.97,46.03,67.54,0.909,68.03
A0880,2025-04-29,3.0,22.86,34.79,48.2,0.556,36.65
A0880,2025-04-30,3.0,27.63,42.86,59.98,0.556,45.24
A0880,2025-05-01,3.0,21.51,31.78,43.33,0.556,33.39
A0880,2025-05-02,3.0,29.33,43.68,59.82,0.556,45.92
A0880,2025-05-03,3.0,29.67,44.87,61.96,0.556,47.24
A0880,2025-05-04,3.0,20.08,31.36,44.03,0.556,33.12
A0880,2025-05-05,3.0,22.25,33.09,45.27,0.556,34.78
A0880,2025-05-06,3.0,24.06,35.7,48.79,0.556,37.52
A0880,2025-05-07,3.0,25.05,36.81,50.04,0.556,38.65
A0880,2025-05-08,3.0,26.38,39.39,54.0,0.556,41.42
A0880,2025-05-09,3.0,29.23,43.65,59.86,0.556,45.9
A0880,2025-05-10,3.0,30.6,46.13,63.59,0.556,48.56
A0880,2025-05-11,3.0,18.4,27.49,37.72,0.556,28.91
A0880,2025-05-12,3.0,28.32,41.1,55.47,0.556,43.1
A0881,2025-04-29,346.5,32.22,45.97,61.66,0.909,62.01
A0881,2025-04-30,346.5,45.13,63.45,84.37,0.909,84.85
A0881,2025-05-01,346.5,26.73,38.83,52.65,0.909,52.96
A0881,2025-05-02,346.5,38.82,55.91,75.41,0.909,75.86
A0881,2025-05-03,346.5,42.0,59.43,79.32,0.909,79.77
A0881,2025-05-04,346.5,30.72,42.84,56.67,0.909,56.99
A0881,2025-05-05,346.5,29.99,42.53,56.85,0.909,57.17
A0881,2025-05-06,346.5,31.13,44.9,60.6,0.909,60.96
A0881,2025-05-07,346.5,34.47,50.3,68.37,0.909,68.79
A0881,2025-05-08,346.5,35.27,50.78,68.5,0.909,68.9
A0881,2025-05-09,346.5,38.6,56.44,76.79,0.909,77.26
A0881,2025-05-10,346.5,43.4,62.51,84.33,0.909,84.83
A0881,2025-05-11,346.5,25.28,36.25,48.77,0.909,49.05
A0881,2025-05-12,346.5,38.0,54.13,72.54,0.909,72.96
A0882,2025-04-29,5.0,129.23,192.58,256.85,0.556,201.51
A0882,2025-04-30,5.0,139.7,184.04,229.02,0.556,190.29
A0882,2025-05-01,5.0,120.51,178.85,238.04,0.556,187.07
A0882,2025-05-02,5.0,152.36,224.09,296.84,0.556,234.19
A0882,2025-05-03,5.0,152.43,229.46,307.61,0.556,240.32
A0882,2025-05-04,5.0,108.37,152.95,198.18,0.556,159.24
A0882,2025-05-05,5.0,123.57,187.13,251.61,0.556,196.09
A0882,2025-05-06,5.0,128.86,195.27,262.63,0.556,204.62
A0882,2025-05-07,5.0,124.14,172.36,221.27,0.556,179.15
A0882,2025-05-08,5.0,140.15,202.36,265.46,0.556,211.12
A0882,2025-05-09,5.0,152.94,224.79,297.68,0.556,234.92
A0882,2025-05-10,5.0,157.07,232.78,309.58,0.556,243.45
A0882,2025-05-11,5.0,101.7,150.94,200.88,0.556,157.87
A0882,2025-05-12,5.0,149.27,219.98,291.71,0.556,229.94
A0883,2025-04-29,6.7,85.92,111.18,142.58,0.556,115.54
A0883,2025-04-30,6.7,113.31,146.7,188.19,0.556,152.46
A0883,2025-05-01,6.7,78.22,101.72,130.92,0.556,105.77
A0883,2025-05-02,6.7,102.36,130.38,165.19,0.556,135.21
A0883,2025-05-03,6.7,104.11,133.34,169.67,0.556,138.39
A0883,2025-05-04,6.7,87.26,114.61,148.6,0.556,119.33
A0883,2025-05-05,6.7,79.75,101.22,127.9,0.556,104.93
A0883,2025-05-06,6.7,85.73,110.48,141.24,0.556,114.75
A0883,2025-05-07,6.7,88.07,113.65,145.45,0.556,118.07
A0883,2025-05-08,6.7,99.09,129.41,167.1,0.556,134.65
A0883,2025-05-09,6.7,103.37,131.71,166.93,0.556,136.6
A0883,2025-05-10,6.7,106.32,136.58,174.18,0.556,141.8
A0883,2025-05-11,6.7,70.06,92.09,119.47,0.556,95.89
A0883,2025-05-12,6.7,96.84,122.89,155.25,0.556,127.38
A0884,2025-04-29,160.4,10.56,17.79,25.95,0.909,26.13
A0884,2025-04-30,160.4,13.61,21.38,30.15,0.909,30.35
A0884,2025-05-01,160.4,29.18,54.13,82.26,0.909,82.9
A0884,2025-05-02,160.4,38.63,67.26,99.54,0.909,100.27
A0884,2025-05-03,160.4,38.36,66.75,98.76,0.909,99.49
A0884,2025-05-04,160.4,27.52,49.13,73.49,0.909,74.05
A0884,2025-05-05,160.4,28.87,53.54,81.35,0.909,81.98
A0884,2025-05-06,160.4,9.65,17.08,25.46,0.909,25.65
A0884,2025-05-07,160.4,10.0,16.24,23.27,0.909,23.43
A0884,2025-05-08,160.4,11.85,19.58,28.3,0.909,28.5
A0884,2025-05-09,160.4,13.16,21.71,31.34,0.909,31.56
A0884,2025-05-10,160.4,13.82,22.05,31.33,0.909,31.54
A0884,2025-05-11,160.4,8.6,14.11,20.31,0.909,20.46
A0884,2025-05-12,160.4,13.09,20.82,29.53,0.909,29.73
A0885,2025-04-29,6.9,51.18,73.86,101.9,0.556,77.76
A0885,2025-04-30,6.9,64.49,89.62,120.69,0.556,93.94
A0885,2025-05-01,6.9,44.69,69.97,101.23,0.556,74.31
A0885,2025-05-02,6.9,60.24,87.19,120.5,0.556,91.82
A0885,2025-05-03,6.9,64.09,91.7,125.82,0.556,96.44
A0885,2025-05-04,6.9,44.78,66.97,94.41,0.556,70.78
A0885,2025-05-05,6.9,49.95,73.06,101.63,0.556,77.03
A0885,2025-05-06,6.9,52.95,76.6,105.83,0.556,80.66
A0885,2025-05-07,6.9,56.36,78.37,105.56,0.556,82.14
A0885,2025-05-08,6.9,60.02,87.83,122.2,0.556,92.6
A0885,2025-05-09,6.9,62.57,89.73,123.29,0.556,94.39
A0885,2025-05-10,6.9,68.8,96.3,130.29,0.556,101.02
A0885,2025-05-11,6.9,42.0,62.49,87.82,0.556,66.01
A0885,2025-05-12,6.9,63.66,90.02,122.6,0.556,94.54
A0886,2025-04-29,34.7,31.64,42.39,54.57,0.909,54.85
A0886,2025-04-30,34.7,39.54,53.5,69.32,0.909,69.68
A0886,2025-05-01,34.7,25.9,34.08,43.36,0.909,43.57
A0886,2025-05-02,34.7,36.04,47.97,61.5,0.909,61.81
A0886,2025-05-03,34.7,35.37,46.56,59.23,0.909,59.52
A0886,2025-05-04,34.7,27.48,38.16,50.26,0.909,50.54
A0886,2025-05-05,34.7,31.24,41.09,52.26,0.909,52.51
A0886,2025-05-06,34.7,33.52,44.87,57.73,0.909,58.02
A0886,2025-05-07,34.7,34.84,46.45,59.6,0.909,59.9
A0886,2025-05-08,34.7,37.47,49.41,62.95,0.909,63.26
A0886,2025-05-09,34.7,39.4,52.82,68.03,0.909,68.38
A0886,2025-05-10,34.7,40.33,53.83,69.15,0.909,69.49
A0886,2025-05-11,34.7,26.49,36.17,47.14,0.909,47.39
A0886,2025-05-12,34.7,42.6,58.83,77.22,0.909,77.64
A0887,2025-04-29,322.7,27.22,40.25,58.22,0.909,58.63
A0887,2025-04-30,322.7,32.25,46.59,66.35,0.909,66.8
A0887,2025-05-01,322.7,24.59,36.25,52.34,0.909,52.7
A0887,2025-05-02,322.7,33.73,50.1,72.67,0.909,73.18
A0887,2025-05-03,322.7,32.64,47.47,67.91,0.909,68.37
A0887,2025-05-04,322.7,6.95,11.17,16.99,0.909,17.12
A0887,2025-05-05,322.7,7.23,11.56,17.51,0.909,17.65
A0887,2025-05-06,322.7,8.25,13.13,19.86,0.909,20.01
A0887,2025-05-07,322.7,8.21,12.88,19.33,0.909,19.48
A0887,2025-05-08,322.7,9.4,14.61,21.79,0.909,21.95
A0887,2025-05-09,322.7,10.63,16.54,24.68,0.909,24.87
A0887,2025-05-10,322.7,10.43,15.65,22.84,0.909,23.0
A0887,2025-05-11,322.7,7.33,11.23,16.6,0.909,16.73
A0887,2025-05-12,322.7,10.36,15.53,22.66,0.909,22.82
A0888,2025-04-29,5.5,47.2,64.93,84.42,0.556,67.64
A0888,2025-04-30,5.5,56.57,77.16,99.8,0.556,80.31
A0888,2025-05-01,5.5,43.62,59.85,77.68,0.556,62.33
A0888,2025-05-02,5.5,58.91,79.2,101.5,0.556,82.3
A0888,2025-05-03,5.5,61.03,81.95,104.94,0.556,85.14
A0888,2025-05-04,5.5,44.95,61.49,79.65,0.556,64.01
A0888,2025-05-05,5.5,47.4,64.03,82.31,0.556,66.57
A0888,2025-05-06,5.5,49.73,67.39,86.79,0.556,70.08
A0888,2025-05-07,5.5,50.81,68.16,87.23,0.556,70.81
A0888,2025-05-08,5.5,57.07,77.46,99.86,0.556,80.57
A0888,2025-05-09,5.5,60.29,80.93,103.61,0.556,84.08
A0888,2025-05-10,5.5,63.2,84.93,108.8,0.556,88.24
A0888,2025-05-11,5.5,40.28,54.68,70.5,0.556,56.88
A0888,2025-05-12,5.5,56.9,77.27,99.64,0.556,80.37
A0889,2025-04-29,395.8,22.26,32.3,44.59,0.909,44.87
A0889,2025-04-30,395.8,27.93,41.22,57.53,0.909,57.9
A0889,2025-05-01,395.8,21.5,29.95,40.32,0.909,40.56
A0889,2025-05-02,395.8,28.53,41.24,56.82,0.909,57.17
A0889,2025-05-03,395.8,28.84,42.66,59.59,0.909,59.97
A0889,2025-05-04,395.8,24.25,35.48,49.24,0.909,49.55
A0889,2025-05-05,395.8,18.84,26.85,36.67,0.909,36.89
A0889,2025-05-06,395.8,21.58,31.61,43.9,0.909,44.18
A0889,2025-05-07,395.8,21.58,31.46,43.57,0.909,43.85
A0889,2025-05-08,395.8,23.14,32.91,44.9,0.909,45.17
A0889,2025-05-09,395.8,25.57,37.4,51.89,0.909,52.22
A0889,2025-05-10,395.8,26.16,38.42,53.45,0.909,53.8
A0889,2025-05-11,395.8,18.85,27.15,37.31,0.909,37.54
A0889,2025-05-12,395.8,21.11,30.0,40.9,0.909,41.15
A0890,2025-04-29,199.0,10.92,17.49,28.19,0.909,28.44
A0890,2025-04-30,199.0,13.29,22.12,36.51,0.909,36.84
A0890,2025-05-01,199.0,9.73,15.04,23.68,0.909,23.88
A0890,2025-05-02,199.0,13.62,21.68,34.8,0.909,35.1
A0890,2025-05-03,199.0,14.19,23.64,39.03,0.909,39.38
A0890,2025-05-04,199.0,9.14,15.33,25.42,0.909,25.65
A0890,2025-05-05,199.0,10.03,15.16,23.52,0.909,23.71
A0890,2025-05-06,199.0,11.18,17.73,28.41,0.909,28.65
A0890,2025-05-07,199.0,11.46,18.42,29.77,0.909,30.03
A0890,2025-05-08,199.0,12.65,20.21,32.53,0.909,32.81
A0890,2025-05-09,199.0,13.3,21.32,34.4,0.909,34.7
A0890,2025-05-10,199.0,13.83,23.22,38.52,0.909,38.87
A0890,2025-05-11,199.0,8.03,13.11,21.4,0.909,21.59
A0890,2025-05-12,199.0,12.06,18.86,29.94,0.909,30.2
A0891,2025-04-29,299.1,10.08,15.79,23.42,0.909,23.59
A0891,2025-04-30,299.1,12.36,21.17,32.97,0.909,33.24
A0891,2025-05-01,299.1,9.75,15.73,23.73,0.909,23.91
A0891,2025-05-02,299.1,12.94,20.69,31.07,0.909,31.31
A0891,2025-05-03,299.1,13.39,21.2,31.66,0.909,31.9
A0891,2025-05-04,299.1,9.84,17.06,26.73,0.909,26.95
A0891,2025-05-05,299.1,9.96,15.5,22.92,0.909,23.09
A0891,2025-05-06,299.1,10.83,16.64,24.43,0.909,24.6
A0891,2025-05-07,299.1,10.86,16.97,25.15,0.909,25.34
A0891,2025-05-08,299.1,12.2,19.11,28.36,0.909,28.57
A0891,2025-05-09,299.1,12.69,20.32,30.54,0.909,30.77
A0891,2025-05-10,299.1,13.15,20.66,30.7,0.909,30.93
A0891,2025-05-11,299.1,8.68,14.04,21.22,0.909,21.38
A0891,2025-05-12,299.1,11.66,17.94,26.36,0.909,26.55
A0892,2025-04-29,412.6,49.34,71.38,98.83,0.909,99.45
A0892,2025-04-30,412.6,22.94,34.1,48.0,0.909,48.32
A0892,2025-05-01,412.6,18.62,27.51,38.59,0.909,38.84
A0892,2025-05-02,412.6,25.67,38.48,54.44,0.909,54.8
A0892,2025-05-03,412.6,25.41,40.0,58.16,0.909,58.57
A0892,2025-05-04,412.6,19.98,29.68,41.76,0.909,42.04
A0892,2025-05-05,412.6,18.51,26.17,35.71,0.909,35.92
A0892,2025-05-06,412.6,23.87,34.32,47.33,0.909,47.63
A0892,2025-05-07,412.6,25.26,35.33,47.87,0.909,48.16
A0892,2025-05-08,412.6,24.47,35.12,48.39,0.909,48.69
A0892,2025-05-09,412.6,26.33,37.93,52.39,0.909,52.72
A0892,2025-05-10,412.6,26.65,39.22,54.88,0.909,55.24
A0892,2025-05-11,412.6,19.63,27.86,38.1,0.909,38.33
A0892,2025-05-12,412.6,22.61,30.29,39.84,0.909,40.06
A0893,2025-04-29,411.2,21.87,31.89,45.39,0.909,45.7
A0893,2025-04-30,411.2,28.13,40.96,58.25,0.909,58.64
A0893,2025-05-01,411.2,19.86,29.05,41.43,0.909,41.71
A0893,2025-05-02,411.2,26.08,37.55,53.01,0.909,53.36
A0893,2025-05-03,411.2,27.69,39.61,55.67,0.909,56.03
A0893,2025-05-04,411.2,20.93,30.84,44.18,0.909,44.49
A0893,2025-05-05,411.2,20.38,29.49,41.77,0.909,42.05
A0893,2025-05-06,411.2,21.61,31.76,45.44,0.909,45.75
A0893,2025-05-07,411.2,21.92,31.81,45.12,0.909,45.43
A0893,2025-05-08,411.2,23.74,34.96,50.08,0.909,50.42
A0893,2025-05-09,411.2,25.65,37.05,52.41,0.909,52.76
A0893,2025-05-10,411.2,26.97,38.66,54.42,0.909,54.78
A0893,2025-05-11,411.2,17.35,25.37,36.18,0.909,36.42
A0893,2025-05-12,411.2,24.01,34.85,49.46,0.909,49.79
A0894,2025-04-29,383.0,7.55,12.35,18.83,0.909,18.97
A0894,2025-04-30,383.0,7.95,13.57,21.17,0.909,21.34
A0894,2025-05-01,383.0,7.67,12.36,18.7,0.909,18.85
A0894,2025-05-02,383.0,9.53,15.37,23.27,0.909,23.45
A0894,2025-05-03,383.0,9.82,16.15,24.7,0.909,24.9
A0894,2025-05-04,383.0,7.85,13.17,20.37,0.909,20.53
A0894,2025-05-05,383.0,5.74,9.36,14.25,0.909,14.37
A0894,2025-05-06,383.0,7.59,12.12,18.24,0.909,18.38
A0894,2025-05-07,383.0,6.6,10.83,16.55,0.909,16.68
A0894,2025-05-08,383.0,8.11,12.84,19.22,0.909,19.36
A0894,2025-05-09,383.0,8.31,13.32,20.08,0.909,20.23
A0894,2025-05-10,383.0,8.5,13.65,20.61,0.909,20.76
A0894,2025-05-11,383.0,6.0,9.63,14.54,0.909,14.65
A0894,2025-05-12,383.0,5.68,8.93,13.33,0.909,13.43
A0895,2025-04-29,422.1,14.03,22.31,31.92,0.909,32.14
A0895,2025-04-30,422.1,17.45,26.31,36.59,0.909,36.83
A0895,2025-05-01,422.1,13.56,21.42,30.55,0.909,30.76
A0895,2025-05-02,422.1,16.64,25.84,36.53,0.909,36.77
A0895,2025-05-03,422.1,17.41,27.75,39.76,0.909,40.03
A0895,2025-05-04,422.1,13.53,21.02,29.72,0.909,29.91
A0895,2025-05-05,422.1,12.23,18.53,25.84,0.909,26.0
A0895,2025-05-06,422.1,13.73,21.37,30.23,0.909,30.43
A0895,2025-05-07,422.1,13.35,21.03,29.95,0.909,30.15
A0895,2025-05-08,422.1,13.93,22.05,31.47,0.909,31.69
A0895,2025-05-09,422.1,15.23,23.69,33.5,0.909,33.73
A0895,2025-05-10,422.1,16.09,25.22,35.82,0.909,36.06
A0895,2025-05-11,422.1,11.27,17.37,24.46,0.909,24.62
A0895,2025-05-12,422.1,13.98,19.47,25.83,0.909,25.97
A0896,2025-04-29,35.7,15.1,22.26,34.15,0.909,34.42
A0896,2025-04-30,35.7,20.31,28.38,41.8,0.909,42.11
A0896,2025-05-01,35.7,11.23,18.96,31.81,0.909,32.11
A0896,2025-05-02,35.7,18.01,26.24,39.92,0.909,40.23
A0896,2025-05-03,35.7,18.19,26.41,40.06,0.909,40.38
A0896,2025-05-04,35.7,15.46,20.91,29.97,0.909,30.18
A0896,2025-05-05,35.7,15.3,23.19,36.32,0.909,36.62
A0896,2025-05-06,35.7,16.26,24.97,39.47,0.909,39.8
A0896,2025-05-07,35.7,17.19,23.96,35.23,0.909,35.48
A0896,2025-05-08,35.7,18.76,27.53,42.1,0.909,42.43
A0896,2025-05-09,35.7,20.23,28.89,43.28,0.909,43.61
A0896,2025-05-10,35.7,21.22,29.69,43.79,0.909,44.11
A0896,2025-05-11,35.7,14.58,20.1,29.28,0.909,29.49
A0896,2025-05-12,35.7,21.33,33.15,52.81,0.909,53.26
A0897,2025-04-29,321.9,12.57,20.0,28.58,0.909,28.78
A0897,2025-04-30,321.9,15.09,23.16,32.49,0.909,32.71
A0897,2025-05-01,321.9,10.47,16.84,24.22,0.909,24.38
A0897,2025-05-02,321.9,14.93,23.5,33.41,0.909,33.63
A0897,2025-05-03,321.9,61.97,87.74,117.51,0.909,118.19
A0897,2025-05-04,321.9,47.96,69.48,94.34,0.909,94.91
A0897,2025-05-05,321.9,44.69,67.98,94.9,0.909,95.51
A0897,2025-05-06,321.9,48.68,72.72,100.51,0.909,101.14
A0897,2025-05-07,321.9,10.98,18.4,26.97,0.909,27.16
A0897,2025-05-08,321.9,12.15,20.11,29.31,0.909,29.52
A0897,2025-05-09,321.9,13.36,22.09,32.18,0.909,32.41
A0897,2025-05-10,321.9,14.66,22.74,32.07,0.909,32.28
A0897,2025-05-11,321.9,9.03,14.86,21.59,0.909,21.74
A0897,2025-05-12,321.9,11.66,19.64,28.86,0.909,29.07
A0898,2025-04-29,7.1,52.5,70.25,93.29,0.556,73.45
A0898,2025-04-30,7.1,60.22,77.76,100.53,0.556,80.92
A0898,2025-05-01,7.1,48.78,65.64,87.55,0.556,68.69
A0898,2025-05-02,7.1,61.28,82.44,109.93,0.556,86.26
A0898,2025-05-03,7.1,64.6,87.5,117.24,0.556,91.63
A0898,2025-05-04,7.1,47.76,63.15,83.14,0.556,65.93
A0898,2025-05-05,7.1,49.14,65.22,86.11,0.556,68.13
A0898,2025-05-06,7.1,52.62,70.81,94.42,0.556,74.09
A0898,2025-05-07,7.1,52.52,68.78,89.91,0.556,71.72
A0898,2025-05-08,7.1,61.01,82.48,110.35,0.556,86.35
A0898,2025-05-09,7.1,62.02,83.37,111.09,0.556,87.22
A0898,2025-05-10,7.1,67.12,90.17,120.1,0.556,94.33
A0898,2025-05-11,7.1,44.34,59.09,78.25,0.556,61.75
A0898,2025-05-12,7.1,62.75,83.07,109.46,0.556,86.74
A0899,2025-04-29,417.8,43.69,61.94,87.5,0.909,88.08
A0899,2025-04-30,417.8,52.06,71.63,99.02,0.909,99.64
A0899,2025-05-01,417.8,42.62,56.61,76.2,0.909,76.64
A0899,2025-05-02,417.8,54.02,73.28,100.25,0.909,100.86
A0899,2025-05-03,417.8,55.58,76.84,106.61,0.909,107.29
A0899,2025-05-04,417.8,43.52,59.31,81.43,0.909,81.93
A0899,2025-05-05,417.8,37.08,49.4,66.65,0.909,67.04
A0899,2025-05-06,417.8,44.8,62.0,86.08,0.909,86.63
A0899,2025-05-07,417.8,46.89,65.5,91.55,0.909,92.14
A0899,2025-05-08,417.8,47.52,65.1,89.72,0.909,90.28
A0899,2025-05-09,417.8,50.96,69.62,95.74,0.909,96.34
A0899,2025-05-10,417.8,53.18,74.0,103.16,0.909,103.82
A0899,2025-05-11,417.8,36.5,50.63,70.41,0.909,70.86
A0899,2025-05-12,417.8,41.37,55.96,76.39,0.909,76.85
A0900,2025-04-29,377.8,16.92,28.15,45.07,0.909,45.45
A0900,2025-04-30,377.8,20.75,33.35,52.35,0.909,52.78
A0900,2025-05-01,377.8,14.32,23.01,36.11,0.909,36.4
A0900,2025-05-02,377.8,20.46,32.46,50.54,0.909,50.95
A0900,2025-05-03,377.8,19.76,30.17,45.85,0.909,46.21
A0900,2025-05-04,377.8,15.79,24.72,38.17,0.909,38.48
A0900,2025-05-05,377.8,18.0,28.2,43.58,0.909,43.93
A0900,2025-05-06,377.8,19.18,31.45,49.94,0.909,50.36
A0900,2025-05-07,377.8,19.7,31.07,48.21,0.909,48.6
A0900,2025-05-08,377.8,21.49,33.36,51.25,0.909,51.65
A0900,2025-05-09,377.8,23.16,36.31,56.12,0.909,56.57
A0900,2025-05-10,377.8,23.31,35.64,54.23,0.909,54.65
A0900,2025-05-11,377.8,16.47,25.6,39.36,0.909,39.67
A0900,2025-05-12,377.8,25.78,42.15,66.82,0.909,67.38
A0901,2025-04-29,4.2,10.7,31.76,65.0,0.556,36.38
A0901,2025-04-30,4.2,15.85,42.73,84.83,0.556,48.57
A0901,2025-05-01,4.2,10.74,31.46,63.93,0.556,35.97
A0901,2025-05-02,4.2,17.04,45.31,89.36,0.556,51.42
A0901,2025-05-03,4.2,18.94,49.29,97.08,0.556,55.93
A0901,2025-05-04,4.2,12.27,34.6,70.39,0.556,39.57
A0901,2025-05-05,4.2,12.14,34.33,69.7,0.556,39.24
A0901,2025-05-06,4.2,14.29,38.86,77.87,0.556,44.28
A0901,2025-05-07,4.2,15.7,41.82,82.7,0.556,47.5
A0901,2025-05-08,4.2,17.86,46.24,90.88,0.556,52.44
A0901,2025-05-09,4.2,20.0,50.87,99.08,0.556,57.56
A0901,2025-05-10,4.2,22.26,55.53,107.75,0.556,62.78
A0901,2025-05-11,4.2,11.51,32.79,66.6,0.556,37.48
A0901,2025-05-12,4.2,18.59,47.79,93.6,0.556,54.15
A0902,2025-04-29,213.2,12.29,20.11,31.04,0.909,31.29
A0902,2025-04-30,213.2,15.6,26.76,42.37,0.909,42.72
A0902,2025-05-01,213.2,11.65,19.14,29.61,0.909,29.85
A0902,2025-05-02,213.2,15.27,24.92,38.4,0.909,38.71
A0902,2025-05-03,213.2,15.61,24.97,38.06,0.909,38.35
A0902,2025-05-04,213.2,12.06,20.68,32.73,0.909,33.0
A0902,2025-05-05,213.2,30.22,42.98,60.82,0.909,61.23
A0902,2025-05-06,213.2,28.33,41.97,61.04,0.909,61.47
A0902,2025-05-07,213.2,28.3,43.7,65.24,0.909,65.73
A0902,2025-05-08,213.2,37.02,60.83,94.13,0.909,94.88
A0902,2025-05-09,213.2,39.41,65.48,101.94,0.909,102.77
A0902,2025-05-10,213.2,39.87,66.35,103.38,0.909,104.22
A0902,2025-05-11,213.2,27.06,44.57,69.04,0.909,69.6
A0902,2025-05-12,213.2,38.12,59.54,89.5,0.909,90.18
A0903,2025-04-29,7.7,139.2,180.43,229.21,0.556,187.2
A0903,2025-04-30,7.7,178.54,226.61,283.5,0.556,234.52
A0903,2025-05-01,7.7,122.6,155.65,194.76,0.556,161.08
A0903,2025-05-02,7.7,162.42,213.23,273.34,0.556,221.57
A0903,2025-05-03,7.7,173.72,223.53,282.47,0.556,231.72
A0903,2025-05-04,7.7,132.29,170.09,214.81,0.556,176.3
A0903,2025-05-05,7.7,129.21,164.25,205.72,0.556,170.01
A0903,2025-05-06,7.7,138.88,179.29,227.1,0.556,185.93
A0903,2025-05-07,7.7,148.28,195.03,250.35,0.556,202.72
A0903,2025-05-08,7.7,157.81,205.02,260.89,0.556,212.78
A0903,2025-05-09,7.7,164.9,216.09,276.67,0.556,224.51
A0903,2025-05-10,7.7,178.21,229.31,289.77,0.556,237.71
A0903,2025-05-11,7.7,112.35,148.87,192.09,0.556,154.88
A0903,2025-05-12,7.7,157.0,203.52,258.56,0.556,211.16
A0904,2025-04-29,4.7,67.65,102.73,150.09,0.556,109.31
A0904,2025-04-30,4.7,80.86,118.07,168.29,0.556,125.04
A0904,2025-05-01,4.7,63.05,101.19,152.66,0.556,108.34
A0904,2025-05-02,4.7,13.12,22.31,34.71,0.556,24.03
A0904,2025-05-03,4.7,15.92,25.8,39.14,0.556,27.65
A0904,2025-05-04,4.7,10.06,16.07,24.19,0.556,17.2
A0904,2025-05-05,4.7,12.08,19.99,30.66,0.556,21.47
A0904,2025-05-06,4.7,12.13,19.72,29.96,0.556,21.14
A0904,2025-05-07,4.7,13.44,20.95,31.08,0.556,22.35
A0904,2025-05-08,4.7,15.09,23.98,35.97,0.556,25.64
A0904,2025-05-09,4.7,15.06,24.19,36.52,0.556,25.9
A0904,2025-05-10,4.7,17.95,27.54,40.47,0.556,29.33
A0904,2025-05-11,4.7,10.2,16.2,24.29,0.556,17.32
A0904,2025-05-12,4.7,65.9,95.14,134.61,0.556,100.62
A0905,2025-04-29,27.9,7.6,23.19,49.29,0.909,49.88
A0905,2025-04-30,27.9,10.82,29.89,61.28,0.909,61.99
A0905,2025-05-01,27.9,5.74,19.19,41.95,0.909,42.47
A0905,2025-05-02,27.9,10.69,29.6,61.37,0.909,62.09
A0905,2025-05-03,27.9,10.46,29.2,60.77,0.909,61.49
A0905,2025-05-04,27.9,7.35,22.55,48.04,0.909,48.62
A0905,2025-05-05,27.9,9.11,25.79,54.64,0.909,55.3
A0905,2025-05-06,27.9,9.79,27.57,57.53,0.909,58.21
A0905,2025-05-07,27.9,10.61,29.27,60.1,0.909,60.8
A0905,2025-05-08,27.9,12.53,32.8,67.09,0.909,67.87
A0905,2025-05-09,27.9,13.47,35.02,70.97,0.909,71.78
A0905,2025-05-10,27.9,14.07,36.05,73.5,0.909,74.35
A0905,2025-05-11,27.9,8.14,23.72,50.37,0.909,50.97
A0905,2025-05-12,27.9,16.44,39.94,81.0,0.909,81.93
A0906,2025-04-29,212.5,12.5,19.52,27.05,0.909,27.22
A0906,2025-04-30,212.5,16.41,25.8,35.86,0.909,36.09
A0906,2025-05-01,212.5,11.62,18.23,25.31,0.909,25.47
A0906,2025-05-02,212.5,15.72,24.11,33.09,0.909,33.3
A0906,2025-05-03,212.5,16.6,25.16,34.33,0.909,34.54
A0906,2025-05-04,212.5,11.97,19.43,27.42,0.909,27.6
A0906,2025-05-05,212.5,11.46,18.25,25.52,0.909,25.69
A0906,2025-05-06,212.5,13.06,20.42,28.31,0.909,28.49
A0906,2025-05-07,212.5,13.42,20.69,28.48,0.909,28.66
A0906,2025-05-08,212.5,13.98,22.27,31.16,0.909,31.37
A0906,2025-05-09,212.5,15.6,23.94,32.89,0.909,33.09
A0906,2025-05-10,212.5,16.57,24.87,33.76,0.909,33.96
A0906,2025-05-11,212.5,10.02,16.02,22.45,0.909,22.59
A0906,2025-05-12,212.5,15.4,24.36,33.96,0.909,34.18
A0907,2025-04-29,325.7,45.3,64.14,84.86,0.909,85.33
A0907,2025-04-30,325.7,55.52,76.69,99.96,0.909,100.49
A0907,2025-05-01,325.7,37.69,52.93,69.7,0.909,70.08
A0907,2025-05-02,325.7,53.52,77.26,103.36,0.909,103.96
A0907,2025-05-03,325.7,53.93,75.23,98.65,0.909,99.18
A0907,2025-05-04,325.7,41.29,57.82,75.99,0.909,76.41
A0907,2025-05-05,325.7,40.8,57.33,75.51,0.909,75.92
A0907,2025-05-06,325.7,45.41,64.15,84.75,0.909,85.22
A0907,2025-05-07,325.7,45.6,64.48,85.24,0.909,85.71
A0907,2025-05-08,325.7,49.72,70.63,93.62,0.909,94.15
A0907,2025-05-09,325.7,54.28,78.03,104.14,0.909,104.73
A0907,2025-05-10,325.7,55.59,76.95,100.45,0.909,100.98
A0907,2025-05-11,325.7,35.78,50.79,67.3,0.909,67.67
A0907,2025-05-12,325.7,51.72,72.97,96.34,0.909,96.87
A0908,2025-04-29,3.4,68.34,98.28,129.53,0.556,102.62
A0908,2025-04-30,3.4,89.78,127.34,166.56,0.556,132.79
A0908,2025-05-01,3.4,62.97,88.72,115.58,0.556,92.45
A0908,2025-05-02,3.4,88.95,124.84,162.3,0.556,130.04
A0908,2025-05-03,3.4,95.03,135.41,177.57,0.556,141.27
A0908,2025-05-04,3.4,65.67,93.72,123.01,0.556,97.79
A0908,2025-05-05,3.4,62.99,88.4,114.93,0.556,92.09
A0908,2025-05-06,3.4,68.39,98.63,130.19,0.556,103.01
A0908,2025-05-07,3.4,72.53,100.36,129.42,0.556,104.4
A0908,2025-05-08,3.4,76.64,106.83,138.34,0.556,111.21
A0908,2025-05-09,3.4,86.85,122.03,158.74,0.556,127.13
A0908,2025-05-10,3.4,93.07,131.66,171.94,0.556,137.26
A0908,2025-05-11,3.4,53.01,74.83,97.61,0.556,77.99
A0908,2025-05-12,3.4,75.45,104.17,134.14,0.556,108.33
A0909,2025-04-29,2.9,129.79,159.01,191.76,0.556,163.56
A0909,2025-04-30,2.9,160.02,185.64,214.36,0.556,189.63
A0909,2025-05-01,2.9,115.41,141.93,171.64,0.556,146.05
A0909,2025-05-02,2.9,161.93,193.17,228.19,0.556,198.03
A0909,2025-05-03,2.9,166.39,202.32,242.6,0.556,207.92
A0909,2025-05-04,2.9,121.87,143.15,167.0,0.556,146.46
A0909,2025-05-05,2.9,122.95,148.28,176.66,0.556,152.22
A0909,2025-05-06,2.9,134.34,163.52,196.23,0.556,168.06
A0909,2025-05-07,2.9,138.86,161.51,186.89,0.556,165.03
A0909,2025-05-08,2.9,150.49,177.33,207.42,0.556,181.51
A0909,2025-05-09,2.9,163.52,192.05,224.02,0.556,196.49
A0909,2025-05-10,2.9,168.4,198.64,232.53,0.556,203.35
A0909,2025-05-11,2.9,103.38,121.87,142.59,0.556,124.75
A0909,2025-05-12,2.9,147.0,170.34,196.5,0.556,173.97
A0910,2025-04-29,32.4,4.67,16.93,36.85,0.909,37.3
A0910,2025-04-30,32.4,7.14,22.13,45.89,0.909,46.43
A0910,2025-05-01,32.4,3.45,14.31,31.99,0.909,32.4
A0910,2025-05-02,32.4,6.95,21.85,45.65,0.909,46.2
A0910,2025-05-03,32.4,13.62,36.45,73.05,0.909,73.88
A0910,2025-05-04,32.4,10.92,30.04,61.45,0.909,62.16
A0910,2025-05-05,32.4,11.43,30.82,62.94,0.909,63.67
A0910,2025-05-06,32.4,12.56,33.88,68.83,0.909,69.63
A0910,2025-05-07,32.4,12.9,34.74,69.84,0.909,70.64
A0910,2025-05-08,32.4,15.55,39.73,79.45,0.909,80.36
A0910,2025-05-09,32.4,7.2,22.57,46.88,0.909,47.43
A0910,2025-05-10,32.4,7.74,23.62,48.85,0.909,49.42
A0910,2025-05-11,32.4,4.28,16.02,35.02,0.909,35.45
A0910,2025-05-12,32.4,9.52,26.8,54.72,0.909,55.35
A0911,2025-04-29,412.0,12.15,20.64,30.82,0.909,31.05
A0911,2025-04-30,412.0,14.78,27.41,42.55,0.909,42.9
A0911,2025-05-01,412.0,11.46,18.28,26.46,0.909,26.64
A0911,2025-05-02,412.0,14.59,25.27,38.07,0.909,38.36
A0911,2025-05-03,412.0,15.24,24.87,36.41,0.909,36.67
A0911,2025-05-04,412.0,11.25,21.89,34.64,0.909,34.93
A0911,2025-05-05,412.0,12.54,19.58,28.02,0.909,28.21
A0911,2025-05-06,412.0,13.12,21.65,31.88,0.909,32.11
A0911,2025-05-07,412.0,13.2,20.75,29.79,0.909,30.0
A0911,2025-05-08,412.0,14.56,23.11,33.35,0.909,33.59
A0911,2025-05-09,412.0,14.75,25.37,38.09,0.909,38.38
A0911,2025-05-10,412.0,15.68,25.17,36.55,0.909,36.81
A0911,2025-05-11,412.0,10.61,17.51,25.79,0.909,25.97
A0911,2025-05-12,412.0,15.52,24.02,34.21,0.909,34.45
A0912,2025-04-29,4.2,19.81,30.09,42.96,0.556,31.88
A0912,2025-04-30,4.2,25.0,38.03,54.35,0.556,40.29
A0912,2025-05-01,4.2,16.77,26.71,39.15,0.556,28.44
A0912,2025-05-02,4.2,22.31,34.1,48.87,0.556,36.15
A0912,2025-05-03,4.2,24.8,37.93,54.37,0.556,40.21
A0912,2025-05-04,4.2,21.74,32.59,46.17,0.556,34.48
A0912,2025-05-05,4.2,20.91,31.79,45.41,0.556,33.68
A0912,2025-05-06,4.2,22.29,33.13,46.71,0.556,35.02
A0912,2025-05-07,4.2,22.55,33.92,48.16,0.556,35.9
A0912,2025-05-08,4.2,23.36,35.28,50.21,0.556,37.35
A0912,2025-05-09,4.2,25.99,38.78,54.8,0.556,41.01
A0912,2025-05-10,4.2,28.67,43.11,61.21,0.556,45.63
A0912,2025-05-11,4.2,13.24,21.45,31.74,0.556,22.88
A0912,2025-05-12,4.2,19.19,29.94,43.4,0.556,31.81
A0913,2025-04-29,4.5,22.17,33.77,46.36,0.556,35.52
A0913,2025-04-30,4.5,26.32,41.98,58.96,0.556,44.34
A0913,2025-05-01,4.5,19.0,31.16,44.36,0.556,33.0
A0913,2025-05-02,4.5,26.75,40.64,55.71,0.556,42.74
A0913,2025-05-03,4.5,26.59,41.6,57.9,0.556,43.87
A0913,2025-05-04,4.5,19.71,30.71,42.64,0.556,32.37
A0913,2025-05-05,4.5,23.13,35.38,48.66,0.556,37.22
A0913,2025-05-06,4.5,25.18,36.79,49.39,0.556,38.54
A0913,2025-05-07,4.5,24.74,38.28,52.97,0.556,40.32
A0913,2025-05-08,4.5,25.05,38.15,52.35,0.556,40.12
A0913,2025-05-09,4.5,29.34,43.29,58.43,0.556,45.39
A0913,2025-05-10,4.5,29.02,44.01,60.29,0.556,46.27
A0913,2025-05-11,4.5,18.01,27.72,38.25,0.556,29.18
A0913,2025-05-12,4.5,17.82,30.1,43.42,0.556,31.95
A0914,2025-04-29,5.1,26.34,36.24,51.9,0.556,38.42
A0914,2025-04-30,5.1,33.03,43.17,59.22,0.556,45.4
A0914,2025-05-01,5.1,25.16,36.76,55.12,0.556,39.31
A0914,2025-05-02,5.1,34.24,46.62,66.21,0.556,49.34
A0914,2025-05-03,5.1,35.51,48.69,69.54,0.556,51.59
A0914,2025-05-04,5.1,24.31,32.88,46.46,0.556,34.77
A0914,2025-05-05,5.1,26.41,37.17,54.2,0.556,39.54
A0914,2025-05-06,5.1,28.13,38.58,55.1,0.556,40.87
A0914,2025-05-07,5.1,30.71,39.89,54.41,0.556,41.91
A0914,2025-05-08,5.1,33.04,44.57,62.81,0.556,47.1
A0914,2025-05-09,5.1,35.07,47.29,66.64,0.556,49.98
A0914,2025-05-10,5.1,37.9,50.43,70.25,0.556,53.18
A0914,2025-05-11,5.1,22.64,30.8,43.73,0.556,32.6
A0914,2025-05-12,5.1,33.21,44.36,62.0,0.556,46.81
A0915,2025-04-29,2.9,28.35,40.4,55.63,0.556,42.52
A0915,2025-04-30,2.9,36.57,49.75,66.4,0.556,52.06
A0915,2025-05-01,2.9,26.21,37.87,52.6,0.556,39.92
A0915,2025-05-02,2.9,36.39,51.58,70.78,0.556,54.25
A0915,2025-05-03,2.9,37.15,54.01,75.32,0.556,56.97
A0915,2025-05-04,2.9,26.16,35.96,48.35,0.556,37.68
A0915,2025-05-05,2.9,27.61,38.74,52.81,0.556,40.7
A0915,2025-05-06,2.9,28.67,41.09,56.79,0.556,43.27
A0915,2025-05-07,2.9,29.78,40.78,54.68,0.556,42.71
A0915,2025-05-08,2.9,31.62,44.81,61.49,0.556,47.13
A0915,2025-05-09,2.9,36.26,51.03,69.69,0.556,53.62
A0915,2025-05-10,2.9,37.57,53.3,73.18,0.556,56.06
A0915,2025-05-11,2.9,22.83,31.31,42.03,0.556,32.8
A0915,2025-05-12,2.9,33.38,45.85,61.61,0.556,48.04
A0916,2025-04-29,312.7,14.64,23.28,33.34,0.909,33.56
A0916,2025-04-30,312.7,19.38,30.82,44.14,0.909,44.44
A0916,2025-05-01,312.7,12.63,20.14,28.89,0.909,29.09
A0916,2025-05-02,312.7,18.08,29.29,42.32,0.909,42.62
A0916,2025-05-03,312.7,32.8,52.28,74.96,0.909,75.47
A0916,2025-05-04,312.7,24.06,39.52,57.51,0.909,57.92
A0916,2025-05-05,312.7,21.96,37.09,54.69,0.909,55.09
A0916,2025-05-06,312.7,11.56,20.22,30.3,0.909,30.53
A0916,2025-05-07,312.7,12.9,22.0,32.59,0.909,32.83
A0916,2025-05-08,312.7,14.12,23.58,34.59,0.909,34.84
A0916,2025-05-09,312.7,16.47,27.66,40.68,0.909,40.97
A0916,2025-05-10,312.7,17.83,29.22,42.49,0.909,42.79
A0916,2025-05-11,312.7,10.98,18.54,27.34,0.909,27.54
A0916,2025-05-12,312.7,15.05,25.73,38.17,0.909,38.45
A0917,2025-04-29,425.7,9.01,15.24,21.92,0.909,22.07
A0917,2025-04-30,425.7,10.07,16.46,23.29,0.909,23.45
A0917,2025-05-01,425.7,36.5,53.1,70.88,0.909,71.28
A0917,2025-05-02,425.7,51.58,73.02,95.97,0.909,96.49
A0917,2025-05-03,425.7,50.79,72.29,95.3,0.909,95.82
A0917,2025-05-04,425.7,6.45,11.46,16.84,0.909,16.96
A0917,2025-05-05,425.7,6.97,12.54,18.5,0.909,18.64
A0917,2025-05-06,425.7,8.17,14.41,21.08,0.909,21.24
A0917,2025-05-07,425.7,8.83,14.52,20.61,0.909,20.75
A0917,2025-05-08,425.7,9.83,16.25,23.12,0.909,23.27
A0917,2025-05-09,425.7,10.05,16.91,24.25,0.909,24.42
A0917,2025-05-10,425.7,10.79,17.57,24.82,0.909,24.99
A0917,2025-05-11,425.7,6.92,11.48,16.36,0.909,16.47
A0917,2025-05-12,425.7,25.97,40.35,55.75,0.909,56.1
A0918,2025-04-29,200.7,22.63,32.67,45.43,0.909,45.72
A0918,2025-04-30,200.7,38.89,55.9,77.52,0.909,78.01
A0918,2025-05-01,200.7,26.2,37.74,52.43,0.909,52.76
A0918,2025-05-02,200.7,38.29,55.51,77.4,0.909,77.9
A0918,2025-05-03,200.7,38.79,56.67,79.41,0.909,79.93
A0918,2025-05-04,200.7,27.08,39.85,56.09,0.909,56.46
A0918,2025-05-05,200.7,26.16,38.16,53.41,0.909,53.76
A0918,2025-05-06,200.7,19.57,29.6,42.36,0.909,42.65
A0918,2025-05-07,200.7,21.71,32.33,45.84,0.909,46.14
A0918,2025-05-08,200.7,24.45,36.03,50.76,0.909,51.09
A0918,2025-05-09,200.7,27.08,39.45,55.19,0.909,55.55
A0918,2025-05-10,200.7,28.47,41.32,57.67,0.909,58.04
A0918,2025-05-11,200.7,17.26,25.4,35.76,0.909,36.0
A0918,2025-05-12,200.7,25.41,36.84,51.38,0.909,51.71
A0919,2025-04-29,376.9,21.2,31.2,44.72,0.909,45.03
A0919,2025-04-30,376.9,25.1,36.34,51.55,0.909,51.9
A0919,2025-05-01,376.9,18.82,26.71,37.38,0.909,37.62
A0919,2025-05-02,376.9,25.99,36.41,50.51,0.909,50.83
A0919,2025-05-03,376.9,27.78,39.69,55.79,0.909,56.15
A0919,2025-05-04,376.9,19.53,28.12,39.74,0.909,40.0
A0919,2025-05-05,376.9,17.28,24.88,35.17,0.909,35.4
A0919,2025-05-06,376.9,20.79,30.74,44.2,0.909,44.5
A0919,2025-05-07,376.9,22.81,31.5,43.26,0.909,43.53
A0919,2025-05-08,376.9,24.22,33.3,45.59,0.909,45.87
A0919,2025-05-09,376.9,25.25,35.07,48.36,0.909,48.66
A0919,2025-05-10,376.9,28.66,39.23,53.53,0.909,53.85
A0919,2025-05-11,376.9,17.92,24.7,33.87,0.909,34.08
A0919,2025-05-12,376.9,18.27,26.29,37.13,0.909,37.37
A0920,2025-04-29,2.6,24.12,61.45,133.13,0.556,71.4
A0920,2025-04-30,2.6,30.58,75.39,163.56,0.556,87.64
A0920,2025-05-01,2.6,24.84,63.7,138.05,0.556,74.03
A0920,2025-05-02,2.6,8.33,27.31,59.98,0.556,31.85
A0920,2025-05-03,2.6,11.39,34.14,72.81,0.556,39.51
A0920,2025-05-04,2.6,6.83,23.85,52.43,0.556,27.82
A0920,2025-05-05,2.6,8.06,26.49,56.88,0.556,30.71
A0920,2025-05-06,2.6,45.28,106.41,214.87,0.556,121.48
A0920,2025-05-07,2.6,48.95,114.0,228.88,0.556,129.95
A0920,2025-05-08,2.6,57.8,132.02,265.86,0.556,150.61
A0920,2025-05-09,2.6,16.79,45.89,92.65,0.556,52.38
A0920,2025-05-10,2.6,19.92,52.58,104.89,0.556,59.85
A0920,2025-05-11,2.6,8.96,28.32,59.38,0.556,32.64
A0920,2025-05-12,2.6,17.3,46.73,93.54,0.556,53.23
A0921,2025-04-29,322.7,33.94,48.36,69.22,0.909,69.69
A0921,2025-04-30,322.7,40.58,59.56,87.01,0.909,87.63
A0921,2025-05-01,322.7,29.63,41.79,59.38,0.909,59.78
A0921,2025-05-02,322.7,43.64,62.38,89.48,0.909,90.09
A0921,2025-05-03,322.7,39.12,53.22,73.6,0.909,74.06
A0921,2025-05-04,322.7,31.22,44.78,64.38,0.909,64.83
A0921,2025-05-05,322.7,36.33,50.75,71.59,0.909,72.07
A0921,2025-05-06,322.7,38.44,54.83,78.51,0.909,79.04
A0921,2025-05-07,322.7,38.2,53.08,74.59,0.909,75.08
A0921,2025-05-08,322.7,42.92,59.85,84.31,0.909,84.87
A0921,2025-05-09,322.7,47.45,68.21,98.22,0.909,98.9
A0921,2025-05-10,322.7,44.35,60.96,84.96,0.909,85.51
A0921,2025-05-11,322.7,31.61,44.43,62.96,0.909,63.38
A0921,2025-05-12,322.7,51.86,76.65,112.48,0.909,113.29
A0922,2025-04-29,378.5,30.18,41.65,58.65,0.909,59.04
A0922,2025-04-30,378.5,38.27,52.99,74.83,0.909,75.32
A0922,2025-05-01,378.5,25.79,34.46,47.31,0.909,47.6
A0922,2025-05-02,378.5,34.33,47.06,65.93,0.909,66.36
A0922,2025-05-03,378.5,35.04,47.75,66.61,0.909,67.04
A0922,2025-05-04,378.5,27.54,38.99,55.97,0.909,56.35
A0922,2025-05-05,378.5,25.9,34.79,47.99,0.909,48.29
A0922,2025-05-06,378.5,29.41,40.37,56.62,0.909,56.98
A0922,2025-05-07,378.5,30.27,41.81,58.93,0.909,59.32
A0922,2025-05-08,378.5,31.11,42.61,59.66,0.909,60.05
A0922,2025-05-09,378.5,34.31,47.34,66.65,0.909,67.09
A0922,2025-05-10,378.5,35.72,49.33,69.51,0.909,69.97
A0922,2025-05-11,378.5,23.0,32.08,45.55,0.909,45.86
A0922,2025-05-12,378.5,32.06,43.11,59.5,0.909,59.87
A0923,2025-04-29,5.8,8.77,14.17,20.03,0.556,14.99
A0923,2025-04-30,5.8,12.43,18.62,25.34,0.556,19.56
A0923,2025-05-01,5.8,8.73,14.09,19.89,0.556,14.89
A0923,2025-05-02,5.8,11.3,17.6,24.43,0.556,18.55
A0923,2025-05-03,5.8,12.31,19.01,26.28,0.556,20.02
A0923,2025-05-04,5.8,9.01,13.58,18.54,0.556,14.27
A0923,2025-05-05,5.8,8.85,14.3,20.21,0.556,15.12
A0923,2025-05-06,5.8,8.54,13.76,19.42,0.556,14.55
A0923,2025-05-07,5.8,9.39,15.12,21.34,0.556,15.98
A0923,2025-05-08,5.8,10.49,16.73,23.51,0.556,17.68
A0923,2025-05-09,5.8,10.99,17.44,24.45,0.556,18.42
A0923,2025-05-10,5.8,12.2,19.33,27.06,0.556,20.4
A0923,2025-05-11,5.8,6.92,11.09,15.61,0.556,11.71
A0923,2025-05-12,5.8,10.78,16.95,23.63,0.556,17.88
A0924,2025-04-29,428.2,23.21,31.99,44.96,0.909,45.26
A0924,2025-04-30,428.2,28.92,39.2,54.4,0.909,54.74
A0924,2025-05-01,428.2,20.39,29.27,42.39,0.909,42.69
A0924,2025-05-02,428.2,28.05,39.2,55.69,0.909,56.07
A0924,2025-05-03,428.2,26.74,36.31,50.47,0.909,50.79
A0924,2025-05-04,428.2,21.66,29.33,40.68,0.909,40.94
A0924,2025-05-05,428.2,24.54,34.9,50.23,0.909,50.57
A0924,2025-05-06,428.2,25.75,35.44,49.76,0.909,50.08
A0924,2025-05-07,428.2,26.25,35.59,49.4,0.909,49.72
A0924,2025-05-08,428.2,28.81,39.03,54.14,0.909,54.48
A0924,2025-05-09,428.2,30.88,42.98,60.87,0.909,61.28
A0924,2025-05-10,428.2,30.35,41.03,56.83,0.909,57.19
A0924,2025-05-11,428.2,21.1,28.92,40.47,0.909,40.73
A0924,2025-05-12,428.2,34.19,48.44,69.5,0.909,69.98
A0925,2025-04-29,35.1,13.11,21.35,30.0,0.909,30.19
A0925,2025-04-30,35.1,15.17,23.88,33.01,0.909,33.22
A0925,2025-05-01,35.1,10.35,17.79,25.6,0.909,25.78
A0925,2025-05-02,35.1,15.88,24.25,33.02,0.909,33.22
A0925,2025-05-03,35.1,17.92,27.76,38.08,0.909,38.31
A0925,2025-05-04,35.1,10.7,17.35,24.32,0.909,24.48
A0925,2025-05-05,35.1,14.78,23.47,32.58,0.909,32.78
A0925,2025-05-06,35.1,16.11,24.76,33.83,0.909,34.04
A0925,2025-05-07,35.1,16.48,24.99,33.93,0.909,34.13
A0925,2025-05-08,35.1,138.31,220.03,305.73,0.909,307.67
A0925,2025-05-09,35.1,147.1,231.55,320.1,0.909,322.12
A0925,2025-05-10,35.1,156.33,259.64,367.98,0.909,370.44
A0925,2025-05-11,35.1,9.42,16.23,23.37,0.909,23.54
A0925,2025-05-12,35.1,71.01,107.5,145.78,0.909,146.65
A0926,2025-04-29,11.1,66.02,90.1,114.36,0.909,114.91
A0926,2025-04-30,11.1,82.25,110.16,138.27,0.909,138.91
A0926,2025-05-01,11.1,137.59,182.34,227.45,0.909,228.47
A0926,2025-05-02,11.1,187.41,257.07,327.26,0.909,328.85
A0926,2025-05-03,11.1,196.39,274.89,354.0,0.909,355.8
A0926,2025-05-04,11.1,150.67,206.1,261.97,0.909,263.24
A0926,2025-05-05,11.1,143.51,191.51,239.88,0.909,240.98
A0926,2025-05-06,11.1,57.49,81.49,105.67,0.909,106.22
A0926,2025-05-07,11.1,61.81,85.47,109.3,0.909,109.85
A0926,2025-05-08,11.1,67.7,92.77,118.04,0.909,118.62
A0926,2025-05-09,11.1,75.03,102.45,130.07,0.909,130.7
A0926,2025-05-10,11.1,81.94,112.79,143.88,0.909,144.59
A0926,2025-05-11,11.1,50.94,69.98,89.17,0.909,89.61
A0926,2025-05-12,11.1,71.52,96.66,121.99,0.909,122.57
A0927,2025-04-29,3.2,61.93,87.14,116.83,0.556,91.26
A0927,2025-04-30,3.2,77.35,110.71,150.01,0.556,116.17
A0927,2025-05-01,3.2,53.87,76.08,102.24,0.556,79.71
A0927,2025-05-02,3.2,77.34,110.52,149.6,0.556,115.95
A0927,2025-05-03,3.2,83.48,119.37,161.65,0.556,125.24
A0927,2025-05-04,3.2,58.37,84.27,114.78,0.556,88.51
A0927,2025-05-05,3.2,58.16,80.97,107.84,0.556,84.7
A0927,2025-05-06,3.2,63.54,88.73,118.39,0.556,92.85
A0927,2025-05-07,3.2,66.35,93.88,126.3,0.556,98.38
A0927,2025-05-08,3.2,71.03,100.68,135.61,0.556,105.54
A0927,2025-05-09,3.2,78.51,111.71,150.82,0.556,117.14
A0927,2025-05-10,3.2,84.02,119.96,162.31,0.556,125.85
A0927,2025-05-11,3.2,49.93,71.69,97.32,0.556,75.25
A0927,2025-05-12,3.2,70.14,99.72,134.58,0.556,104.56
A0928,2025-04-29,181.3,3.5,8.39,14.72,0.909,14.87
A0928,2025-04-30,181.3,4.5,11.64,20.9,0.909,21.11
A0928,2025-05-01,181.3,2.3,6.55,12.06,0.909,12.18
A0928,2025-05-02,181.3,4.34,10.33,18.1,0.909,18.28
A0928,2025-05-03,181.3,5.29,12.02,20.75,0.909,20.94
A0928,2025-05-04,181.3,4.19,8.48,14.04,0.909,14.17
A0928,2025-05-05,181.3,2.63,6.81,12.22,0.909,12.35
A0928,2025-05-06,181.3,2.47,7.41,13.82,0.909,13.97
A0928,2025-05-07,181.3,3.2,8.38,15.1,0.909,15.25
A0928,2025-05-08,181.3,3.55,9.43,17.07,0.909,17.24
A0928,2025-05-09,181.3,3.69,9.68,17.45,0.909,17.62
A0928,2025-05-10,181.3,4.76,11.44,20.11,0.909,20.31
A0928,2025-05-11,181.3,2.88,6.21,10.53,0.909,10.63
A0928,2025-05-12,181.3,2.76,8.25,15.38,0.909,15.54
A0929,2025-04-29,3.1,190.63,258.17,351.53,0.556,271.13
A0929,2025-04-30,3.1,257.42,355.53,491.17,0.556,374.37
A0929,2025-05-01,3.1,167.72,230.31,316.85,0.556,242.33
A0929,2025-05-02,3.1,231.23,315.28,431.47,0.556,331.42
A0929,2025-05-03,3.1,252.68,343.05,467.98,0.556,360.4
A0929,2025-05-04,3.1,241.56,343.4,484.19,0.556,362.96
A0929,2025-05-05,3.1,217.21,304.64,425.52,0.556,321.43
A0929,2025-05-06,3.1,224.0,309.78,428.36,0.556,326.25
A0929,2025-05-07,3.1,235.98,327.12,453.11,0.556,344.62
A0929,2025-05-08,3.1,251.72,348.22,481.63,0.556,366.75
A0929,2025-05-09,3.1,213.23,297.26,413.42,0.556,313.39
A0929,2025-05-10,3.1,239.15,329.91,455.38,0.556,347.33
A0929,2025-05-11,3.1,142.28,202.89,286.67,0.556,214.52
A0929,2025-05-12,3.1,190.74,269.17,377.6,0.556,284.23
A0930,2025-04-29,12.9,29.18,42.78,57.52,0.909,57.86
A0930,2025-04-30,12.9,37.59,56.44,76.86,0.909,77.33
A0930,2025-05-01,12.9,26.79,41.72,57.89,0.909,58.26
A0930,2025-05-02,12.9,37.92,55.1,73.71,0.909,74.13
A0930,2025-05-03,12.9,38.38,57.26,77.72,0.909,78.19
A0930,2025-05-04,12.9,28.83,44.02,60.47,0.909,60.84
A0930,2025-05-05,12.9,27.49,42.32,58.4,0.909,58.76
A0930,2025-05-06,12.9,30.53,44.45,59.53,0.909,59.87
A0930,2025-05-07,12.9,30.92,44.27,58.72,0.909,59.05
A0930,2025-05-08,12.9,33.69,48.35,64.23,0.909,64.59
A0930,2025-05-09,12.9,150.49,218.89,293.0,0.909,294.69
A0930,2025-05-10,12.9,156.16,229.49,308.94,0.909,310.75
A0930,2025-05-11,12.9,97.1,143.12,192.98,0.909,194.12
A0930,2025-05-12,12.9,135.31,194.94,259.54,0.909,261.01
A0931,2025-04-29,11.0,130.55,190.58,258.83,0.909,260.38
A0931,2025-04-30,11.0,163.77,243.26,333.62,0.909,335.67
A0931,2025-05-01,11.0,119.03,172.93,234.19,0.909,235.59
A0931,2025-05-02,11.0,164.64,236.45,318.09,0.909,319.94
A0931,2025-05-03,11.0,178.25,257.18,346.91,0.909,348.95
A0931,2025-05-04,11.0,128.19,186.21,252.15,0.909,253.65
A0931,2025-05-05,11.0,128.39,183.4,245.93,0.909,247.36
A0931,2025-05-06,11.0,140.93,201.43,270.2,0.909,271.76
A0931,2025-05-07,11.0,149.98,211.82,282.11,0.909,283.7
A0931,2025-05-08,11.0,156.14,222.47,297.88,0.909,299.59
A0931,2025-05-09,11.0,170.06,242.24,324.3,0.909,326.16
A0931,2025-05-10,11.0,186.02,265.36,355.56,0.909,357.61
A0931,2025-05-11,11.0,111.12,156.96,209.07,0.909,210.26
A0931,2025-05-12,11.0,157.52,225.48,302.73,0.909,304.49
A0932,2025-04-29,331.1,20.94,31.14,43.2,0.909,43.48
A0932,2025-04-30,331.1,25.77,37.08,50.45,0.909,50.76
A0932,2025-05-01,331.1,18.3,25.77,34.61,0.909,34.81
A0932,2025-05-02,331.1,24.62,35.89,49.2,0.909,49.5
A0932,2025-05-03,331.1,25.41,37.6,52.0,0.909,52.33
A0932,2025-05-04,331.1,19.3,27.99,38.28,0.909,38.51
A0932,2025-05-05,331.1,16.87,23.83,32.05,0.909,32.24
A0932,2025-05-06,331.1,19.08,28.59,39.82,0.909,40.07
A0932,2025-05-07,331.1,20.41,30.87,43.25,0.909,43.53
A0932,2025-05-08,331.1,20.23,30.28,42.17,0.909,42.44
A0932,2025-05-09,331.1,22.75,33.83,46.93,0.909,47.22
A0932,2025-05-10,331.1,23.91,36.13,50.57,0.909,50.9
A0932,2025-05-11,331.1,15.88,23.55,32.61,0.909,32.82
A0932,2025-05-12,331.1,18.61,26.94,36.78,0.909,37.0
A0933,2025-04-29,173.7,9.17,14.14,20.69,0.909,20.84
A0933,2025-04-30,173.7,12.28,19.96,30.09,0.909,30.32
A0933,2025-05-01,173.7,8.07,13.33,20.27,0.909,20.43
A0933,2025-05-02,173.7,11.49,17.69,25.86,0.909,26.05
A0933,2025-05-03,173.7,11.77,18.78,28.01,0.909,28.22
A0933,2025-05-04,173.7,8.93,14.38,21.58,0.909,21.74
A0933,2025-05-05,173.7,8.92,14.23,21.23,0.909,21.39
A0933,2025-05-06,173.7,9.64,14.64,21.24,0.909,21.39
A0933,2025-05-07,173.7,10.0,15.46,22.67,0.909,22.83
A0933,2025-05-08,173.7,11.12,17.46,25.81,0.909,26.0
A0933,2025-05-09,173.7,11.65,17.85,26.02,0.909,26.21
A0933,2025-05-10,173.7,12.15,19.14,28.35,0.909,28.56
A0933,2025-05-11,173.7,7.4,11.53,16.99,0.909,17.11
A0933,2025-05-12,173.7,10.85,17.09,25.31,0.909,25.5
A0934,2025-04-29,160.8,13.71,21.14,31.37,0.909,31.6
A0934,2025-04-30,160.8,17.59,28.54,43.6,0.909,43.94
A0934,2025-05-01,160.8,12.81,19.61,28.97,0.909,29.18
A0934,2025-05-02,160.8,16.63,26.2,39.37,0.909,39.67
A0934,2025-05-03,160.8,17.86,27.55,40.89,0.909,41.19
A0934,2025-05-04,160.8,12.53,20.57,31.65,0.909,31.9
A0934,2025-05-05,160.8,12.69,19.64,29.2,0.909,29.42
A0934,2025-05-06,160.8,13.57,21.02,31.25,0.909,31.49
A0934,2025-05-07,160.8,14.59,22.44,33.24,0.909,33.49
A0934,2025-05-08,160.8,16.31,25.35,37.79,0.909,38.08
A0934,2025-05-09,160.8,16.49,26.09,39.29,0.909,39.59
A0934,2025-05-10,160.8,18.2,27.94,41.35,0.909,41.65
A0934,2025-05-11,160.8,11.04,17.15,25.56,0.909,25.76
A0934,2025-05-12,160.8,15.25,24.1,36.26,0.909,36.54
A0935,2025-04-29,417.6,15.32,22.95,31.1,0.909,31.28
A0935,2025-04-30,417.6,20.21,28.44,37.23,0.909,37.43
A0935,2025-05-01,417.6,12.71,19.41,26.57,0.909,26.73
A0935,2025-05-02,417.6,18.76,27.28,36.38,0.909,36.59
A0935,2025-05-03,417.6,18.56,26.25,34.46,0.909,34.65
A0935,2025-05-04,417.6,14.62,20.58,26.94,0.909,27.08
A0935,2025-05-05,417.6,16.03,23.13,30.71,0.909,30.88
A0935,2025-05-06,417.6,17.07,25.06,33.6,0.909,33.79
A0935,2025-05-07,417.6,17.63,24.79,32.44,0.909,32.61
A0935,2025-05-08,417.6,18.8,26.42,34.56,0.909,34.74
A0935,2025-05-09,417.6,20.36,29.41,39.08,0.909,39.3
A0935,2025-05-10,417.6,20.87,29.38,38.47,0.909,38.67
A0935,2025-05-11,417.6,13.71,19.33,25.34,0.909,25.48
A0935,2025-05-12,417.6,21.2,30.12,39.65,0.909,39.87
A0936,2025-04-29,4.7,13.32,21.21,30.5,0.556,22.5
A0936,2025-04-30,4.7,17.4,27.12,38.57,0.556,28.71
A0936,2025-05-01,4.7,10.94,16.94,24.0,0.556,17.92
A0936,2025-05-02,4.7,15.98,25.87,37.51,0.556,27.49
A0936,2025-05-03,4.7,16.75,27.14,39.39,0.556,28.84
A0936,2025-05-04,4.7,11.77,18.68,26.83,0.556,19.82
A0936,2025-05-05,4.7,11.58,18.23,26.05,0.556,19.31
A0936,2025-05-06,4.7,12.89,20.87,30.27,0.556,22.17
A0936,2025-05-07,4.7,14.18,21.96,31.13,0.556,23.24
A0936,2025-05-08,4.7,15.37,24.33,34.88,0.556,25.79
A0936,2025-05-09,4.7,16.25,26.19,37.88,0.556,27.81
A0936,2025-05-10,4.7,17.78,28.21,40.5,0.556,29.92
A0936,2025-05-11,4.7,10.04,15.82,22.63,0.556,16.77
A0936,2025-05-12,4.7,30.84,47.12,66.31,0.556,49.79
A0937,2025-04-29,297.6,7.81,13.79,21.37,0.909,21.54
A0937,2025-04-30,297.6,9.7,15.98,23.97,0.909,24.15
A0937,2025-05-01,297.6,6.57,11.89,18.64,0.909,18.79
A0937,2025-05-02,297.6,10.07,17.41,26.73,0.909,26.94
A0937,2025-05-03,297.6,9.03,15.15,22.93,0.909,23.1
A0937,2025-05-04,297.6,7.4,12.11,18.09,0.909,18.23
A0937,2025-05-05,297.6,8.28,13.59,20.34,0.909,20.49
A0937,2025-05-06,297.6,9.1,15.87,24.47,0.909,24.66
A0937,2025-05-07,297.6,9.07,15.17,22.91,0.909,23.09
A0937,2025-05-08,297.6,10.46,17.42,26.24,0.909,26.44
A0937,2025-05-09,297.6,11.31,19.09,28.97,0.909,29.19
A0937,2025-05-10,297.6,10.77,17.5,26.05,0.909,26.24
A0937,2025-05-11,297.6,7.55,12.69,19.23,0.909,19.38
A0937,2025-05-12,297.6,12.7,21.03,31.61,0.909,31.85
A0938,2025-04-29,189.6,11.41,18.97,27.51,0.909,27.7
A0938,2025-04-30,189.6,14.43,22.96,32.59,0.909,32.81
A0938,2025-05-01,189.6,12.31,20.01,28.71,0.909,28.9
A0938,2025-05-02,189.6,16.69,26.81,38.24,0.909,38.5
A0938,2025-05-03,189.6,16.81,27.09,38.68,0.909,38.94
A0938,2025-05-04,189.6,11.84,19.2,27.49,0.909,27.68
A0938,2025-05-05,189.6,13.25,22.0,31.88,0.909,32.1
A0938,2025-05-06,189.6,13.3,20.84,29.34,0.909,29.53
A0938,2025-05-07,189.6,13.73,21.6,30.48,0.909,30.68
A0938,2025-05-08,189.6,14.56,23.11,32.75,0.909,32.97
A0938,2025-05-09,189.6,16.78,26.92,38.36,0.909,38.62
A0938,2025-05-10,189.6,16.89,27.21,38.85,0.909,39.11
A0938,2025-05-11,189.6,10.98,17.83,25.56,0.909,25.74
A0938,2025-05-12,189.6,16.26,25.79,36.55,0.909,36.79
A0939,2025-04-29,7.2,81.09,147.66,208.29,0.556,156.08
A0939,2025-04-30,7.2,12.54,33.47,52.54,0.556,36.12
A0939,2025-05-01,7.2,8.77,25.6,40.94,0.556,27.73
A0939,2025-05-02,7.2,60.54,119.26,172.76,0.556,126.69
A0939,2025-05-03,7.2,63.66,106.7,145.9,0.556,112.14
A0939,2025-05-04,7.2,44.77,78.27,108.79,0.556,82.51
A0939,2025-05-05,7.2,51.12,92.6,130.39,0.556,97.85
A0939,2025-05-06,7.2,10.19,26.87,42.06,0.556,28.98
A0939,2025-05-07,7.2,10.93,33.35,53.78,0.556,36.19
A0939,2025-05-08,7.2,14.56,32.48,48.8,0.556,34.74
A0939,2025-05-09,7.2,14.78,40.5,63.93,0.556,43.76
A0939,2025-05-10,7.2,18.5,38.32,56.37,0.556,40.83
A0939,2025-05-11,7.2,10.9,26.0,39.76,0.556,27.91
A0939,2025-05-12,7.2,18.09,37.68,55.53,0.556,40.16
A0940,2025-04-29,183.5,12.56,19.33,28.84,0.909,29.06
A0940,2025-04-30,183.5,15.84,23.09,33.29,0.909,33.52
A0940,2025-05-01,183.5,11.13,17.14,25.6,0.909,25.79
A0940,2025-05-02,183.5,15.62,23.31,34.14,0.909,34.38
A0940,2025-05-03,183.5,17.61,26.33,38.58,0.909,38.86
A0940,2025-05-04,183.5,19.11,27.5,39.3,0.909,39.56
A0940,2025-05-05,183.5,21.17,31.4,45.78,0.909,46.1
A0940,2025-05-06,183.5,21.6,32.88,48.73,0.909,49.09
A0940,2025-05-07,183.5,13.27,20.08,29.65,0.909,29.86
A0940,2025-05-08,183.5,14.42,21.4,31.22,0.909,31.44
A0940,2025-05-09,183.5,14.9,22.57,33.35,0.909,33.6
A0940,2025-05-10,183.5,17.79,26.43,38.58,0.909,38.86
A0940,2025-05-11,183.5,10.32,15.1,21.83,0.909,21.98
A0940,2025-05-12,183.5,14.79,21.75,31.53,0.909,31.75
A0941,2025-04-29,164.4,10.72,16.69,23.79,0.909,23.96
A0941,2025-04-30,164.4,12.95,19.89,28.16,0.909,28.35
A0941,2025-05-01,164.4,9.36,15.3,22.38,0.909,22.54
A0941,2025-05-02,164.4,12.99,20.82,30.16,0.909,30.38
A0941,2025-05-03,164.4,14.1,22.41,32.33,0.909,32.55
A0941,2025-05-04,164.4,9.37,14.54,20.71,0.909,20.85
A0941,2025-05-05,164.4,9.14,14.51,20.92,0.909,21.07
A0941,2025-05-06,164.4,10.65,16.73,23.98,0.909,24.14
A0941,2025-05-07,164.4,10.76,16.83,24.06,0.909,24.22
A0941,2025-05-08,164.4,12.16,19.2,27.58,0.909,27.77
A0941,2025-05-09,164.4,12.9,20.58,29.74,0.909,29.95
A0941,2025-05-10,164.4,14.06,21.98,31.44,0.909,31.65
A0941,2025-05-11,164.4,8.06,12.69,18.2,0.909,18.33
A0941,2025-05-12,164.4,11.0,17.26,24.73,0.909,24.9
A0942,2025-04-29,423.7,26.45,37.27,54.3,0.909,54.68
A0942,2025-04-30,423.7,31.78,46.15,68.78,0.909,69.29
A0942,2025-05-01,423.7,23.57,34.22,50.99,0.909,51.37
A0942,2025-05-02,423.7,31.8,45.08,65.99,0.909,66.46
A0942,2025-05-03,423.7,13.86,21.35,33.14,0.909,33.41
A0942,2025-05-04,423.7,11.4,18.03,28.46,0.909,28.69
A0942,2025-05-05,423.7,13.13,20.77,32.78,0.909,33.05
A0942,2025-05-06,423.7,13.33,20.89,32.79,0.909,33.06
A0942,2025-05-07,423.7,13.69,21.72,34.35,0.909,34.64
A0942,2025-05-08,423.7,15.76,24.72,38.83,0.909,39.15
A0942,2025-05-09,423.7,17.2,26.54,41.25,0.909,41.59
A0942,2025-05-10,423.7,16.65,25.56,39.59,0.909,39.91
A0942,2025-05-11,423.7,11.67,18.28,28.69,0.909,28.93
A0942,2025-05-12,423.7,20.83,32.71,51.42,0.909,51.84
A0943,2025-04-29,383.9,11.14,15.44,22.02,0.909,22.17
A0943,2025-04-30,383.9,13.67,20.01,29.72,0.909,29.94
A0943,2025-05-01,383.9,9.95,13.93,20.02,0.909,20.16
A0943,2025-05-02,383.9,13.91,19.94,29.17,0.909,29.38
A0943,2025-05-03,383.9,13.69,19.4,28.16,0.909,28.35
A0943,2025-05-04,383.9,10.37,15.67,23.8,0.909,23.98
A0943,2025-05-05,383.9,10.67,15.4,22.65,0.909,22.81
A0943,2025-05-06,383.9,11.96,16.16,22.6,0.909,22.74
A0943,2025-05-07,383.9,12.28,17.5,25.48,0.909,25.66
A0943,2025-05-08,383.9,12.83,17.68,25.11,0.909,25.28
A0943,2025-05-09,383.9,14.2,20.12,29.19,0.909,29.4
A0943,2025-05-10,383.9,34.66,48.3,69.2,0.909,69.68
A0943,2025-05-11,383.9,23.16,33.94,50.43,0.909,50.81
A0943,2025-05-12,383.9,31.35,44.41,64.4,0.909,64.85
A0944,2025-04-29,6.3,54.88,65.65,75.79,0.556,67.06
A0944,2025-04-30,6.3,67.34,82.72,97.21,0.556,84.73
A0944,2025-05-01,6.3,46.36,56.06,65.19,0.556,57.33
A0944,2025-05-02,6.3,64.43,78.97,92.65,0.556,80.87
A0944,2025-05-03,6.3,66.47,82.1,96.83,0.556,84.15
A0944,2025-05-04,6.3,48.69,60.8,72.21,0.556,62.39
A0944,2025-05-05,6.3,193.78,217.96,240.72,0.556,221.12
A0944,2025-05-06,6.3,207.73,237.41,265.37,0.556,241.3
A0944,2025-05-07,6.3,211.26,238.38,263.92,0.556,241.93
A0944,2025-05-08,6.3,231.36,266.82,300.22,0.556,271.46
A0944,2025-05-09,6.3,250.29,289.28,326.0,0.556,294.38
A0944,2025-05-10,6.3,256.49,296.41,334.0,0.556,301.63
A0944,2025-05-11,6.3,37.07,45.63,53.69,0.556,46.75
A0944,2025-05-12,6.3,58.44,68.49,77.95,0.556,69.81
A0945,2025-04-29,359.2,26.57,37.04,50.35,0.909,50.66
A0945,2025-04-30,359.2,34.42,47.92,65.1,0.909,65.49
A0945,2025-05-01,359.2,22.12,31.69,43.88,0.909,44.15
A0945,2025-05-02,359.2,31.58,43.52,58.71,0.909,59.05
A0945,2025-05-03,359.2,32.21,44.11,59.26,0.909,59.61
A0945,2025-05-04,359.2,24.78,35.11,48.25,0.909,48.55
A0945,2025-05-05,359.2,26.19,35.74,47.89,0.909,48.17
A0945,2025-05-06,359.2,27.63,38.69,52.77,0.909,53.09
A0945,2025-05-07,359.2,28.59,39.78,54.02,0.909,54.34
A0945,2025-05-08,359.2,30.98,42.67,57.54,0.909,57.88
A0945,2025-05-09,359.2,33.5,46.18,62.31,0.909,62.68
A0945,2025-05-10,359.2,35.04,48.2,64.94,0.909,65.33
A0945,2025-05-11,359.2,22.76,32.19,44.19,0.909,44.46
A0945,2025-05-12,359.2,34.5,47.33,63.66,0.909,64.03
A0946,2025-04-29,404.6,28.18,41.31,56.49,0.909,56.84
A0946,2025-04-30,404.6,37.13,55.16,76.01,0.909,76.48
A0946,2025-05-01,404.6,22.38,32.35,43.89,0.909,44.15
A0946,2025-05-02,404.6,33.56,49.76,68.51,0.909,68.93
A0946,2025-05-03,404.6,35.15,52.05,71.6,0.909,72.05
A0946,2025-05-04,404.6,25.44,38.31,53.19,0.909,53.53
A0946,2025-05-05,404.6,26.47,37.63,50.54,0.909,50.83
A0946,2025-05-06,404.6,28.62,42.34,58.21,0.909,58.57
A0946,2025-05-07,404.6,28.78,41.77,56.79,0.909,57.14
A0946,2025-05-08,404.6,30.62,45.17,62.0,0.909,62.38
A0946,2025-05-09,404.6,34.23,50.87,70.12,0.909,70.56
A0946,2025-05-10,404.6,36.75,54.25,74.48,0.909,74.94
A0946,2025-05-11,404.6,21.86,32.09,43.93,0.909,44.2
A0946,2025-05-12,404.6,33.86,50.28,69.27,0.909,69.7
A0947,2025-04-29,192.3,9.64,14.44,21.84,0.909,22.01
A0947,2025-04-30,192.3,12.54,18.93,28.77,0.909,28.99
A0947,2025-05-01,192.3,8.64,12.72,19.01,0.909,19.15
A0947,2025-05-02,192.3,11.69,17.55,26.57,0.909,26.77
A0947,2025-05-03,192.3,12.42,18.23,27.17,0.909,27.38
A0947,2025-05-04,192.3,8.81,13.21,19.99,0.909,20.15
A0947,2025-05-05,192.3,8.74,12.88,19.27,0.909,19.41
A0947,2025-05-06,192.3,9.69,14.48,21.87,0.909,22.04
A0947,2025-05-07,192.3,10.54,15.85,24.03,0.909,24.21
A0947,2025-05-08,192.3,11.45,17.3,26.3,0.909,26.51
A0947,2025-05-09,192.3,11.82,17.71,26.78,0.909,26.99
A0947,2025-05-10,192.3,12.7,18.58,27.65,0.909,27.86
A0947,2025-05-11,192.3,7.68,11.46,17.28,0.909,17.41
A0947,2025-05-12,192.3,11.91,17.51,26.14,0.909,26.33
A0948,2025-04-29,183.3,8.29,13.43,20.6,0.909,20.77
A0948,2025-04-30,183.3,10.88,16.76,24.98,0.909,25.17
A0948,2025-05-01,183.3,7.92,12.03,17.77,0.909,17.9
A0948,2025-05-02,183.3,10.56,16.66,25.16,0.909,25.36
A0948,2025-05-03,183.3,12.01,18.49,27.52,0.909,27.72
A0948,2025-05-04,183.3,8.0,12.42,18.58,0.909,18.72
A0948,2025-05-05,183.3,8.56,12.95,19.07,0.909,19.21
A0948,2025-05-06,183.3,9.05,14.04,21.0,0.909,21.16
A0948,2025-05-07,183.3,8.78,14.33,22.08,0.909,22.26
A0948,2025-05-08,183.3,9.77,15.45,23.37,0.909,23.55
A0948,2025-05-09,183.3,10.57,16.78,25.45,0.909,25.65
A0948,2025-05-10,183.3,12.02,18.85,28.38,0.909,28.6
A0948,2025-05-11,183.3,6.85,11.01,16.82,0.909,16.96
A0948,2025-05-12,183.3,10.7,16.34,24.23,0.909,24.41
A0949,2025-04-29,28.0,9.72,16.53,27.11,0.909,27.35
A0949,2025-04-30,28.0,23.58,31.84,44.69,0.909,44.98
A0949,2025-05-01,28.0,14.83,26.29,44.12,0.909,44.52
A0949,2025-05-02,28.0,24.54,35.7,53.05,0.909,53.45
A0949,2025-05-03,28.0,23.73,34.94,52.38,0.909,52.78
A0949,2025-05-04,28.0,18.09,24.77,35.17,0.909,35.41
A0949,2025-05-05,28.0,22.83,33.93,51.18,0.909,51.58
A0949,2025-05-06,28.0,11.27,18.91,30.79,0.909,31.06
A0949,2025-05-07,28.0,12.03,18.83,29.41,0.909,29.65
A0949,2025-05-08,28.0,14.02,22.03,34.49,0.909,34.78
A0949,2025-05-09,28.0,15.19,22.57,34.06,0.909,34.32
A0949,2025-05-10,28.0,15.76,23.76,36.19,0.909,36.47
A0949,2025-05-11,28.0,10.93,16.66,25.59,0.909,25.79
A0949,2025-05-12,28.0,18.63,28.54,43.95,0.909,44.3
A0950,2025-04-29,200.5,18.72,27.62,40.19,0.909,40.48
A0950,2025-04-30,200.5,24.71,37.43,55.41,0.909,55.82
A0950,2025-05-01,200.5,17.42,24.75,35.11,0.909,35.35
A0950,2025-05-02,200.5,24.48,35.74,51.66,0.909,52.02
A0950,2025-05-03,200.5,25.71,37.33,53.76,0.909,54.13
A0950,2025-05-04,200.5,18.28,27.18,39.74,0.909,40.03
A0950,2025-05-05,200.5,17.24,24.52,34.82,0.909,35.06
A0950,2025-05-06,200.5,19.18,28.21,40.96,0.909,41.25
A0950,2025-05-07,200.5,20.08,29.42,42.62,0.909,42.92
A0950,2025-05-08,200.5,22.23,32.32,46.59,0.909,46.91
A0950,2025-05-09,200.5,24.02,35.18,50.95,0.909,51.31
A0950,2025-05-10,200.5,25.09,36.43,52.44,0.909,52.81
A0950,2025-05-11,200.5,15.27,22.13,31.82,0.909,32.04
A0950,2025-05-12,200.5,21.63,31.29,44.94,0.909,45.25
A0951,2025-04-29,5.8,20.08,31.14,44.16,0.556,32.95
A0951,2025-04-30,5.8,24.75,38.52,54.72,0.556,40.77
A0951,2025-05-01,5.8,17.39,27.86,40.19,0.556,29.57
A0951,2025-05-02,5.8,24.28,36.25,50.33,0.556,38.21
A0951,2025-05-03,5.8,27.28,41.23,57.65,0.556,43.51
A0951,2025-05-04,5.8,18.94,29.11,41.08,0.556,30.78
A0951,2025-05-05,5.8,18.68,29.18,41.53,0.556,30.89
A0951,2025-05-06,5.8,20.42,31.29,44.08,0.556,33.07
A0951,2025-05-07,5.8,21.12,32.59,46.08,0.556,34.46
A0951,2025-05-08,5.8,22.32,33.96,47.65,0.556,35.86
A0951,2025-05-09,5.8,24.15,35.98,49.9,0.556,37.92
A0951,2025-05-10,5.8,27.05,40.82,57.01,0.556,43.07
A0951,2025-05-11,5.8,15.68,24.24,34.3,0.556,25.63
A0951,2025-05-12,5.8,20.44,31.61,44.76,0.556,33.44
A0952,2025-04-29,305.3,12.55,19.44,28.06,0.909,28.25
A0952,2025-04-30,305.3,16.3,25.51,37.02,0.909,37.29
A0952,2025-05-01,305.3,10.3,16.73,24.77,0.909,24.95
A0952,2025-05-02,305.3,16.02,24.33,34.72,0.909,34.96
A0952,2025-05-03,305.3,15.58,22.96,32.18,0.909,32.39
A0952,2025-05-04,305.3,11.89,17.98,25.6,0.909,25.77
A0952,2025-05-05,305.3,13.67,20.99,30.15,0.909,30.36
A0952,2025-05-06,305.3,14.46,21.6,30.53,0.909,30.73
A0952,2025-05-07,305.3,15.36,23.61,33.94,0.909,34.17
A0952,2025-05-08,305.3,16.27,24.62,35.05,0.909,35.29
A0952,2025-05-09,305.3,18.08,27.22,38.65,0.909,38.91
A0952,2025-05-10,305.3,18.44,27.41,38.64,0.909,38.89
A0952,2025-05-11,305.3,11.93,17.9,25.38,0.909,25.55
A0952,2025-05-12,305.3,19.46,30.08,43.36,0.909,43.67
A0953,2025-04-29,295.8,18.09,24.95,32.83,0.909,33.01
A0953,2025-04-30,295.8,23.09,30.05,38.04,0.909,38.22
A0953,2025-05-01,295.8,15.8,21.63,28.34,0.909,28.49
A0953,2025-05-02,295.8,21.58,29.32,38.2,0.909,38.4
A0953,2025-05-03,295.8,20.97,28.71,37.61,0.909,37.81
A0953,2025-05-04,295.8,17.1,21.93,27.47,0.909,27.6
A0953,2025-05-05,295.8,18.42,24.75,32.02,0.909,32.19
A0953,2025-05-06,295.8,19.75,26.8,34.88,0.909,35.07
A0953,2025-05-07,295.8,19.66,27.25,35.97,0.909,36.16
A0953,2025-05-08,295.8,22.06,29.41,37.85,0.909,38.04
A0953,2025-05-09,295.8,39.21,53.57,70.05,0.909,70.43
A0953,2025-05-10,295.8,39.46,54.34,71.42,0.909,71.81
A0953,2025-05-11,295.8,25.68,35.18,46.1,0.909,46.35
A0953,2025-05-12,295.8,40.99,55.74,72.67,0.909,73.05
A0954,2025-04-29,5.0,52.91,74.87,100.27,0.556,78.4
A0954,2025-04-30,5.0,68.61,96.55,128.85,0.556,101.04
A0954,2025-05-01,5.0,48.4,68.9,92.6,0.556,72.19
A0954,2025-05-02,5.0,69.17,96.4,127.88,0.556,100.77
A0954,2025-05-03,5.0,71.04,98.69,130.66,0.556,103.13
A0954,2025-05-04,5.0,56.2,78.62,104.53,0.556,82.22
A0954,2025-05-05,5.0,137.49,180.09,229.33,0.556,186.93
A0954,2025-05-06,5.0,154.2,201.44,256.05,0.556,209.02
A0954,2025-05-07,5.0,158.47,202.88,254.23,0.556,210.02
A0954,2025-05-08,5.0,175.81,227.41,287.05,0.556,235.69
A0954,2025-05-09,5.0,60.89,88.06,119.46,0.556,92.42
A0954,2025-05-10,5.0,65.23,92.46,123.92,0.556,96.83
A0954,2025-05-11,5.0,41.7,59.73,80.57,0.556,62.63
A0954,2025-05-12,5.0,59.84,83.87,111.65,0.556,87.73
A0955,2025-04-29,5.7,18.78,27.32,38.69,0.556,28.9
A0955,2025-04-30,5.7,22.57,32.36,45.4,0.556,34.17
A0955,2025-05-01,5.7,16.59,23.79,33.36,0.556,25.12
A0955,2025-05-02,5.7,22.15,32.17,45.5,0.556,34.02
A0955,2025-05-03,5.7,24.55,35.3,49.61,0.556,37.29
A0955,2025-05-04,5.7,17.97,25.6,35.74,0.556,27.01
A0955,2025-05-05,5.7,15.18,22.18,31.49,0.556,23.47
A0955,2025-05-06,5.7,18.22,26.67,37.91,0.556,28.23
A0955,2025-05-07,5.7,18.22,26.27,36.99,0.556,27.76
A0955,2025-05-08,5.7,20.23,29.06,40.82,0.556,30.69
A0955,2025-05-09,5.7,21.22,31.04,44.1,0.556,32.85
A0955,2025-05-10,5.7,23.57,33.97,47.81,0.556,35.89
A0955,2025-05-11,5.7,14.56,20.91,29.36,0.556,22.08
A0955,2025-05-12,5.7,17.91,26.03,36.82,0.556,27.52
A0956,2025-04-29,382.1,8.11,25.05,53.09,0.909,53.72
A0956,2025-04-30,382.1,12.6,34.41,70.57,0.909,71.39
A0956,2025-05-01,382.1,7.19,22.82,48.57,0.909,49.15
A0956,2025-05-02,382.1,12.49,34.34,70.42,0.909,71.24
A0956,2025-05-03,382.1,13.71,36.97,75.75,0.909,76.63
A0956,2025-05-04,382.1,8.36,25.37,53.96,0.909,54.61
A0956,2025-05-05,382.1,8.66,26.0,55.14,0.909,55.81
A0956,2025-05-06,382.1,10.25,29.35,61.28,0.909,62.01
A0956,2025-05-07,382.1,11.25,31.48,64.96,0.909,65.72
A0956,2025-05-08,382.1,12.67,34.22,70.15,0.909,70.97
A0956,2025-05-09,382.1,14.19,37.56,76.33,0.909,77.21
A0956,2025-05-10,382.1,15.97,41.29,83.64,0.909,84.6
A0956,2025-05-11,382.1,7.67,23.79,50.83,0.909,51.44
A0956,2025-05-12,382.1,13.57,36.16,73.85,0.909,74.71
A0957,2025-04-29,11.5,64.65,85.1,114.87,0.909,115.54
A0957,2025-04-30,11.5,78.5,102.61,137.69,0.909,138.49
A0957,2025-05-01,11.5,56.02,73.35,98.59,0.909,99.16
A0957,2025-05-02,11.5,78.85,105.88,145.22,0.909,146.11
A0957,2025-05-03,11.5,82.04,108.65,147.38,0.909,148.26
A0957,2025-05-04,11.5,58.04,77.89,106.78,0.909,107.43
A0957,2025-05-05,11.5,57.24,73.92,98.2,0.909,98.75
A0957,2025-05-06,11.5,63.29,83.9,113.9,0.909,114.58
A0957,2025-05-07,11.5,66.09,86.7,116.69,0.909,117.37
A0957,2025-05-08,11.5,71.57,94.66,128.26,0.909,129.03
A0957,2025-05-09,11.5,78.82,105.56,144.48,0.909,145.36
A0957,2025-05-10,11.5,82.04,108.01,145.81,0.909,146.67
A0957,2025-05-11,11.5,50.8,68.12,93.33,0.909,93.9
A0957,2025-05-12,11.5,68.12,89.6,120.87,0.909,121.58
A0958,2025-04-29,214.2,19.26,28.25,39.11,0.909,39.36
A0958,2025-04-30,214.2,23.41,32.91,44.38,0.909,44.64
A0958,2025-05-01,214.2,17.35,25.46,35.26,0.909,35.48
A0958,2025-05-02,214.2,23.41,35.28,49.62,0.909,49.94
A0958,2025-05-03,214.2,24.75,36.2,50.02,0.909,50.33
A0958,2025-05-04,214.2,17.19,24.74,33.84,0.909,34.05
A0958,2025-05-05,214.2,18.05,26.98,37.77,0.909,38.01
A0958,2025-05-06,214.2,19.28,28.2,38.97,0.909,39.21
A0958,2025-05-07,214.2,19.79,28.83,39.75,0.909,40.0
A0958,2025-05-08,214.2,21.85,31.67,43.52,0.909,43.79
A0958,2025-05-09,214.2,23.43,35.4,49.85,0.909,50.18
A0958,2025-05-10,214.2,24.71,36.4,50.5,0.909,50.82
A0958,2025-05-11,214.2,14.91,22.13,30.85,0.909,31.04
A0958,2025-05-12,214.2,20.99,31.47,44.12,0.909,44.4
A0959,2025-04-29,429.9,13.34,19.18,26.51,0.909,26.68
A0959,2025-04-30,429.9,17.24,21.39,26.6,0.909,26.72
A0959,2025-05-01,429.9,10.37,17.47,26.38,0.909,26.59
A0959,2025-05-02,429.9,16.78,23.19,31.23,0.909,31.41
A0959,2025-05-03,429.9,15.34,21.82,29.96,0.909,30.14
A0959,2025-05-04,429.9,12.45,15.71,19.8,0.909,19.89
A0959,2025-05-05,429.9,14.16,20.07,27.48,0.909,27.65
A0959,2025-05-06,429.9,14.66,21.04,29.05,0.909,29.23
A0959,2025-05-07,429.9,16.06,21.1,27.42,0.909,27.57
A0959,2025-05-08,429.9,16.83,24.75,34.69,0.909,34.92
A0959,2025-05-09,429.9,18.4,24.96,33.2,0.909,33.38
A0959,2025-05-10,429.9,18.07,24.58,32.76,0.909,32.95
A0959,2025-05-11,429.9,12.59,16.66,21.78,0.909,21.89
A0959,2025-05-12,429.9,20.3,27.66,36.9,0.909,37.11
A0960,2025-04-29,6.8,120.63,161.19,203.37,0.556,167.05
A0960,2025-04-30,6.8,145.7,194.97,246.2,0.556,202.08
A0960,2025-05-01,6.8,110.09,159.11,210.09,0.556,166.2
A0960,2025-05-02,6.8,143.42,194.95,248.54,0.556,202.39
A0960,2025-05-03,6.8,150.34,205.67,263.22,0.556,213.67
A0960,2025-05-04,6.8,113.11,155.24,199.04,0.556,161.32
A0960,2025-05-05,6.8,112.34,162.16,213.98,0.556,169.36
A0960,2025-05-06,6.8,119.91,162.52,206.83,0.556,168.67
A0960,2025-05-07,6.8,124.14,167.76,213.12,0.556,174.06
A0960,2025-05-08,6.8,136.03,182.99,231.82,0.556,189.77
A0960,2025-05-09,6.8,144.81,194.96,247.11,0.556,202.2
A0960,2025-05-10,6.8,151.82,203.45,257.15,0.556,210.91
A0960,2025-05-11,6.8,97.37,136.14,176.45,0.556,141.74
A0960,2025-05-12,6.8,131.26,180.92,232.57,0.556,188.09
A0961,2025-04-29,2.8,59.19,87.13,120.83,0.556,91.81
A0961,2025-04-30,2.8,69.12,102.44,142.63,0.556,108.02
A0961,2025-05-01,2.8,55.01,82.62,115.91,0.556,87.24
A0961,2025-05-02,2.8,75.65,111.37,154.46,0.556,117.36
A0961,2025-05-03,2.8,79.19,117.03,162.67,0.556,123.37
A0961,2025-05-04,2.8,51.66,76.15,105.68,0.556,80.25
A0961,2025-05-05,2.8,60.73,90.8,127.06,0.556,95.83
A0961,2025-05-06,2.8,64.59,92.64,126.47,0.556,97.34
A0961,2025-05-07,2.8,66.3,94.58,128.69,0.556,99.32
A0961,2025-05-08,2.8,70.79,101.31,138.11,0.556,106.42
A0961,2025-05-09,2.8,78.59,114.09,156.91,0.556,120.04
A0961,2025-05-10,2.8,82.85,120.1,165.04,0.556,126.34
A0961,2025-05-11,2.8,49.37,70.87,96.8,0.556,74.47
A0961,2025-05-12,2.8,72.32,104.76,143.89,0.556,110.19
A0962,2025-04-29,5.1,25.74,35.86,47.65,0.556,37.49
A0962,2025-04-30,5.1,31.13,42.23,55.17,0.556,44.03
A0962,2025-05-01,5.1,22.49,31.73,42.5,0.556,33.23
A0962,2025-05-02,5.1,32.54,44.39,58.19,0.556,46.3
A0962,2025-05-03,5.1,33.69,46.56,61.56,0.556,48.65
A0962,2025-05-04,5.1,22.71,30.79,40.21,0.556,32.1
A0962,2025-05-05,5.1,24.26,33.38,44.01,0.556,34.86
A0962,2025-05-06,5.1,26.14,35.95,47.39,0.556,37.54
A0962,2025-05-07,5.1,27.32,38.17,50.82,0.556,39.93
A0962,2025-05-08,5.1,30.84,43.16,57.52,0.556,45.15
A0962,2025-05-09,5.1,32.82,44.84,58.84,0.556,46.78
A0962,2025-05-10,5.1,34.79,48.22,63.88,0.556,50.4
A0962,2025-05-11,5.1,20.02,27.81,36.9,0.556,29.08
A0962,2025-05-12,5.1,29.86,41.31,54.66,0.556,43.17
A0963,2025-04-29,186.7,9.09,15.73,22.58,0.909,22.74
A0963,2025-04-30,186.7,11.21,18.59,26.2,0.909,26.38
A0963,2025-05-01,186.7,8.61,15.38,22.37,0.909,22.53
A0963,2025-05-02,186.7,12.34,20.66,29.24,0.909,29.43
A0963,2025-05-03,186.7,12.25,20.83,29.67,0.909,29.87
A0963,2025-05-04,186.7,8.36,14.38,20.58,0.909,20.72
A0963,2025-05-05,186.7,9.47,16.18,23.1,0.909,23.26
A0963,2025-05-06,186.7,9.93,16.62,23.52,0.909,23.67
A0963,2025-05-07,186.7,10.54,17.34,24.36,0.909,24.52
A0963,2025-05-08,186.7,11.3,18.89,26.72,0.909,26.9
A0963,2025-05-09,186.7,12.32,20.63,29.21,0.909,29.4
A0963,2025-05-10,186.7,12.76,21.29,30.09,0.909,30.29
A0963,2025-05-11,186.7,7.93,13.59,19.42,0.909,19.56
A0963,2025-05-12,186.7,12.37,19.75,27.36,0.909,27.54
A0964,2025-04-29,8.0,69.32,96.5,130.92,0.556,101.28
A0964,2025-04-30,8.0,85.32,115.87,154.53,0.556,121.24
A0964,2025-05-01,8.0,61.96,85.79,115.97,0.556,89.99
A0964,2025-05-02,8.0,85.81,120.19,163.7,0.556,126.23
A0964,2025-05-03,8.0,88.57,122.98,166.53,0.556,129.03
A0964,2025-05-04,8.0,67.14,92.33,124.21,0.556,96.76
A0964,2025-05-05,8.0,65.66,90.8,122.61,0.556,95.21
A0964,2025-05-06,8.0,70.71,97.95,132.43,0.556,102.74
A0964,2025-05-07,8.0,75.63,103.2,138.1,0.556,108.05
A0964,2025-05-08,8.0,80.3,110.0,147.59,0.556,115.22
A0964,2025-05-09,8.0,87.5,121.78,165.18,0.556,127.81
A0964,2025-05-10,8.0,91.78,125.97,169.25,0.556,131.98
A0964,2025-05-11,8.0,58.87,81.94,111.13,0.556,85.99
A0964,2025-05-12,8.0,82.47,112.85,151.31,0.556,118.19
A0965,2025-04-29,34.5,10.07,16.21,27.4,0.909,27.66
A0965,2025-04-30,34.5,11.0,19.12,33.91,0.909,34.25
A0965,2025-05-01,34.5,7.51,14.6,27.52,0.909,27.82
A0965,2025-05-02,34.5,12.7,21.67,38.03,0.909,38.4
A0965,2025-05-03,34.5,12.56,18.98,30.67,0.909,30.94
A0965,2025-05-04,34.5,8.87,15.27,26.92,0.909,27.19
A0965,2025-05-05,34.5,11.2,18.89,32.9,0.909,33.22
A0965,2025-05-06,34.5,12.83,20.0,33.08,0.909,33.38
A0965,2025-05-07,34.5,13.48,20.06,32.04,0.909,32.32
A0965,2025-05-08,34.5,15.11,22.56,36.15,0.909,36.46
A0965,2025-05-09,34.5,26.71,37.88,58.25,0.909,58.71
A0965,2025-05-10,34.5,27.6,35.88,50.97,0.909,51.31
A0965,2025-05-11,34.5,17.92,25.19,38.44,0.909,38.74
A0965,2025-05-12,34.5,29.2,41.71,64.52,0.909,65.03
A0966,2025-04-29,333.6,18.34,26.0,35.9,0.909,36.13
A0966,2025-04-30,333.6,23.9,32.93,44.63,0.909,44.89
A0966,2025-05-01,333.6,15.49,24.45,36.05,0.909,36.31
A0966,2025-05-02,333.6,22.1,32.27,45.44,0.909,45.74
A0966,2025-05-03,333.6,22.28,31.53,43.5,0.909,43.78
A0966,2025-05-04,333.6,17.5,24.77,34.19,0.909,34.4
A0966,2025-05-05,333.6,18.99,27.89,39.41,0.909,39.67
A0966,2025-05-06,333.6,34.21,47.93,65.69,0.909,66.1
A0966,2025-05-07,333.6,35.34,49.34,67.45,0.909,67.86
A0966,2025-05-08,333.6,37.96,54.73,76.43,0.909,76.92
A0966,2025-05-09,333.6,40.77,58.57,81.61,0.909,82.14
A0966,2025-05-10,333.6,41.99,58.47,79.81,0.909,80.29
A0966,2025-05-11,333.6,14.17,21.35,30.64,0.909,30.85
A0966,2025-05-12,333.6,22.6,33.45,47.49,0.909,47.81
A0967,2025-04-29,416.7,14.22,22.03,33.91,0.909,34.18
A0967,2025-04-30,416.7,18.18,25.81,37.43,0.909,37.69
A0967,2025-05-01,416.7,13.6,18.75,26.59,0.909,26.77
A0967,2025-05-02,416.7,17.25,25.57,38.23,0.909,38.52
A0967,2025-05-03,416.7,18.67,28.1,42.44,0.909,42.76
A0967,2025-05-04,416.7,14.28,20.04,28.8,0.909,28.99
A0967,2025-05-05,416.7,11.91,16.9,24.49,0.909,24.66
A0967,2025-05-06,416.7,13.91,21.21,32.33,0.909,32.59
A0967,2025-05-07,416.7,14.13,21.85,33.59,0.909,33.86
A0967,2025-05-08,416.7,14.56,21.63,32.38,0.909,32.63
A0967,2025-05-09,416.7,15.94,23.98,36.2,0.909,36.48
A0967,2025-05-10,416.7,17.32,26.46,40.36,0.909,40.68
A0967,2025-05-11,416.7,11.33,16.82,25.18,0.909,25.37
A0967,2025-05-12,416.7,13.77,19.72,28.77,0.909,28.98
A0968,2025-04-29,2.5,77.65,172.72,351.28,0.556,197.52
A0968,2025-04-30,2.5,105.2,225.37,468.75,0.556,259.17
A0968,2025-05-01,2.5,72.02,158.87,333.66,0.556,183.15
A0968,2025-05-02,2.5,109.98,241.8,504.92,0.556,278.34
A0968,2025-05-03,2.5,116.3,254.26,533.51,0.556,293.04
A0968,2025-05-04,2.5,83.61,176.79,374.68,0.556,204.27
A0968,2025-05-05,2.5,80.7,175.13,365.75,0.556,201.61
A0968,2025-05-06,2.5,11.17,32.55,68.28,0.556,37.51
A0968,2025-05-07,2.5,13.25,37.1,75.92,0.556,42.49
A0968,2025-05-08,2.5,16.77,44.39,89.33,0.556,50.64
A0968,2025-05-09,2.5,20.86,53.03,104.84,0.556,60.22
A0968,2025-05-10,2.5,24.76,60.81,119.48,0.556,68.96
A0968,2025-05-11,2.5,11.23,32.28,66.76,0.556,37.07
A0968,2025-05-12,2.5,21.01,52.78,104.32,0.556,59.94
A0969,2025-04-29,159.0,7.7,12.05,17.52,0.909,17.64
A0969,2025-04-30,159.0,9.16,13.56,19.09,0.909,19.22
A0969,2025-05-01,159.0,6.42,10.56,15.78,0.909,15.9
A0969,2025-05-02,159.0,8.93,14.19,20.81,0.909,20.96
A0969,2025-05-03,159.0,9.52,15.19,22.32,0.909,22.49
A0969,2025-05-04,159.0,6.37,9.92,14.39,0.909,14.49
A0969,2025-05-05,159.0,6.1,10.02,14.94,0.909,15.05
A0969,2025-05-06,159.0,6.98,11.56,17.31,0.909,17.44
A0969,2025-05-07,159.0,6.65,10.59,15.54,0.909,15.66
A0969,2025-05-08,159.0,7.42,12.39,18.65,0.909,18.79
A0969,2025-05-09,159.0,8.34,13.47,19.93,0.909,20.08
A0969,2025-05-10,159.0,8.84,14.14,20.81,0.909,20.96
A0969,2025-05-11,159.0,5.06,8.38,12.56,0.909,12.65
A0969,2025-05-12,159.0,7.14,11.92,17.95,0.909,18.08
A0970,2025-04-29,353.3,10.63,15.83,21.67,0.909,21.8
A0970,2025-04-30,353.3,13.47,19.8,26.91,0.909,27.07
A0970,2025-05-01,353.3,10.44,17.16,24.7,0.909,24.88
A0970,2025-05-02,353.3,13.14,19.91,27.53,0.909,27.7
A0970,2025-05-03,353.3,14.5,22.56,31.62,0.909,31.83
A0970,2025-05-04,353.3,11.21,16.42,22.26,0.909,22.4
A0970,2025-05-05,353.3,9.35,14.89,21.11,0.909,21.25
A0970,2025-05-06,353.3,10.37,15.42,21.1,0.909,21.23
A0970,2025-05-07,353.3,10.35,15.69,21.69,0.909,21.82
A0970,2025-05-08,353.3,11.37,17.37,24.12,0.909,24.27
A0970,2025-05-09,353.3,12.17,18.37,25.32,0.909,25.48
A0970,2025-05-10,353.3,13.22,20.07,27.78,0.909,27.95
A0970,2025-05-11,353.3,8.73,13.03,17.86,0.909,17.96
A0970,2025-05-12,353.3,10.23,14.71,19.75,0.909,19.86
A0971,2025-04-29,149.5,20.59,30.15,44.3,0.909,44.62
A0971,2025-04-30,149.5,25.2,38.18,57.38,0.909,57.82
A0971,2025-05-01,149.5,19.79,27.22,38.22,0.909,38.47
A0971,2025-05-02,149.5,25.4,34.29,47.45,0.909,47.75
A0971,2025-05-03,149.5,25.07,35.2,50.19,0.909,50.53
A0971,2025-05-04,149.5,17.95,25.87,37.58,0.909,37.85
A0971,2025-05-05,149.5,20.81,28.07,38.81,0.909,39.05
A0971,2025-05-06,149.5,22.17,31.63,45.62,0.909,45.94
A0971,2025-05-07,149.5,23.57,33.49,48.17,0.909,48.5
A0971,2025-05-08,149.5,25.99,35.11,48.61,0.909,48.92
A0971,2025-05-09,149.5,26.73,35.71,49.0,0.909,49.3
A0971,2025-05-10,149.5,27.82,38.22,53.61,0.909,53.96
A0971,2025-05-11,149.5,18.14,24.45,33.78,0.909,34.0
A0971,2025-05-12,149.5,29.37,37.97,50.7,0.909,50.99
A0972,2025-04-29,169.0,9.59,15.78,22.7,0.909,22.85
A0972,2025-04-30,169.0,11.49,19.71,28.92,0.909,29.13
A0972,2025-05-01,169.0,8.29,14.33,21.09,0.909,21.24
A0972,2025-05-02,169.0,12.67,20.87,30.04,0.909,30.25
A0972,2025-05-03,169.0,12.82,21.95,32.15,0.909,32.39
A0972,2025-05-04,169.0,8.93,15.14,22.09,0.909,22.25
A0972,2025-05-05,169.0,8.7,14.63,21.25,0.909,21.4
A0972,2025-05-06,169.0,9.85,16.05,22.98,0.909,23.14
A0972,2025-05-07,169.0,10.24,17.37,25.35,0.909,25.53
A0972,2025-05-08,169.0,11.01,18.44,26.74,0.909,26.93
A0972,2025-05-09,169.0,12.24,20.4,29.53,0.909,29.73
A0972,2025-05-10,169.0,12.58,21.61,31.72,0.909,31.95
A0972,2025-05-11,169.0,7.72,13.22,19.36,0.909,19.5
A0972,2025-05-12,169.0,10.34,17.39,25.28,0.909,25.45
A0973,2025-04-29,4.1,3.44,15.85,39.2,0.556,19.09
A0973,2025-04-30,4.1,6.9,23.62,54.83,0.556,27.96
A0973,2025-05-01,4.1,3.72,16.61,39.92,0.556,19.85
A0973,2025-05-02,4.1,8.82,28.82,64.11,0.556,33.72
A0973,2025-05-03,4.1,11.24,34.3,75.05,0.556,39.96
A0973,2025-05-04,4.1,6.55,23.39,53.25,0.556,27.54
A0973,2025-05-05,4.1,7.37,24.95,55.73,0.556,29.22
A0973,2025-05-06,4.1,9.4,29.47,64.44,0.556,34.33
A0973,2025-05-07,4.1,10.82,32.62,70.27,0.556,37.85
A0973,2025-05-08,4.1,67.58,157.47,351.63,0.556,184.44
A0973,2025-05-09,4.1,75.74,177.66,400.1,0.556,208.55
A0973,2025-05-10,4.1,81.62,189.87,433.29,0.556,223.68
A0973,2025-05-11,4.1,45.89,106.78,240.27,0.556,125.32
A0973,2025-05-12,4.1,70.65,163.87,371.1,0.556,192.65
A0974,2025-04-29,33.7,15.18,21.57,30.46,0.909,30.66
A0974,2025-04-30,33.7,19.15,29.65,44.24,0.909,44.57
A0974,2025-05-01,33.7,12.17,17.31,24.45,0.909,24.61
A0974,2025-05-02,33.7,17.72,24.04,32.82,0.909,33.02
A0974,2025-05-03,33.7,17.33,24.58,34.65,0.909,34.88
A0974,2025-05-04,33.7,13.37,20.7,30.89,0.909,31.12
A0974,2025-05-05,33.7,14.81,20.77,29.06,0.909,29.25
A0974,2025-05-06,33.7,15.55,21.92,30.77,0.909,30.97
A0974,2025-05-07,33.7,15.87,23.41,33.9,0.909,34.14
A0974,2025-05-08,33.7,17.34,24.72,34.99,0.909,35.22
A0974,2025-05-09,33.7,18.66,25.5,35.0,0.909,35.22
A0974,2025-05-10,33.7,18.95,27.52,39.43,0.909,39.7
A0974,2025-05-11,33.7,12.56,18.38,26.47,0.909,26.66
A0974,2025-05-12,33.7,19.24,28.02,40.23,0.909,40.5
A0975,2025-04-29,390.7,4.56,16.71,37.01,0.909,37.47
A0975,2025-04-30,390.7,6.49,20.95,44.5,0.909,45.03
A0975,2025-05-01,390.7,3.39,14.22,32.52,0.909,32.94
A0975,2025-05-02,390.7,6.48,21.04,45.15,0.909,45.69
A0975,2025-05-03,390.7,6.16,20.35,43.89,0.909,44.42
A0975,2025-05-04,390.7,4.51,16.58,36.7,0.909,37.15
A0975,2025-05-05,390.7,5.74,18.94,41.53,0.909,42.04
A0975,2025-05-06,390.7,6.62,21.07,45.24,0.909,45.79
A0975,2025-05-07,390.7,7.04,21.94,46.2,0.909,46.75
A0975,2025-05-08,390.7,8.63,25.05,52.26,0.909,52.88
A0975,2025-05-09,390.7,9.34,26.87,55.37,0.909,56.02
A0975,2025-05-10,390.7,9.46,26.85,55.67,0.909,56.32
A0975,2025-05-11,390.7,5.72,18.62,40.53,0.909,41.03
A0975,2025-05-12,390.7,11.97,31.21,64.08,0.909,64.83
A0976,2025-04-29,27.1,100.39,141.89,201.5,0.909,202.86
A0976,2025-04-30,27.1,44.54,60.89,84.39,0.909,84.92
A0976,2025-05-01,27.1,28.21,46.76,73.39,0.909,74.0
A0976,2025-05-02,27.1,42.47,63.28,93.17,0.909,93.85
A0976,2025-05-03,27.1,43.72,62.23,88.81,0.909,89.41
A0976,2025-05-04,27.1,34.11,49.3,71.12,0.909,71.61
A0976,2025-05-05,27.1,35.37,61.4,98.79,0.909,99.64
A0976,2025-05-06,27.1,40.67,60.17,88.19,0.909,88.82
A0976,2025-05-07,27.1,43.44,59.46,82.47,0.909,82.99
A0976,2025-05-08,27.1,47.58,68.68,99.0,0.909,99.69
A0976,2025-05-09,27.1,49.42,73.42,107.89,0.909,108.68
A0976,2025-05-10,27.1,51.61,73.83,105.75,0.909,106.48
A0976,2025-05-11,27.1,34.34,51.49,76.12,0.909,76.67
A0976,2025-05-12,27.1,49.44,87.5,142.17,0.909,143.42
A0977,2025-04-29,368.4,21.45,30.65,40.76,0.909,40.99
A0977,2025-04-30,368.4,26.63,38.78,52.13,0.909,52.44
A0977,2025-05-01,368.4,18.1,25.26,33.13,0.909,33.31
A0977,2025-05-02,368.4,26.26,37.04,48.89,0.909,49.16
A0977,2025-05-03,368.4,26.84,37.52,49.24,0.909,49.51
A0977,2025-05-04,368.4,19.98,28.9,38.7,0.909,38.92
A0977,2025-05-05,368.4,19.2,26.55,34.63,0.909,34.82
A0977,2025-05-06,368.4,22.38,31.62,41.77,0.909,42.0
A0977,2025-05-07,368.4,22.87,32.63,43.34,0.909,43.59
A0977,2025-05-08,368.4,24.14,34.55,45.99,0.909,46.25
A0977,2025-05-09,368.4,25.99,36.74,48.56,0.909,48.83
A0977,2025-05-10,368.4,26.86,37.45,49.09,0.909,49.35
A0977,2025-05-11,368.4,17.37,24.82,33.0,0.909,33.19
A0977,2025-05-12,368.4,23.79,33.83,44.86,0.909,45.11
A0978,2025-04-29,348.9,14.27,22.74,33.96,0.909,34.21
A0978,2025-04-30,348.9,15.89,24.55,36.0,0.909,36.26
A0978,2025-05-01,348.9,13.83,20.01,28.18,0.909,28.37
A0978,2025-05-02,348.9,17.46,26.71,38.96,0.909,39.23
A0978,2025-05-03,348.9,17.16,27.73,41.73,0.909,42.05
A0978,2025-05-04,348.9,14.05,20.64,29.36,0.909,29.56
A0978,2025-05-05,348.9,11.59,16.18,22.24,0.909,22.38
A0978,2025-05-06,348.9,14.74,22.36,32.43,0.909,32.66
A0978,2025-05-07,348.9,13.5,21.1,31.16,0.909,31.38
A0978,2025-05-08,348.9,14.77,23.31,34.61,0.909,34.86
A0978,2025-05-09,348.9,16.28,24.93,36.38,0.909,36.64
A0978,2025-05-10,348.9,15.98,25.62,38.38,0.909,38.67
A0978,2025-05-11,348.9,11.66,17.08,24.26,0.909,24.42
A0978,2025-05-12,348.9,13.37,18.35,24.94,0.909,25.08
A0979,2025-04-29,203.0,4.7,18.02,39.39,0.909,39.88
A0979,2025-04-30,203.0,7.65,24.66,51.63,0.909,52.24
A0979,2025-05-01,203.0,4.68,17.96,38.91,0.909,39.38
A0979,2025-05-02,203.0,8.51,26.79,55.46,0.909,56.11
A0979,2025-05-03,203.0,9.57,29.14,59.97,0.909,60.67
A0979,2025-05-04,203.0,5.49,19.87,42.76,0.909,43.28
A0979,2025-05-05,203.0,5.81,20.6,44.14,0.909,44.68
A0979,2025-05-06,203.0,7.24,23.66,49.74,0.909,50.34
A0979,2025-05-07,203.0,8.03,25.38,52.46,0.909,53.08
A0979,2025-05-08,203.0,9.66,28.8,58.89,0.909,59.57
A0979,2025-05-09,203.0,11.08,32.01,64.72,0.909,65.46
A0979,2025-05-10,203.0,12.56,35.13,70.41,0.909,71.21
A0979,2025-05-11,203.0,5.63,19.94,42.53,0.909,43.04
A0979,2025-05-12,203.0,10.96,31.58,63.89,0.909,64.63
A0980,2025-04-29,2.8,761.04,1064.66,1455.7,0.556,1118.97
A0980,2025-04-30,2.8,1072.17,1508.38,2070.19,0.556,1586.41
A0980,2025-05-01,2.8,626.9,914.68,1285.31,0.556,966.16
A0980,2025-05-02,2.8,818.74,1199.75,1690.45,0.556,1267.9
A0980,2025-05-03,2.8,1125.28,1548.22,2092.93,0.556,1623.87
A0980,2025-05-04,2.8,632.85,999.14,1470.89,0.556,1064.66
A0980,2025-05-05,2.8,715.67,978.0,1315.86,0.556,1024.93
A0980,2025-05-06,2.8,803.37,1096.62,1474.31,0.556,1149.08
A0980,2025-05-07,2.8,840.59,1179.67,1616.37,0.556,1240.32
A0980,2025-05-08,2.8,829.99,1193.81,1662.36,0.556,1258.88
A0980,2025-05-09,2.8,941.91,1324.01,1816.12,0.556,1392.36
A0980,2025-05-10,2.8,1181.19,1613.23,2169.66,0.556,1690.51
A0980,2025-05-11,2.8,538.37,810.01,1159.85,0.556,858.59
A0980,2025-05-12,2.8,701.65,1024.92,1441.28,0.556,1082.75
A0981,2025-04-29,161.0,19.25,24.72,31.55,0.909,31.71
A0981,2025-04-30,161.0,23.78,29.99,37.74,0.909,37.92
A0981,2025-05-01,161.0,17.25,23.06,30.3,0.909,30.47
A0981,2025-05-02,161.0,23.49,29.57,37.17,0.909,37.34
A0981,2025-05-03,161.0,24.14,30.99,39.55,0.909,39.74
A0981,2025-05-04,161.0,16.83,22.69,30.0,0.909,30.17
A0981,2025-05-05,161.0,17.91,23.14,29.67,0.909,29.82
A0981,2025-05-06,161.0,19.66,24.8,31.22,0.909,31.36
A0981,2025-05-07,161.0,20.17,25.38,31.89,0.909,32.04
A0981,2025-05-08,161.0,22.0,28.44,36.49,0.909,36.67
A0981,2025-05-09,161.0,23.5,29.44,36.86,0.909,37.03
A0981,2025-05-10,161.0,25.15,31.9,40.32,0.909,40.51
A0981,2025-05-11,161.0,15.27,19.95,25.79,0.909,25.92
A0981,2025-05-12,161.0,23.65,28.99,35.65,0.909,35.8
A0982,2025-04-29,405.4,29.15,42.74,56.06,0.909,56.37
A0982,2025-04-30,405.4,35.98,52.65,68.99,0.909,69.36
A0982,2025-05-01,405.4,25.7,37.68,49.44,0.909,49.71
A0982,2025-05-02,405.4,32.6,48.88,64.85,0.909,65.21
A0982,2025-05-03,405.4,35.13,51.46,67.46,0.909,67.83
A0982,2025-05-04,405.4,27.39,40.31,52.99,0.909,53.28
A0982,2025-05-05,405.4,25.97,38.33,50.45,0.909,50.72
A0982,2025-05-06,405.4,27.79,41.16,54.27,0.909,54.57
A0982,2025-05-07,405.4,28.1,41.69,55.02,0.909,55.33
A0982,2025-05-08,405.4,30.52,45.11,59.42,0.909,59.74
A0982,2025-05-09,405.4,32.1,48.36,64.3,0.909,64.66
A0982,2025-05-10,405.4,34.81,51.2,67.28,0.909,67.64
A0982,2025-05-11,405.4,22.8,33.62,44.24,0.909,44.48
A0982,2025-05-12,405.4,30.43,44.68,58.66,0.909,58.98
A0983,2025-04-29,402.4,46.98,63.75,83.99,0.909,84.45
A0983,2025-04-30,402.4,57.4,77.62,102.04,0.909,102.59
A0983,2025-05-01,402.4,42.37,57.13,74.94,0.909,75.34
A0983,2025-05-02,402.4,56.26,76.23,100.34,0.909,100.88
A0983,2025-05-03,402.4,56.77,76.22,99.69,0.909,100.22
A0983,2025-05-04,402.4,44.04,59.18,77.45,0.909,77.86
A0983,2025-05-05,402.4,43.42,58.16,75.95,0.909,76.35
A0983,2025-05-06,402.4,48.54,65.61,86.22,0.909,86.69
A0983,2025-05-07,402.4,49.01,65.06,84.45,0.909,84.89
A0983,2025-05-08,402.4,52.82,69.95,90.64,0.909,91.11
A0983,2025-05-09,402.4,56.47,76.26,100.14,0.909,100.68
A0983,2025-05-10,402.4,57.82,76.73,99.54,0.909,100.06
A0983,2025-05-11,402.4,37.89,50.55,65.83,0.909,66.18
A0983,2025-05-12,402.4,52.46,69.23,89.46,0.909,89.92
A0984,2025-04-29,7.6,46.41,97.89,178.82,0.556,109.13
A0984,2025-04-30,7.6,60.97,123.77,221.16,0.556,137.3
A0984,2025-05-01,7.6,41.87,88.84,161.73,0.556,98.96
A0984,2025-05-02,7.6,60.46,123.95,221.42,0.556,137.49
A0984,2025-05-03,7.6,63.0,128.88,230.27,0.556,142.97
A0984,2025-05-04,7.6,43.69,92.81,169.21,0.556,103.42
A0984,2025-05-05,7.6,44.25,93.97,170.86,0.556,104.65
A0984,2025-05-06,7.6,47.29,100.15,181.52,0.556,111.45
A0984,2025-05-07,7.6,50.37,105.57,189.33,0.556,117.21
A0984,2025-05-08,7.6,55.4,114.96,206.15,0.556,127.62
A0984,2025-05-09,7.6,60.14,124.35,222.09,0.556,137.92
A0984,2025-05-10,7.6,63.83,131.21,234.13,0.556,145.5
A0984,2025-05-11,7.6,35.5,78.31,144.39,0.556,87.49
A0984,2025-05-12,7.6,54.87,115.14,207.32,0.556,127.94
A0985,2025-04-29,301.3,23.39,32.89,45.09,0.909,45.36
A0985,2025-04-30,301.3,29.68,40.52,54.45,0.909,54.77
A0985,2025-05-01,301.3,18.93,27.16,37.75,0.909,37.99
A0985,2025-05-02,301.3,26.41,38.23,53.4,0.909,53.75
A0985,2025-05-03,301.3,27.95,39.26,53.79,0.909,54.12
A0985,2025-05-04,301.3,20.45,27.97,37.63,0.909,37.85
A0985,2025-05-05,301.3,22.57,31.61,43.24,0.909,43.5
A0985,2025-05-06,301.3,23.51,33.35,45.99,0.909,46.28
A0985,2025-05-07,301.3,24.94,35.95,50.1,0.909,50.42
A0985,2025-05-08,301.3,27.0,38.12,52.41,0.909,52.73
A0985,2025-05-09,301.3,27.51,39.97,55.98,0.909,56.35
A0985,2025-05-10,301.3,30.1,42.56,58.56,0.909,58.92
A0985,2025-05-11,301.3,19.13,27.05,37.22,0.909,37.45
A0985,2025-05-12,301.3,29.03,41.76,58.12,0.909,58.49
A0986,2025-04-29,4.9,67.67,92.01,124.42,0.556,96.51
A0986,2025-04-30,4.9,83.29,107.07,138.73,0.556,111.47
A0986,2025-05-01,4.9,61.42,83.93,113.9,0.556,88.09
A0986,2025-05-02,4.9,83.93,114.46,155.1,0.556,120.11
A0986,2025-05-03,4.9,82.16,110.1,147.3,0.556,115.27
A0986,2025-05-04,4.9,64.43,85.92,114.54,0.556,89.9
A0986,2025-05-05,4.9,66.88,89.87,120.48,0.556,94.12
A0986,2025-05-06,4.9,70.08,95.29,128.85,0.556,99.95
A0986,2025-05-07,4.9,70.38,92.7,122.43,0.556,96.83
A0986,2025-05-08,4.9,78.29,105.58,141.9,0.556,110.62
A0986,2025-05-09,4.9,85.41,116.56,158.05,0.556,122.33
A0986,2025-05-10,4.9,85.96,114.7,152.95,0.556,120.01
A0986,2025-05-11,4.9,78.64,107.44,145.8,0.556,112.77
A0986,2025-05-12,4.9,113.52,152.67,204.8,0.556,159.91
A0987,2025-04-29,8.2,196.09,367.74,689.13,0.556,412.38
A0987,2025-04-30,8.2,241.79,442.95,819.49,0.556,495.25
A0987,2025-05-01,8.2,173.64,328.15,616.83,0.556,368.25
A0987,2025-05-02,8.2,240.44,446.9,829.98,0.556,500.1
A0987,2025-05-03,8.2,249.86,463.57,864.24,0.556,519.22
A0987,2025-05-04,8.2,196.06,368.39,695.56,0.556,413.83
A0987,2025-05-05,8.2,172.15,327.15,612.8,0.556,366.83
A0987,2025-05-06,8.2,190.96,363.03,677.34,0.556,406.69
A0987,2025-05-07,8.2,200.05,377.2,698.9,0.556,421.88
A0987,2025-05-08,8.2,214.28,401.38,746.67,0.556,449.33
A0987,2025-05-09,8.2,371.29,665.55,1257.69,0.556,747.79
A0987,2025-05-10,8.2,382.61,689.7,1324.17,0.556,777.82
A0987,2025-05-11,8.2,246.28,449.48,880.95,0.556,509.4
A0987,2025-05-12,8.2,330.0,612.27,1196.93,0.556,693.48
A0988,2025-04-29,5.9,17.89,27.1,39.33,0.556,28.8
A0988,2025-04-30,5.9,22.71,32.12,44.61,0.556,33.86
A0988,2025-05-01,5.9,16.69,24.46,34.77,0.556,25.89
A0988,2025-05-02,5.9,22.43,32.87,46.72,0.556,34.79
A0988,2025-05-03,5.9,23.52,34.52,49.11,0.556,36.55
A0988,2025-05-04,5.9,18.31,25.52,35.07,0.556,26.84
A0988,2025-05-05,5.9,15.68,23.24,33.26,0.556,24.63
A0988,2025-05-06,5.9,17.42,26.57,38.72,0.556,28.26
A0988,2025-05-07,5.9,17.67,26.34,37.83,0.556,27.93
A0988,2025-05-08,5.9,19.17,28.46,40.79,0.556,30.17
A0988,2025-05-09,5.9,21.07,31.35,44.99,0.556,33.24
A0988,2025-05-10,5.9,22.1,32.86,47.14,0.556,34.84
A0988,2025-05-11,5.9,13.99,20.57,29.29,0.556,21.78
A0988,2025-05-12,5.9,18.03,26.98,38.85,0.556,28.63
A0989,2025-04-29,5.3,39.62,53.29,69.35,0.556,55.52
A0989,2025-04-30,5.3,47.98,63.83,82.44,0.556,66.41
A0989,2025-05-01,5.3,36.13,49.55,65.29,0.556,51.73
A0989,2025-05-02,5.3,46.67,62.51,81.12,0.556,65.1
A0989,2025-05-03,5.3,48.46,65.02,84.47,0.556,67.72
A0989,2025-05-04,5.3,36.5,49.55,64.86,0.556,51.67
A0989,2025-05-05,5.3,49.57,69.18,92.21,0.556,72.38
A0989,2025-05-06,5.3,52.76,72.8,96.33,0.556,76.07
A0989,2025-05-07,5.3,55.24,74.78,97.73,0.556,77.97
A0989,2025-05-08,5.3,60.62,83.6,110.58,0.556,87.35
A0989,2025-05-09,5.3,58.15,79.32,104.19,0.556,82.78
A0989,2025-05-10,5.3,61.49,83.41,109.16,0.556,86.99
A0989,2025-05-11,5.3,36.14,50.76,67.93,0.556,53.15
A0989,2025-05-12,5.3,55.75,75.92,99.62,0.556,79.21
A0990,2025-04-29,363.8,16.03,24.22,33.44,0.909,33.65
A0990,2025-04-30,363.8,19.94,29.18,39.58,0.909,39.82
A0990,2025-05-01,363.8,13.12,20.88,29.61,0.909,29.81
A0990,2025-05-02,363.8,18.97,28.89,40.06,0.909,40.32
A0990,2025-05-03,363.8,18.1,27.33,37.72,0.909,37.95
A0990,2025-05-04,363.8,13.64,19.8,26.73,0.909,26.89
A0990,2025-05-05,363.8,15.1,22.85,31.58,0.909,31.78
A0990,2025-05-06,363.8,16.5,25.22,35.05,0.909,35.27
A0990,2025-05-07,363.8,16.67,26.04,36.59,0.909,36.83
A0990,2025-05-08,363.8,18.13,28.53,40.24,0.909,40.51
A0990,2025-05-09,363.8,19.8,30.36,42.25,0.909,42.52
A0990,2025-05-10,363.8,19.62,29.88,41.44,0.909,41.7
A0990,2025-05-11,363.8,12.7,19.33,26.8,0.909,26.97
A0990,2025-05-12,363.8,21.32,32.65,45.4,0.909,45.69
A0991,2025-04-29,177.4,8.41,13.55,19.41,0.909,19.55
A0991,2025-04-30,177.4,10.7,18.37,27.11,0.909,27.31
A0991,2025-05-01,177.4,7.76,12.33,17.53,0.909,17.65
A0991,2025-05-02,177.4,10.38,17.32,25.23,0.909,25.41
A0991,2025-05-03,177.4,11.16,17.9,25.58,0.909,25.76
A0991,2025-05-04,177.4,7.82,13.38,19.72,0.909,19.87
A0991,2025-05-05,177.4,8.0,13.37,19.49,0.909,19.63
A0991,2025-05-06,177.4,9.08,14.13,19.89,0.909,20.02
A0991,2025-05-07,177.4,9.51,15.72,22.79,0.909,22.96
A0991,2025-05-08,177.4,10.41,16.3,23.01,0.909,23.16
A0991,2025-05-09,177.4,10.56,17.57,25.56,0.909,25.74
A0991,2025-05-10,177.4,11.57,18.5,26.41,0.909,26.59
A0991,2025-05-11,177.4,6.89,11.52,16.8,0.909,16.92
A0991,2025-05-12,177.4,9.9,16.48,23.97,0.909,24.14
A0992,2025-04-29,4.6,17.16,24.86,34.5,0.556,26.2
A0992,2025-04-30,4.6,23.67,35.59,50.52,0.556,37.67
A0992,2025-05-01,4.6,15.83,24.69,35.78,0.556,26.23
A0992,2025-05-02,4.6,21.82,30.74,41.91,0.556,32.29
A0992,2025-05-03,4.6,21.9,32.7,46.23,0.556,34.58
A0992,2025-05-04,4.6,16.29,24.49,34.77,0.556,25.92
A0992,2025-05-05,4.6,16.35,24.61,34.95,0.556,26.05
A0992,2025-05-06,4.6,16.91,24.41,33.81,0.556,25.72
A0992,2025-05-07,4.6,19.33,27.89,38.61,0.556,29.38
A0992,2025-05-08,4.6,20.04,30.17,42.87,0.556,31.94
A0992,2025-05-09,4.6,21.56,30.45,41.57,0.556,31.99
A0992,2025-05-10,4.6,22.38,33.25,46.86,0.556,35.14
A0992,2025-05-11,4.6,13.54,19.66,27.32,0.556,20.72
A0992,2025-05-12,4.6,18.67,27.63,38.84,0.556,29.18
A0993,2025-04-29,303.5,10.61,17.55,24.81,0.909,24.98
A0993,2025-04-30,303.5,12.4,22.01,32.07,0.909,32.3
A0993,2025-05-01,303.5,9.77,16.15,22.83,0.909,22.98
A0993,2025-05-02,303.5,12.59,21.32,30.46,0.909,30.67
A0993,2025-05-03,303.5,13.33,22.67,32.45,0.909,32.67
A0993,2025-05-04,303.5,10.25,19.35,28.87,0.909,29.08
A0993,2025-05-05,303.5,8.32,13.92,19.78,0.909,19.91
A0993,2025-05-06,303.5,10.7,17.46,24.54,0.909,24.7
A0993,2025-05-07,303.5,10.43,16.22,22.28,0.909,22.41
A0993,2025-05-08,303.5,10.76,17.67,24.9,0.909,25.06
A0993,2025-05-09,303.5,11.57,19.55,27.9,0.909,28.09
A0993,2025-05-10,303.5,12.1,19.92,28.11,0.909,28.29
A0993,2025-05-11,303.5,8.2,13.93,19.94,0.909,20.08
A0993,2025-05-12,303.5,8.53,13.83,19.37,0.909,19.5
A0994,2025-04-29,4.5,0.42,7.81,21.19,0.556,9.67
A0994,2025-04-30,4.5,1.67,10.87,27.32,0.556,13.15
A0994,2025-05-01,4.5,0.79,7.75,20.97,0.556,9.59
A0994,2025-05-02,4.5,2.66,13.45,32.17,0.556,16.05
A0994,2025-05-03,4.5,3.94,16.49,38.01,0.556,19.48
A0994,2025-05-04,4.5,1.9,11.58,28.19,0.556,13.88
A0994,2025-05-05,4.5,2.46,12.99,30.84,0.556,15.47
A0994,2025-05-06,4.5,3.46,15.29,35.24,0.556,18.06
A0994,2025-05-07,4.5,4.08,16.68,37.39,0.556,19.56
A0994,2025-05-08,4.5,5.39,19.61,43.14,0.556,22.88
A0994,2025-05-09,4.5,6.73,22.73,49.06,0.556,26.39
A0994,2025-05-10,4.5,8.06,25.7,54.48,0.556,29.69
A0994,2025-05-11,4.5,3.38,14.97,34.04,0.556,17.62
A0994,2025-05-12,4.5,6.79,22.73,48.9,0.556,26.36
A0995,2025-04-29,3.6,59.35,81.31,113.81,0.556,85.82
A0995,2025-04-30,3.6,74.0,103.67,147.57,0.556,109.76
A0995,2025-05-01,3.6,53.78,75.9,108.63,0.556,80.45
A0995,2025-05-02,3.6,74.23,106.23,153.59,0.556,112.81
A0995,2025-05-03,3.6,76.37,107.15,152.7,0.556,113.48
A0995,2025-05-04,3.6,54.7,78.79,114.44,0.556,83.74
A0995,2025-05-05,3.6,52.42,72.35,101.86,0.556,76.45
A0995,2025-05-06,3.6,57.05,79.43,112.55,0.556,84.03
A0995,2025-05-07,3.6,59.29,80.44,111.75,0.556,84.79
A0995,2025-05-08,3.6,67.32,94.74,135.32,0.556,100.38
A0995,2025-05-09,3.6,73.08,104.65,151.38,0.556,111.14
A0995,2025-05-10,3.6,76.67,106.29,150.13,0.556,112.38
A0995,2025-05-11,3.6,45.7,64.16,91.48,0.556,67.96
A0995,2025-05-12,3.6,65.22,89.04,124.29,0.556,93.94
A0996,2025-04-29,2.9,143.88,202.88,273.49,0.556,212.69
A0996,2025-04-30,2.9,200.86,262.18,335.58,0.556,272.38
A0996,2025-05-01,2.9,126.05,175.22,234.07,0.556,183.4
A0996,2025-05-02,2.9,177.04,241.75,319.19,0.556,252.5
A0996,2025-05-03,2.9,194.8,266.05,351.33,0.556,277.9
A0996,2025-05-04,2.9,157.34,209.85,272.7,0.556,218.58
A0996,2025-05-05,2.9,133.3,184.97,246.81,0.556,193.56
A0996,2025-05-06,2.9,146.19,203.81,272.76,0.556,213.38
A0996,2025-05-07,2.9,152.87,209.37,276.98,0.556,218.76
A0996,2025-05-08,2.9,164.37,225.05,297.68,0.556,235.14
A0996,2025-05-09,2.9,181.36,246.1,323.58,0.556,256.86
A0996,2025-05-10,2.9,197.39,269.58,355.97,0.556,281.58
A0996,2025-05-11,2.9,117.32,164.19,220.28,0.556,171.98
A0996,2025-05-12,2.9,167.3,230.57,306.29,0.556,241.09
A0997,2025-04-29,5.3,248.83,332.42,419.42,0.556,344.5
A0997,2025-04-30,5.3,294.74,389.09,487.28,0.556,402.72
A0997,2025-05-01,5.3,220.37,291.13,364.79,0.556,301.37
A0997,2025-05-02,5.3,298.61,398.92,503.32,0.556,413.42
A0997,2025-05-03,5.3,309.92,429.32,553.59,0.556,446.58
A0997,2025-05-04,5.3,236.18,317.4,401.94,0.556,329.14
A0997,2025-05-05,5.3,231.6,308.86,389.26,0.556,320.02
A0997,2025-05-06,5.3,256.23,337.05,421.17,0.556,348.73
A0997,2025-05-07,5.3,263.98,351.73,443.05,0.556,364.41
A0997,2025-05-08,5.3,285.57,379.4,477.05,0.556,392.96
A0997,2025-05-09,5.3,305.55,406.39,511.35,0.556,420.97
A0997,2025-05-10,5.3,322.48,444.82,572.16,0.556,462.51
A0997,2025-05-11,5.3,207.85,280.88,356.88,0.556,291.43
A0997,2025-05-12,5.3,307.84,407.58,511.4,0.556,422.0
A0998,2025-04-29,24.9,7.79,12.25,18.27,0.909,18.4
A0998,2025-04-30,24.9,10.11,14.58,20.63,0.909,20.77
A0998,2025-05-01,24.9,6.04,10.26,15.96,0.909,16.09
A0998,2025-05-02,24.9,8.88,14.14,21.26,0.909,21.42
A0998,2025-05-03,24.9,9.52,14.22,20.58,0.909,20.73
A0998,2025-05-04,24.9,6.86,10.67,15.84,0.909,15.96
A0998,2025-05-05,24.9,7.75,12.58,19.1,0.909,19.25
A0998,2025-05-06,24.9,8.13,12.86,19.26,0.909,19.4
A0998,2025-05-07,24.9,8.3,12.55,18.31,0.909,18.44
A0998,2025-05-08,24.9,8.83,13.4,19.59,0.909,19.73
A0998,2025-05-09,24.9,9.59,15.12,22.61,0.909,22.78
A0998,2025-05-10,24.9,10.44,15.51,22.38,0.909,22.54
A0998,2025-05-11,24.9,6.39,10.25,15.48,0.909,15.6
A0998,2025-05-12,24.9,10.02,15.84,23.71,0.909,23.89
A0999,2025-04-29,386.3,22.84,31.35,40.24,0.909,40.44
A0999,2025-04-30,386.3,48.87,67.67,87.31,0.909,87.76
A0999,2025-05-01,386.3,34.24,47.43,61.22,0.909,61.54
A0999,2025-05-02,386.3,49.03,69.63,91.16,0.909,91.64
A0999,2025-05-03,386.3,48.45,69.67,91.86,0.909,92.36
A0999,2025-05-04,386.3,17.75,24.94,32.46,0.909,32.63
A0999,2025-05-05,386.3,20.06,27.59,35.46,0.909,35.63
A0999,2025-05-06,386.3,22.65,31.7,41.16,0.909,41.37
A0999,2025-05-07,386.3,23.54,32.97,42.82,0.909,43.05
A0999,2025-05-08,386.3,27.32,37.09,47.31,0.909,47.54
A0999,2025-05-09,386.3,28.37,39.11,50.34,0.909,50.59
A0999,2025-05-10,386.3,28.55,39.81,51.57,0.909,51.84
A0999,2025-05-11,386.3,19.74,27.36,35.32,0.909,35.5
A0999,2025-05-12,386.3,30.64,42.24,54.37,0.909,54.64
