article,date,shelf_life_days,q10,q50,q90,service_level,order_quantity
A0000,2025-04-29,352.7,16.53,27.37,40.87,0.909,41.17
A0000,2025-04-30,352.7,19.78,33.79,51.25,0.909,51.65
A0000,2025-05-01,352.7,13.7,22.28,32.97,0.909,33.21
A0000,2025-05-02,352.7,19.75,33.42,50.46,0.909,50.85
A0000,2025-05-03,352.7,20.05,34.8,53.19,0.909,53.61
A0000,2025-05-04,352.7,15.53,27.0,41.29,0.909,41.62
A0000,2025-05-05,352.7,13.29,20.61,29.74,0.909,29.95
A0000,2025-05-06,352.7,16.85,27.12,39.92,0.909,40.21
A0000,2025-05-07,352.7,17.6,28.17,41.35,0.909,41.65
A0000,2025-05-08,352.7,17.97,28.54,41.72,0.909,42.02
A0000,2025-05-09,352.7,19.65,31.82,46.97,0.909,47.32
A0000,2025-05-10,352.7,20.1,32.39,47.71,0.909,48.06
A0000,2025-05-11,352.7,13.02,21.32,31.67,0.909,31.91
A0000,2025-05-12,352.7,14.98,22.63,32.15,0.909,32.37
A0001,2025-04-29,411.3,11.66,17.15,25.08,0.909,25.26
A0001,2025-04-30,411.3,15.09,23.83,36.47,0.909,36.76
A0001,2025-05-01,411.3,10.89,16.43,24.43,0.909,24.61
A0001,2025-05-02,411.3,14.61,21.65,31.83,0.909,32.06
A0001,2025-05-03,411.3,15.39,22.84,33.62,0.909,33.86
A0001,2025-05-04,411.3,12.25,19.43,29.8,0.909,30.04
A0001,2025-05-05,411.3,11.34,16.8,24.69,0.909,24.87
A0001,2025-05-06,411.3,12.48,18.03,26.06,0.909,26.24
A0001,2025-05-07,411.3,12.94,18.55,26.67,0.909,26.85
A0001,2025-05-08,411.3,14.23,20.71,30.09,0.909,30.3
A0001,2025-05-09,411.3,15.01,21.98,32.06,0.909,32.29
A0001,2025-05-10,411.3,15.59,22.85,33.36,0.909,33.59
A0001,2025-05-11,411.3,10.1,15.1,22.34,0.909,22.5
A0001,2025-05-12,411.3,12.72,18.95,27.96,0.909,28.17
A0002,2025-04-29,167.8,0.91,8.46,22.45,0.909,22.77
A0002,2025-04-30,167.8,1.67,10.58,26.51,0.909,26.87
A0002,2025-05-01,167.8,0.8,7.72,20.83,0.909,21.12
A0002,2025-05-02,167.8,1.75,10.58,26.74,0.909,27.1
A0002,2025-05-03,167.8,1.84,11.03,27.75,0.909,28.13
A0002,2025-05-04,167.8,0.56,7.63,20.83,0.909,21.13
A0002,2025-05-05,167.8,1.02,8.91,23.26,0.909,23.58
A0002,2025-05-06,167.8,1.11,9.24,23.91,0.909,24.25
A0002,2025-05-07,167.8,1.28,9.67,24.63,0.909,24.97
A0002,2025-05-08,167.8,1.72,10.77,26.66,0.909,27.02
A0002,2025-05-09,167.8,2.04,11.63,28.61,0.909,29.0
A0002,2025-05-10,167.8,2.2,12.1,29.7,0.909,30.1
A0002,2025-05-11,167.8,0.46,7.57,20.55,0.909,20.85
A0002,2025-05-12,167.8,2.07,11.37,27.93,0.909,28.31
A0003,2025-04-29,159.4,54.68,84.62,129.82,0.909,130.85
A0003,2025-04-30,159.4,66.15,104.23,161.72,0.909,163.03
A0003,2025-05-01,159.4,51.88,82.04,127.58,0.909,128.61
A0003,2025-05-02,159.4,67.78,105.85,163.32,0.909,164.63
A0003,2025-05-03,159.4,71.52,112.17,173.55,0.909,174.94
A0003,2025-05-04,159.4,13.88,24.78,41.23,0.909,41.6
A0003,2025-05-05,159.4,13.63,23.93,39.48,0.909,39.84
A0003,2025-05-06,159.4,16.6,27.8,44.71,0.909,45.1
A0003,2025-05-07,159.4,19.22,31.03,48.87,0.909,49.27
A0003,2025-05-08,159.4,20.86,33.96,53.74,0.909,54.19
A0003,2025-05-09,159.4,70.59,108.57,165.91,0.909,167.21
A0003,2025-05-10,159.4,74.71,114.68,175.01,0.909,176.39
A0003,2025-05-11,159.4,47.27,73.37,112.77,0.909,113.67
A0003,2025-05-12,159.4,62.77,97.12,148.98,0.909,150.16
A0004,2025-04-29,296.9,11.38,18.1,27.24,0.909,27.44
A0004,2025-04-30,296.9,14.29,22.46,33.55,0.909,33.8
A0004,2025-05-01,296.9,10.32,17.17,26.48,0.909,26.69
A0004,2025-05-02,296.9,14.7,23.99,36.61,0.909,36.9
A0004,2025-05-03,296.9,14.32,22.79,34.3,0.909,34.56
A0004,2025-05-04,296.9,10.31,16.88,25.8,0.909,26.0
A0004,2025-05-05,296.9,11.75,18.28,27.15,0.909,27.35
A0004,2025-05-06,296.9,11.78,19.56,30.12,0.909,30.36
A0004,2025-05-07,296.9,12.17,18.23,26.46,0.909,26.65
A0004,2025-05-08,296.9,13.86,22.56,34.36,0.909,34.63
A0004,2025-05-09,296.9,15.11,24.57,37.42,0.909,37.72
A0004,2025-05-10,296.9,15.41,23.61,34.74,0.909,34.99
A0004,2025-05-11,296.9,9.68,15.4,23.18,0.909,23.36
A0004,2025-05-12,296.9,14.29,23.8,36.7,0.909,36.99
A0005,2025-04-29,317.9,24.55,35.34,49.02,0.909,49.33
A0005,2025-04-30,317.9,27.28,38.4,52.49,0.909,52.81
A0005,2025-05-01,317.9,22.68,32.22,44.3,0.909,44.58
A0005,2025-05-02,317.9,28.72,40.61,55.68,0.909,56.02
A0005,2025-05-03,317.9,29.64,42.44,58.65,0.909,59.02
A0005,2025-05-04,317.9,21.49,30.02,40.84,0.909,41.09
A0005,2025-05-05,317.9,23.62,33.76,46.61,0.909,46.91
A0005,2025-05-06,317.9,25.34,36.08,49.7,0.909,50.01
A0005,2025-05-07,317.9,24.79,35.17,48.34,0.909,48.64
A0005,2025-05-08,317.9,27.18,38.4,52.62,0.909,52.95
A0005,2025-05-09,317.9,28.52,40.31,55.26,0.909,55.6
A0005,2025-05-10,317.9,29.88,42.5,58.51,0.909,58.87
A0005,2025-05-11,317.9,19.16,27.16,37.3,0.909,37.53
A0005,2025-05-12,317.9,26.4,37.95,52.59,0.909,52.92
A0006,2025-04-29,5.9,91.38,122.3,165.19,0.556,128.25
A0006,2025-04-30,5.9,117.32,153.86,204.56,0.556,160.9
A0006,2025-05-01,5.9,86.09,119.72,166.37,0.556,126.2
A0006,2025-05-02,5.9,113.0,149.25,199.53,0.556,156.23
A0006,2025-05-03,5.9,124.17,163.89,218.97,0.556,171.54
A0006,2025-05-04,5.9,99.58,139.75,195.49,0.556,147.49
A0006,2025-05-05,5.9,88.05,116.92,156.97,0.556,122.49
A0006,2025-05-06,5.9,93.99,125.8,169.92,0.556,131.92
A0006,2025-05-07,5.9,94.35,121.26,158.6,0.556,126.45
A0006,2025-05-08,5.9,108.25,144.34,194.4,0.556,151.29
A0006,2025-05-09,5.9,114.64,150.67,200.65,0.556,157.61
A0006,2025-05-10,5.9,126.15,164.91,218.67,0.556,172.37
A0006,2025-05-11,5.9,80.44,110.75,152.79,0.556,116.59
A0006,2025-05-12,5.9,103.1,134.97,179.18,0.556,141.11
A0007,2025-04-29,340.2,11.43,18.28,30.18,0.909,30.45
A0007,2025-04-30,340.2,13.18,22.89,39.78,0.909,40.16
A0007,2025-05-01,340.2,8.51,13.84,23.1,0.909,23.31
A0007,2025-05-02,340.2,11.4,18.87,31.86,0.909,32.15
A0007,2025-05-03,340.2,12.58,21.6,37.29,0.909,37.65
A0007,2025-05-04,340.2,8.7,17.27,32.19,0.909,32.53
A0007,2025-05-05,340.2,7.28,11.78,19.61,0.909,19.79
A0007,2025-05-06,340.2,10.72,16.88,27.61,0.909,27.85
A0007,2025-05-07,340.2,10.91,16.92,27.39,0.909,27.63
A0007,2025-05-08,340.2,11.04,17.24,28.02,0.909,28.27
A0007,2025-05-09,340.2,11.59,18.29,29.94,0.909,30.2
A0007,2025-05-10,340.2,12.63,20.32,33.71,0.909,34.01
A0007,2025-05-11,340.2,7.49,12.56,21.39,0.909,21.59
A0007,2025-05-12,340.2,8.64,12.86,20.22,0.909,20.38
A0008,2025-04-29,4.9,32.79,46.11,63.82,0.556,48.57
A0008,2025-04-30,4.9,41.64,57.44,78.43,0.556,60.35
A0008,2025-05-01,4.9,31.53,44.47,61.66,0.556,46.86
A0008,2025-05-02,4.9,41.07,57.94,80.35,0.556,61.05
A0008,2025-05-03,4.9,42.58,60.88,85.2,0.556,64.26
A0008,2025-05-04,4.9,31.58,43.29,58.86,0.556,45.46
A0008,2025-05-05,4.9,32.62,46.28,64.44,0.556,48.8
A0008,2025-05-06,4.9,33.12,46.92,65.27,0.556,49.47
A0008,2025-05-07,4.9,34.69,47.75,65.1,0.556,50.16
A0008,2025-05-08,4.9,38.68,53.83,73.97,0.556,56.63
A0008,2025-05-09,4.9,41.1,57.81,80.0,0.556,60.89
A0008,2025-05-10,4.9,43.99,61.64,85.09,0.556,64.89
A0008,2025-05-11,4.9,27.44,37.63,51.18,0.556,39.51
A0008,2025-05-12,4.9,39.71,55.72,77.0,0.556,58.67
A0009,2025-04-29,4.1,15.26,26.03,41.12,0.556,28.13
A0009,2025-04-30,4.1,19.35,31.89,49.43,0.556,34.32
A0009,2025-05-01,4.1,14.62,25.57,40.9,0.556,27.7
A0009,2025-05-02,4.1,20.11,32.86,50.69,0.556,35.33
A0009,2025-05-03,4.1,22.14,34.95,52.87,0.556,37.44
A0009,2025-05-04,4.1,16.64,26.73,40.85,0.556,28.69
A0009,2025-05-05,4.1,14.7,24.94,39.26,0.556,26.93
A0009,2025-05-06,4.1,15.12,26.13,41.54,0.556,28.27
A0009,2025-05-07,4.1,16.34,26.31,40.26,0.556,28.25
A0009,2025-05-08,4.1,17.5,28.44,43.74,0.556,30.56
A0009,2025-05-09,4.1,19.07,31.58,49.09,0.556,34.01
A0009,2025-05-10,4.1,20.85,33.15,50.37,0.556,35.54
A0009,2025-05-11,4.1,12.33,20.44,31.78,0.556,22.01
A0009,2025-05-12,4.1,15.26,25.64,40.17,0.556,27.66
A0010,2025-04-29,295.8,15.51,23.47,36.22,0.909,36.51
A0010,2025-04-30,295.8,18.8,30.25,48.57,0.909,48.99
A0010,2025-05-01,295.8,13.65,20.59,31.7,0.909,31.96
A0010,2025-05-02,295.8,17.34,26.45,41.05,0.909,41.38
A0010,2025-05-03,295.8,17.71,27.59,43.4,0.909,43.75
A0010,2025-05-04,295.8,14.21,22.82,36.61,0.909,36.92
A0010,2025-05-05,295.8,12.57,19.06,29.46,0.909,29.7
A0010,2025-05-06,295.8,14.78,22.49,34.83,0.909,35.12
A0010,2025-05-07,295.8,15.38,22.88,34.9,0.909,35.17
A0010,2025-05-08,295.8,15.82,23.06,34.64,0.909,34.91
A0010,2025-05-09,295.8,16.86,25.3,38.82,0.909,39.13
A0010,2025-05-10,295.8,17.57,26.24,40.11,0.909,40.43
A0010,2025-05-11,295.8,11.59,17.25,26.31,0.909,26.51
A0010,2025-05-12,295.8,14.07,20.14,29.86,0.909,30.08
A0011,2025-04-29,7.5,134.58,181.75,254.02,0.556,191.78
A0011,2025-04-30,7.5,171.08,227.05,312.83,0.556,238.97
A0011,2025-05-01,7.5,124.77,166.0,229.2,0.556,174.78
A0011,2025-05-02,7.5,174.09,233.73,325.13,0.556,246.42
A0011,2025-05-03,7.5,184.5,245.99,340.21,0.556,259.07
A0011,2025-05-04,7.5,144.54,193.52,268.58,0.556,203.94
A0011,2025-05-05,7.5,133.35,177.21,244.43,0.556,186.55
A0011,2025-05-06,7.5,139.7,186.68,258.66,0.556,196.67
A0011,2025-05-07,7.5,143.46,189.44,259.89,0.556,199.22
A0011,2025-05-08,7.5,155.62,203.84,277.73,0.556,214.1
A0011,2025-05-09,7.5,173.75,233.71,325.6,0.556,246.47
A0011,2025-05-10,7.5,184.33,246.61,342.04,0.556,259.86
A0011,2025-05-11,7.5,118.16,159.76,223.51,0.556,168.62
A0011,2025-05-12,7.5,152.45,202.45,279.06,0.556,213.09
A0012,2025-04-29,11.6,70.77,94.69,133.08,0.909,133.96
A0012,2025-04-30,11.6,97.38,126.18,172.42,0.909,173.47
A0012,2025-05-01,11.6,60.18,83.34,120.52,0.909,121.37
A0012,2025-05-02,11.6,88.36,119.12,168.49,0.909,169.61
A0012,2025-05-03,11.6,160.5,213.79,299.3,0.909,301.25
A0012,2025-05-04,11.6,125.69,164.18,225.95,0.909,227.35
A0012,2025-05-05,11.6,108.76,149.76,215.57,0.909,217.07
A0012,2025-05-06,11.6,116.2,157.97,225.01,0.909,226.54
A0012,2025-05-07,11.6,124.76,168.92,239.81,0.909,241.42
A0012,2025-05-08,11.6,130.68,179.62,258.18,0.909,259.96
A0012,2025-05-09,11.6,75.55,106.29,155.63,0.909,156.75
A0012,2025-05-10,11.6,83.62,113.94,162.6,0.909,163.71
A0012,2025-05-11,11.6,47.33,66.65,97.64,0.909,98.35
A0012,2025-05-12,11.6,69.2,95.95,138.88,0.909,139.85
A0013,2025-04-29,406.7,12.9,20.89,33.58,0.909,33.87
A0013,2025-04-30,406.7,16.57,27.74,45.49,0.909,45.9
A0013,2025-05-01,406.7,11.28,18.32,29.52,0.909,29.78
A0013,2025-05-02,406.7,17.06,27.23,43.4,0.909,43.76
A0013,2025-05-03,406.7,23.89,35.82,54.79,0.909,55.22
A0013,2025-05-04,406.7,18.51,29.32,46.52,0.909,46.91
A0013,2025-05-05,406.7,21.09,32.66,51.05,0.909,51.47
A0013,2025-05-06,406.7,20.41,33.72,54.88,0.909,55.36
A0013,2025-05-07,406.7,26.85,44.48,72.49,0.909,73.13
A0013,2025-05-08,406.7,28.98,45.9,72.81,0.909,73.42
A0013,2025-05-09,406.7,31.6,52.11,84.72,0.909,85.47
A0013,2025-05-10,406.7,15.55,24.96,39.91,0.909,40.25
A0013,2025-05-11,406.7,10.16,17.51,29.18,0.909,29.45
A0013,2025-05-12,406.7,17.05,29.56,49.43,0.909,49.88
A0014,2025-04-29,34.1,11.11,16.61,25.23,0.909,25.43
A0014,2025-04-30,34.1,14.6,21.61,32.6,0.909,32.85
A0014,2025-05-01,34.1,9.13,14.06,21.79,0.909,21.97
A0014,2025-05-02,34.1,13.37,20.01,30.41,0.909,30.65
A0014,2025-05-03,34.1,13.04,19.19,28.84,0.909,29.06
A0014,2025-05-04,34.1,9.92,14.88,22.67,0.909,22.85
A0014,2025-05-05,34.1,11.15,16.94,26.02,0.909,26.23
A0014,2025-05-06,34.1,11.81,17.67,26.86,0.909,27.07
A0014,2025-05-07,34.1,11.88,18.38,28.57,0.909,28.8
A0014,2025-05-08,34.1,13.05,19.76,30.27,0.909,30.51
A0014,2025-05-09,34.1,14.32,21.83,33.59,0.909,33.86
A0014,2025-05-10,34.1,14.25,21.98,34.11,0.909,34.39
A0014,2025-05-11,34.1,9.56,14.75,22.89,0.909,23.08
A0014,2025-05-12,34.1,13.73,23.14,37.89,0.909,38.22
A0015,2025-04-29,2.8,54.11,78.66,112.27,0.556,83.33
A0015,2025-04-30,2.8,75.02,106.87,150.47,0.556,112.92
A0015,2025-05-01,2.8,50.36,73.42,104.99,0.556,77.81
A0015,2025-05-02,2.8,68.16,99.6,142.65,0.556,105.58
A0015,2025-05-03,2.8,73.94,106.45,150.97,0.556,112.64
A0015,2025-05-04,2.8,57.82,84.06,119.99,0.556,89.05
A0015,2025-05-05,2.8,52.87,77.44,111.08,0.556,82.11
A0015,2025-05-06,2.8,53.57,78.43,112.46,0.556,83.15
A0015,2025-05-07,2.8,56.54,79.96,112.04,0.556,84.42
A0015,2025-05-08,2.8,61.34,87.31,122.87,0.556,92.25
A0015,2025-05-09,2.8,68.25,99.44,142.16,0.556,105.38
A0015,2025-05-10,2.8,74.76,106.57,150.11,0.556,112.62
A0015,2025-05-11,2.8,45.15,65.68,93.78,0.556,69.58
A0015,2025-05-12,2.8,62.59,89.78,127.02,0.556,94.96
A0016,2025-04-29,358.9,16.72,25.91,39.26,0.909,39.56
A0016,2025-04-30,358.9,22.56,34.06,50.77,0.909,51.14
A0016,2025-05-01,358.9,15.23,23.0,34.27,0.909,34.53
A0016,2025-05-02,358.9,21.91,32.62,48.16,0.909,48.52
A0016,2025-05-03,358.9,20.6,30.67,45.29,0.909,45.62
A0016,2025-05-04,358.9,16.12,24.93,37.72,0.909,38.01
A0016,2025-05-05,358.9,17.97,27.04,40.22,0.909,40.52
A0016,2025-05-06,358.9,17.35,27.34,41.85,0.909,42.18
A0016,2025-05-07,358.9,17.82,27.53,41.62,0.909,41.94
A0016,2025-05-08,358.9,19.56,30.91,47.4,0.909,47.77
A0016,2025-05-09,358.9,21.95,33.73,50.84,0.909,51.23
A0016,2025-05-10,358.9,21.94,34.13,51.84,0.909,52.24
A0016,2025-05-11,358.9,14.77,23.32,35.73,0.909,36.01
A0016,2025-05-12,358.9,23.48,38.85,61.16,0.909,61.67
A0017,2025-04-29,5.5,19.25,29.28,43.06,0.556,31.2
A0017,2025-04-30,5.5,23.99,35.52,51.34,0.556,37.71
A0017,2025-05-01,5.5,18.14,28.24,42.11,0.556,30.16
A0017,2025-05-02,5.5,23.69,36.53,54.16,0.556,38.98
A0017,2025-05-03,5.5,25.52,38.98,57.45,0.556,41.54
A0017,2025-05-04,5.5,18.79,27.11,38.53,0.556,28.7
A0017,2025-05-05,5.5,17.0,25.96,38.26,0.556,27.67
A0017,2025-05-06,5.5,18.82,28.93,42.82,0.556,30.86
A0017,2025-05-07,5.5,19.85,29.72,43.26,0.556,31.6
A0017,2025-05-08,5.5,21.71,32.72,47.85,0.556,34.82
A0017,2025-05-09,5.5,22.88,35.26,52.25,0.556,37.62
A0017,2025-05-10,5.5,24.86,37.35,54.49,0.556,39.73
A0017,2025-05-11,5.5,14.95,22.18,32.1,0.556,23.56
A0017,2025-05-12,5.5,18.62,28.03,40.95,0.556,29.82
A0018,2025-04-29,5.1,45.76,61.04,87.09,0.556,64.66
A0018,2025-04-30,5.1,58.75,77.37,109.12,0.556,81.78
A0018,2025-05-01,5.1,42.64,56.56,80.31,0.556,59.86
A0018,2025-05-02,5.1,56.26,74.35,105.18,0.556,78.63
A0018,2025-05-03,5.1,60.99,79.66,111.48,0.556,84.08
A0018,2025-05-04,5.1,48.64,64.54,91.64,0.556,68.3
A0018,2025-05-05,5.1,44.2,58.88,83.9,0.556,62.35
A0018,2025-05-06,5.1,45.31,60.28,85.81,0.556,63.83
A0018,2025-05-07,5.1,46.44,62.33,89.42,0.556,66.1
A0018,2025-05-08,5.1,54.14,71.1,100.03,0.556,75.12
A0018,2025-05-09,5.1,117.57,142.86,185.99,0.556,148.85
A0018,2025-05-10,5.1,133.55,160.4,206.17,0.556,166.75
A0018,2025-05-11,5.1,82.77,101.92,134.56,0.556,106.45
A0018,2025-05-12,5.1,113.92,137.55,177.83,0.556,143.14
A0019,2025-04-29,3.4,65.19,89.58,122.71,0.556,94.18
A0019,2025-04-30,3.4,83.93,113.09,152.7,0.556,118.59
A0019,2025-05-01,3.4,61.47,86.46,120.4,0.556,91.17
A0019,2025-05-02,3.4,145.6,209.77,296.94,0.556,221.88
A0019,2025-05-03,3.4,151.42,219.57,312.15,0.556,232.43
A0019,2025-05-04,3.4,114.21,162.29,227.6,0.556,171.36
A0019,2025-05-05,3.4,111.92,164.24,235.32,0.556,174.11
A0019,2025-05-06,3.4,58.61,83.46,117.22,0.556,88.15
A0019,2025-05-07,3.4,59.91,83.12,114.65,0.556,87.5
A0019,2025-05-08,3.4,67.11,92.9,127.94,0.556,97.77
A0019,2025-05-09,3.4,77.13,108.38,150.82,0.556,114.27
A0019,2025-05-10,3.4,82.42,114.8,158.79,0.556,120.91
A0019,2025-05-11,3.4,51.33,71.1,97.95,0.556,74.83
A0019,2025-05-12,3.4,76.2,102.9,139.18,0.556,107.94
A0020,2025-04-29,11.4,176.29,246.64,329.49,0.909,331.37
A0020,2025-04-30,11.4,230.31,308.97,401.6,0.909,403.71
A0020,2025-05-01,11.4,158.24,219.3,291.2,0.909,292.83
A0020,2025-05-02,11.4,211.38,300.34,405.1,0.909,407.48
A0020,2025-05-03,11.4,236.25,328.35,436.8,0.909,439.27
A0020,2025-05-04,11.4,178.4,240.82,314.33,0.909,316.0
A0020,2025-05-05,11.4,162.68,224.96,298.3,0.909,299.97
A0020,2025-05-06,11.4,175.57,246.06,329.07,0.909,330.96
A0020,2025-05-07,11.4,181.46,247.89,326.12,0.909,327.9
A0020,2025-05-08,11.4,194.54,267.75,353.97,0.909,355.93
A0020,2025-05-09,11.4,213.76,301.38,404.54,0.909,406.89
A0020,2025-05-10,11.4,236.43,325.48,430.34,0.909,432.72
A0020,2025-05-11,11.4,144.63,198.87,262.74,0.909,264.19
A0020,2025-05-12,11.4,197.89,268.82,352.34,0.909,354.24
A0021,2025-04-29,161.9,4.37,17.0,38.86,0.909,39.36
A0021,2025-04-30,161.9,6.66,21.95,48.01,0.909,48.6
A0021,2025-05-01,161.9,4.53,17.24,38.87,0.909,39.36
A0021,2025-05-02,161.9,7.04,22.65,49.75,0.909,50.36
A0021,2025-05-03,161.9,7.18,23.31,51.33,0.909,51.96
A0021,2025-05-04,161.9,10.84,31.26,65.89,0.909,66.67
A0021,2025-05-05,161.9,11.36,31.59,66.05,0.909,66.83
A0021,2025-05-06,161.9,10.66,30.54,64.23,0.909,65.0
A0021,2025-05-07,161.9,11.03,31.56,65.9,0.909,66.68
A0021,2025-05-08,161.9,12.62,34.78,71.43,0.909,72.26
A0021,2025-05-09,161.9,13.87,37.52,77.26,0.909,78.16
A0021,2025-05-10,161.9,14.11,38.17,79.23,0.909,80.16
A0021,2025-05-11,161.9,1.86,11.88,28.87,0.909,29.25
A0021,2025-05-12,161.9,5.67,19.81,44.06,0.909,44.62
A0022,2025-04-29,177.7,23.23,30.05,43.74,0.909,44.06
A0022,2025-04-30,177.7,27.86,34.74,48.56,0.909,48.88
A0022,2025-05-01,177.7,22.82,29.19,41.99,0.909,42.28
A0022,2025-05-02,177.7,29.11,35.48,48.28,0.909,48.57
A0022,2025-05-03,177.7,29.91,36.29,49.1,0.909,49.39
A0022,2025-05-04,177.7,21.49,25.23,32.75,0.909,32.92
A0022,2025-05-05,177.7,22.95,28.22,38.81,0.909,39.05
A0022,2025-05-06,177.7,24.21,30.53,43.24,0.909,43.53
A0022,2025-05-07,177.7,25.42,32.46,46.6,0.909,46.92
A0022,2025-05-08,177.7,27.82,34.39,47.59,0.909,47.89
A0022,2025-05-09,177.7,29.44,35.71,48.32,0.909,48.61
A0022,2025-05-10,177.7,30.26,36.67,49.55,0.909,49.85
A0022,2025-05-11,177.7,18.62,22.25,29.56,0.909,29.72
A0022,2025-05-12,177.7,25.54,30.46,40.35,0.909,40.57
A0023,2025-04-29,5.3,18.02,26.77,40.24,0.556,28.64
A0023,2025-04-30,5.3,23.65,35.24,53.08,0.556,37.72
A0023,2025-05-01,5.3,16.49,23.66,34.71,0.556,25.2
A0023,2025-05-02,5.3,21.29,31.68,47.67,0.556,33.9
A0023,2025-05-03,5.3,23.51,34.76,52.08,0.556,37.17
A0023,2025-05-04,5.3,18.22,27.63,42.11,0.556,29.64
A0023,2025-05-05,5.3,17.65,25.5,37.59,0.556,27.18
A0023,2025-05-06,5.3,18.72,27.62,41.33,0.556,29.53
A0023,2025-05-07,5.3,19.31,27.42,39.9,0.556,29.16
A0023,2025-05-08,5.3,20.79,29.06,41.8,0.556,30.83
A0023,2025-05-09,5.3,21.87,31.92,47.38,0.556,34.07
A0023,2025-05-10,5.3,23.86,34.33,50.45,0.556,36.57
A0023,2025-05-11,5.3,15.11,21.99,32.59,0.556,23.47
A0023,2025-05-12,5.3,20.72,29.51,43.05,0.556,31.39
A0024,2025-04-29,414.4,8.08,13.7,22.38,0.909,22.57
A0024,2025-04-30,414.4,9.91,16.69,27.16,0.909,27.39
A0024,2025-05-01,414.4,7.63,12.88,21.0,0.909,21.18
A0024,2025-05-02,414.4,10.16,17.28,28.28,0.909,28.53
A0024,2025-05-03,414.4,10.0,17.06,27.96,0.909,28.21
A0024,2025-05-04,414.4,7.79,13.34,21.91,0.909,22.1
A0024,2025-05-05,414.4,7.71,12.8,20.67,0.909,20.85
A0024,2025-05-06,414.4,8.43,14.12,22.91,0.909,23.11
A0024,2025-05-07,414.4,8.72,14.13,22.49,0.909,22.68
A0024,2025-05-08,414.4,9.36,15.49,24.97,0.909,25.19
A0024,2025-05-09,414.4,10.45,17.5,28.4,0.909,28.64
A0024,2025-05-10,414.4,10.5,17.39,28.02,0.909,28.26
A0024,2025-05-11,414.4,6.75,11.38,18.51,0.909,18.67
A0024,2025-05-12,414.4,10.06,15.88,24.87,0.909,25.08
A0025,2025-04-29,5.6,13.64,21.64,31.6,0.556,23.03
A0025,2025-04-30,5.6,16.3,26.23,38.6,0.556,27.95
A0025,2025-05-01,5.6,11.92,19.6,29.17,0.556,20.93
A0025,2025-05-02,5.6,17.2,27.81,41.03,0.556,29.65
A0025,2025-05-03,5.6,18.23,29.73,44.06,0.556,31.72
A0025,2025-05-04,5.6,13.17,21.48,31.82,0.556,22.91
A0025,2025-05-05,5.6,12.59,20.34,30.0,0.556,21.69
A0025,2025-05-06,5.6,13.72,21.79,31.84,0.556,23.19
A0025,2025-05-07,5.6,13.96,22.12,32.27,0.556,23.53
A0025,2025-05-08,5.6,14.91,23.45,34.09,0.556,24.93
A0025,2025-05-09,5.6,17.17,27.48,40.32,0.556,29.26
A0025,2025-05-10,5.6,31.92,50.79,74.29,0.556,54.05
A0025,2025-05-11,5.6,20.44,32.74,48.05,0.556,34.86
A0025,2025-05-12,5.6,25.24,39.76,57.84,0.556,42.27
A0026,2025-04-29,2.4,175.54,233.49,319.66,0.556,245.46
A0026,2025-04-30,2.4,218.72,295.73,410.24,0.556,311.64
A0026,2025-05-01,2.4,154.68,206.82,284.32,0.556,217.58
A0026,2025-05-02,2.4,213.41,284.55,390.31,0.556,299.24
A0026,2025-05-03,2.4,234.74,312.11,427.14,0.556,328.09
A0026,2025-05-04,2.4,177.52,234.27,318.65,0.556,245.99
A0026,2025-05-05,2.4,160.42,213.9,293.42,0.556,224.95
A0026,2025-05-06,2.4,182.21,240.73,327.74,0.556,252.82
A0026,2025-05-07,2.4,187.73,245.98,332.58,0.556,258.01
A0026,2025-05-08,2.4,193.7,254.11,343.92,0.556,266.58
A0026,2025-05-09,2.4,214.1,284.38,388.88,0.556,298.9
A0026,2025-05-10,2.4,234.02,309.58,421.92,0.556,325.18
A0026,2025-05-11,2.4,140.98,183.76,247.37,0.556,192.6
A0026,2025-05-12,2.4,186.99,249.72,342.97,0.556,262.67
A0027,2025-04-29,315.9,33.69,48.26,71.94,0.909,72.47
A0027,2025-04-30,315.9,39.14,55.78,82.82,0.909,83.43
A0027,2025-05-01,315.9,11.89,17.81,27.43,0.909,27.65
A0027,2025-05-02,315.9,16.98,25.78,40.08,0.909,40.4
A0027,2025-05-03,315.9,17.2,25.68,39.47,0.909,39.78
A0027,2025-05-04,315.9,11.6,17.18,26.26,0.909,26.46
A0027,2025-05-05,315.9,13.47,19.28,28.72,0.909,28.94
A0027,2025-05-06,315.9,15.42,21.98,32.64,0.909,32.88
A0027,2025-05-07,315.9,28.64,41.53,62.49,0.909,62.96
A0027,2025-05-08,315.9,31.27,45.78,69.35,0.909,69.88
A0027,2025-05-09,315.9,33.99,50.16,76.43,0.909,77.03
A0027,2025-05-10,315.9,33.52,48.94,73.99,0.909,74.56
A0027,2025-05-11,315.9,20.05,29.85,45.79,0.909,46.15
A0027,2025-05-12,315.9,23.01,35.0,54.48,0.909,54.92
A0028,2025-04-29,341.3,16.7,25.97,37.09,0.909,37.35
A0028,2025-04-30,341.3,21.96,34.42,49.36,0.909,49.7
A0028,2025-05-01,341.3,16.55,24.77,34.62,0.909,34.85
A0028,2025-05-02,341.3,22.07,33.47,47.14,0.909,47.45
A0028,2025-05-03,341.3,21.55,31.64,43.72,0.909,44.0
A0028,2025-05-04,341.3,16.16,24.25,33.94,0.909,34.16
A0028,2025-05-05,341.3,18.11,26.53,36.61,0.909,36.84
A0028,2025-05-06,341.3,18.42,27.88,39.22,0.909,39.48
A0028,2025-05-07,341.3,19.79,30.9,44.2,0.909,44.51
A0028,2025-05-08,341.3,21.23,32.31,45.6,0.909,45.9
A0028,2025-05-09,341.3,22.91,35.03,49.54,0.909,49.87
A0028,2025-05-10,341.3,23.25,34.53,48.05,0.909,48.36
A0028,2025-05-11,341.3,14.98,22.58,31.69,0.909,31.9
A0028,2025-05-12,341.3,22.42,34.22,48.36,0.909,48.68
A0029,2025-04-29,300.7,10.54,16.19,24.3,0.909,24.48
A0029,2025-04-30,300.7,12.37,19.67,30.15,0.909,30.39
A0029,2025-05-01,300.7,10.01,15.54,23.46,0.909,23.64
A0029,2025-05-02,300.7,12.98,20.47,31.2,0.909,31.44
A0029,2025-05-03,300.7,12.55,19.67,29.88,0.909,30.11
A0029,2025-05-04,300.7,9.72,15.88,24.7,0.909,24.9
A0029,2025-05-05,300.7,10.27,15.66,23.39,0.909,23.57
A0029,2025-05-06,300.7,10.55,16.24,24.42,0.909,24.6
A0029,2025-05-07,300.7,10.66,16.58,25.07,0.909,25.26
A0029,2025-05-08,300.7,11.44,17.93,27.24,0.909,27.45
A0029,2025-05-09,300.7,12.68,20.07,30.66,0.909,30.9
A0029,2025-05-10,300.7,12.21,19.12,29.03,0.909,29.26
A0029,2025-05-11,300.7,8.32,13.49,20.9,0.909,21.07
A0029,2025-05-12,300.7,11.32,17.45,26.24,0.909,26.44
A0030,2025-04-29,176.2,24.14,36.26,52.78,0.909,53.16
A0030,2025-04-30,176.2,28.68,43.28,63.21,0.909,63.66
A0030,2025-05-01,176.2,21.64,31.38,44.67,0.909,44.97
A0030,2025-05-02,176.2,30.71,45.09,64.71,0.909,65.16
A0030,2025-05-03,176.2,31.12,46.82,68.24,0.909,68.72
A0030,2025-05-04,176.2,22.59,33.38,48.1,0.909,48.44
A0030,2025-05-05,176.2,22.26,32.19,45.73,0.909,46.04
A0030,2025-05-06,176.2,24.21,36.42,53.08,0.909,53.46
A0030,2025-05-07,176.2,24.61,36.68,53.14,0.909,53.51
A0030,2025-05-08,176.2,27.36,41.09,59.82,0.909,60.25
A0030,2025-05-09,176.2,30.04,44.39,63.97,0.909,64.42
A0030,2025-05-10,176.2,31.09,46.66,67.89,0.909,68.38
A0030,2025-05-11,176.2,19.0,28.22,40.8,0.909,41.08
A0030,2025-05-12,176.2,26.33,39.7,57.95,0.909,58.37
A0031,2025-04-29,176.6,11.56,17.65,26.08,0.909,26.27
A0031,2025-04-30,176.6,14.57,23.39,35.57,0.909,35.85
A0031,2025-05-01,176.6,10.43,16.54,24.99,0.909,25.18
A0031,2025-05-02,176.6,13.77,21.1,31.23,0.909,31.46
A0031,2025-05-03,176.6,14.46,22.38,33.32,0.909,33.57
A0031,2025-05-04,176.6,10.7,17.05,25.82,0.909,26.02
A0031,2025-05-05,176.6,10.94,17.02,25.42,0.909,25.61
A0031,2025-05-06,176.6,11.47,17.51,25.87,0.909,26.06
A0031,2025-05-07,176.6,11.91,18.75,28.21,0.909,28.43
A0031,2025-05-08,176.6,12.89,20.22,30.35,0.909,30.58
A0031,2025-05-09,176.6,13.73,21.11,31.29,0.909,31.53
A0031,2025-05-10,176.6,14.56,22.62,33.75,0.909,34.0
A0031,2025-05-11,176.6,8.92,14.04,21.13,0.909,21.29
A0031,2025-05-12,176.6,18.67,28.35,41.73,0.909,42.04
A0032,2025-04-29,5.0,104.98,146.05,209.67,0.556,154.88
A0032,2025-04-30,5.0,135.59,189.84,273.91,0.556,201.52
A0032,2025-05-01,5.0,97.5,137.66,199.9,0.556,146.31
A0032,2025-05-02,5.0,127.74,178.15,256.29,0.556,189.01
A0032,2025-05-03,5.0,138.37,191.74,274.44,0.556,203.22
A0032,2025-05-04,5.0,102.13,142.67,205.5,0.556,151.4
A0032,2025-05-05,5.0,98.6,138.52,200.38,0.556,147.11
A0032,2025-05-06,5.0,104.11,145.45,209.51,0.556,154.35
A0032,2025-05-07,5.0,104.49,145.95,210.19,0.556,154.87
A0032,2025-05-08,5.0,116.91,163.43,235.52,0.556,173.44
A0032,2025-05-09,5.0,127.64,177.73,255.35,0.556,188.51
A0032,2025-05-10,5.0,136.97,189.59,271.14,0.556,200.92
A0032,2025-05-11,5.0,81.92,112.9,160.91,0.556,119.57
A0032,2025-05-12,5.0,116.63,163.21,235.4,0.556,173.24
A0033,2025-04-29,343.1,47.17,78.57,119.36,0.909,120.29
A0033,2025-04-30,343.1,57.28,100.96,157.71,0.909,159.0
A0033,2025-05-01,343.1,43.83,72.11,108.84,0.909,109.68
A0033,2025-05-02,343.1,58.35,94.15,140.67,0.909,141.72
A0033,2025-05-03,343.1,32.41,50.86,74.83,0.909,75.38
A0033,2025-05-04,343.1,23.67,40.68,62.78,0.909,63.28
A0033,2025-05-05,343.1,25.8,39.42,57.12,0.909,57.52
A0033,2025-05-06,343.1,28.57,43.83,63.65,0.909,64.11
A0033,2025-05-07,343.1,29.41,44.97,65.19,0.909,65.64
A0033,2025-05-08,343.1,32.34,49.2,71.1,0.909,71.6
A0033,2025-05-09,343.1,37.13,54.67,77.45,0.909,77.97
A0033,2025-05-10,343.1,37.4,56.02,80.21,0.909,80.76
A0033,2025-05-11,343.1,23.92,36.99,53.96,0.909,54.34
A0033,2025-05-12,343.1,33.36,49.44,70.32,0.909,70.79
A0034,2025-04-29,2.7,77.2,107.12,150.64,0.556,113.17
A0034,2025-04-30,2.7,96.57,134.35,189.31,0.556,141.98
A0034,2025-05-01,2.7,66.46,90.72,126.01,0.556,95.62
A0034,2025-05-02,2.7,93.86,129.97,182.49,0.556,137.26
A0034,2025-05-03,2.7,99.44,138.54,195.42,0.556,146.44
A0034,2025-05-04,2.7,75.27,103.44,144.41,0.556,109.13
A0034,2025-05-05,2.7,68.83,95.57,134.48,0.556,100.98
A0034,2025-05-06,2.7,76.45,105.89,148.72,0.556,111.84
A0034,2025-05-07,2.7,124.34,172.11,241.61,0.556,181.77
A0034,2025-05-08,2.7,130.93,180.1,251.63,0.556,190.04
A0034,2025-05-09,2.7,144.15,200.08,281.43,0.556,211.38
A0034,2025-05-10,2.7,155.52,216.95,306.32,0.556,229.36
A0034,2025-05-11,2.7,94.44,131.19,184.63,0.556,138.61
A0034,2025-05-12,2.7,75.69,108.71,156.73,0.556,115.38
A0035,2025-04-29,378.0,4.61,19.53,50.14,0.909,50.83
A0035,2025-04-30,378.0,1.48,11.83,33.74,0.909,34.24
A0035,2025-05-01,378.0,0.68,8.69,26.85,0.909,27.26
A0035,2025-05-02,378.0,2.02,13.63,38.89,0.909,39.47
A0035,2025-05-03,378.0,3.05,16.57,45.89,0.909,46.56
A0035,2025-05-04,378.0,1.18,11.6,33.83,0.909,34.33
A0035,2025-05-05,378.0,1.64,13.02,36.7,0.909,37.24
A0035,2025-05-06,378.0,2.71,15.98,42.87,0.909,43.48
A0035,2025-05-07,378.0,3.44,17.93,47.03,0.909,47.69
A0035,2025-05-08,378.0,4.85,21.65,54.96,0.909,55.71
A0035,2025-05-09,378.0,5.93,24.48,61.48,0.909,62.32
A0035,2025-05-10,378.0,7.76,29.1,71.85,0.909,72.83
A0035,2025-05-11,378.0,3.01,16.91,43.53,0.909,44.14
A0035,2025-05-12,378.0,7.48,27.52,66.58,0.909,67.47
A0036,2025-04-29,4.1,4.26,7.5,12.29,0.556,8.16
A0036,2025-04-30,4.1,5.04,9.16,15.26,0.556,10.01
A0036,2025-05-01,4.1,3.84,6.73,11.0,0.556,7.32
A0036,2025-05-02,4.1,5.11,9.71,16.54,0.556,10.66
A0036,2025-05-03,4.1,5.04,9.7,16.59,0.556,10.65
A0036,2025-05-04,4.1,3.53,6.44,10.75,0.556,7.04
A0036,2025-05-05,4.1,4.39,7.62,12.41,0.556,8.28
A0036,2025-05-06,4.1,4.83,8.08,12.89,0.556,8.75
A0036,2025-05-07,4.1,4.87,8.53,13.96,0.556,9.29
A0036,2025-05-08,4.1,5.15,8.99,14.69,0.556,9.78
A0036,2025-05-09,4.1,5.79,10.37,17.16,0.556,11.31
A0036,2025-05-10,4.1,5.73,10.33,17.14,0.556,11.27
A0036,2025-05-11,4.1,3.75,6.4,10.34,0.556,6.95
A0036,2025-05-12,4.1,6.02,10.04,15.99,0.556,10.86
A0037,2025-04-29,297.8,20.14,29.81,44.35,0.909,44.68
A0037,2025-04-30,297.8,24.88,39.05,60.34,0.909,60.83
A0037,2025-05-01,297.8,17.31,24.85,36.19,0.909,36.45
A0037,2025-05-02,297.8,24.23,35.41,52.19,0.909,52.57
A0037,2025-05-03,297.8,25.55,38.06,56.85,0.909,57.27
A0037,2025-05-04,297.8,19.51,30.46,46.91,0.909,47.28
A0037,2025-05-05,297.8,18.03,25.68,37.18,0.909,37.44
A0037,2025-05-06,297.8,20.58,29.58,43.1,0.909,43.41
A0037,2025-05-07,297.8,21.39,32.24,48.55,0.909,48.92
A0037,2025-05-08,297.8,21.59,31.08,45.34,0.909,45.67
A0037,2025-05-09,297.8,23.82,34.73,51.11,0.909,51.48
A0037,2025-05-10,297.8,25.03,37.32,55.78,0.909,56.2
A0037,2025-05-11,297.8,15.95,24.28,36.78,0.909,37.07
A0037,2025-05-12,297.8,19.83,28.2,40.77,0.909,41.06
A0038,2025-04-29,400.7,23.86,34.07,49.31,0.909,49.66
A0038,2025-04-30,400.7,29.89,42.81,62.08,0.909,62.52
A0038,2025-05-01,400.7,22.28,32.41,47.53,0.909,47.87
A0038,2025-05-02,400.7,30.09,43.31,63.05,0.909,63.5
A0038,2025-05-03,400.7,29.94,42.75,61.86,0.909,62.29
A0038,2025-05-04,400.7,21.13,30.45,44.36,0.909,44.67
A0038,2025-05-05,400.7,24.48,34.3,48.96,0.909,49.3
A0038,2025-05-06,400.7,25.37,36.06,52.01,0.909,52.37
A0038,2025-05-07,400.7,26.4,37.52,54.11,0.909,54.49
A0038,2025-05-08,400.7,28.54,41.33,60.42,0.909,60.86
A0038,2025-05-09,400.7,30.69,44.21,64.38,0.909,64.84
A0038,2025-05-10,400.7,31.55,44.8,64.56,0.909,65.01
A0038,2025-05-11,400.7,19.85,28.5,41.4,0.909,41.7
A0038,2025-05-12,400.7,29.46,42.21,61.24,0.909,61.68
A0039,2025-04-29,319.9,20.42,30.63,45.36,0.909,45.7
A0039,2025-04-30,319.9,25.29,37.43,54.95,0.909,55.35
A0039,2025-05-01,319.9,18.31,26.28,37.77,0.909,38.03
A0039,2025-05-02,319.9,23.5,36.05,54.16,0.909,54.57
A0039,2025-05-03,319.9,24.73,37.29,55.42,0.909,55.83
A0039,2025-05-04,319.9,19.68,28.58,41.41,0.909,41.7
A0039,2025-05-05,319.9,17.84,24.91,35.13,0.909,35.36
A0039,2025-05-06,319.9,20.54,30.26,44.29,0.909,44.61
A0039,2025-05-07,319.9,19.94,30.76,46.38,0.909,46.74
A0039,2025-05-08,319.9,21.27,30.94,44.9,0.909,45.22
A0039,2025-05-09,319.9,23.09,34.88,51.9,0.909,52.29
A0039,2025-05-10,319.9,24.24,35.63,52.08,0.909,52.46
A0039,2025-05-11,319.9,16.09,23.73,34.75,0.909,35.0
A0039,2025-05-12,319.9,20.74,28.25,39.09,0.909,39.34
A0040,2025-04-29,2.6,29.22,46.01,71.3,0.556,49.53
A0040,2025-04-30,2.6,35.29,55.63,86.25,0.556,59.88
A0040,2025-05-01,2.6,27.73,41.59,62.46,0.556,44.49
A0040,2025-05-02,2.6,36.45,54.88,82.63,0.556,58.74
A0040,2025-05-03,2.6,36.72,57.9,89.79,0.556,62.33
A0040,2025-05-04,2.6,27.27,40.59,60.63,0.556,43.37
A0040,2025-05-05,2.6,27.66,42.83,65.68,0.556,46.01
A0040,2025-05-06,2.6,30.0,46.07,70.27,0.556,49.43
A0040,2025-05-07,2.6,30.57,48.16,74.62,0.556,51.83
A0040,2025-05-08,2.6,33.42,51.61,78.99,0.556,55.41
A0040,2025-05-09,2.6,37.42,56.19,84.44,0.556,60.11
A0040,2025-05-10,2.6,38.58,61.08,94.97,0.556,65.79
A0040,2025-05-11,2.6,23.32,35.03,52.65,0.556,37.48
A0040,2025-05-12,2.6,36.06,54.34,81.86,0.556,58.16
A0041,2025-04-29,328.0,15.94,24.15,35.02,0.909,35.26
A0041,2025-04-30,328.0,19.75,29.63,42.69,0.909,42.98
A0041,2025-05-01,328.0,14.98,22.57,32.61,0.909,32.84
A0041,2025-05-02,328.0,19.75,29.53,42.45,0.909,42.75
A0041,2025-05-03,328.0,20.39,30.85,44.69,0.909,45.0
A0041,2025-05-04,328.0,15.93,24.44,35.71,0.909,35.96
A0041,2025-05-05,328.0,15.58,23.29,33.49,0.909,33.72
A0041,2025-05-06,328.0,16.39,24.82,35.97,0.909,36.22
A0041,2025-05-07,328.0,16.09,23.62,33.58,0.909,33.81
A0041,2025-05-08,328.0,17.14,25.77,37.19,0.909,37.45
A0041,2025-05-09,328.0,18.79,28.35,41.01,0.909,41.29
A0041,2025-05-10,328.0,18.96,28.87,41.97,0.909,42.27
A0041,2025-05-11,328.0,12.65,19.48,28.52,0.909,28.73
A0041,2025-05-12,328.0,17.16,25.81,37.26,0.909,37.52
A0042,2025-04-29,185.4,0.0,5.98,19.11,0.909,19.41
A0042,2025-04-30,185.4,0.43,8.25,24.16,0.909,24.52
A0042,2025-05-01,185.4,0.08,5.54,18.4,0.909,18.69
A0042,2025-05-02,185.4,0.61,8.57,25.21,0.909,25.59
A0042,2025-05-03,185.4,1.12,10.29,28.95,0.909,29.37
A0042,2025-05-04,185.4,0.21,7.09,21.68,0.909,22.01
A0042,2025-05-05,185.4,0.56,8.75,25.08,0.909,25.45
A0042,2025-05-06,185.4,1.04,10.05,27.58,0.909,27.98
A0042,2025-05-07,185.4,1.4,11.17,29.81,0.909,30.23
A0042,2025-05-08,185.4,2.13,13.21,33.84,0.909,34.31
A0042,2025-05-09,185.4,2.55,14.41,36.58,0.909,37.09
A0042,2025-05-10,185.4,3.25,16.18,40.44,0.909,40.99
A0042,2025-05-11,185.4,0.86,9.79,26.67,0.909,27.05
A0042,2025-05-12,185.4,3.27,15.76,39.04,0.909,39.57
A0043,2025-04-29,5.4,64.54,89.19,121.79,0.556,93.72
A0043,2025-04-30,5.4,83.53,116.85,160.91,0.556,122.97
A0043,2025-05-01,5.4,61.98,87.83,122.01,0.556,92.58
A0043,2025-05-02,5.4,83.19,116.43,160.4,0.556,122.54
A0043,2025-05-03,5.4,87.58,119.3,161.24,0.556,125.12
A0043,2025-05-04,5.4,67.69,93.98,128.75,0.556,98.81
A0043,2025-05-05,5.4,65.41,91.72,126.52,0.556,96.55
A0043,2025-05-06,5.4,65.89,91.82,126.11,0.556,96.58
A0043,2025-05-07,5.4,66.23,90.39,122.36,0.556,94.83
A0043,2025-05-08,5.4,76.47,106.96,147.3,0.556,112.57
A0043,2025-05-09,5.4,83.24,116.42,160.3,0.556,122.51
A0043,2025-05-10,5.4,87.58,118.39,159.13,0.556,124.04
A0043,2025-05-11,5.4,54.38,75.17,102.66,0.556,78.99
A0043,2025-05-12,5.4,77.01,108.84,150.94,0.556,114.69
A0044,2025-04-29,388.8,16.39,25.79,42.19,0.909,42.56
A0044,2025-04-30,388.8,21.31,33.23,54.02,0.909,54.5
A0044,2025-05-01,388.8,14.26,21.71,34.7,0.909,35.0
A0044,2025-05-02,388.8,21.2,31.84,50.4,0.909,50.82
A0044,2025-05-03,388.8,19.63,28.47,43.91,0.909,44.26
A0044,2025-05-04,388.8,14.33,22.67,37.22,0.909,37.55
A0044,2025-05-05,388.8,18.14,26.96,42.33,0.909,42.68
A0044,2025-05-06,388.8,18.56,28.9,46.93,0.909,47.34
A0044,2025-05-07,388.8,18.21,28.47,46.37,0.909,46.78
A0044,2025-05-08,388.8,20.05,30.74,49.39,0.909,49.81
A0044,2025-05-09,388.8,22.92,34.86,55.69,0.909,56.16
A0044,2025-05-10,388.8,22.35,33.02,51.65,0.909,52.07
A0044,2025-05-11,388.8,14.79,23.09,37.58,0.909,37.91
A0044,2025-05-12,388.8,24.89,40.11,66.66,0.909,67.27
A0045,2025-04-29,6.3,53.51,75.59,103.31,0.556,79.44
A0045,2025-04-30,6.3,67.72,91.04,120.33,0.556,95.11
A0045,2025-05-01,6.3,49.92,68.96,92.87,0.556,72.28
A0045,2025-05-02,6.3,68.32,93.93,126.09,0.556,98.4
A0045,2025-05-03,6.3,72.23,99.06,132.76,0.556,103.74
A0045,2025-05-04,6.3,52.8,73.41,99.29,0.556,77.01
A0045,2025-05-05,6.3,53.34,72.54,96.65,0.556,75.89
A0045,2025-05-06,6.3,56.6,78.76,106.57,0.556,82.62
A0045,2025-05-07,6.3,57.94,78.9,105.21,0.556,82.55
A0045,2025-05-08,6.3,65.51,90.16,121.12,0.556,94.46
A0045,2025-05-09,6.3,70.46,96.5,129.18,0.556,101.03
A0045,2025-05-10,6.3,76.66,104.37,139.15,0.556,109.2
A0045,2025-05-11,6.3,46.63,65.66,89.56,0.556,68.98
A0045,2025-05-12,6.3,65.42,89.68,120.14,0.556,93.91
A0046,2025-04-29,351.0,33.58,47.39,65.93,0.909,66.35
A0046,2025-04-30,351.0,46.19,67.58,96.28,0.909,96.94
A0046,2025-05-01,351.0,31.7,45.31,63.58,0.909,64.0
A0046,2025-05-02,351.0,43.89,61.22,84.48,0.909,85.01
A0046,2025-05-03,351.0,42.19,57.79,78.73,0.909,79.21
A0046,2025-05-04,351.0,32.44,46.38,65.08,0.909,65.51
A0046,2025-05-05,351.0,36.6,50.9,70.09,0.909,70.52
A0046,2025-05-06,351.0,36.45,50.92,70.34,0.909,70.78
A0046,2025-05-07,351.0,37.68,53.72,75.24,0.909,75.73
A0046,2025-05-08,351.0,40.57,57.22,79.57,0.909,80.08
A0046,2025-05-09,351.0,45.1,63.81,88.92,0.909,89.49
A0046,2025-05-10,351.0,45.9,63.96,88.19,0.909,88.74
A0046,2025-05-11,351.0,28.93,40.67,56.43,0.909,56.79
A0046,2025-05-12,351.0,47.03,66.44,92.49,0.909,93.08
A0047,2025-04-29,35.1,35.95,49.06,70.19,0.909,70.67
A0047,2025-04-30,35.1,50.29,66.22,91.92,0.909,92.5
A0047,2025-05-01,35.1,32.36,44.97,65.31,0.909,65.77
A0047,2025-05-02,35.1,48.68,64.44,89.85,0.909,90.43
A0047,2025-05-03,35.1,45.17,60.29,84.68,0.909,85.23
A0047,2025-05-04,35.1,35.24,46.71,65.22,0.909,65.64
A0047,2025-05-05,35.1,39.72,54.21,77.58,0.909,78.12
A0047,2025-05-06,35.1,39.28,53.54,76.54,0.909,77.06
A0047,2025-05-07,35.1,39.57,54.35,78.2,0.909,78.74
A0047,2025-05-08,35.1,42.93,58.09,82.53,0.909,83.08
A0047,2025-05-09,35.1,49.08,66.1,93.54,0.909,94.17
A0047,2025-05-10,35.1,61.31,89.86,135.91,0.909,136.95
A0047,2025-05-11,35.1,43.3,62.45,93.34,0.909,94.04
A0047,2025-05-12,35.1,72.09,109.42,169.63,0.909,171.0
A0048,2025-04-29,3.3,111.29,160.42,234.02,0.556,170.65
A0048,2025-04-30,3.3,140.25,199.28,287.7,0.556,211.56
A0048,2025-05-01,3.3,105.77,146.31,207.03,0.556,154.74
A0048,2025-05-02,3.3,140.51,200.92,291.39,0.556,213.48
A0048,2025-05-03,3.3,149.48,218.25,321.24,0.556,232.55
A0048,2025-05-04,3.3,115.07,157.84,221.89,0.556,166.73
A0048,2025-05-05,3.3,109.01,152.14,216.73,0.556,161.11
A0048,2025-05-06,3.3,114.91,163.82,237.08,0.556,174.0
A0048,2025-05-07,3.3,119.86,173.6,254.09,0.556,184.78
A0048,2025-05-08,3.3,126.28,180.99,262.92,0.556,192.37
A0048,2025-05-09,3.3,139.76,200.2,290.71,0.556,212.77
A0048,2025-05-10,3.3,149.36,218.34,321.65,0.556,232.69
A0048,2025-05-11,3.3,94.17,133.48,192.35,0.556,141.66
A0048,2025-05-12,3.3,131.51,187.18,270.56,0.556,198.76
A0049,2025-04-29,6.0,409.38,553.37,733.36,0.556,578.37
A0049,2025-04-30,6.0,932.61,1564.79,2355.03,0.556,1674.55
A0049,2025-05-01,6.0,771.25,1314.4,1993.35,0.556,1408.7
A0049,2025-05-02,6.0,969.95,1682.51,2573.21,0.556,1806.22
A0049,2025-05-03,6.0,1009.65,1778.88,2740.44,0.556,1912.43
A0049,2025-05-04,6.0,839.39,1394.86,2089.19,0.556,1491.29
A0049,2025-05-05,6.0,287.13,423.93,594.92,0.556,447.68
A0049,2025-05-06,6.0,353.01,495.53,673.68,0.556,520.27
A0049,2025-05-07,6.0,379.56,528.49,714.65,0.556,554.34
A0049,2025-05-08,6.0,425.06,586.65,788.65,0.556,614.71
A0049,2025-05-09,6.0,467.63,649.41,876.64,0.556,680.97
A0049,2025-05-10,6.0,520.71,718.67,966.11,0.556,753.03
A0049,2025-05-11,6.0,326.48,455.85,617.57,0.556,478.31
A0049,2025-05-12,6.0,434.08,593.97,793.84,0.556,621.73
A0050,2025-04-29,10.7,107.37,140.11,187.21,0.909,188.28
A0050,2025-04-30,10.7,129.38,168.92,225.78,0.909,227.07
A0050,2025-05-01,10.7,89.3,119.42,162.73,0.909,163.72
A0050,2025-05-02,10.7,118.19,159.1,217.91,0.909,219.25
A0050,2025-05-03,10.7,129.55,174.03,237.99,0.909,239.45
A0050,2025-05-04,10.7,85.59,116.44,160.8,0.909,161.8
A0050,2025-05-05,10.7,101.35,131.96,175.99,0.909,176.99
A0050,2025-05-06,10.7,117.89,150.95,198.49,0.909,199.57
A0050,2025-05-07,10.7,113.51,145.85,192.37,0.909,193.43
A0050,2025-05-08,10.7,119.85,153.34,201.5,0.909,202.6
A0050,2025-05-09,10.7,131.55,171.83,229.75,0.909,231.07
A0050,2025-05-10,10.7,143.86,187.09,249.27,0.909,250.68
A0050,2025-05-11,10.7,80.64,105.71,141.76,0.909,142.57
A0050,2025-05-12,10.7,125.96,160.45,210.03,0.909,211.16
A0051,2025-04-29,308.0,13.93,22.41,33.94,0.909,34.2
A0051,2025-04-30,308.0,18.35,31.03,48.3,0.909,48.69
A0051,2025-05-01,308.0,13.35,19.8,28.59,0.909,28.79
A0051,2025-05-02,308.0,18.37,28.16,41.5,0.909,41.8
A0051,2025-05-03,308.0,18.18,27.37,39.9,0.909,40.18
A0051,2025-05-04,308.0,13.37,21.75,33.16,0.909,33.42
A0051,2025-05-05,308.0,14.5,21.41,30.84,0.909,31.05
A0051,2025-05-06,308.0,14.78,23.84,36.17,0.909,36.45
A0051,2025-05-07,308.0,15.3,24.27,36.49,0.909,36.77
A0051,2025-05-08,308.0,17.06,26.82,40.1,0.909,40.41
A0051,2025-05-09,308.0,18.44,28.59,42.42,0.909,42.73
A0051,2025-05-10,308.0,18.74,28.34,41.41,0.909,41.71
A0051,2025-05-11,308.0,11.92,18.64,27.78,0.909,27.99
A0051,2025-05-12,308.0,37.6,60.76,92.3,0.909,93.02
A0052,2025-04-29,32.5,10.49,39.4,78.32,0.909,79.2
A0052,2025-04-30,32.5,11.26,50.23,102.7,0.909,103.89
A0052,2025-05-01,32.5,9.44,39.42,79.8,0.909,80.71
A0052,2025-05-02,32.5,14.95,48.49,93.66,0.909,94.69
A0052,2025-05-03,32.5,14.31,48.33,94.14,0.909,95.18
A0052,2025-05-04,32.5,9.0,38.89,79.14,0.909,80.06
A0052,2025-05-05,32.5,5.99,44.15,95.53,0.909,96.7
A0052,2025-05-06,32.5,14.24,44.03,84.15,0.909,85.06
A0052,2025-05-07,32.5,2.17,46.25,105.61,0.909,106.96
A0052,2025-05-08,32.5,15.18,49.68,96.14,0.909,97.19
A0052,2025-05-09,32.5,14.7,52.66,103.76,0.909,104.92
A0052,2025-05-10,32.5,12.56,54.55,111.09,0.909,112.38
A0052,2025-05-11,32.5,3.41,38.44,85.6,0.909,86.68
A0052,2025-05-12,32.5,132.9,181.77,247.57,0.909,249.06
A0053,2025-04-29,320.0,33.85,51.42,75.79,0.909,76.34
A0053,2025-04-30,320.0,45.24,64.99,92.37,0.909,92.99
A0053,2025-05-01,320.0,31.12,44.96,64.15,0.909,64.58
A0053,2025-05-02,320.0,42.39,63.62,93.05,0.909,93.72
A0053,2025-05-03,320.0,43.78,61.98,87.22,0.909,87.79
A0053,2025-05-04,320.0,34.37,48.79,68.78,0.909,69.23
A0053,2025-05-05,320.0,31.54,45.28,64.34,0.909,64.77
A0053,2025-05-06,320.0,33.27,50.78,75.07,0.909,75.62
A0053,2025-05-07,320.0,34.41,51.12,74.29,0.909,74.82
A0053,2025-05-08,320.0,37.73,56.07,81.49,0.909,82.07
A0053,2025-05-09,320.0,41.86,63.11,92.57,0.909,93.24
A0053,2025-05-10,320.0,43.61,61.87,87.19,0.909,87.76
A0053,2025-05-11,320.0,27.41,39.87,57.15,0.909,57.54
A0053,2025-05-12,320.0,37.36,54.82,79.05,0.909,79.6
A0054,2025-04-29,4.9,15.67,23.35,35.6,0.556,25.05
A0054,2025-04-30,4.9,21.07,31.06,46.99,0.556,33.27
A0054,2025-05-01,4.9,14.61,21.51,32.51,0.556,23.03
A0054,2025-05-02,4.9,19.32,28.61,43.43,0.556,30.67
A0054,2025-05-03,4.9,21.19,31.14,47.02,0.556,33.35
A0054,2025-05-04,4.9,14.88,21.35,31.68,0.556,22.79
A0054,2025-05-05,4.9,16.16,23.97,36.42,0.556,25.7
A0054,2025-05-06,4.9,16.36,24.04,36.29,0.556,25.74
A0054,2025-05-07,4.9,16.81,25.26,38.74,0.556,27.13
A0054,2025-05-08,4.9,17.86,26.65,40.65,0.556,28.59
A0054,2025-05-09,4.9,19.71,29.07,43.99,0.556,31.14
A0054,2025-05-10,4.9,21.55,31.64,47.73,0.556,33.88
A0054,2025-05-11,4.9,12.79,18.41,27.38,0.556,19.66
A0054,2025-05-12,4.9,19.12,28.78,44.18,0.556,30.92
A0055,2025-04-29,5.0,18.49,27.15,39.07,0.556,28.8
A0055,2025-04-30,5.0,23.02,34.56,50.46,0.556,36.77
A0055,2025-05-01,5.0,17.84,25.13,35.18,0.556,26.53
A0055,2025-05-02,5.0,22.03,32.01,45.76,0.556,33.92
A0055,2025-05-03,5.0,23.32,33.3,47.05,0.556,35.21
A0055,2025-05-04,5.0,18.71,28.22,41.33,0.556,30.04
A0055,2025-05-05,5.0,17.83,25.01,34.9,0.556,26.38
A0055,2025-05-06,5.0,18.83,27.61,39.71,0.556,29.29
A0055,2025-05-07,5.0,19.41,28.01,39.86,0.556,29.65
A0055,2025-05-08,5.0,22.23,32.64,46.97,0.556,34.63
A0055,2025-05-09,5.0,22.33,32.73,47.06,0.556,34.72
A0055,2025-05-10,5.0,24.34,35.06,49.82,0.556,37.11
A0055,2025-05-11,5.0,15.85,23.39,33.78,0.556,24.83
A0055,2025-05-12,5.0,21.63,31.95,46.16,0.556,33.92
A0056,2025-04-29,420.0,51.76,114.28,232.43,0.909,235.11
A0056,2025-04-30,420.0,86.43,180.96,377.07,0.909,381.53
A0056,2025-05-01,420.0,40.24,91.49,190.59,0.909,192.84
A0056,2025-05-02,420.0,73.37,157.85,330.22,0.909,334.13
A0056,2025-05-03,420.0,5.53,19.62,45.91,0.909,46.51
A0056,2025-05-04,420.0,2.79,13.97,34.09,0.909,34.55
A0056,2025-05-05,420.0,6.37,21.17,47.88,0.909,48.49
A0056,2025-05-06,420.0,6.75,22.46,50.35,0.909,50.99
A0056,2025-05-07,420.0,7.46,23.79,52.89,0.909,53.55
A0056,2025-05-08,420.0,9.05,27.14,59.4,0.909,60.13
A0056,2025-05-09,420.0,10.66,30.73,66.67,0.909,67.49
A0056,2025-05-10,420.0,10.77,30.85,67.49,0.909,68.32
A0056,2025-05-11,420.0,5.83,20.44,46.35,0.909,46.94
A0056,2025-05-12,420.0,12.3,33.42,71.43,0.909,72.29
A0057,2025-04-29,400.9,14.15,22.6,35.23,0.909,35.52
A0057,2025-04-30,400.9,16.9,29.37,48.0,0.909,48.42
A0057,2025-05-01,400.9,11.94,19.0,29.54,0.909,29.78
A0057,2025-05-02,400.9,15.33,25.2,39.94,0.909,40.27
A0057,2025-05-03,400.9,16.94,27.55,43.4,0.909,43.76
A0057,2025-05-04,400.9,13.47,23.5,38.47,0.909,38.81
A0057,2025-05-05,400.9,10.92,17.72,27.88,0.909,28.11
A0057,2025-05-06,400.9,13.33,21.35,33.34,0.909,33.61
A0057,2025-05-07,400.9,12.9,21.6,34.58,0.909,34.88
A0057,2025-05-08,400.9,13.78,22.47,35.43,0.909,35.72
A0057,2025-05-09,400.9,14.74,24.25,38.45,0.909,38.77
A0057,2025-05-10,400.9,15.77,25.87,40.94,0.909,41.28
A0057,2025-05-11,400.9,10.36,17.44,28.01,0.909,28.25
A0057,2025-05-12,400.9,12.12,19.54,30.61,0.909,30.86
A0058,2025-04-29,32.0,84.0,130.74,201.97,0.909,203.59
A0058,2025-04-30,32.0,114.9,174.23,264.63,0.909,266.68
A0058,2025-05-01,32.0,69.51,116.83,188.95,0.909,190.59
A0058,2025-05-02,32.0,109.95,160.29,236.99,0.909,238.73
A0058,2025-05-03,32.0,95.34,134.37,193.84,0.909,195.2
A0058,2025-05-04,32.0,19.42,30.26,46.78,0.909,47.15
A0058,2025-05-05,32.0,23.09,39.24,63.85,0.909,64.41
A0058,2025-05-06,32.0,25.95,38.05,56.49,0.909,56.9
A0058,2025-05-07,32.0,27.13,38.39,55.53,0.909,55.92
A0058,2025-05-08,32.0,31.27,43.06,61.03,0.909,61.44
A0058,2025-05-09,32.0,36.14,48.67,67.76,0.909,68.19
A0058,2025-05-10,32.0,36.1,49.94,71.03,0.909,71.51
A0058,2025-05-11,32.0,23.91,34.22,49.93,0.909,50.29
A0058,2025-05-12,32.0,35.55,57.04,89.77,0.909,90.52
A0059,2025-04-29,194.3,37.68,55.05,78.95,0.909,79.5
A0059,2025-04-30,194.3,46.57,66.91,94.89,0.909,95.53
A0059,2025-05-01,194.3,33.97,50.36,72.9,0.909,73.41
A0059,2025-05-02,194.3,45.77,68.24,99.16,0.909,99.86
A0059,2025-05-03,194.3,49.3,72.87,105.29,0.909,106.02
A0059,2025-05-04,194.3,37.5,53.37,75.19,0.909,75.69
A0059,2025-05-05,194.3,33.68,51.04,74.91,0.909,75.46
A0059,2025-05-06,194.3,37.24,54.69,78.69,0.909,79.24
A0059,2025-05-07,194.3,38.47,57.96,84.77,0.909,85.38
A0059,2025-05-08,194.3,41.01,61.83,90.47,0.909,91.12
A0059,2025-05-09,194.3,45.8,68.27,99.17,0.909,99.87
A0059,2025-05-10,194.3,49.88,73.38,105.69,0.909,106.43
A0059,2025-05-11,194.3,30.27,45.63,66.75,0.909,67.23
A0059,2025-05-12,194.3,39.73,60.99,90.23,0.909,90.9
A0060,2025-04-29,2.8,208.61,296.29,425.18,0.556,314.2
A0060,2025-04-30,2.8,250.17,346.9,489.09,0.556,366.65
A0060,2025-05-01,2.8,68.77,97.16,138.89,0.556,102.95
A0060,2025-05-02,2.8,97.57,139.68,201.57,0.556,148.28
A0060,2025-05-03,2.8,108.82,156.28,226.04,0.556,165.97
A0060,2025-05-04,2.8,81.68,112.06,156.71,0.556,118.26
A0060,2025-05-05,2.8,75.22,103.32,144.62,0.556,109.05
A0060,2025-05-06,2.8,84.38,118.56,168.79,0.556,125.54
A0060,2025-05-07,2.8,89.28,121.8,169.59,0.556,128.43
A0060,2025-05-08,2.8,93.41,129.69,183.03,0.556,137.1
A0060,2025-05-09,2.8,103.93,144.89,205.11,0.556,153.26
A0060,2025-05-10,2.8,113.29,158.51,224.98,0.556,167.75
A0060,2025-05-11,2.8,69.14,95.58,134.44,0.556,100.98
A0060,2025-05-12,2.8,90.64,126.48,179.16,0.556,133.79
A0061,2025-04-29,26.3,13.68,22.65,34.31,0.909,34.58
A0061,2025-04-30,26.3,16.37,21.94,29.18,0.909,29.34
A0061,2025-05-01,26.3,11.98,18.37,26.69,0.909,26.88
A0061,2025-05-02,26.3,16.74,26.09,38.25,0.909,38.53
A0061,2025-05-03,26.3,16.57,24.49,34.79,0.909,35.03
A0061,2025-05-04,26.3,10.88,15.51,21.54,0.909,21.68
A0061,2025-05-05,26.3,13.42,19.4,27.18,0.909,27.35
A0061,2025-05-06,26.3,14.32,24.0,36.59,0.909,36.88
A0061,2025-05-07,26.3,14.37,19.68,26.58,0.909,26.74
A0061,2025-05-08,26.3,15.78,23.17,32.78,0.909,33.0
A0061,2025-05-09,26.3,17.45,26.71,38.75,0.909,39.02
A0061,2025-05-10,26.3,17.73,25.29,35.12,0.909,35.34
A0061,2025-05-11,26.3,10.88,15.59,21.72,0.909,21.86
A0061,2025-05-12,26.3,16.93,24.15,33.54,0.909,33.75
A0062,2025-04-29,294.6,19.52,29.36,44.54,0.909,44.89
A0062,2025-04-30,294.6,22.72,33.84,50.98,0.909,51.37
A0062,2025-05-01,294.6,16.63,25.28,38.61,0.909,38.91
A0062,2025-05-02,294.6,21.35,32.25,49.07,0.909,49.46
A0062,2025-05-03,294.6,22.15,34.72,54.09,0.909,54.53
A0062,2025-05-04,294.6,17.3,26.19,39.9,0.909,40.21
A0062,2025-05-05,294.6,34.27,52.3,80.1,0.909,80.73
A0062,2025-05-06,294.6,41.85,66.22,103.79,0.909,104.64
A0062,2025-05-07,294.6,41.62,66.6,105.11,0.909,105.99
A0062,2025-05-08,294.6,44.43,69.87,109.1,0.909,109.99
A0062,2025-05-09,294.6,17.51,27.42,42.7,0.909,43.05
A0062,2025-05-10,294.6,18.93,29.6,46.05,0.909,46.43
A0062,2025-05-11,294.6,40.16,57.86,85.16,0.909,85.78
A0062,2025-05-12,294.6,49.24,63.73,86.07,0.909,86.58
A0063,2025-04-29,2.9,194.66,271.54,398.85,0.556,289.22
A0063,2025-04-30,2.9,251.56,340.37,487.43,0.556,360.79
A0063,2025-05-01,2.9,177.83,249.62,368.5,0.556,266.13
A0063,2025-05-02,2.9,234.14,329.51,487.43,0.556,351.44
A0063,2025-05-03,2.9,247.79,348.42,515.05,0.556,371.56
A0063,2025-05-04,2.9,211.09,285.45,408.58,0.556,302.55
A0063,2025-05-05,2.9,174.81,249.32,372.71,0.556,266.46
A0063,2025-05-06,2.9,191.84,269.26,397.46,0.556,287.06
A0063,2025-05-07,2.9,198.29,273.5,398.04,0.556,290.79
A0063,2025-05-08,2.9,212.79,295.86,433.42,0.556,314.97
A0063,2025-05-09,2.9,236.73,331.7,488.98,0.556,353.55
A0063,2025-05-10,2.9,251.26,350.88,515.86,0.556,373.8
A0063,2025-05-11,2.9,162.39,225.53,330.09,0.556,240.05
A0063,2025-05-12,2.9,222.95,309.93,453.96,0.556,329.93
A0064,2025-04-29,424.6,20.74,32.74,48.92,0.909,49.28
A0064,2025-04-30,424.6,51.86,76.78,110.4,0.909,111.16
A0064,2025-05-01,424.6,38.24,54.86,77.28,0.909,77.79
A0064,2025-05-02,424.6,49.54,77.17,114.45,0.909,115.3
A0064,2025-05-03,424.6,49.39,77.97,116.53,0.909,117.4
A0064,2025-05-04,424.6,16.65,26.35,39.43,0.909,39.73
A0064,2025-05-05,424.6,18.33,28.82,42.97,0.909,43.29
A0064,2025-05-06,424.6,19.74,32.42,49.52,0.909,49.91
A0064,2025-05-07,424.6,20.94,33.19,49.71,0.909,50.09
A0064,2025-05-08,424.6,24.89,37.62,54.78,0.909,55.17
A0064,2025-05-09,424.6,27.31,43.14,64.5,0.909,64.99
A0064,2025-05-10,424.6,28.67,45.27,67.67,0.909,68.18
A0064,2025-05-11,424.6,18.09,27.46,40.11,0.909,40.39
A0064,2025-05-12,424.6,28.31,43.89,64.92,0.909,65.39
A0065,2025-04-29,296.0,9.01,15.12,23.27,0.909,23.45
A0065,2025-04-30,296.0,9.54,17.19,27.39,0.909,27.63
A0065,2025-05-01,296.0,7.95,13.25,20.32,0.909,20.49
A0065,2025-05-02,296.0,11.13,18.75,28.94,0.909,29.17
A0065,2025-05-03,296.0,11.4,18.92,28.96,0.909,29.18
A0065,2025-05-04,296.0,8.31,14.4,22.54,0.909,22.72
A0065,2025-05-05,296.0,7.05,11.87,18.31,0.909,18.45
A0065,2025-05-06,296.0,9.34,15.22,23.08,0.909,23.26
A0065,2025-05-07,296.0,9.53,15.44,23.34,0.909,23.52
A0065,2025-05-08,296.0,10.21,16.26,24.33,0.909,24.51
A0065,2025-05-09,296.0,11.18,18.26,27.73,0.909,27.94
A0065,2025-05-10,296.0,11.41,17.97,26.72,0.909,26.92
A0065,2025-05-11,296.0,7.15,11.85,18.13,0.909,18.27
A0065,2025-05-12,296.0,7.84,12.63,19.03,0.909,19.18
A0066,2025-04-29,320.3,16.14,21.14,28.26,0.909,28.43
A0066,2025-04-30,320.3,18.99,23.94,30.99,0.909,31.15
A0066,2025-05-01,320.3,16.22,21.67,29.45,0.909,29.62
A0066,2025-05-02,320.3,19.42,26.23,35.94,0.909,36.16
A0066,2025-05-03,320.3,19.88,27.24,37.73,0.909,37.97
A0066,2025-05-04,320.3,14.73,18.35,23.51,0.909,23.63
A0066,2025-05-05,320.3,16.08,20.7,27.29,0.909,27.44
A0066,2025-05-06,320.3,16.98,21.77,28.6,0.909,28.75
A0066,2025-05-07,320.3,17.7,22.57,29.51,0.909,29.66
A0066,2025-05-08,320.3,19.1,24.54,32.29,0.909,32.46
A0066,2025-05-09,320.3,19.8,26.45,35.92,0.909,36.13
A0066,2025-05-10,320.3,20.3,27.37,37.45,0.909,37.68
A0066,2025-05-11,320.3,32.67,39.87,50.11,0.909,50.34
A0066,2025-05-12,320.3,43.08,51.97,64.62,0.909,64.91
A0067,2025-04-29,5.1,44.23,100.46,197.8,0.556,113.98
A0067,2025-04-30,5.1,13.37,37.08,78.89,0.556,42.89
A0067,2025-05-01,5.1,9.48,28.94,62.58,0.556,33.61
A0067,2025-05-02,5.1,14.3,39.23,83.15,0.556,45.33
A0067,2025-05-03,5.1,15.56,42.21,89.43,0.556,48.77
A0067,2025-05-04,5.1,10.53,31.71,68.28,0.556,36.79
A0067,2025-05-05,5.1,12.43,35.02,74.17,0.556,40.46
A0067,2025-05-06,5.1,12.41,35.39,75.16,0.556,40.91
A0067,2025-05-07,5.1,13.24,37.1,78.29,0.556,42.82
A0067,2025-05-08,5.1,15.09,40.84,85.26,0.556,47.01
A0067,2025-05-09,5.1,16.53,43.9,91.56,0.556,50.52
A0067,2025-05-10,5.1,18.04,47.12,98.44,0.556,54.25
A0067,2025-05-11,5.1,9.89,30.21,65.1,0.556,35.05
A0067,2025-05-12,5.1,16.55,43.29,89.86,0.556,49.76
A0068,2025-04-29,4.1,10.66,17.13,26.37,0.556,18.41
A0068,2025-04-30,4.1,13.02,19.7,29.24,0.556,21.02
A0068,2025-05-01,4.1,10.36,15.57,23.01,0.556,16.6
A0068,2025-05-02,4.1,13.02,20.35,30.82,0.556,21.8
A0068,2025-05-03,4.1,13.8,21.63,32.85,0.556,23.19
A0068,2025-05-04,4.1,10.6,16.18,24.18,0.556,17.29
A0068,2025-05-05,4.1,10.68,17.06,26.19,0.556,18.33
A0068,2025-05-06,4.1,10.92,17.14,26.03,0.556,18.37
A0068,2025-05-07,4.1,11.3,17.99,27.57,0.556,19.32
A0068,2025-05-08,4.1,11.82,18.54,28.17,0.556,19.88
A0068,2025-05-09,4.1,13.17,20.6,31.22,0.556,22.08
A0068,2025-05-10,4.1,13.98,22.2,33.95,0.556,23.83
A0068,2025-05-11,4.1,9.27,14.77,22.64,0.556,15.86
A0068,2025-05-12,4.1,13.24,20.89,31.82,0.556,22.41
A0069,2025-04-29,5.5,12.91,38.51,92.81,0.556,46.05
A0069,2025-04-30,5.5,21.36,57.68,136.55,0.556,68.63
A0069,2025-05-01,5.5,14.71,42.18,100.43,0.556,50.27
A0069,2025-05-02,5.5,25.03,66.31,154.95,0.556,78.62
A0069,2025-05-03,5.5,30.2,78.52,181.3,0.556,92.8
A0069,2025-05-04,5.5,21.73,60.14,137.97,0.556,70.95
A0069,2025-05-05,5.5,22.68,60.96,138.2,0.556,71.68
A0069,2025-05-06,5.5,25.47,67.26,150.78,0.556,78.86
A0069,2025-05-07,5.5,26.81,70.11,156.92,0.556,82.17
A0069,2025-05-08,5.5,35.66,88.88,195.1,0.556,103.64
A0069,2025-05-09,5.5,39.05,96.54,213.13,0.556,112.74
A0069,2025-05-10,5.5,43.99,107.32,237.42,0.556,125.39
A0069,2025-05-11,5.5,21.16,57.55,128.77,0.556,67.44
A0069,2025-05-12,5.5,38.02,93.42,203.98,0.556,108.77
A0070,2025-04-29,13.2,87.04,118.47,164.26,0.909,165.3
A0070,2025-04-30,13.2,115.03,150.1,201.2,0.909,202.36
A0070,2025-05-01,13.2,80.55,110.92,155.14,0.909,156.14
A0070,2025-05-02,13.2,109.74,149.6,207.65,0.909,208.97
A0070,2025-05-03,13.2,116.92,159.1,220.55,0.909,221.95
A0070,2025-05-04,13.2,90.51,124.63,174.33,0.909,175.46
A0070,2025-05-05,13.2,84.76,111.88,151.37,0.909,152.27
A0070,2025-05-06,13.2,89.8,122.49,170.1,0.909,171.18
A0070,2025-05-07,13.2,94.78,121.16,159.58,0.909,160.45
A0070,2025-05-08,13.2,101.69,135.58,184.94,0.909,186.06
A0070,2025-05-09,13.2,150.71,205.32,284.86,0.909,286.67
A0070,2025-05-10,13.2,159.08,213.69,293.23,0.909,295.04
A0070,2025-05-11,13.2,100.59,139.05,195.06,0.909,196.34
A0070,2025-05-12,13.2,136.04,179.13,241.89,0.909,243.32
A0071,2025-04-29,26.6,25.17,36.55,56.1,0.909,56.55
A0071,2025-04-30,26.6,34.56,45.19,63.44,0.909,63.86
A0071,2025-05-01,26.6,22.23,31.73,48.06,0.909,48.43
A0071,2025-05-02,26.6,32.6,45.78,68.44,0.909,68.95
A0071,2025-05-03,26.6,30.66,43.57,65.74,0.909,66.24
A0071,2025-05-04,26.6,23.59,31.31,44.57,0.909,44.87
A0071,2025-05-05,26.6,26.99,39.18,60.11,0.909,60.59
A0071,2025-05-06,26.6,26.39,39.35,61.6,0.909,62.11
A0071,2025-05-07,26.6,26.88,38.16,57.54,0.909,57.98
A0071,2025-05-08,26.6,29.24,41.8,63.38,0.909,63.87
A0071,2025-05-09,26.6,50.18,77.85,125.37,0.909,126.45
A0071,2025-05-10,26.6,50.36,79.09,128.46,0.909,129.58
A0071,2025-05-11,26.6,33.5,51.13,81.42,0.909,82.11
A0071,2025-05-12,26.6,45.24,75.85,128.43,0.909,129.62
A0072,2025-04-29,2.8,28.45,41.51,61.01,0.556,44.21
A0072,2025-04-30,2.8,37.35,57.14,86.71,0.556,61.25
A0072,2025-05-01,2.8,27.3,40.34,59.83,0.556,43.05
A0072,2025-05-02,2.8,35.65,52.48,77.62,0.556,55.97
A0072,2025-05-03,2.8,38.39,56.31,83.08,0.556,60.03
A0072,2025-05-04,2.8,29.38,44.08,66.04,0.556,47.13
A0072,2025-05-05,2.8,27.53,41.08,61.33,0.556,43.9
A0072,2025-05-06,2.8,28.27,41.3,60.79,0.556,44.01
A0072,2025-05-07,2.8,29.2,42.66,62.78,0.556,45.46
A0072,2025-05-08,2.8,31.41,46.38,68.76,0.556,49.49
A0072,2025-05-09,2.8,34.95,51.79,76.96,0.556,55.29
A0072,2025-05-10,2.8,37.45,55.41,82.25,0.556,59.14
A0072,2025-05-11,2.8,22.9,33.63,49.66,0.556,35.86
A0072,2025-05-12,2.8,31.62,46.78,69.44,0.556,49.93
A0073,2025-04-29,333.2,17.12,25.58,36.18,0.909,36.43
A0073,2025-04-30,333.2,21.37,31.76,44.78,0.909,45.08
A0073,2025-05-01,333.2,15.74,23.24,32.62,0.909,32.84
A0073,2025-05-02,333.2,21.15,31.27,43.95,0.909,44.23
A0073,2025-05-03,333.2,21.26,30.94,43.07,0.909,43.34
A0073,2025-05-04,333.2,17.14,25.76,36.57,0.909,36.81
A0073,2025-05-05,333.2,15.97,24.09,34.27,0.909,34.5
A0073,2025-05-06,333.2,17.22,26.22,37.49,0.909,37.75
A0073,2025-05-07,333.2,17.35,24.58,33.64,0.909,33.85
A0073,2025-05-08,333.2,18.94,27.61,38.46,0.909,38.71
A0073,2025-05-09,333.2,20.73,30.48,42.7,0.909,42.98
A0073,2025-05-10,333.2,20.64,29.32,40.19,0.909,40.44
A0073,2025-05-11,333.2,13.86,20.47,28.74,0.909,28.93
A0073,2025-05-12,333.2,18.33,27.65,39.32,0.909,39.59
A0074,2025-04-29,4.4,14.12,22.75,33.55,0.556,24.25
A0074,2025-04-30,4.4,17.15,25.72,36.43,0.556,27.21
A0074,2025-05-01,4.4,12.46,18.5,26.05,0.556,19.55
A0074,2025-05-02,4.4,17.64,27.62,40.09,0.556,29.35
A0074,2025-05-03,4.4,19.13,30.15,43.94,0.556,32.07
A0074,2025-05-04,4.4,12.69,18.74,26.31,0.556,19.79
A0074,2025-05-05,4.4,13.96,20.75,29.24,0.556,21.93
A0074,2025-05-06,4.4,14.89,23.67,34.64,0.556,25.19
A0074,2025-05-07,4.4,15.64,24.27,35.05,0.556,25.76
A0074,2025-05-08,4.4,16.63,25.99,37.69,0.556,27.61
A0074,2025-05-09,4.4,17.77,27.72,40.16,0.556,29.45
A0074,2025-05-10,4.4,19.2,30.09,43.71,0.556,31.99
A0074,2025-05-11,4.4,11.36,17.5,25.19,0.556,18.57
A0074,2025-05-12,4.4,16.64,26.5,38.82,0.556,28.21
A0075,2025-04-29,409.7,15.7,24.79,38.41,0.909,38.72
A0075,2025-04-30,409.7,21.0,34.11,53.77,0.909,54.22
A0075,2025-05-01,409.7,12.7,19.77,30.36,0.909,30.6
A0075,2025-05-02,409.7,17.81,28.1,43.55,0.909,43.9
A0075,2025-05-03,409.7,19.63,31.66,49.71,0.909,50.12
A0075,2025-05-04,409.7,15.9,26.09,41.37,0.909,41.72
A0075,2025-05-05,409.7,12.26,18.86,28.75,0.909,28.98
A0075,2025-05-06,409.7,14.7,22.97,35.36,0.909,35.64
A0075,2025-05-07,409.7,15.91,25.25,39.26,0.909,39.57
A0075,2025-05-08,409.7,15.12,23.4,35.82,0.909,36.1
A0075,2025-05-09,409.7,17.13,26.66,40.94,0.909,41.27
A0075,2025-05-10,409.7,19.08,29.88,46.08,0.909,46.45
A0075,2025-05-11,409.7,11.94,18.93,29.41,0.909,29.65
A0075,2025-05-12,409.7,13.9,20.32,29.93,0.909,30.15
A0076,2025-04-29,5.9,29.68,43.86,66.1,0.556,46.95
A0076,2025-04-30,5.9,38.44,61.46,97.54,0.556,66.47
A0076,2025-05-01,5.9,16.22,24.86,38.4,0.556,26.74
A0076,2025-05-02,5.9,20.85,32.1,49.73,0.556,34.54
A0076,2025-05-03,5.9,22.25,35.28,55.72,0.556,38.12
A0076,2025-05-04,5.9,17.36,27.77,44.09,0.556,30.04
A0076,2025-05-05,5.9,16.84,25.26,38.47,0.556,27.1
A0076,2025-05-06,5.9,17.92,26.63,40.28,0.556,28.53
A0076,2025-05-07,5.9,18.08,27.65,42.66,0.556,29.73
A0076,2025-05-08,5.9,20.47,31.14,47.87,0.556,33.46
A0076,2025-05-09,5.9,21.59,32.74,50.21,0.556,35.16
A0076,2025-05-10,5.9,23.0,35.86,56.02,0.556,38.66
A0076,2025-05-11,5.9,14.2,21.63,33.29,0.556,23.25
A0076,2025-05-12,5.9,19.34,29.1,44.41,0.556,31.23
A0077,2025-04-29,31.1,9.74,16.01,24.49,0.909,24.68
A0077,2025-04-30,31.1,11.86,17.84,25.93,0.909,26.12
A0077,2025-05-01,31.1,8.82,15.55,24.64,0.909,24.85
A0077,2025-05-02,31.1,11.58,18.79,28.54,0.909,28.76
A0077,2025-05-03,31.1,11.33,18.61,28.46,0.909,28.68
A0077,2025-05-04,31.1,8.03,12.38,18.26,0.909,18.39
A0077,2025-05-05,31.1,9.87,16.77,26.1,0.909,26.31
A0077,2025-05-06,31.1,10.72,17.44,26.54,0.909,26.75
A0077,2025-05-07,31.1,10.54,17.51,26.95,0.909,27.17
A0077,2025-05-08,31.1,11.99,18.86,28.17,0.909,28.38
A0077,2025-05-09,31.1,12.59,20.24,30.59,0.909,30.82
A0077,2025-05-10,31.1,12.55,20.34,30.89,0.909,31.13
A0077,2025-05-11,31.1,8.28,13.65,20.93,0.909,21.09
A0077,2025-05-12,31.1,12.79,20.7,31.41,0.909,31.66
A0078,2025-04-29,162.3,11.91,18.4,27.57,0.909,27.78
A0078,2025-04-30,162.3,15.78,23.21,33.71,0.909,33.95
A0078,2025-05-01,162.3,11.23,17.59,26.59,0.909,26.79
A0078,2025-05-02,162.3,15.3,22.98,33.85,0.909,34.09
A0078,2025-05-03,162.3,17.14,25.65,37.69,0.909,37.96
A0078,2025-05-04,162.3,12.29,18.26,26.69,0.909,26.89
A0078,2025-05-05,162.3,12.18,18.42,27.25,0.909,27.45
A0078,2025-05-06,162.3,12.29,18.83,28.07,0.909,28.28
A0078,2025-05-07,162.3,13.29,19.74,28.85,0.909,29.06
A0078,2025-05-08,162.3,15.06,22.83,33.81,0.909,34.06
A0078,2025-05-09,162.3,15.75,23.42,34.26,0.909,34.51
A0078,2025-05-10,162.3,17.93,26.38,38.32,0.909,38.59
A0078,2025-05-11,162.3,10.43,15.8,23.4,0.909,23.57
A0078,2025-05-12,162.3,14.73,22.04,32.37,0.909,32.61
A0079,2025-04-29,2.7,63.53,88.5,120.63,0.556,92.96
A0079,2025-04-30,2.7,80.94,114.87,158.53,0.556,120.94
A0079,2025-05-01,2.7,54.76,74.68,100.33,0.556,78.25
A0079,2025-05-02,2.7,79.44,108.85,146.7,0.556,114.11
A0079,2025-05-03,2.7,84.27,119.87,165.69,0.556,126.24
A0079,2025-05-04,2.7,62.96,88.5,121.37,0.556,93.07
A0079,2025-05-05,2.7,57.52,78.75,106.07,0.556,82.55
A0079,2025-05-06,2.7,64.53,88.53,119.41,0.556,92.81
A0079,2025-05-07,2.7,67.06,94.08,128.84,0.556,98.91
A0079,2025-05-08,2.7,71.86,99.55,135.19,0.556,104.5
A0079,2025-05-09,2.7,80.47,110.46,149.06,0.556,115.82
A0079,2025-05-10,2.7,87.61,125.42,174.08,0.556,132.18
A0079,2025-05-11,2.7,51.51,72.5,99.51,0.556,76.25
A0079,2025-05-12,2.7,69.97,97.03,131.87,0.556,101.87
A0080,2025-04-29,3.2,74.17,96.61,133.19,0.556,101.69
A0080,2025-04-30,3.2,93.45,124.78,175.87,0.556,131.88
A0080,2025-05-01,3.2,66.69,86.16,117.89,0.556,90.56
A0080,2025-05-02,3.2,94.22,121.53,166.04,0.556,127.71
A0080,2025-05-03,3.2,97.18,128.32,179.1,0.556,135.37
A0080,2025-05-04,3.2,72.51,96.38,135.29,0.556,101.78
A0080,2025-05-05,3.2,71.99,92.26,125.32,0.556,96.85
A0080,2025-05-06,3.2,77.87,100.17,136.52,0.556,105.22
A0080,2025-05-07,3.2,80.3,104.36,143.58,0.556,109.8
A0080,2025-05-08,3.2,84.31,109.59,150.82,0.556,115.32
A0080,2025-05-09,3.2,94.21,121.33,165.56,0.556,127.47
A0080,2025-05-10,3.2,97.64,128.43,178.64,0.556,135.4
A0080,2025-05-11,3.2,60.72,79.82,110.98,0.556,84.15
A0080,2025-05-12,3.2,80.88,105.62,145.98,0.556,111.23
A0081,2025-04-29,3.3,458.1,607.77,852.92,0.556,641.82
A0081,2025-04-30,3.3,536.16,697.05,960.6,0.556,733.65
A0081,2025-05-01,3.3,308.9,431.46,632.22,0.556,459.35
A0081,2025-05-02,3.3,479.71,669.33,979.94,0.556,712.47
A0081,2025-05-03,3.3,565.98,764.37,1089.33,0.556,809.5
A0081,2025-05-04,3.3,257.08,379.63,580.39,0.556,407.52
A0081,2025-05-05,3.3,356.86,488.7,704.66,0.556,518.7
A0081,2025-05-06,3.3,467.74,619.33,867.64,0.556,653.82
A0081,2025-05-07,3.3,469.63,612.86,847.47,0.556,645.44
A0081,2025-05-08,3.3,467.27,615.24,857.61,0.556,648.9
A0081,2025-05-09,3.3,533.71,719.54,1023.92,0.556,761.81
A0081,2025-05-10,3.3,607.98,797.31,1107.43,0.556,840.38
A0081,2025-05-11,3.3,288.46,399.77,582.09,0.556,425.09
A0081,2025-05-12,3.3,410.79,564.38,815.95,0.556,599.32
A0082,2025-04-29,7.9,307.44,421.0,558.91,0.556,440.16
A0082,2025-04-30,7.9,409.64,571.31,767.63,0.556,598.58
A0082,2025-05-01,7.9,259.66,378.15,522.04,0.556,398.13
A0082,2025-05-02,7.9,335.2,476.08,647.14,0.556,499.84
A0082,2025-05-03,7.9,379.56,526.62,705.2,0.556,551.42
A0082,2025-05-04,7.9,267.5,407.44,577.38,0.556,431.05
A0082,2025-05-05,7.9,257.23,379.24,527.38,0.556,399.81
A0082,2025-05-06,7.9,306.22,418.78,555.46,0.556,437.76
A0082,2025-05-07,7.9,321.76,446.41,597.78,0.556,467.44
A0082,2025-05-08,7.9,341.23,462.93,610.73,0.556,483.46
A0082,2025-05-09,7.9,367.94,507.28,676.48,0.556,530.78
A0082,2025-05-10,7.9,413.46,558.76,735.19,0.556,583.26
A0082,2025-05-11,7.9,237.18,341.59,468.37,0.556,359.2
A0082,2025-05-12,7.9,329.33,453.11,603.42,0.556,473.99
A0083,2025-04-29,311.9,11.25,18.21,29.7,0.909,29.96
A0083,2025-04-30,311.9,14.65,22.82,36.32,0.909,36.62
A0083,2025-05-01,311.9,9.87,15.83,25.67,0.909,25.89
A0083,2025-05-02,311.9,13.2,20.67,33.01,0.909,33.29
A0083,2025-05-03,311.9,14.65,24.07,39.63,0.909,39.98
A0083,2025-05-04,311.9,11.41,17.35,27.16,0.909,27.39
A0083,2025-05-05,311.9,9.12,14.36,23.01,0.909,23.21
A0083,2025-05-06,311.9,10.69,17.31,28.24,0.909,28.49
A0083,2025-05-07,311.9,11.32,17.45,27.58,0.909,27.81
A0083,2025-05-08,311.9,11.81,17.98,28.16,0.909,28.39
A0083,2025-05-09,311.9,13.06,19.81,30.96,0.909,31.21
A0083,2025-05-10,311.9,14.32,22.24,35.32,0.909,35.61
A0083,2025-05-11,311.9,8.95,13.31,20.51,0.909,20.67
A0083,2025-05-12,311.9,10.86,15.51,23.2,0.909,23.37
A0084,2025-04-29,321.1,21.2,31.86,47.06,0.909,47.41
A0084,2025-04-30,321.1,27.49,41.09,60.49,0.909,60.94
A0084,2025-05-01,321.1,36.54,55.32,82.1,0.909,82.71
A0084,2025-05-02,321.1,48.26,73.69,109.94,0.909,110.77
A0084,2025-05-03,321.1,48.74,73.71,109.33,0.909,110.13
A0084,2025-05-04,321.1,39.11,60.38,90.72,0.909,91.41
A0084,2025-05-05,321.1,15.59,24.97,38.34,0.909,38.65
A0084,2025-05-06,321.1,18.54,28.94,43.76,0.909,44.1
A0084,2025-05-07,321.1,20.19,31.35,47.27,0.909,47.63
A0084,2025-05-08,321.1,21.75,33.04,49.15,0.909,49.52
A0084,2025-05-09,321.1,24.27,36.44,53.78,0.909,54.18
A0084,2025-05-10,321.1,26.01,38.27,55.75,0.909,56.15
A0084,2025-05-11,321.1,16.34,24.67,36.56,0.909,36.83
A0084,2025-05-12,321.1,21.08,32.53,48.86,0.909,49.23
A0085,2025-04-29,341.8,27.67,42.31,65.68,0.909,66.21
A0085,2025-04-30,341.8,31.11,54.27,91.25,0.909,92.09
A0085,2025-05-01,341.8,22.09,35.32,56.45,0.909,56.93
A0085,2025-05-02,341.8,30.35,46.48,72.24,0.909,72.82
A0085,2025-05-03,341.8,33.6,53.65,85.68,0.909,86.41
A0085,2025-05-04,341.8,22.24,40.87,70.62,0.909,71.3
A0085,2025-05-05,341.8,20.71,30.77,46.84,0.909,47.21
A0085,2025-05-06,341.8,27.39,40.5,61.43,0.909,61.91
A0085,2025-05-07,341.8,27.14,40.17,60.97,0.909,61.45
A0085,2025-05-08,341.8,27.91,42.11,64.79,0.909,65.31
A0085,2025-05-09,341.8,29.63,44.0,66.95,0.909,67.47
A0085,2025-05-10,341.8,33.5,50.2,76.86,0.909,77.47
A0085,2025-05-11,341.8,18.62,28.9,45.33,0.909,45.71
A0085,2025-05-12,341.8,21.63,30.22,43.94,0.909,44.25
A0086,2025-04-29,5.8,241.02,325.87,445.42,0.556,342.47
A0086,2025-04-30,5.8,299.48,401.56,545.37,0.556,421.53
A0086,2025-05-01,5.8,218.52,298.12,410.27,0.556,313.69
A0086,2025-05-02,5.8,294.86,397.69,542.57,0.556,417.81
A0086,2025-05-03,5.8,729.81,1022.3,1434.4,0.556,1079.53
A0086,2025-05-04,5.8,608.96,862.61,1219.99,0.556,912.25
A0086,2025-05-05,5.8,581.64,792.48,1089.55,0.556,833.74
A0086,2025-05-06,5.8,649.34,887.02,1221.89,0.556,933.53
A0086,2025-05-07,5.8,210.91,295.97,415.81,0.556,312.61
A0086,2025-05-08,5.8,256.41,363.13,513.48,0.556,384.01
A0086,2025-05-09,5.8,277.02,383.12,532.6,0.556,403.88
A0086,2025-05-10,5.8,305.34,415.26,570.13,0.556,436.77
A0086,2025-05-11,5.8,188.43,264.3,371.19,0.556,279.15
A0086,2025-05-12,5.8,254.83,357.56,502.31,0.556,377.67
A0087,2025-04-29,410.8,11.41,18.46,27.53,0.909,27.73
A0087,2025-04-30,410.8,14.55,25.52,39.62,0.909,39.94
A0087,2025-05-01,410.8,10.63,17.29,25.85,0.909,26.05
A0087,2025-05-02,410.8,12.89,20.53,30.37,0.909,30.59
A0087,2025-05-03,410.8,13.28,22.1,33.43,0.909,33.69
A0087,2025-05-04,410.8,12.34,20.75,31.57,0.909,31.82
A0087,2025-05-05,410.8,9.88,15.77,23.34,0.909,23.51
A0087,2025-05-06,410.8,11.36,17.95,26.43,0.909,26.62
A0087,2025-05-07,410.8,11.66,18.65,27.63,0.909,27.83
A0087,2025-05-08,410.8,12.91,19.93,28.96,0.909,29.16
A0087,2025-05-09,410.8,13.25,20.64,30.15,0.909,30.37
A0087,2025-05-10,410.8,13.9,22.23,32.94,0.909,33.18
A0087,2025-05-11,410.8,9.75,15.4,22.66,0.909,22.82
A0087,2025-05-12,410.8,11.37,16.85,23.89,0.909,24.05
A0088,2025-04-29,304.8,4.63,9.08,16.42,0.909,16.59
A0088,2025-04-30,304.8,6.85,11.68,19.68,0.909,19.86
A0088,2025-05-01,304.8,4.42,7.65,13.0,0.909,13.13
A0088,2025-05-02,304.8,5.3,9.72,17.03,0.909,17.19
A0088,2025-05-03,304.8,5.81,10.81,19.09,0.909,19.28
A0088,2025-05-04,304.8,5.14,9.38,16.4,0.909,16.56
A0088,2025-05-05,304.8,4.14,7.26,12.42,0.909,12.54
A0088,2025-05-06,304.8,4.3,8.26,14.8,0.909,14.95
A0088,2025-05-07,304.8,4.76,8.44,14.52,0.909,14.66
A0088,2025-05-08,304.8,4.96,8.6,14.61,0.909,14.75
A0088,2025-05-09,304.8,5.0,9.13,15.97,0.909,16.13
A0088,2025-05-10,304.8,5.67,10.28,17.91,0.909,18.08
A0088,2025-05-11,304.8,3.84,6.93,12.02,0.909,12.13
A0088,2025-05-12,304.8,5.23,8.08,12.8,0.909,12.91
A0089,2025-04-29,335.6,18.95,28.47,40.14,0.909,40.41
A0089,2025-04-30,335.6,21.75,32.72,46.16,0.909,46.47
A0089,2025-05-01,335.6,16.42,23.78,32.8,0.909,33.01
A0089,2025-05-02,335.6,21.07,31.68,44.69,0.909,44.99
A0089,2025-05-03,335.6,22.1,33.37,47.19,0.909,47.5
A0089,2025-05-04,335.6,16.17,24.2,34.03,0.909,34.26
A0089,2025-05-05,335.6,16.5,22.8,30.52,0.909,30.69
A0089,2025-05-06,335.6,18.95,28.1,39.31,0.909,39.57
A0089,2025-05-07,335.6,18.84,28.08,39.4,0.909,39.66
A0089,2025-05-08,335.6,19.29,28.44,39.67,0.909,39.93
A0089,2025-05-09,335.6,21.03,31.04,43.32,0.909,43.6
A0089,2025-05-10,335.6,22.03,32.21,44.69,0.909,44.97
A0089,2025-05-11,335.6,14.38,21.06,29.25,0.909,29.43
A0089,2025-05-12,335.6,19.48,26.27,34.61,0.909,34.79
A0090,2025-04-29,308.8,5.57,19.27,43.03,0.909,43.57
A0090,2025-04-30,308.8,8.08,24.71,53.13,0.909,53.77
A0090,2025-05-01,308.8,5.33,18.45,41.33,0.909,41.85
A0090,2025-05-02,308.8,8.78,25.82,56.16,0.909,56.85
A0090,2025-05-03,308.8,7.73,24.05,53.05,0.909,53.7
A0090,2025-05-04,308.8,4.7,17.72,40.35,0.909,40.87
A0090,2025-05-05,308.8,6.95,21.94,48.27,0.909,48.87
A0090,2025-05-06,308.8,6.48,21.31,47.1,0.909,47.69
A0090,2025-05-07,308.8,6.74,21.95,48.08,0.909,48.68
A0090,2025-05-08,308.8,7.75,24.07,52.09,0.909,52.72
A0090,2025-05-09,308.8,8.77,26.38,57.04,0.909,57.74
A0090,2025-05-10,308.8,8.51,25.92,56.47,0.909,57.17
A0090,2025-05-11,308.8,4.63,17.51,39.76,0.909,40.26
A0090,2025-05-12,308.8,9.69,27.65,59.09,0.909,59.81
A0091,2025-04-29,3.4,62.59,92.01,135.44,0.556,98.04
A0091,2025-04-30,3.4,79.57,115.59,168.75,0.556,122.97
A0091,2025-05-01,3.4,58.52,85.84,126.18,0.556,91.44
A0091,2025-05-02,3.4,78.21,111.7,161.13,0.556,118.57
A0091,2025-05-03,3.4,84.99,124.9,183.81,0.556,133.08
A0091,2025-05-04,3.4,63.54,90.88,131.23,0.556,96.49
A0091,2025-05-05,3.4,59.54,86.88,127.23,0.556,92.48
A0091,2025-05-06,3.4,63.5,92.35,134.92,0.556,98.26
A0091,2025-05-07,3.4,66.44,95.72,138.94,0.556,101.73
A0091,2025-05-08,3.4,72.74,104.9,152.37,0.556,111.5
A0091,2025-05-09,3.4,78.68,112.53,162.51,0.556,119.47
A0091,2025-05-10,3.4,85.41,126.63,187.47,0.556,135.08
A0091,2025-05-11,3.4,52.06,75.04,108.95,0.556,79.75
A0091,2025-05-12,3.4,69.38,100.28,145.89,0.556,106.61
A0092,2025-04-29,5.4,5.11,8.77,14.11,0.556,9.52
A0092,2025-04-30,5.4,5.84,9.36,14.49,0.556,10.08
A0092,2025-05-01,5.4,4.48,8.12,13.4,0.556,8.85
A0092,2025-05-02,5.4,6.05,10.56,17.11,0.556,11.47
A0092,2025-05-03,5.4,6.25,11.22,18.45,0.556,12.23
A0092,2025-05-04,5.4,4.32,7.12,11.2,0.556,7.69
A0092,2025-05-05,5.4,4.89,8.49,13.73,0.556,9.22
A0092,2025-05-06,5.4,5.2,8.97,14.46,0.556,9.73
A0092,2025-05-07,5.4,5.39,9.08,14.46,0.556,9.83
A0092,2025-05-08,5.4,5.96,10.49,17.07,0.556,11.4
A0092,2025-05-09,5.4,6.18,10.69,17.24,0.556,11.6
A0092,2025-05-10,5.4,6.33,11.24,18.37,0.556,12.23
A0092,2025-05-11,5.4,4.02,6.98,11.3,0.556,7.58
A0092,2025-05-12,5.4,5.43,9.88,16.35,0.556,10.78
A0093,2025-04-29,5.6,2.98,13.98,32.63,0.556,16.57
A0093,2025-04-30,5.6,4.64,17.36,39.11,0.556,20.38
A0093,2025-05-01,5.6,2.91,13.53,31.58,0.556,16.03
A0093,2025-05-02,5.6,4.51,17.13,38.87,0.556,20.15
A0093,2025-05-03,5.6,4.77,17.9,40.67,0.556,21.06
A0093,2025-05-04,5.6,2.96,13.97,32.74,0.556,16.57
A0093,2025-05-05,5.6,3.1,14.14,32.99,0.556,16.76
A0093,2025-05-06,5.6,3.32,14.8,34.27,0.556,17.5
A0093,2025-05-07,5.6,3.59,15.4,35.3,0.556,18.16
A0093,2025-05-08,5.6,4.18,16.62,37.57,0.556,19.53
A0093,2025-05-09,5.6,4.72,17.8,40.07,0.556,20.9
A0093,2025-05-10,5.6,5.16,18.79,42.24,0.556,22.04
A0093,2025-05-11,5.6,2.22,12.46,29.7,0.556,14.86
A0093,2025-05-12,5.6,4.46,16.91,38.15,0.556,19.86
A0094,2025-04-29,2.8,75.11,107.67,150.33,0.556,113.6
A0094,2025-04-30,2.8,92.64,129.11,176.88,0.556,135.75
A0094,2025-05-01,2.8,65.51,91.26,124.98,0.556,95.94
A0094,2025-05-02,2.8,94.03,135.28,189.3,0.556,142.78
A0094,2025-05-03,2.8,100.55,143.76,200.37,0.556,151.62
A0094,2025-05-04,2.8,72.97,100.56,136.7,0.556,105.58
A0094,2025-05-05,2.8,70.75,98.28,134.34,0.556,103.29
A0094,2025-05-06,2.8,77.34,109.25,151.04,0.556,115.05
A0094,2025-05-07,2.8,78.63,111.02,153.44,0.556,116.91
A0094,2025-05-08,2.8,82.09,113.64,154.97,0.556,119.38
A0094,2025-05-09,2.8,95.38,136.47,190.29,0.556,143.94
A0094,2025-05-10,2.8,102.78,145.94,202.46,0.556,153.79
A0094,2025-05-11,2.8,60.6,85.41,117.91,0.556,89.93
A0094,2025-05-12,2.8,84.13,115.56,156.73,0.556,121.27
A0095,2025-04-29,6.1,62.76,81.79,111.05,0.556,85.86
A0095,2025-04-30,6.1,76.21,98.38,132.46,0.556,103.12
A0095,2025-05-01,6.1,88.14,114.93,156.12,0.556,120.65
A0095,2025-05-02,6.1,111.85,142.89,190.59,0.556,149.52
A0095,2025-05-03,6.1,113.21,147.16,199.34,0.556,154.41
A0095,2025-05-04,6.1,89.86,117.41,159.76,0.556,123.29
A0095,2025-05-05,6.1,62.3,83.21,115.35,0.556,87.68
A0095,2025-05-06,6.1,64.85,84.47,114.62,0.556,88.65
A0095,2025-05-07,6.1,64.9,83.0,110.82,0.556,86.86
A0095,2025-05-08,6.1,75.69,98.9,134.56,0.556,103.85
A0095,2025-05-09,6.1,81.55,104.56,139.92,0.556,109.47
A0095,2025-05-10,6.1,83.76,108.83,147.36,0.556,114.18
A0095,2025-05-11,6.1,55.41,72.78,99.48,0.556,76.49
A0095,2025-05-12,6.1,126.24,164.61,223.57,0.556,172.8
A0096,2025-04-29,421.4,14.31,24.68,38.9,0.909,39.22
A0096,2025-04-30,421.4,16.4,29.91,48.42,0.909,48.84
A0096,2025-05-01,421.4,13.25,22.78,35.86,0.909,36.16
A0096,2025-05-02,421.4,18.76,30.77,47.23,0.909,47.6
A0096,2025-05-03,421.4,18.98,31.67,49.06,0.909,49.46
A0096,2025-05-04,421.4,14.01,24.28,38.35,0.909,38.67
A0096,2025-05-05,421.4,14.33,24.61,38.7,0.909,39.02
A0096,2025-05-06,421.4,16.19,26.45,40.51,0.909,40.83
A0096,2025-05-07,421.4,16.59,26.89,41.0,0.909,41.33
A0096,2025-05-08,421.4,17.11,28.08,43.11,0.909,43.46
A0096,2025-05-09,421.4,19.14,31.17,47.67,0.909,48.04
A0096,2025-05-10,421.4,19.35,32.15,49.69,0.909,50.09
A0096,2025-05-11,421.4,12.32,20.4,31.48,0.909,31.73
A0096,2025-05-12,421.4,16.65,28.13,43.87,0.909,44.22
A0097,2025-04-29,4.0,8.35,25.77,54.65,0.556,29.78
A0097,2025-04-30,4.0,11.82,32.46,67.11,0.556,37.27
A0097,2025-05-01,4.0,8.34,25.44,53.7,0.556,29.36
A0097,2025-05-02,4.0,11.45,31.9,66.45,0.556,36.7
A0097,2025-05-03,4.0,11.85,33.0,69.08,0.556,38.01
A0097,2025-05-04,4.0,8.45,26.07,55.43,0.556,30.15
A0097,2025-05-05,4.0,8.67,26.15,55.38,0.556,30.21
A0097,2025-05-06,4.0,8.74,26.59,56.33,0.556,30.72
A0097,2025-05-07,4.0,9.18,27.5,57.87,0.556,31.71
A0097,2025-05-08,4.0,10.14,29.46,61.51,0.556,33.91
A0097,2025-05-09,4.0,11.18,31.63,65.95,0.556,36.4
A0097,2025-05-10,4.0,12.0,33.42,69.78,0.556,38.47
A0097,2025-05-11,4.0,6.59,22.23,48.05,0.556,25.82
A0097,2025-05-12,4.0,10.5,29.85,62.25,0.556,34.35
A0098,2025-04-29,408.8,6.13,11.22,18.8,0.909,18.97
A0098,2025-04-30,408.8,8.92,16.08,26.74,0.909,26.98
A0098,2025-05-01,408.8,5.49,11.4,20.21,0.909,20.41
A0098,2025-05-02,408.8,8.11,13.92,22.59,0.909,22.78
A0098,2025-05-03,408.8,8.1,13.91,22.57,0.909,22.76
A0098,2025-05-04,408.8,6.19,11.16,18.56,0.909,18.72
A0098,2025-05-05,408.8,7.05,14.15,24.71,0.909,24.95
A0098,2025-05-06,408.8,7.09,13.06,21.94,0.909,22.14
A0098,2025-05-07,408.8,7.37,12.99,21.37,0.909,21.56
A0098,2025-05-08,408.8,8.21,14.33,23.43,0.909,23.64
A0098,2025-05-09,408.8,9.1,15.64,25.39,0.909,25.61
A0098,2025-05-10,408.8,9.16,15.88,25.89,0.909,26.12
A0098,2025-05-11,408.8,5.95,10.57,17.45,0.909,17.61
A0098,2025-05-12,408.8,9.35,18.95,33.26,0.909,33.59
A0099,2025-04-29,7.7,79.48,177.35,377.66,0.556,205.17
A0099,2025-04-30,7.7,124.4,266.99,567.8,0.556,308.77
A0099,2025-05-01,7.7,86.36,187.24,389.15,0.556,215.28
A0099,2025-05-02,7.7,132.38,280.53,584.35,0.556,322.73
A0099,2025-05-03,7.7,149.63,314.27,659.74,0.556,362.25
A0099,2025-05-04,7.7,119.49,259.49,537.94,0.556,298.16
A0099,2025-05-05,7.7,90.93,197.84,410.16,0.556,227.33
A0099,2025-05-06,7.7,103.74,223.68,459.83,0.556,256.48
A0099,2025-05-07,7.7,107.4,230.64,475.88,0.556,264.7
A0099,2025-05-08,7.7,124.45,262.78,540.52,0.556,301.35
A0099,2025-05-09,7.7,139.08,291.93,603.21,0.556,335.17
A0099,2025-05-10,7.7,153.07,319.2,666.3,0.556,367.41
A0099,2025-05-11,7.7,82.04,181.35,371.66,0.556,207.78
A0099,2025-05-12,7.7,114.49,244.08,504.83,0.556,280.3
A0100,2025-04-29,355.5,9.03,14.93,23.95,0.909,24.16
A0100,2025-04-30,355.5,11.06,16.79,25.53,0.909,25.73
A0100,2025-05-01,355.5,7.9,12.61,19.79,0.909,19.96
A0100,2025-05-02,355.5,10.96,17.13,26.55,0.909,26.77
A0100,2025-05-03,355.5,11.56,18.48,29.05,0.909,29.29
A0100,2025-05-04,355.5,9.16,13.97,21.3,0.909,21.46
A0100,2025-05-05,355.5,8.0,11.9,17.87,0.909,18.0
A0100,2025-05-06,355.5,9.06,14.6,23.07,0.909,23.26
A0100,2025-05-07,355.5,9.31,14.72,22.98,0.909,23.17
A0100,2025-05-08,355.5,23.14,35.34,53.96,0.909,54.38
A0100,2025-05-09,355.5,25.53,38.11,57.3,0.909,57.74
A0100,2025-05-10,355.5,26.62,40.38,61.38,0.909,61.86
A0100,2025-05-11,355.5,6.14,10.47,17.09,0.909,17.24
A0100,2025-05-12,355.5,7.96,12.02,18.2,0.909,18.34
A0101,2025-04-29,33.3,12.32,18.77,28.54,0.909,28.77
A0101,2025-04-30,33.3,16.05,22.7,32.77,0.909,33.0
A0101,2025-05-01,33.3,10.76,16.77,25.86,0.909,26.07
A0101,2025-05-02,33.3,16.08,23.1,33.75,0.909,33.99
A0101,2025-05-03,33.3,15.99,23.01,33.66,0.909,33.9
A0101,2025-05-04,33.3,11.06,16.91,25.78,0.909,25.98
A0101,2025-05-05,33.3,13.28,20.74,32.04,0.909,32.3
A0101,2025-05-06,33.3,13.26,20.42,31.25,0.909,31.5
A0101,2025-05-07,33.3,14.0,20.6,30.6,0.909,30.83
A0101,2025-05-08,33.3,14.94,21.85,32.31,0.909,32.55
A0101,2025-05-09,33.3,16.64,24.22,35.69,0.909,35.95
A0101,2025-05-10,33.3,17.2,24.96,36.71,0.909,36.98
A0101,2025-05-11,33.3,10.63,17.05,26.77,0.909,26.99
A0101,2025-05-12,33.3,16.47,26.7,42.19,0.909,42.54
A0102,2025-04-29,6.6,84.02,118.62,157.92,0.556,124.08
A0102,2025-04-30,6.6,105.77,142.92,185.1,0.556,148.77
A0102,2025-05-01,6.6,78.18,111.0,148.29,0.556,116.18
A0102,2025-05-02,6.6,107.51,148.34,194.71,0.556,154.78
A0102,2025-05-03,6.6,114.07,158.52,208.99,0.556,165.53
A0102,2025-05-04,6.6,86.69,119.13,155.97,0.556,124.25
A0102,2025-05-05,6.6,81.98,114.03,150.42,0.556,119.08
A0102,2025-05-06,6.6,87.73,123.19,163.46,0.556,128.78
A0102,2025-05-07,6.6,147.56,204.09,268.29,0.556,213.01
A0102,2025-05-08,6.6,163.24,231.83,309.71,0.556,242.64
A0102,2025-05-09,6.6,174.35,246.23,327.86,0.556,257.57
A0102,2025-05-10,6.6,187.62,264.84,352.55,0.556,277.03
A0102,2025-05-11,6.6,115.84,167.33,225.81,0.556,175.45
A0102,2025-05-12,6.6,160.06,226.63,302.22,0.556,237.12
A0103,2025-04-29,2.6,55.55,66.77,95.25,0.556,70.73
A0103,2025-04-30,2.6,71.79,88.13,129.61,0.556,93.89
A0103,2025-05-01,2.6,51.83,63.72,93.9,0.556,67.91
A0103,2025-05-02,2.6,69.59,83.92,120.29,0.556,88.97
A0103,2025-05-03,2.6,77.76,95.49,140.5,0.556,101.74
A0103,2025-05-04,2.6,52.58,63.05,89.64,0.556,66.74
A0103,2025-05-05,2.6,53.04,64.89,94.97,0.556,69.07
A0103,2025-05-06,2.6,55.89,67.21,95.92,0.556,71.2
A0103,2025-05-07,2.6,58.59,71.28,103.48,0.556,75.75
A0103,2025-05-08,2.6,62.23,75.15,107.92,0.556,79.7
A0103,2025-05-09,2.6,69.04,83.23,119.23,0.556,88.23
A0103,2025-05-10,2.6,76.98,94.31,138.26,0.556,100.41
A0103,2025-05-11,2.6,42.58,50.99,72.34,0.556,53.95
A0103,2025-05-12,2.6,60.22,72.97,105.3,0.556,77.46
A0104,2025-04-29,35.6,17.42,26.49,38.6,0.909,38.87
A0104,2025-04-30,35.6,21.92,32.66,47.01,0.909,47.34
A0104,2025-05-01,35.6,15.65,24.11,35.42,0.909,35.68
A0104,2025-05-02,35.6,22.4,32.56,46.14,0.909,46.45
A0104,2025-05-03,35.6,21.88,30.98,43.14,0.909,43.42
A0104,2025-05-04,35.6,15.59,23.39,33.81,0.909,34.05
A0104,2025-05-05,35.6,18.79,29.43,43.66,0.909,43.98
A0104,2025-05-06,35.6,19.89,30.18,43.92,0.909,44.23
A0104,2025-05-07,35.6,19.42,29.25,42.4,0.909,42.7
A0104,2025-05-08,35.6,22.05,32.41,46.25,0.909,46.57
A0104,2025-05-09,35.6,24.06,35.2,50.1,0.909,50.44
A0104,2025-05-10,35.6,24.23,35.08,49.57,0.909,49.9
A0104,2025-05-11,35.6,15.8,24.04,35.06,0.909,35.31
A0104,2025-05-12,35.6,23.46,39.99,62.08,0.909,62.58
A0105,2025-04-29,7.1,45.32,61.42,86.16,0.556,64.85
A0105,2025-04-30,7.1,60.77,84.15,120.1,0.556,89.14
A0105,2025-05-01,7.1,42.95,58.98,83.63,0.556,62.4
A0105,2025-05-02,7.1,58.91,79.15,110.26,0.556,83.47
A0105,2025-05-03,7.1,63.25,84.68,117.62,0.556,89.26
A0105,2025-05-04,7.1,48.48,67.54,96.84,0.556,71.61
A0105,2025-05-05,7.1,45.8,60.26,82.49,0.556,63.35
A0105,2025-05-06,7.1,46.85,63.14,88.18,0.556,66.61
A0105,2025-05-07,7.1,49.44,66.38,92.44,0.556,70.0
A0105,2025-05-08,7.1,54.78,74.54,104.91,0.556,78.76
A0105,2025-05-09,7.1,59.51,79.96,111.39,0.556,84.32
A0105,2025-05-10,7.1,64.51,86.25,119.67,0.556,90.89
A0105,2025-05-11,7.1,39.09,53.69,76.12,0.556,56.8
A0105,2025-05-12,7.1,54.33,72.05,99.29,0.556,75.83
A0106,2025-04-29,5.4,54.33,72.31,104.03,0.556,76.72
A0106,2025-04-30,5.4,63.86,83.2,117.32,0.556,87.94
A0106,2025-05-01,5.4,48.38,61.65,85.05,0.556,64.9
A0106,2025-05-02,5.4,65.3,85.53,121.21,0.556,90.48
A0106,2025-05-03,5.4,67.31,88.85,126.85,0.556,94.13
A0106,2025-05-04,5.4,54.36,71.51,101.78,0.556,75.72
A0106,2025-05-05,5.4,49.95,62.7,85.2,0.556,65.83
A0106,2025-05-06,5.4,56.9,74.45,105.41,0.556,78.75
A0106,2025-05-07,5.4,55.83,73.2,103.85,0.556,77.46
A0106,2025-05-08,5.4,64.4,85.02,121.39,0.556,90.07
A0106,2025-05-09,5.4,68.13,89.37,126.85,0.556,94.58
A0106,2025-05-10,5.4,71.73,95.37,137.05,0.556,101.16
A0106,2025-05-11,5.4,46.8,61.99,88.78,0.556,65.71
A0106,2025-05-12,5.4,66.34,86.19,121.21,0.556,91.06
A0107,2025-04-29,8.3,346.69,457.86,593.32,0.556,476.68
A0107,2025-04-30,8.3,423.3,561.89,730.74,0.556,585.34
A0107,2025-05-01,8.3,314.33,418.62,545.68,0.556,436.27
A0107,2025-05-02,8.3,413.47,557.65,733.31,0.556,582.04
A0107,2025-05-03,8.3,444.09,600.85,791.85,0.556,627.38
A0107,2025-05-04,8.3,336.83,449.76,587.35,0.556,468.87
A0107,2025-05-05,8.3,309.75,400.44,510.94,0.556,415.79
A0107,2025-05-06,8.3,350.54,461.09,595.78,0.556,479.79
A0107,2025-05-07,8.3,376.95,507.93,667.53,0.556,530.1
A0107,2025-05-08,8.3,397.65,540.18,713.84,0.556,564.3
A0107,2025-05-09,8.3,420.87,566.77,744.53,0.556,591.46
A0107,2025-05-10,8.3,716.02,977.34,1295.73,0.556,1021.56
A0107,2025-05-11,8.3,500.59,673.47,884.11,0.556,702.73
A0107,2025-05-12,8.3,624.22,829.4,1079.39,0.556,864.12
A0108,2025-04-29,12.2,122.13,169.38,230.8,0.909,232.19
A0108,2025-04-30,12.2,155.26,217.8,299.06,0.909,300.91
A0108,2025-05-01,12.2,115.31,164.41,228.22,0.909,229.67
A0108,2025-05-02,12.2,154.18,215.47,295.11,0.909,296.92
A0108,2025-05-03,12.2,163.56,228.46,312.78,0.909,314.7
A0108,2025-05-04,12.2,126.16,176.61,242.17,0.909,243.66
A0108,2025-05-05,12.2,116.68,164.43,226.48,0.909,227.9
A0108,2025-05-06,12.2,129.61,177.58,239.93,0.909,241.35
A0108,2025-05-07,12.2,130.45,176.12,235.46,0.909,236.81
A0108,2025-05-08,12.2,142.16,194.8,263.21,0.909,264.77
A0108,2025-05-09,12.2,156.31,216.84,295.5,0.909,297.29
A0108,2025-05-10,12.2,166.24,229.35,311.36,0.909,313.22
A0108,2025-05-11,12.2,101.76,139.11,187.65,0.909,188.76
A0108,2025-05-12,12.2,138.4,190.08,257.25,0.909,258.77
A0109,2025-04-29,366.5,14.26,23.61,37.34,0.909,37.65
A0109,2025-04-30,366.5,15.67,25.33,39.51,0.909,39.83
A0109,2025-05-01,366.5,10.73,18.22,29.21,0.909,29.46
A0109,2025-05-02,366.5,15.7,25.5,39.87,0.909,40.19
A0109,2025-05-03,366.5,17.35,28.82,45.65,0.909,46.03
A0109,2025-05-04,366.5,10.78,18.57,30.01,0.909,30.27
A0109,2025-05-05,366.5,10.14,16.01,24.63,0.909,24.83
A0109,2025-05-06,366.5,14.56,23.09,35.6,0.909,35.89
A0109,2025-05-07,366.5,13.7,21.39,32.66,0.909,32.92
A0109,2025-05-08,366.5,14.71,22.64,34.29,0.909,34.55
A0109,2025-05-09,366.5,16.08,24.71,37.38,0.909,37.67
A0109,2025-05-10,366.5,17.74,27.46,41.71,0.909,42.04
A0109,2025-05-11,366.5,9.49,15.18,23.53,0.909,23.72
A0109,2025-05-12,366.5,10.58,15.84,23.55,0.909,23.72
A0110,2025-04-29,405.1,0.09,6.34,18.24,0.909,18.51
A0110,2025-04-30,405.1,0.95,8.71,23.12,0.909,23.45
A0110,2025-05-01,405.1,0.3,5.37,16.25,0.909,16.5
A0110,2025-05-02,405.1,0.66,7.57,20.88,0.909,21.18
A0110,2025-05-03,405.1,0.72,8.13,22.17,0.909,22.49
A0110,2025-05-04,405.1,0.75,6.98,19.75,0.909,20.04
A0110,2025-05-05,405.1,0.0,5.41,16.47,0.909,16.72
A0110,2025-05-06,405.1,0.13,6.59,18.79,0.909,19.07
A0110,2025-05-07,405.1,0.2,6.9,19.36,0.909,19.64
A0110,2025-05-08,405.1,0.24,7.13,19.75,0.909,20.04
A0110,2025-05-09,405.1,0.51,7.9,21.44,0.909,21.75
A0110,2025-05-10,405.1,0.69,8.62,23.02,0.909,23.34
A0110,2025-05-11,405.1,0.0,5.62,16.76,0.909,17.01
A0110,2025-05-12,405.1,0.17,6.96,19.44,0.909,19.72
A0111,2025-04-29,209.9,8.76,14.71,23.01,0.909,23.2
A0111,2025-04-30,209.9,11.57,20.09,32.0,0.909,32.27
A0111,2025-05-01,209.9,7.55,12.49,19.4,0.909,19.56
A0111,2025-05-02,209.9,10.37,17.74,28.04,0.909,28.27
A0111,2025-05-03,209.9,11.32,19.19,30.18,0.909,30.43
A0111,2025-05-04,209.9,7.94,13.77,21.91,0.909,22.1
A0111,2025-05-05,209.9,7.56,12.59,19.63,0.909,19.79
A0111,2025-05-06,209.9,9.05,14.97,23.24,0.909,23.42
A0111,2025-05-07,209.9,9.13,15.82,25.18,0.909,25.39
A0111,2025-05-08,209.9,10.32,17.41,27.3,0.909,27.53
A0111,2025-05-09,209.9,11.21,18.63,29.0,0.909,29.23
A0111,2025-05-10,209.9,12.21,20.2,31.36,0.909,31.62
A0111,2025-05-11,209.9,6.83,11.63,18.33,0.909,18.48
A0111,2025-05-12,209.9,10.01,16.76,26.18,0.909,26.39
A0112,2025-04-29,4.5,29.84,45.09,72.56,0.556,48.91
A0112,2025-04-30,4.5,38.88,62.15,104.07,0.556,67.98
A0112,2025-05-01,4.5,29.26,42.26,65.68,0.556,45.52
A0112,2025-05-02,4.5,37.74,54.67,85.14,0.556,58.9
A0112,2025-05-03,4.5,40.7,59.59,93.6,0.556,64.31
A0112,2025-05-04,4.5,31.98,47.6,75.73,0.556,51.51
A0112,2025-05-05,4.5,29.52,43.25,67.99,0.556,46.69
A0112,2025-05-06,4.5,30.77,45.99,73.4,0.556,49.8
A0112,2025-05-07,4.5,33.22,51.25,83.73,0.556,55.76
A0112,2025-05-08,4.5,68.11,100.22,158.03,0.556,108.25
A0112,2025-05-09,4.5,70.56,103.11,161.73,0.556,111.26
A0112,2025-05-10,4.5,77.08,114.53,181.97,0.556,123.9
A0112,2025-05-11,4.5,48.11,70.54,110.92,0.556,76.15
A0112,2025-05-12,4.5,66.48,101.03,163.25,0.556,109.67
A0113,2025-04-29,309.8,36.58,54.44,77.96,0.909,78.49
A0113,2025-04-30,309.8,45.32,72.18,107.54,0.909,108.34
A0113,2025-05-01,309.8,35.09,50.89,71.7,0.909,72.18
A0113,2025-05-02,309.8,44.01,63.83,89.92,0.909,90.51
A0113,2025-05-03,309.8,45.53,66.61,94.38,0.909,95.01
A0113,2025-05-04,309.8,35.98,54.59,79.1,0.909,79.66
A0113,2025-05-05,309.8,33.77,47.67,65.98,0.909,66.39
A0113,2025-05-06,309.8,38.8,55.88,78.37,0.909,78.88
A0113,2025-05-07,309.8,40.7,59.63,84.55,0.909,85.12
A0113,2025-05-08,309.8,41.1,59.63,84.03,0.909,84.59
A0113,2025-05-09,309.8,44.43,63.85,89.43,0.909,90.01
A0113,2025-05-10,309.8,45.99,66.5,93.5,0.909,94.11
A0113,2025-05-11,309.8,30.22,43.92,61.96,0.909,62.37
A0113,2025-05-12,309.8,38.09,52.72,71.98,0.909,72.42
A0114,2025-04-29,414.5,20.19,28.62,41.2,0.909,41.49
A0114,2025-04-30,414.5,25.73,33.85,45.97,0.909,46.24
A0114,2025-05-01,414.5,18.12,27.06,40.41,0.909,40.71
A0114,2025-05-02,414.5,25.58,37.8,56.03,0.909,56.44
A0114,2025-05-03,414.5,23.48,35.3,52.96,0.909,53.36
A0114,2025-05-04,414.5,18.13,26.03,37.83,0.909,38.1
A0114,2025-05-05,414.5,21.58,30.68,44.28,0.909,44.59
A0114,2025-05-06,414.5,22.24,31.36,44.98,0.909,45.29
A0114,2025-05-07,414.5,22.55,31.15,43.99,0.909,44.29
A0114,2025-05-08,414.5,24.46,35.47,51.9,0.909,52.28
A0114,2025-05-09,414.5,26.68,40.18,60.34,0.909,60.79
A0114,2025-05-10,414.5,26.13,39.33,59.03,0.909,59.48
A0114,2025-05-11,414.5,18.09,27.31,41.07,0.909,41.38
A0114,2025-05-12,414.5,28.43,41.71,61.54,0.909,61.99
A0115,2025-04-29,5.9,50.12,67.71,90.47,0.556,70.87
A0115,2025-04-30,5.9,66.27,83.93,106.78,0.556,87.1
A0115,2025-05-01,5.9,46.71,62.77,83.56,0.556,65.66
A0115,2025-05-02,5.9,61.61,81.08,106.29,0.556,84.58
A0115,2025-05-03,5.9,66.49,86.69,112.84,0.556,90.32
A0115,2025-05-04,5.9,53.48,70.34,92.16,0.556,73.37
A0115,2025-05-05,5.9,48.0,62.5,81.27,0.556,65.11
A0115,2025-05-06,5.9,50.16,67.78,90.59,0.556,70.95
A0115,2025-05-07,5.9,50.44,66.16,86.49,0.556,68.98
A0115,2025-05-08,5.9,59.75,80.16,106.58,0.556,83.83
A0115,2025-05-09,5.9,62.29,82.02,107.55,0.556,85.56
A0115,2025-05-10,5.9,67.54,88.24,115.04,0.556,91.97
A0115,2025-05-11,5.9,42.6,57.94,77.78,0.556,60.69
A0115,2025-05-12,5.9,56.82,74.9,98.3,0.556,78.15
A0116,2025-04-29,3.1,152.27,206.45,286.1,0.556,217.51
A0116,2025-04-30,3.1,206.22,287.86,407.89,0.556,304.53
A0116,2025-05-01,3.1,591.79,1140.84,1948.13,0.556,1252.97
A0116,2025-05-02,3.1,825.65,1562.24,2645.29,0.556,1712.67
A0116,2025-05-03,3.1,882.71,1684.21,2862.68,0.556,1847.89
A0116,2025-05-04,3.1,718.24,1360.51,2304.87,0.556,1491.67
A0116,2025-05-05,3.1,648.57,1208.14,2030.9,0.556,1322.41
A0116,2025-05-06,3.1,130.62,184.35,263.36,0.556,195.33
A0116,2025-05-07,3.1,141.42,197.22,279.26,0.556,208.61
A0116,2025-05-08,3.1,150.32,212.38,303.63,0.556,225.05
A0116,2025-05-09,3.1,173.19,240.37,339.16,0.556,254.09
A0116,2025-05-10,3.1,201.01,273.4,379.84,0.556,288.19
A0116,2025-05-11,3.1,113.92,156.72,219.65,0.556,165.46
A0116,2025-05-12,3.1,168.2,227.97,315.85,0.556,240.17
A0117,2025-04-29,362.0,17.82,26.97,39.56,0.909,39.84
A0117,2025-04-30,362.0,24.05,35.19,50.53,0.909,50.87
A0117,2025-05-01,362.0,16.33,24.3,35.26,0.909,35.51
A0117,2025-05-02,362.0,22.9,34.15,49.63,0.909,49.98
A0117,2025-05-03,362.0,22.94,33.46,47.94,0.909,48.27
A0117,2025-05-04,362.0,17.45,26.01,37.78,0.909,38.05
A0117,2025-05-05,362.0,18.81,27.7,39.93,0.909,40.21
A0117,2025-05-06,362.0,19.47,29.17,42.52,0.909,42.83
A0117,2025-05-07,362.0,20.23,30.14,43.79,0.909,44.1
A0117,2025-05-08,362.0,22.21,33.22,48.36,0.909,48.71
A0117,2025-05-09,362.0,24.02,36.02,52.52,0.909,52.89
A0117,2025-05-10,362.0,24.97,37.0,53.55,0.909,53.93
A0117,2025-05-11,362.0,16.21,24.61,36.16,0.909,36.42
A0117,2025-05-12,362.0,23.46,36.84,55.24,0.909,55.66
A0118,2025-04-29,207.2,9.36,16.32,26.18,0.909,26.4
A0118,2025-04-30,207.2,12.0,18.49,27.69,0.909,27.9
A0118,2025-05-01,207.2,9.43,16.35,26.17,0.909,26.39
A0118,2025-05-02,207.2,11.63,20.3,32.59,0.909,32.87
A0118,2025-05-03,207.2,12.83,21.72,34.32,0.909,34.61
A0118,2025-05-04,207.2,29.4,48.3,75.09,0.909,75.7
A0118,2025-05-05,207.2,28.95,51.75,84.08,0.909,84.81
A0118,2025-05-06,207.2,30.12,54.07,88.03,0.909,88.8
A0118,2025-05-07,207.2,30.1,52.38,83.99,0.909,84.7
A0118,2025-05-08,207.2,34.24,60.0,96.52,0.909,97.35
A0118,2025-05-09,207.2,9.92,18.54,30.76,0.909,31.03
A0118,2025-05-10,207.2,11.0,19.65,31.91,0.909,32.19
A0118,2025-05-11,207.2,6.8,12.68,21.03,0.909,21.22
A0118,2025-05-12,207.2,10.88,18.52,29.36,0.909,29.6
A0119,2025-04-29,5.1,23.19,33.95,48.18,0.556,35.93
A0119,2025-04-30,5.1,29.44,43.91,63.05,0.556,46.57
A0119,2025-05-01,5.1,23.22,34.83,50.17,0.556,36.96
A0119,2025-05-02,5.1,28.18,41.55,59.23,0.556,44.0
A0119,2025-05-03,5.1,30.64,45.52,65.2,0.556,48.25
A0119,2025-05-04,5.1,23.0,35.02,50.92,0.556,37.23
A0119,2025-05-05,5.1,22.9,33.94,48.55,0.556,35.97
A0119,2025-05-06,5.1,23.4,33.99,48.0,0.556,35.94
A0119,2025-05-07,5.1,23.85,35.02,49.79,0.556,37.07
A0119,2025-05-08,5.1,26.1,38.95,55.93,0.556,41.31
A0119,2025-05-09,5.1,28.42,41.84,59.6,0.556,44.31
A0119,2025-05-10,5.1,31.3,46.43,66.43,0.556,49.2
A0119,2025-05-11,5.1,19.22,28.81,41.49,0.556,30.57
A0119,2025-05-12,5.1,27.88,39.75,55.45,0.556,41.93
A0120,2025-04-29,194.7,6.27,11.07,17.78,0.909,17.94
A0120,2025-04-30,194.7,7.61,15.07,25.5,0.909,25.74
A0120,2025-05-01,194.7,5.65,10.87,18.18,0.909,18.34
A0120,2025-05-02,194.7,7.08,13.06,21.41,0.909,21.6
A0120,2025-05-03,194.7,8.02,14.48,23.52,0.909,23.72
A0120,2025-05-04,194.7,6.05,11.43,18.95,0.909,19.13
A0120,2025-05-05,194.7,5.87,10.55,17.08,0.909,17.23
A0120,2025-05-06,194.7,6.08,11.08,18.06,0.909,18.22
A0120,2025-05-07,194.7,6.18,11.08,17.92,0.909,18.07
A0120,2025-05-08,194.7,7.13,13.02,21.27,0.909,21.45
A0120,2025-05-09,194.7,7.48,13.34,21.54,0.909,21.73
A0120,2025-05-10,194.7,8.21,14.29,22.79,0.909,22.99
A0120,2025-05-11,194.7,5.14,9.06,14.54,0.909,14.66
A0120,2025-05-12,194.7,7.4,12.64,19.96,0.909,20.13
A0121,2025-04-29,3.3,150.21,207.85,301.9,0.556,220.91
A0121,2025-04-30,3.3,190.05,264.53,386.09,0.556,281.42
A0121,2025-05-01,3.3,141.8,195.75,283.79,0.556,207.98
A0121,2025-05-02,3.3,103.21,152.58,233.14,0.556,163.77
A0121,2025-05-03,3.3,115.18,168.25,254.87,0.556,180.28
A0121,2025-05-04,3.3,83.87,120.54,180.38,0.556,128.85
A0121,2025-05-05,3.3,78.19,116.64,179.39,0.556,125.36
A0121,2025-05-06,3.3,89.23,127.63,190.32,0.556,136.34
A0121,2025-05-07,3.3,93.09,132.35,196.41,0.556,141.24
A0121,2025-05-08,3.3,104.92,147.44,216.83,0.556,157.08
A0121,2025-05-09,3.3,115.91,164.89,244.83,0.556,176.0
A0121,2025-05-10,3.3,123.65,175.3,259.58,0.556,187.0
A0121,2025-05-11,3.3,73.65,104.97,156.07,0.556,112.07
A0121,2025-05-12,3.3,98.68,144.51,219.3,0.556,154.89
A0122,2025-04-29,144.2,14.5,23.45,35.92,0.909,36.2
A0122,2025-04-30,144.2,19.21,30.81,46.98,0.909,47.35
A0122,2025-05-01,144.2,13.93,22.23,33.78,0.909,34.04
A0122,2025-05-02,144.2,18.24,28.85,43.64,0.909,43.97
A0122,2025-05-03,144.2,19.24,29.95,44.87,0.909,45.21
A0122,2025-05-04,144.2,15.27,24.24,36.74,0.909,37.02
A0122,2025-05-05,144.2,14.08,22.29,33.73,0.909,33.99
A0122,2025-05-06,144.2,14.62,23.73,36.43,0.909,36.72
A0122,2025-05-07,144.2,15.0,23.81,36.09,0.909,36.37
A0122,2025-05-08,144.2,16.84,27.13,41.48,0.909,41.81
A0122,2025-05-09,144.2,18.03,28.59,43.3,0.909,43.64
A0122,2025-05-10,144.2,19.21,29.73,44.38,0.909,44.71
A0122,2025-05-11,144.2,12.03,19.28,29.37,0.909,29.6
A0122,2025-05-12,144.2,42.11,64.26,95.14,0.909,95.84
A0123,2025-04-29,12.3,101.19,205.14,388.61,0.909,392.78
A0123,2025-04-30,12.3,133.87,264.47,499.72,0.909,505.07
A0123,2025-05-01,12.3,97.86,195.43,368.47,0.909,372.4
A0123,2025-05-02,12.3,134.54,264.78,501.65,0.909,507.03
A0123,2025-05-03,12.3,142.31,280.56,536.6,0.909,542.42
A0123,2025-05-04,12.3,113.6,230.37,438.58,0.909,443.31
A0123,2025-05-05,12.3,94.41,191.58,365.06,0.909,369.0
A0123,2025-05-06,12.3,104.71,211.47,401.87,0.909,406.2
A0123,2025-05-07,12.3,109.41,220.43,418.1,0.909,422.59
A0123,2025-05-08,12.3,119.68,238.51,451.48,0.909,456.32
A0123,2025-05-09,12.3,132.51,262.73,499.69,0.909,505.08
A0123,2025-05-10,12.3,141.51,280.49,538.13,0.909,543.98
A0123,2025-05-11,12.3,84.4,174.39,332.28,0.909,335.86
A0123,2025-05-12,12.3,115.87,232.19,442.52,0.909,447.3
A0124,2025-04-29,380.2,5.35,19.48,44.59,0.909,45.16
A0124,2025-04-30,380.2,8.72,26.57,58.15,0.909,58.87
A0124,2025-05-01,380.2,5.68,20.02,45.0,0.909,45.56
A0124,2025-05-02,380.2,9.2,27.57,59.94,0.909,60.67
A0124,2025-05-03,380.2,10.04,29.79,64.66,0.909,65.45
A0124,2025-05-04,380.2,6.33,22.15,49.29,0.909,49.91
A0124,2025-05-05,380.2,7.3,23.59,51.81,0.909,52.46
A0124,2025-05-06,380.2,7.54,24.37,53.36,0.909,54.02
A0124,2025-05-07,380.2,8.1,25.73,55.86,0.909,56.54
A0124,2025-05-08,380.2,9.41,28.43,60.69,0.909,61.42
A0124,2025-05-09,380.2,10.38,30.48,65.07,0.909,65.85
A0124,2025-05-10,380.2,11.31,32.61,69.77,0.909,70.61
A0124,2025-05-11,380.2,5.42,20.12,45.14,0.909,45.71
A0124,2025-05-12,380.2,9.73,28.65,61.33,0.909,62.07
A0125,2025-04-29,307.2,7.28,12.05,19.43,0.909,19.6
A0125,2025-04-30,307.2,8.51,14.55,23.91,0.909,24.12
A0125,2025-05-01,307.2,5.66,10.04,16.82,0.909,16.98
A0125,2025-05-02,307.2,8.34,13.36,21.13,0.909,21.3
A0125,2025-05-03,307.2,8.67,14.34,23.12,0.909,23.32
A0125,2025-05-04,307.2,6.37,11.27,18.86,0.909,19.03
A0125,2025-05-05,307.2,6.02,10.33,17.0,0.909,17.15
A0125,2025-05-06,307.2,7.25,11.71,18.63,0.909,18.79
A0125,2025-05-07,307.2,7.9,12.87,20.57,0.909,20.75
A0125,2025-05-08,307.2,9.36,15.18,24.21,0.909,24.41
A0125,2025-05-09,307.2,10.16,16.05,25.18,0.909,25.39
A0125,2025-05-10,307.2,10.71,17.47,27.94,0.909,28.18
A0125,2025-05-11,307.2,6.81,11.55,18.9,0.909,19.07
A0125,2025-05-12,307.2,6.72,11.05,17.75,0.909,17.9
A0126,2025-04-29,156.0,10.36,17.7,28.41,0.909,28.65
A0126,2025-04-30,156.0,59.2,103.0,166.88,0.909,168.33
A0126,2025-05-01,156.0,40.91,67.25,105.67,0.909,106.54
A0126,2025-05-02,156.0,58.59,101.19,163.32,0.909,164.73
A0126,2025-05-03,156.0,63.94,109.11,175.0,0.909,176.5
A0126,2025-05-04,156.0,51.89,83.42,129.42,0.909,130.46
A0126,2025-05-05,156.0,7.32,14.15,24.11,0.909,24.33
A0126,2025-05-06,156.0,7.89,15.39,26.32,0.909,26.56
A0126,2025-05-07,156.0,9.08,17.33,29.37,0.909,29.64
A0126,2025-05-08,156.0,10.65,19.07,31.36,0.909,31.63
A0126,2025-05-09,156.0,11.31,21.26,35.77,0.909,36.1
A0126,2025-05-10,156.0,13.31,23.74,38.96,0.909,39.31
A0126,2025-05-11,156.0,9.12,15.37,24.48,0.909,24.69
A0126,2025-05-12,156.0,12.29,21.34,34.54,0.909,34.84
A0127,2025-04-29,301.9,19.2,29.5,43.08,0.909,43.39
A0127,2025-04-30,301.9,23.87,37.81,56.19,0.909,56.61
A0127,2025-05-01,301.9,17.92,27.42,39.94,0.909,40.23
A0127,2025-05-02,301.9,24.05,37.71,55.73,0.909,56.14
A0127,2025-05-03,301.9,25.08,39.03,57.43,0.909,57.85
A0127,2025-05-04,301.9,18.09,28.05,41.19,0.909,41.49
A0127,2025-05-05,301.9,17.9,27.14,39.33,0.909,39.61
A0127,2025-05-06,301.9,19.55,29.72,43.13,0.909,43.44
A0127,2025-05-07,301.9,20.87,31.7,45.97,0.909,46.3
A0127,2025-05-08,301.9,23.29,35.68,52.02,0.909,52.39
A0127,2025-05-09,301.9,24.79,38.43,56.42,0.909,56.83
A0127,2025-05-10,301.9,26.33,40.31,58.76,0.909,59.18
A0127,2025-05-11,301.9,15.77,23.86,34.52,0.909,34.76
A0127,2025-05-12,301.9,20.99,32.23,47.06,0.909,47.39
A0128,2025-04-29,352.5,15.86,25.2,39.33,0.909,39.65
A0128,2025-04-30,352.5,17.75,26.66,40.16,0.909,40.47
A0128,2025-05-01,352.5,14.63,23.61,37.2,0.909,37.51
A0128,2025-05-02,352.5,19.39,29.67,45.24,0.909,45.59
A0128,2025-05-03,352.5,18.92,27.73,41.09,0.909,41.39
A0128,2025-05-04,352.5,12.54,18.23,26.84,0.909,27.04
A0128,2025-05-05,352.5,16.72,25.78,39.5,0.909,39.81
A0128,2025-05-06,352.5,30.95,50.33,79.67,0.909,80.34
A0128,2025-05-07,352.5,30.22,47.97,74.84,0.909,75.45
A0128,2025-05-08,352.5,32.63,51.85,80.95,0.909,81.61
A0128,2025-05-09,352.5,34.6,54.89,85.63,0.909,86.33
A0128,2025-05-10,352.5,34.77,52.42,79.14,0.909,79.75
A0128,2025-05-11,352.5,10.96,17.34,26.99,0.909,27.21
A0128,2025-05-12,352.5,18.64,30.42,48.27,0.909,48.67
A0129,2025-04-29,199.8,21.74,30.02,42.82,0.909,43.11
A0129,2025-04-30,199.8,26.29,36.65,52.69,0.909,53.05
A0129,2025-05-01,199.8,19.52,27.4,39.58,0.909,39.86
A0129,2025-05-02,199.8,25.95,36.9,53.83,0.909,54.21
A0129,2025-05-03,199.8,26.86,37.9,54.97,0.909,55.36
A0129,2025-05-04,199.8,19.04,26.78,38.74,0.909,39.01
A0129,2025-05-05,199.8,20.7,28.14,39.64,0.909,39.91
A0129,2025-05-06,199.8,51.04,72.9,106.72,0.909,107.49
A0129,2025-05-07,199.8,51.7,74.8,110.52,0.909,111.33
A0129,2025-05-08,199.8,57.56,85.05,127.58,0.909,128.54
A0129,2025-05-09,199.8,22.85,33.78,50.68,0.909,51.06
A0129,2025-05-10,199.8,24.52,35.46,52.37,0.909,52.76
A0129,2025-05-11,199.8,15.13,21.98,32.57,0.909,32.82
A0129,2025-05-12,199.8,23.58,33.11,47.85,0.909,48.19
A0130,2025-04-29,327.8,5.35,10.36,17.86,0.909,18.03
A0130,2025-04-30,327.8,7.03,13.77,23.87,0.909,24.1
A0130,2025-05-01,327.8,4.21,12.47,24.86,0.909,25.14
A0130,2025-05-02,327.8,7.14,13.89,24.0,0.909,24.23
A0130,2025-05-03,327.8,7.15,13.14,22.11,0.909,22.32
A0130,2025-05-04,327.8,4.73,11.0,20.41,0.909,20.62
A0130,2025-05-05,327.8,5.71,12.89,23.65,0.909,23.9
A0130,2025-05-06,327.8,6.03,11.55,19.81,0.909,20.0
A0130,2025-05-07,327.8,6.33,11.7,19.75,0.909,19.94
A0130,2025-05-08,327.8,6.54,14.24,25.78,0.909,26.05
A0130,2025-05-09,327.8,7.69,15.11,26.22,0.909,26.47
A0130,2025-05-10,327.8,7.64,14.99,26.0,0.909,26.25
A0130,2025-05-11,327.8,4.68,10.64,19.57,0.909,19.78
A0130,2025-05-12,327.8,7.3,16.23,29.62,0.909,29.93
A0131,2025-04-29,419.3,16.79,24.32,39.6,0.909,39.95
A0131,2025-04-30,419.3,19.84,27.06,41.71,0.909,42.04
A0131,2025-05-01,419.3,15.29,20.74,31.81,0.909,32.06
A0131,2025-05-02,419.3,20.58,28.38,44.2,0.909,44.56
A0131,2025-05-03,419.3,21.15,29.53,46.55,0.909,46.93
A0131,2025-05-04,419.3,14.72,20.38,31.87,0.909,32.13
A0131,2025-05-05,419.3,16.62,22.64,34.86,0.909,35.13
A0131,2025-05-06,419.3,17.1,24.81,40.47,0.909,40.82
A0131,2025-05-07,419.3,16.64,22.88,35.55,0.909,35.84
A0131,2025-05-08,419.3,18.65,26.02,40.97,0.909,41.31
A0131,2025-05-09,419.3,20.74,28.72,44.91,0.909,45.28
A0131,2025-05-10,419.3,21.91,30.63,48.32,0.909,48.72
A0131,2025-05-11,419.3,13.27,18.44,28.93,0.909,29.16
A0131,2025-05-12,419.3,20.94,29.04,45.48,0.909,45.85
A0132,2025-04-29,301.9,14.29,23.46,35.76,0.909,36.04
A0132,2025-04-30,301.9,16.16,23.55,33.46,0.909,33.69
A0132,2025-05-01,301.9,12.67,20.51,31.03,0.909,31.27
A0132,2025-05-02,301.9,17.72,29.56,45.45,0.909,45.81
A0132,2025-05-03,301.9,17.77,28.36,42.56,0.909,42.89
A0132,2025-05-04,301.9,12.89,19.99,29.5,0.909,29.72
A0132,2025-05-05,301.9,12.64,20.77,31.68,0.909,31.93
A0132,2025-05-06,301.9,14.32,23.92,36.8,0.909,37.09
A0132,2025-05-07,301.9,13.45,20.79,30.63,0.909,30.85
A0132,2025-05-08,301.9,15.41,25.03,37.94,0.909,38.23
A0132,2025-05-09,301.9,17.51,29.38,45.32,0.909,45.68
A0132,2025-05-10,301.9,17.43,27.83,41.78,0.909,42.1
A0132,2025-05-11,301.9,11.01,18.27,28.02,0.909,28.24
A0132,2025-05-12,301.9,14.7,24.94,38.67,0.909,38.98
A0133,2025-04-29,342.3,20.18,35.66,57.96,0.909,58.46
A0133,2025-04-30,342.3,23.96,44.47,74.01,0.909,74.68
A0133,2025-05-01,342.3,18.72,34.17,56.41,0.909,56.92
A0133,2025-05-02,342.3,23.32,40.9,66.2,0.909,66.78
A0133,2025-05-03,342.3,24.62,41.89,66.76,0.909,67.32
A0133,2025-05-04,342.3,19.32,37.18,62.89,0.909,63.47
A0133,2025-05-05,342.3,17.41,29.88,47.83,0.909,48.24
A0133,2025-05-06,342.3,20.95,35.78,57.14,0.909,57.62
A0133,2025-05-07,342.3,23.0,37.28,57.83,0.909,58.3
A0133,2025-05-08,342.3,22.93,39.22,62.69,0.909,63.22
A0133,2025-05-09,342.3,30.73,50.54,79.06,0.909,79.7
A0133,2025-05-10,342.3,31.86,51.25,79.17,0.909,79.81
A0133,2025-05-11,342.3,21.49,35.29,55.16,0.909,55.61
A0133,2025-05-12,342.3,26.74,41.21,62.06,0.909,62.53
A0134,2025-04-29,2.7,58.75,83.06,118.56,0.556,88.0
A0134,2025-04-30,2.7,69.07,99.53,144.0,0.556,105.7
A0134,2025-05-01,2.7,56.88,79.55,112.66,0.556,84.15
A0134,2025-05-02,2.7,72.86,105.73,153.72,0.556,112.39
A0134,2025-05-03,2.7,75.02,108.77,158.05,0.556,115.61
A0134,2025-05-04,2.7,56.9,81.21,116.72,0.556,86.15
A0134,2025-05-05,2.7,57.09,81.6,117.38,0.556,86.57
A0134,2025-05-06,2.7,61.58,86.47,122.81,0.556,91.51
A0134,2025-05-07,2.7,59.55,82.75,116.63,0.556,87.45
A0134,2025-05-08,2.7,67.17,92.93,130.54,0.556,98.15
A0134,2025-05-09,2.7,73.5,105.74,152.83,0.556,112.28
A0134,2025-05-10,2.7,75.96,108.03,154.84,0.556,114.53
A0134,2025-05-11,2.7,49.32,69.01,97.76,0.556,73.0
A0134,2025-05-12,2.7,69.14,96.37,136.13,0.556,101.89
A0135,2025-04-29,7.1,43.39,62.22,88.86,0.556,65.92
A0135,2025-04-30,7.1,53.52,81.05,119.98,0.556,86.46
A0135,2025-05-01,7.1,40.88,61.84,91.5,0.556,65.96
A0135,2025-05-02,7.1,71.01,102.51,147.06,0.556,108.69
A0135,2025-05-03,7.1,72.74,105.92,152.84,0.556,112.43
A0135,2025-05-04,7.1,56.61,86.69,129.23,0.556,92.6
A0135,2025-05-05,7.1,52.66,75.91,108.78,0.556,80.47
A0135,2025-05-06,7.1,54.33,79.68,115.53,0.556,84.66
A0135,2025-05-07,7.1,54.45,78.0,111.31,0.556,82.63
A0135,2025-05-08,7.1,62.52,94.38,139.43,0.556,100.63
A0135,2025-05-09,7.1,48.83,73.28,107.85,0.556,78.08
A0135,2025-05-10,7.1,53.6,78.38,113.43,0.556,83.25
A0135,2025-05-11,7.1,32.73,50.08,74.63,0.556,53.49
A0135,2025-05-12,7.1,45.66,67.82,99.16,0.556,72.17
A0136,2025-04-29,316.4,16.95,25.5,40.35,0.909,40.69
A0136,2025-04-30,316.4,19.49,29.84,47.79,0.909,48.2
A0136,2025-05-01,316.4,14.66,21.08,32.23,0.909,32.48
A0136,2025-05-02,316.4,20.22,30.32,47.84,0.909,48.24
A0136,2025-05-03,316.4,19.81,28.71,44.15,0.909,44.5
A0136,2025-05-04,316.4,14.61,22.37,35.84,0.909,36.15
A0136,2025-05-05,316.4,14.75,21.37,32.85,0.909,33.11
A0136,2025-05-06,316.4,17.44,25.95,40.71,0.909,41.04
A0136,2025-05-07,316.4,16.73,24.98,39.3,0.909,39.62
A0136,2025-05-08,316.4,18.52,27.08,41.92,0.909,42.26
A0136,2025-05-09,316.4,20.57,30.68,48.22,0.909,48.62
A0136,2025-05-10,316.4,20.2,29.13,44.64,0.909,44.99
A0136,2025-05-11,316.4,13.15,19.58,30.73,0.909,30.98
A0136,2025-05-12,316.4,18.1,26.43,40.87,0.909,41.2
A0137,2025-04-29,34.2,21.3,31.16,44.89,0.909,45.2
A0137,2025-04-30,34.2,27.71,39.01,54.72,0.909,55.08
A0137,2025-05-01,34.2,20.11,28.68,40.6,0.909,40.87
A0137,2025-05-02,34.2,28.08,38.38,52.71,0.909,53.04
A0137,2025-05-03,34.2,27.32,37.19,50.93,0.909,51.24
A0137,2025-05-04,34.2,19.68,28.52,40.8,0.909,41.08
A0137,2025-05-05,34.2,23.05,32.3,45.17,0.909,45.47
A0137,2025-05-06,34.2,22.55,32.66,46.72,0.909,47.03
A0137,2025-05-07,34.2,22.93,32.88,46.74,0.909,47.05
A0137,2025-05-08,34.2,25.42,36.42,51.72,0.909,52.07
A0137,2025-05-09,34.2,28.19,39.4,55.0,0.909,55.36
A0137,2025-05-10,34.2,28.39,39.9,55.92,0.909,56.29
A0137,2025-05-11,34.2,18.09,26.4,37.96,0.909,38.22
A0137,2025-05-12,34.2,27.74,40.57,58.42,0.909,58.83
A0138,2025-04-29,181.3,23.26,36.57,50.59,0.909,50.91
A0138,2025-04-30,181.3,29.07,45.27,62.34,0.909,62.73
A0138,2025-05-01,181.3,21.09,34.78,49.2,0.909,49.53
A0138,2025-05-02,181.3,27.67,44.65,62.55,0.909,62.95
A0138,2025-05-03,181.3,29.83,47.38,65.88,0.909,66.3
A0138,2025-05-04,181.3,49.29,70.05,91.93,0.909,92.43
A0138,2025-05-05,181.3,39.9,61.3,83.86,0.909,84.37
A0138,2025-05-06,181.3,44.43,66.43,89.61,0.909,90.14
A0138,2025-05-07,181.3,46.0,69.03,93.3,0.909,93.85
A0138,2025-05-08,181.3,50.09,76.65,104.64,0.909,105.27
A0138,2025-05-09,181.3,53.62,81.76,111.42,0.909,112.09
A0138,2025-05-10,181.3,57.63,86.8,117.56,0.909,118.26
A0138,2025-05-11,181.3,15.0,26.11,37.82,0.909,38.09
A0138,2025-05-12,181.3,21.25,36.15,51.85,0.909,52.21
A0139,2025-04-29,163.4,8.52,25.68,54.4,0.909,55.05
A0139,2025-04-30,163.4,11.34,31.79,65.64,0.909,66.41
A0139,2025-05-01,163.4,7.7,23.84,50.63,0.909,51.24
A0139,2025-05-02,163.4,11.33,31.48,65.81,0.909,66.59
A0139,2025-05-03,163.4,10.76,30.76,64.94,0.909,65.72
A0139,2025-05-04,163.4,6.65,22.35,48.66,0.909,49.26
A0139,2025-05-05,163.4,4.58,17.38,39.07,0.909,39.56
A0139,2025-05-06,163.4,4.73,17.93,40.24,0.909,40.74
A0139,2025-05-07,163.4,5.38,19.45,42.88,0.909,43.42
A0139,2025-05-08,163.4,6.65,22.16,47.81,0.909,48.39
A0139,2025-05-09,163.4,7.6,24.24,52.26,0.909,52.89
A0139,2025-05-10,163.4,8.04,25.28,54.52,0.909,55.19
A0139,2025-05-11,163.4,3.72,15.82,36.1,0.909,36.56
A0139,2025-05-12,163.4,12.64,33.97,69.79,0.909,70.6
A0140,2025-04-29,353.0,17.52,24.9,37.4,0.909,37.69
A0140,2025-04-30,353.0,22.7,33.09,50.71,0.909,51.11
A0140,2025-05-01,353.0,15.56,22.14,33.29,0.909,33.54
A0140,2025-05-02,353.0,20.5,29.86,45.74,0.909,46.1
A0140,2025-05-03,353.0,20.07,28.65,43.2,0.909,43.53
A0140,2025-05-04,353.0,16.11,23.42,35.8,0.909,36.08
A0140,2025-05-05,353.0,16.16,23.75,36.62,0.909,36.91
A0140,2025-05-06,353.0,17.15,24.52,37.03,0.909,37.31
A0140,2025-05-07,353.0,32.2,47.04,72.21,0.909,72.79
A0140,2025-05-08,353.0,33.13,48.06,73.4,0.909,73.97
A0140,2025-05-09,353.0,35.6,52.91,82.28,0.909,82.95
A0140,2025-05-10,353.0,34.86,50.73,77.65,0.909,78.27
A0140,2025-05-11,353.0,22.6,33.5,52.01,0.909,52.43
A0140,2025-05-12,353.0,32.05,48.69,76.9,0.909,77.54
A0141,2025-04-29,5.1,35.03,48.26,68.29,0.556,51.05
A0141,2025-04-30,5.1,46.57,60.9,82.58,0.556,63.91
A0141,2025-05-01,5.1,33.31,46.82,67.26,0.556,49.66
A0141,2025-05-02,5.1,43.3,58.37,81.18,0.556,61.54
A0141,2025-05-03,5.1,48.77,64.86,89.22,0.556,68.24
A0141,2025-05-04,5.1,37.0,48.6,66.17,0.556,51.04
A0141,2025-05-05,5.1,34.06,48.32,69.91,0.556,51.32
A0141,2025-05-06,5.1,35.05,48.62,69.16,0.556,51.47
A0141,2025-05-07,5.1,36.82,49.13,67.76,0.556,51.71
A0141,2025-05-08,5.1,41.91,56.28,78.02,0.556,59.3
A0141,2025-05-09,5.1,43.77,58.99,82.02,0.556,62.19
A0141,2025-05-10,5.1,49.48,65.69,90.23,0.556,69.1
A0141,2025-05-11,5.1,29.31,39.74,55.53,0.556,41.93
A0141,2025-05-12,5.1,39.39,54.97,78.55,0.556,58.24
A0142,2025-04-29,12.5,70.25,100.22,143.54,0.909,144.52
A0142,2025-04-30,12.5,79.68,107.3,147.21,0.909,148.12
A0142,2025-05-01,12.5,60.33,84.49,119.42,0.909,120.22
A0142,2025-05-02,12.5,84.52,118.0,166.39,0.909,167.49
A0142,2025-05-03,12.5,90.28,124.28,173.43,0.909,174.55
A0142,2025-05-04,12.5,65.44,89.73,124.85,0.909,125.65
A0142,2025-05-05,12.5,62.15,86.48,121.65,0.909,122.45
A0142,2025-05-06,12.5,69.8,99.19,141.68,0.909,142.64
A0142,2025-05-07,12.5,68.81,94.8,132.35,0.909,133.21
A0142,2025-05-08,12.5,77.6,108.81,153.93,0.909,154.96
A0142,2025-05-09,12.5,84.13,117.71,166.25,0.909,167.35
A0142,2025-05-10,12.5,91.06,125.61,175.54,0.909,176.68
A0142,2025-05-11,12.5,96.02,137.8,198.19,0.909,199.57
A0142,2025-05-12,12.5,123.12,176.71,254.16,0.909,255.92
A0143,2025-04-29,5.3,27.26,39.57,56.91,0.556,41.98
A0143,2025-04-30,5.3,34.22,52.63,78.55,0.556,56.23
A0143,2025-05-01,5.3,24.46,35.83,51.82,0.556,38.05
A0143,2025-05-02,5.3,31.81,46.94,68.24,0.556,49.9
A0143,2025-05-03,5.3,31.98,47.57,69.52,0.556,50.62
A0143,2025-05-04,5.3,24.56,36.51,53.33,0.556,38.84
A0143,2025-05-05,5.3,24.95,37.13,54.26,0.556,39.51
A0143,2025-05-06,5.3,14.49,22.23,33.14,0.556,23.75
A0143,2025-05-07,5.3,15.26,23.88,36.02,0.556,25.57
A0143,2025-05-08,5.3,16.94,25.87,38.45,0.556,27.62
A0143,2025-05-09,5.3,19.16,28.61,41.92,0.556,30.46
A0143,2025-05-10,5.3,19.8,29.51,43.19,0.556,31.41
A0143,2025-05-11,5.3,12.41,18.29,26.58,0.556,19.44
A0143,2025-05-12,5.3,19.92,29.29,42.48,0.556,31.12
A0144,2025-04-29,356.6,30.36,44.44,64.12,0.909,64.57
A0144,2025-04-30,356.6,37.27,54.53,78.66,0.909,79.21
A0144,2025-05-01,356.6,181.88,290.83,443.12,0.909,446.58
A0144,2025-05-02,356.6,245.01,385.24,581.22,0.909,585.67
A0144,2025-05-03,356.6,246.01,375.55,556.59,0.909,560.71
A0144,2025-05-04,356.6,211.1,314.43,458.86,0.909,462.14
A0144,2025-05-05,356.6,181.69,288.61,438.04,0.909,441.44
A0144,2025-05-06,356.6,198.29,309.41,464.73,0.909,468.26
A0144,2025-05-07,356.6,25.7,39.61,59.06,0.909,59.5
A0144,2025-05-08,356.6,27.52,42.55,63.56,0.909,64.04
A0144,2025-05-09,356.6,33.0,50.49,74.93,0.909,75.48
A0144,2025-05-10,356.6,34.3,50.43,72.99,0.909,73.5
A0144,2025-05-11,356.6,22.38,33.11,48.1,0.909,48.44
A0144,2025-05-12,356.6,29.82,44.08,64.02,0.909,64.48
A0145,2025-04-29,407.6,10.81,16.93,26.62,0.909,26.84
A0145,2025-04-30,407.6,13.13,20.51,32.21,0.909,32.47
A0145,2025-05-01,407.6,9.63,16.59,27.61,0.909,27.86
A0145,2025-05-02,407.6,13.97,21.05,32.26,0.909,32.52
A0145,2025-05-03,407.6,14.36,20.92,31.3,0.909,31.53
A0145,2025-05-04,407.6,10.1,15.28,23.48,0.909,23.67
A0145,2025-05-05,407.6,11.35,18.07,28.72,0.909,28.96
A0145,2025-05-06,407.6,11.66,18.13,28.38,0.909,28.61
A0145,2025-05-07,407.6,11.58,18.16,28.58,0.909,28.82
A0145,2025-05-08,407.6,12.67,20.17,32.04,0.909,32.31
A0145,2025-05-09,407.6,14.33,21.85,33.77,0.909,34.04
A0145,2025-05-10,407.6,14.93,22.12,33.53,0.909,33.79
A0145,2025-05-11,407.6,9.4,14.43,22.39,0.909,22.57
A0145,2025-05-12,407.6,13.74,21.91,34.86,0.909,35.16
A0146,2025-04-29,199.2,10.82,16.91,26.27,0.909,26.48
A0146,2025-04-30,199.2,13.02,19.1,28.45,0.909,28.66
A0146,2025-05-01,199.2,8.98,14.35,22.59,0.909,22.78
A0146,2025-05-02,199.2,13.02,20.78,32.72,0.909,32.99
A0146,2025-05-03,199.2,13.39,20.82,32.24,0.909,32.5
A0146,2025-05-04,199.2,9.59,14.54,22.16,0.909,22.33
A0146,2025-05-05,199.2,9.28,14.33,22.09,0.909,22.27
A0146,2025-05-06,199.2,10.7,17.02,26.74,0.909,26.96
A0146,2025-05-07,199.2,16.27,24.66,37.55,0.909,37.84
A0146,2025-05-08,199.2,17.66,27.72,43.19,0.909,43.54
A0146,2025-05-09,199.2,19.32,30.51,47.71,0.909,48.1
A0146,2025-05-10,199.2,19.19,29.61,45.61,0.909,45.98
A0146,2025-05-11,199.2,12.18,19.21,30.03,0.909,30.28
A0146,2025-05-12,199.2,10.14,16.63,26.61,0.909,26.84
A0147,2025-04-29,5.3,10.72,30.41,63.24,0.556,34.97
A0147,2025-04-30,5.3,15.33,39.36,79.76,0.556,44.97
A0147,2025-05-01,5.3,11.09,30.8,63.6,0.556,35.35
A0147,2025-05-02,5.3,15.14,39.2,80.1,0.556,44.88
A0147,2025-05-03,5.3,15.65,40.54,83.16,0.556,46.46
A0147,2025-05-04,5.3,10.79,30.76,64.21,0.556,35.41
A0147,2025-05-05,5.3,12.25,33.26,68.54,0.556,38.16
A0147,2025-05-06,5.3,11.76,32.57,67.43,0.556,37.41
A0147,2025-05-07,5.3,12.31,33.7,69.32,0.556,38.65
A0147,2025-05-08,5.3,13.87,36.82,75.07,0.556,42.14
A0147,2025-05-09,5.3,15.1,39.41,80.38,0.556,45.1
A0147,2025-05-10,5.3,16.11,41.56,84.94,0.556,47.59
A0147,2025-05-11,5.3,9.06,27.2,57.32,0.556,31.38
A0147,2025-05-12,5.3,14.85,38.51,78.26,0.556,44.03
A0148,2025-04-29,13.2,83.19,93.72,118.36,0.909,118.92
A0148,2025-04-30,13.2,102.42,115.99,147.72,0.909,148.44
A0148,2025-05-01,13.2,83.44,101.66,144.28,0.909,145.25
A0148,2025-05-02,13.2,108.61,128.21,174.06,0.909,175.1
A0148,2025-05-03,13.2,111.64,127.02,163.0,0.909,163.81
A0148,2025-05-04,13.2,85.53,98.43,128.61,0.909,129.29
A0148,2025-05-05,13.2,83.38,96.62,127.59,0.909,128.3
A0148,2025-05-06,13.2,88.13,98.56,122.98,0.909,123.53
A0148,2025-05-07,13.2,91.46,104.65,135.51,0.909,136.21
A0148,2025-05-08,13.2,100.99,118.8,160.46,0.909,161.41
A0148,2025-05-09,13.2,110.7,129.88,174.75,0.909,175.77
A0148,2025-05-10,13.2,114.44,129.19,163.69,0.909,164.47
A0148,2025-05-11,13.2,73.03,85.48,114.62,0.909,115.28
A0148,2025-05-12,13.2,100.27,112.84,142.22,0.909,142.89
A0149,2025-04-29,5.8,72.95,101.98,138.14,0.556,107.0
A0149,2025-04-30,5.8,94.35,130.38,175.25,0.556,136.61
A0149,2025-05-01,5.8,69.16,102.74,144.57,0.556,108.55
A0149,2025-05-02,5.8,91.01,128.24,174.6,0.556,134.68
A0149,2025-05-03,5.8,100.56,136.79,181.92,0.556,143.06
A0149,2025-05-04,5.8,77.98,108.96,147.54,0.556,114.32
A0149,2025-05-05,5.8,70.29,100.45,138.01,0.556,105.66
A0149,2025-05-06,5.8,74.31,104.33,141.74,0.556,109.53
A0149,2025-05-07,5.8,74.89,103.57,139.28,0.556,108.53
A0149,2025-05-08,5.8,88.07,126.26,173.84,0.556,132.87
A0149,2025-05-09,5.8,92.23,129.62,176.2,0.556,136.09
A0149,2025-05-10,5.8,100.8,136.78,181.61,0.556,143.01
A0149,2025-05-11,5.8,62.42,88.51,121.02,0.556,93.03
A0149,2025-05-12,5.8,83.11,118.18,161.87,0.556,124.25
A0150,2025-04-29,10.3,60.18,85.02,119.21,0.909,119.99
A0150,2025-04-30,10.3,82.75,120.1,171.55,0.909,172.72
A0150,2025-05-01,10.3,54.06,75.96,106.12,0.909,106.81
A0150,2025-05-02,10.3,78.91,111.46,156.29,0.909,157.31
A0150,2025-05-03,10.3,84.34,119.19,167.19,0.909,168.28
A0150,2025-05-04,10.3,65.31,94.09,133.72,0.909,134.62
A0150,2025-05-05,10.3,55.74,77.57,107.64,0.909,108.32
A0150,2025-05-06,10.3,61.83,86.94,121.51,0.909,122.3
A0150,2025-05-07,10.3,64.79,90.81,126.64,0.909,127.45
A0150,2025-05-08,10.3,70.32,98.54,137.4,0.909,138.28
A0150,2025-05-09,10.3,79.2,111.24,155.36,0.909,156.37
A0150,2025-05-10,10.3,84.01,117.62,163.92,0.909,164.98
A0150,2025-05-11,10.3,51.14,72.26,101.35,0.909,102.01
A0150,2025-05-12,10.3,68.66,95.74,133.02,0.909,133.87
A0151,2025-04-29,3.0,72.32,103.28,146.25,0.556,109.24
A0151,2025-04-30,3.0,96.35,135.73,190.39,0.556,143.33
A0151,2025-05-01,3.0,68.77,95.43,132.44,0.556,100.57
A0151,2025-05-02,3.0,94.46,131.85,183.75,0.556,139.06
A0151,2025-05-03,3.0,100.58,140.3,195.42,0.556,147.95
A0151,2025-05-04,3.0,75.54,103.46,142.22,0.556,108.84
A0151,2025-05-05,3.0,70.89,97.69,134.89,0.556,102.86
A0151,2025-05-06,3.0,73.74,105.31,149.12,0.556,111.39
A0151,2025-05-07,3.0,77.08,107.58,149.91,0.556,113.46
A0151,2025-05-08,3.0,83.33,115.79,160.83,0.556,122.04
A0151,2025-05-09,3.0,92.75,129.72,181.03,0.556,136.85
A0151,2025-05-10,3.0,99.72,138.18,191.56,0.556,145.59
A0151,2025-05-11,3.0,59.55,82.39,114.1,0.556,86.8
A0151,2025-05-12,3.0,86.04,117.72,161.69,0.556,123.83
A0152,2025-04-29,177.2,6.18,11.32,19.64,0.909,19.82
A0152,2025-04-30,177.2,7.54,13.69,23.65,0.909,23.87
A0152,2025-05-01,177.2,5.78,11.41,20.51,0.909,20.71
A0152,2025-05-02,177.2,6.31,12.43,22.34,0.909,22.57
A0152,2025-05-03,177.2,6.91,13.79,24.92,0.909,25.17
A0152,2025-05-04,177.2,5.59,10.44,18.28,0.909,18.46
A0152,2025-05-05,177.2,5.49,10.8,19.4,0.909,19.59
A0152,2025-05-06,177.2,5.97,11.01,19.17,0.909,19.36
A0152,2025-05-07,177.2,5.95,11.57,20.67,0.909,20.88
A0152,2025-05-08,177.2,6.56,12.87,23.09,0.909,23.32
A0152,2025-05-09,177.2,6.61,12.83,22.91,0.909,23.14
A0152,2025-05-10,177.2,7.02,14.22,25.87,0.909,26.13
A0152,2025-05-11,177.2,4.85,9.33,16.6,0.909,16.77
A0152,2025-05-12,177.2,7.12,12.95,22.37,0.909,22.59
A0153,2025-04-29,4.3,24.52,35.67,52.79,0.556,38.05
A0153,2025-04-30,4.3,27.84,39.92,58.48,0.556,42.5
A0153,2025-05-01,4.3,22.67,32.67,48.03,0.556,34.81
A0153,2025-05-02,4.3,28.72,40.92,59.66,0.556,43.53
A0153,2025-05-03,4.3,30.43,43.91,64.62,0.556,46.79
A0153,2025-05-04,4.3,22.09,31.3,45.42,0.556,33.26
A0153,2025-05-05,4.3,23.3,33.58,49.36,0.556,35.77
A0153,2025-05-06,4.3,24.89,35.98,53.02,0.556,38.35
A0153,2025-05-07,4.3,24.81,35.97,53.11,0.556,38.35
A0153,2025-05-08,4.3,26.33,37.82,55.47,0.556,40.27
A0153,2025-05-09,4.3,28.3,40.42,59.03,0.556,43.0
A0153,2025-05-10,4.3,30.3,43.62,64.08,0.556,46.46
A0153,2025-05-11,4.3,19.2,27.76,40.91,0.556,29.59
A0153,2025-05-12,4.3,26.59,38.01,55.54,0.556,40.45
A0154,2025-04-29,393.6,21.43,30.2,42.72,0.909,43.0
A0154,2025-04-30,393.6,26.85,38.24,54.51,0.909,54.88
A0154,2025-05-01,393.6,20.54,27.57,37.62,0.909,37.85
A0154,2025-05-02,393.6,26.0,36.75,52.13,0.909,52.47
A0154,2025-05-03,393.6,25.28,35.28,49.58,0.909,49.91
A0154,2025-05-04,393.6,19.16,27.04,38.29,0.909,38.55
A0154,2025-05-05,393.6,20.88,27.14,36.1,0.909,36.3
A0154,2025-05-06,393.6,22.43,31.48,44.41,0.909,44.71
A0154,2025-05-07,393.6,22.59,31.26,43.64,0.909,43.92
A0154,2025-05-08,393.6,24.15,33.99,48.04,0.909,48.36
A0154,2025-05-09,393.6,26.35,36.89,51.95,0.909,52.3
A0154,2025-05-10,393.6,26.57,36.03,49.55,0.909,49.85
A0154,2025-05-11,393.6,17.48,23.81,32.86,0.909,33.06
A0154,2025-05-12,393.6,26.63,35.12,47.24,0.909,47.52
A0155,2025-04-29,356.8,29.04,42.46,59.47,0.909,59.86
A0155,2025-04-30,356.8,35.5,52.92,74.99,0.909,75.49
A0155,2025-05-01,356.8,24.97,35.12,47.97,0.909,48.26
A0155,2025-05-02,356.8,34.02,50.57,71.54,0.909,72.02
A0155,2025-05-03,356.8,34.94,50.34,69.86,0.909,70.3
A0155,2025-05-04,356.8,26.51,39.11,55.09,0.909,55.46
A0155,2025-05-05,356.8,26.65,37.54,51.35,0.909,51.67
A0155,2025-05-06,356.8,29.86,43.32,60.37,0.909,60.75
A0155,2025-05-07,356.8,30.42,45.05,63.59,0.909,64.01
A0155,2025-05-08,356.8,33.29,48.47,67.71,0.909,68.15
A0155,2025-05-09,356.8,35.11,51.77,72.87,0.909,73.35
A0155,2025-05-10,356.8,36.29,51.86,71.6,0.909,72.05
A0155,2025-05-11,356.8,23.11,34.0,47.8,0.909,48.11
A0155,2025-05-12,356.8,32.74,48.32,68.06,0.909,68.51
A0156,2025-04-29,192.6,15.79,24.36,35.91,0.909,36.17
A0156,2025-04-30,192.6,19.24,29.48,43.28,0.909,43.59
A0156,2025-05-01,192.6,15.84,25.12,37.63,0.909,37.91
A0156,2025-05-02,192.6,20.75,31.98,47.13,0.909,47.48
A0156,2025-05-03,192.6,21.52,33.48,49.62,0.909,49.98
A0156,2025-05-04,192.6,14.94,23.53,35.11,0.909,35.37
A0156,2025-05-05,192.6,16.85,25.88,38.04,0.909,38.32
A0156,2025-05-06,192.6,17.22,26.09,38.06,0.909,38.33
A0156,2025-05-07,192.6,16.94,25.06,36.01,0.909,36.26
A0156,2025-05-08,192.6,18.85,28.19,40.77,0.909,41.06
A0156,2025-05-09,192.6,21.36,32.42,47.34,0.909,47.67
A0156,2025-05-10,192.6,21.7,33.08,48.42,0.909,48.77
A0156,2025-05-11,192.6,19.62,29.24,42.22,0.909,42.52
A0156,2025-05-12,192.6,27.11,39.48,56.17,0.909,56.55
A0157,2025-04-29,10.5,37.4,58.56,95.12,0.909,95.95
A0157,2025-04-30,10.5,47.64,68.42,104.34,0.909,105.16
A0157,2025-05-01,10.5,35.34,55.48,90.28,0.909,91.07
A0157,2025-05-02,10.5,48.09,72.13,113.68,0.909,114.62
A0157,2025-05-03,10.5,51.81,76.62,119.52,0.909,120.49
A0157,2025-05-04,10.5,41.65,62.39,98.25,0.909,99.06
A0157,2025-05-05,10.5,35.75,54.87,87.93,0.909,88.68
A0157,2025-05-06,10.5,37.25,58.33,94.76,0.909,95.59
A0157,2025-05-07,10.5,39.54,58.47,91.19,0.909,91.93
A0157,2025-05-08,10.5,41.78,64.27,103.15,0.909,104.03
A0157,2025-05-09,10.5,46.56,71.71,115.17,0.909,116.16
A0157,2025-05-10,10.5,51.09,78.33,125.41,0.909,126.48
A0157,2025-05-11,10.5,31.32,50.58,83.87,0.909,84.62
A0157,2025-05-12,10.5,40.5,62.38,100.2,0.909,101.06
A0158,2025-04-29,4.5,23.28,32.87,48.31,0.556,35.01
A0158,2025-04-30,4.5,28.18,41.79,63.7,0.556,44.83
A0158,2025-05-01,4.5,23.13,33.38,49.87,0.556,35.67
A0158,2025-05-02,4.5,28.95,41.55,61.83,0.556,44.36
A0158,2025-05-03,4.5,30.39,44.1,66.16,0.556,47.16
A0158,2025-05-04,4.5,22.69,32.32,47.82,0.556,34.48
A0158,2025-05-05,4.5,23.08,33.13,49.31,0.556,35.38
A0158,2025-05-06,4.5,23.49,32.85,47.93,0.556,34.95
A0158,2025-05-07,4.5,23.99,35.56,54.18,0.556,38.14
A0158,2025-05-08,4.5,27.24,39.96,60.42,0.556,42.8
A0158,2025-05-09,4.5,28.83,41.63,62.24,0.556,44.49
A0158,2025-05-10,4.5,30.6,44.94,68.02,0.556,48.15
A0158,2025-05-11,4.5,19.06,27.41,40.84,0.556,29.27
A0158,2025-05-12,4.5,27.39,39.3,58.47,0.556,41.97
A0159,2025-04-29,5.0,142.03,192.22,258.07,0.556,201.37
A0159,2025-04-30,5.0,190.27,253.52,336.49,0.556,265.04
A0159,2025-05-01,5.0,129.68,172.75,229.26,0.556,180.6
A0159,2025-05-02,5.0,177.64,236.98,314.84,0.556,247.8
A0159,2025-05-03,5.0,192.21,254.08,335.24,0.556,265.35
A0159,2025-05-04,5.0,152.74,205.39,274.46,0.556,214.98
A0159,2025-05-05,5.0,136.52,179.57,236.04,0.556,187.41
A0159,2025-05-06,5.0,143.48,193.53,259.2,0.556,202.65
A0159,2025-05-07,5.0,151.45,200.87,265.71,0.556,209.88
A0159,2025-05-08,5.0,166.64,224.91,301.36,0.556,235.53
A0159,2025-05-09,5.0,177.61,238.34,318.01,0.556,249.4
A0159,2025-05-10,5.0,194.32,258.66,343.07,0.556,270.39
A0159,2025-05-11,5.0,119.89,161.09,215.14,0.556,168.6
A0159,2025-05-12,5.0,167.6,226.33,303.37,0.556,237.03
A0160,2025-04-29,424.5,6.51,11.33,18.65,0.909,18.82
A0160,2025-04-30,424.5,7.9,11.81,17.75,0.909,17.88
A0160,2025-05-01,424.5,6.06,10.73,17.83,0.909,17.99
A0160,2025-05-02,424.5,8.29,13.92,22.47,0.909,22.66
A0160,2025-05-03,424.5,8.31,13.7,21.87,0.909,22.06
A0160,2025-05-04,424.5,5.72,9.18,14.44,0.909,14.56
A0160,2025-05-05,424.5,7.05,11.83,19.1,0.909,19.26
A0160,2025-05-06,424.5,7.07,12.2,19.98,0.909,20.16
A0160,2025-05-07,424.5,7.1,11.71,18.71,0.909,18.87
A0160,2025-05-08,424.5,7.98,13.57,22.05,0.909,22.24
A0160,2025-05-09,424.5,8.76,14.55,23.35,0.909,23.54
A0160,2025-05-10,424.5,8.91,14.54,23.07,0.909,23.26
A0160,2025-05-11,424.5,5.76,9.86,16.09,0.909,16.23
A0160,2025-05-12,424.5,9.04,15.17,24.48,0.909,24.7
A0161,2025-04-29,5.4,7.53,24.44,53.03,0.556,28.41
A0161,2025-04-30,5.4,11.16,31.88,66.8,0.556,36.73
A0161,2025-05-01,5.4,7.76,24.6,52.75,0.556,28.51
A0161,2025-05-02,5.4,11.41,32.28,67.96,0.556,37.24
A0161,2025-05-03,5.4,11.67,33.28,70.45,0.556,38.44
A0161,2025-05-04,5.4,7.66,24.94,53.95,0.556,28.97
A0161,2025-05-05,5.4,8.47,26.07,55.92,0.556,30.21
A0161,2025-05-06,5.4,8.46,26.43,56.77,0.556,30.65
A0161,2025-05-07,5.4,9.14,27.93,59.41,0.556,32.3
A0161,2025-05-08,5.4,10.43,30.6,64.24,0.556,35.27
A0161,2025-05-09,5.4,11.54,32.95,69.19,0.556,37.98
A0161,2025-05-10,5.4,12.32,34.74,73.15,0.556,40.07
A0161,2025-05-11,5.4,6.2,21.73,47.75,0.556,25.35
A0161,2025-05-12,5.4,11.1,31.36,65.86,0.556,36.15
A0162,2025-04-29,337.1,11.2,31.26,64.44,0.909,65.19
A0162,2025-04-30,337.1,15.21,39.59,79.55,0.909,80.46
A0162,2025-05-01,337.1,10.81,30.08,61.75,0.909,62.47
A0162,2025-05-02,337.1,15.52,40.02,81.2,0.909,82.14
A0162,2025-05-03,337.1,15.78,41.1,83.86,0.909,84.84
A0162,2025-05-04,337.1,10.72,30.84,63.88,0.909,64.64
A0162,2025-05-05,337.1,11.17,31.16,64.49,0.909,65.25
A0162,2025-05-06,337.1,11.42,31.97,66.07,0.909,66.84
A0162,2025-05-07,337.1,11.93,33.27,68.17,0.909,68.97
A0162,2025-05-08,337.1,13.65,36.66,74.21,0.909,75.06
A0162,2025-05-09,337.1,15.05,39.69,80.59,0.909,81.52
A0162,2025-05-10,337.1,15.76,41.39,84.31,0.909,85.29
A0162,2025-05-11,337.1,8.32,25.72,54.21,0.909,54.86
A0162,2025-05-12,337.1,13.78,36.55,74.36,0.909,75.22
A0163,2025-04-29,4.1,15.98,25.98,38.86,0.556,27.77
A0163,2025-04-30,4.1,19.6,32.42,48.91,0.556,34.71
A0163,2025-05-01,4.1,17.94,26.96,38.56,0.556,28.57
A0163,2025-05-02,4.1,21.39,33.34,48.71,0.556,35.47
A0163,2025-05-03,4.1,22.03,35.56,52.98,0.556,37.98
A0163,2025-05-04,4.1,17.6,26.49,37.94,0.556,28.08
A0163,2025-05-05,4.1,17.6,26.68,38.37,0.556,28.31
A0163,2025-05-06,4.1,16.9,26.85,39.66,0.556,28.63
A0163,2025-05-07,4.1,17.62,28.45,42.39,0.556,30.39
A0163,2025-05-08,4.1,20.85,32.33,47.1,0.556,34.38
A0163,2025-05-09,4.1,21.61,33.72,49.31,0.556,35.89
A0163,2025-05-10,4.1,22.81,36.79,54.76,0.556,39.28
A0163,2025-05-11,4.1,14.97,22.75,32.76,0.556,24.14
A0163,2025-05-12,4.1,22.57,33.75,48.13,0.556,35.75
A0164,2025-04-29,341.2,12.42,19.85,30.14,0.909,30.38
A0164,2025-04-30,341.2,15.61,23.87,35.34,0.909,35.6
A0164,2025-05-01,341.2,10.6,15.82,23.05,0.909,23.22
A0164,2025-05-02,341.2,14.33,23.08,35.21,0.909,35.48
A0164,2025-05-03,341.2,15.14,24.19,36.73,0.909,37.01
A0164,2025-05-04,341.2,11.99,18.76,28.14,0.909,28.36
A0164,2025-05-05,341.2,9.73,14.41,20.91,0.909,21.06
A0164,2025-05-06,341.2,11.71,18.27,27.36,0.909,27.56
A0164,2025-05-07,341.2,12.49,19.68,29.65,0.909,29.88
A0164,2025-05-08,341.2,12.34,18.99,28.2,0.909,28.41
A0164,2025-05-09,341.2,13.71,21.69,32.75,0.909,33.0
A0164,2025-05-10,341.2,14.47,22.43,33.46,0.909,33.71
A0164,2025-05-11,341.2,9.19,14.63,22.17,0.909,22.34
A0164,2025-05-12,341.2,10.11,14.66,20.97,0.909,21.11
A0165,2025-04-29,5.6,25.35,37.59,59.53,0.556,40.64
A0165,2025-04-30,5.6,26.67,40.07,64.08,0.556,43.4
A0165,2025-05-01,5.6,21.29,31.01,48.45,0.556,33.44
A0165,2025-05-02,5.6,29.3,43.16,67.99,0.556,46.6
A0165,2025-05-03,5.6,31.26,47.19,75.75,0.556,51.16
A0165,2025-05-04,5.6,22.86,33.73,53.22,0.556,36.43
A0165,2025-05-05,5.6,22.17,32.67,51.51,0.556,35.29
A0165,2025-05-06,5.6,25.68,37.53,58.78,0.556,40.48
A0165,2025-05-07,5.6,26.0,38.54,61.05,0.556,41.67
A0165,2025-05-08,5.6,26.0,38.45,60.78,0.556,41.55
A0165,2025-05-09,5.6,29.38,43.14,67.8,0.556,46.56
A0165,2025-05-10,5.6,31.44,47.38,75.97,0.556,51.35
A0165,2025-05-11,5.6,20.58,30.61,48.6,0.556,33.11
A0165,2025-05-12,5.6,25.84,38.31,60.67,0.556,41.42
A0166,2025-04-29,423.3,52.52,71.52,98.89,0.909,99.51
A0166,2025-04-30,423.3,70.01,99.1,141.04,0.909,142.0
A0166,2025-05-01,423.3,50.07,67.8,93.35,0.909,93.93
A0166,2025-05-02,423.3,69.19,91.52,123.72,0.909,124.45
A0166,2025-05-03,423.3,66.93,90.99,125.67,0.909,126.46
A0166,2025-05-04,423.3,52.07,72.27,101.38,0.909,102.04
A0166,2025-05-05,423.3,55.96,75.11,102.71,0.909,103.34
A0166,2025-05-06,423.3,57.19,76.27,103.77,0.909,104.39
A0166,2025-05-07,423.3,58.48,81.04,113.55,0.909,114.29
A0166,2025-05-08,423.3,64.88,87.19,119.35,0.909,120.08
A0166,2025-05-09,423.3,70.53,94.11,128.08,0.909,128.85
A0166,2025-05-10,423.3,71.06,98.51,138.07,0.909,138.97
A0166,2025-05-11,423.3,46.21,63.42,88.22,0.909,88.79
A0166,2025-05-12,423.3,68.27,93.11,128.9,0.909,129.71
A0167,2025-04-29,4.3,96.81,150.9,231.02,0.556,162.03
A0167,2025-04-30,4.3,116.97,182.93,280.61,0.556,196.49
A0167,2025-05-01,4.3,94.32,147.36,225.9,0.556,158.27
A0167,2025-05-02,4.3,18.94,29.38,44.84,0.556,31.53
A0167,2025-05-03,4.3,20.95,32.15,48.73,0.556,34.45
A0167,2025-05-04,4.3,14.47,22.73,34.97,0.556,24.43
A0167,2025-05-05,4.3,17.06,25.56,38.16,0.556,27.31
A0167,2025-05-06,4.3,18.87,27.62,40.57,0.556,29.42
A0167,2025-05-07,4.3,19.49,28.12,40.92,0.556,29.9
A0167,2025-05-08,4.3,21.36,31.14,45.64,0.556,33.16
A0167,2025-05-09,4.3,22.98,33.27,48.52,0.556,35.39
A0167,2025-05-10,4.3,24.38,35.27,51.41,0.556,37.51
A0167,2025-05-11,4.3,15.31,22.17,32.34,0.556,23.59
A0167,2025-05-12,4.3,21.06,30.19,43.72,0.556,32.07
A0168,2025-04-29,427.0,6.99,10.34,16.45,0.909,16.59
A0168,2025-04-30,427.0,9.73,15.2,25.18,0.909,25.41
A0168,2025-05-01,427.0,6.09,8.64,13.28,0.909,13.39
A0168,2025-05-02,427.0,8.44,12.25,19.21,0.909,19.37
A0168,2025-05-03,427.0,8.24,11.99,18.83,0.909,18.99
A0168,2025-05-04,427.0,7.83,11.56,18.37,0.909,18.53
A0168,2025-05-05,427.0,5.35,7.57,11.63,0.909,11.72
A0168,2025-05-06,427.0,6.84,9.99,15.76,0.909,15.89
A0168,2025-05-07,427.0,6.96,10.36,16.55,0.909,16.69
A0168,2025-05-08,427.0,6.68,9.85,15.65,0.909,15.78
A0168,2025-05-09,427.0,7.74,11.38,18.04,0.909,18.19
A0168,2025-05-10,427.0,7.54,11.0,17.32,0.909,17.46
A0168,2025-05-11,427.0,5.27,7.71,12.16,0.909,12.26
A0168,2025-05-12,427.0,5.81,8.2,12.56,0.909,12.66
A0169,2025-04-29,2.6,124.9,167.61,230.84,0.556,176.39
A0169,2025-04-30,2.6,164.62,221.7,306.19,0.556,233.43
A0169,2025-05-01,2.6,107.75,144.14,198.0,0.556,151.62
A0169,2025-05-02,2.6,158.35,212.01,291.44,0.556,223.04
A0169,2025-05-03,2.6,165.89,223.84,309.62,0.556,235.76
A0169,2025-05-04,2.6,126.74,165.4,222.63,0.556,173.35
A0169,2025-05-05,2.6,112.78,150.01,205.11,0.556,157.66
A0169,2025-05-06,2.6,124.24,167.98,232.73,0.556,176.97
A0169,2025-05-07,2.6,130.32,175.69,242.85,0.556,185.02
A0169,2025-05-08,2.6,138.06,183.94,251.86,0.556,193.38
A0169,2025-05-09,2.6,157.58,210.42,288.62,0.556,221.28
A0169,2025-05-10,2.6,166.01,221.54,303.74,0.556,232.95
A0169,2025-05-11,2.6,99.89,132.16,179.92,0.556,138.79
A0169,2025-05-12,2.6,136.0,181.59,249.06,0.556,190.96
A0170,2025-04-29,9.8,40.13,59.96,87.93,0.556,63.85
A0170,2025-04-30,9.8,44.9,66.76,97.59,0.556,71.04
A0170,2025-05-01,9.8,37.24,54.67,79.25,0.556,58.09
A0170,2025-05-02,9.8,49.01,71.24,102.58,0.556,75.6
A0170,2025-05-03,9.8,52.34,75.77,108.81,0.556,80.36
A0170,2025-05-04,9.8,37.84,55.07,79.36,0.556,58.44
A0170,2025-05-05,9.8,37.02,53.84,77.55,0.556,57.13
A0170,2025-05-06,9.8,40.81,60.16,87.45,0.556,63.95
A0170,2025-05-07,9.8,41.32,60.35,87.19,0.556,64.08
A0170,2025-05-08,9.8,45.25,65.57,94.23,0.556,69.55
A0170,2025-05-09,9.8,49.44,71.77,103.25,0.556,76.14
A0170,2025-05-10,9.8,53.0,76.93,110.66,0.556,81.62
A0170,2025-05-11,9.8,32.82,47.87,69.08,0.556,50.81
A0170,2025-05-12,9.8,44.06,62.83,89.3,0.556,66.51
A0171,2025-04-29,5.1,39.68,56.19,79.72,0.556,59.46
A0171,2025-04-30,5.1,51.17,71.99,101.66,0.556,76.11
A0171,2025-05-01,5.1,34.27,47.37,66.03,0.556,49.96
A0171,2025-05-02,5.1,47.43,65.65,91.62,0.556,69.26
A0171,2025-05-03,5.1,50.36,69.14,95.91,0.556,72.86
A0171,2025-05-04,5.1,39.05,54.69,76.98,0.556,57.78
A0171,2025-05-05,5.1,36.86,51.22,71.7,0.556,54.07
A0171,2025-05-06,5.1,38.81,55.18,78.51,0.556,58.42
A0171,2025-05-07,5.1,40.05,57.31,81.91,0.556,60.73
A0171,2025-05-08,5.1,44.21,61.93,87.18,0.556,65.44
A0171,2025-05-09,5.1,48.29,67.31,94.41,0.556,71.07
A0171,2025-05-10,5.1,52.02,72.61,101.97,0.556,76.69
A0171,2025-05-11,5.1,31.88,45.39,64.66,0.556,48.07
A0171,2025-05-12,5.1,44.12,63.31,90.67,0.556,67.11
A0172,2025-04-29,4.0,6.92,22.82,49.48,0.556,26.52
A0172,2025-04-30,4.0,9.94,28.75,60.55,0.556,33.16
A0172,2025-05-01,4.0,6.97,22.68,48.87,0.556,26.32
A0172,2025-05-02,4.0,9.76,28.51,60.43,0.556,32.94
A0172,2025-05-03,4.0,10.21,29.73,63.24,0.556,34.38
A0172,2025-05-04,4.0,7.06,23.27,50.48,0.556,27.05
A0172,2025-05-05,4.0,7.47,23.7,51.08,0.556,27.5
A0172,2025-05-06,4.0,7.58,24.2,52.16,0.556,28.09
A0172,2025-05-07,4.0,8.03,25.14,53.78,0.556,29.12
A0172,2025-05-08,4.0,8.98,27.08,57.37,0.556,31.29
A0172,2025-05-09,4.0,9.9,29.0,61.32,0.556,33.49
A0172,2025-05-10,4.0,10.71,30.77,65.12,0.556,35.54
A0172,2025-05-11,4.0,5.71,20.39,44.88,0.556,23.79
A0172,2025-05-12,4.0,9.44,27.65,58.45,0.556,31.93
A0173,2025-04-29,26.9,35.15,50.08,76.27,0.909,76.87
A0173,2025-04-30,26.9,45.72,65.69,100.7,0.909,101.49
A0173,2025-05-01,26.9,32.01,47.39,74.36,0.909,74.98
A0173,2025-05-02,26.9,46.73,63.6,93.2,0.909,93.87
A0173,2025-05-03,26.9,44.65,60.89,89.38,0.909,90.03
A0173,2025-05-04,26.9,32.84,45.66,68.14,0.909,68.65
A0173,2025-05-05,26.9,37.65,57.37,91.96,0.909,92.75
A0173,2025-05-06,26.9,38.04,55.66,86.56,0.909,87.26
A0173,2025-05-07,26.9,39.86,55.75,83.61,0.909,84.24
A0173,2025-05-08,26.9,58.3,74.71,103.5,0.909,104.15
A0173,2025-05-09,26.9,63.59,81.8,113.76,0.909,114.48
A0173,2025-05-10,26.9,64.22,82.08,113.38,0.909,114.09
A0173,2025-05-11,26.9,43.27,55.64,77.33,0.909,77.82
A0173,2025-05-12,26.9,77.65,115.78,182.65,0.909,184.16
A0174,2025-04-29,199.4,19.49,29.26,41.51,0.909,41.79
A0174,2025-04-30,199.4,26.97,40.52,57.51,0.909,57.9
A0174,2025-05-01,199.4,18.45,28.82,41.83,0.909,42.12
A0174,2025-05-02,199.4,24.82,37.25,52.83,0.909,53.18
A0174,2025-05-03,199.4,26.61,39.3,55.22,0.909,55.58
A0174,2025-05-04,199.4,20.68,31.42,44.88,0.909,45.19
A0174,2025-05-05,199.4,18.23,27.68,39.52,0.909,39.79
A0174,2025-05-06,199.4,19.37,29.28,41.71,0.909,41.99
A0174,2025-05-07,199.4,20.29,30.75,43.87,0.909,44.17
A0174,2025-05-08,199.4,23.21,35.59,51.12,0.909,51.47
A0174,2025-05-09,199.4,24.64,37.05,52.6,0.909,52.95
A0174,2025-05-10,199.4,26.43,38.99,54.75,0.909,55.11
A0174,2025-05-11,199.4,15.99,24.78,35.8,0.909,36.05
A0174,2025-05-12,199.4,21.35,32.4,46.26,0.909,46.58
A0175,2025-04-29,361.9,13.4,21.38,33.74,0.909,34.02
A0175,2025-04-30,361.9,15.95,27.08,44.31,0.909,44.7
A0175,2025-05-01,361.9,10.72,17.63,28.33,0.909,28.58
A0175,2025-05-02,361.9,13.98,22.69,36.19,0.909,36.49
A0175,2025-05-03,361.9,14.72,24.59,39.88,0.909,40.23
A0175,2025-05-04,361.9,11.8,19.56,31.57,0.909,31.84
A0175,2025-05-05,361.9,10.69,17.03,26.85,0.909,27.07
A0175,2025-05-06,361.9,12.94,20.27,31.62,0.909,31.88
A0175,2025-05-07,361.9,12.73,21.08,34.02,0.909,34.31
A0175,2025-05-08,361.9,12.4,19.89,31.49,0.909,31.75
A0175,2025-05-09,361.9,13.52,21.77,34.55,0.909,34.84
A0175,2025-05-10,361.9,14.14,23.37,37.67,0.909,38.0
A0175,2025-05-11,361.9,9.9,15.55,24.28,0.909,24.48
A0175,2025-05-12,361.9,11.62,17.51,26.63,0.909,26.84
A0176,2025-04-29,201.0,21.59,32.86,49.28,0.909,49.65
A0176,2025-04-30,201.0,27.44,41.02,60.78,0.909,61.23
A0176,2025-05-01,201.0,20.45,29.86,43.57,0.909,43.88
A0176,2025-05-02,201.0,26.7,39.72,58.67,0.909,59.1
A0176,2025-05-03,201.0,26.94,41.31,62.24,0.909,62.72
A0176,2025-05-04,201.0,21.29,32.45,48.71,0.909,49.08
A0176,2025-05-05,201.0,20.38,29.66,43.18,0.909,43.49
A0176,2025-05-06,201.0,21.76,32.67,48.56,0.909,48.92
A0176,2025-05-07,201.0,21.82,34.2,52.22,0.909,52.63
A0176,2025-05-08,201.0,24.48,37.58,56.65,0.909,57.08
A0176,2025-05-09,201.0,26.86,40.06,59.29,0.909,59.72
A0176,2025-05-10,201.0,27.58,42.64,64.56,0.909,65.06
A0176,2025-05-11,201.0,17.72,27.9,42.71,0.909,43.05
A0176,2025-05-12,201.0,26.22,38.2,55.65,0.909,56.05
A0177,2025-04-29,150.7,14.32,21.86,32.99,0.909,33.24
A0177,2025-04-30,150.7,18.73,27.59,40.65,0.909,40.95
A0177,2025-05-01,150.7,13.73,20.43,30.31,0.909,30.54
A0177,2025-05-02,150.7,17.53,27.16,41.36,0.909,41.68
A0177,2025-05-03,150.7,18.73,28.62,43.22,0.909,43.55
A0177,2025-05-04,150.7,14.47,21.29,31.35,0.909,31.58
A0177,2025-05-05,150.7,14.0,21.29,32.04,0.909,32.28
A0177,2025-05-06,150.7,14.58,22.09,33.18,0.909,33.43
A0177,2025-05-07,150.7,15.35,23.42,35.34,0.909,35.61
A0177,2025-05-08,150.7,17.02,25.75,38.63,0.909,38.92
A0177,2025-05-09,150.7,17.8,27.43,41.64,0.909,41.96
A0177,2025-05-10,150.7,19.03,28.95,43.58,0.909,43.91
A0177,2025-05-11,150.7,12.11,18.41,27.71,0.909,27.92
A0177,2025-05-12,150.7,17.31,26.37,39.73,0.909,40.03
A0178,2025-04-29,197.9,11.76,20.67,31.25,0.909,31.49
A0178,2025-04-30,197.9,14.97,26.61,40.42,0.909,40.73
A0178,2025-05-01,197.9,10.91,18.71,27.96,0.909,28.17
A0178,2025-05-02,197.9,14.12,23.53,34.69,0.909,34.94
A0178,2025-05-03,197.9,15.79,26.3,38.77,0.909,39.05
A0178,2025-05-04,197.9,11.6,19.84,29.63,0.909,29.85
A0178,2025-05-05,197.9,11.13,17.8,25.71,0.909,25.89
A0178,2025-05-06,197.9,11.81,20.42,30.65,0.909,30.88
A0178,2025-05-07,197.9,12.64,22.38,33.93,0.909,34.2
A0178,2025-05-08,197.9,13.92,24.19,36.38,0.909,36.66
A0178,2025-05-09,197.9,14.27,23.82,35.16,0.909,35.42
A0178,2025-05-10,197.9,15.82,26.86,39.96,0.909,40.26
A0178,2025-05-11,197.9,9.68,16.71,25.06,0.909,25.25
A0178,2025-05-12,197.9,12.65,20.84,30.56,0.909,30.78
A0179,2025-04-29,5.1,169.06,218.73,309.9,0.556,231.39
A0179,2025-04-30,5.1,229.76,288.22,395.51,0.556,303.12
A0179,2025-05-01,5.1,152.23,200.03,287.78,0.556,212.22
A0179,2025-05-02,5.1,197.84,256.11,363.05,0.556,270.96
A0179,2025-05-03,5.1,214.89,273.22,380.27,0.556,288.08
A0179,2025-05-04,5.1,172.29,221.51,311.86,0.556,234.06
A0179,2025-05-05,5.1,155.48,200.56,283.3,0.556,212.05
A0179,2025-05-06,5.1,170.13,219.95,311.38,0.556,232.65
A0179,2025-05-07,5.1,174.03,225.6,320.26,0.556,238.75
A0179,2025-05-08,5.1,199.5,260.12,371.38,0.556,275.57
A0179,2025-05-09,5.1,208.47,269.42,381.28,0.556,284.96
A0179,2025-05-10,5.1,229.37,292.2,407.52,0.556,308.21
A0179,2025-05-11,5.1,141.5,185.34,265.82,0.556,196.52
A0179,2025-05-12,5.1,202.25,260.92,368.6,0.556,275.87
A0180,2025-04-29,167.2,10.23,16.12,24.22,0.909,24.4
A0180,2025-04-30,167.2,12.63,20.79,32.01,0.909,32.27
A0180,2025-05-01,167.2,9.45,15.18,23.05,0.909,23.23
A0180,2025-05-02,167.2,12.03,20.0,30.95,0.909,31.19
A0180,2025-05-03,167.2,13.01,21.56,33.33,0.909,33.6
A0180,2025-05-04,167.2,9.76,15.67,23.79,0.909,23.98
A0180,2025-05-05,167.2,9.21,15.81,24.88,0.909,25.09
A0180,2025-05-06,167.2,9.82,15.88,24.21,0.909,24.39
A0180,2025-05-07,167.2,9.96,16.4,25.26,0.909,25.46
A0180,2025-05-08,167.2,11.19,17.53,26.26,0.909,26.46
A0180,2025-05-09,167.2,12.12,20.02,30.89,0.909,31.13
A0180,2025-05-10,167.2,36.93,60.32,92.48,0.909,93.22
A0180,2025-05-11,167.2,23.69,37.44,56.35,0.909,56.78
A0180,2025-05-12,167.2,31.09,51.9,80.52,0.909,81.17
A0181,2025-04-29,3.5,121.68,171.48,246.21,0.556,181.86
A0181,2025-04-30,3.5,148.99,205.33,289.86,0.556,217.07
A0181,2025-05-01,3.5,109.48,155.81,225.34,0.556,165.47
A0181,2025-05-02,3.5,208.79,291.05,414.48,0.556,308.2
A0181,2025-05-03,3.5,215.19,301.49,430.97,0.556,319.47
A0181,2025-05-04,3.5,162.35,222.68,313.2,0.556,235.25
A0181,2025-05-05,3.5,108.7,153.58,220.93,0.556,162.93
A0181,2025-05-06,3.5,117.51,167.14,241.63,0.556,177.49
A0181,2025-05-07,3.5,122.18,171.55,245.64,0.556,181.84
A0181,2025-05-08,3.5,131.68,187.44,271.1,0.556,199.06
A0181,2025-05-09,3.5,151.18,212.39,304.25,0.556,225.15
A0181,2025-05-10,3.5,162.0,226.27,322.7,0.556,239.66
A0181,2025-05-11,3.5,96.79,135.7,194.08,0.556,143.81
A0181,2025-05-12,3.5,140.69,195.17,276.94,0.556,206.53
A0182,2025-04-29,6.6,109.23,147.56,196.52,0.556,154.36
A0182,2025-04-30,6.6,132.17,179.08,239.02,0.556,187.41
A0182,2025-05-01,6.6,104.47,143.48,193.33,0.556,150.41
A0182,2025-05-02,6.6,128.68,173.01,229.64,0.556,180.87
A0182,2025-05-03,6.6,137.0,185.95,248.48,0.556,194.63
A0182,2025-05-04,6.6,105.77,146.18,197.8,0.556,153.35
A0182,2025-05-05,6.6,107.49,144.62,192.07,0.556,151.21
A0182,2025-05-06,6.6,114.84,153.84,203.67,0.556,160.76
A0182,2025-05-07,6.6,110.18,147.19,194.47,0.556,153.75
A0182,2025-05-08,6.6,130.47,178.08,238.91,0.556,186.53
A0182,2025-05-09,6.6,132.74,177.65,235.04,0.556,185.62
A0182,2025-05-10,6.6,142.19,192.03,255.71,0.556,200.88
A0182,2025-05-11,6.6,92.65,126.3,169.28,0.556,132.27
A0182,2025-05-12,6.6,133.58,178.94,236.89,0.556,186.99
A0183,2025-04-29,6.6,48.17,65.11,90.79,0.556,68.68
A0183,2025-04-30,6.6,60.74,81.84,113.84,0.556,86.28
A0183,2025-05-01,6.6,46.18,62.41,87.02,0.556,65.83
A0183,2025-05-02,6.6,61.95,84.15,117.83,0.556,88.83
A0183,2025-05-03,6.6,64.68,86.25,118.96,0.556,90.79
A0183,2025-05-04,6.6,50.58,68.69,96.16,0.556,72.5
A0183,2025-05-05,6.6,48.79,65.03,89.65,0.556,68.45
A0183,2025-05-06,6.6,50.88,68.36,94.89,0.556,72.05
A0183,2025-05-07,6.6,51.38,68.57,94.64,0.556,72.19
A0183,2025-05-08,6.6,60.78,80.92,111.48,0.556,85.17
A0183,2025-05-09,6.6,63.89,86.63,121.13,0.556,91.42
A0183,2025-05-10,6.6,67.87,90.14,123.91,0.556,94.83
A0183,2025-05-11,6.6,42.5,58.19,81.98,0.556,61.49
A0183,2025-05-12,6.6,60.13,80.83,112.22,0.556,85.19
A0184,2025-04-29,12.7,120.84,163.52,276.44,0.909,279.01
A0184,2025-04-30,12.7,144.47,189.53,308.74,0.909,311.45
A0184,2025-05-01,12.7,113.12,150.99,251.17,0.909,253.44
A0184,2025-05-02,12.7,149.63,200.34,334.48,0.909,337.52
A0184,2025-05-03,12.7,155.72,202.53,326.37,0.909,329.18
A0184,2025-05-04,12.7,120.79,154.72,244.45,0.909,246.49
A0184,2025-05-05,12.7,116.74,153.88,252.14,0.909,254.37
A0184,2025-05-06,12.7,127.48,170.87,285.66,0.909,288.26
A0184,2025-05-07,12.7,134.07,174.01,279.67,0.909,282.07
A0184,2025-05-08,12.7,140.29,187.17,311.19,0.909,314.01
A0184,2025-05-09,12.7,152.59,205.38,345.04,0.909,348.21
A0184,2025-05-10,12.7,161.03,211.41,344.68,0.909,347.71
A0184,2025-05-11,12.7,102.26,133.53,216.25,0.909,218.13
A0184,2025-05-12,12.7,142.25,189.44,314.26,0.909,317.1
A0185,2025-04-29,345.7,30.87,44.21,65.65,0.909,66.14
A0185,2025-04-30,345.7,43.94,65.61,100.46,0.909,101.25
A0185,2025-05-01,345.7,28.33,40.52,60.11,0.909,60.56
A0185,2025-05-02,345.7,41.65,58.91,86.66,0.909,87.29
A0185,2025-05-03,345.7,37.62,52.4,76.17,0.909,76.71
A0185,2025-05-04,345.7,31.32,45.69,68.79,0.909,69.32
A0185,2025-05-05,345.7,34.91,49.6,73.21,0.909,73.74
A0185,2025-05-06,345.7,34.73,49.51,73.28,0.909,73.82
A0185,2025-05-07,345.7,35.03,50.44,75.21,0.909,75.77
A0185,2025-05-08,345.7,38.89,55.18,81.36,0.909,81.96
A0185,2025-05-09,345.7,43.74,62.31,92.17,0.909,92.85
A0185,2025-05-10,345.7,41.95,58.98,86.38,0.909,87.0
A0185,2025-05-11,345.7,28.89,41.51,61.8,0.909,62.26
A0185,2025-05-12,345.7,46.99,70.3,107.78,0.909,108.63
A0186,2025-04-29,3.2,52.15,73.12,105.19,0.556,77.57
A0186,2025-04-30,3.2,62.65,89.34,130.16,0.556,95.01
A0186,2025-05-01,3.2,46.94,65.47,93.81,0.556,69.4
A0186,2025-05-02,3.2,65.16,91.6,132.05,0.556,97.22
A0186,2025-05-03,3.2,67.64,95.56,138.26,0.556,101.49
A0186,2025-05-04,3.2,47.99,68.72,100.43,0.556,73.12
A0186,2025-05-05,3.2,48.7,67.22,95.55,0.556,71.15
A0186,2025-05-06,3.2,53.61,74.58,106.65,0.556,79.03
A0186,2025-05-07,3.2,53.92,74.68,106.44,0.556,79.09
A0186,2025-05-08,3.2,59.78,83.65,120.15,0.556,88.72
A0186,2025-05-09,3.2,66.12,92.34,132.44,0.556,97.91
A0186,2025-05-10,3.2,68.8,96.26,138.27,0.556,102.09
A0186,2025-05-11,3.2,41.4,58.01,83.41,0.556,61.54
A0186,2025-05-12,3.2,59.23,82.14,117.17,0.556,87.0
A0187,2025-04-29,4.9,18.16,27.65,39.47,0.556,29.29
A0187,2025-04-30,4.9,22.11,34.29,49.48,0.556,36.4
A0187,2025-05-01,4.9,17.6,27.02,38.76,0.556,28.65
A0187,2025-05-02,4.9,22.55,34.27,48.87,0.556,36.3
A0187,2025-05-03,4.9,24.6,37.49,53.55,0.556,39.72
A0187,2025-05-04,4.9,16.4,25.0,35.72,0.556,26.49
A0187,2025-05-05,4.9,18.77,28.85,41.41,0.556,30.59
A0187,2025-05-06,4.9,19.29,28.96,41.01,0.556,30.63
A0187,2025-05-07,4.9,20.12,29.94,42.17,0.556,31.63
A0187,2025-05-08,4.9,21.5,32.57,46.35,0.556,34.48
A0187,2025-05-09,4.9,22.73,34.44,49.02,0.556,36.46
A0187,2025-05-10,4.9,24.71,37.45,53.34,0.556,39.66
A0187,2025-05-11,4.9,14.68,21.95,31.01,0.556,23.21
A0187,2025-05-12,4.9,21.39,33.15,47.79,0.556,35.18
A0188,2025-04-29,5.6,11.69,18.94,26.75,0.556,20.02
A0188,2025-04-30,5.6,13.46,22.76,32.79,0.556,24.16
A0188,2025-05-01,5.6,10.29,15.6,21.32,0.556,16.39
A0188,2025-05-02,5.6,13.38,21.24,29.7,0.556,22.41
A0188,2025-05-03,5.6,14.2,22.36,31.15,0.556,23.58
A0188,2025-05-04,5.6,10.86,18.13,25.96,0.556,19.21
A0188,2025-05-05,5.6,10.05,15.76,21.92,0.556,16.61
A0188,2025-05-06,5.6,11.18,18.2,25.77,0.556,19.25
A0188,2025-05-07,5.6,11.11,18.88,27.26,0.556,20.05
A0188,2025-05-08,5.6,12.29,19.83,27.96,0.556,20.96
A0188,2025-05-09,5.6,13.01,20.93,29.48,0.556,22.12
A0188,2025-05-10,5.6,13.66,22.11,31.22,0.556,23.37
A0188,2025-05-11,5.6,8.75,14.88,21.49,0.556,15.8
A0188,2025-05-12,5.6,10.85,18.35,26.45,0.556,19.48
A0189,2025-04-29,390.4,43.32,64.22,94.54,0.909,95.23
A0189,2025-04-30,390.4,51.15,76.05,112.18,0.909,113.01
A0189,2025-05-01,390.4,39.6,57.59,83.68,0.909,84.27
A0189,2025-05-02,390.4,54.35,79.07,114.94,0.909,115.76
A0189,2025-05-03,390.4,55.48,79.23,113.69,0.909,114.47
A0189,2025-05-04,390.4,41.06,60.33,88.29,0.909,88.93
A0189,2025-05-05,390.4,41.57,60.65,88.34,0.909,88.97
A0189,2025-05-06,390.4,45.17,65.79,95.7,0.909,96.38
A0189,2025-05-07,390.4,45.73,66.89,97.59,0.909,98.29
A0189,2025-05-08,390.4,49.8,71.83,103.79,0.909,104.51
A0189,2025-05-09,390.4,54.57,79.39,115.4,0.909,116.21
A0189,2025-05-10,390.4,55.93,80.02,114.97,0.909,115.76
A0189,2025-05-11,390.4,35.41,52.1,76.33,0.909,76.88
A0189,2025-05-12,390.4,48.69,71.04,103.48,0.909,104.22
A0190,2025-04-29,3.5,56.28,81.86,123.74,0.556,87.68
A0190,2025-04-30,3.5,66.77,92.05,133.42,0.556,97.79
A0190,2025-05-01,3.5,51.65,74.76,112.59,0.556,80.01
A0190,2025-05-02,3.5,71.56,102.45,153.01,0.556,109.47
A0190,2025-05-03,3.5,75.04,108.1,162.22,0.556,115.62
A0190,2025-05-04,3.5,54.19,74.42,107.54,0.556,79.02
A0190,2025-05-05,3.5,54.83,80.34,122.08,0.556,86.14
A0190,2025-05-06,3.5,56.78,82.57,124.79,0.556,88.44
A0190,2025-05-07,3.5,58.52,84.43,126.82,0.556,90.31
A0190,2025-05-08,3.5,62.68,89.15,132.49,0.556,95.17
A0190,2025-05-09,3.5,70.41,101.08,151.28,0.556,108.05
A0190,2025-05-10,3.5,74.03,106.5,159.65,0.556,113.88
A0190,2025-05-11,3.5,45.73,66.45,100.37,0.556,71.17
A0190,2025-05-12,3.5,62.44,91.1,138.01,0.556,97.62
A0191,2025-04-29,5.7,39.47,57.08,80.31,0.556,60.3
A0191,2025-04-30,5.7,48.05,69.88,98.68,0.556,73.88
A0191,2025-05-01,5.7,37.65,51.42,69.6,0.556,53.95
A0191,2025-05-02,5.7,49.43,71.13,99.75,0.556,75.1
A0191,2025-05-03,5.7,51.83,75.77,107.35,0.556,80.15
A0191,2025-05-04,5.7,36.65,53.45,75.63,0.556,56.53
A0191,2025-05-05,5.7,40.5,56.71,78.11,0.556,59.68
A0191,2025-05-06,5.7,42.36,60.02,83.32,0.556,63.26
A0191,2025-05-07,5.7,43.24,60.04,82.21,0.556,63.12
A0191,2025-05-08,5.7,48.36,67.39,92.51,0.556,70.88
A0191,2025-05-09,5.7,51.44,73.1,101.68,0.556,77.07
A0191,2025-05-10,5.7,54.73,78.55,109.98,0.556,82.91
A0191,2025-05-11,5.7,33.14,46.65,64.47,0.556,49.13
A0191,2025-05-12,5.7,51.38,72.67,100.77,0.556,76.57
A0192,2025-04-29,3.4,112.67,154.12,220.84,0.556,163.38
A0192,2025-04-30,3.4,137.3,188.64,271.28,0.556,200.12
A0192,2025-05-01,3.4,104.52,142.99,204.91,0.556,151.59
A0192,2025-05-02,3.4,143.05,193.56,274.87,0.556,204.85
A0192,2025-05-03,3.4,151.53,207.31,297.1,0.556,219.78
A0192,2025-05-04,3.4,107.75,145.58,206.46,0.556,154.03
A0192,2025-05-05,3.4,111.75,149.63,210.62,0.556,158.1
A0192,2025-05-06,3.4,118.59,160.09,226.88,0.556,169.36
A0192,2025-05-07,3.4,123.01,164.91,232.35,0.556,174.28
A0192,2025-05-08,3.4,132.1,177.76,251.25,0.556,187.96
A0192,2025-05-09,3.4,145.88,196.57,278.15,0.556,207.9
A0192,2025-05-10,3.4,155.9,212.02,302.36,0.556,224.57
A0192,2025-05-11,3.4,94.32,126.18,177.46,0.556,133.3
A0192,2025-05-12,3.4,128.89,172.94,243.84,0.556,182.78
A0193,2025-04-29,4.2,16.19,26.98,38.68,0.556,28.6
A0193,2025-04-30,4.2,20.43,34.22,49.17,0.556,36.29
A0193,2025-05-01,4.2,16.54,27.32,39.03,0.556,28.95
A0193,2025-05-02,4.2,20.12,33.48,47.98,0.556,35.5
A0193,2025-05-03,4.2,20.75,35.27,51.02,0.556,37.46
A0193,2025-05-04,4.2,15.8,25.46,35.94,0.556,26.92
A0193,2025-05-05,4.2,16.34,27.09,38.75,0.556,28.71
A0193,2025-05-06,4.2,16.69,27.94,40.15,0.556,29.64
A0193,2025-05-07,4.2,17.19,27.61,38.91,0.556,29.18
A0193,2025-05-08,4.2,19.24,31.78,45.4,0.556,33.67
A0193,2025-05-09,4.2,20.11,33.41,47.85,0.556,35.41
A0193,2025-05-10,4.2,21.05,35.13,50.4,0.556,37.25
A0193,2025-05-11,4.2,13.44,21.29,29.8,0.556,22.47
A0193,2025-05-12,4.2,19.83,32.55,46.35,0.556,34.47
A0194,2025-04-29,4.0,27.57,39.73,57.71,0.556,42.22
A0194,2025-04-30,4.0,33.89,50.76,75.71,0.556,54.23
A0194,2025-05-01,4.0,27.96,40.42,58.86,0.556,42.98
A0194,2025-05-02,4.0,36.82,52.54,75.78,0.556,55.76
A0194,2025-05-03,4.0,36.05,54.87,82.7,0.556,58.73
A0194,2025-05-04,4.0,26.77,39.6,58.56,0.556,42.23
A0194,2025-05-05,4.0,28.68,40.91,59.0,0.556,43.42
A0194,2025-05-06,4.0,29.68,42.05,60.35,0.556,44.59
A0194,2025-05-07,4.0,30.77,44.53,64.9,0.556,47.36
A0194,2025-05-08,4.0,33.71,49.11,71.88,0.556,52.27
A0194,2025-05-09,4.0,36.83,52.62,75.98,0.556,55.87
A0194,2025-05-10,4.0,102.72,157.71,239.05,0.556,169.01
A0194,2025-05-11,4.0,66.88,98.91,146.29,0.556,105.49
A0194,2025-05-12,4.0,93.57,137.12,201.53,0.556,146.07
A0195,2025-04-29,347.8,18.03,27.91,44.1,0.909,44.47
A0195,2025-04-30,347.8,19.34,30.73,49.4,0.909,49.83
A0195,2025-05-01,347.8,15.44,23.87,37.7,0.909,38.01
A0195,2025-05-02,347.8,18.98,29.29,46.21,0.909,46.59
A0195,2025-05-03,347.8,21.05,32.68,51.74,0.909,52.17
A0195,2025-05-04,347.8,15.26,25.16,41.39,0.909,41.76
A0195,2025-05-05,347.8,30.58,46.87,73.58,0.909,74.19
A0195,2025-05-06,347.8,35.81,57.85,94.0,0.909,94.82
A0195,2025-05-07,347.8,34.64,56.83,93.21,0.909,94.04
A0195,2025-05-08,347.8,36.69,58.78,95.0,0.909,95.82
A0195,2025-05-09,347.8,15.26,25.0,40.97,0.909,41.33
A0195,2025-05-10,347.8,17.28,28.14,45.95,0.909,46.35
A0195,2025-05-11,347.8,10.79,18.53,31.23,0.909,31.52
A0195,2025-05-12,347.8,14.0,21.22,33.06,0.909,33.33
A0196,2025-04-29,430.0,16.1,24.6,37.11,0.909,37.4
A0196,2025-04-30,430.0,18.87,28.91,43.71,0.909,44.04
A0196,2025-05-01,430.0,13.79,20.72,30.93,0.909,31.16
A0196,2025-05-02,430.0,20.14,30.85,46.63,0.909,46.99
A0196,2025-05-03,430.0,19.54,29.88,45.1,0.909,45.45
A0196,2025-05-04,430.0,15.42,23.59,35.61,0.909,35.89
A0196,2025-05-05,430.0,13.96,21.04,31.47,0.909,31.71
A0196,2025-05-06,430.0,15.93,24.19,36.34,0.909,36.61
A0196,2025-05-07,430.0,16.02,24.53,37.06,0.909,37.34
A0196,2025-05-08,430.0,17.78,27.38,41.51,0.909,41.84
A0196,2025-05-09,430.0,20.17,30.91,46.72,0.909,47.08
A0196,2025-05-10,430.0,20.11,30.64,46.13,0.909,46.49
A0196,2025-05-11,430.0,13.17,20.08,30.26,0.909,30.5
A0196,2025-05-12,430.0,17.99,27.13,40.59,0.909,40.9
A0197,2025-04-29,5.2,13.9,21.65,34.71,0.556,23.46
A0197,2025-04-30,5.2,16.55,28.35,48.24,0.556,31.11
A0197,2025-05-01,5.2,13.09,20.44,32.83,0.556,22.16
A0197,2025-05-02,5.2,15.9,25.4,41.42,0.556,27.62
A0197,2025-05-03,5.2,16.13,26.87,44.97,0.556,29.38
A0197,2025-05-04,5.2,12.81,22.82,39.69,0.556,25.16
A0197,2025-05-05,5.2,12.81,20.08,32.33,0.556,21.78
A0197,2025-05-06,5.2,14.32,22.18,35.43,0.556,24.02
A0197,2025-05-07,5.2,14.4,21.52,33.54,0.556,23.19
A0197,2025-05-08,5.2,15.37,23.42,37.0,0.556,25.31
A0197,2025-05-09,5.2,16.58,25.89,41.59,0.556,28.07
A0197,2025-05-10,5.2,16.8,27.06,44.36,0.556,29.46
A0197,2025-05-11,5.2,11.43,17.78,28.51,0.556,19.27
A0197,2025-05-12,5.2,15.85,23.74,37.04,0.556,25.59
A0198,2025-04-29,376.4,12.91,20.43,30.96,0.909,31.2
A0198,2025-04-30,376.4,14.88,23.13,34.69,0.909,34.95
A0198,2025-05-01,376.4,11.74,19.07,29.34,0.909,29.58
A0198,2025-05-02,376.4,14.47,23.48,36.12,0.909,36.41
A0198,2025-05-03,376.4,15.31,25.56,39.92,0.909,40.25
A0198,2025-05-04,376.4,11.83,19.06,29.21,0.909,29.44
A0198,2025-05-05,376.4,10.92,16.76,24.95,0.909,25.14
A0198,2025-05-06,376.4,13.22,20.29,30.21,0.909,30.43
A0198,2025-05-07,376.4,12.97,19.58,28.85,0.909,29.06
A0198,2025-05-08,376.4,13.27,20.42,30.44,0.909,30.67
A0198,2025-05-09,376.4,14.69,22.78,34.12,0.909,34.38
A0198,2025-05-10,376.4,15.55,24.11,36.11,0.909,36.38
A0198,2025-05-11,376.4,10.5,16.03,23.8,0.909,23.97
A0198,2025-05-12,376.4,13.71,18.54,25.32,0.909,25.48
A0199,2025-04-29,7.9,224.68,304.01,407.37,0.556,318.36
A0199,2025-04-30,7.9,276.95,369.97,491.18,0.556,386.81
A0199,2025-05-01,7.9,214.29,283.54,373.78,0.556,296.08
A0199,2025-05-02,7.9,289.34,384.45,508.37,0.556,401.66
A0199,2025-05-03,7.9,297.76,397.16,526.68,0.556,415.15
A0199,2025-05-04,7.9,250.58,330.28,434.13,0.556,344.7
A0199,2025-05-05,7.9,205.77,265.3,342.87,0.556,276.08
A0199,2025-05-06,7.9,235.36,315.44,419.79,0.556,329.94
A0199,2025-05-07,7.9,243.99,324.57,429.58,0.556,339.16
A0199,2025-05-08,7.9,260.84,349.75,465.59,0.556,365.84
A0199,2025-05-09,7.9,286.74,379.46,500.27,0.556,396.24
A0199,2025-05-10,7.9,295.51,390.43,514.11,0.556,407.61
A0199,2025-05-11,7.9,197.96,267.46,358.0,0.556,280.03
A0199,2025-05-12,7.9,241.78,318.18,417.73,0.556,332.01
A0200,2025-04-29,189.6,13.15,16.88,21.64,0.909,21.75
A0200,2025-04-30,189.6,15.78,21.48,28.76,0.909,28.92
A0200,2025-05-01,189.6,13.02,17.91,24.15,0.909,24.29
A0200,2025-05-02,189.6,16.21,21.3,27.81,0.909,27.96
A0200,2025-05-03,189.6,16.28,22.92,31.41,0.909,31.6
A0200,2025-05-04,189.6,11.84,16.86,23.29,0.909,23.44
A0200,2025-05-05,189.6,13.49,18.14,24.08,0.909,24.22
A0200,2025-05-06,189.6,13.95,17.46,21.95,0.909,22.05
A0200,2025-05-07,189.6,14.09,18.66,24.51,0.909,24.65
A0200,2025-05-08,189.6,15.2,20.19,26.56,0.909,26.7
A0200,2025-05-09,189.6,16.22,21.23,27.63,0.909,27.78
A0200,2025-05-10,189.6,16.45,23.05,31.49,0.909,31.69
A0200,2025-05-11,189.6,10.94,14.86,19.88,0.909,20.0
A0200,2025-05-12,189.6,15.12,19.5,25.09,0.909,25.22
A0201,2025-04-29,308.4,12.28,20.04,31.27,0.909,31.52
A0201,2025-04-30,308.4,14.57,23.33,36.0,0.909,36.29
A0201,2025-05-01,308.4,10.43,17.49,27.72,0.909,27.95
A0201,2025-05-02,308.4,14.23,22.0,33.27,0.909,33.52
A0201,2025-05-03,308.4,15.0,24.42,38.08,0.909,38.39
A0201,2025-05-04,308.4,5.99,11.33,19.05,0.909,19.23
A0201,2025-05-05,308.4,5.19,9.57,15.91,0.909,16.05
A0201,2025-05-06,308.4,6.96,12.07,19.48,0.909,19.64
A0201,2025-05-07,308.4,7.64,13.43,21.81,0.909,22.0
A0201,2025-05-08,308.4,7.43,13.52,22.33,0.909,22.53
A0201,2025-05-09,308.4,8.5,13.92,21.78,0.909,21.96
A0201,2025-05-10,308.4,9.37,15.85,25.23,0.909,25.44
A0201,2025-05-11,308.4,5.86,10.22,16.53,0.909,16.68
A0201,2025-05-12,308.4,7.23,11.28,17.14,0.909,17.27
A0202,2025-04-29,5.9,59.59,68.33,86.59,0.556,70.87
A0202,2025-04-30,5.9,75.51,86.22,108.57,0.556,89.32
A0202,2025-05-01,5.9,58.5,70.05,94.18,0.556,73.4
A0202,2025-05-02,5.9,73.96,84.91,107.78,0.556,88.09
A0202,2025-05-03,5.9,80.01,92.5,118.58,0.556,96.13
A0202,2025-05-04,5.9,62.1,70.42,87.77,0.556,72.83
A0202,2025-05-05,5.9,61.25,72.88,97.16,0.556,76.25
A0202,2025-05-06,5.9,60.74,69.03,86.34,0.556,71.44
A0202,2025-05-07,5.9,61.62,72.59,95.48,0.556,75.76
A0202,2025-05-08,5.9,71.26,83.12,107.88,0.556,86.56
A0202,2025-05-09,5.9,74.55,85.44,108.17,0.556,88.59
A0202,2025-05-10,5.9,80.94,93.52,119.77,0.556,97.17
A0202,2025-05-11,5.9,51.57,59.74,76.8,0.556,62.11
A0202,2025-05-12,5.9,72.42,83.59,106.89,0.556,86.82
A0203,2025-04-29,418.6,30.38,44.67,64.5,0.909,64.95
A0203,2025-04-30,418.6,38.92,56.48,80.84,0.909,81.4
A0203,2025-05-01,418.6,27.44,38.34,53.48,0.909,53.82
A0203,2025-05-02,418.6,37.77,54.83,78.49,0.909,79.03
A0203,2025-05-03,418.6,40.35,56.39,78.64,0.909,79.15
A0203,2025-05-04,418.6,29.88,41.96,58.73,0.909,59.11
A0203,2025-05-05,418.6,27.75,38.84,54.23,0.909,54.58
A0203,2025-05-06,418.6,30.33,44.52,64.2,0.909,64.65
A0203,2025-05-07,418.6,56.16,86.2,127.9,0.909,128.84
A0203,2025-05-08,418.6,59.69,91.37,135.33,0.909,136.33
A0203,2025-05-09,418.6,64.03,100.21,150.43,0.909,151.57
A0203,2025-05-10,418.6,66.53,100.33,147.23,0.909,148.29
A0203,2025-05-11,418.6,39.5,61.02,90.87,0.909,91.55
A0203,2025-05-12,418.6,24.5,38.35,57.57,0.909,58.01
A0204,2025-04-29,5.6,8.67,16.32,27.04,0.556,17.81
A0204,2025-04-30,5.6,10.29,19.67,32.83,0.556,21.5
A0204,2025-05-01,5.6,8.87,16.13,26.3,0.556,17.54
A0204,2025-05-02,5.6,10.43,18.92,30.81,0.556,20.57
A0204,2025-05-03,5.6,11.06,20.86,34.59,0.556,22.77
A0204,2025-05-04,5.6,9.51,17.0,27.51,0.556,18.46
A0204,2025-05-05,5.6,7.81,15.09,25.3,0.556,16.51
A0204,2025-05-06,5.6,8.42,16.08,26.81,0.556,17.57
A0204,2025-05-07,5.6,8.73,16.13,26.49,0.556,17.57
A0204,2025-05-08,5.6,9.74,17.35,28.01,0.556,18.83
A0204,2025-05-09,5.6,10.34,18.66,30.32,0.556,20.28
A0204,2025-05-10,5.6,10.92,20.39,33.67,0.556,22.24
A0204,2025-05-11,5.6,7.26,13.15,21.41,0.556,14.3
A0204,2025-05-12,5.6,9.72,17.29,27.89,0.556,18.76
A0205,2025-04-29,148.4,37.28,59.46,87.71,0.909,88.35
A0205,2025-04-30,148.4,46.86,74.94,110.69,0.909,111.51
A0205,2025-05-01,148.4,15.46,25.24,37.71,0.909,37.99
A0205,2025-05-02,148.4,22.42,35.11,51.29,0.909,51.65
A0205,2025-05-03,148.4,24.11,38.03,55.75,0.909,56.16
A0205,2025-05-04,148.4,19.08,30.02,43.96,0.909,44.28
A0205,2025-05-05,148.4,19.22,28.97,41.4,0.909,41.68
A0205,2025-05-06,148.4,20.36,32.0,46.83,0.909,47.17
A0205,2025-05-07,148.4,21.92,33.57,48.4,0.909,48.73
A0205,2025-05-08,148.4,23.54,35.82,51.45,0.909,51.81
A0205,2025-05-09,148.4,67.64,99.06,139.07,0.909,139.98
A0205,2025-05-10,148.4,73.11,108.19,152.88,0.909,153.89
A0205,2025-05-11,148.4,45.1,66.77,94.37,0.909,95.0
A0205,2025-05-12,148.4,63.8,92.4,128.83,0.909,129.66
A0206,2025-04-29,437.8,12.54,19.5,29.9,0.909,30.14
A0206,2025-04-30,437.8,15.47,23.29,34.97,0.909,35.23
A0206,2025-05-01,437.8,11.83,17.02,24.77,0.909,24.94
A0206,2025-05-02,437.8,15.39,23.33,35.2,0.909,35.47
A0206,2025-05-03,437.8,15.67,23.36,34.84,0.909,35.1
A0206,2025-05-04,437.8,12.24,18.38,27.54,0.909,27.75
A0206,2025-05-05,437.8,11.9,18.05,27.23,0.909,27.44
A0206,2025-05-06,437.8,12.07,18.78,28.79,0.909,29.02
A0206,2025-05-07,437.8,12.86,20.48,31.87,0.909,32.12
A0206,2025-05-08,437.8,13.76,20.66,30.96,0.909,31.19
A0206,2025-05-09,437.8,15.31,23.39,35.47,0.909,35.74
A0206,2025-05-10,437.8,15.91,24.03,36.15,0.909,36.42
A0206,2025-05-11,437.8,10.36,16.25,25.04,0.909,25.24
A0206,2025-05-12,437.8,14.76,22.38,33.77,0.909,34.03
A0207,2025-04-29,368.1,36.42,52.52,73.89,0.909,74.38
A0207,2025-04-30,368.1,47.66,71.85,103.95,0.909,104.68
A0207,2025-05-01,368.1,32.13,46.11,64.66,0.909,65.09
A0207,2025-05-02,368.1,42.57,61.04,85.55,0.909,86.11
A0207,2025-05-03,368.1,44.61,63.69,89.01,0.909,89.59
A0207,2025-05-04,368.1,35.31,52.81,76.04,0.909,76.57
A0207,2025-05-05,368.1,33.25,47.66,66.79,0.909,67.22
A0207,2025-05-06,368.1,169.54,269.08,401.2,0.909,404.2
A0207,2025-05-07,368.1,177.93,283.69,424.07,0.909,427.26
A0207,2025-05-08,368.1,192.33,302.96,449.8,0.909,453.14
A0207,2025-05-09,368.1,213.75,331.55,487.92,0.909,491.47
A0207,2025-05-10,368.1,231.13,355.09,519.63,0.909,523.37
A0207,2025-05-11,368.1,148.01,228.41,335.11,0.909,337.54
A0207,2025-05-12,368.1,30.4,47.43,70.04,0.909,70.55
A0208,2025-04-29,2.7,39.62,88.96,171.76,0.556,100.46
A0208,2025-04-30,2.7,54.46,116.99,222.82,0.556,131.69
A0208,2025-05-01,2.7,38.51,85.3,163.58,0.556,96.18
A0208,2025-05-02,2.7,54.39,116.77,223.99,0.556,131.66
A0208,2025-05-03,2.7,56.98,122.86,237.47,0.556,138.78
A0208,2025-05-04,2.7,42.17,94.49,182.15,0.556,106.67
A0208,2025-05-05,2.7,40.43,89.87,173.76,0.556,101.52
A0208,2025-05-06,2.7,41.89,93.39,180.51,0.556,105.49
A0208,2025-05-07,2.7,43.62,97.03,186.77,0.556,109.49
A0208,2025-05-08,2.7,48.63,106.24,203.1,0.556,119.69
A0208,2025-05-09,2.7,53.89,116.7,224.08,0.556,131.62
A0208,2025-05-10,2.7,57.57,124.52,240.6,0.556,140.65
A0208,2025-05-11,2.7,32.41,75.15,146.42,0.556,85.05
A0208,2025-05-12,2.7,49.1,106.85,205.02,0.556,120.48
A0209,2025-04-29,175.0,16.06,30.22,48.36,0.909,48.77
A0209,2025-04-30,175.0,19.46,39.04,64.1,0.909,64.67
A0209,2025-05-01,175.0,5.96,10.95,17.35,0.909,17.5
A0209,2025-05-02,175.0,7.03,14.05,23.02,0.909,23.23
A0209,2025-05-03,175.0,7.78,15.07,24.39,0.909,24.6
A0209,2025-05-04,175.0,6.13,12.27,20.14,0.909,20.32
A0209,2025-05-05,175.0,6.26,11.79,18.86,0.909,19.03
A0209,2025-05-06,175.0,6.21,11.97,19.35,0.909,19.51
A0209,2025-05-07,175.0,6.63,12.52,20.06,0.909,20.24
A0209,2025-05-08,175.0,7.18,13.51,21.63,0.909,21.81
A0209,2025-05-09,175.0,7.62,14.68,23.73,0.909,23.93
A0209,2025-05-10,175.0,8.25,15.66,25.14,0.909,25.36
A0209,2025-05-11,175.0,5.7,10.51,16.68,0.909,16.82
A0209,2025-05-12,175.0,7.36,14.09,22.71,0.909,22.91
A0210,2025-04-29,35.3,4.79,17.53,40.39,0.909,40.91
A0210,2025-04-30,35.3,3.41,14.73,34.86,0.909,35.31
A0210,2025-05-01,35.3,1.75,10.9,27.36,0.909,27.74
A0210,2025-05-02,35.3,3.89,15.72,37.26,0.909,37.75
A0210,2025-05-03,35.3,3.67,15.52,37.03,0.909,37.51
A0210,2025-05-04,35.3,1.62,11.1,27.99,0.909,28.37
A0210,2025-05-05,35.3,3.19,14.21,33.92,0.909,34.37
A0210,2025-05-06,35.3,2.99,14.0,33.53,0.909,33.98
A0210,2025-05-07,35.3,3.16,14.43,34.25,0.909,34.7
A0210,2025-05-08,35.3,3.91,16.06,37.36,0.909,37.84
A0210,2025-05-09,35.3,4.54,17.52,40.55,0.909,41.07
A0210,2025-05-10,35.3,4.53,17.54,40.84,0.909,41.36
A0210,2025-05-11,35.3,1.9,11.7,29.01,0.909,29.4
A0210,2025-05-12,35.3,5.18,18.47,42.14,0.909,42.68
A0211,2025-04-29,208.5,23.8,36.42,51.23,0.909,51.56
A0211,2025-04-30,208.5,30.11,46.04,64.73,0.909,65.15
A0211,2025-05-01,208.5,21.68,31.63,43.31,0.909,43.57
A0211,2025-05-02,208.5,28.99,42.88,59.17,0.909,59.54
A0211,2025-05-03,208.5,31.13,45.79,62.98,0.909,63.37
A0211,2025-05-04,208.5,22.79,33.73,46.56,0.909,46.85
A0211,2025-05-05,208.5,22.82,32.87,44.66,0.909,44.93
A0211,2025-05-06,208.5,24.7,36.8,51.0,0.909,51.32
A0211,2025-05-07,208.5,25.07,37.6,52.3,0.909,52.63
A0211,2025-05-08,208.5,27.73,41.41,57.46,0.909,57.83
A0211,2025-05-09,208.5,29.38,43.56,60.2,0.909,60.58
A0211,2025-05-10,208.5,31.6,47.22,65.53,0.909,65.95
A0211,2025-05-11,208.5,19.05,27.92,38.32,0.909,38.56
A0211,2025-05-12,208.5,26.27,38.99,53.9,0.909,54.24
A0212,2025-04-29,343.9,22.81,32.84,48.64,0.909,49.0
A0212,2025-04-30,343.9,25.18,40.12,63.65,0.909,64.19
A0212,2025-05-01,343.9,19.48,29.35,44.9,0.909,45.25
A0212,2025-05-02,343.9,27.84,42.04,64.41,0.909,64.91
A0212,2025-05-03,343.9,29.42,41.7,61.05,0.909,61.49
A0212,2025-05-04,343.9,20.07,30.46,46.83,0.909,47.2
A0212,2025-05-05,343.9,22.4,32.58,48.62,0.909,48.98
A0212,2025-05-06,343.9,24.93,35.2,51.39,0.909,51.76
A0212,2025-05-07,343.9,25.68,35.6,51.21,0.909,51.57
A0212,2025-05-08,343.9,26.94,38.0,55.43,0.909,55.83
A0212,2025-05-09,343.9,29.09,43.19,65.4,0.909,65.91
A0212,2025-05-10,343.9,31.15,43.12,61.98,0.909,62.4
A0212,2025-05-11,343.9,18.92,26.5,38.43,0.909,38.7
A0212,2025-05-12,343.9,27.32,38.67,56.56,0.909,56.96
A0213,2025-04-29,3.2,39.76,55.41,77.9,0.556,58.53
A0213,2025-04-30,3.2,52.19,75.18,108.23,0.556,79.77
A0213,2025-05-01,3.2,35.15,48.48,67.66,0.556,51.14
A0213,2025-05-02,3.2,48.44,67.68,95.34,0.556,71.52
A0213,2025-05-03,3.2,49.89,69.3,97.22,0.556,73.18
A0213,2025-05-04,3.2,38.81,55.17,78.7,0.556,58.44
A0213,2025-05-05,3.2,36.77,51.03,71.54,0.556,53.88
A0213,2025-05-06,3.2,39.56,54.94,77.04,0.556,58.01
A0213,2025-05-07,3.2,41.46,58.87,83.92,0.556,62.35
A0213,2025-05-08,3.2,43.21,59.88,83.85,0.556,63.21
A0213,2025-05-09,3.2,48.53,67.97,95.92,0.556,71.85
A0213,2025-05-10,3.2,50.26,70.25,99.01,0.556,74.25
A0213,2025-05-11,3.2,31.29,44.08,62.47,0.556,46.63
A0213,2025-05-12,3.2,43.36,60.48,85.11,0.556,63.9
A0214,2025-04-29,302.5,20.23,33.75,55.81,0.909,56.31
A0214,2025-04-30,302.5,24.88,40.79,66.74,0.909,67.33
A0214,2025-05-01,302.5,16.92,27.9,45.8,0.909,46.21
A0214,2025-05-02,302.5,7.63,13.71,23.61,0.909,23.84
A0214,2025-05-03,302.5,8.31,14.92,25.69,0.909,25.94
A0214,2025-05-04,302.5,6.95,11.97,20.14,0.909,20.32
A0214,2025-05-05,302.5,6.18,11.11,19.15,0.909,19.33
A0214,2025-05-06,302.5,7.02,13.01,22.78,0.909,23.0
A0214,2025-05-07,302.5,6.99,12.96,22.69,0.909,22.91
A0214,2025-05-08,302.5,7.87,14.36,24.93,0.909,25.17
A0214,2025-05-09,302.5,8.86,14.91,24.78,0.909,25.0
A0214,2025-05-10,302.5,9.26,15.83,26.55,0.909,26.8
A0214,2025-05-11,302.5,5.97,10.28,17.31,0.909,17.47
A0214,2025-05-12,302.5,8.62,14.77,24.8,0.909,25.03
A0215,2025-04-29,407.7,0.0,22.87,68.32,0.909,69.35
A0215,2025-04-30,407.7,2.82,29.21,64.96,0.909,65.77
A0215,2025-05-01,407.7,0.0,21.76,61.37,0.909,62.27
A0215,2025-05-02,407.7,0.0,29.52,69.71,0.909,70.62
A0215,2025-05-03,407.7,5.46,28.43,59.54,0.909,60.24
A0215,2025-05-04,407.7,4.59,21.64,44.74,0.909,45.27
A0215,2025-05-05,407.7,0.0,24.48,65.92,0.909,66.86
A0215,2025-05-06,407.7,0.0,43.28,162.69,0.909,165.4
A0215,2025-05-07,407.7,0.0,42.37,133.02,0.909,135.08
A0215,2025-05-08,407.7,0.0,46.1,153.77,0.909,156.21
A0215,2025-05-09,407.7,0.0,49.41,155.0,0.909,157.4
A0215,2025-05-10,407.7,0.0,48.93,133.43,0.909,135.35
A0215,2025-05-11,407.7,0.0,32.08,99.44,0.909,100.97
A0215,2025-05-12,407.7,0.0,27.3,93.22,0.909,94.72
A0216,2025-04-29,303.0,0.34,7.29,21.4,0.909,21.72
A0216,2025-04-30,303.0,1.49,10.65,28.31,0.909,28.71
A0216,2025-05-01,303.0,0.4,7.22,21.23,0.909,21.55
A0216,2025-05-02,303.0,2.02,11.91,31.04,0.909,31.47
A0216,2025-05-03,303.0,2.19,12.54,32.39,0.909,32.84
A0216,2025-05-04,303.0,0.7,8.95,24.65,0.909,25.0
A0216,2025-05-05,303.0,2.03,11.97,30.58,0.909,31.01
A0216,2025-05-06,303.0,2.06,12.33,31.19,0.909,31.61
A0216,2025-05-07,303.0,2.35,12.96,32.4,0.909,32.84
A0216,2025-05-08,303.0,2.95,14.39,35.24,0.909,35.71
A0216,2025-05-09,303.0,3.55,15.85,38.43,0.909,38.95
A0216,2025-05-10,303.0,3.71,16.18,39.42,0.909,39.95
A0216,2025-05-11,303.0,1.4,10.63,27.73,0.909,28.12
A0216,2025-05-12,303.0,4.19,16.86,40.33,0.909,40.86
A0217,2025-04-29,396.6,75.41,117.48,173.61,0.909,174.88
A0217,2025-04-30,396.6,100.64,156.65,231.38,0.909,233.08
A0217,2025-05-01,396.6,31.31,50.71,76.58,0.909,77.17
A0217,2025-05-02,396.6,48.61,72.73,104.91,0.909,105.64
A0217,2025-05-03,396.6,48.15,70.24,99.72,0.909,100.39
A0217,2025-05-04,396.6,36.45,55.8,81.63,0.909,82.21
A0217,2025-05-05,396.6,43.53,66.54,97.24,0.909,97.94
A0217,2025-05-06,396.6,43.31,64.01,91.63,0.909,92.26
A0217,2025-05-07,396.6,44.09,64.4,91.51,0.909,92.12
A0217,2025-05-08,396.6,49.15,71.84,102.11,0.909,102.8
A0217,2025-05-09,396.6,54.28,80.9,116.4,0.909,117.21
A0217,2025-05-10,396.6,55.06,80.83,115.21,0.909,115.99
A0217,2025-05-11,396.6,35.67,55.67,82.36,0.909,82.97
A0217,2025-05-12,396.6,55.69,91.02,138.17,0.909,139.24
A0218,2025-04-29,2.8,86.12,126.37,178.78,0.556,133.65
A0218,2025-04-30,2.8,106.25,153.07,214.05,0.556,161.54
A0218,2025-05-01,2.8,78.06,117.9,169.78,0.556,125.1
A0218,2025-05-02,2.8,105.08,155.92,222.13,0.556,165.11
A0218,2025-05-03,2.8,112.18,164.65,233.0,0.556,174.15
A0218,2025-05-04,2.8,84.4,119.81,165.92,0.556,126.21
A0218,2025-05-05,2.8,79.65,121.33,175.61,0.556,128.87
A0218,2025-05-06,2.8,87.32,127.78,180.48,0.556,135.1
A0218,2025-05-07,2.8,88.18,127.99,179.84,0.556,135.19
A0218,2025-05-08,2.8,96.71,138.47,192.87,0.556,146.03
A0218,2025-05-09,2.8,106.08,156.57,222.34,0.556,165.7
A0218,2025-05-10,2.8,114.45,166.04,233.23,0.556,175.37
A0218,2025-05-11,2.8,70.22,101.31,141.81,0.556,106.94
A0218,2025-05-12,2.8,94.87,138.05,194.3,0.556,145.87
A0219,2025-04-29,155.0,12.48,20.06,30.53,0.909,30.76
A0219,2025-04-30,155.0,14.47,25.27,40.16,0.909,40.5
A0219,2025-05-01,155.0,11.1,18.74,29.29,0.909,29.53
A0219,2025-05-02,155.0,13.94,23.94,37.73,0.909,38.04
A0219,2025-05-03,155.0,14.44,24.31,37.93,0.909,38.24
A0219,2025-05-04,155.0,10.75,17.98,27.96,0.909,28.19
A0219,2025-05-05,155.0,5.72,10.4,16.86,0.909,17.01
A0219,2025-05-06,155.0,6.63,11.51,18.25,0.909,18.41
A0219,2025-05-07,155.0,6.67,12.06,19.5,0.909,19.67
A0219,2025-05-08,155.0,7.8,13.53,21.42,0.909,21.6
A0219,2025-05-09,155.0,8.29,14.69,23.53,0.909,23.73
A0219,2025-05-10,155.0,8.95,15.26,23.96,0.909,24.16
A0219,2025-05-11,155.0,5.59,9.41,14.68,0.909,14.8
A0219,2025-05-12,155.0,8.18,13.51,20.87,0.909,21.04
A0220,2025-04-29,2.6,37.46,55.5,79.67,0.556,58.86
A0220,2025-04-30,2.6,49.47,79.06,118.68,0.556,84.56
A0220,2025-05-01,2.6,35.69,49.03,66.89,0.556,51.51
A0220,2025-05-02,2.6,48.6,71.51,102.2,0.556,75.77
A0220,2025-05-03,2.6,49.97,74.94,108.37,0.556,79.58
A0220,2025-05-04,2.6,40.21,60.24,87.05,0.556,63.96
A0220,2025-05-05,2.6,37.82,52.2,71.45,0.556,54.87
A0220,2025-05-06,2.6,38.34,56.1,79.89,0.556,59.4
A0220,2025-05-07,2.6,41.49,61.27,87.76,0.556,64.95
A0220,2025-05-08,2.6,43.26,63.81,91.33,0.556,67.63
A0220,2025-05-09,2.6,48.0,70.97,101.74,0.556,75.25
A0220,2025-05-10,2.6,49.69,74.99,108.87,0.556,79.69
A0220,2025-05-11,2.6,32.37,46.62,65.71,0.556,49.27
A0220,2025-05-12,2.6,44.24,64.46,91.54,0.556,68.22
A0221,2025-04-29,434.0,32.18,46.0,67.57,0.909,68.06
A0221,2025-04-30,434.0,41.47,60.86,91.14,0.909,91.82
A0221,2025-05-01,434.0,27.38,38.51,55.89,0.909,56.29
A0221,2025-05-02,434.0,37.04,52.76,77.31,0.909,77.87
A0221,2025-05-03,434.0,39.39,57.81,86.59,0.909,87.25
A0221,2025-05-04,434.0,30.58,45.81,69.59,0.909,70.13
A0221,2025-05-05,434.0,27.36,36.34,50.38,0.909,50.7
A0221,2025-05-06,434.0,31.67,44.63,64.87,0.909,65.33
A0221,2025-05-07,434.0,34.81,48.1,68.85,0.909,69.32
A0221,2025-05-08,434.0,34.31,47.8,68.86,0.909,69.34
A0221,2025-05-09,434.0,36.47,50.74,73.03,0.909,73.54
A0221,2025-05-10,434.0,39.47,55.36,80.19,0.909,80.75
A0221,2025-05-11,434.0,24.94,35.1,50.98,0.909,51.34
A0221,2025-05-12,434.0,31.06,40.18,54.41,0.909,54.74
A0222,2025-04-29,4.4,6.02,9.94,15.65,0.556,10.74
A0222,2025-04-30,4.4,8.57,14.85,23.99,0.556,16.12
A0222,2025-05-01,4.4,5.07,8.84,14.33,0.556,9.61
A0222,2025-05-02,4.4,7.31,12.73,20.61,0.556,13.83
A0222,2025-05-03,4.4,7.8,12.9,20.33,0.556,13.93
A0222,2025-05-04,4.4,5.58,9.41,14.99,0.556,10.19
A0222,2025-05-05,4.4,5.81,10.24,16.68,0.556,11.13
A0222,2025-05-06,4.4,6.18,10.16,15.95,0.556,10.96
A0222,2025-05-07,4.4,6.61,11.65,18.98,0.556,12.67
A0222,2025-05-08,4.4,6.95,12.18,19.79,0.556,13.24
A0222,2025-05-09,4.4,7.77,13.27,21.27,0.556,14.38
A0222,2025-05-10,4.4,8.33,13.55,21.15,0.556,14.61
A0222,2025-05-11,4.4,4.83,8.06,12.75,0.556,8.71
A0222,2025-05-12,4.4,7.69,13.71,22.47,0.556,14.93
A0223,2025-04-29,11.9,61.93,93.51,131.8,0.909,132.67
A0223,2025-04-30,11.9,78.11,119.79,170.32,0.909,171.47
A0223,2025-05-01,11.9,56.55,85.87,121.41,0.909,122.22
A0223,2025-05-02,11.9,79.66,118.93,166.53,0.909,167.61
A0223,2025-05-03,11.9,85.93,127.46,177.82,0.909,178.97
A0223,2025-05-04,11.9,63.72,94.65,132.14,0.909,133.0
A0223,2025-05-05,11.9,57.93,86.94,122.12,0.909,122.92
A0223,2025-05-06,11.9,62.82,93.83,131.43,0.909,132.28
A0223,2025-05-07,11.9,64.79,96.11,134.09,0.909,134.96
A0223,2025-05-08,11.9,72.27,108.21,151.8,0.909,152.79
A0223,2025-05-09,11.9,79.3,118.88,166.87,0.909,167.96
A0223,2025-05-10,11.9,86.46,129.06,180.72,0.909,181.89
A0223,2025-05-11,11.9,50.65,75.04,104.61,0.909,105.28
A0223,2025-05-12,11.9,64.97,98.81,139.83,0.909,140.77
A0224,2025-04-29,314.8,20.31,31.6,44.83,0.909,45.13
A0224,2025-04-30,314.8,23.41,38.38,55.92,0.909,56.31
A0224,2025-05-01,314.8,18.49,29.19,41.72,0.909,42.0
A0224,2025-05-02,314.8,22.23,35.5,51.04,0.909,51.4
A0224,2025-05-03,314.8,21.9,34.95,50.24,0.909,50.59
A0224,2025-05-04,314.8,16.09,27.04,39.88,0.909,40.17
A0224,2025-05-05,314.8,19.15,29.47,41.55,0.909,41.83
A0224,2025-05-06,314.8,21.91,33.11,46.23,0.909,46.53
A0224,2025-05-07,314.8,20.28,32.03,45.79,0.909,46.11
A0224,2025-05-08,314.8,20.99,32.83,46.69,0.909,47.01
A0224,2025-05-09,314.8,23.1,36.26,51.68,0.909,52.03
A0224,2025-05-10,314.8,21.99,34.9,50.01,0.909,50.36
A0224,2025-05-11,314.8,15.04,23.9,34.29,0.909,34.53
A0224,2025-05-12,314.8,22.28,33.33,46.27,0.909,46.56
A0225,2025-04-29,5.0,6.75,22.13,47.99,0.556,25.72
A0225,2025-04-30,5.0,9.71,28.15,59.15,0.556,32.45
A0225,2025-05-01,5.0,6.87,22.16,47.74,0.556,25.71
A0225,2025-05-02,5.0,9.73,28.21,59.81,0.556,32.6
A0225,2025-05-03,5.0,10.07,29.18,62.05,0.556,33.75
A0225,2025-05-04,5.0,6.28,21.36,46.81,0.556,24.9
A0225,2025-05-05,5.0,7.72,23.92,51.37,0.556,27.73
A0225,2025-05-06,5.0,7.49,23.68,51.07,0.556,27.48
A0225,2025-05-07,5.0,7.96,24.71,52.81,0.556,28.61
A0225,2025-05-08,5.0,9.21,27.25,57.45,0.556,31.44
A0225,2025-05-09,5.0,10.01,28.99,61.16,0.556,33.46
A0225,2025-05-10,5.0,10.71,30.53,64.46,0.556,35.24
A0225,2025-05-11,5.0,5.5,19.64,43.39,0.556,22.94
A0225,2025-05-12,5.0,10.07,28.67,60.21,0.556,33.05
A0226,2025-04-29,411.7,13.43,20.0,28.95,0.909,29.16
A0226,2025-04-30,411.7,16.8,24.79,35.68,0.909,35.92
A0226,2025-05-01,411.7,11.88,17.17,24.39,0.909,24.55
A0226,2025-05-02,411.7,16.48,24.19,34.7,0.909,34.94
A0226,2025-05-03,411.7,16.58,24.22,34.66,0.909,34.89
A0226,2025-05-04,411.7,12.77,18.97,27.44,0.909,27.63
A0226,2025-05-05,411.7,12.4,17.61,24.73,0.909,24.89
A0226,2025-05-06,411.7,13.92,20.48,29.43,0.909,29.64
A0226,2025-05-07,411.7,13.96,20.82,30.19,0.909,30.4
A0226,2025-05-08,411.7,15.24,22.24,31.79,0.909,32.0
A0226,2025-05-09,411.7,16.59,24.27,34.74,0.909,34.98
A0226,2025-05-10,411.7,16.82,24.4,34.74,0.909,34.98
A0226,2025-05-11,411.7,10.91,16.4,23.89,0.909,24.06
A0226,2025-05-12,411.7,15.15,21.65,30.5,0.909,30.7
A0227,2025-04-29,161.9,4.41,8.34,13.93,0.909,14.05
A0227,2025-04-30,161.9,9.34,17.73,29.66,0.909,29.93
A0227,2025-05-01,161.9,6.19,11.17,18.25,0.909,18.41
A0227,2025-05-02,161.9,8.47,15.23,24.84,0.909,25.06
A0227,2025-05-03,161.9,8.91,16.92,28.32,0.909,28.58
A0227,2025-05-04,161.9,6.94,12.73,20.98,0.909,21.17
A0227,2025-05-05,161.9,6.62,12.05,19.78,0.909,19.96
A0227,2025-05-06,161.9,7.1,12.78,20.85,0.909,21.03
A0227,2025-05-07,161.9,4.58,8.86,14.95,0.909,15.09
A0227,2025-05-08,161.9,5.02,9.6,16.11,0.909,16.26
A0227,2025-05-09,161.9,5.37,10.03,16.65,0.909,16.8
A0227,2025-05-10,161.9,5.77,11.37,19.32,0.909,19.5
A0227,2025-05-11,161.9,3.62,6.76,11.23,0.909,11.34
A0227,2025-05-12,161.9,5.04,9.72,16.37,0.909,16.52
A0228,2025-04-29,396.3,7.46,12.94,20.6,0.909,20.77
A0228,2025-04-30,396.3,9.85,18.04,29.49,0.909,29.75
A0228,2025-05-01,396.3,6.83,12.37,20.1,0.909,20.28
A0228,2025-05-02,396.3,9.72,17.36,28.04,0.909,28.28
A0228,2025-05-03,396.3,9.74,16.34,25.56,0.909,25.77
A0228,2025-05-04,396.3,6.75,12.42,20.33,0.909,20.51
A0228,2025-05-05,396.3,7.83,13.51,21.46,0.909,21.64
A0228,2025-05-06,396.3,8.07,14.14,22.61,0.909,22.8
A0228,2025-05-07,396.3,8.12,14.18,22.66,0.909,22.85
A0228,2025-05-08,396.3,9.07,15.95,25.55,0.909,25.77
A0228,2025-05-09,396.3,9.97,17.92,29.02,0.909,29.27
A0228,2025-05-10,396.3,10.04,16.97,26.65,0.909,26.87
A0228,2025-05-11,396.3,11.07,18.53,28.96,0.909,29.2
A0228,2025-05-12,396.3,15.7,27.85,44.82,0.909,45.21
A0229,2025-04-29,343.9,11.88,18.96,30.07,0.909,30.32
A0229,2025-04-30,343.9,12.86,22.36,37.27,0.909,37.61
A0229,2025-05-01,343.9,10.14,15.62,24.23,0.909,24.42
A0229,2025-05-02,343.9,13.23,21.23,33.8,0.909,34.09
A0229,2025-05-03,343.9,13.48,21.86,35.01,0.909,35.31
A0229,2025-05-04,343.9,9.33,16.89,28.76,0.909,29.03
A0229,2025-05-05,343.9,10.08,15.04,22.83,0.909,23.01
A0229,2025-05-06,343.9,11.96,18.47,28.69,0.909,28.92
A0229,2025-05-07,343.9,11.59,19.03,30.72,0.909,30.99
A0229,2025-05-08,343.9,11.89,19.03,30.23,0.909,30.48
A0229,2025-05-09,343.9,13.53,21.34,33.61,0.909,33.88
A0229,2025-05-10,343.9,13.64,21.97,35.04,0.909,35.34
A0229,2025-05-11,343.9,8.82,14.58,23.61,0.909,23.82
A0229,2025-05-12,343.9,12.49,18.07,26.83,0.909,27.03
A0230,2025-04-29,153.0,10.67,17.36,25.33,0.909,25.51
A0230,2025-04-30,153.0,14.78,24.42,35.89,0.909,36.15
A0230,2025-05-01,153.0,10.15,17.03,25.21,0.909,25.39
A0230,2025-05-02,153.0,13.85,22.38,32.55,0.909,32.78
A0230,2025-05-03,153.0,14.88,24.31,35.53,0.909,35.79
A0230,2025-05-04,153.0,10.95,17.34,24.95,0.909,25.13
A0230,2025-05-05,153.0,10.38,16.55,23.89,0.909,24.06
A0230,2025-05-06,153.0,10.88,17.91,26.28,0.909,26.47
A0230,2025-05-07,153.0,11.4,18.57,27.1,0.909,27.3
A0230,2025-05-08,153.0,12.95,21.08,30.76,0.909,30.98
A0230,2025-05-09,153.0,14.12,22.47,32.4,0.909,32.63
A0230,2025-05-10,153.0,15.17,23.95,34.4,0.909,34.63
A0230,2025-05-11,153.0,8.9,14.04,20.15,0.909,20.29
A0230,2025-05-12,153.0,13.02,20.28,28.92,0.909,29.12
A0231,2025-04-29,410.6,77.17,110.55,155.22,0.909,156.23
A0231,2025-04-30,410.6,93.44,132.14,183.92,0.909,185.1
A0231,2025-05-01,410.6,72.44,104.87,148.26,0.909,149.24
A0231,2025-05-02,410.6,97.52,137.4,190.76,0.909,191.97
A0231,2025-05-03,410.6,96.55,135.35,187.26,0.909,188.44
A0231,2025-05-04,410.6,75.12,104.47,143.75,0.909,144.64
A0231,2025-05-05,410.6,76.83,111.04,156.81,0.909,157.85
A0231,2025-05-06,410.6,80.48,114.13,159.16,0.909,160.18
A0231,2025-05-07,410.6,79.04,111.04,153.86,0.909,154.83
A0231,2025-05-08,410.6,87.22,122.31,169.26,0.909,170.33
A0231,2025-05-09,410.6,98.49,137.97,190.79,0.909,191.99
A0231,2025-05-10,410.6,99.23,137.08,187.71,0.909,188.86
A0231,2025-05-11,410.6,63.1,88.22,121.83,0.909,122.59
A0231,2025-05-12,410.6,91.21,127.63,176.35,0.909,177.46
A0232,2025-04-29,342.2,28.55,42.82,61.43,0.909,61.85
A0232,2025-04-30,342.2,40.41,59.95,85.42,0.909,86.0
A0232,2025-05-01,342.2,25.55,38.08,54.41,0.909,54.78
A0232,2025-05-02,342.2,34.76,50.68,71.44,0.909,71.91
A0232,2025-05-03,342.2,37.11,54.32,76.76,0.909,77.27
A0232,2025-05-04,342.2,30.29,44.74,63.59,0.909,64.02
A0232,2025-05-05,342.2,24.22,34.57,48.06,0.909,48.37
A0232,2025-05-06,342.2,28.11,41.4,58.72,0.909,59.12
A0232,2025-05-07,342.2,31.29,46.0,65.18,0.909,65.61
A0232,2025-05-08,342.2,30.53,45.27,64.49,0.909,64.93
A0232,2025-05-09,342.2,33.82,48.97,68.72,0.909,69.17
A0232,2025-05-10,342.2,36.45,52.82,74.15,0.909,74.63
A0232,2025-05-11,342.2,23.13,33.58,47.2,0.909,47.51
A0232,2025-05-12,342.2,27.85,38.63,52.68,0.909,53.0
A0233,2025-04-29,385.3,10.69,17.45,27.67,0.909,27.91
A0233,2025-04-30,385.3,13.47,22.68,36.61,0.909,36.93
A0233,2025-05-01,385.3,10.35,16.84,26.65,0.909,26.88
A0233,2025-05-02,385.3,13.08,21.63,34.56,0.909,34.85
A0233,2025-05-03,385.3,13.42,21.53,33.8,0.909,34.08
A0233,2025-05-04,385.3,11.33,18.11,28.37,0.909,28.6
A0233,2025-05-05,385.3,10.49,17.48,28.06,0.909,28.3
A0233,2025-05-06,385.3,10.68,17.42,27.63,0.909,27.86
A0233,2025-05-07,385.3,10.24,17.5,28.47,0.909,28.72
A0233,2025-05-08,385.3,11.58,18.93,30.06,0.909,30.31
A0233,2025-05-09,385.3,12.98,21.5,34.4,0.909,34.7
A0233,2025-05-10,385.3,13.46,21.53,33.75,0.909,34.02
A0233,2025-05-11,385.3,8.6,14.13,22.49,0.909,22.68
A0233,2025-05-12,385.3,12.84,20.58,32.29,0.909,32.55
A0234,2025-04-29,212.6,17.1,25.03,42.42,0.909,42.82
A0234,2025-04-30,212.6,20.05,30.47,53.32,0.909,53.84
A0234,2025-05-01,212.6,16.0,24.97,44.65,0.909,45.1
A0234,2025-05-02,212.6,21.22,32.35,56.73,0.909,57.29
A0234,2025-05-03,212.6,22.8,33.07,55.58,0.909,56.09
A0234,2025-05-04,212.6,17.74,24.14,38.15,0.909,38.47
A0234,2025-05-05,212.6,14.34,26.46,53.04,0.909,53.64
A0234,2025-05-06,212.6,16.94,26.23,46.6,0.909,47.07
A0234,2025-05-07,212.6,17.26,26.02,45.23,0.909,45.67
A0234,2025-05-08,212.6,20.28,27.89,44.58,0.909,44.96
A0234,2025-05-09,212.6,20.78,31.39,54.66,0.909,55.19
A0234,2025-05-10,212.6,23.38,32.12,51.3,0.909,51.73
A0234,2025-05-11,212.6,14.35,20.37,33.57,0.909,33.87
A0234,2025-05-12,212.6,17.04,28.95,55.07,0.909,55.66
A0235,2025-04-29,7.6,96.16,137.51,193.93,0.556,145.35
A0235,2025-04-30,7.6,122.2,171.88,239.67,0.556,181.3
A0235,2025-05-01,7.6,94.61,132.99,185.35,0.556,140.26
A0235,2025-05-02,7.6,121.07,169.82,236.34,0.556,179.06
A0235,2025-05-03,7.6,129.02,181.92,254.09,0.556,191.94
A0235,2025-05-04,7.6,114.77,157.42,215.6,0.556,165.5
A0235,2025-05-05,7.6,93.7,132.54,185.53,0.556,139.9
A0235,2025-05-06,7.6,101.05,141.94,197.72,0.556,149.68
A0235,2025-05-07,7.6,107.41,149.43,206.77,0.556,157.4
A0235,2025-05-08,7.6,113.13,159.2,222.06,0.556,167.93
A0235,2025-05-09,7.6,120.72,169.56,236.2,0.556,178.81
A0235,2025-05-10,7.6,128.57,181.95,254.79,0.556,192.07
A0235,2025-05-11,7.6,88.18,124.93,175.06,0.556,131.89
A0235,2025-05-12,7.6,108.51,153.41,214.66,0.556,161.91
A0236,2025-04-29,2.8,106.54,147.28,203.01,0.556,155.02
A0236,2025-04-30,2.8,131.86,188.2,265.26,0.556,198.9
A0236,2025-05-01,2.8,99.07,145.92,209.98,0.556,154.81
A0236,2025-05-02,2.8,129.43,181.31,252.26,0.556,191.16
A0236,2025-05-03,2.8,135.3,191.68,268.79,0.556,202.39
A0236,2025-05-04,2.8,103.15,145.75,204.02,0.556,153.85
A0236,2025-05-05,2.8,134.78,187.56,259.75,0.556,197.58
A0236,2025-05-06,2.8,138.85,184.92,247.94,0.556,193.68
A0236,2025-05-07,2.8,140.22,189.45,256.79,0.556,198.81
A0236,2025-05-08,2.8,149.0,203.44,277.9,0.556,213.78
A0236,2025-05-09,2.8,159.9,219.1,300.07,0.556,230.35
A0236,2025-05-10,2.8,166.88,231.59,320.1,0.556,243.89
A0236,2025-05-11,2.8,104.64,143.33,196.25,0.556,150.68
A0236,2025-05-12,2.8,102.51,149.55,213.88,0.556,158.48
A0237,2025-04-29,12.6,43.7,62.13,85.59,0.909,86.12
A0237,2025-04-30,12.6,56.03,82.36,115.89,0.909,116.65
A0237,2025-05-01,12.6,39.8,58.68,82.7,0.909,83.25
A0237,2025-05-02,12.6,56.17,79.18,108.47,0.909,109.13
A0237,2025-05-03,12.6,60.8,85.82,117.67,0.909,118.39
A0237,2025-05-04,12.6,43.53,63.54,89.0,0.909,89.58
A0237,2025-05-05,12.6,42.43,61.1,84.87,0.909,85.41
A0237,2025-05-06,12.6,45.56,64.25,88.04,0.909,88.58
A0237,2025-05-07,12.6,47.51,66.24,90.09,0.909,90.63
A0237,2025-05-08,12.6,50.74,73.45,102.35,0.909,103.01
A0237,2025-05-09,12.6,56.52,79.44,108.63,0.909,109.29
A0237,2025-05-10,12.6,61.47,86.12,117.51,0.909,118.22
A0237,2025-05-11,12.6,36.22,51.54,71.05,0.909,71.49
A0237,2025-05-12,12.6,50.02,71.92,99.81,0.909,100.44
A0238,2025-04-29,197.9,22.75,33.35,46.49,0.909,46.79
A0238,2025-04-30,197.9,27.69,39.37,53.86,0.909,54.19
A0238,2025-05-01,197.9,21.96,32.76,46.15,0.909,46.45
A0238,2025-05-02,197.9,27.29,38.09,51.48,0.909,51.78
A0238,2025-05-03,197.9,28.45,40.3,55.01,0.909,55.34
A0238,2025-05-04,197.9,20.6,29.08,39.59,0.909,39.83
A0238,2025-05-05,197.9,22.49,32.68,45.31,0.909,45.6
A0238,2025-05-06,197.9,23.91,34.43,47.48,0.909,47.78
A0238,2025-05-07,197.9,24.49,35.37,48.87,0.909,49.18
A0238,2025-05-08,197.9,26.05,37.61,51.94,0.909,52.27
A0238,2025-05-09,197.9,27.86,38.9,52.58,0.909,52.89
A0238,2025-05-10,197.9,29.61,42.12,57.63,0.909,57.98
A0238,2025-05-11,197.9,18.46,26.55,36.57,0.909,36.8
A0238,2025-05-12,197.9,26.04,37.03,50.67,0.909,50.98
A0239,2025-04-29,323.5,13.03,21.08,31.13,0.909,31.36
A0239,2025-04-30,323.5,15.47,25.47,37.95,0.909,38.24
A0239,2025-05-01,323.5,11.75,19.09,28.26,0.909,28.46
A0239,2025-05-02,323.5,14.4,23.16,34.09,0.909,34.34
A0239,2025-05-03,323.5,15.22,24.33,35.7,0.909,35.96
A0239,2025-05-04,323.5,10.94,18.47,27.87,0.909,28.08
A0239,2025-05-05,323.5,12.4,20.01,29.5,0.909,29.71
A0239,2025-05-06,323.5,13.53,21.42,31.26,0.909,31.48
A0239,2025-05-07,323.5,13.28,21.47,31.68,0.909,31.91
A0239,2025-05-08,323.5,14.38,23.12,34.03,0.909,34.27
A0239,2025-05-09,323.5,15.01,23.79,34.75,0.909,35.0
A0239,2025-05-10,323.5,15.82,25.07,36.6,0.909,36.86
A0239,2025-05-11,323.5,9.88,16.17,24.03,0.909,24.21
A0239,2025-05-12,323.5,14.66,23.28,34.04,0.909,34.29
A0240,2025-04-29,212.8,15.11,23.49,36.25,0.909,36.54
A0240,2025-04-30,212.8,67.32,106.6,166.46,0.909,167.82
A0240,2025-05-01,212.8,53.34,84.14,131.08,0.909,132.15
A0240,2025-05-02,212.8,70.13,110.95,173.15,0.909,174.56
A0240,2025-05-03,212.8,74.34,118.06,184.66,0.909,186.17
A0240,2025-05-04,212.8,26.02,39.97,61.23,0.909,61.72
A0240,2025-05-05,212.8,10.94,19.61,32.82,0.909,33.12
A0240,2025-05-06,212.8,11.99,20.66,33.86,0.909,34.16
A0240,2025-05-07,212.8,13.16,21.49,34.17,0.909,34.46
A0240,2025-05-08,212.8,14.97,24.16,38.15,0.909,38.47
A0240,2025-05-09,212.8,17.07,27.49,43.36,0.909,43.72
A0240,2025-05-10,212.8,18.65,29.53,46.1,0.909,46.47
A0240,2025-05-11,212.8,12.17,19.06,29.56,0.909,29.8
A0240,2025-05-12,212.8,17.6,27.6,42.85,0.909,43.19
A0241,2025-04-29,160.3,12.54,19.91,30.65,0.909,30.9
A0241,2025-04-30,160.3,15.49,24.91,38.64,0.909,38.95
A0241,2025-05-01,160.3,11.26,17.91,27.62,0.909,27.85
A0241,2025-05-02,160.3,16.2,25.05,37.95,0.909,38.25
A0241,2025-05-03,160.3,16.76,28.09,44.6,0.909,44.98
A0241,2025-05-04,160.3,11.7,18.82,29.21,0.909,29.45
A0241,2025-05-05,160.3,11.99,18.86,28.87,0.909,29.1
A0241,2025-05-06,160.3,13.32,20.75,31.59,0.909,31.84
A0241,2025-05-07,160.3,13.64,21.82,33.76,0.909,34.03
A0241,2025-05-08,160.3,14.99,23.3,35.42,0.909,35.7
A0241,2025-05-09,160.3,16.56,25.35,38.15,0.909,38.44
A0241,2025-05-10,160.3,17.19,28.31,44.53,0.909,44.9
A0241,2025-05-11,160.3,10.19,16.53,25.76,0.909,25.97
A0241,2025-05-12,160.3,13.5,21.85,34.01,0.909,34.29
A0242,2025-04-29,5.7,129.03,156.34,200.85,0.556,162.52
A0242,2025-04-30,5.7,157.15,183.29,225.9,0.556,189.21
A0242,2025-05-01,5.7,116.15,142.97,186.68,0.556,149.04
A0242,2025-05-02,5.7,154.81,184.49,232.85,0.556,191.2
A0242,2025-05-03,5.7,165.83,201.53,259.72,0.556,209.61
A0242,2025-05-04,5.7,125.63,148.24,185.09,0.556,153.36
A0242,2025-05-05,5.7,122.31,149.22,193.09,0.556,155.32
A0242,2025-05-06,5.7,130.55,155.15,195.25,0.556,160.72
A0242,2025-05-07,5.7,137.61,166.58,213.8,0.556,173.14
A0242,2025-05-08,5.7,144.96,174.61,222.93,0.556,181.32
A0242,2025-05-09,5.7,158.28,188.64,238.14,0.556,195.52
A0242,2025-05-10,5.7,172.21,211.66,275.96,0.556,220.59
A0242,2025-05-11,5.7,109.99,133.08,170.71,0.556,138.31
A0242,2025-05-12,5.7,143.1,170.0,213.85,0.556,176.09
A0243,2025-04-29,5.1,30.61,45.55,68.38,0.556,48.72
A0243,2025-04-30,5.1,37.21,55.13,82.53,0.556,58.93
A0243,2025-05-01,5.1,28.42,40.02,57.74,0.556,42.48
A0243,2025-05-02,5.1,37.41,53.97,79.3,0.556,57.49
A0243,2025-05-03,5.1,39.39,57.69,85.69,0.556,61.58
A0243,2025-05-04,5.1,30.74,44.78,66.26,0.556,47.77
A0243,2025-05-05,5.1,29.42,41.09,58.94,0.556,43.57
A0243,2025-05-06,5.1,32.26,46.9,69.29,0.556,50.01
A0243,2025-05-07,5.1,31.75,46.53,69.11,0.556,49.66
A0243,2025-05-08,5.1,33.23,48.73,72.44,0.556,52.02
A0243,2025-05-09,5.1,36.89,53.35,78.52,0.556,56.84
A0243,2025-05-10,5.1,38.75,56.99,84.86,0.556,60.86
A0243,2025-05-11,5.1,25.45,37.35,55.54,0.556,39.88
A0243,2025-05-12,5.1,34.32,48.61,70.48,0.556,51.65
A0244,2025-04-29,3.0,296.81,432.51,589.42,0.556,454.3
A0244,2025-04-30,3.0,364.6,521.26,702.41,0.556,546.42
A0244,2025-05-01,3.0,263.37,371.22,495.94,0.556,388.54
A0244,2025-05-02,3.0,359.06,517.62,700.98,0.556,543.09
A0244,2025-05-03,3.0,387.43,565.68,771.79,0.556,594.3
A0244,2025-05-04,3.0,289.58,408.22,545.42,0.556,427.28
A0244,2025-05-05,3.0,140.5,210.0,290.36,0.556,221.16
A0244,2025-05-06,3.0,167.18,255.46,357.55,0.556,269.64
A0244,2025-05-07,3.0,172.17,248.27,336.27,0.556,260.5
A0244,2025-05-08,3.0,189.37,272.66,368.98,0.556,286.04
A0244,2025-05-09,3.0,209.55,306.17,417.9,0.556,321.69
A0244,2025-05-10,3.0,227.95,332.69,453.8,0.556,349.51
A0244,2025-05-11,3.0,141.89,201.1,269.56,0.556,210.6
A0244,2025-05-12,3.0,199.02,286.77,388.23,0.556,300.86
A0245,2025-04-29,155.2,13.51,22.04,33.21,0.909,33.47
A0245,2025-04-30,155.2,17.74,30.48,47.16,0.909,47.54
A0245,2025-05-01,155.2,12.94,20.66,30.77,0.909,31.0
A0245,2025-05-02,155.2,16.86,27.0,40.27,0.909,40.57
A0245,2025-05-03,155.2,18.16,29.04,43.29,0.909,43.61
A0245,2025-05-04,155.2,13.86,22.52,33.86,0.909,34.12
A0245,2025-05-05,155.2,12.97,20.49,30.34,0.909,30.56
A0245,2025-05-06,155.2,13.72,22.03,32.91,0.909,33.16
A0245,2025-05-07,155.2,14.42,23.24,34.81,0.909,35.07
A0245,2025-05-08,155.2,16.15,25.86,38.58,0.909,38.87
A0245,2025-05-09,155.2,17.05,27.32,40.76,0.909,41.07
A0245,2025-05-10,155.2,18.44,29.79,44.65,0.909,44.99
A0245,2025-05-11,155.2,11.33,17.86,26.42,0.909,26.62
A0245,2025-05-12,155.2,15.37,24.21,35.8,0.909,36.06
A0246,2025-04-29,178.8,14.24,21.12,31.12,0.909,31.35
A0246,2025-04-30,178.8,19.06,29.7,45.17,0.909,45.52
A0246,2025-05-01,178.8,13.96,20.83,30.81,0.909,31.04
A0246,2025-05-02,178.8,18.2,27.8,41.74,0.909,42.06
A0246,2025-05-03,178.8,18.95,27.92,40.97,0.909,41.27
A0246,2025-05-04,178.8,14.21,21.56,32.25,0.909,32.49
A0246,2025-05-05,178.8,14.3,20.92,30.53,0.909,30.75
A0246,2025-05-06,178.8,14.71,21.99,32.55,0.909,32.79
A0246,2025-05-07,178.8,14.31,21.1,30.95,0.909,31.18
A0246,2025-05-08,178.8,16.45,24.28,35.66,0.909,35.92
A0246,2025-05-09,178.8,18.12,27.44,40.98,0.909,41.29
A0246,2025-05-10,178.8,18.93,27.2,39.21,0.909,39.48
A0246,2025-05-11,178.8,11.25,16.37,23.8,0.909,23.96
A0246,2025-05-12,178.8,17.12,24.79,35.92,0.909,36.17
A0247,2025-04-29,331.7,27.35,40.38,58.75,0.909,59.17
A0247,2025-04-30,331.7,34.92,51.62,75.18,0.909,75.71
A0247,2025-05-01,331.7,26.55,36.92,51.55,0.909,51.88
A0247,2025-05-02,331.7,34.67,50.17,72.03,0.909,72.53
A0247,2025-05-03,331.7,34.37,50.03,72.12,0.909,72.62
A0247,2025-05-04,331.7,27.22,39.65,57.18,0.909,57.58
A0247,2025-05-05,331.7,27.79,38.47,53.54,0.909,53.88
A0247,2025-05-06,331.7,28.43,41.57,60.11,0.909,60.53
A0247,2025-05-07,331.7,30.25,43.13,61.29,0.909,61.7
A0247,2025-05-08,331.7,30.89,44.43,63.54,0.909,63.97
A0247,2025-05-09,331.7,33.92,49.16,70.66,0.909,71.15
A0247,2025-05-10,331.7,34.55,49.63,70.89,0.909,71.37
A0247,2025-05-11,331.7,23.38,33.41,47.55,0.909,47.87
A0247,2025-05-12,331.7,33.5,46.71,65.34,0.909,65.76
A0248,2025-04-29,5.6,31.9,49.52,76.51,0.556,53.27
A0248,2025-04-30,5.6,39.82,61.28,94.14,0.556,65.84
A0248,2025-05-01,5.6,29.44,44.09,66.52,0.556,47.2
A0248,2025-05-02,5.6,41.04,62.18,94.55,0.556,66.68
A0248,2025-05-03,5.6,44.01,68.74,106.6,0.556,73.99
A0248,2025-05-04,5.6,33.38,51.22,78.55,0.556,55.02
A0248,2025-05-05,5.6,30.48,46.1,70.02,0.556,49.42
A0248,2025-05-06,5.6,34.0,51.94,79.41,0.556,55.75
A0248,2025-05-07,5.6,35.63,52.53,78.41,0.556,56.12
A0248,2025-05-08,5.6,37.69,56.33,84.86,0.556,60.29
A0248,2025-05-09,5.6,41.72,62.39,94.04,0.556,66.79
A0248,2025-05-10,5.6,45.26,68.68,104.54,0.556,73.66
A0248,2025-05-11,5.6,28.38,43.11,65.67,0.556,46.24
A0248,2025-05-12,5.6,38.29,57.2,86.16,0.556,61.22
A0249,2025-04-29,363.8,5.82,10.22,15.98,0.909,16.12
A0249,2025-04-30,363.8,7.19,12.51,19.46,0.909,19.62
A0249,2025-05-01,363.8,5.5,9.15,13.92,0.909,14.03
A0249,2025-05-02,363.8,6.94,11.91,18.39,0.909,18.54
A0249,2025-05-03,363.8,7.68,13.35,20.77,0.909,20.93
A0249,2025-05-04,363.8,5.73,10.5,16.74,0.909,16.88
A0249,2025-05-05,363.8,5.57,9.07,13.64,0.909,13.75
A0249,2025-05-06,363.8,5.74,9.67,14.8,0.909,14.92
A0249,2025-05-07,363.8,6.28,10.85,16.82,0.909,16.96
A0249,2025-05-08,363.8,6.27,10.67,16.41,0.909,16.54
A0249,2025-05-09,363.8,6.74,11.5,17.72,0.909,17.86
A0249,2025-05-10,363.8,7.91,13.45,20.69,0.909,20.85
A0249,2025-05-11,363.8,5.02,8.78,13.68,0.909,13.79
A0249,2025-05-12,363.8,6.79,10.37,15.05,0.909,15.16
A0250,2025-04-29,6.1,94.09,127.72,187.28,0.556,136.0
A0250,2025-04-30,6.1,114.65,149.25,210.53,0.556,157.76
A0250,2025-05-01,6.1,92.03,126.55,187.69,0.556,135.04
A0250,2025-05-02,6.1,105.46,131.49,177.6,0.556,137.89
A0250,2025-05-03,6.1,117.59,154.07,218.67,0.556,163.04
A0250,2025-05-04,6.1,85.02,105.71,142.34,0.556,110.8
A0250,2025-05-05,6.1,94.85,126.83,183.47,0.556,134.69
A0250,2025-05-06,6.1,99.51,133.33,193.23,0.556,141.65
A0250,2025-05-07,6.1,99.26,133.06,192.94,0.556,141.38
A0250,2025-05-08,6.1,108.25,141.99,201.77,0.556,150.29
A0250,2025-05-09,6.1,133.75,159.42,204.89,0.556,165.74
A0250,2025-05-10,6.1,145.93,181.37,244.12,0.556,190.08
A0250,2025-05-11,6.1,93.8,114.11,150.07,0.556,119.1
A0250,2025-05-12,6.1,133.77,164.93,220.13,0.556,172.6
A0251,2025-04-29,4.3,10.3,15.64,22.75,0.556,16.62
A0251,2025-04-30,4.3,12.13,19.91,30.3,0.556,21.35
A0251,2025-05-01,4.3,9.8,14.94,21.8,0.556,15.89
A0251,2025-05-02,4.3,12.19,19.01,28.12,0.556,20.28
A0251,2025-05-03,4.3,12.58,20.06,30.05,0.556,21.45
A0251,2025-05-04,4.3,9.1,15.19,23.32,0.556,16.32
A0251,2025-05-05,4.3,10.13,16.12,24.12,0.556,17.23
A0251,2025-05-06,4.3,10.43,15.74,22.82,0.556,16.72
A0251,2025-05-07,4.3,10.36,16.12,23.8,0.556,17.18
A0251,2025-05-08,4.3,11.42,17.86,26.44,0.556,19.05
A0251,2025-05-09,4.3,12.27,19.1,28.21,0.556,20.36
A0251,2025-05-10,4.3,12.84,20.36,30.4,0.556,21.76
A0251,2025-05-11,4.3,8.25,13.05,19.44,0.556,13.93
A0251,2025-05-12,4.3,12.75,19.88,29.39,0.556,21.2
A0252,2025-04-29,35.4,2.85,13.28,31.9,0.909,32.32
A0252,2025-04-30,35.4,4.58,17.12,39.24,0.909,39.74
A0252,2025-05-01,35.4,2.46,12.27,29.94,0.909,30.34
A0252,2025-05-02,35.4,4.97,17.75,41.13,0.909,41.66
A0252,2025-05-03,35.4,4.17,16.32,38.56,0.909,39.07
A0252,2025-05-04,35.4,2.19,12.13,29.93,0.909,30.34
A0252,2025-05-05,35.4,3.89,15.45,36.27,0.909,36.74
A0252,2025-05-06,35.4,3.71,15.35,36.06,0.909,36.53
A0252,2025-05-07,35.4,3.8,15.55,36.35,0.909,36.82
A0252,2025-05-08,35.4,4.53,17.12,39.4,0.909,39.91
A0252,2025-05-09,35.4,5.26,18.83,43.08,0.909,43.63
A0252,2025-05-10,35.4,5.02,18.31,42.33,0.909,42.87
A0252,2025-05-11,35.4,2.46,12.71,30.87,0.909,31.28
A0252,2025-05-12,35.4,6.09,20.16,45.38,0.909,45.96
A0253,2025-04-29,162.2,11.32,18.64,29.04,0.909,29.28
A0253,2025-04-30,162.2,13.95,25.1,40.94,0.909,41.3
A0253,2025-05-01,162.2,10.52,18.08,28.81,0.909,29.05
A0253,2025-05-02,162.2,13.49,22.2,34.58,0.909,34.87
A0253,2025-05-03,162.2,14.0,23.37,36.67,0.909,36.97
A0253,2025-05-04,162.2,10.69,18.92,30.61,0.909,30.88
A0253,2025-05-05,162.2,10.43,17.82,28.31,0.909,28.55
A0253,2025-05-06,162.2,11.17,18.3,28.43,0.909,28.66
A0253,2025-05-07,162.2,11.88,19.55,30.46,0.909,30.71
A0253,2025-05-08,162.2,13.48,22.19,34.57,0.909,34.85
A0253,2025-05-09,162.2,13.81,22.61,35.11,0.909,35.4
A0253,2025-05-10,162.2,14.58,24.27,38.03,0.909,38.34
A0253,2025-05-11,162.2,8.96,14.89,23.31,0.909,23.5
A0253,2025-05-12,162.2,12.26,20.44,32.05,0.909,32.31
A0254,2025-04-29,6.2,128.92,166.68,213.0,0.556,173.12
A0254,2025-04-30,6.2,164.83,211.72,269.23,0.556,219.71
A0254,2025-05-01,6.2,121.15,157.11,201.21,0.556,163.23
A0254,2025-05-02,6.2,163.65,215.03,278.04,0.556,223.78
A0254,2025-05-03,6.2,173.43,223.68,285.31,0.556,232.24
A0254,2025-05-04,6.2,132.9,172.95,222.08,0.556,179.77
A0254,2025-05-05,6.2,122.84,155.86,196.36,0.556,161.48
A0254,2025-05-06,6.2,135.15,174.39,222.53,0.556,181.08
A0254,2025-05-07,6.2,136.64,173.27,218.19,0.556,179.51
A0254,2025-05-08,6.2,154.26,200.77,257.81,0.556,208.69
A0254,2025-05-09,6.2,168.22,218.87,280.99,0.556,227.49
A0254,2025-05-10,6.2,179.72,227.89,286.96,0.556,236.09
A0254,2025-05-11,6.2,109.93,142.35,182.1,0.556,147.87
A0254,2025-05-12,6.2,154.03,197.98,251.88,0.556,205.46
A0255,2025-04-29,5.6,38.89,55.24,79.11,0.556,58.55
A0255,2025-04-30,5.6,47.8,68.69,99.2,0.556,72.93
A0255,2025-05-01,5.6,34.18,48.99,70.63,0.556,52.0
A0255,2025-05-02,5.6,44.18,62.6,89.5,0.556,66.34
A0255,2025-05-03,5.6,49.7,69.9,99.39,0.556,74.0
A0255,2025-05-04,5.6,36.67,52.83,76.43,0.556,56.11
A0255,2025-05-05,5.6,34.32,49.31,71.18,0.556,52.34
A0255,2025-05-06,5.6,38.57,54.8,78.51,0.556,58.1
A0255,2025-05-07,5.6,39.8,55.36,78.1,0.556,58.52
A0255,2025-05-08,5.6,42.84,59.84,84.66,0.556,63.29
A0255,2025-05-09,5.6,44.62,62.91,89.61,0.556,66.62
A0255,2025-05-10,5.6,49.82,69.76,98.87,0.556,73.8
A0255,2025-05-11,5.6,30.0,42.68,61.2,0.556,45.25
A0255,2025-05-12,5.6,38.16,54.61,78.63,0.556,57.95
A0256,2025-04-29,181.5,13.79,20.46,31.69,0.909,31.95
A0256,2025-04-30,181.5,15.65,24.04,38.16,0.909,38.48
A0256,2025-05-01,181.5,12.2,16.47,23.66,0.909,23.82
A0256,2025-05-02,181.5,16.2,23.77,36.51,0.909,36.8
A0256,2025-05-03,181.5,16.71,25.19,39.48,0.909,39.81
A0256,2025-05-04,181.5,11.56,17.61,27.79,0.909,28.02
A0256,2025-05-05,181.5,12.38,17.44,25.97,0.909,26.17
A0256,2025-05-06,181.5,14.29,20.69,31.47,0.909,31.72
A0256,2025-05-07,181.5,14.02,21.44,33.93,0.909,34.21
A0256,2025-05-08,181.5,15.3,22.18,33.76,0.909,34.02
A0256,2025-05-09,181.5,16.5,24.2,37.18,0.909,37.47
A0256,2025-05-10,181.5,17.47,26.44,41.55,0.909,41.9
A0256,2025-05-11,181.5,10.61,15.94,24.92,0.909,25.12
A0256,2025-05-12,181.5,16.0,23.4,35.88,0.909,36.16
A0257,2025-04-29,338.7,32.52,73.23,141.99,0.909,143.56
A0257,2025-04-30,338.7,40.79,89.94,175.9,0.909,177.86
A0257,2025-05-01,338.7,30.42,70.14,136.96,0.909,138.48
A0257,2025-05-02,338.7,41.57,93.04,183.42,0.909,185.47
A0257,2025-05-03,338.7,42.4,96.01,193.0,0.909,195.2
A0257,2025-05-04,338.7,36.69,86.72,176.22,0.909,178.25
A0257,2025-05-05,338.7,25.86,63.18,124.61,0.909,126.01
A0257,2025-05-06,338.7,4.5,17.46,39.0,0.909,39.49
A0257,2025-05-07,338.7,5.27,19.22,42.14,0.909,42.67
A0257,2025-05-08,338.7,6.79,22.52,48.28,0.909,48.87
A0257,2025-05-09,338.7,8.3,25.86,55.1,0.909,55.77
A0257,2025-05-10,338.7,9.51,28.48,60.46,0.909,61.19
A0257,2025-05-11,338.7,4.72,18.11,40.2,0.909,40.7
A0257,2025-05-12,338.7,9.26,27.21,57.2,0.909,57.88
A0258,2025-04-29,3.2,44.05,61.72,84.83,0.556,64.93
A0258,2025-04-30,3.2,54.18,69.99,90.68,0.556,72.86
A0258,2025-05-01,3.2,41.5,56.54,76.22,0.556,59.27
A0258,2025-05-02,3.2,56.01,76.74,103.87,0.556,80.51
A0258,2025-05-03,3.2,60.51,83.09,112.64,0.556,87.2
A0258,2025-05-04,3.2,45.78,60.01,78.64,0.556,62.6
A0258,2025-05-05,3.2,42.82,58.41,78.82,0.556,61.25
A0258,2025-05-06,3.2,45.94,63.88,87.35,0.556,67.14
A0258,2025-05-07,3.2,45.68,60.37,79.6,0.556,63.04
A0258,2025-05-08,3.2,50.21,66.63,88.11,0.556,69.61
A0258,2025-05-09,3.2,56.36,76.41,102.64,0.556,80.05
A0258,2025-05-10,3.2,60.6,81.68,109.27,0.556,85.51
A0258,2025-05-11,3.2,37.29,50.68,68.2,0.556,53.11
A0258,2025-05-12,3.2,50.01,66.72,88.6,0.556,69.76
A0259,2025-04-29,6.5,30.95,43.56,60.81,0.556,45.96
A0259,2025-04-30,6.5,38.45,53.59,74.28,0.556,56.46
A0259,2025-05-01,6.5,28.87,39.97,55.15,0.556,42.08
A0259,2025-05-02,6.5,39.44,54.11,74.17,0.556,56.9
A0259,2025-05-03,6.5,41.21,58.39,81.87,0.556,61.65
A0259,2025-05-04,6.5,30.62,43.38,60.83,0.556,45.8
A0259,2025-05-05,6.5,30.09,41.15,56.26,0.556,43.25
A0259,2025-05-06,6.5,32.19,45.13,62.83,0.556,47.59
A0259,2025-05-07,6.5,32.6,44.9,61.71,0.556,47.23
A0259,2025-05-08,6.5,37.16,51.53,71.18,0.556,54.26
A0259,2025-05-09,6.5,40.1,54.7,74.66,0.556,57.47
A0259,2025-05-10,6.5,42.47,59.27,82.23,0.556,62.46
A0259,2025-05-11,6.5,26.66,37.57,52.47,0.556,39.64
A0259,2025-05-12,6.5,38.47,52.49,71.67,0.556,55.16
A0260,2025-04-29,25.7,30.0,39.75,54.8,0.909,55.14
A0260,2025-04-30,25.7,39.57,50.32,66.92,0.909,67.3
A0260,2025-05-01,25.7,27.99,36.33,49.21,0.909,49.5
A0260,2025-05-02,25.7,38.92,49.84,66.69,0.909,67.08
A0260,2025-05-03,25.7,38.81,48.77,64.15,0.909,64.5
A0260,2025-05-04,25.7,28.93,37.39,50.46,0.909,50.76
A0260,2025-05-05,25.7,32.37,42.75,58.79,0.909,59.16
A0260,2025-05-06,25.7,31.89,42.96,60.05,0.909,60.44
A0260,2025-05-07,25.7,33.47,42.08,55.38,0.909,55.68
A0260,2025-05-08,25.7,36.79,45.78,59.65,0.909,59.97
A0260,2025-05-09,25.7,39.81,51.24,68.89,0.909,69.29
A0260,2025-05-10,25.7,41.53,51.8,67.65,0.909,68.01
A0260,2025-05-11,25.7,26.64,34.6,46.88,0.909,47.16
A0260,2025-05-12,25.7,38.64,52.07,72.8,0.909,73.27
A0261,2025-04-29,329.3,14.85,21.92,33.58,0.909,33.84
A0261,2025-04-30,329.3,18.6,27.08,41.05,0.909,41.37
A0261,2025-05-01,329.3,12.8,19.85,31.46,0.909,31.73
A0261,2025-05-02,329.3,18.23,26.33,39.68,0.909,39.98
A0261,2025-05-03,329.3,17.15,24.76,37.31,0.909,37.59
A0261,2025-05-04,329.3,12.46,18.27,27.84,0.909,28.06
A0261,2025-05-05,329.3,15.13,23.19,36.46,0.909,36.76
A0261,2025-05-06,329.3,15.67,23.25,35.72,0.909,36.01
A0261,2025-05-07,329.3,16.59,25.49,40.15,0.909,40.48
A0261,2025-05-08,329.3,17.41,25.71,39.39,0.909,39.7
A0261,2025-05-09,329.3,19.12,28.15,43.02,0.909,43.36
A0261,2025-05-10,329.3,19.0,28.36,43.76,0.909,44.11
A0261,2025-05-11,329.3,12.65,19.3,30.25,0.909,30.5
A0261,2025-05-12,329.3,19.41,30.91,49.85,0.909,50.28
A0262,2025-04-29,4.4,23.33,33.53,46.23,0.556,35.3
A0262,2025-04-30,4.4,29.31,44.33,63.01,0.556,46.93
A0262,2025-05-01,4.4,21.39,30.3,41.39,0.556,31.84
A0262,2025-05-02,4.4,28.37,41.87,58.66,0.556,44.2
A0262,2025-05-03,4.4,28.68,44.19,63.48,0.556,46.87
A0262,2025-05-04,4.4,20.8,31.33,44.41,0.556,33.14
A0262,2025-05-05,4.4,22.72,31.92,43.36,0.556,33.51
A0262,2025-05-06,4.4,23.82,34.04,46.74,0.556,35.8
A0262,2025-05-07,4.4,24.35,36.3,51.17,0.556,38.37
A0262,2025-05-08,4.4,26.99,39.41,54.87,0.556,41.56
A0262,2025-05-09,4.4,28.95,42.41,59.15,0.556,44.73
A0262,2025-05-10,4.4,29.93,45.33,64.49,0.556,47.99
A0262,2025-05-11,4.4,18.91,27.64,38.51,0.556,29.15
A0262,2025-05-12,4.4,28.63,40.64,55.58,0.556,42.72
A0263,2025-04-29,4.0,14.64,23.46,36.98,0.556,25.34
A0263,2025-04-30,4.0,15.9,26.95,43.89,0.556,29.3
A0263,2025-05-01,4.0,13.1,21.31,33.89,0.556,23.06
A0263,2025-05-02,4.0,17.03,27.06,42.44,0.556,29.2
A0263,2025-05-03,4.0,17.43,29.67,48.45,0.556,32.28
A0263,2025-05-04,4.0,13.0,22.63,37.4,0.556,24.68
A0263,2025-05-05,4.0,12.87,21.09,33.68,0.556,22.83
A0263,2025-05-06,4.0,14.63,23.3,36.6,0.556,25.15
A0263,2025-05-07,4.0,14.3,23.18,36.78,0.556,25.07
A0263,2025-05-08,4.0,15.52,25.39,40.52,0.556,27.49
A0263,2025-05-09,4.0,17.12,27.13,42.46,0.556,29.26
A0263,2025-05-10,4.0,17.77,30.04,48.85,0.556,32.65
A0263,2025-05-11,4.0,11.73,19.61,31.69,0.556,21.29
A0263,2025-05-12,4.0,15.53,24.96,39.41,0.556,26.96
A0264,2025-04-29,5.2,8.41,25.58,54.2,0.556,29.56
A0264,2025-04-30,5.2,12.1,32.92,67.74,0.556,37.76
A0264,2025-05-01,5.2,8.63,25.73,54.11,0.556,29.67
A0264,2025-05-02,5.2,12.01,32.81,68.11,0.556,37.72
A0264,2025-05-03,5.2,12.45,34.01,70.85,0.556,39.13
A0264,2025-05-04,5.2,8.19,25.33,53.99,0.556,29.31
A0264,2025-05-05,5.2,9.49,27.57,57.92,0.556,31.78
A0264,2025-05-06,5.2,9.18,27.19,57.38,0.556,31.38
A0264,2025-05-07,5.2,9.64,28.21,59.08,0.556,32.5
A0264,2025-05-08,5.2,11.05,31.04,64.25,0.556,35.65
A0264,2025-05-09,5.2,12.03,33.14,68.63,0.556,38.07
A0264,2025-05-10,5.2,12.87,34.95,72.5,0.556,40.16
A0264,2025-05-11,5.2,6.79,22.38,48.29,0.556,25.98
A0264,2025-05-12,5.2,11.77,32.19,66.5,0.556,36.96
A0265,2025-04-29,437.8,16.24,23.76,35.15,0.909,35.41
A0265,2025-04-30,437.8,22.48,31.94,46.3,0.909,46.62
A0265,2025-05-01,437.8,15.88,23.09,34.02,0.909,34.27
A0265,2025-05-02,437.8,21.4,31.44,46.68,0.909,47.02
A0265,2025-05-03,437.8,22.04,30.34,42.93,0.909,43.21
A0265,2025-05-04,437.8,15.57,22.18,32.2,0.909,32.43
A0265,2025-05-05,437.8,18.33,25.99,37.6,0.909,37.86
A0265,2025-05-06,437.8,17.45,25.14,36.81,0.909,37.07
A0265,2025-05-07,437.8,17.84,26.52,39.69,0.909,39.99
A0265,2025-05-08,437.8,19.69,28.84,42.71,0.909,43.03
A0265,2025-05-09,437.8,21.52,32.11,48.17,0.909,48.53
A0265,2025-05-10,437.8,22.64,31.98,46.14,0.909,46.46
A0265,2025-05-11,437.8,13.69,20.15,29.94,0.909,30.16
A0265,2025-05-12,437.8,21.68,31.87,47.32,0.909,47.67
A0266,2025-04-29,331.8,8.88,14.88,24.34,0.909,24.55
A0266,2025-04-30,331.8,11.72,20.28,33.75,0.909,34.05
A0266,2025-05-01,331.8,6.82,11.85,19.78,0.909,19.96
A0266,2025-05-02,331.8,9.06,15.92,26.72,0.909,26.97
A0266,2025-05-03,331.8,11.0,19.37,32.54,0.909,32.84
A0266,2025-05-04,331.8,8.74,15.74,26.75,0.909,27.0
A0266,2025-05-05,331.8,6.12,10.13,16.43,0.909,16.58
A0266,2025-05-06,331.8,7.88,13.51,22.37,0.909,22.57
A0266,2025-05-07,331.8,8.96,14.42,23.03,0.909,23.22
A0266,2025-05-08,331.8,8.57,14.16,22.97,0.909,23.17
A0266,2025-05-09,331.8,9.14,15.34,25.09,0.909,25.31
A0266,2025-05-10,331.8,11.11,18.11,29.14,0.909,29.39
A0266,2025-05-11,331.8,6.91,11.37,18.39,0.909,18.55
A0266,2025-05-12,331.8,15.97,22.35,32.4,0.909,32.63
A0267,2025-04-29,5.9,42.61,58.34,80.79,0.556,61.45
A0267,2025-04-30,5.9,55.3,74.78,102.59,0.556,78.64
A0267,2025-05-01,5.9,41.37,57.07,79.47,0.556,60.18
A0267,2025-05-02,5.9,53.76,73.35,101.32,0.556,77.23
A0267,2025-05-03,5.9,57.78,79.81,111.26,0.556,84.17
A0267,2025-05-04,5.9,41.92,55.27,74.34,0.556,57.92
A0267,2025-05-05,5.9,41.78,57.51,79.97,0.556,60.63
A0267,2025-05-06,5.9,41.8,57.58,80.11,0.556,60.71
A0267,2025-05-07,5.9,43.43,60.66,85.26,0.556,64.07
A0267,2025-05-08,5.9,48.15,66.53,92.77,0.556,70.17
A0267,2025-05-09,5.9,53.29,72.88,100.87,0.556,76.77
A0267,2025-05-10,5.9,57.5,79.51,110.93,0.556,83.87
A0267,2025-05-11,5.9,34.11,46.21,63.47,0.556,48.61
A0267,2025-05-12,5.9,49.63,67.64,93.35,0.556,71.21
A0268,2025-04-29,348.3,18.74,28.25,39.29,0.909,39.54
A0268,2025-04-30,348.3,24.13,34.06,45.6,0.909,45.86
A0268,2025-05-01,348.3,17.52,25.81,35.43,0.909,35.65
A0268,2025-05-02,348.3,22.29,33.86,47.29,0.909,47.59
A0268,2025-05-03,348.3,23.3,34.66,47.86,0.909,48.16
A0268,2025-05-04,348.3,18.09,25.6,34.32,0.909,34.52
A0268,2025-05-05,348.3,17.83,26.34,36.21,0.909,36.44
A0268,2025-05-06,348.3,19.39,29.19,40.56,0.909,40.82
A0268,2025-05-07,348.3,19.18,28.25,38.77,0.909,39.01
A0268,2025-05-08,348.3,20.96,30.6,41.8,0.909,42.06
A0268,2025-05-09,348.3,22.38,33.71,46.87,0.909,47.17
A0268,2025-05-10,348.3,23.32,34.06,46.54,0.909,46.83
A0268,2025-05-11,348.3,15.22,22.26,30.44,0.909,30.62
A0268,2025-05-12,348.3,21.44,31.21,42.55,0.909,42.81
A0269,2025-04-29,5.8,148.68,202.06,276.34,0.556,212.38
A0269,2025-04-30,5.8,175.1,251.85,358.66,0.556,266.69
A0269,2025-05-01,5.8,131.69,184.75,258.58,0.556,195.0
A0269,2025-05-02,5.8,169.25,238.52,334.92,0.556,251.91
A0269,2025-05-03,5.8,185.31,264.73,375.25,0.556,280.08
A0269,2025-05-04,5.8,139.09,203.68,293.56,0.556,216.16
A0269,2025-05-05,5.8,133.12,186.35,260.44,0.556,196.64
A0269,2025-05-06,5.8,154.09,206.86,280.29,0.556,217.06
A0269,2025-05-07,5.8,154.81,213.98,296.33,0.556,225.42
A0269,2025-05-08,5.8,162.7,221.7,303.8,0.556,233.1
A0269,2025-05-09,5.8,177.14,244.89,339.17,0.556,257.98
A0269,2025-05-10,5.8,188.96,265.99,373.19,0.556,280.88
A0269,2025-05-11,5.8,117.7,166.58,234.61,0.556,176.03
A0269,2025-05-12,5.8,157.26,215.2,295.84,0.556,226.4
A0270,2025-04-29,150.8,20.84,30.64,44.05,0.909,44.35
A0270,2025-04-30,150.8,27.4,39.68,56.5,0.909,56.88
A0270,2025-05-01,150.8,20.61,30.42,43.84,0.909,44.14
A0270,2025-05-02,150.8,25.9,37.62,53.66,0.909,54.02
A0270,2025-05-03,150.8,27.82,40.25,57.27,0.909,57.65
A0270,2025-05-04,150.8,21.51,30.71,43.31,0.909,43.59
A0270,2025-05-05,150.8,20.07,29.2,41.71,0.909,42.0
A0270,2025-05-06,150.8,20.39,30.43,44.18,0.909,44.49
A0270,2025-05-07,150.8,45.17,62.92,87.22,0.909,87.78
A0270,2025-05-08,150.8,51.71,72.69,101.42,0.909,102.07
A0270,2025-05-09,150.8,55.8,77.13,106.34,0.909,107.01
A0270,2025-05-10,150.8,60.94,83.29,113.9,0.909,114.6
A0270,2025-05-11,150.8,15.13,22.88,33.5,0.909,33.74
A0270,2025-05-12,150.8,20.77,31.44,46.05,0.909,46.38
A0271,2025-04-29,2.8,69.85,98.93,138.4,0.556,104.42
A0271,2025-04-30,2.8,87.76,122.33,169.26,0.556,128.85
A0271,2025-05-01,2.8,61.5,85.48,118.02,0.556,90.0
A0271,2025-05-02,2.8,86.6,122.38,170.95,0.556,129.13
A0271,2025-05-03,2.8,90.08,127.04,177.21,0.556,134.01
A0271,2025-05-04,2.8,66.52,91.84,126.23,0.556,96.62
A0271,2025-05-05,2.8,65.11,90.35,124.62,0.556,95.11
A0271,2025-05-06,2.8,71.02,100.45,140.4,0.556,106.0
A0271,2025-05-07,2.8,72.45,101.33,140.54,0.556,106.78
A0271,2025-05-08,2.8,76.49,107.26,149.03,0.556,113.06
A0271,2025-05-09,2.8,86.69,122.0,169.93,0.556,128.65
A0271,2025-05-10,2.8,91.03,126.82,175.39,0.556,133.56
A0271,2025-05-11,2.8,55.06,76.88,106.49,0.556,80.99
A0271,2025-05-12,2.8,79.67,110.87,153.22,0.556,116.75
A0272,2025-04-29,6.8,30.56,41.45,61.16,0.556,44.19
A0272,2025-04-30,6.8,37.97,51.78,76.77,0.556,55.25
A0272,2025-05-01,6.8,30.9,40.3,57.32,0.556,42.67
A0272,2025-05-02,6.8,37.87,52.13,77.92,0.556,55.71
A0272,2025-05-03,6.8,39.78,55.06,82.7,0.556,58.9
A0272,2025-05-04,6.8,30.07,40.95,60.63,0.556,43.69
A0272,2025-05-05,6.8,31.15,40.69,57.94,0.556,43.08
A0272,2025-05-06,6.8,31.06,42.26,62.53,0.556,45.08
A0272,2025-05-07,6.8,30.34,41.87,62.73,0.556,44.77
A0272,2025-05-08,6.8,36.05,48.37,70.65,0.556,51.46
A0272,2025-05-09,6.8,38.21,52.27,77.71,0.556,55.81
A0272,2025-05-10,6.8,40.89,55.52,81.99,0.556,59.2
A0272,2025-05-11,6.8,25.23,34.75,51.99,0.556,37.15
A0272,2025-05-12,6.8,40.58,52.53,74.15,0.556,55.53
A0273,2025-04-29,3.5,42.0,61.65,91.56,0.556,65.8
A0273,2025-04-30,3.5,52.64,75.99,111.55,0.556,80.93
A0273,2025-05-01,3.5,39.04,57.26,85.0,0.556,61.11
A0273,2025-05-02,3.5,52.86,76.06,111.38,0.556,80.96
A0273,2025-05-03,3.5,57.6,83.03,121.75,0.556,88.41
A0273,2025-05-04,3.5,40.33,56.39,80.83,0.556,59.78
A0273,2025-05-05,3.5,41.03,59.46,87.52,0.556,63.35
A0273,2025-05-06,3.5,44.51,64.23,94.26,0.556,68.4
A0273,2025-05-07,3.5,45.89,65.84,96.21,0.556,70.06
A0273,2025-05-08,3.5,49.49,69.8,100.74,0.556,74.1
A0273,2025-05-09,3.5,54.35,77.17,111.92,0.556,82.0
A0273,2025-05-10,3.5,58.55,83.12,120.52,0.556,88.31
A0273,2025-05-11,3.5,34.01,48.04,69.39,0.556,51.0
A0273,2025-05-12,3.5,48.87,68.83,99.23,0.556,73.05
A0274,2025-04-29,3.4,237.94,333.64,479.4,0.556,353.89
A0274,2025-04-30,3.4,293.67,419.99,612.37,0.556,446.71
A0274,2025-05-01,3.4,211.23,292.39,415.99,0.556,309.55
A0274,2025-05-02,3.4,295.46,412.92,591.79,0.556,437.76
A0274,2025-05-03,3.4,314.37,437.13,624.08,0.556,463.09
A0274,2025-05-04,3.4,250.97,346.75,492.61,0.556,367.0
A0274,2025-05-05,3.4,211.64,299.3,432.8,0.556,317.84
A0274,2025-05-06,3.4,234.93,329.24,472.87,0.556,349.19
A0274,2025-05-07,3.4,248.89,350.64,505.61,0.556,372.16
A0274,2025-05-08,3.4,260.57,366.54,527.93,0.556,388.96
A0274,2025-05-09,3.4,290.86,408.5,587.67,0.556,433.39
A0274,2025-05-10,3.4,308.4,432.25,620.87,0.556,458.45
A0274,2025-05-11,3.4,196.18,272.9,389.74,0.556,289.13
A0274,2025-05-12,3.4,253.83,365.62,535.88,0.556,389.27
A0275,2025-04-29,193.1,2.67,13.16,31.77,0.909,32.19
A0275,2025-04-30,193.1,4.74,17.53,40.06,0.909,40.58
A0275,2025-05-01,193.1,2.98,13.67,32.37,0.909,32.79
A0275,2025-05-02,193.1,5.14,18.42,41.88,0.909,42.41
A0275,2025-05-03,193.1,5.54,19.57,44.33,0.909,44.9
A0275,2025-05-04,193.1,2.95,14.14,33.53,0.909,33.97
A0275,2025-05-05,193.1,4.08,16.23,37.33,0.909,37.81
A0275,2025-05-06,193.1,4.09,16.46,37.88,0.909,38.37
A0275,2025-05-07,193.1,4.45,17.32,39.41,0.909,39.92
A0275,2025-05-08,193.1,5.37,19.26,42.95,0.909,43.49
A0275,2025-05-09,193.1,5.99,20.61,45.87,0.909,46.44
A0275,2025-05-10,193.1,6.5,21.78,48.44,0.909,49.05
A0275,2025-05-11,193.1,2.8,13.83,32.79,0.909,33.22
A0275,2025-05-12,193.1,6.07,20.4,45.24,0.909,45.81
A0276,2025-04-29,166.4,19.67,29.63,43.66,0.909,43.98
A0276,2025-04-30,166.4,21.71,30.88,43.79,0.909,44.08
A0276,2025-05-01,166.4,17.77,25.88,37.3,0.909,37.56
A0276,2025-05-02,166.4,23.27,33.95,49.0,0.909,49.35
A0276,2025-05-03,166.4,24.44,37.08,54.87,0.909,55.27
A0276,2025-05-04,166.4,17.94,25.7,36.63,0.909,36.88
A0276,2025-05-05,166.4,18.04,26.65,38.77,0.909,39.05
A0276,2025-05-06,166.4,19.82,29.58,43.34,0.909,43.65
A0276,2025-05-07,166.4,19.61,28.88,41.95,0.909,42.24
A0276,2025-05-08,166.4,22.02,32.1,46.3,0.909,46.63
A0276,2025-05-09,166.4,23.39,34.19,49.41,0.909,49.75
A0276,2025-05-10,166.4,24.74,37.79,56.16,0.909,56.58
A0276,2025-05-11,166.4,15.81,23.58,34.51,0.909,34.76
A0276,2025-05-12,166.4,21.33,31.52,45.87,0.909,46.2
A0277,2025-04-29,435.8,8.14,15.21,24.99,0.909,25.21
A0277,2025-04-30,435.8,9.99,17.84,28.7,0.909,28.95
A0277,2025-05-01,435.8,7.61,12.82,20.02,0.909,20.19
A0277,2025-05-02,435.8,9.36,16.74,26.93,0.909,27.16
A0277,2025-05-03,435.8,9.95,18.03,29.2,0.909,29.45
A0277,2025-05-04,435.8,8.98,15.45,24.38,0.909,24.59
A0277,2025-05-05,435.8,6.23,10.16,15.58,0.909,15.71
A0277,2025-05-06,435.8,7.32,13.91,23.02,0.909,23.23
A0277,2025-05-07,435.8,7.53,13.75,22.34,0.909,22.54
A0277,2025-05-08,435.8,7.68,14.16,23.12,0.909,23.32
A0277,2025-05-09,435.8,8.43,15.17,24.5,0.909,24.71
A0277,2025-05-10,435.8,8.69,15.85,25.75,0.909,25.97
A0277,2025-05-11,435.8,6.2,11.04,17.72,0.909,17.87
A0277,2025-05-12,435.8,6.4,10.58,16.36,0.909,16.49
A0278,2025-04-29,5.1,3.1,14.16,33.08,0.556,16.79
A0278,2025-04-30,5.1,4.83,17.77,39.97,0.556,20.85
A0278,2025-05-01,5.1,2.78,13.35,31.28,0.556,15.84
A0278,2025-05-02,5.1,4.62,17.35,39.39,0.556,20.41
A0278,2025-05-03,5.1,4.89,18.19,41.34,0.556,21.4
A0278,2025-05-04,5.1,2.94,14.06,32.98,0.556,16.69
A0278,2025-05-05,5.1,2.87,13.67,32.17,0.556,16.24
A0278,2025-05-06,5.1,20.94,51.26,104.41,0.556,58.64
A0278,2025-05-07,5.1,21.76,53.55,108.45,0.556,61.17
A0278,2025-05-08,5.1,24.0,58.12,117.12,0.556,66.31
A0278,2025-05-09,5.1,28.32,67.22,136.91,0.556,76.9
A0278,2025-05-10,5.1,30.66,72.21,149.64,0.556,82.97
A0278,2025-05-11,5.1,15.05,41.17,85.52,0.556,47.33
A0278,2025-05-12,5.1,23.53,57.31,115.16,0.556,65.34
A0279,2025-04-29,33.8,21.79,31.28,43.68,0.909,43.96
A0279,2025-04-30,33.8,26.92,38.36,53.31,0.909,53.65
A0279,2025-05-01,33.8,20.67,28.34,38.35,0.909,38.58
A0279,2025-05-02,33.8,27.45,37.68,51.03,0.909,51.34
A0279,2025-05-03,33.8,28.0,37.76,50.51,0.909,50.8
A0279,2025-05-04,33.8,19.25,28.47,40.5,0.909,40.78
A0279,2025-05-05,33.8,22.8,31.69,43.3,0.909,43.56
A0279,2025-05-06,33.8,23.62,33.26,45.84,0.909,46.13
A0279,2025-05-07,33.8,24.03,32.87,44.41,0.909,44.67
A0279,2025-05-08,33.8,27.28,36.22,47.9,0.909,48.16
A0279,2025-05-09,33.8,28.62,39.32,53.29,0.909,53.61
A0279,2025-05-10,33.8,30.03,40.74,54.73,0.909,55.04
A0279,2025-05-11,33.8,18.29,25.99,36.05,0.909,36.28
A0279,2025-05-12,33.8,28.24,39.04,53.15,0.909,53.47
A0280,2025-04-29,2.9,64.96,92.75,132.25,0.556,98.24
A0280,2025-04-30,2.9,81.36,123.24,182.75,0.556,131.5
A0280,2025-05-01,2.9,58.62,87.78,129.22,0.556,93.54
A0280,2025-05-02,2.9,80.22,116.11,167.12,0.556,123.2
A0280,2025-05-03,2.9,88.13,125.49,178.59,0.556,132.86
A0280,2025-05-04,2.9,60.6,90.2,132.25,0.556,96.04
A0280,2025-05-05,2.9,61.95,91.78,134.17,0.556,97.67
A0280,2025-05-06,2.9,65.55,93.09,132.23,0.556,98.53
A0280,2025-05-07,2.9,67.66,98.5,142.33,0.556,104.59
A0280,2025-05-08,2.9,71.4,104.33,151.13,0.556,110.83
A0280,2025-05-09,2.9,79.8,115.8,166.96,0.556,122.9
A0280,2025-05-10,2.9,86.99,124.73,178.38,0.556,132.19
A0280,2025-05-11,2.9,50.11,72.74,104.9,0.556,77.21
A0280,2025-05-12,2.9,69.77,102.66,149.4,0.556,109.15
A0281,2025-04-29,211.5,16.89,26.01,37.37,0.909,37.63
A0281,2025-04-30,211.5,19.14,31.25,46.34,0.909,46.69
A0281,2025-05-01,211.5,16.62,26.87,39.63,0.909,39.92
A0281,2025-05-02,211.5,21.84,33.29,47.56,0.909,47.88
A0281,2025-05-03,211.5,22.33,35.28,51.41,0.909,51.77
A0281,2025-05-04,211.5,15.75,25.16,36.86,0.909,37.13
A0281,2025-05-05,211.5,17.25,27.53,40.33,0.909,40.62
A0281,2025-05-06,211.5,17.87,27.01,38.39,0.909,38.65
A0281,2025-05-07,211.5,17.65,27.3,39.31,0.909,39.58
A0281,2025-05-08,211.5,20.08,31.17,44.98,0.909,45.29
A0281,2025-05-09,211.5,21.63,33.17,47.52,0.909,47.85
A0281,2025-05-10,211.5,22.26,35.37,51.68,0.909,52.06
A0281,2025-05-11,211.5,13.85,21.65,31.38,0.909,31.6
A0281,2025-05-12,211.5,18.99,30.07,43.86,0.909,44.17
A0282,2025-04-29,6.3,278.97,365.35,494.55,0.556,383.3
A0282,2025-04-30,6.3,357.11,462.71,620.67,0.556,484.65
A0282,2025-05-01,6.3,433.01,569.76,774.3,0.556,598.17
A0282,2025-05-02,6.3,566.84,746.74,1015.82,0.556,784.11
A0282,2025-05-03,6.3,600.57,806.41,1114.31,0.556,849.18
A0282,2025-05-04,6.3,267.17,357.78,493.32,0.556,376.61
A0282,2025-05-05,6.3,217.25,290.18,399.28,0.556,305.33
A0282,2025-05-06,6.3,259.43,344.41,471.53,0.556,362.07
A0282,2025-05-07,6.3,271.57,354.12,477.61,0.556,371.28
A0282,2025-05-08,6.3,308.16,404.84,549.45,0.556,424.92
A0282,2025-05-09,6.3,328.44,424.81,568.96,0.556,444.83
A0282,2025-05-10,6.3,360.47,473.09,641.55,0.556,496.49
A0282,2025-05-11,6.3,229.78,299.7,404.28,0.556,314.22
A0282,2025-05-12,6.3,304.77,402.42,548.5,0.556,422.71
A0283,2025-04-29,395.9,19.7,30.18,44.52,0.909,44.84
A0283,2025-04-30,395.9,24.09,34.99,49.91,0.909,50.25
A0283,2025-05-01,395.9,17.99,27.15,39.69,0.909,39.98
A0283,2025-05-02,395.9,25.27,37.22,53.56,0.909,53.94
A0283,2025-05-03,395.9,26.23,39.12,56.76,0.909,57.17
A0283,2025-05-04,395.9,20.01,29.63,42.8,0.909,43.09
A0283,2025-05-05,395.9,18.73,28.09,40.91,0.909,41.2
A0283,2025-05-06,395.9,20.07,30.33,44.36,0.909,44.68
A0283,2025-05-07,395.9,20.48,30.44,44.06,0.909,44.37
A0283,2025-05-08,395.9,22.46,34.26,50.41,0.909,50.78
A0283,2025-05-09,395.9,24.57,36.61,53.09,0.909,53.46
A0283,2025-05-10,395.9,25.8,39.03,57.14,0.909,57.55
A0283,2025-05-11,395.9,16.34,25.2,37.32,0.909,37.59
A0283,2025-05-12,395.9,21.67,32.99,48.47,0.909,48.82
A0284,2025-04-29,4.3,38.42,52.57,72.02,0.556,55.27
A0284,2025-04-30,4.3,44.86,60.15,81.15,0.556,63.06
A0284,2025-05-01,4.3,40.77,58.84,83.68,0.556,62.29
A0284,2025-05-02,4.3,48.52,68.2,95.25,0.556,71.96
A0284,2025-05-03,4.3,50.84,72.14,101.42,0.556,76.21
A0284,2025-05-04,4.3,36.55,49.23,66.66,0.556,51.65
A0284,2025-05-05,4.3,39.97,57.9,82.54,0.556,61.32
A0284,2025-05-06,4.3,39.39,54.07,74.23,0.556,56.87
A0284,2025-05-07,4.3,39.63,54.61,75.2,0.556,57.47
A0284,2025-05-08,4.3,45.34,63.09,87.49,0.556,66.48
A0284,2025-05-09,4.3,48.81,68.6,95.79,0.556,72.37
A0284,2025-05-10,4.3,50.87,72.0,101.05,0.556,76.04
A0284,2025-05-11,4.3,32.69,45.51,63.13,0.556,47.96
A0284,2025-05-12,4.3,47.17,65.57,90.86,0.556,69.08
A0285,2025-04-29,352.4,13.83,21.87,32.47,0.909,32.71
A0285,2025-04-30,352.4,18.49,29.89,44.91,0.909,45.25
A0285,2025-05-01,352.4,13.25,20.77,30.66,0.909,30.89
A0285,2025-05-02,352.4,17.5,27.96,41.74,0.909,42.05
A0285,2025-05-03,352.4,17.45,27.77,41.37,0.909,41.68
A0285,2025-05-04,352.4,12.56,20.95,32.0,0.909,32.25
A0285,2025-05-05,352.4,14.5,23.12,34.47,0.909,34.73
A0285,2025-05-06,352.4,14.78,23.54,35.08,0.909,35.34
A0285,2025-05-07,352.4,15.54,25.05,37.58,0.909,37.86
A0285,2025-05-08,352.4,16.99,27.06,40.31,0.909,40.61
A0285,2025-05-09,352.4,18.16,29.28,43.94,0.909,44.27
A0285,2025-05-10,352.4,18.96,30.26,45.14,0.909,45.48
A0285,2025-05-11,352.4,12.0,19.87,30.25,0.909,30.48
A0285,2025-05-12,352.4,19.09,32.04,49.09,0.909,49.47
A0286,2025-04-29,151.0,13.02,35.19,71.77,0.909,72.61
A0286,2025-04-30,151.0,18.12,45.44,90.43,0.909,91.46
A0286,2025-05-01,151.0,13.04,34.82,70.55,0.909,71.36
A0286,2025-05-02,151.0,18.37,45.92,92.16,0.909,93.21
A0286,2025-05-03,151.0,18.85,47.41,95.69,0.909,96.79
A0286,2025-05-04,151.0,13.04,35.7,72.99,0.909,73.84
A0286,2025-05-05,151.0,13.72,36.48,74.33,0.909,75.19
A0286,2025-05-06,151.0,13.73,36.81,75.09,0.909,75.96
A0286,2025-05-07,151.0,14.39,38.35,77.64,0.909,78.53
A0286,2025-05-08,151.0,16.41,42.3,84.69,0.909,85.65
A0286,2025-05-09,151.0,18.04,45.73,91.78,0.909,92.82
A0286,2025-05-10,151.0,19.08,48.1,96.86,0.909,97.97
A0286,2025-05-11,151.0,10.15,29.64,61.61,0.909,62.33
A0286,2025-05-12,151.0,16.93,42.95,86.13,0.909,87.11
A0287,2025-04-29,169.5,6.35,11.71,17.92,0.909,18.06
A0287,2025-04-30,169.5,8.09,14.67,22.3,0.909,22.48
A0287,2025-05-01,169.5,5.66,11.85,19.05,0.909,19.21
A0287,2025-05-02,169.5,7.69,14.31,21.98,0.909,22.16
A0287,2025-05-03,169.5,8.66,15.89,24.29,0.909,24.48
A0287,2025-05-04,169.5,6.47,11.94,18.29,0.909,18.43
A0287,2025-05-05,169.5,6.25,12.65,20.07,0.909,20.24
A0287,2025-05-06,169.5,6.49,12.01,18.41,0.909,18.56
A0287,2025-05-07,169.5,6.69,11.92,17.99,0.909,18.13
A0287,2025-05-08,169.5,7.27,13.4,20.52,0.909,20.68
A0287,2025-05-09,169.5,7.82,14.4,22.03,0.909,22.21
A0287,2025-05-10,169.5,8.64,15.7,23.9,0.909,24.08
A0287,2025-05-11,169.5,5.27,9.88,15.22,0.909,15.34
A0287,2025-05-12,169.5,7.11,13.62,21.17,0.909,21.34
A0288,2025-04-29,3.1,90.97,123.75,168.53,0.556,129.97
A0288,2025-04-30,3.1,115.03,156.45,213.02,0.556,164.3
A0288,2025-05-01,3.1,81.42,115.6,162.29,0.556,122.08
A0288,2025-05-02,3.1,115.3,156.94,213.83,0.556,164.85
A0288,2025-05-03,3.1,118.68,163.96,225.81,0.556,172.55
A0288,2025-05-04,3.1,88.1,121.28,166.59,0.556,127.57
A0288,2025-05-05,3.1,86.53,119.88,165.43,0.556,126.2
A0288,2025-05-06,3.1,93.74,127.38,173.34,0.556,133.77
A0288,2025-05-07,3.1,95.44,128.22,173.0,0.556,134.44
A0288,2025-05-08,3.1,104.3,142.67,195.07,0.556,149.94
A0288,2025-05-09,3.1,117.0,158.25,214.6,0.556,166.08
A0288,2025-05-10,3.1,120.82,164.72,224.69,0.556,173.05
A0288,2025-05-11,3.1,73.7,101.28,138.96,0.556,106.52
A0288,2025-05-12,3.1,100.9,138.35,189.51,0.556,145.45
A0289,2025-04-29,334.4,54.68,80.45,114.69,0.909,115.46
A0289,2025-04-30,334.4,74.65,107.84,151.92,0.909,152.92
A0289,2025-05-01,334.4,47.1,66.25,91.69,0.909,92.26
A0289,2025-05-02,334.4,67.8,96.57,134.77,0.909,135.64
A0289,2025-05-03,334.4,71.98,103.26,144.8,0.909,145.74
A0289,2025-05-04,334.4,57.16,80.53,111.57,0.909,112.27
A0289,2025-05-05,334.4,45.25,62.12,84.53,0.909,85.04
A0289,2025-05-06,334.4,181.29,269.74,387.21,0.909,389.88
A0289,2025-05-07,334.4,199.91,298.11,428.55,0.909,431.51
A0289,2025-05-08,334.4,201.49,293.31,415.27,0.909,418.04
A0289,2025-05-09,334.4,229.43,330.05,463.68,0.909,466.72
A0289,2025-05-10,334.4,245.08,353.18,496.74,0.909,500.01
A0289,2025-05-11,334.4,146.77,213.59,302.33,0.909,304.35
A0289,2025-05-12,334.4,175.74,245.8,338.86,0.909,340.98
A0290,2025-04-29,144.5,23.18,35.89,54.74,0.909,55.17
A0290,2025-04-30,144.5,28.43,41.79,61.58,0.909,62.03
A0290,2025-05-01,144.5,23.47,33.78,49.07,0.909,49.42
A0290,2025-05-02,144.5,28.86,42.78,63.41,0.909,63.88
A0290,2025-05-03,144.5,29.66,44.93,67.56,0.909,68.07
A0290,2025-05-04,144.5,22.31,32.77,48.28,0.909,48.63
A0290,2025-05-05,144.5,22.86,34.02,50.56,0.909,50.94
A0290,2025-05-06,144.5,23.69,36.26,54.9,0.909,55.32
A0290,2025-05-07,144.5,24.74,36.81,54.7,0.909,55.1
A0290,2025-05-08,144.5,27.73,41.07,60.85,0.909,61.3
A0290,2025-05-09,144.5,29.08,43.0,63.64,0.909,64.1
A0290,2025-05-10,144.5,31.62,46.99,69.77,0.909,70.29
A0290,2025-05-11,144.5,19.4,28.96,43.12,0.909,43.44
A0290,2025-05-12,144.5,29.6,43.23,63.43,0.909,63.89
A0291,2025-04-29,6.8,97.35,147.94,219.37,0.556,157.86
A0291,2025-04-30,6.8,121.68,196.05,301.05,0.556,210.63
A0291,2025-05-01,6.8,83.76,123.29,179.09,0.556,131.04
A0291,2025-05-02,6.8,116.43,171.95,250.36,0.556,182.84
A0291,2025-05-03,6.8,129.02,193.42,284.36,0.556,206.05
A0291,2025-05-04,6.8,102.29,161.21,244.42,0.556,172.77
A0291,2025-05-05,6.8,91.51,133.67,193.2,0.556,141.94
A0291,2025-05-06,6.8,99.28,148.36,217.67,0.556,157.99
A0291,2025-05-07,6.8,105.88,161.7,240.53,0.556,172.65
A0291,2025-05-08,6.8,110.02,165.93,244.87,0.556,176.89
A0291,2025-05-09,6.8,118.94,175.63,255.69,0.556,186.75
A0291,2025-05-10,6.8,131.96,200.02,296.12,0.556,213.37
A0291,2025-05-11,6.8,84.75,130.04,193.97,0.556,138.92
A0291,2025-05-12,6.8,106.02,162.25,241.64,0.556,173.28
A0292,2025-04-29,6.6,93.31,128.76,188.23,0.556,137.02
A0292,2025-04-30,6.6,113.9,157.65,231.06,0.556,167.85
A0292,2025-05-01,6.6,86.56,122.1,181.72,0.556,130.38
A0292,2025-05-02,6.6,111.81,151.3,217.56,0.556,160.5
A0292,2025-05-03,6.6,116.49,160.78,235.07,0.556,171.1
A0292,2025-05-04,6.6,41.54,56.3,81.07,0.556,59.74
A0292,2025-05-05,6.6,40.87,56.68,83.21,0.556,60.37
A0292,2025-05-06,6.6,45.68,61.97,89.3,0.556,65.76
A0292,2025-05-07,6.6,47.24,61.36,85.05,0.556,64.65
A0292,2025-05-08,6.6,56.78,75.05,105.69,0.556,79.3
A0292,2025-05-09,6.6,61.78,78.76,107.23,0.556,82.71
A0292,2025-05-10,6.6,65.16,83.36,113.9,0.556,87.6
A0292,2025-05-11,6.6,40.99,52.72,72.4,0.556,55.45
A0292,2025-05-12,6.6,57.8,76.57,108.08,0.556,80.95
A0293,2025-04-29,171.3,1.68,10.61,26.4,0.909,26.76
A0293,2025-04-30,171.3,2.79,13.24,31.38,0.909,31.8
A0293,2025-05-01,171.3,1.53,10.05,25.16,0.909,25.5
A0293,2025-05-02,171.3,2.85,13.38,31.97,0.909,32.4
A0293,2025-05-03,171.3,2.96,13.85,33.04,0.909,33.47
A0293,2025-05-04,171.3,1.24,9.81,24.95,0.909,25.29
A0293,2025-05-05,171.3,1.96,11.45,27.99,0.909,28.37
A0293,2025-05-06,171.3,2.03,11.75,28.59,0.909,28.97
A0293,2025-05-07,171.3,2.29,12.32,29.55,0.909,29.94
A0293,2025-05-08,171.3,2.88,13.66,32.04,0.909,32.46
A0293,2025-05-09,171.3,3.32,14.67,34.26,0.909,34.7
A0293,2025-05-10,171.3,3.55,15.22,35.51,0.909,35.97
A0293,2025-05-11,171.3,1.24,9.76,24.69,0.909,25.03
A0293,2025-05-12,171.3,3.43,14.55,33.84,0.909,34.27
A0294,2025-04-29,200.0,37.53,53.18,75.55,0.909,76.06
A0294,2025-04-30,200.0,48.17,66.77,93.36,0.909,93.96
A0294,2025-05-01,200.0,36.9,53.74,77.83,0.909,78.37
A0294,2025-05-02,200.0,46.31,65.41,92.72,0.909,93.34
A0294,2025-05-03,200.0,48.78,69.89,100.06,0.909,100.75
A0294,2025-05-04,200.0,36.05,49.62,69.02,0.909,69.46
A0294,2025-05-05,200.0,36.54,52.05,74.23,0.909,74.74
A0294,2025-05-06,200.0,36.7,51.99,73.84,0.909,74.34
A0294,2025-05-07,200.0,39.52,56.7,81.27,0.909,81.83
A0294,2025-05-08,200.0,43.57,63.56,92.13,0.909,92.78
A0294,2025-05-09,200.0,46.31,65.62,93.24,0.909,93.87
A0294,2025-05-10,200.0,50.36,72.18,103.4,0.909,104.11
A0294,2025-05-11,200.0,31.22,43.78,61.76,0.909,62.16
A0294,2025-05-12,200.0,44.26,61.89,87.11,0.909,87.68
A0295,2025-04-29,2.9,47.32,66.58,96.96,0.556,70.8
A0295,2025-04-30,2.9,63.59,89.32,129.89,0.556,94.95
A0295,2025-05-01,2.9,42.4,59.21,85.71,0.556,62.89
A0295,2025-05-02,2.9,59.27,83.19,120.9,0.556,88.42
A0295,2025-05-03,2.9,63.11,89.01,129.85,0.556,94.68
A0295,2025-05-04,2.9,48.35,66.68,95.59,0.556,70.7
A0295,2025-05-05,2.9,45.09,63.36,92.16,0.556,67.36
A0295,2025-05-06,2.9,47.55,66.71,96.92,0.556,70.91
A0295,2025-05-07,2.9,51.1,72.28,105.67,0.556,76.91
A0295,2025-05-08,2.9,53.24,74.91,109.09,0.556,79.66
A0295,2025-05-09,2.9,59.13,82.91,120.41,0.556,88.12
A0295,2025-05-10,2.9,63.04,88.7,129.17,0.556,94.32
A0295,2025-05-11,2.9,38.59,54.11,78.59,0.556,57.51
A0295,2025-05-12,2.9,53.95,76.22,111.34,0.556,81.09
A0296,2025-04-29,3.1,209.72,289.85,410.01,0.556,306.54
A0296,2025-04-30,3.1,261.73,352.09,487.59,0.556,370.91
A0296,2025-05-01,3.1,189.29,262.27,371.72,0.556,277.47
A0296,2025-05-02,3.1,263.29,372.75,536.9,0.556,395.55
A0296,2025-05-03,3.1,280.49,390.47,555.39,0.556,413.37
A0296,2025-05-04,3.1,205.85,277.23,384.29,0.556,292.1
A0296,2025-05-05,3.1,194.73,273.89,392.61,0.556,290.38
A0296,2025-05-06,3.1,210.42,291.89,414.06,0.556,308.85
A0296,2025-05-07,3.1,217.79,301.69,427.51,0.556,319.16
A0296,2025-05-08,3.1,227.82,313.27,441.41,0.556,331.06
A0296,2025-05-09,3.1,263.34,371.75,534.34,0.556,394.34
A0296,2025-05-10,3.1,279.86,387.31,548.45,0.556,409.69
A0296,2025-05-11,3.1,168.06,235.1,335.63,0.556,249.06
A0296,2025-05-12,3.1,236.16,330.88,472.93,0.556,350.61
A0297,2025-04-29,336.2,16.64,25.09,36.72,0.909,36.98
A0297,2025-04-30,336.2,19.52,30.6,45.84,0.909,46.18
A0297,2025-05-01,336.2,12.65,18.57,26.72,0.909,26.9
A0297,2025-05-02,336.2,17.8,27.23,40.21,0.909,40.5
A0297,2025-05-03,336.2,19.39,30.2,45.05,0.909,45.39
A0297,2025-05-04,336.2,14.49,23.28,35.37,0.909,35.65
A0297,2025-05-05,336.2,12.51,18.43,26.58,0.909,26.76
A0297,2025-05-06,336.2,15.36,22.95,33.39,0.909,33.63
A0297,2025-05-07,336.2,15.33,22.95,33.41,0.909,33.65
A0297,2025-05-08,336.2,15.58,23.18,33.63,0.909,33.87
A0297,2025-05-09,336.2,17.0,25.64,37.51,0.909,37.78
A0297,2025-05-10,336.2,18.46,28.01,41.14,0.909,41.43
A0297,2025-05-11,336.2,11.44,17.23,25.18,0.909,25.36
A0297,2025-05-12,336.2,12.96,19.0,27.31,0.909,27.5
A0298,2025-04-29,304.7,4.37,16.69,37.95,0.909,38.43
A0298,2025-04-30,304.7,6.58,21.26,46.59,0.909,47.17
A0298,2025-05-01,304.7,3.95,15.57,35.79,0.909,36.25
A0298,2025-05-02,304.7,6.53,21.17,47.01,0.909,47.6
A0298,2025-05-03,304.7,6.29,20.9,46.81,0.909,47.39
A0298,2025-05-04,304.7,3.63,15.35,35.68,0.909,36.14
A0298,2025-05-05,304.7,5.16,18.23,41.04,0.909,41.56
A0298,2025-05-06,304.7,5.08,18.3,41.19,0.909,41.71
A0298,2025-05-07,304.7,5.38,18.92,42.2,0.909,42.73
A0298,2025-05-08,304.7,6.3,20.84,45.85,0.909,46.42
A0298,2025-05-09,304.7,7.05,22.51,49.34,0.909,49.95
A0298,2025-05-10,304.7,7.21,22.88,50.4,0.909,51.03
A0298,2025-05-11,304.7,3.61,15.23,35.25,0.909,35.7
A0298,2025-05-12,304.7,7.39,22.79,49.64,0.909,50.25
A0299,2025-04-29,13.4,22.85,32.08,46.18,0.909,46.5
A0299,2025-04-30,13.4,28.35,39.57,56.73,0.909,57.12
A0299,2025-05-01,13.4,19.17,27.59,40.47,0.909,40.76
A0299,2025-05-02,13.4,28.98,40.46,58.01,0.909,58.41
A0299,2025-05-03,13.4,30.82,43.72,63.44,0.909,63.89
A0299,2025-05-04,13.4,21.87,30.23,43.01,0.909,43.3
A0299,2025-05-05,13.4,21.02,29.5,42.46,0.909,42.75
A0299,2025-05-06,13.4,24.27,33.71,48.13,0.909,48.46
A0299,2025-05-07,13.4,25.16,34.69,49.25,0.909,49.58
A0299,2025-05-08,13.4,26.02,35.87,50.91,0.909,51.25
A0299,2025-05-09,13.4,29.91,41.07,58.14,0.909,58.52
A0299,2025-05-10,13.4,31.74,43.8,62.24,0.909,62.66
A0299,2025-05-11,13.4,18.88,26.21,37.41,0.909,37.66
A0299,2025-05-12,13.4,25.94,35.55,50.23,0.909,50.56
A0300,2025-04-29,366.9,1.47,10.28,25.91,0.909,26.27
A0300,2025-04-30,366.9,2.46,12.48,30.18,0.909,30.59
A0300,2025-05-01,366.9,1.27,8.91,23.1,0.909,23.42
A0300,2025-05-02,366.9,2.32,12.04,29.58,0.909,29.98
A0300,2025-05-03,366.9,2.41,12.53,30.73,0.909,31.14
A0300,2025-05-04,366.9,1.29,9.51,24.49,0.909,24.83
A0300,2025-05-05,366.9,0.94,9.11,23.69,0.909,24.02
A0300,2025-05-06,366.9,1.4,10.21,25.78,0.909,26.14
A0300,2025-05-07,366.9,1.49,10.59,26.4,0.909,26.76
A0300,2025-05-08,366.9,1.82,11.36,27.78,0.909,28.15
A0300,2025-05-09,366.9,2.3,12.42,30.17,0.909,30.57
A0300,2025-05-10,366.9,2.5,13.0,31.44,0.909,31.86
A0300,2025-05-11,366.9,0.69,8.28,21.84,0.909,22.15
A0300,2025-05-12,366.9,1.82,11.12,27.45,0.909,27.82
A0301,2025-04-29,6.7,108.54,148.07,202.31,0.556,155.6
A0301,2025-04-30,6.7,132.79,173.88,230.25,0.556,181.71
A0301,2025-05-01,6.7,99.11,132.8,179.04,0.556,139.22
A0301,2025-05-02,6.7,136.32,179.14,237.91,0.556,187.31
A0301,2025-05-03,6.7,140.82,185.38,246.53,0.556,193.87
A0301,2025-05-04,6.7,107.87,141.41,187.44,0.556,147.81
A0301,2025-05-05,6.7,106.33,139.91,186.0,0.556,146.31
A0301,2025-05-06,6.7,112.17,152.04,206.76,0.556,159.64
A0301,2025-05-07,6.7,110.93,148.73,200.59,0.556,155.93
A0301,2025-05-08,6.7,125.97,168.48,226.81,0.556,176.58
A0301,2025-05-09,6.7,134.68,177.87,237.14,0.556,186.1
A0301,2025-05-10,6.7,141.23,186.48,248.58,0.556,195.11
A0301,2025-05-11,6.7,90.53,122.24,165.75,0.556,128.29
A0301,2025-05-12,6.7,122.51,163.6,219.99,0.556,171.43
A0302,2025-04-29,406.6,8.92,15.36,25.75,0.909,25.98
A0302,2025-04-30,406.6,10.56,17.35,28.29,0.909,28.54
A0302,2025-05-01,406.6,7.14,11.61,18.83,0.909,19.0
A0302,2025-05-02,406.6,10.42,17.11,27.89,0.909,28.14
A0302,2025-05-03,406.6,10.37,17.48,28.94,0.909,29.2
A0302,2025-05-04,406.6,8.41,13.8,22.5,0.909,22.69
A0302,2025-05-05,406.6,6.98,10.98,17.44,0.909,17.59
A0302,2025-05-06,406.6,8.51,14.43,23.99,0.909,24.21
A0302,2025-05-07,406.6,9.55,15.85,26.0,0.909,26.24
A0302,2025-05-08,406.6,9.44,15.31,24.77,0.909,24.98
A0302,2025-05-09,406.6,10.23,16.74,27.24,0.909,27.48
A0302,2025-05-10,406.6,10.43,17.42,28.7,0.909,28.96
A0302,2025-05-11,406.6,6.89,11.63,19.28,0.909,19.45
A0302,2025-05-12,406.6,7.18,11.69,18.96,0.909,19.13
A0303,2025-04-29,405.7,11.52,18.22,28.61,0.909,28.85
A0303,2025-04-30,405.7,13.55,21.22,33.12,0.909,33.39
A0303,2025-05-01,405.7,10.37,15.21,22.7,0.909,22.87
A0303,2025-05-02,405.7,12.48,18.97,29.05,0.909,29.28
A0303,2025-05-03,405.7,13.17,22.22,36.24,0.909,36.56
A0303,2025-05-04,405.7,10.42,16.98,27.14,0.909,27.38
A0303,2025-05-05,405.7,9.0,14.23,22.34,0.909,22.52
A0303,2025-05-06,405.7,11.28,17.55,27.25,0.909,27.47
A0303,2025-05-07,405.7,11.61,17.5,26.63,0.909,26.83
A0303,2025-05-08,405.7,12.1,17.51,25.9,0.909,26.1
A0303,2025-05-09,405.7,12.57,18.75,28.34,0.909,28.55
A0303,2025-05-10,405.7,13.16,21.56,34.57,0.909,34.87
A0303,2025-05-11,405.7,8.8,13.81,21.59,0.909,21.76
A0303,2025-05-12,405.7,10.47,15.51,23.32,0.909,23.5
A0304,2025-04-29,6.7,111.41,147.98,208.42,0.556,156.38
A0304,2025-04-30,6.7,147.6,205.44,301.02,0.556,218.72
A0304,2025-05-01,6.7,103.81,139.7,199.01,0.556,147.94
A0304,2025-05-02,6.7,139.38,185.13,260.72,0.556,195.62
A0304,2025-05-03,6.7,151.49,200.03,280.24,0.556,211.17
A0304,2025-05-04,6.7,122.71,168.92,245.29,0.556,179.53
A0304,2025-05-05,6.7,109.16,144.49,202.88,0.556,152.6
A0304,2025-05-06,6.7,118.81,155.85,217.06,0.556,164.35
A0304,2025-05-07,6.7,124.36,164.42,230.63,0.556,173.62
A0304,2025-05-08,6.7,137.18,182.78,258.13,0.556,193.24
A0304,2025-05-09,6.7,142.53,187.76,262.5,0.556,198.14
A0304,2025-05-10,6.7,155.25,202.41,280.34,0.556,213.23
A0304,2025-05-11,6.7,100.2,134.35,190.78,0.556,142.19
A0304,2025-05-12,6.7,129.65,172.9,244.35,0.556,182.82
A0305,2025-04-29,334.9,25.7,61.52,120.39,0.909,121.73
A0305,2025-04-30,334.9,33.88,78.08,150.07,0.909,151.71
A0305,2025-05-01,334.9,25.89,60.86,118.07,0.909,119.37
A0305,2025-05-02,334.9,35.93,81.04,156.8,0.909,158.53
A0305,2025-05-03,334.9,36.05,82.37,160.75,0.909,162.53
A0305,2025-05-04,334.9,26.75,64.13,125.44,0.909,126.84
A0305,2025-05-05,334.9,26.09,61.55,120.71,0.909,122.05
A0305,2025-05-06,334.9,26.93,63.78,125.06,0.909,126.45
A0305,2025-05-07,334.9,28.14,66.51,129.52,0.909,130.95
A0305,2025-05-08,334.9,73.37,153.78,286.79,0.909,289.82
A0305,2025-05-09,334.9,77.08,161.66,305.1,0.909,308.36
A0305,2025-05-10,334.9,80.52,169.54,325.18,0.909,328.72
A0305,2025-05-11,334.9,15.93,41.94,84.6,0.909,85.57
A0305,2025-05-12,334.9,28.76,66.91,130.65,0.909,132.09
A0306,2025-04-29,324.9,6.55,11.92,18.51,0.909,18.66
A0306,2025-04-30,324.9,9.39,15.69,23.44,0.909,23.61
A0306,2025-05-01,324.9,5.68,12.08,19.93,0.909,20.11
A0306,2025-05-02,324.9,7.6,13.82,21.46,0.909,21.64
A0306,2025-05-03,324.9,8.34,14.92,23.01,0.909,23.19
A0306,2025-05-04,324.9,6.85,11.71,17.67,0.909,17.8
A0306,2025-05-05,324.9,6.06,11.72,18.66,0.909,18.82
A0306,2025-05-06,324.9,6.45,11.84,18.45,0.909,18.6
A0306,2025-05-07,324.9,6.63,12.02,18.62,0.909,18.77
A0306,2025-05-08,324.9,7.1,13.27,20.84,0.909,21.01
A0306,2025-05-09,324.9,7.9,14.08,21.67,0.909,21.84
A0306,2025-05-10,324.9,8.43,14.91,22.87,0.909,23.05
A0306,2025-05-11,324.9,5.24,9.49,14.72,0.909,14.83
A0306,2025-05-12,324.9,7.28,12.75,19.46,0.909,19.62
A0307,2025-04-29,3.0,21.96,54.5,108.2,0.556,61.96
A0307,2025-04-30,3.0,30.26,70.68,137.5,0.556,79.96
A0307,2025-05-01,3.0,21.99,53.69,105.71,0.556,60.91
A0307,2025-05-02,3.0,30.38,70.67,138.53,0.556,80.1
A0307,2025-05-03,3.0,31.25,73.18,144.51,0.556,83.08
A0307,2025-05-04,3.0,22.25,55.27,109.79,0.556,62.84
A0307,2025-05-05,3.0,23.24,56.3,111.41,0.556,63.95
A0307,2025-05-06,3.0,23.23,56.83,112.83,0.556,64.61
A0307,2025-05-07,3.0,24.47,59.48,117.3,0.556,67.51
A0307,2025-05-08,3.0,27.36,65.04,127.16,0.556,73.67
A0307,2025-05-09,3.0,29.99,70.43,138.14,0.556,79.83
A0307,2025-05-10,3.0,31.9,74.62,147.13,0.556,84.69
A0307,2025-05-11,3.0,17.7,45.9,92.39,0.556,52.36
A0307,2025-05-12,3.0,28.35,66.36,129.94,0.556,75.19
A0308,2025-04-29,380.1,0.0,28.56,115.41,0.909,117.38
A0308,2025-04-30,380.1,8.89,38.64,91.39,0.909,92.59
A0308,2025-05-01,380.1,0.0,26.99,117.04,0.909,119.09
A0308,2025-05-02,380.1,0.31,39.02,107.68,0.909,109.25
A0308,2025-05-03,380.1,2.29,36.36,96.8,0.909,98.18
A0308,2025-05-04,380.1,0.0,28.76,79.98,0.909,81.14
A0308,2025-05-05,380.1,6.53,53.72,137.41,0.909,139.31
A0308,2025-05-06,380.1,0.0,53.36,151.23,0.909,153.46
A0308,2025-05-07,380.1,21.36,54.35,112.86,0.909,114.19
A0308,2025-05-08,380.1,2.67,57.48,154.69,0.909,156.9
A0308,2025-05-09,380.1,19.36,62.88,140.08,0.909,141.83
A0308,2025-05-10,380.1,21.57,62.78,135.87,0.909,137.53
A0308,2025-05-11,380.1,6.42,41.6,103.99,0.909,105.41
A0308,2025-05-12,380.1,0.0,36.29,150.91,0.909,153.52
A0309,2025-04-29,206.0,55.67,80.17,113.08,0.909,113.83
A0309,2025-04-30,206.0,79.24,109.68,150.57,0.909,151.5
A0309,2025-05-01,206.0,48.97,73.59,106.68,0.909,107.43
A0309,2025-05-02,206.0,72.23,100.03,137.36,0.909,138.21
A0309,2025-05-03,206.0,76.8,106.58,146.6,0.909,147.51
A0309,2025-05-04,206.0,58.97,81.68,112.2,0.909,112.9
A0309,2025-05-05,206.0,52.75,76.63,108.71,0.909,109.44
A0309,2025-05-06,206.0,58.0,82.65,115.76,0.909,116.51
A0309,2025-05-07,206.0,61.85,86.94,120.65,0.909,121.42
A0309,2025-05-08,206.0,68.98,98.8,138.87,0.909,139.78
A0309,2025-05-09,206.0,73.5,101.23,138.49,0.909,139.34
A0309,2025-05-10,206.0,78.58,108.16,147.89,0.909,148.79
A0309,2025-05-11,206.0,45.54,64.88,90.85,0.909,91.45
A0309,2025-05-12,206.0,64.06,92.31,130.26,0.909,131.13
A0310,2025-04-29,14.4,51.97,69.83,95.52,0.909,96.1
A0310,2025-04-30,14.4,69.8,91.14,121.85,0.909,122.55
A0310,2025-05-01,14.4,47.82,64.28,87.96,0.909,88.5
A0310,2025-05-02,14.4,63.12,84.71,115.79,0.909,116.49
A0310,2025-05-03,14.4,68.6,91.83,125.26,0.909,126.02
A0310,2025-05-04,14.4,52.97,69.82,94.08,0.909,94.63
A0310,2025-05-05,14.4,50.39,66.98,90.85,0.909,91.4
A0310,2025-05-06,14.4,52.0,69.3,94.2,0.909,94.76
A0310,2025-05-07,14.4,55.06,73.52,100.08,0.909,100.69
A0310,2025-05-08,14.4,58.71,78.34,106.6,0.909,107.24
A0310,2025-05-09,14.4,63.91,85.63,116.89,0.909,117.6
A0310,2025-05-10,14.4,69.66,93.55,127.93,0.909,128.72
A0310,2025-05-11,14.4,43.21,57.74,78.65,0.909,79.13
A0310,2025-05-12,14.4,58.59,77.44,104.56,0.909,105.18
A0311,2025-04-29,3.3,31.56,73.8,144.64,0.556,83.64
A0311,2025-04-30,3.3,43.52,96.3,185.93,0.556,108.75
A0311,2025-05-01,3.3,31.82,73.07,142.14,0.556,82.66
A0311,2025-05-02,3.3,43.18,95.63,185.59,0.556,108.12
A0311,2025-05-03,3.3,45.56,100.98,197.42,0.556,114.38
A0311,2025-05-04,3.3,34.7,79.99,156.15,0.556,90.57
A0311,2025-05-05,3.3,32.42,74.67,146.15,0.556,84.6
A0311,2025-05-06,3.3,33.52,77.41,151.69,0.556,87.72
A0311,2025-05-07,3.3,35.05,80.5,157.13,0.556,91.15
A0311,2025-05-08,3.3,39.0,87.94,170.6,0.556,99.42
A0311,2025-05-09,3.3,42.91,95.69,185.99,0.556,108.24
A0311,2025-05-10,3.3,46.24,102.62,200.61,0.556,116.23
A0311,2025-05-11,3.3,26.26,63.3,125.24,0.556,71.9
A0311,2025-05-12,3.3,39.41,88.37,171.73,0.556,99.95
A0312,2025-04-29,3.1,39.58,56.59,81.42,0.556,60.03
A0312,2025-04-30,3.1,50.91,67.99,92.93,0.556,71.45
A0312,2025-05-01,3.1,38.09,56.05,82.29,0.556,59.7
A0312,2025-05-02,3.1,51.89,73.29,104.54,0.556,77.63
A0312,2025-05-03,3.1,54.16,73.79,102.46,0.556,77.77
A0312,2025-05-04,3.1,41.23,54.45,73.77,0.556,57.14
A0312,2025-05-05,3.1,37.73,53.16,75.7,0.556,56.29
A0312,2025-05-06,3.1,39.23,55.24,78.63,0.556,58.49
A0312,2025-05-07,3.1,41.55,59.21,85.01,0.556,62.79
A0312,2025-05-08,3.1,44.24,62.8,89.91,0.556,66.56
A0312,2025-05-09,3.1,50.17,71.45,102.53,0.556,75.77
A0312,2025-05-10,3.1,52.37,72.31,101.44,0.556,76.36
A0312,2025-05-11,3.1,31.81,44.83,63.85,0.556,47.47
A0312,2025-05-12,3.1,40.6,55.4,77.01,0.556,58.4
A0313,2025-04-29,334.1,28.31,38.87,53.51,0.909,53.84
A0313,2025-04-30,334.1,37.58,49.52,66.08,0.909,66.45
A0313,2025-05-01,334.1,26.39,36.55,50.65,0.909,50.97
A0313,2025-05-02,334.1,35.64,48.31,65.87,0.909,66.27
A0313,2025-05-03,334.1,36.15,48.3,65.13,0.909,65.52
A0313,2025-05-04,334.1,26.64,35.53,47.84,0.909,48.12
A0313,2025-05-05,334.1,29.62,40.88,56.47,0.909,56.83
A0313,2025-05-06,334.1,29.59,40.56,55.77,0.909,56.12
A0313,2025-05-07,334.1,49.25,66.06,89.35,0.909,89.88
A0313,2025-05-08,334.1,53.2,71.68,97.28,0.909,97.87
A0313,2025-05-09,334.1,57.7,78.61,107.59,0.909,108.25
A0313,2025-05-10,334.1,59.31,80.26,109.29,0.909,109.95
A0313,2025-05-11,334.1,21.0,29.54,41.37,0.909,41.64
A0313,2025-05-12,334.1,34.67,48.75,68.26,0.909,68.7
A0314,2025-04-29,186.0,15.37,24.61,36.35,0.909,36.61
A0314,2025-04-30,186.0,19.62,30.75,44.91,0.909,45.23
A0314,2025-05-01,186.0,15.26,24.38,35.97,0.909,36.23
A0314,2025-05-02,186.0,19.1,30.53,45.06,0.909,45.39
A0314,2025-05-03,186.0,19.49,31.64,47.08,0.909,47.43
A0314,2025-05-04,186.0,15.29,23.69,34.35,0.909,34.59
A0314,2025-05-05,186.0,15.18,24.28,35.84,0.909,36.11
A0314,2025-05-06,186.0,15.91,25.15,36.89,0.909,37.16
A0314,2025-05-07,186.0,16.78,27.34,40.77,0.909,41.07
A0314,2025-05-08,186.0,17.88,29.03,43.2,0.909,43.53
A0314,2025-05-09,186.0,19.06,30.58,45.23,0.909,45.56
A0314,2025-05-10,186.0,20.04,32.36,48.03,0.909,48.39
A0314,2025-05-11,186.0,13.34,21.37,31.57,0.909,31.81
A0314,2025-05-12,186.0,18.49,29.45,43.38,0.909,43.7
A0315,2025-04-29,333.5,6.36,21.38,47.55,0.909,48.15
A0315,2025-04-30,333.5,9.43,28.18,60.3,0.909,61.03
A0315,2025-05-01,333.5,6.8,22.12,48.28,0.909,48.87
A0315,2025-05-02,333.5,10.42,29.88,63.66,0.909,64.43
A0315,2025-05-03,333.5,11.06,31.79,67.7,0.909,68.52
A0315,2025-05-04,333.5,7.24,23.93,52.05,0.909,52.69
A0315,2025-05-05,333.5,7.66,24.15,52.4,0.909,53.04
A0315,2025-05-06,333.5,8.06,25.26,54.54,0.909,55.21
A0315,2025-05-07,333.5,8.62,26.68,57.01,0.909,57.7
A0315,2025-05-08,333.5,10.13,29.75,62.45,0.909,63.19
A0315,2025-05-09,333.5,11.19,32.03,67.42,0.909,68.22
A0315,2025-05-10,333.5,16.38,42.81,87.85,0.909,88.87
A0315,2025-05-11,333.5,9.0,27.48,58.46,0.909,59.17
A0315,2025-05-12,333.5,14.36,37.77,77.55,0.909,78.45
A0316,2025-04-29,5.7,29.0,42.65,62.73,0.556,45.44
A0316,2025-04-30,5.7,39.17,57.18,83.68,0.556,60.86
A0316,2025-05-01,5.7,29.81,44.09,65.08,0.556,47.0
A0316,2025-05-02,5.7,37.27,54.19,79.07,0.556,57.65
A0316,2025-05-03,5.7,40.35,58.13,84.27,0.556,61.76
A0316,2025-05-04,5.7,29.44,43.19,63.4,0.556,45.99
A0316,2025-05-05,5.7,31.4,46.44,68.55,0.556,49.51
A0316,2025-05-06,5.7,29.39,42.72,62.32,0.556,45.44
A0316,2025-05-07,5.7,32.31,47.1,68.84,0.556,50.12
A0316,2025-05-08,5.7,75.58,109.32,158.92,0.556,116.21
A0316,2025-05-09,5.7,81.0,116.51,168.71,0.556,123.76
A0316,2025-05-10,5.7,88.53,127.01,183.59,0.556,134.87
A0316,2025-05-11,5.7,53.22,77.22,112.49,0.556,82.12
A0316,2025-05-12,5.7,77.44,111.87,162.5,0.556,118.9
A0317,2025-04-29,160.4,9.82,15.15,24.44,0.909,24.65
A0317,2025-04-30,160.4,12.12,18.58,29.8,0.909,30.06
A0317,2025-05-01,160.4,9.14,15.04,25.31,0.909,25.54
A0317,2025-05-02,160.4,12.22,19.37,31.81,0.909,32.1
A0317,2025-05-03,160.4,12.14,19.69,32.82,0.909,33.12
A0317,2025-05-04,160.4,9.48,14.44,23.09,0.909,23.29
A0317,2025-05-05,160.4,8.83,14.38,24.03,0.909,24.25
A0317,2025-05-06,160.4,9.6,15.11,24.71,0.909,24.93
A0317,2025-05-07,160.4,9.55,14.85,24.07,0.909,24.28
A0317,2025-05-08,160.4,10.96,17.42,28.64,0.909,28.9
A0317,2025-05-09,160.4,12.13,19.16,31.39,0.909,31.67
A0317,2025-05-10,160.4,11.97,19.14,31.6,0.909,31.88
A0317,2025-05-11,160.4,7.71,11.99,19.46,0.909,19.63
A0317,2025-05-12,160.4,9.98,16.05,26.6,0.909,26.84
A0318,2025-04-29,4.8,11.02,17.96,28.43,0.556,19.42
A0318,2025-04-30,4.8,13.48,21.68,34.04,0.556,23.39
A0318,2025-05-01,4.8,9.73,15.49,24.19,0.556,16.7
A0318,2025-05-02,4.8,12.41,19.95,31.33,0.556,21.53
A0318,2025-05-03,4.8,14.42,23.92,38.24,0.556,25.91
A0318,2025-05-04,4.8,11.25,17.72,27.49,0.556,19.08
A0318,2025-05-05,4.8,10.46,16.58,25.81,0.556,17.86
A0318,2025-05-06,4.8,11.09,18.15,28.8,0.556,19.63
A0318,2025-05-07,4.8,11.12,17.46,27.02,0.556,18.79
A0318,2025-05-08,4.8,11.79,18.73,29.21,0.556,20.19
A0318,2025-05-09,4.8,12.47,19.75,30.76,0.556,21.28
A0318,2025-05-10,4.8,14.1,22.87,36.12,0.556,24.71
A0318,2025-05-11,4.8,9.15,14.38,22.28,0.556,15.48
A0318,2025-05-12,4.8,12.3,19.28,29.83,0.556,20.75
A0319,2025-04-29,4.4,1.56,10.83,27.39,0.556,13.13
A0319,2025-04-30,4.4,3.5,15.01,35.47,0.556,17.85
A0319,2025-05-01,4.4,1.75,10.89,27.22,0.556,13.16
A0319,2025-05-02,4.4,3.75,15.49,36.47,0.556,18.4
A0319,2025-05-03,4.4,4.11,16.67,39.03,0.556,19.78
A0319,2025-05-04,4.4,2.01,12.11,29.7,0.556,14.55
A0319,2025-05-05,4.4,2.78,13.48,32.26,0.556,16.09
A0319,2025-05-06,4.4,2.87,13.98,33.25,0.556,16.66
A0319,2025-05-07,4.4,3.22,14.85,34.83,0.556,17.62
A0319,2025-05-08,4.4,3.94,16.43,37.72,0.556,19.38
A0319,2025-05-09,4.4,4.55,17.74,40.59,0.556,20.92
A0319,2025-05-10,4.4,4.98,18.82,43.01,0.556,22.18
A0319,2025-05-11,4.4,1.8,11.77,28.87,0.556,14.14
A0319,2025-05-12,4.4,4.37,16.93,38.86,0.556,19.98
A0320,2025-04-29,159.7,17.17,26.22,41.16,0.909,41.5
A0320,2025-04-30,159.7,18.57,27.79,43.03,0.909,43.38
A0320,2025-05-01,159.7,16.01,23.04,34.63,0.909,34.9
A0320,2025-05-02,159.7,21.52,32.48,50.59,0.909,51.0
A0320,2025-05-03,159.7,21.71,31.99,48.98,0.909,49.36
A0320,2025-05-04,159.7,14.96,22.64,35.33,0.909,35.61
A0320,2025-05-05,159.7,16.26,23.63,35.81,0.909,36.09
A0320,2025-05-06,159.7,18.19,27.35,42.47,0.909,42.82
A0320,2025-05-07,159.7,17.33,25.21,38.23,0.909,38.53
A0320,2025-05-08,159.7,19.69,29.35,45.32,0.909,45.68
A0320,2025-05-09,159.7,21.4,32.29,50.28,0.909,50.69
A0320,2025-05-10,159.7,21.62,31.7,48.34,0.909,48.72
A0320,2025-05-11,159.7,13.4,20.2,31.44,0.909,31.69
A0320,2025-05-12,159.7,19.67,29.25,45.07,0.909,45.43
A0321,2025-04-29,403.6,24.73,37.47,56.06,0.909,56.48
A0321,2025-04-30,403.6,30.61,45.69,67.69,0.909,68.19
A0321,2025-05-01,403.6,20.26,30.94,46.53,0.909,46.88
A0321,2025-05-02,403.6,29.32,44.3,66.17,0.909,66.67
A0321,2025-05-03,403.6,30.03,46.67,70.93,0.909,71.48
A0321,2025-05-04,403.6,20.61,32.16,49.02,0.909,49.4
A0321,2025-05-05,403.6,20.4,29.54,42.88,0.909,43.18
A0321,2025-05-06,403.6,24.22,35.91,52.97,0.909,53.36
A0321,2025-05-07,403.6,25.27,38.04,56.67,0.909,57.09
A0321,2025-05-08,403.6,25.16,37.66,55.9,0.909,56.31
A0321,2025-05-09,403.6,29.02,42.81,62.94,0.909,63.4
A0321,2025-05-10,403.6,30.31,44.99,66.42,0.909,66.91
A0321,2025-05-11,403.6,17.96,27.18,40.63,0.909,40.93
A0321,2025-05-12,403.6,23.41,32.3,45.28,0.909,45.57
A0322,2025-04-29,321.6,25.42,35.27,49.55,0.909,49.87
A0322,2025-04-30,321.6,33.0,46.34,65.68,0.909,66.12
A0322,2025-05-01,321.6,22.71,32.37,46.37,0.909,46.69
A0322,2025-05-02,321.6,33.81,48.43,69.62,0.909,70.1
A0322,2025-05-03,321.6,30.91,41.21,56.15,0.909,56.49
A0322,2025-05-04,321.6,23.56,32.14,44.59,0.909,44.87
A0322,2025-05-05,321.6,28.02,37.53,51.32,0.909,51.63
A0322,2025-05-06,321.6,28.15,39.75,56.56,0.909,56.94
A0322,2025-05-07,321.6,28.23,39.15,54.98,0.909,55.34
A0322,2025-05-08,321.6,31.07,43.58,61.72,0.909,62.14
A0322,2025-05-09,321.6,34.79,49.85,71.69,0.909,72.19
A0322,2025-05-10,321.6,33.79,44.34,59.66,0.909,60.0
A0322,2025-05-11,321.6,22.68,30.94,42.91,0.909,43.18
A0322,2025-05-12,321.6,35.15,49.73,70.87,0.909,71.35
A0323,2025-04-29,6.5,263.91,340.51,440.4,0.556,354.38
A0323,2025-04-30,6.5,333.72,439.96,578.5,0.556,459.2
A0323,2025-05-01,6.5,245.72,324.66,427.6,0.556,338.96
A0323,2025-05-02,6.5,319.35,405.77,518.47,0.556,421.42
A0323,2025-05-03,6.5,337.44,449.35,595.28,0.556,469.61
A0323,2025-05-04,6.5,283.52,385.14,517.66,0.556,403.55
A0323,2025-05-05,6.5,246.06,315.75,406.63,0.556,328.37
A0323,2025-05-06,6.5,265.6,338.27,433.03,0.556,351.43
A0323,2025-05-07,6.5,278.99,362.95,472.43,0.556,378.15
A0323,2025-05-08,6.5,307.34,407.52,538.18,0.556,425.67
A0323,2025-05-09,6.5,318.1,405.87,520.32,0.556,421.76
A0323,2025-05-10,6.5,339.48,457.57,611.56,0.556,478.96
A0323,2025-05-11,6.5,234.93,316.49,422.85,0.556,331.26
A0323,2025-05-12,6.5,285.58,366.92,472.99,0.556,381.65
A0324,2025-04-29,2.5,36.65,51.77,72.97,0.556,54.72
A0324,2025-04-30,2.5,53.44,69.8,92.74,0.556,72.99
A0324,2025-05-01,2.5,34.39,49.1,69.71,0.556,51.96
A0324,2025-05-02,2.5,48.51,67.09,93.13,0.556,70.7
A0324,2025-05-03,2.5,53.74,73.21,100.49,0.556,77.0
A0324,2025-05-04,2.5,43.25,55.74,73.26,0.556,58.18
A0324,2025-05-05,2.5,35.62,50.7,71.84,0.556,53.64
A0324,2025-05-06,2.5,36.2,51.56,73.08,0.556,54.55
A0324,2025-05-07,2.5,38.26,53.39,74.6,0.556,56.33
A0324,2025-05-08,2.5,41.61,57.78,80.44,0.556,60.92
A0324,2025-05-09,2.5,47.47,65.74,91.36,0.556,69.3
A0324,2025-05-10,2.5,52.59,71.26,97.43,0.556,74.89
A0324,2025-05-11,2.5,30.96,42.75,59.27,0.556,45.05
A0324,2025-05-12,2.5,40.84,57.09,79.87,0.556,60.25
A0325,2025-04-29,425.0,26.43,33.62,45.28,0.909,45.54
A0325,2025-04-30,425.0,34.92,41.9,53.21,0.909,53.47
A0325,2025-05-01,425.0,24.11,29.93,39.35,0.909,39.57
A0325,2025-05-02,425.0,34.97,42.7,55.22,0.909,55.51
A0325,2025-05-03,425.0,33.76,41.87,55.03,0.909,55.33
A0325,2025-05-04,425.0,25.14,29.77,37.28,0.909,37.45
A0325,2025-05-05,425.0,28.6,34.53,44.14,0.909,44.36
A0325,2025-05-06,425.0,28.3,35.88,48.17,0.909,48.45
A0325,2025-05-07,425.0,29.45,36.53,48.0,0.909,48.27
A0325,2025-05-08,425.0,32.02,39.6,51.89,0.909,52.17
A0325,2025-05-09,425.0,35.66,43.61,56.5,0.909,56.8
A0325,2025-05-10,425.0,36.27,44.67,58.29,0.909,58.6
A0325,2025-05-11,425.0,23.15,28.07,36.05,0.909,36.23
A0325,2025-05-12,425.0,35.92,44.0,57.09,0.909,57.39
A0326,2025-04-29,34.8,11.83,18.17,26.38,0.909,26.57
A0326,2025-04-30,34.8,15.93,24.04,34.52,0.909,34.76
A0326,2025-05-01,34.8,10.65,16.69,24.51,0.909,24.69
A0326,2025-05-02,34.8,15.23,22.36,31.58,0.909,31.79
A0326,2025-05-03,34.8,15.56,23.03,32.69,0.909,32.91
A0326,2025-05-04,34.8,10.95,16.86,24.51,0.909,24.68
A0326,2025-05-05,34.8,12.29,18.68,26.96,0.909,27.15
A0326,2025-05-06,34.8,12.62,19.34,28.03,0.909,28.23
A0326,2025-05-07,34.8,12.98,20.09,29.28,0.909,29.49
A0326,2025-05-08,34.8,13.87,20.8,29.77,0.909,29.97
A0326,2025-05-09,34.8,15.65,23.19,32.94,0.909,33.16
A0326,2025-05-10,34.8,16.28,24.32,34.72,0.909,34.96
A0326,2025-05-11,34.8,9.94,15.53,22.75,0.909,22.92
A0326,2025-05-12,34.8,14.91,23.0,33.46,0.909,33.7
A0327,2025-04-29,346.9,21.8,31.82,44.96,0.909,45.26
A0327,2025-04-30,346.9,26.83,41.36,60.41,0.909,60.84
A0327,2025-05-01,346.9,18.64,27.96,40.18,0.909,40.46
A0327,2025-05-02,346.9,23.65,34.92,49.71,0.909,50.05
A0327,2025-05-03,346.9,26.37,41.24,60.74,0.909,61.18
A0327,2025-05-04,346.9,20.24,32.52,48.62,0.909,48.99
A0327,2025-05-05,346.9,18.24,27.63,39.95,0.909,40.23
A0327,2025-05-06,346.9,20.62,30.15,42.66,0.909,42.95
A0327,2025-05-07,346.9,21.87,32.81,47.15,0.909,47.48
A0327,2025-05-08,346.9,20.92,31.54,45.46,0.909,45.78
A0327,2025-05-09,346.9,22.88,33.87,48.29,0.909,48.62
A0327,2025-05-10,346.9,25.42,39.72,58.47,0.909,58.89
A0327,2025-05-11,346.9,16.56,26.05,38.5,0.909,38.78
A0327,2025-05-12,346.9,19.27,28.79,41.27,0.909,41.55
A0328,2025-04-29,5.8,21.58,31.35,47.26,0.556,33.56
A0328,2025-04-30,5.8,29.25,40.36,58.42,0.556,42.87
A0328,2025-05-01,5.8,18.71,26.3,38.65,0.556,28.02
A0328,2025-05-02,5.8,26.73,38.08,56.56,0.556,40.65
A0328,2025-05-03,5.8,28.35,41.16,62.0,0.556,44.05
A0328,2025-05-04,5.8,23.03,31.29,44.73,0.556,33.16
A0328,2025-05-05,5.8,19.51,27.44,40.33,0.556,29.23
A0328,2025-05-06,5.8,20.71,30.55,46.56,0.556,32.78
A0328,2025-05-07,5.8,22.47,31.76,46.87,0.556,33.86
A0328,2025-05-08,5.8,23.17,33.39,50.03,0.556,35.71
A0328,2025-05-09,5.8,25.62,36.71,54.76,0.556,39.22
A0328,2025-05-10,5.8,27.56,39.75,59.59,0.556,42.51
A0328,2025-05-11,5.8,17.41,24.49,35.99,0.556,26.08
A0328,2025-05-12,5.8,22.84,32.94,49.38,0.556,35.23
A0329,2025-04-29,160.5,12.93,20.17,31.74,0.909,32.01
A0329,2025-04-30,160.5,50.07,75.23,115.46,0.909,116.38
A0329,2025-05-01,160.5,40.2,60.89,94.0,0.909,94.75
A0329,2025-05-02,160.5,52.23,79.04,121.93,0.909,122.9
A0329,2025-05-03,160.5,54.42,83.32,129.57,0.909,130.62
A0329,2025-05-04,160.5,40.85,59.33,88.9,0.909,89.57
A0329,2025-05-05,160.5,37.9,57.82,89.69,0.909,90.42
A0329,2025-05-06,160.5,40.18,61.63,95.93,0.909,96.71
A0329,2025-05-07,160.5,10.12,17.3,28.78,0.909,29.04
A0329,2025-05-08,160.5,12.3,20.84,34.49,0.909,34.8
A0329,2025-05-09,160.5,13.81,22.92,37.5,0.909,37.83
A0329,2025-05-10,160.5,15.02,24.53,39.74,0.909,40.08
A0329,2025-05-11,160.5,9.5,15.04,23.9,0.909,24.1
A0329,2025-05-12,160.5,14.27,22.21,34.91,0.909,35.2
A0330,2025-04-29,5.4,60.68,81.08,113.35,0.556,85.56
A0330,2025-04-30,5.4,76.08,100.2,138.36,0.556,105.5
A0330,2025-05-01,5.4,55.66,74.75,104.94,0.556,78.94
A0330,2025-05-02,5.4,75.39,100.57,140.41,0.556,106.1
A0330,2025-05-03,5.4,77.29,101.57,139.98,0.556,106.9
A0330,2025-05-04,5.4,60.57,80.3,111.53,0.556,84.64
A0330,2025-05-05,5.4,58.86,78.17,108.73,0.556,82.41
A0330,2025-05-06,5.4,62.6,83.35,116.19,0.556,87.91
A0330,2025-05-07,5.4,62.93,82.25,112.81,0.556,86.49
A0330,2025-05-08,5.4,70.74,94.11,131.1,0.556,99.25
A0330,2025-05-09,5.4,77.14,102.4,142.38,0.556,107.95
A0330,2025-05-10,5.4,80.05,104.26,142.58,0.556,109.58
A0330,2025-05-11,5.4,50.59,67.11,93.24,0.556,70.74
A0330,2025-05-12,5.4,72.86,96.41,133.66,0.556,101.58
A0331,2025-04-29,184.0,6.97,11.35,17.51,0.909,17.65
A0331,2025-04-30,184.0,7.92,13.46,21.29,0.909,21.47
A0331,2025-05-01,184.0,6.72,10.84,16.65,0.909,16.78
A0331,2025-05-02,184.0,8.1,13.53,21.2,0.909,21.37
A0331,2025-05-03,184.0,8.43,14.53,23.14,0.909,23.34
A0331,2025-05-04,184.0,5.93,10.29,16.43,0.909,16.57
A0331,2025-05-05,184.0,6.79,10.81,16.48,0.909,16.61
A0331,2025-05-06,184.0,7.29,11.64,17.77,0.909,17.91
A0331,2025-05-07,184.0,7.36,12.06,18.7,0.909,18.85
A0331,2025-05-08,184.0,8.26,13.45,20.76,0.909,20.93
A0331,2025-05-09,184.0,8.66,14.07,21.71,0.909,21.88
A0331,2025-05-10,184.0,9.1,15.17,23.73,0.909,23.92
A0331,2025-05-11,184.0,5.87,9.65,14.98,0.909,15.1
A0331,2025-05-12,184.0,20.28,30.51,44.95,0.909,45.28
A0332,2025-04-29,4.4,5.14,18.71,42.07,0.556,21.96
A0332,2025-04-30,4.4,8.24,25.35,54.3,0.556,29.37
A0332,2025-05-01,4.4,5.52,19.34,42.63,0.556,22.58
A0332,2025-05-02,4.4,8.74,26.2,56.28,0.556,30.38
A0332,2025-05-03,4.4,9.06,27.28,58.67,0.556,31.64
A0332,2025-05-04,4.4,5.32,19.49,43.39,0.556,22.81
A0332,2025-05-05,4.4,6.82,22.11,48.17,0.556,25.73
A0332,2025-05-06,4.4,6.39,21.51,47.21,0.556,25.08
A0332,2025-05-07,4.4,6.92,22.77,49.39,0.556,26.46
A0332,2025-05-08,4.4,8.29,25.62,54.45,0.556,29.63
A0332,2025-05-09,4.4,9.13,27.45,58.47,0.556,31.75
A0332,2025-05-10,4.4,9.78,28.93,61.69,0.556,33.48
A0332,2025-05-11,4.4,4.56,17.77,40.02,0.556,20.86
A0332,2025-05-12,4.4,9.16,26.96,57.23,0.556,31.17
A0333,2025-04-29,209.3,18.09,28.47,44.91,0.909,45.28
A0333,2025-04-30,209.3,23.59,35.05,53.19,0.909,53.6
A0333,2025-05-01,209.3,18.5,30.24,48.82,0.909,49.24
A0333,2025-05-02,209.3,22.81,35.48,55.53,0.909,55.98
A0333,2025-05-03,209.3,23.77,37.5,59.24,0.909,59.74
A0333,2025-05-04,209.3,18.74,28.56,44.09,0.909,44.44
A0333,2025-05-05,209.3,18.87,29.6,46.58,0.909,46.97
A0333,2025-05-06,209.3,19.14,30.01,47.23,0.909,47.62
A0333,2025-05-07,209.3,19.79,28.95,43.45,0.909,43.78
A0333,2025-05-08,209.3,21.93,34.29,53.85,0.909,54.3
A0333,2025-05-09,209.3,23.06,35.48,55.15,0.909,55.59
A0333,2025-05-10,209.3,24.43,37.33,57.76,0.909,58.23
A0333,2025-05-11,209.3,15.71,24.07,37.31,0.909,37.62
A0333,2025-05-12,209.3,22.65,34.17,52.4,0.909,52.81
A0334,2025-04-29,213.9,8.36,14.04,21.88,0.909,22.05
A0334,2025-04-30,213.9,10.11,17.78,28.34,0.909,28.58
A0334,2025-05-01,213.9,7.44,11.56,17.24,0.909,17.37
A0334,2025-05-02,213.9,9.9,16.5,25.6,0.909,25.8
A0334,2025-05-03,213.9,10.72,17.68,27.28,0.909,27.5
A0334,2025-05-04,213.9,7.67,13.35,21.18,0.909,21.36
A0334,2025-05-05,213.9,8.18,12.08,17.46,0.909,17.58
A0334,2025-05-06,213.9,8.68,14.21,21.83,0.909,22.0
A0334,2025-05-07,213.9,9.06,15.12,23.47,0.909,23.66
A0334,2025-05-08,213.9,10.11,17.26,27.12,0.909,27.34
A0334,2025-05-09,213.9,10.24,16.98,26.26,0.909,26.48
A0334,2025-05-10,213.9,11.0,18.36,28.5,0.909,28.73
A0334,2025-05-11,213.9,6.88,11.48,17.82,0.909,17.96
A0334,2025-05-12,213.9,9.47,15.65,24.16,0.909,24.35
A0335,2025-04-29,2.5,62.18,86.6,118.09,0.556,90.97
A0335,2025-04-30,2.5,80.59,113.41,155.73,0.556,119.29
A0335,2025-05-01,2.5,54.93,80.31,113.04,0.556,84.86
A0335,2025-05-02,2.5,75.81,109.77,153.55,0.556,115.85
A0335,2025-05-03,2.5,84.99,119.43,163.83,0.556,125.59
A0335,2025-05-04,2.5,63.94,91.09,126.1,0.556,95.96
A0335,2025-05-05,2.5,57.84,84.25,118.31,0.556,88.98
A0335,2025-05-06,2.5,61.85,86.62,118.56,0.556,91.06
A0335,2025-05-07,2.5,63.54,88.31,120.24,0.556,92.74
A0335,2025-05-08,2.5,68.38,95.61,130.71,0.556,100.48
A0335,2025-05-09,2.5,75.11,108.92,152.51,0.556,114.97
A0335,2025-05-10,2.5,83.63,117.53,161.25,0.556,123.61
A0335,2025-05-11,2.5,49.21,70.81,98.65,0.556,74.67
A0335,2025-05-12,2.5,62.8,91.11,127.63,0.556,96.18
A0336,2025-04-29,5.9,54.28,115.75,220.58,0.556,130.31
A0336,2025-04-30,5.9,74.48,153.02,289.31,0.556,171.95
A0336,2025-05-01,5.9,163.46,316.66,609.35,0.556,357.31
A0336,2025-05-02,5.9,212.8,409.2,816.33,0.556,465.74
A0336,2025-05-03,5.9,227.62,442.41,916.61,0.556,508.27
A0336,2025-05-04,5.9,55.7,120.2,230.21,0.556,135.48
A0336,2025-05-05,5.9,43.91,96.34,185.83,0.556,108.77
A0336,2025-05-06,5.9,50.75,109.82,210.07,0.556,123.75
A0336,2025-05-07,5.9,55.24,118.61,226.4,0.556,133.58
A0336,2025-05-08,5.9,65.87,138.14,262.17,0.556,155.37
A0336,2025-05-09,5.9,73.26,152.25,289.33,0.556,171.28
A0336,2025-05-10,5.9,81.69,168.28,322.12,0.556,189.65
A0336,2025-05-11,5.9,46.75,102.35,195.78,0.556,115.33
A0336,2025-05-12,5.9,66.78,140.0,266.85,0.556,157.62
A0337,2025-04-29,29.1,19.15,28.88,42.77,0.909,43.08
A0337,2025-04-30,29.1,23.38,36.12,54.31,0.909,54.72
A0337,2025-05-01,29.1,18.12,26.81,39.23,0.909,39.51
A0337,2025-05-02,29.1,25.1,34.85,48.77,0.909,49.08
A0337,2025-05-03,29.1,24.35,34.89,49.93,0.909,50.27
A0337,2025-05-04,29.1,16.93,25.71,38.24,0.909,38.53
A0337,2025-05-05,29.1,20.94,30.25,43.53,0.909,43.83
A0337,2025-05-06,29.1,21.19,31.58,46.41,0.909,46.74
A0337,2025-05-07,29.1,21.49,31.14,44.92,0.909,45.23
A0337,2025-05-08,29.1,24.02,34.55,49.57,0.909,49.91
A0337,2025-05-09,29.1,26.1,36.49,51.33,0.909,51.66
A0337,2025-05-10,29.1,26.34,38.23,55.22,0.909,55.6
A0337,2025-05-11,29.1,17.0,24.55,35.34,0.909,35.58
A0337,2025-05-12,29.1,26.21,38.84,56.87,0.909,57.28
A0338,2025-04-29,35.9,33.32,51.39,71.99,0.909,72.46
A0338,2025-04-30,35.9,48.46,66.34,86.73,0.909,87.19
A0338,2025-05-01,35.9,29.9,50.04,73.0,0.909,73.52
A0338,2025-05-02,35.9,45.52,66.06,89.49,0.909,90.02
A0338,2025-05-03,35.9,44.35,62.97,84.2,0.909,84.68
A0338,2025-05-04,35.9,33.8,47.53,63.19,0.909,63.54
A0338,2025-05-05,35.9,37.32,56.5,78.37,0.909,78.86
A0338,2025-05-06,35.9,36.5,54.1,74.16,0.909,74.62
A0338,2025-05-07,35.9,36.56,55.38,76.83,0.909,77.32
A0338,2025-05-08,35.9,40.13,61.19,85.21,0.909,85.76
A0338,2025-05-09,35.9,46.13,67.13,91.08,0.909,91.63
A0338,2025-05-10,35.9,47.25,67.03,89.59,0.909,90.11
A0338,2025-05-11,35.9,30.02,44.21,60.38,0.909,60.75
A0338,2025-05-12,35.9,48.86,68.73,91.39,0.909,91.91
A0339,2025-04-29,436.0,13.11,19.86,30.26,0.909,30.5
A0339,2025-04-30,436.0,15.87,22.69,33.19,0.909,33.43
A0339,2025-05-01,436.0,11.72,17.19,25.63,0.909,25.83
A0339,2025-05-02,436.0,16.23,23.83,35.54,0.909,35.81
A0339,2025-05-03,436.0,17.02,24.41,35.82,0.909,36.08
A0339,2025-05-04,436.0,12.29,18.23,27.39,0.909,27.6
A0339,2025-05-05,436.0,12.41,18.09,26.84,0.909,27.04
A0339,2025-05-06,436.0,12.83,19.39,29.52,0.909,29.75
A0339,2025-05-07,436.0,13.01,18.79,27.69,0.909,27.9
A0339,2025-05-08,436.0,14.2,20.97,31.4,0.909,31.64
A0339,2025-05-09,436.0,15.79,23.45,35.25,0.909,35.52
A0339,2025-05-10,436.0,16.84,24.46,36.21,0.909,36.47
A0339,2025-05-11,436.0,10.0,15.09,22.95,0.909,23.13
A0339,2025-05-12,436.0,13.22,19.86,30.1,0.909,30.33
A0340,2025-04-29,148.4,4.55,17.33,39.54,0.909,40.04
A0340,2025-04-30,148.4,7.12,22.66,49.49,0.909,50.1
A0340,2025-05-01,148.4,4.85,17.81,39.97,0.909,40.48
A0340,2025-05-02,148.4,7.38,23.2,50.71,0.909,51.34
A0340,2025-05-03,148.4,7.85,24.49,53.57,0.909,54.23
A0340,2025-05-04,148.4,4.66,17.91,40.58,0.909,41.09
A0340,2025-05-05,148.4,5.74,19.75,43.86,0.909,44.41
A0340,2025-05-06,148.4,5.78,20.07,44.58,0.909,45.14
A0340,2025-05-07,148.4,6.23,21.1,46.39,0.909,46.96
A0340,2025-05-08,148.4,7.33,23.38,50.51,0.909,51.13
A0340,2025-05-09,148.4,8.04,24.9,53.78,0.909,54.44
A0340,2025-05-10,148.4,8.73,26.44,57.14,0.909,57.83
A0340,2025-05-11,148.4,4.1,16.67,38.06,0.909,38.55
A0340,2025-05-12,148.4,7.98,24.33,52.44,0.909,53.07
A0341,2025-04-29,7.1,132.61,182.85,251.82,0.556,192.43
A0341,2025-04-30,7.1,163.63,223.29,305.19,0.556,234.67
A0341,2025-05-01,7.1,123.58,171.67,237.68,0.556,180.84
A0341,2025-05-02,7.1,128.93,181.36,253.34,0.556,191.36
A0341,2025-05-03,7.1,137.53,193.56,270.47,0.556,204.24
A0341,2025-05-04,7.1,108.77,152.87,213.39,0.556,161.27
A0341,2025-05-05,7.1,98.55,138.16,192.53,0.556,145.71
A0341,2025-05-06,7.1,108.2,150.44,208.42,0.556,158.5
A0341,2025-05-07,7.1,220.88,301.31,411.7,0.556,316.64
A0341,2025-05-08,7.1,244.33,340.62,472.79,0.556,358.98
A0341,2025-05-09,7.1,266.55,370.85,514.01,0.556,390.73
A0341,2025-05-10,7.1,288.35,397.99,548.5,0.556,418.9
A0341,2025-05-11,7.1,183.56,257.39,358.74,0.556,271.47
A0341,2025-05-12,7.1,250.29,349.76,486.3,0.556,368.73
A0342,2025-04-29,6.4,40.22,56.19,80.27,0.556,59.54
A0342,2025-04-30,6.4,45.99,63.66,90.3,0.556,67.36
A0342,2025-05-01,6.4,40.01,56.33,80.92,0.556,59.74
A0342,2025-05-02,6.4,49.23,67.16,94.18,0.556,70.92
A0342,2025-05-03,6.4,49.89,69.69,99.53,0.556,73.83
A0342,2025-05-04,6.4,37.58,51.32,72.02,0.556,54.19
A0342,2025-05-05,6.4,42.31,58.78,83.6,0.556,62.23
A0342,2025-05-06,6.4,43.23,59.64,84.38,0.556,63.07
A0342,2025-05-07,6.4,42.33,58.27,82.31,0.556,61.61
A0342,2025-05-08,6.4,48.08,66.21,93.53,0.556,70.0
A0342,2025-05-09,6.4,50.74,68.98,96.46,0.556,72.79
A0342,2025-05-10,6.4,52.24,72.56,103.18,0.556,76.81
A0342,2025-05-11,6.4,34.55,47.51,67.03,0.556,50.22
A0342,2025-05-12,6.4,49.83,68.66,97.04,0.556,72.6
A0343,2025-04-29,360.9,26.01,38.46,55.19,0.909,55.57
A0343,2025-04-30,360.9,31.99,44.86,62.14,0.909,62.53
A0343,2025-05-01,360.9,24.27,35.57,50.76,0.909,51.11
A0343,2025-05-02,360.9,32.9,48.01,68.3,0.909,68.77
A0343,2025-05-03,360.9,33.76,49.26,70.08,0.909,70.55
A0343,2025-05-04,360.9,26.62,38.06,53.44,0.909,53.79
A0343,2025-05-05,360.9,24.0,34.91,49.57,0.909,49.9
A0343,2025-05-06,360.9,25.54,38.22,55.26,0.909,55.64
A0343,2025-05-07,360.9,26.64,37.9,53.04,0.909,53.38
A0343,2025-05-08,360.9,30.32,44.6,63.78,0.909,64.22
A0343,2025-05-09,360.9,32.77,47.69,67.74,0.909,68.19
A0343,2025-05-10,360.9,33.98,48.95,69.06,0.909,69.52
A0343,2025-05-11,360.9,21.85,32.19,46.09,0.909,46.41
A0343,2025-05-12,360.9,29.01,42.3,60.14,0.909,60.54
A0344,2025-04-29,29.2,49.69,72.3,109.18,0.909,110.02
A0344,2025-04-30,29.2,66.32,95.81,143.88,0.909,144.98
A0344,2025-05-01,29.2,47.53,72.08,112.11,0.909,113.02
A0344,2025-05-02,29.2,66.98,90.97,130.09,0.909,130.97
A0344,2025-05-03,29.2,64.33,89.84,131.44,0.909,132.39
A0344,2025-05-04,29.2,49.44,68.36,99.22,0.909,99.92
A0344,2025-05-05,29.2,57.01,83.96,127.91,0.909,128.91
A0344,2025-05-06,29.2,53.71,77.28,115.73,0.909,116.6
A0344,2025-05-07,29.2,54.52,83.62,131.08,0.909,132.15
A0344,2025-05-08,29.2,60.32,84.71,124.47,0.909,125.38
A0344,2025-05-09,29.2,66.71,91.13,130.95,0.909,131.86
A0344,2025-05-10,29.2,66.88,92.66,134.69,0.909,135.65
A0344,2025-05-11,29.2,44.16,63.62,95.34,0.909,96.06
A0344,2025-05-12,29.2,69.2,97.69,144.15,0.909,145.21
A0345,2025-04-29,13.7,76.46,159.69,304.75,0.909,308.05
A0345,2025-04-30,13.7,106.09,212.2,401.65,0.909,405.96
A0345,2025-05-01,13.7,78.11,159.74,303.28,0.909,306.54
A0345,2025-05-02,13.7,105.97,212.43,403.71,0.909,408.06
A0345,2025-05-03,13.7,113.4,227.12,435.5,0.909,440.24
A0345,2025-05-04,13.7,92.89,190.55,362.69,0.909,366.6
A0345,2025-05-05,13.7,72.92,152.38,291.55,0.909,294.71
A0345,2025-05-06,13.7,79.71,165.78,316.74,0.909,320.17
A0345,2025-05-07,13.7,84.03,173.72,331.06,0.909,334.63
A0345,2025-05-08,13.7,91.27,186.96,356.74,0.909,360.59
A0345,2025-05-09,13.7,102.96,208.71,398.66,0.909,402.98
A0345,2025-05-10,13.7,111.76,225.56,433.9,0.909,438.63
A0345,2025-05-11,13.7,65.67,139.61,267.25,0.909,270.15
A0345,2025-05-12,13.7,88.4,182.11,348.88,0.909,352.67
A0346,2025-04-29,4.3,9.08,15.18,23.4,0.556,16.32
A0346,2025-04-30,4.3,11.76,18.28,27.06,0.556,19.5
A0346,2025-05-01,4.3,8.42,14.13,21.81,0.556,15.19
A0346,2025-05-02,4.3,10.86,18.08,27.81,0.556,19.43
A0346,2025-05-03,4.3,11.58,19.24,29.56,0.556,20.67
A0346,2025-05-04,4.3,8.68,13.51,20.01,0.556,14.41
A0346,2025-05-05,4.3,8.58,14.67,22.87,0.556,15.81
A0346,2025-05-06,4.3,9.25,15.27,23.38,0.556,16.4
A0346,2025-05-07,4.3,9.2,14.95,22.69,0.556,16.03
A0346,2025-05-08,4.3,10.34,16.67,25.2,0.556,17.86
A0346,2025-05-09,4.3,11.22,18.27,27.75,0.556,19.58
A0346,2025-05-10,4.3,11.92,19.25,29.13,0.556,20.63
A0346,2025-05-11,4.3,7.14,11.41,17.16,0.556,12.21
A0346,2025-05-12,4.3,10.36,16.77,25.39,0.556,17.97
A0347,2025-04-29,2.9,36.79,82.71,158.45,0.556,93.23
A0347,2025-04-30,2.9,48.73,105.22,198.74,0.556,118.21
A0347,2025-05-01,2.9,36.38,80.56,153.08,0.556,90.63
A0347,2025-05-02,2.9,49.67,106.94,203.22,0.556,120.31
A0347,2025-05-03,2.9,51.97,112.25,214.81,0.556,126.5
A0347,2025-05-04,2.9,38.89,87.4,166.9,0.556,98.44
A0347,2025-05-05,2.9,36.11,81.08,155.61,0.556,91.43
A0347,2025-05-06,2.9,91.26,185.29,346.35,0.556,207.66
A0347,2025-05-07,2.9,95.1,193.91,361.95,0.556,217.25
A0347,2025-05-08,2.9,103.29,209.45,389.7,0.556,234.48
A0347,2025-05-09,2.9,112.34,228.05,430.37,0.556,256.15
A0347,2025-05-10,2.9,120.13,244.75,472.01,0.556,276.32
A0347,2025-05-11,2.9,63.63,138.67,263.03,0.556,155.94
A0347,2025-05-12,2.9,33.18,76.11,147.29,0.556,86.0
A0348,2025-04-29,306.6,13.99,21.94,32.67,0.909,32.91
A0348,2025-04-30,306.6,16.05,25.18,37.51,0.909,37.79
A0348,2025-05-01,306.6,12.46,19.9,29.95,0.909,30.18
A0348,2025-05-02,306.6,16.33,25.46,37.8,0.909,38.08
A0348,2025-05-03,306.6,17.17,27.16,40.65,0.909,40.96
A0348,2025-05-04,306.6,14.54,22.66,33.64,0.909,33.88
A0348,2025-05-05,306.6,10.76,16.46,24.17,0.909,24.34
A0348,2025-05-06,306.6,13.59,20.95,30.89,0.909,31.12
A0348,2025-05-07,306.6,14.48,22.27,32.79,0.909,33.03
A0348,2025-05-08,306.6,14.79,23.27,34.73,0.909,34.99
A0348,2025-05-09,306.6,15.95,24.45,35.94,0.909,36.2
A0348,2025-05-10,306.6,16.6,25.81,38.25,0.909,38.53
A0348,2025-05-11,306.6,11.7,18.11,26.77,0.909,26.97
A0348,2025-05-12,306.6,12.34,18.13,25.95,0.909,26.13
A0349,2025-04-29,28.8,23.51,31.31,44.17,0.909,44.46
A0349,2025-04-30,28.8,29.89,39.44,55.2,0.909,55.56
A0349,2025-05-01,28.8,22.13,29.24,40.96,0.909,41.23
A0349,2025-05-02,28.8,58.23,72.78,96.76,0.909,97.3
A0349,2025-05-03,28.8,57.39,71.66,95.18,0.909,95.71
A0349,2025-05-04,28.8,61.38,77.13,103.11,0.909,103.7
A0349,2025-05-05,28.8,50.49,67.94,96.71,0.909,97.37
A0349,2025-05-06,28.8,52.68,70.88,100.88,0.909,101.56
A0349,2025-05-07,28.8,40.39,54.15,76.84,0.909,77.35
A0349,2025-05-08,28.8,22.87,31.75,46.39,0.909,46.72
A0349,2025-05-09,28.8,27.14,36.74,52.56,0.909,52.92
A0349,2025-05-10,28.8,28.46,38.62,55.36,0.909,55.74
A0349,2025-05-11,28.8,18.79,25.14,35.62,0.909,35.85
A0349,2025-05-12,28.8,29.52,40.54,58.72,0.909,59.13
A0350,2025-04-29,408.8,4.56,17.56,40.41,0.909,40.93
A0350,2025-04-30,408.8,7.41,23.52,51.69,0.909,52.33
A0350,2025-05-01,408.8,4.85,18.03,40.81,0.909,41.33
A0350,2025-05-02,408.8,7.86,24.48,53.6,0.909,54.26
A0350,2025-05-03,408.8,8.49,26.19,57.29,0.909,58.0
A0350,2025-05-04,408.8,5.23,19.49,43.92,0.909,44.48
A0350,2025-05-05,408.8,6.03,20.65,45.89,0.909,46.46
A0350,2025-05-06,408.8,6.3,21.49,47.57,0.909,48.16
A0350,2025-05-07,408.8,6.81,22.68,49.7,0.909,50.31
A0350,2025-05-08,408.8,7.91,24.97,53.81,0.909,54.46
A0350,2025-05-09,408.8,8.77,26.8,57.73,0.909,58.43
A0350,2025-05-10,408.8,9.53,28.54,61.56,0.909,62.31
A0350,2025-05-11,408.8,4.42,17.69,40.23,0.909,40.75
A0350,2025-05-12,408.8,8.34,25.44,54.88,0.909,55.55
A0351,2025-04-29,413.5,30.34,44.9,69.25,0.909,69.8
A0351,2025-04-30,413.5,40.73,58.57,88.41,0.909,89.08
A0351,2025-05-01,413.5,28.71,43.24,67.53,0.909,68.08
A0351,2025-05-02,413.5,43.59,62.13,93.14,0.909,93.85
A0351,2025-05-03,413.5,40.48,56.2,82.48,0.909,83.08
A0351,2025-05-04,413.5,30.27,43.09,64.53,0.909,65.01
A0351,2025-05-05,413.5,36.23,51.97,78.3,0.909,78.9
A0351,2025-05-06,413.5,33.88,50.3,77.77,0.909,78.39
A0351,2025-05-07,413.5,35.08,50.81,77.12,0.909,77.72
A0351,2025-05-08,413.5,37.46,53.96,81.55,0.909,82.18
A0351,2025-05-09,413.5,42.85,62.67,95.82,0.909,96.57
A0351,2025-05-10,413.5,42.53,60.21,89.77,0.909,90.44
A0351,2025-05-11,413.5,28.09,40.99,62.55,0.909,63.04
A0351,2025-05-12,413.5,43.74,65.74,102.55,0.909,103.39
A0352,2025-04-29,4.3,15.4,23.3,34.46,0.556,24.85
A0352,2025-04-30,4.3,18.95,27.63,39.88,0.556,29.33
A0352,2025-05-01,4.3,13.47,21.07,31.81,0.556,22.56
A0352,2025-05-02,4.3,18.91,27.75,40.23,0.556,29.48
A0352,2025-05-03,4.3,20.2,29.88,43.54,0.556,31.77
A0352,2025-05-04,4.3,14.59,22.23,33.02,0.556,23.73
A0352,2025-05-05,4.3,14.39,21.83,32.32,0.556,23.28
A0352,2025-05-06,4.3,15.69,23.52,34.58,0.556,25.06
A0352,2025-05-07,4.3,16.91,24.53,35.3,0.556,26.03
A0352,2025-05-08,4.3,17.4,26.26,38.76,0.556,27.99
A0352,2025-05-09,4.3,18.86,27.58,39.89,0.556,29.29
A0352,2025-05-10,4.3,20.75,30.17,43.47,0.556,32.01
A0352,2025-05-11,4.3,12.52,19.33,28.95,0.556,20.66
A0352,2025-05-12,4.3,16.53,24.72,36.3,0.556,26.33
A0353,2025-04-29,328.3,27.94,43.19,61.77,0.909,62.19
A0353,2025-04-30,328.3,35.28,53.71,76.17,0.909,76.69
A0353,2025-05-01,328.3,26.17,39.39,55.5,0.909,55.86
A0353,2025-05-02,328.3,35.17,52.3,73.18,0.909,73.65
A0353,2025-05-03,328.3,35.05,52.24,73.2,0.909,73.67
A0353,2025-05-04,328.3,28.88,43.39,61.08,0.909,61.48
A0353,2025-05-05,328.3,26.85,40.29,56.68,0.909,57.05
A0353,2025-05-06,328.3,28.86,43.98,62.42,0.909,62.84
A0353,2025-05-07,328.3,30.38,45.33,63.56,0.909,63.97
A0353,2025-05-08,328.3,32.02,48.0,67.48,0.909,67.92
A0353,2025-05-09,328.3,35.2,52.31,73.16,0.909,73.64
A0353,2025-05-10,328.3,36.0,53.19,74.16,0.909,74.63
A0353,2025-05-11,328.3,24.06,36.28,51.17,0.909,51.5
A0353,2025-05-12,328.3,32.48,47.96,66.84,0.909,67.27
A0354,2025-04-29,5.4,27.57,43.72,67.92,0.556,47.09
A0354,2025-04-30,5.4,34.68,52.96,80.34,0.556,56.76
A0354,2025-05-01,5.4,30.78,48.98,76.25,0.556,52.77
A0354,2025-05-02,5.4,41.03,67.13,106.22,0.556,72.56
A0354,2025-05-03,5.4,43.93,72.62,115.59,0.556,78.59
A0354,2025-05-04,5.4,36.86,54.96,82.08,0.556,58.73
A0354,2025-05-05,5.4,7.46,13.36,22.2,0.556,14.59
A0354,2025-05-06,5.4,8.37,15.05,25.06,0.556,16.44
A0354,2025-05-07,5.4,10.24,17.4,28.13,0.556,18.89
A0354,2025-05-08,5.4,11.85,19.06,29.87,0.556,20.56
A0354,2025-05-09,5.4,12.77,20.93,33.16,0.556,22.63
A0354,2025-05-10,5.4,14.02,22.77,35.86,0.556,24.58
A0354,2025-05-11,5.4,9.48,15.08,23.48,0.556,16.25
A0354,2025-05-12,5.4,13.61,20.64,31.18,0.556,22.11
A0355,2025-04-29,26.1,14.9,26.48,47.67,0.909,48.15
A0355,2025-04-30,26.1,18.34,33.72,61.86,0.909,62.5
A0355,2025-05-01,26.1,13.19,26.84,51.83,0.909,52.4
A0355,2025-05-02,26.1,19.32,33.63,59.8,0.909,60.39
A0355,2025-05-03,26.1,18.16,34.65,64.82,0.909,65.51
A0355,2025-05-04,26.1,14.34,25.06,44.67,0.909,45.12
A0355,2025-05-05,26.1,15.8,32.11,61.95,0.909,62.62
A0355,2025-05-06,26.1,16.14,30.27,56.12,0.909,56.71
A0355,2025-05-07,26.1,15.98,29.81,55.12,0.909,55.7
A0355,2025-05-08,26.1,18.8,30.83,52.83,0.909,53.33
A0355,2025-05-09,26.1,20.46,34.78,60.98,0.909,61.58
A0355,2025-05-10,26.1,20.3,35.69,63.84,0.909,64.48
A0355,2025-05-11,26.1,13.39,24.52,44.91,0.909,45.37
A0355,2025-05-12,26.1,19.83,38.31,72.13,0.909,72.9
A0356,2025-04-29,2.5,219.56,299.87,411.16,0.556,315.32
A0356,2025-04-30,2.5,286.82,389.5,531.79,0.556,409.26
A0356,2025-05-01,2.5,196.63,266.23,362.69,0.556,279.63
A0356,2025-05-02,2.5,263.54,370.35,518.37,0.556,390.91
A0356,2025-05-03,2.5,287.86,396.74,547.62,0.556,417.69
A0356,2025-05-04,2.5,220.91,297.04,402.54,0.556,311.69
A0356,2025-05-05,2.5,192.2,258.63,350.68,0.556,271.41
A0356,2025-05-06,2.5,222.93,301.49,410.37,0.556,316.61
A0356,2025-05-07,2.5,224.97,316.16,442.54,0.556,333.72
A0356,2025-05-08,2.5,240.46,337.22,471.3,0.556,355.84
A0356,2025-05-09,2.5,266.57,373.85,522.52,0.556,394.49
A0356,2025-05-10,2.5,296.01,407.06,560.95,0.556,428.43
A0356,2025-05-11,2.5,171.08,239.15,333.48,0.556,252.25
A0356,2025-05-12,2.5,234.27,320.26,439.44,0.556,336.81
A0357,2025-04-29,3.4,118.29,164.92,227.66,0.556,173.63
A0357,2025-04-30,3.4,153.78,218.15,304.76,0.556,230.18
A0357,2025-05-01,3.4,116.18,156.39,210.49,0.556,163.9
A0357,2025-05-02,3.4,153.89,208.36,281.65,0.556,218.54
A0357,2025-05-03,3.4,163.55,225.2,308.14,0.556,236.72
A0357,2025-05-04,3.4,123.83,168.18,227.85,0.556,176.47
A0357,2025-05-05,3.4,119.37,160.91,216.8,0.556,168.67
A0357,2025-05-06,3.4,127.06,172.64,233.97,0.556,181.16
A0357,2025-05-07,3.4,134.69,183.87,250.04,0.556,193.06
A0357,2025-05-08,3.4,144.41,192.82,257.95,0.556,201.86
A0357,2025-05-09,3.4,156.47,211.01,284.4,0.556,221.21
A0357,2025-05-10,3.4,169.2,231.64,315.66,0.556,243.31
A0357,2025-05-11,3.4,102.47,137.62,184.91,0.556,144.19
A0357,2025-05-12,3.4,144.83,192.04,255.56,0.556,200.86
A0358,2025-04-29,145.7,0.73,8.54,22.77,0.909,23.09
A0358,2025-04-30,145.7,1.63,10.66,26.93,0.909,27.3
A0358,2025-05-01,145.7,0.75,7.93,21.46,0.909,21.76
A0358,2025-05-02,145.7,1.57,10.47,26.73,0.909,27.1
A0358,2025-05-03,145.7,1.83,11.28,28.5,0.909,28.9
A0358,2025-05-04,145.7,0.62,8.08,21.92,0.909,22.24
A0358,2025-05-05,145.7,0.82,8.96,23.58,0.909,23.91
A0358,2025-05-06,145.7,1.03,9.55,24.71,0.909,25.05
A0358,2025-05-07,145.7,1.21,10.01,25.51,0.909,25.86
A0358,2025-05-08,145.7,1.69,11.14,27.58,0.909,27.95
A0358,2025-05-09,145.7,2.03,11.92,29.32,0.909,29.72
A0358,2025-05-10,145.7,2.39,12.8,31.26,0.909,31.68
A0358,2025-05-11,145.7,0.5,8.1,21.72,0.909,22.03
A0358,2025-05-12,145.7,2.03,11.71,28.72,0.909,29.1
A0359,2025-04-29,5.8,16.66,27.54,42.12,0.556,29.57
A0359,2025-04-30,5.8,20.06,32.45,49.05,0.556,34.75
A0359,2025-05-01,5.8,16.68,26.54,39.76,0.556,28.38
A0359,2025-05-02,5.8,21.66,36.71,56.86,0.556,39.51
A0359,2025-05-03,5.8,22.06,36.47,55.79,0.556,39.16
A0359,2025-05-04,5.8,15.55,24.12,35.6,0.556,25.71
A0359,2025-05-05,5.8,17.42,27.49,40.99,0.556,29.36
A0359,2025-05-06,5.8,17.45,28.78,43.97,0.556,30.89
A0359,2025-05-07,5.8,18.21,29.77,45.28,0.556,31.93
A0359,2025-05-08,5.8,19.9,33.39,51.47,0.556,35.9
A0359,2025-05-09,5.8,21.47,36.5,56.64,0.556,39.29
A0359,2025-05-10,5.8,21.85,35.96,54.87,0.556,38.58
A0359,2025-05-11,5.8,13.85,22.14,33.26,0.556,23.68
A0359,2025-05-12,5.8,19.86,33.41,51.58,0.556,35.94
A0360,2025-04-29,379.5,3.8,7.66,14.1,0.909,14.24
A0360,2025-04-30,379.5,3.95,8.78,16.83,0.909,17.01
A0360,2025-05-01,379.5,3.4,6.13,10.68,0.909,10.78
A0360,2025-05-02,379.5,4.53,8.59,15.35,0.909,15.5
A0360,2025-05-03,379.5,4.34,8.33,14.98,0.909,15.13
A0360,2025-05-04,379.5,3.88,7.14,12.58,0.909,12.71
A0360,2025-05-05,379.5,2.99,5.61,9.98,0.909,10.08
A0360,2025-05-06,379.5,3.79,7.51,13.7,0.909,13.84
A0360,2025-05-07,379.5,3.75,7.84,14.65,0.909,14.81
A0360,2025-05-08,379.5,3.96,7.71,13.95,0.909,14.09
A0360,2025-05-09,379.5,4.43,8.45,15.14,0.909,15.3
A0360,2025-05-10,379.5,4.2,8.15,14.74,0.909,14.89
A0360,2025-05-11,379.5,3.2,6.0,10.66,0.909,10.76
A0360,2025-05-12,379.5,3.55,6.75,12.07,0.909,12.19
A0361,2025-04-29,172.5,16.69,26.42,39.7,0.909,40.01
A0361,2025-04-30,172.5,21.04,33.86,51.37,0.909,51.77
A0361,2025-05-01,172.5,15.59,23.97,35.43,0.909,35.69
A0361,2025-05-02,172.5,21.69,33.45,49.52,0.909,49.88
A0361,2025-05-03,172.5,21.51,33.12,48.98,0.909,49.35
A0361,2025-05-04,172.5,16.05,25.92,39.39,0.909,39.7
A0361,2025-05-05,172.5,17.16,25.99,38.04,0.909,38.32
A0361,2025-05-06,172.5,17.9,28.13,42.12,0.909,42.44
A0361,2025-05-07,172.5,18.39,27.26,39.38,0.909,39.66
A0361,2025-05-08,172.5,19.66,29.96,44.03,0.909,44.35
A0361,2025-05-09,172.5,21.72,33.2,48.87,0.909,49.23
A0361,2025-05-10,172.5,21.72,32.52,47.27,0.909,47.6
A0361,2025-05-11,172.5,13.98,21.39,31.51,0.909,31.74
A0361,2025-05-12,172.5,20.09,30.93,45.75,0.909,46.09
A0362,2025-04-29,335.8,62.26,87.83,122.79,0.909,123.59
A0362,2025-04-30,335.8,71.34,98.24,135.02,0.909,135.85
A0362,2025-05-01,335.8,57.29,77.56,105.27,0.909,105.9
A0362,2025-05-02,335.8,75.5,103.93,142.81,0.909,143.69
A0362,2025-05-03,335.8,73.46,100.81,138.2,0.909,139.05
A0362,2025-05-04,335.8,57.22,77.99,106.38,0.909,107.03
A0362,2025-05-05,335.8,59.32,80.36,109.12,0.909,109.78
A0362,2025-05-06,335.8,64.73,90.04,124.65,0.909,125.44
A0362,2025-05-07,335.8,65.59,91.83,127.72,0.909,128.53
A0362,2025-05-08,335.8,67.85,93.88,129.48,0.909,130.29
A0362,2025-05-09,335.8,74.61,103.04,141.91,0.909,142.8
A0362,2025-05-10,335.8,73.36,100.86,138.46,0.909,139.32
A0362,2025-05-11,335.8,51.42,71.59,99.17,0.909,99.8
A0362,2025-05-12,335.8,70.42,96.37,131.85,0.909,132.66
A0363,2025-04-29,172.3,7.21,12.18,19.6,0.909,19.77
A0363,2025-04-30,172.3,8.71,14.76,23.79,0.909,24.0
A0363,2025-05-01,172.3,6.54,11.56,19.06,0.909,19.23
A0363,2025-05-02,172.3,8.98,14.99,23.96,0.909,24.16
A0363,2025-05-03,172.3,9.68,16.36,26.33,0.909,26.55
A0363,2025-05-04,172.3,6.52,11.29,18.4,0.909,18.56
A0363,2025-05-05,172.3,7.44,12.4,19.79,0.909,19.96
A0363,2025-05-06,172.3,7.49,12.58,20.17,0.909,20.34
A0363,2025-05-07,172.3,7.45,12.21,19.31,0.909,19.47
A0363,2025-05-08,172.3,8.3,13.65,21.65,0.909,21.83
A0363,2025-05-09,172.3,9.16,15.11,24.0,0.909,24.2
A0363,2025-05-10,172.3,9.57,16.05,25.71,0.909,25.93
A0363,2025-05-11,172.3,5.7,9.66,15.57,0.909,15.7
A0363,2025-05-12,172.3,8.13,13.42,21.33,0.909,21.51
A0364,2025-04-29,208.6,11.98,19.33,29.56,0.909,29.8
A0364,2025-04-30,208.6,24.88,38.59,57.67,0.909,58.1
A0364,2025-05-01,208.6,19.5,30.61,46.08,0.909,46.43
A0364,2025-05-02,208.6,23.85,37.05,55.42,0.909,55.84
A0364,2025-05-03,208.6,24.02,37.55,56.39,0.909,56.82
A0364,2025-05-04,208.6,18.73,29.32,44.04,0.909,44.38
A0364,2025-05-05,208.6,18.35,29.38,44.75,0.909,45.09
A0364,2025-05-06,208.6,19.78,30.89,46.35,0.909,46.7
A0364,2025-05-07,208.6,10.5,17.75,27.83,0.909,28.06
A0364,2025-05-08,208.6,12.27,20.24,31.33,0.909,31.59
A0364,2025-05-09,208.6,13.25,22.06,34.32,0.909,34.6
A0364,2025-05-10,208.6,13.93,22.67,34.83,0.909,35.11
A0364,2025-05-11,208.6,9.08,14.95,23.12,0.909,23.31
A0364,2025-05-12,208.6,12.72,20.65,31.7,0.909,31.95
A0365,2025-04-29,185.7,19.65,28.88,41.82,0.909,42.12
A0365,2025-04-30,185.7,25.53,35.84,50.31,0.909,50.64
A0365,2025-05-01,185.7,18.86,27.1,38.67,0.909,38.93
A0365,2025-05-02,185.7,25.09,36.65,52.88,0.909,53.24
A0365,2025-05-03,185.7,25.74,37.64,54.34,0.909,54.72
A0365,2025-05-04,185.7,18.8,26.54,37.4,0.909,37.65
A0365,2025-05-05,185.7,19.87,28.57,40.77,0.909,41.05
A0365,2025-05-06,185.7,20.32,29.45,42.26,0.909,42.55
A0365,2025-05-07,185.7,35.21,51.15,73.52,0.909,74.03
A0365,2025-05-08,185.7,36.94,54.24,78.53,0.909,79.08
A0365,2025-05-09,185.7,39.91,59.96,88.1,0.909,88.74
A0365,2025-05-10,185.7,40.84,61.65,90.85,0.909,91.52
A0365,2025-05-11,185.7,24.72,36.85,53.87,0.909,54.26
A0365,2025-05-12,185.7,35.08,52.6,77.17,0.909,77.73
A0366,2025-04-29,2.6,86.32,121.31,168.27,0.556,127.83
A0366,2025-04-30,2.6,110.89,142.12,184.03,0.556,147.94
A0366,2025-05-01,2.6,78.4,106.51,144.23,0.556,111.75
A0366,2025-05-02,2.6,106.3,145.91,199.05,0.556,153.29
A0366,2025-05-03,2.6,112.66,158.09,219.05,0.556,166.56
A0366,2025-05-04,2.6,85.59,111.96,147.36,0.556,116.88
A0366,2025-05-05,2.6,81.29,111.57,152.21,0.556,117.21
A0366,2025-05-06,2.6,89.97,126.2,174.83,0.556,132.96
A0366,2025-05-07,2.6,94.74,123.51,162.12,0.556,128.87
A0366,2025-05-08,2.6,96.51,129.4,173.54,0.556,135.53
A0366,2025-05-09,2.6,107.12,144.95,195.72,0.556,152.0
A0366,2025-05-10,2.6,114.48,155.34,210.19,0.556,162.96
A0366,2025-05-11,2.6,71.02,95.8,129.06,0.556,100.42
A0366,2025-05-12,2.6,96.52,130.89,177.02,0.556,137.3
A0367,2025-04-29,5.1,6.81,11.8,18.54,0.556,12.74
A0367,2025-04-30,5.1,8.84,14.8,22.85,0.556,15.91
A0367,2025-05-01,5.1,6.04,10.87,17.41,0.556,11.78
A0367,2025-05-02,5.1,8.53,14.91,23.55,0.556,16.11
A0367,2025-05-03,5.1,9.08,15.93,25.18,0.556,17.21
A0367,2025-05-04,5.1,6.44,10.7,16.46,0.556,11.5
A0367,2025-05-05,5.1,6.54,11.3,17.73,0.556,12.19
A0367,2025-05-06,5.1,6.8,11.85,18.67,0.556,12.8
A0367,2025-05-07,5.1,6.78,11.98,19.02,0.556,12.96
A0367,2025-05-08,5.1,7.57,13.75,22.11,0.556,14.91
A0367,2025-05-09,5.1,8.4,14.77,23.38,0.556,15.96
A0367,2025-05-10,5.1,8.7,15.46,24.59,0.556,16.72
A0367,2025-05-11,5.1,5.18,9.04,14.27,0.556,9.77
A0367,2025-05-12,5.1,7.26,13.06,20.89,0.556,14.15
A0368,2025-04-29,337.6,44.11,69.52,101.75,0.909,102.48
A0368,2025-04-30,337.6,50.75,78.78,114.33,0.909,115.14
A0368,2025-05-01,337.6,42.63,68.82,102.04,0.909,102.8
A0368,2025-05-02,337.6,53.74,87.62,130.61,0.909,131.59
A0368,2025-05-03,337.6,22.39,37.29,56.19,0.909,56.62
A0368,2025-05-04,337.6,15.91,26.44,39.81,0.909,40.12
A0368,2025-05-05,337.6,18.16,29.68,44.29,0.909,44.62
A0368,2025-05-06,337.6,19.71,31.86,47.27,0.909,47.62
A0368,2025-05-07,337.6,20.19,31.58,46.03,0.909,46.36
A0368,2025-05-08,337.6,22.72,35.93,52.67,0.909,53.05
A0368,2025-05-09,337.6,25.23,40.42,59.69,0.909,60.13
A0368,2025-05-10,337.6,25.26,39.09,56.64,0.909,57.04
A0368,2025-05-11,337.6,17.06,26.75,39.05,0.909,39.32
A0368,2025-05-12,337.6,23.5,35.98,51.82,0.909,52.18
A0369,2025-04-29,423.7,21.74,30.99,44.21,0.909,44.51
A0369,2025-04-30,423.7,28.3,38.96,54.19,0.909,54.54
A0369,2025-05-01,423.7,20.41,30.51,44.94,0.909,45.27
A0369,2025-05-02,423.7,28.18,40.01,56.91,0.909,57.29
A0369,2025-05-03,423.7,27.06,37.76,53.03,0.909,53.38
A0369,2025-05-04,423.7,20.71,28.5,39.63,0.909,39.88
A0369,2025-05-05,423.7,22.74,33.42,48.69,0.909,49.04
A0369,2025-05-06,423.7,22.53,32.99,47.94,0.909,48.28
A0369,2025-05-07,423.7,23.37,32.85,46.38,0.909,46.69
A0369,2025-05-08,423.7,40.43,58.36,83.97,0.909,84.56
A0369,2025-05-09,423.7,43.49,64.19,93.76,0.909,94.44
A0369,2025-05-10,423.7,43.36,61.93,88.45,0.909,89.06
A0369,2025-05-11,423.7,28.94,41.99,60.64,0.909,61.07
A0369,2025-05-12,423.7,43.22,66.09,98.75,0.909,99.49
A0370,2025-04-29,315.3,5.09,8.74,14.36,0.909,14.49
A0370,2025-04-30,315.3,5.69,10.65,18.29,0.909,18.47
A0370,2025-05-01,315.3,3.67,6.72,11.42,0.909,11.52
A0370,2025-05-02,315.3,5.2,9.07,15.02,0.909,15.16
A0370,2025-05-03,315.3,5.33,10.0,17.19,0.909,17.35
A0370,2025-05-04,315.3,3.66,7.32,12.95,0.909,13.08
A0370,2025-05-05,315.3,3.8,6.64,11.02,0.909,11.12
A0370,2025-05-06,315.3,5.0,8.43,13.7,0.909,13.82
A0370,2025-05-07,315.3,5.02,8.61,14.14,0.909,14.27
A0370,2025-05-08,315.3,4.97,8.37,13.61,0.909,13.73
A0370,2025-05-09,315.3,5.55,9.18,14.76,0.909,14.88
A0370,2025-05-10,315.3,5.73,9.95,16.45,0.909,16.6
A0370,2025-05-11,315.3,3.61,6.23,10.26,0.909,10.36
A0370,2025-05-12,315.3,4.64,7.37,11.58,0.909,11.67
A0371,2025-04-29,5.0,4.98,18.57,42.2,0.556,21.86
A0371,2025-04-30,5.0,8.22,25.3,54.97,0.556,29.42
A0371,2025-05-01,5.0,5.19,18.82,42.08,0.556,22.05
A0371,2025-05-02,5.0,8.34,25.49,55.3,0.556,29.63
A0371,2025-05-03,5.0,9.07,27.54,59.69,0.556,32.01
A0371,2025-05-04,5.0,5.94,21.04,46.58,0.556,24.59
A0371,2025-05-05,5.0,5.94,20.62,45.75,0.556,24.11
A0371,2025-05-06,5.0,6.4,21.93,48.26,0.556,25.59
A0371,2025-05-07,5.0,7.03,23.39,50.91,0.556,27.21
A0371,2025-05-08,5.0,8.07,25.57,54.77,0.556,29.63
A0371,2025-05-09,5.0,9.06,27.61,59.1,0.556,31.98
A0371,2025-05-10,5.0,10.06,29.86,63.9,0.556,34.59
A0371,2025-05-11,5.0,4.68,18.38,41.32,0.556,21.57
A0371,2025-05-12,5.0,8.21,25.29,54.49,0.556,29.35
A0372,2025-04-29,2.4,77.16,105.54,151.04,0.556,111.86
A0372,2025-04-30,2.4,99.39,136.41,195.75,0.556,144.65
A0372,2025-05-01,2.4,71.28,97.99,140.79,0.556,103.93
A0372,2025-05-02,2.4,97.53,133.53,191.23,0.556,141.54
A0372,2025-05-03,2.4,101.48,137.76,195.92,0.556,145.84
A0372,2025-05-04,2.4,74.28,100.01,141.26,0.556,105.74
A0372,2025-05-05,2.4,73.22,100.27,143.64,0.556,106.3
A0372,2025-05-06,2.4,75.77,102.68,145.81,0.556,108.67
A0372,2025-05-07,2.4,82.11,114.26,165.8,0.556,121.42
A0372,2025-05-08,2.4,89.08,122.69,176.56,0.556,130.17
A0372,2025-05-09,2.4,98.07,134.93,194.03,0.556,143.14
A0372,2025-05-10,2.4,104.46,143.5,206.07,0.556,152.19
A0372,2025-05-11,2.4,60.9,83.3,119.21,0.556,88.29
A0372,2025-05-12,2.4,84.4,116.06,166.8,0.556,123.1
A0373,2025-04-29,330.5,25.66,37.42,53.47,0.909,53.84
A0373,2025-04-30,330.5,31.47,44.46,62.19,0.909,62.6
A0373,2025-05-01,330.5,20.99,29.6,41.34,0.909,41.61
A0373,2025-05-02,330.5,27.83,40.98,58.93,0.909,59.34
A0373,2025-05-03,330.5,30.27,46.4,68.41,0.909,68.91
A0373,2025-05-04,330.5,24.63,35.68,50.76,0.909,51.11
A0373,2025-05-05,330.5,19.42,27.1,37.57,0.909,37.81
A0373,2025-05-06,330.5,23.47,33.7,47.67,0.909,47.98
A0373,2025-05-07,330.5,24.53,36.09,51.87,0.909,52.23
A0373,2025-05-08,330.5,25.59,36.66,51.76,0.909,52.11
A0373,2025-05-09,330.5,26.86,38.92,55.39,0.909,55.76
A0373,2025-05-10,330.5,29.43,43.94,63.75,0.909,64.2
A0373,2025-05-11,330.5,19.24,28.11,40.23,0.909,40.51
A0373,2025-05-12,330.5,20.73,28.34,38.72,0.909,38.96
A0374,2025-04-29,5.4,20.36,31.19,48.9,0.556,33.65
A0374,2025-04-30,5.4,26.07,37.23,55.47,0.556,39.76
A0374,2025-05-01,5.4,17.34,25.61,39.14,0.556,27.49
A0374,2025-05-02,5.4,22.94,35.17,55.17,0.556,37.95
A0374,2025-05-03,5.4,23.98,36.77,57.7,0.556,39.68
A0374,2025-05-04,5.4,20.81,29.38,43.39,0.556,31.32
A0374,2025-05-05,5.4,16.56,24.52,37.54,0.556,26.33
A0374,2025-05-06,5.4,19.25,29.68,46.73,0.556,32.05
A0374,2025-05-07,5.4,20.95,31.84,49.64,0.556,34.31
A0374,2025-05-08,5.4,22.27,33.62,52.2,0.556,36.2
A0374,2025-05-09,5.4,22.74,34.81,54.55,0.556,37.55
A0374,2025-05-10,5.4,24.13,36.83,57.58,0.556,39.71
A0374,2025-05-11,5.4,16.47,24.62,37.96,0.556,26.47
A0374,2025-05-12,5.4,20.01,29.87,45.99,0.556,32.11
A0375,2025-04-29,381.6,19.72,31.66,47.02,0.909,47.37
A0375,2025-04-30,381.6,24.71,38.93,57.22,0.909,57.63
A0375,2025-05-01,381.6,16.87,26.25,38.32,0.909,38.59
A0375,2025-05-02,381.6,22.57,35.27,51.6,0.909,51.97
A0375,2025-05-03,381.6,24.4,38.18,55.91,0.909,56.31
A0375,2025-05-04,381.6,19.27,31.03,46.17,0.909,46.52
A0375,2025-05-05,381.6,16.82,26.01,37.84,0.909,38.11
A0375,2025-05-06,381.6,19.27,30.56,45.08,0.909,45.41
A0375,2025-05-07,381.6,19.66,30.93,45.43,0.909,45.76
A0375,2025-05-08,381.6,21.17,32.61,47.33,0.909,47.67
A0375,2025-05-09,381.6,22.91,35.27,51.16,0.909,51.53
A0375,2025-05-10,381.6,25.02,38.46,55.74,0.909,56.14
A0375,2025-05-11,381.6,15.52,24.73,36.58,0.909,36.85
A0375,2025-05-12,381.6,19.62,29.57,42.37,0.909,42.66
A0376,2025-04-29,7.0,40.94,57.6,79.57,0.556,60.65
A0376,2025-04-30,7.0,51.66,72.14,99.15,0.556,75.89
A0376,2025-05-01,7.0,37.64,52.88,72.99,0.556,55.68
A0376,2025-05-02,7.0,51.06,70.92,97.11,0.556,74.56
A0376,2025-05-03,7.0,52.07,73.57,101.92,0.556,77.5
A0376,2025-05-04,7.0,41.52,58.1,79.98,0.556,61.14
A0376,2025-05-05,7.0,40.13,55.34,75.41,0.556,58.13
A0376,2025-05-06,7.0,42.88,59.43,81.26,0.556,62.46
A0376,2025-05-07,7.0,42.77,59.47,81.49,0.556,62.53
A0376,2025-05-08,7.0,48.89,68.18,93.63,0.556,71.71
A0376,2025-05-09,7.0,51.94,72.25,99.04,0.556,75.97
A0376,2025-05-10,7.0,54.43,77.05,106.89,0.556,81.2
A0376,2025-05-11,7.0,34.49,48.6,67.21,0.556,51.18
A0376,2025-05-12,7.0,48.32,67.09,91.85,0.556,70.53
A0377,2025-04-29,4.3,30.59,43.32,63.78,0.556,46.16
A0377,2025-04-30,4.3,38.17,55.18,82.52,0.556,58.98
A0377,2025-05-01,4.3,29.78,42.28,62.36,0.556,45.07
A0377,2025-05-02,4.3,37.28,52.87,77.92,0.556,56.35
A0377,2025-05-03,4.3,39.58,56.38,83.38,0.556,60.13
A0377,2025-05-04,4.3,28.33,40.32,59.58,0.556,42.99
A0377,2025-05-05,4.3,30.75,44.0,65.3,0.556,46.96
A0377,2025-05-06,4.3,31.05,43.64,63.87,0.556,46.45
A0377,2025-05-07,4.3,32.18,46.08,68.42,0.556,49.19
A0377,2025-05-08,4.3,35.26,50.28,74.41,0.556,53.63
A0377,2025-05-09,4.3,37.26,52.95,78.16,0.556,56.45
A0377,2025-05-10,4.3,40.01,57.13,84.64,0.556,60.95
A0377,2025-05-11,4.3,24.84,34.91,51.09,0.556,37.16
A0377,2025-05-12,4.3,36.31,51.69,76.39,0.556,55.12
A0378,2025-04-29,359.9,22.04,31.14,45.03,0.909,45.34
A0378,2025-04-30,359.9,27.4,40.2,59.75,0.909,60.19
A0378,2025-05-01,359.9,20.52,29.63,43.54,0.909,43.85
A0378,2025-05-02,359.9,28.49,40.31,58.34,0.909,58.75
A0378,2025-05-03,359.9,28.56,40.55,58.85,0.909,59.27
A0378,2025-05-04,359.9,20.38,30.83,46.78,0.909,47.14
A0378,2025-05-05,359.9,22.99,32.39,46.76,0.909,47.09
A0378,2025-05-06,359.9,23.56,33.21,47.94,0.909,48.28
A0378,2025-05-07,359.9,24.07,33.74,48.51,0.909,48.85
A0378,2025-05-08,359.9,26.21,37.08,53.67,0.909,54.05
A0378,2025-05-09,359.9,28.66,40.73,59.15,0.909,59.57
A0378,2025-05-10,359.9,29.26,41.5,60.2,0.909,60.62
A0378,2025-05-11,359.9,18.64,27.43,40.86,0.909,41.17
A0378,2025-05-12,359.9,26.85,38.72,56.83,0.909,57.24
A0379,2025-04-29,307.0,36.99,52.23,71.95,0.909,72.4
A0379,2025-04-30,307.0,47.43,65.22,88.26,0.909,88.79
A0379,2025-05-01,307.0,49.06,67.03,90.29,0.909,90.82
A0379,2025-05-02,307.0,63.94,89.86,123.42,0.909,124.19
A0379,2025-05-03,307.0,64.89,91.86,126.77,0.909,127.56
A0379,2025-05-04,307.0,52.64,75.26,104.55,0.909,105.21
A0379,2025-05-05,307.0,29.07,41.12,56.73,0.909,57.08
A0379,2025-05-06,307.0,33.96,48.83,68.1,0.909,68.53
A0379,2025-05-07,307.0,35.78,50.15,68.75,0.909,69.17
A0379,2025-05-08,307.0,39.95,56.16,77.15,0.909,77.62
A0379,2025-05-09,307.0,43.35,60.27,82.18,0.909,82.68
A0379,2025-05-10,307.0,46.67,64.58,87.77,0.909,88.3
A0379,2025-05-11,307.0,29.16,41.17,56.71,0.909,57.06
A0379,2025-05-12,307.0,40.83,56.54,76.89,0.909,77.35
A0380,2025-04-29,3.2,61.13,88.92,126.37,0.556,94.12
A0380,2025-04-30,3.2,80.54,116.53,165.03,0.556,123.27
A0380,2025-05-01,3.2,55.41,81.45,116.55,0.556,86.33
A0380,2025-05-02,3.2,78.13,113.1,160.22,0.556,119.64
A0380,2025-05-03,3.2,83.72,122.6,174.99,0.556,129.87
A0380,2025-05-04,3.2,64.6,92.72,130.62,0.556,97.99
A0380,2025-05-05,3.2,57.11,84.65,121.76,0.556,89.8
A0380,2025-05-06,3.2,60.83,88.96,126.88,0.556,94.23
A0380,2025-05-07,3.2,61.86,89.98,127.88,0.556,95.25
A0380,2025-05-08,3.2,68.46,100.7,144.15,0.556,106.73
A0380,2025-05-09,3.2,76.53,111.17,157.84,0.556,117.65
A0380,2025-05-10,3.2,81.03,118.93,170.0,0.556,126.02
A0380,2025-05-11,3.2,49.62,72.66,103.72,0.556,76.97
A0380,2025-05-12,3.2,66.72,99.66,144.05,0.556,105.82
A0381,2025-04-29,307.3,45.1,65.77,94.8,0.909,95.46
A0381,2025-04-30,307.3,55.92,82.78,120.51,0.909,121.36
A0381,2025-05-01,307.3,40.25,56.93,80.36,0.909,80.89
A0381,2025-05-02,307.3,53.37,77.65,111.76,0.909,112.54
A0381,2025-05-03,307.3,53.39,76.75,109.55,0.909,110.3
A0381,2025-05-04,307.3,18.84,29.08,43.45,0.909,43.78
A0381,2025-05-05,307.3,19.8,29.06,42.06,0.909,42.36
A0381,2025-05-06,307.3,22.55,33.83,49.68,0.909,50.04
A0381,2025-05-07,307.3,23.69,35.5,52.08,0.909,52.46
A0381,2025-05-08,307.3,27.39,40.08,57.91,0.909,58.31
A0381,2025-05-09,307.3,30.15,43.42,62.05,0.909,62.48
A0381,2025-05-10,307.3,31.02,43.76,61.65,0.909,62.05
A0381,2025-05-11,307.3,19.92,28.42,40.36,0.909,40.63
A0381,2025-05-12,307.3,28.23,40.23,57.09,0.909,57.47
A0382,2025-04-29,426.9,71.33,105.23,155.76,0.909,156.91
A0382,2025-04-30,426.9,96.63,140.16,205.05,0.909,206.53
A0382,2025-05-01,426.9,28.25,40.33,58.35,0.909,58.76
A0382,2025-05-02,426.9,41.76,58.96,84.61,0.909,85.19
A0382,2025-05-03,426.9,41.46,56.72,79.48,0.909,79.99
A0382,2025-05-04,426.9,31.29,43.78,62.39,0.909,62.81
A0382,2025-05-05,426.9,35.7,49.82,70.86,0.909,71.34
A0382,2025-05-06,426.9,36.51,51.95,74.97,0.909,75.5
A0382,2025-05-07,426.9,37.7,54.15,78.66,0.909,79.22
A0382,2025-05-08,426.9,41.71,58.88,84.46,0.909,85.04
A0382,2025-05-09,426.9,45.55,63.99,91.48,0.909,92.1
A0382,2025-05-10,426.9,46.33,63.98,90.3,0.909,90.9
A0382,2025-05-11,426.9,29.81,42.11,60.45,0.909,60.87
A0382,2025-05-12,426.9,48.41,70.46,103.33,0.909,104.08
A0383,2025-04-29,3.0,43.45,65.33,94.02,0.556,69.31
A0383,2025-04-30,3.0,54.95,84.65,123.59,0.556,90.05
A0383,2025-05-01,3.0,39.02,60.73,89.2,0.556,64.69
A0383,2025-05-02,3.0,54.15,82.63,119.99,0.556,87.82
A0383,2025-05-03,3.0,57.97,87.88,127.12,0.556,93.33
A0383,2025-05-04,3.0,43.57,67.01,97.75,0.556,71.28
A0383,2025-05-05,3.0,41.97,64.41,93.85,0.556,68.5
A0383,2025-05-06,3.0,44.48,66.2,94.68,0.556,70.16
A0383,2025-05-07,3.0,44.43,66.52,95.48,0.556,70.54
A0383,2025-05-08,3.0,48.16,73.79,107.41,0.556,78.46
A0383,2025-05-09,3.0,54.74,83.07,120.23,0.556,88.23
A0383,2025-05-10,3.0,58.53,88.26,127.24,0.556,93.67
A0383,2025-05-11,3.0,34.91,52.85,76.38,0.556,56.12
A0383,2025-05-12,3.0,49.23,74.87,108.49,0.556,79.54
A0384,2025-04-29,6.1,83.4,115.3,164.41,0.556,122.12
A0384,2025-04-30,6.1,109.39,144.03,197.35,0.556,151.44
A0384,2025-05-01,6.1,75.46,104.38,148.89,0.556,110.56
A0384,2025-05-02,6.1,101.93,137.12,191.29,0.556,144.65
A0384,2025-05-03,6.1,112.23,149.18,206.03,0.556,157.07
A0384,2025-05-04,6.1,91.62,124.64,175.46,0.556,131.7
A0384,2025-05-05,6.1,75.84,102.41,143.29,0.556,108.09
A0384,2025-05-06,6.1,84.21,116.37,165.86,0.556,123.24
A0384,2025-05-07,6.1,85.53,115.45,161.51,0.556,121.85
A0384,2025-05-08,6.1,97.41,134.11,190.61,0.556,141.96
A0384,2025-05-09,6.1,103.43,139.3,194.5,0.556,146.97
A0384,2025-05-10,6.1,115.25,153.21,211.62,0.556,161.32
A0384,2025-05-11,6.1,71.01,99.78,144.06,0.556,105.93
A0384,2025-05-12,6.1,93.02,127.44,180.41,0.556,134.79
A0385,2025-04-29,345.8,1.02,10.17,28.86,0.909,29.28
A0385,2025-04-30,345.8,2.08,13.11,36.4,0.909,36.92
A0385,2025-05-01,345.8,1.2,9.71,29.01,0.909,29.44
A0385,2025-05-02,345.8,2.69,14.68,41.1,0.909,41.7
A0385,2025-05-03,345.8,3.69,17.52,47.88,0.909,48.57
A0385,2025-05-04,345.8,1.59,12.01,34.88,0.909,35.4
A0385,2025-05-05,345.8,1.74,12.6,36.0,0.909,36.54
A0385,2025-05-06,345.8,2.68,15.22,41.43,0.909,42.03
A0385,2025-05-07,345.8,3.13,16.62,44.55,0.909,45.18
A0385,2025-05-08,345.8,4.42,20.11,52.08,0.909,52.81
A0385,2025-05-09,345.8,5.17,22.24,57.29,0.909,58.08
A0385,2025-05-10,345.8,6.64,26.32,66.61,0.909,67.53
A0385,2025-05-11,345.8,2.18,14.69,39.31,0.909,39.87
A0385,2025-05-12,345.8,5.72,23.53,59.1,0.909,59.9
A0386,2025-04-29,350.2,15.99,25.11,36.42,0.909,36.67
A0386,2025-04-30,350.2,21.65,36.24,54.32,0.909,54.73
A0386,2025-05-01,350.2,14.8,22.69,32.45,0.909,32.68
A0386,2025-05-02,350.2,20.45,31.8,45.87,0.909,46.19
A0386,2025-05-03,350.2,20.92,31.18,43.89,0.909,44.18
A0386,2025-05-04,350.2,14.68,25.5,38.9,0.909,39.21
A0386,2025-05-05,350.2,17.1,26.44,38.01,0.909,38.27
A0386,2025-05-06,350.2,17.02,27.06,39.5,0.909,39.78
A0386,2025-05-07,350.2,17.6,27.51,39.8,0.909,40.08
A0386,2025-05-08,350.2,19.41,29.88,42.85,0.909,43.15
A0386,2025-05-09,350.2,20.93,33.21,48.43,0.909,48.77
A0386,2025-05-10,350.2,22.24,34.01,48.59,0.909,48.92
A0386,2025-05-11,350.2,13.7,22.51,33.41,0.909,33.66
A0386,2025-05-12,350.2,21.54,35.92,53.74,0.909,54.15
A0387,2025-04-29,34.5,38.62,53.87,75.23,0.909,75.71
A0387,2025-04-30,34.5,50.84,67.56,91.0,0.909,91.53
A0387,2025-05-01,34.5,34.99,47.96,66.14,0.909,66.55
A0387,2025-05-02,34.5,50.78,67.57,91.1,0.909,91.63
A0387,2025-05-03,34.5,49.92,65.92,88.32,0.909,88.83
A0387,2025-05-04,34.5,35.12,49.04,68.53,0.909,68.97
A0387,2025-05-05,34.5,41.92,57.71,79.84,0.909,80.34
A0387,2025-05-06,34.5,41.53,57.85,80.7,0.909,81.22
A0387,2025-05-07,34.5,42.38,57.43,78.51,0.909,78.99
A0387,2025-05-08,34.5,110.86,152.53,210.91,0.909,212.23
A0387,2025-05-09,34.5,120.98,166.87,231.17,0.909,232.63
A0387,2025-05-10,34.5,129.9,177.42,244.0,0.909,245.51
A0387,2025-05-11,34.5,27.97,41.93,61.49,0.909,61.93
A0387,2025-05-12,34.5,46.44,70.98,105.37,0.909,106.15
A0388,2025-04-29,5.5,21.81,34.62,50.66,0.556,36.85
A0388,2025-04-30,5.5,25.72,40.35,58.67,0.556,42.9
A0388,2025-05-01,5.5,20.61,32.65,47.72,0.556,34.74
A0388,2025-05-02,5.5,27.08,43.73,64.57,0.556,46.62
A0388,2025-05-03,5.5,29.22,46.81,68.83,0.556,49.87
A0388,2025-05-04,5.5,20.49,31.2,44.61,0.556,33.06
A0388,2025-05-05,5.5,20.45,33.23,49.23,0.556,35.45
A0388,2025-05-06,5.5,21.82,34.97,51.43,0.556,37.26
A0388,2025-05-07,5.5,22.62,35.72,52.11,0.556,37.99
A0388,2025-05-08,5.5,23.83,36.79,53.02,0.556,39.04
A0388,2025-05-09,5.5,26.63,42.79,63.02,0.556,45.6
A0388,2025-05-10,5.5,28.74,45.09,65.56,0.556,47.94
A0388,2025-05-11,5.5,17.33,27.18,39.5,0.556,28.89
A0388,2025-05-12,5.5,23.08,36.62,53.56,0.556,38.97
A0389,2025-04-29,5.7,46.17,66.31,90.15,0.556,69.62
A0389,2025-04-30,5.7,56.94,81.89,111.42,0.556,85.99
A0389,2025-05-01,5.7,29.06,44.69,63.19,0.556,47.26
A0389,2025-05-02,5.7,42.34,60.7,82.43,0.556,63.72
A0389,2025-05-03,5.7,44.03,64.74,89.26,0.556,68.15
A0389,2025-05-04,5.7,32.76,49.55,69.44,0.556,52.32
A0389,2025-05-05,5.7,33.09,47.11,63.71,0.556,49.41
A0389,2025-05-06,5.7,37.08,52.35,70.42,0.556,54.86
A0389,2025-05-07,5.7,38.07,53.4,71.55,0.556,55.92
A0389,2025-05-08,5.7,43.49,63.43,87.04,0.556,66.71
A0389,2025-05-09,5.7,46.42,64.96,86.91,0.556,68.01
A0389,2025-05-10,5.7,48.6,69.78,94.86,0.556,73.27
A0389,2025-05-11,5.7,30.18,44.0,60.36,0.556,46.27
A0389,2025-05-12,5.7,42.58,60.0,80.64,0.556,62.87
A0390,2025-04-29,202.8,15.73,23.9,35.47,0.909,35.73
A0390,2025-04-30,202.8,17.81,26.43,38.65,0.909,38.92
A0390,2025-05-01,202.8,14.31,20.82,30.04,0.909,30.25
A0390,2025-05-02,202.8,18.31,27.15,39.69,0.909,39.97
A0390,2025-05-03,202.8,26.74,38.51,55.19,0.909,55.57
A0390,2025-05-04,202.8,19.68,27.99,39.76,0.909,40.03
A0390,2025-05-05,202.8,20.9,30.15,43.25,0.909,43.55
A0390,2025-05-06,202.8,21.94,32.2,46.75,0.909,47.08
A0390,2025-05-07,202.8,21.59,31.55,45.65,0.909,45.97
A0390,2025-05-08,202.8,23.44,34.27,49.61,0.909,49.96
A0390,2025-05-09,202.8,16.49,25.38,37.99,0.909,38.27
A0390,2025-05-10,202.8,17.99,27.38,40.68,0.909,40.98
A0390,2025-05-11,202.8,11.27,17.22,25.64,0.909,25.83
A0390,2025-05-12,202.8,17.84,26.63,39.08,0.909,39.37
A0391,2025-04-29,347.3,7.08,12.94,20.81,0.909,20.99
A0391,2025-04-30,347.3,9.93,17.01,26.54,0.909,26.76
A0391,2025-05-01,347.3,6.31,11.73,19.01,0.909,19.17
A0391,2025-05-02,347.3,9.26,16.7,26.69,0.909,26.92
A0391,2025-05-03,347.3,8.69,14.66,22.69,0.909,22.87
A0391,2025-05-04,347.3,6.57,11.46,18.04,0.909,18.19
A0391,2025-05-05,347.3,7.77,13.6,21.43,0.909,21.61
A0391,2025-05-06,347.3,8.01,14.66,23.59,0.909,23.79
A0391,2025-05-07,347.3,8.26,14.37,22.57,0.909,22.76
A0391,2025-05-08,347.3,8.96,15.85,25.1,0.909,25.31
A0391,2025-05-09,347.3,10.08,18.02,28.7,0.909,28.94
A0391,2025-05-10,347.3,9.68,16.31,25.22,0.909,25.43
A0391,2025-05-11,347.3,6.47,11.36,17.93,0.909,18.08
A0391,2025-05-12,347.3,10.37,19.28,31.25,0.909,31.53
A0392,2025-04-29,2.5,65.62,93.45,128.52,0.556,98.32
A0392,2025-04-30,2.5,85.01,120.49,165.2,0.556,126.7
A0392,2025-05-01,2.5,57.68,84.93,119.26,0.556,89.7
A0392,2025-05-02,2.5,79.36,113.36,156.21,0.556,119.31
A0392,2025-05-03,2.5,85.24,120.69,165.35,0.556,126.89
A0392,2025-05-04,2.5,61.92,87.76,120.34,0.556,92.29
A0392,2025-05-05,2.5,61.55,88.78,123.1,0.556,93.55
A0392,2025-05-06,2.5,67.1,95.33,130.91,0.556,100.27
A0392,2025-05-07,2.5,69.12,95.76,129.32,0.556,100.42
A0392,2025-05-08,2.5,73.19,103.0,140.58,0.556,108.22
A0392,2025-05-09,2.5,80.97,114.74,157.3,0.556,120.65
A0392,2025-05-10,2.5,87.33,122.04,165.79,0.556,128.12
A0392,2025-05-11,2.5,52.49,73.04,98.94,0.556,76.64
A0392,2025-05-12,2.5,69.8,99.36,136.62,0.556,104.54
A0393,2025-04-29,325.4,76.67,109.25,155.54,0.909,156.6
A0393,2025-04-30,325.4,17.72,30.17,47.85,0.909,48.25
A0393,2025-05-01,325.4,14.69,23.6,36.25,0.909,36.54
A0393,2025-05-02,325.4,21.86,33.94,51.1,0.909,51.49
A0393,2025-05-03,325.4,21.05,33.17,50.39,0.909,50.78
A0393,2025-05-04,325.4,16.52,25.99,39.45,0.909,39.75
A0393,2025-05-05,325.4,17.12,25.52,37.47,0.909,37.74
A0393,2025-05-06,325.4,18.62,28.66,42.93,0.909,43.26
A0393,2025-05-07,325.4,19.17,28.82,42.53,0.909,42.84
A0393,2025-05-08,325.4,20.25,31.06,46.42,0.909,46.76
A0393,2025-05-09,325.4,23.18,35.03,51.87,0.909,52.25
A0393,2025-05-10,325.4,22.12,33.68,50.09,0.909,50.47
A0393,2025-05-11,325.4,15.17,22.85,33.76,0.909,34.01
A0393,2025-05-12,325.4,21.2,31.16,45.3,0.909,45.63
A0394,2025-04-29,354.0,15.69,25.03,39.06,0.909,39.38
A0394,2025-04-30,354.0,19.36,31.41,49.52,0.909,49.93
A0394,2025-05-01,354.0,13.76,22.4,35.4,0.909,35.69
A0394,2025-05-02,354.0,28.06,42.51,64.25,0.909,64.74
A0394,2025-05-03,354.0,28.14,43.41,66.37,0.909,66.89
A0394,2025-05-04,354.0,24.21,37.16,56.64,0.909,57.08
A0394,2025-05-05,354.0,19.51,29.15,43.65,0.909,43.97
A0394,2025-05-06,354.0,22.6,35.47,54.81,0.909,55.25
A0394,2025-05-07,354.0,23.69,37.06,57.16,0.909,57.62
A0394,2025-05-08,354.0,14.45,24.14,38.71,0.909,39.04
A0394,2025-05-09,354.0,16.89,26.75,41.58,0.909,41.92
A0394,2025-05-10,354.0,17.71,27.91,43.26,0.909,43.6
A0394,2025-05-11,354.0,11.78,19.03,29.94,0.909,30.19
A0394,2025-05-12,354.0,15.06,22.08,32.63,0.909,32.87
A0395,2025-04-29,5.9,448.61,551.88,709.37,0.556,573.75
A0395,2025-04-30,5.9,541.6,652.29,821.09,0.556,675.74
A0395,2025-05-01,5.9,393.33,499.44,661.26,0.556,521.92
A0395,2025-05-02,5.9,527.01,660.04,862.91,0.556,688.22
A0395,2025-05-03,5.9,552.34,686.38,890.77,0.556,714.76
A0395,2025-05-04,5.9,404.36,507.19,664.01,0.556,528.97
A0395,2025-05-05,5.9,407.32,514.3,677.43,0.556,536.96
A0395,2025-05-06,5.9,454.68,558.28,716.25,0.556,580.22
A0395,2025-05-07,5.9,452.63,545.09,686.09,0.556,564.67
A0395,2025-05-08,5.9,498.45,615.3,793.48,0.556,640.05
A0395,2025-05-09,5.9,547.07,678.65,879.31,0.556,706.52
A0395,2025-05-10,5.9,964.07,1236.0,1650.67,0.556,1293.59
A0395,2025-05-11,5.9,760.26,941.43,1217.7,0.556,979.8
A0395,2025-05-12,5.9,925.77,1166.67,1534.03,0.556,1217.69
A0396,2025-04-29,4.4,9.5,15.8,24.22,0.556,16.97
A0396,2025-04-30,4.4,12.39,22.16,35.23,0.556,23.97
A0396,2025-05-01,4.4,9.48,16.85,26.71,0.556,18.22
A0396,2025-05-02,4.4,12.78,21.63,33.48,0.556,23.28
A0396,2025-05-03,4.4,12.96,22.01,34.13,0.556,23.7
A0396,2025-05-04,4.4,9.03,15.75,24.73,0.556,16.99
A0396,2025-05-05,4.4,9.71,16.81,26.31,0.556,18.13
A0396,2025-05-06,4.4,9.83,16.39,25.17,0.556,17.61
A0396,2025-05-07,4.4,9.96,16.49,25.22,0.556,17.7
A0396,2025-05-08,4.4,11.56,19.45,29.99,0.556,20.91
A0396,2025-05-09,4.4,13.07,21.88,33.67,0.556,23.52
A0396,2025-05-10,4.4,13.19,21.98,33.75,0.556,23.62
A0396,2025-05-11,4.4,7.68,12.62,19.23,0.556,13.54
A0396,2025-05-12,4.4,11.08,18.88,29.32,0.556,20.33
A0397,2025-04-29,394.8,18.15,27.45,41.62,0.909,41.94
A0397,2025-04-30,394.8,21.26,31.56,47.25,0.909,47.6
A0397,2025-05-01,394.8,40.16,57.17,83.09,0.909,83.68
A0397,2025-05-02,394.8,55.37,80.22,118.09,0.909,118.95
A0397,2025-05-03,394.8,57.73,82.03,119.08,0.909,119.92
A0397,2025-05-04,394.8,15.29,23.44,35.87,0.909,36.15
A0397,2025-05-05,394.8,15.59,23.3,35.05,0.909,35.31
A0397,2025-05-06,394.8,18.01,27.19,41.18,0.909,41.5
A0397,2025-05-07,394.8,18.96,28.28,42.48,0.909,42.8
A0397,2025-05-08,394.8,20.48,30.15,44.9,0.909,45.23
A0397,2025-05-09,394.8,22.45,33.32,49.89,0.909,50.26
A0397,2025-05-10,394.8,23.11,33.85,50.21,0.909,50.59
A0397,2025-05-11,394.8,14.69,21.98,33.09,0.909,33.35
A0397,2025-05-12,394.8,20.23,30.28,45.59,0.909,45.94
A0398,2025-04-29,26.9,24.37,34.61,50.13,0.909,50.49
A0398,2025-04-30,26.9,32.21,43.32,60.16,0.909,60.54
A0398,2025-05-01,26.9,22.18,32.23,47.46,0.909,47.8
A0398,2025-05-02,26.9,30.81,42.71,60.76,0.909,61.17
A0398,2025-05-03,26.9,31.38,42.75,59.99,0.909,60.38
A0398,2025-05-04,26.9,22.55,31.66,45.49,0.909,45.8
A0398,2025-05-05,26.9,26.3,37.18,53.67,0.909,54.05
A0398,2025-05-06,26.9,25.32,35.9,51.94,0.909,52.3
A0398,2025-05-07,26.9,26.29,36.84,52.83,0.909,53.2
A0398,2025-05-08,26.9,29.17,41.01,58.96,0.909,59.37
A0398,2025-05-09,26.9,31.51,44.4,63.93,0.909,64.38
A0398,2025-05-10,26.9,33.31,46.55,66.64,0.909,67.09
A0398,2025-05-11,26.9,20.9,30.09,44.02,0.909,44.33
A0398,2025-05-12,26.9,31.69,45.8,67.21,0.909,67.69
A0399,2025-04-29,386.9,0.39,7.12,19.62,0.909,19.91
A0399,2025-04-30,386.9,0.96,9.02,23.4,0.909,23.72
A0399,2025-05-01,386.9,0.37,6.28,17.89,0.909,18.16
A0399,2025-05-02,386.9,0.89,8.42,22.32,0.909,22.64
A0399,2025-05-03,386.9,0.97,8.88,23.39,0.909,23.72
A0399,2025-05-04,386.9,0.48,6.98,19.45,0.909,19.74
A0399,2025-05-05,386.9,0.23,6.79,19.02,0.909,19.3
A0399,2025-05-06,386.9,0.52,7.57,20.51,0.909,20.81
A0399,2025-05-07,386.9,0.61,7.86,21.0,0.909,21.3
A0399,2025-05-08,386.9,0.78,8.39,21.98,0.909,22.29
A0399,2025-05-09,386.9,1.0,9.07,23.47,0.909,23.79
A0399,2025-05-10,386.9,1.14,9.59,24.63,0.909,24.97
A0399,2025-05-11,386.9,0.08,6.31,17.95,0.909,18.22
A0399,2025-05-12,386.9,0.89,8.53,22.27,0.909,22.59
A0400,2025-04-29,3.0,73.43,98.79,138.81,0.556,104.34
A0400,2025-04-30,3.0,94.16,128.01,181.47,0.556,135.44
A0400,2025-05-01,3.0,69.81,92.44,128.16,0.556,97.4
A0400,2025-05-02,3.0,95.77,129.06,181.61,0.556,136.36
A0400,2025-05-03,3.0,104.96,140.72,197.18,0.556,148.56
A0400,2025-05-04,3.0,76.57,101.26,140.23,0.556,106.67
A0400,2025-05-05,3.0,73.78,97.66,135.38,0.556,102.9
A0400,2025-05-06,3.0,76.9,102.28,142.36,0.556,107.85
A0400,2025-05-07,3.0,81.94,109.56,153.17,0.556,115.62
A0400,2025-05-08,3.0,88.94,117.36,162.23,0.556,123.59
A0400,2025-05-09,3.0,95.61,128.54,180.54,0.556,135.76
A0400,2025-05-10,3.0,104.5,139.59,195.0,0.556,147.29
A0400,2025-05-11,3.0,61.84,82.1,114.09,0.556,86.55
A0400,2025-05-12,3.0,84.78,114.44,161.25,0.556,120.94
A0401,2025-04-29,386.6,23.33,34.74,54.01,0.909,54.45
A0401,2025-04-30,386.6,27.78,40.93,63.13,0.909,63.63
A0401,2025-05-01,386.6,20.12,28.39,42.35,0.909,42.67
A0401,2025-05-02,386.6,28.82,41.21,62.11,0.909,62.59
A0401,2025-05-03,386.6,29.02,42.19,64.42,0.909,64.92
A0401,2025-05-04,386.6,24.24,35.58,54.74,0.909,55.17
A0401,2025-05-05,386.6,19.92,27.74,40.96,0.909,41.26
A0401,2025-05-06,386.6,23.2,34.03,52.32,0.909,52.73
A0401,2025-05-07,386.6,23.82,34.66,52.96,0.909,53.38
A0401,2025-05-08,386.6,24.09,35.2,53.96,0.909,54.39
A0401,2025-05-09,386.6,27.03,38.81,58.69,0.909,59.14
A0401,2025-05-10,386.6,26.9,39.15,59.82,0.909,60.29
A0401,2025-05-11,386.6,18.86,27.99,43.4,0.909,43.75
A0401,2025-05-12,386.6,21.3,30.3,45.49,0.909,45.84
A0402,2025-04-29,422.3,10.83,18.68,29.39,0.909,29.63
A0402,2025-04-30,422.3,13.81,24.09,38.09,0.909,38.4
A0402,2025-05-01,422.3,10.12,18.87,30.8,0.909,31.08
A0402,2025-05-02,422.3,14.68,24.93,38.91,0.909,39.23
A0402,2025-05-03,422.3,14.15,22.81,34.61,0.909,34.88
A0402,2025-05-04,422.3,10.25,18.19,29.01,0.909,29.25
A0402,2025-05-05,422.3,12.2,21.86,35.01,0.909,35.31
A0402,2025-05-06,422.3,11.83,20.55,32.44,0.909,32.71
A0402,2025-05-07,422.3,11.81,19.91,30.95,0.909,31.21
A0402,2025-05-08,422.3,13.11,22.24,34.68,0.909,34.96
A0402,2025-05-09,422.3,14.87,26.09,41.39,0.909,41.74
A0402,2025-05-10,422.3,14.91,24.97,38.68,0.909,38.99
A0402,2025-05-11,422.3,9.57,16.93,26.97,0.909,27.2
A0402,2025-05-12,422.3,14.76,27.47,44.79,0.909,45.18
A0403,2025-04-29,5.4,16.85,25.62,39.26,0.556,27.52
A0403,2025-04-30,5.4,20.65,33.16,52.6,0.556,35.86
A0403,2025-05-01,5.4,14.95,22.11,33.23,0.556,23.65
A0403,2025-05-02,5.4,20.37,31.4,48.55,0.556,33.79
A0403,2025-05-03,5.4,21.03,32.83,51.16,0.556,35.37
A0403,2025-05-04,5.4,16.54,25.81,40.21,0.556,27.81
A0403,2025-05-05,5.4,15.04,22.25,33.47,0.556,23.81
A0403,2025-05-06,5.4,16.74,25.23,38.43,0.556,27.06
A0403,2025-05-07,5.4,17.36,26.96,41.88,0.556,29.03
A0403,2025-05-08,5.4,18.4,27.82,42.46,0.556,29.86
A0403,2025-05-09,5.4,20.27,31.16,48.08,0.556,33.51
A0403,2025-05-10,5.4,20.91,32.55,50.64,0.556,35.06
A0403,2025-05-11,5.4,13.67,20.93,32.22,0.556,22.5
A0403,2025-05-12,5.4,17.6,26.21,39.6,0.556,28.07
A0404,2025-04-29,381.8,14.12,22.0,34.88,0.909,35.17
A0404,2025-04-30,381.8,19.99,31.94,51.47,0.909,51.91
A0404,2025-05-01,381.8,12.49,20.27,32.98,0.909,33.27
A0404,2025-05-02,381.8,18.84,29.19,46.1,0.909,46.48
A0404,2025-05-03,381.8,18.06,26.79,41.04,0.909,41.37
A0404,2025-05-04,381.8,14.66,23.04,36.73,0.909,37.05
A0404,2025-05-05,381.8,15.18,24.44,39.57,0.909,39.91
A0404,2025-05-06,381.8,15.25,23.99,38.26,0.909,38.58
A0404,2025-05-07,381.8,15.71,25.13,40.52,0.909,40.87
A0404,2025-05-08,381.8,17.73,27.36,43.1,0.909,43.46
A0404,2025-05-09,381.8,19.59,30.59,48.56,0.909,48.97
A0404,2025-05-10,381.8,19.65,29.71,46.14,0.909,46.51
A0404,2025-05-11,381.8,12.91,20.64,33.27,0.909,33.56
A0404,2025-05-12,381.8,19.44,32.99,55.12,0.909,55.62
A0405,2025-04-29,3.2,55.35,78.27,110.46,0.556,82.74
A0405,2025-04-30,3.2,75.5,104.9,146.19,0.556,110.64
A0405,2025-05-01,3.2,50.97,72.92,103.74,0.556,77.2
A0405,2025-05-02,3.2,69.18,96.98,136.03,0.556,102.4
A0405,2025-05-03,3.2,74.45,103.11,143.35,0.556,108.7
A0405,2025-05-04,3.2,58.0,79.14,108.83,0.556,83.26
A0405,2025-05-05,3.2,52.83,74.43,104.77,0.556,78.65
A0405,2025-05-06,3.2,56.0,78.24,109.48,0.556,82.58
A0405,2025-05-07,3.2,58.49,80.65,111.78,0.556,84.98
A0405,2025-05-08,3.2,62.53,86.63,120.47,0.556,91.33
A0405,2025-05-09,3.2,68.65,96.28,135.08,0.556,101.67
A0405,2025-05-10,3.2,242.52,359.25,523.18,0.556,382.02
A0405,2025-05-11,3.2,161.15,227.79,321.37,0.556,240.78
A0405,2025-05-12,3.2,213.26,304.46,432.53,0.556,322.25
A0406,2025-04-29,367.5,59.12,89.1,125.52,0.909,126.35
A0406,2025-04-30,367.5,73.63,113.34,161.6,0.909,162.69
A0406,2025-05-01,367.5,21.98,35.34,51.58,0.909,51.95
A0406,2025-05-02,367.5,29.65,47.17,68.45,0.909,68.94
A0406,2025-05-03,367.5,30.99,47.67,67.95,0.909,68.41
A0406,2025-05-04,367.5,24.12,37.67,54.15,0.909,54.52
A0406,2025-05-05,367.5,24.97,38.77,55.55,0.909,55.93
A0406,2025-05-06,367.5,25.77,38.69,54.39,0.909,54.75
A0406,2025-05-07,367.5,26.0,38.63,53.97,0.909,54.32
A0406,2025-05-08,367.5,29.73,44.22,61.82,0.909,62.22
A0406,2025-05-09,367.5,32.93,50.08,70.91,0.909,71.39
A0406,2025-05-10,367.5,33.76,49.69,69.04,0.909,69.48
A0406,2025-05-11,367.5,21.22,31.71,44.45,0.909,44.74
A0406,2025-05-12,367.5,31.8,46.55,64.48,0.909,64.88
A0407,2025-04-29,7.2,68.63,93.05,124.72,0.556,97.45
A0407,2025-04-30,7.2,94.98,128.2,171.28,0.556,134.18
A0407,2025-05-01,7.2,66.27,88.76,117.93,0.556,92.82
A0407,2025-05-02,7.2,83.0,115.53,157.7,0.556,121.39
A0407,2025-05-03,7.2,89.69,122.1,164.13,0.556,127.94
A0407,2025-05-04,7.2,75.38,103.64,140.29,0.556,108.73
A0407,2025-05-05,7.2,66.86,89.26,118.3,0.556,93.29
A0407,2025-05-06,7.2,71.17,96.04,128.29,0.556,100.52
A0407,2025-05-07,7.2,71.17,97.0,130.49,0.556,101.65
A0407,2025-05-08,7.2,79.52,109.41,148.18,0.556,114.8
A0407,2025-05-09,7.2,85.86,118.95,161.87,0.556,124.91
A0407,2025-05-10,7.2,93.17,126.35,169.38,0.556,132.33
A0407,2025-05-11,7.2,59.05,82.19,112.19,0.556,86.35
A0407,2025-05-12,7.2,84.0,113.77,152.38,0.556,119.13
A0408,2025-04-29,3.4,147.46,215.21,316.11,0.556,229.22
A0408,2025-04-30,3.4,171.11,244.88,354.76,0.556,260.14
A0408,2025-05-01,3.4,78.09,111.71,161.79,0.556,118.66
A0408,2025-05-02,3.4,112.06,161.19,234.36,0.556,171.35
A0408,2025-05-03,3.4,127.19,176.97,251.11,0.556,187.27
A0408,2025-05-04,3.4,87.21,119.97,168.76,0.556,126.75
A0408,2025-05-05,3.4,85.51,118.94,168.73,0.556,125.85
A0408,2025-05-06,3.4,93.85,134.06,193.95,0.556,142.37
A0408,2025-05-07,3.4,98.34,139.29,200.28,0.556,147.76
A0408,2025-05-08,3.4,106.06,147.79,209.93,0.556,156.42
A0408,2025-05-09,3.4,118.02,167.25,240.56,0.556,177.43
A0408,2025-05-10,3.4,131.68,181.76,256.36,0.556,192.12
A0408,2025-05-11,3.4,75.79,106.47,152.16,0.556,112.82
A0408,2025-05-12,3.4,103.79,144.01,203.92,0.556,152.33
A0409,2025-04-29,25.9,20.54,30.21,43.74,0.909,44.05
A0409,2025-04-30,25.9,27.62,37.21,50.62,0.909,50.92
A0409,2025-05-01,25.9,19.57,28.55,41.1,0.909,41.39
A0409,2025-05-02,25.9,26.92,37.42,52.11,0.909,52.44
A0409,2025-05-03,25.9,26.83,36.79,50.72,0.909,51.04
A0409,2025-05-04,25.9,19.65,26.68,36.51,0.909,36.73
A0409,2025-05-05,25.9,23.21,32.27,44.95,0.909,45.24
A0409,2025-05-06,25.9,22.2,32.6,47.14,0.909,47.47
A0409,2025-05-07,25.9,22.64,32.92,47.3,0.909,47.62
A0409,2025-05-08,25.9,25.58,36.09,50.79,0.909,51.13
A0409,2025-05-09,25.9,27.91,39.27,55.17,0.909,55.53
A0409,2025-05-10,25.9,28.84,40.07,55.77,0.909,56.13
A0409,2025-05-11,25.9,18.23,26.31,37.62,0.909,37.88
A0409,2025-05-12,25.9,29.51,41.71,58.79,0.909,59.18
A0410,2025-04-29,4.3,42.21,59.52,81.68,0.556,62.6
A0410,2025-04-30,4.3,49.53,69.21,94.4,0.556,72.71
A0410,2025-05-01,4.3,37.91,52.37,70.87,0.556,54.93
A0410,2025-05-02,4.3,49.04,69.12,94.82,0.556,72.69
A0410,2025-05-03,4.3,53.79,76.48,105.52,0.556,80.51
A0410,2025-05-04,4.3,42.76,57.93,77.34,0.556,60.63
A0410,2025-05-05,4.3,10.61,18.79,29.26,0.556,20.24
A0410,2025-05-06,4.3,12.3,21.61,33.52,0.556,23.26
A0410,2025-05-07,4.3,13.73,23.33,35.61,0.556,25.03
A0410,2025-05-08,4.3,15.6,25.47,38.11,0.556,27.23
A0410,2025-05-09,4.3,28.09,43.89,64.12,0.556,46.7
A0410,2025-05-10,4.3,30.95,48.49,70.94,0.556,51.61
A0410,2025-05-11,4.3,19.11,30.16,44.3,0.556,32.12
A0410,2025-05-12,4.3,25.69,40.03,58.38,0.556,42.58
A0411,2025-04-29,355.7,12.75,20.72,31.43,0.909,31.68
A0411,2025-04-30,355.7,48.67,68.77,95.79,0.909,96.4
A0411,2025-05-01,355.7,40.65,53.26,70.21,0.909,70.59
A0411,2025-05-02,355.7,54.31,72.37,96.64,0.909,97.19
A0411,2025-05-03,355.7,57.53,78.23,106.06,0.909,106.69
A0411,2025-05-04,355.7,56.57,72.86,94.75,0.909,95.25
A0411,2025-05-05,355.7,7.55,13.34,21.11,0.909,21.29
A0411,2025-05-06,355.7,10.43,18.03,28.24,0.909,28.47
A0411,2025-05-07,355.7,10.35,17.92,28.1,0.909,28.33
A0411,2025-05-08,355.7,11.5,18.69,28.35,0.909,28.57
A0411,2025-05-09,355.7,12.5,20.82,32.01,0.909,32.27
A0411,2025-05-10,355.7,14.08,23.24,35.56,0.909,35.84
A0411,2025-05-11,355.7,9.11,15.13,23.21,0.909,23.4
A0411,2025-05-12,355.7,10.73,16.59,24.45,0.909,24.63
A0412,2025-04-29,426.6,11.07,16.9,26.01,0.909,26.21
A0412,2025-04-30,426.6,13.48,21.28,33.45,0.909,33.73
A0412,2025-05-01,426.6,9.47,14.8,23.12,0.909,23.3
A0412,2025-05-02,426.6,12.88,19.27,29.25,0.909,29.48
A0412,2025-05-03,426.6,13.63,19.67,29.1,0.909,29.32
A0412,2025-05-04,426.6,10.71,17.35,27.73,0.909,27.96
A0412,2025-05-05,426.6,8.66,13.03,19.86,0.909,20.01
A0412,2025-05-06,426.6,10.67,16.12,24.61,0.909,24.8
A0412,2025-05-07,426.6,10.9,16.63,25.59,0.909,25.79
A0412,2025-05-08,426.6,11.38,17.78,27.76,0.909,27.99
A0412,2025-05-09,426.6,12.41,18.58,28.22,0.909,28.44
A0412,2025-05-10,426.6,13.24,19.03,28.07,0.909,28.27
A0412,2025-05-11,426.6,8.41,13.34,21.04,0.909,21.22
A0412,2025-05-12,426.6,9.05,13.54,20.56,0.909,20.72
A0413,2025-04-29,312.9,19.32,28.7,42.26,0.909,42.56
A0413,2025-04-30,312.9,26.7,38.6,55.8,0.909,56.19
A0413,2025-05-01,312.9,18.34,29.65,45.99,0.909,46.36
A0413,2025-05-02,312.9,25.56,38.79,57.91,0.909,58.34
A0413,2025-05-03,312.9,24.82,35.59,51.15,0.909,51.5
A0413,2025-05-04,312.9,19.68,28.52,41.29,0.909,41.58
A0413,2025-05-05,312.9,22.55,35.12,53.29,0.909,53.7
A0413,2025-05-06,312.9,21.76,32.47,47.95,0.909,48.31
A0413,2025-05-07,312.9,22.33,33.09,48.64,0.909,49.0
A0413,2025-05-08,312.9,25.13,38.03,56.68,0.909,57.1
A0413,2025-05-09,312.9,27.68,42.35,63.55,0.909,64.03
A0413,2025-05-10,312.9,27.65,40.4,58.81,0.909,59.23
A0413,2025-05-11,312.9,18.35,27.64,41.06,0.909,41.36
A0413,2025-05-12,312.9,28.99,47.74,74.83,0.909,75.44
A0414,2025-04-29,4.5,23.21,33.85,48.88,0.556,35.94
A0414,2025-04-30,4.5,28.1,38.9,54.14,0.556,41.01
A0414,2025-05-01,4.5,18.76,27.82,40.62,0.556,29.6
A0414,2025-05-02,4.5,26.99,38.39,54.49,0.556,40.63
A0414,2025-05-03,4.5,30.79,44.24,63.22,0.556,46.87
A0414,2025-05-04,4.5,21.61,30.9,44.03,0.556,32.73
A0414,2025-05-05,4.5,19.48,29.16,42.83,0.556,31.06
A0414,2025-05-06,4.5,22.73,33.33,48.29,0.556,35.41
A0414,2025-05-07,4.5,23.3,32.82,46.27,0.556,34.69
A0414,2025-05-08,4.5,23.68,33.67,47.78,0.556,35.63
A0414,2025-05-09,4.5,26.51,37.69,53.47,0.556,39.88
A0414,2025-05-10,4.5,30.05,42.99,61.27,0.556,45.53
A0414,2025-05-11,4.5,17.56,25.85,37.56,0.556,27.48
A0414,2025-05-12,4.5,21.16,31.42,45.9,0.556,33.43
A0415,2025-04-29,216.0,13.98,20.97,30.67,0.909,30.89
A0415,2025-04-30,216.0,17.37,29.29,45.86,0.909,46.23
A0415,2025-05-01,216.0,13.72,20.4,29.67,0.909,29.88
A0415,2025-05-02,216.0,17.61,26.48,38.8,0.909,39.08
A0415,2025-05-03,216.0,18.61,28.03,41.12,0.909,41.42
A0415,2025-05-04,216.0,13.09,20.81,31.53,0.909,31.78
A0415,2025-05-05,216.0,14.96,21.74,31.17,0.909,31.39
A0415,2025-05-06,216.0,15.63,22.53,32.13,0.909,32.34
A0415,2025-05-07,216.0,16.38,25.06,37.11,0.909,37.38
A0415,2025-05-08,216.0,17.8,26.55,38.7,0.909,38.98
A0415,2025-05-09,216.0,18.36,27.34,39.83,0.909,40.11
A0415,2025-05-10,216.0,19.43,29.17,42.7,0.909,43.01
A0415,2025-05-11,216.0,12.25,18.18,26.41,0.909,26.6
A0415,2025-05-12,216.0,17.5,25.99,37.79,0.909,38.06
A0416,2025-04-29,5.5,79.99,117.36,163.68,0.556,123.8
A0416,2025-04-30,5.5,106.47,160.52,227.52,0.556,169.83
A0416,2025-05-01,5.5,79.04,119.42,169.46,0.556,126.37
A0416,2025-05-02,5.5,45.78,66.51,92.21,0.556,70.08
A0416,2025-05-03,5.5,48.78,72.11,101.03,0.556,76.13
A0416,2025-05-04,5.5,35.92,53.4,75.07,0.556,56.41
A0416,2025-05-05,5.5,37.71,54.36,75.01,0.556,57.23
A0416,2025-05-06,5.5,39.95,57.35,78.91,0.556,60.34
A0416,2025-05-07,5.5,40.04,57.32,78.74,0.556,60.3
A0416,2025-05-08,5.5,46.62,67.32,92.97,0.556,70.88
A0416,2025-05-09,5.5,49.82,70.47,96.06,0.556,74.02
A0416,2025-05-10,5.5,52.2,74.99,103.23,0.556,78.91
A0416,2025-05-11,5.5,31.6,45.04,61.69,0.556,47.35
A0416,2025-05-12,5.5,45.4,64.46,88.08,0.556,67.74
A0417,2025-04-29,5.1,14.18,22.27,32.07,0.556,23.63
A0417,2025-04-30,5.1,16.63,24.71,34.5,0.556,26.07
A0417,2025-05-01,5.1,14.04,22.56,32.86,0.556,23.99
A0417,2025-05-02,5.1,17.98,27.71,39.48,0.556,29.34
A0417,2025-05-03,5.1,18.82,29.2,41.77,0.556,30.95
A0417,2025-05-04,5.1,12.45,18.45,25.71,0.556,19.46
A0417,2025-05-05,5.1,14.54,23.31,33.93,0.556,24.78
A0417,2025-05-06,5.1,20.26,31.67,45.48,0.556,33.59
A0417,2025-05-07,5.1,19.7,30.73,44.08,0.556,32.58
A0417,2025-05-08,5.1,22.28,35.59,51.7,0.556,37.83
A0417,2025-05-09,5.1,23.76,37.04,53.11,0.556,39.27
A0417,2025-05-10,5.1,24.63,38.59,55.48,0.556,40.93
A0417,2025-05-11,5.1,9.8,15.94,23.38,0.556,16.98
A0417,2025-05-12,5.1,15.92,26.14,38.5,0.556,27.85
A0418,2025-04-29,5.2,53.71,69.19,94.69,0.556,72.73
A0418,2025-04-30,5.2,64.92,83.49,114.06,0.556,87.73
A0418,2025-05-01,5.2,50.78,68.75,98.35,0.556,72.86
A0418,2025-05-02,5.2,67.17,86.92,119.46,0.556,91.44
A0418,2025-05-03,5.2,71.58,91.88,125.3,0.556,96.52
A0418,2025-05-04,5.2,50.75,65.2,89.0,0.556,68.5
A0418,2025-05-05,5.2,53.78,69.89,96.43,0.556,73.58
A0418,2025-05-06,5.2,56.34,72.08,98.01,0.556,75.68
A0418,2025-05-07,5.2,58.24,74.57,101.46,0.556,78.3
A0418,2025-05-08,5.2,64.21,83.65,115.65,0.556,88.09
A0418,2025-05-09,5.2,68.13,88.02,120.78,0.556,92.57
A0418,2025-05-10,5.2,73.38,93.83,127.5,0.556,98.51
A0418,2025-05-11,5.2,45.6,58.8,80.53,0.556,61.82
A0418,2025-05-12,5.2,64.07,81.68,110.68,0.556,85.71
A0419,2025-04-29,2.4,87.22,116.61,158.52,0.556,122.43
A0419,2025-04-30,2.4,113.42,150.01,202.18,0.556,157.25
A0419,2025-05-01,2.4,79.15,107.11,146.98,0.556,112.65
A0419,2025-05-02,2.4,109.94,149.19,205.16,0.556,156.96
A0419,2025-05-03,2.4,119.72,161.5,221.07,0.556,169.77
A0419,2025-05-04,2.4,87.6,115.37,154.96,0.556,120.86
A0419,2025-05-05,2.4,83.46,112.08,152.87,0.556,117.74
A0419,2025-05-06,2.4,89.39,118.6,160.24,0.556,124.38
A0419,2025-05-07,2.4,91.22,123.1,168.56,0.556,129.41
A0419,2025-05-08,2.4,97.61,130.23,176.76,0.556,136.69
A0419,2025-05-09,2.4,109.4,148.38,203.96,0.556,156.1
A0419,2025-05-10,2.4,119.22,160.5,219.38,0.556,168.68
A0419,2025-05-11,2.4,70.26,94.84,129.9,0.556,99.71
A0419,2025-05-12,2.4,95.83,127.94,173.72,0.556,134.3
A0420,2025-04-29,340.2,5.08,18.44,42.77,0.909,43.32
A0420,2025-04-30,340.2,8.46,25.48,56.39,0.909,57.09
A0420,2025-05-01,340.2,4.72,17.33,40.5,0.909,41.03
A0420,2025-05-02,340.2,8.82,26.17,58.43,0.909,59.17
A0420,2025-05-03,340.2,7.28,23.18,53.01,0.909,53.69
A0420,2025-05-04,340.2,4.26,17.04,40.39,0.909,40.92
A0420,2025-05-05,340.2,7.35,23.04,51.8,0.909,52.45
A0420,2025-05-06,340.2,6.7,22.17,50.03,0.909,50.66
A0420,2025-05-07,340.2,6.82,22.33,50.35,0.909,50.99
A0420,2025-05-08,340.2,7.9,24.64,54.91,0.909,55.59
A0420,2025-05-09,340.2,9.23,27.69,61.24,0.909,62.0
A0420,2025-05-10,340.2,8.78,26.62,59.67,0.909,60.42
A0420,2025-05-11,340.2,4.84,18.27,42.43,0.909,42.98
A0420,2025-05-12,340.2,10.71,30.16,65.72,0.909,66.53
A0421,2025-04-29,157.7,11.42,17.01,24.89,0.909,25.07
A0421,2025-04-30,157.7,14.63,21.39,30.91,0.909,31.13
A0421,2025-05-01,157.7,11.06,15.93,22.78,0.909,22.94
A0421,2025-05-02,157.7,13.71,20.52,30.12,0.909,30.34
A0421,2025-05-03,157.7,14.19,21.38,31.52,0.909,31.75
A0421,2025-05-04,157.7,10.63,15.36,22.03,0.909,22.19
A0421,2025-05-05,157.7,11.58,17.1,24.86,0.909,25.03
A0421,2025-05-06,157.7,11.74,17.52,25.66,0.909,25.85
A0421,2025-05-07,157.7,12.01,17.37,24.91,0.909,25.09
A0421,2025-05-08,157.7,12.87,17.9,25.0,0.909,25.16
A0421,2025-05-09,157.7,13.96,20.49,29.7,0.909,29.91
A0421,2025-05-10,157.7,14.44,20.98,30.18,0.909,30.39
A0421,2025-05-11,157.7,9.44,13.34,18.83,0.909,18.96
A0421,2025-05-12,157.7,13.78,19.45,27.43,0.909,27.62
A0422,2025-04-29,5.8,13.05,20.97,31.83,0.556,22.48
A0422,2025-04-30,5.8,17.14,24.63,34.91,0.556,26.06
A0422,2025-05-01,5.8,12.81,20.9,32.0,0.556,22.45
A0422,2025-05-02,5.8,17.22,27.25,41.0,0.556,29.16
A0422,2025-05-03,5.8,18.8,29.5,44.18,0.556,31.54
A0422,2025-05-04,5.8,13.63,19.47,27.47,0.556,20.58
A0422,2025-05-05,5.8,12.98,20.85,31.64,0.556,22.35
A0422,2025-05-06,5.8,13.47,21.56,32.65,0.556,23.1
A0422,2025-05-07,5.8,13.78,21.36,31.76,0.556,22.81
A0422,2025-05-08,5.8,16.11,25.6,38.61,0.556,27.4
A0422,2025-05-09,5.8,17.37,27.36,41.07,0.556,29.27
A0422,2025-05-10,5.8,18.53,29.05,43.49,0.556,31.06
A0422,2025-05-11,5.8,10.89,16.86,25.05,0.556,18.0
A0422,2025-05-12,5.8,14.78,23.96,36.55,0.556,25.7
A0423,2025-04-29,5.0,49.41,74.44,110.1,0.556,79.39
A0423,2025-04-30,5.0,58.5,86.8,127.13,0.556,92.41
A0423,2025-05-01,5.0,46.17,65.58,93.24,0.556,69.42
A0423,2025-05-02,5.0,60.54,92.03,136.9,0.556,98.27
A0423,2025-05-03,5.0,64.74,98.27,146.04,0.556,104.91
A0423,2025-05-04,5.0,13.3,23.0,36.83,0.556,24.92
A0423,2025-05-05,5.0,12.85,21.58,34.03,0.556,23.31
A0423,2025-05-06,5.0,15.02,25.01,39.24,0.556,26.98
A0423,2025-05-07,5.0,17.09,27.56,42.48,0.556,29.64
A0423,2025-05-08,5.0,19.44,30.63,46.58,0.556,32.84
A0423,2025-05-09,5.0,21.06,33.96,52.35,0.556,36.52
A0423,2025-05-10,5.0,23.78,37.74,57.62,0.556,40.5
A0423,2025-05-11,5.0,15.22,24.06,36.65,0.556,25.81
A0423,2025-05-12,5.0,22.07,34.45,52.08,0.556,36.9
A0424,2025-04-29,3.0,77.68,111.37,153.42,0.556,117.21
A0424,2025-04-30,3.0,99.92,144.24,199.57,0.556,151.92
A0424,2025-05-01,3.0,71.66,100.24,135.92,0.556,105.2
A0424,2025-05-02,3.0,98.29,140.86,194.01,0.556,148.24
A0424,2025-05-03,3.0,103.08,147.19,202.25,0.556,154.83
A0424,2025-05-04,3.0,78.65,114.37,158.97,0.556,120.56
A0424,2025-05-05,3.0,73.82,106.69,147.72,0.556,112.38
A0424,2025-05-06,3.0,78.32,111.76,153.5,0.556,117.56
A0424,2025-05-07,3.0,79.58,112.37,153.31,0.556,118.06
A0424,2025-05-08,3.0,86.99,121.03,163.54,0.556,126.94
A0424,2025-05-09,3.0,98.42,141.01,194.18,0.556,148.39
A0424,2025-05-10,3.0,103.78,148.07,203.36,0.556,155.74
A0424,2025-05-11,3.0,63.48,91.11,125.61,0.556,95.9
A0424,2025-05-12,3.0,85.25,123.01,170.17,0.556,129.56
A0425,2025-04-29,6.3,76.49,104.57,148.19,0.556,110.63
A0425,2025-04-30,6.3,96.02,126.44,173.69,0.556,133.0
A0425,2025-05-01,6.3,72.13,97.12,135.95,0.556,102.52
A0425,2025-05-02,6.3,98.23,130.91,181.66,0.556,137.95
A0425,2025-05-03,6.3,100.92,135.47,189.15,0.556,142.93
A0425,2025-05-04,6.3,80.16,106.15,146.51,0.556,111.75
A0425,2025-05-05,6.3,76.59,102.08,141.67,0.556,107.58
A0425,2025-05-06,6.3,80.64,109.28,153.76,0.556,115.46
A0425,2025-05-07,6.3,81.58,109.97,154.07,0.556,116.1
A0425,2025-05-08,6.3,92.13,124.74,175.39,0.556,131.77
A0425,2025-05-09,6.3,98.94,132.13,183.69,0.556,139.29
A0425,2025-05-10,6.3,102.9,138.19,193.0,0.556,145.8
A0425,2025-05-11,6.3,66.81,91.76,130.52,0.556,97.15
A0425,2025-05-12,6.3,91.72,124.95,176.58,0.556,132.12
A0426,2025-04-29,12.0,153.56,213.07,313.04,0.909,315.32
A0426,2025-04-30,12.0,180.15,235.09,327.37,0.909,329.47
A0426,2025-05-01,12.0,131.64,183.09,269.53,0.909,271.49
A0426,2025-05-02,12.0,189.27,266.69,396.75,0.909,399.71
A0426,2025-05-03,12.0,210.97,294.53,434.89,0.909,438.08
A0426,2025-05-04,12.0,138.11,181.99,255.69,0.909,257.36
A0426,2025-05-05,12.0,134.93,187.53,275.89,0.909,277.9
A0426,2025-05-06,12.0,154.66,214.19,314.2,0.909,316.47
A0426,2025-05-07,12.0,160.56,222.94,327.73,0.909,330.11
A0426,2025-05-08,12.0,170.77,237.93,350.76,0.909,353.32
A0426,2025-05-09,12.0,193.93,271.23,401.07,0.909,404.03
A0426,2025-05-10,12.0,213.46,296.7,436.54,0.909,439.72
A0426,2025-05-11,12.0,123.48,172.11,253.81,0.909,255.66
A0426,2025-05-12,12.0,164.76,229.99,339.56,0.909,342.05
A0427,2025-04-29,326.7,13.96,21.16,31.94,0.909,32.18
A0427,2025-04-30,326.7,19.3,26.94,38.35,0.909,38.61
A0427,2025-05-01,326.7,12.44,19.01,28.84,0.909,29.06
A0427,2025-05-02,326.7,17.75,27.16,41.22,0.909,41.54
A0427,2025-05-03,326.7,18.01,26.08,38.15,0.909,38.42
A0427,2025-05-04,326.7,13.7,19.69,28.65,0.909,28.85
A0427,2025-05-05,326.7,14.39,21.54,32.23,0.909,32.47
A0427,2025-05-06,326.7,14.43,22.28,34.01,0.909,34.27
A0427,2025-05-07,326.7,14.76,21.55,31.69,0.909,31.92
A0427,2025-05-08,326.7,16.2,24.55,37.03,0.909,37.31
A0427,2025-05-09,326.7,18.05,28.19,43.34,0.909,43.69
A0427,2025-05-10,326.7,18.5,27.38,40.64,0.909,40.95
A0427,2025-05-11,326.7,11.7,17.62,26.46,0.909,26.67
A0427,2025-05-12,326.7,17.43,27.88,43.49,0.909,43.85
A0428,2025-04-29,399.1,93.39,140.95,205.9,0.909,207.38
A0428,2025-04-30,399.1,110.8,165.15,239.38,0.909,241.07
A0428,2025-05-01,399.1,79.72,113.27,159.09,0.909,160.14
A0428,2025-05-02,399.1,31.2,48.93,73.13,0.909,73.69
A0428,2025-05-03,399.1,32.61,49.4,72.33,0.909,72.85
A0428,2025-05-04,399.1,24.43,37.09,54.37,0.909,54.77
A0428,2025-05-05,399.1,24.49,36.1,51.96,0.909,52.32
A0428,2025-05-06,399.1,27.8,41.99,61.37,0.909,61.81
A0428,2025-05-07,399.1,29.42,44.15,64.27,0.909,64.73
A0428,2025-05-08,399.1,31.38,46.26,66.59,0.909,67.05
A0428,2025-05-09,399.1,35.47,53.27,77.58,0.909,78.13
A0428,2025-05-10,399.1,36.23,53.23,76.46,0.909,76.99
A0428,2025-05-11,399.1,23.39,35.01,50.87,0.909,51.23
A0428,2025-05-12,399.1,30.97,46.68,68.14,0.909,68.63
A0429,2025-04-29,399.7,98.4,144.46,221.75,0.909,223.5
A0429,2025-04-30,399.7,133.18,194.35,296.98,0.909,299.31
A0429,2025-05-01,399.7,18.06,26.84,41.58,0.909,41.92
A0429,2025-05-02,399.7,30.85,43.51,64.75,0.909,65.23
A0429,2025-05-03,399.7,32.88,45.87,67.66,0.909,68.16
A0429,2025-05-04,399.7,26.19,34.96,49.68,0.909,50.01
A0429,2025-05-05,399.7,23.58,33.02,48.85,0.909,49.21
A0429,2025-05-06,399.7,25.03,35.11,52.04,0.909,52.42
A0429,2025-05-07,399.7,27.73,39.68,59.73,0.909,60.18
A0429,2025-05-08,399.7,30.81,43.21,64.01,0.909,64.49
A0429,2025-05-09,399.7,34.68,48.05,70.49,0.909,71.0
A0429,2025-05-10,399.7,36.78,51.26,75.55,0.909,76.1
A0429,2025-05-11,399.7,21.73,30.21,44.45,0.909,44.78
A0429,2025-05-12,399.7,31.25,44.89,67.76,0.909,68.28
A0430,2025-04-29,5.8,5.62,9.92,16.74,0.556,10.87
A0430,2025-04-30,5.8,7.23,12.97,22.06,0.556,14.23
A0430,2025-05-01,5.8,5.76,9.52,15.48,0.556,10.35
A0430,2025-05-02,5.8,7.68,13.53,22.79,0.556,14.81
A0430,2025-05-03,5.8,7.75,13.64,23.0,0.556,14.94
A0430,2025-05-04,5.8,5.89,10.02,16.57,0.556,10.93
A0430,2025-05-05,5.8,5.87,9.71,15.8,0.556,10.56
A0430,2025-05-06,5.8,5.81,10.16,17.05,0.556,11.11
A0430,2025-05-07,5.8,5.98,10.51,17.7,0.556,11.51
A0430,2025-05-08,5.8,6.97,12.13,20.31,0.556,13.27
A0430,2025-05-09,5.8,7.76,13.62,22.92,0.556,14.91
A0430,2025-05-10,5.8,7.81,13.72,23.09,0.556,15.02
A0430,2025-05-11,5.8,4.86,8.28,13.71,0.556,9.04
A0430,2025-05-12,5.8,7.78,12.86,20.91,0.556,13.98
A0431,2025-04-29,179.2,15.96,24.55,38.7,0.909,39.02
A0431,2025-04-30,179.2,18.83,28.77,45.17,0.909,45.54
A0431,2025-05-01,179.2,15.32,22.61,34.64,0.909,34.92
A0431,2025-05-02,179.2,19.73,30.41,48.03,0.909,48.43
A0431,2025-05-03,179.2,20.52,31.7,50.15,0.909,50.56
A0431,2025-05-04,179.2,14.4,22.29,35.29,0.909,35.59
A0431,2025-05-05,179.2,15.38,22.77,34.95,0.909,35.23
A0431,2025-05-06,179.2,16.78,25.47,39.79,0.909,40.11
A0431,2025-05-07,179.2,16.72,25.39,39.69,0.909,40.02
A0431,2025-05-08,179.2,18.55,28.21,44.14,0.909,44.51
A0431,2025-05-09,179.2,20.21,30.89,48.49,0.909,48.89
A0431,2025-05-10,179.2,21.09,32.2,50.5,0.909,50.92
A0431,2025-05-11,179.2,12.95,19.99,31.58,0.909,31.84
A0431,2025-05-12,179.2,19.98,29.6,45.48,0.909,45.84
A0432,2025-04-29,10.2,82.91,111.87,141.66,0.909,142.34
A0432,2025-04-30,10.2,97.43,127.84,159.12,0.909,159.83
A0432,2025-05-01,10.2,84.83,118.57,153.26,0.909,154.05
A0432,2025-05-02,10.2,97.58,127.7,158.69,0.909,159.39
A0432,2025-05-03,10.2,111.86,151.12,191.49,0.909,192.4
A0432,2025-05-04,10.2,79.08,102.27,126.13,0.909,126.67
A0432,2025-05-05,10.2,82.45,111.95,142.29,0.909,142.98
A0432,2025-05-06,10.2,85.6,115.99,147.24,0.909,147.95
A0432,2025-05-07,10.2,79.47,103.15,127.51,0.909,128.06
A0432,2025-05-08,10.2,91.74,122.19,153.5,0.909,154.21
A0432,2025-05-09,10.2,95.47,124.48,154.32,0.909,154.99
A0432,2025-05-10,10.2,107.92,143.58,180.25,0.909,181.09
A0432,2025-05-11,10.2,63.88,82.94,102.54,0.909,102.99
A0432,2025-05-12,10.2,89.53,116.94,145.13,0.909,145.77
A0433,2025-04-29,7.1,31.15,44.52,61.17,0.556,46.83
A0433,2025-04-30,7.1,39.7,55.22,74.55,0.556,57.91
A0433,2025-05-01,7.1,28.22,40.49,55.78,0.556,42.61
A0433,2025-05-02,7.1,37.51,53.44,73.29,0.556,56.2
A0433,2025-05-03,7.1,40.6,57.41,78.35,0.556,60.32
A0433,2025-05-04,7.1,30.12,43.67,60.53,0.556,46.01
A0433,2025-05-05,7.1,29.06,39.98,53.58,0.556,41.87
A0433,2025-05-06,7.1,31.03,44.41,61.06,0.556,46.72
A0433,2025-05-07,7.1,32.22,46.02,63.21,0.556,48.41
A0433,2025-05-08,7.1,36.1,53.35,74.83,0.556,56.33
A0433,2025-05-09,7.1,38.26,54.9,75.63,0.556,57.78
A0433,2025-05-10,7.1,41.96,60.06,82.61,0.556,63.2
A0433,2025-05-11,7.1,25.46,37.62,52.77,0.556,39.73
A0433,2025-05-12,7.1,35.63,51.26,70.72,0.556,53.96
A0434,2025-04-29,4.8,140.64,190.32,256.81,0.556,199.55
A0434,2025-04-30,4.8,173.33,237.6,323.63,0.556,249.55
A0434,2025-05-01,4.8,132.7,180.38,244.19,0.556,189.24
A0434,2025-05-02,4.8,609.84,851.45,1174.83,0.556,896.36
A0434,2025-05-03,4.8,663.49,924.17,1273.09,0.556,972.64
A0434,2025-05-04,4.8,549.83,764.74,1052.39,0.556,804.69
A0434,2025-05-05,4.8,503.66,697.6,957.19,0.556,733.66
A0434,2025-05-06,4.8,125.13,174.83,241.35,0.556,184.07
A0434,2025-05-07,4.8,127.61,178.13,245.74,0.556,187.52
A0434,2025-05-08,4.8,147.93,206.78,285.55,0.556,217.72
A0434,2025-05-09,4.8,163.75,221.01,297.66,0.556,231.66
A0434,2025-05-10,4.8,179.44,242.27,326.36,0.556,253.95
A0434,2025-05-11,4.8,114.54,155.89,211.23,0.556,163.58
A0434,2025-05-12,4.8,152.91,207.76,281.17,0.556,217.96
A0435,2025-04-29,155.3,6.37,20.65,45.81,0.909,46.38
A0435,2025-04-30,155.3,8.65,25.2,54.69,0.909,55.36
A0435,2025-05-01,155.3,5.27,18.04,40.72,0.909,41.24
A0435,2025-05-02,155.3,0.66,8.24,22.3,0.909,22.62
A0435,2025-05-03,155.3,0.99,9.18,24.33,0.909,24.68
A0435,2025-05-04,155.3,0.16,6.57,18.91,0.909,19.2
A0435,2025-05-05,155.3,0.44,7.89,21.4,0.909,21.7
A0435,2025-05-06,155.3,0.82,8.71,22.97,0.909,23.29
A0435,2025-05-07,155.3,1.04,9.34,24.09,0.909,24.42
A0435,2025-05-08,155.3,1.52,10.55,26.36,0.909,26.72
A0435,2025-05-09,155.3,1.85,11.43,28.22,0.909,28.6
A0435,2025-05-10,155.3,2.25,12.35,30.19,0.909,30.59
A0435,2025-05-11,155.3,0.59,8.09,21.59,0.909,21.9
A0435,2025-05-12,155.3,2.15,11.81,28.77,0.909,29.16
A0436,2025-04-29,194.9,3.58,14.91,34.69,0.909,35.14
A0436,2025-04-30,194.9,5.33,18.97,42.2,0.909,42.72
A0436,2025-05-01,194.9,3.58,14.6,33.76,0.909,34.2
A0436,2025-05-02,194.9,5.69,19.53,43.74,0.909,44.29
A0436,2025-05-03,194.9,5.7,19.94,44.74,0.909,45.3
A0436,2025-05-04,194.9,3.31,14.65,34.16,0.909,34.6
A0436,2025-05-05,194.9,4.05,16.04,36.79,0.909,37.26
A0436,2025-05-06,194.9,4.1,16.36,37.46,0.909,37.94
A0436,2025-05-07,194.9,4.48,17.3,39.01,0.909,39.5
A0436,2025-05-08,194.9,5.29,19.04,42.18,0.909,42.71
A0436,2025-05-09,194.9,5.96,20.55,45.52,0.909,46.08
A0436,2025-05-10,194.9,6.19,21.19,47.01,0.909,47.6
A0436,2025-05-11,194.9,2.9,13.63,32.09,0.909,32.51
A0436,2025-05-12,194.9,6.03,20.17,44.57,0.909,45.13
A0437,2025-04-29,13.7,246.41,322.89,421.34,0.909,423.57
A0437,2025-04-30,13.7,297.48,384.79,497.19,0.909,499.74
A0437,2025-05-01,13.7,114.71,176.19,255.32,0.909,257.12
A0437,2025-05-02,13.7,197.5,309.08,452.7,0.909,455.96
A0437,2025-05-03,13.7,317.35,441.77,601.92,0.909,605.56
A0437,2025-05-04,13.7,123.09,197.62,293.57,0.909,295.75
A0437,2025-05-05,13.7,135.15,198.29,279.55,0.909,281.4
A0437,2025-05-06,13.7,223.36,298.13,394.38,0.909,396.57
A0437,2025-05-07,13.7,240.83,319.08,419.79,0.909,422.08
A0437,2025-05-08,13.7,897.46,1335.86,1900.16,0.909,1912.98
A0437,2025-05-09,13.7,1007.29,1534.28,2212.61,0.909,2228.03
A0437,2025-05-10,13.7,1146.35,1711.18,2438.22,0.909,2454.74
A0437,2025-05-11,13.7,692.08,1021.12,1444.65,0.909,1454.28
A0437,2025-05-12,13.7,820.51,1227.76,1751.97,0.909,1763.88
A0438,2025-04-29,429.7,48.14,65.95,90.13,0.909,90.67
A0438,2025-04-30,429.7,56.96,77.16,104.59,0.909,105.21
A0438,2025-05-01,429.7,42.91,58.74,80.23,0.909,80.72
A0438,2025-05-02,429.7,44.9,62.88,87.29,0.909,87.84
A0438,2025-05-03,429.7,44.35,62.75,87.74,0.909,88.31
A0438,2025-05-04,429.7,37.16,51.85,71.78,0.909,72.23
A0438,2025-05-05,429.7,35.2,48.73,67.1,0.909,67.52
A0438,2025-05-06,429.7,37.86,53.87,75.59,0.909,76.09
A0438,2025-05-07,429.7,38.74,55.74,78.8,0.909,79.33
A0438,2025-05-08,429.7,42.32,61.03,86.42,0.909,87.0
A0438,2025-05-09,429.7,47.09,65.18,89.73,0.909,90.29
A0438,2025-05-10,429.7,47.3,66.01,91.41,0.909,91.99
A0438,2025-05-11,429.7,32.18,45.57,63.74,0.909,64.15
A0438,2025-05-12,429.7,44.51,61.86,85.41,0.909,85.94
A0439,2025-04-29,12.5,50.19,70.52,97.52,0.909,98.13
A0439,2025-04-30,12.5,64.64,92.15,128.67,0.909,129.5
A0439,2025-05-01,12.5,45.25,60.63,81.05,0.909,81.51
A0439,2025-05-02,12.5,62.66,87.02,119.37,0.909,120.11
A0439,2025-05-03,12.5,69.19,94.5,128.1,0.909,128.87
A0439,2025-05-04,12.5,50.17,70.82,98.25,0.909,98.87
A0439,2025-05-05,12.5,46.33,62.83,84.74,0.909,85.24
A0439,2025-05-06,12.5,49.64,69.35,95.52,0.909,96.11
A0439,2025-05-07,12.5,52.67,74.01,102.36,0.909,103.0
A0439,2025-05-08,12.5,57.36,79.81,109.62,0.909,110.3
A0439,2025-05-09,12.5,62.73,87.46,120.3,0.909,121.05
A0439,2025-05-10,12.5,70.32,96.79,131.92,0.909,132.72
A0439,2025-05-11,12.5,40.22,56.69,78.55,0.909,79.05
A0439,2025-05-12,12.5,54.75,76.98,106.5,0.909,107.17
A0440,2025-04-29,163.9,14.74,22.79,32.06,0.909,32.27
A0440,2025-04-30,163.9,16.69,24.55,33.6,0.909,33.8
A0440,2025-05-01,163.9,12.84,19.55,27.29,0.909,27.46
A0440,2025-05-02,163.9,18.27,28.48,40.25,0.909,40.51
A0440,2025-05-03,163.9,18.99,29.85,42.36,0.909,42.64
A0440,2025-05-04,163.9,12.45,18.21,24.85,0.909,25.0
A0440,2025-05-05,163.9,13.62,20.52,28.46,0.909,28.64
A0440,2025-05-06,163.9,14.81,23.27,33.01,0.909,33.24
A0440,2025-05-07,163.9,14.4,21.61,29.91,0.909,30.1
A0440,2025-05-08,163.9,16.37,25.12,35.19,0.909,35.42
A0440,2025-05-09,163.9,18.32,28.39,39.98,0.909,40.25
A0440,2025-05-10,163.9,19.19,29.49,41.35,0.909,41.62
A0440,2025-05-11,163.9,11.11,16.62,22.98,0.909,23.12
A0440,2025-05-12,163.9,16.07,24.98,35.24,0.909,35.47
A0441,2025-04-29,296.5,3.88,15.89,43.53,0.909,44.16
A0441,2025-04-30,296.5,10.71,32.08,88.85,0.909,90.14
A0441,2025-05-01,296.5,6.59,22.44,59.42,0.909,60.26
A0441,2025-05-02,296.5,15.38,43.66,110.09,0.909,111.6
A0441,2025-05-03,296.5,17.72,49.14,124.84,0.909,126.56
A0441,2025-05-04,296.5,0.0,8.28,25.23,0.909,25.61
A0441,2025-05-05,296.5,1.91,12.68,34.27,0.909,34.76
A0441,2025-05-06,296.5,2.64,14.59,37.7,0.909,38.23
A0441,2025-05-07,296.5,3.13,15.56,39.81,0.909,40.36
A0441,2025-05-08,296.5,4.39,18.61,46.18,0.909,46.81
A0441,2025-05-09,296.5,5.4,21.19,51.68,0.909,52.38
A0441,2025-05-10,296.5,6.05,22.35,54.61,0.909,55.35
A0441,2025-05-11,296.5,2.65,14.68,37.55,0.909,38.07
A0441,2025-05-12,296.5,83.24,189.26,424.34,0.909,429.68
A0442,2025-04-29,6.6,99.96,134.21,182.27,0.556,140.88
A0442,2025-04-30,6.6,135.52,185.71,256.13,0.556,195.49
A0442,2025-05-01,6.6,89.53,125.69,176.43,0.556,132.74
A0442,2025-05-02,6.6,133.72,184.28,255.22,0.556,194.13
A0442,2025-05-03,6.6,142.62,195.83,270.5,0.556,206.2
A0442,2025-05-04,6.6,110.68,149.24,203.34,0.556,156.75
A0442,2025-05-05,6.6,96.87,129.17,174.5,0.556,135.46
A0442,2025-05-06,6.6,105.17,139.67,188.08,0.556,146.39
A0442,2025-05-07,6.6,110.56,146.57,197.1,0.556,153.59
A0442,2025-05-08,6.6,122.03,167.58,231.49,0.556,176.45
A0442,2025-05-09,6.6,136.55,186.08,255.58,0.556,195.73
A0442,2025-05-10,6.6,144.19,195.12,266.59,0.556,205.05
A0442,2025-05-11,6.6,87.67,116.65,157.32,0.556,122.3
A0442,2025-05-12,6.6,120.06,158.93,213.47,0.556,166.5
A0443,2025-04-29,3.2,42.71,64.89,97.84,0.556,69.47
A0443,2025-04-30,3.2,53.39,82.75,126.36,0.556,88.81
A0443,2025-05-01,3.2,41.31,59.6,86.76,0.556,63.37
A0443,2025-05-02,3.2,52.56,81.43,124.31,0.556,87.39
A0443,2025-05-03,3.2,56.44,87.68,134.09,0.556,94.13
A0443,2025-05-04,3.2,40.77,62.76,95.42,0.556,67.3
A0443,2025-05-05,3.2,41.09,61.13,90.9,0.556,65.27
A0443,2025-05-06,3.2,43.15,64.66,96.62,0.556,69.1
A0443,2025-05-07,3.2,44.04,68.43,104.66,0.556,73.46
A0443,2025-05-08,3.2,48.9,73.89,111.01,0.556,79.04
A0443,2025-05-09,3.2,53.31,82.57,126.03,0.556,88.61
A0443,2025-05-10,3.2,57.72,90.34,138.79,0.556,97.07
A0443,2025-05-11,3.2,34.28,52.89,80.52,0.556,56.72
A0443,2025-05-12,3.2,51.18,76.63,114.43,0.556,81.88
A0444,2025-04-29,152.4,13.25,22.2,35.89,0.909,36.2
A0444,2025-04-30,152.4,46.39,77.63,125.4,0.909,126.48
A0444,2025-05-01,152.4,32.93,52.88,83.37,0.909,84.07
A0444,2025-05-02,152.4,42.54,67.65,106.04,0.909,106.92
A0444,2025-05-03,152.4,43.96,67.9,104.51,0.909,105.34
A0444,2025-05-04,152.4,10.85,19.81,33.52,0.909,33.83
A0444,2025-05-05,152.4,10.3,18.78,31.74,0.909,32.03
A0444,2025-05-06,152.4,11.79,20.58,34.01,0.909,34.32
A0444,2025-05-07,152.4,13.29,22.42,36.37,0.909,36.69
A0444,2025-05-08,152.4,15.16,24.68,39.24,0.909,39.57
A0444,2025-05-09,152.4,16.71,27.14,43.09,0.909,43.45
A0444,2025-05-10,152.4,17.94,28.03,43.46,0.909,43.81
A0444,2025-05-11,152.4,11.21,17.92,28.18,0.909,28.41
A0444,2025-05-12,152.4,16.0,25.38,39.74,0.909,40.06
A0445,2025-04-29,401.0,12.08,18.04,25.95,0.909,26.13
A0445,2025-04-30,401.0,14.68,21.2,29.87,0.909,30.06
A0445,2025-05-01,401.0,10.72,15.45,21.75,0.909,21.9
A0445,2025-05-02,401.0,14.88,22.18,31.87,0.909,32.09
A0445,2025-05-03,401.0,14.32,21.5,31.04,0.909,31.26
A0445,2025-05-04,401.0,10.04,14.79,21.11,0.909,21.25
A0445,2025-05-05,401.0,11.63,16.67,23.37,0.909,23.52
A0445,2025-05-06,401.0,12.68,18.67,26.63,0.909,26.81
A0445,2025-05-07,401.0,13.43,20.7,30.37,0.909,30.59
A0445,2025-05-08,401.0,14.61,22.21,32.3,0.909,32.53
A0445,2025-05-09,401.0,15.63,23.46,33.88,0.909,34.12
A0445,2025-05-10,401.0,15.79,24.1,35.15,0.909,35.4
A0445,2025-05-11,401.0,10.28,15.65,22.8,0.909,22.96
A0445,2025-05-12,401.0,20.17,30.06,43.2,0.909,43.5
A0446,2025-04-29,430.7,15.82,24.74,37.09,0.909,37.38
A0446,2025-04-30,430.7,22.98,34.22,49.78,0.909,50.14
A0446,2025-05-01,430.7,15.25,25.41,39.47,0.909,39.79
A0446,2025-05-02,430.7,19.71,30.3,44.98,0.909,45.32
A0446,2025-05-03,430.7,20.28,29.71,42.77,0.909,43.07
A0446,2025-05-04,430.7,15.51,23.86,35.44,0.909,35.7
A0446,2025-05-05,430.7,17.11,26.96,40.61,0.909,40.92
A0446,2025-05-06,430.7,17.01,26.95,40.73,0.909,41.04
A0446,2025-05-07,430.7,17.53,26.67,39.34,0.909,39.62
A0446,2025-05-08,430.7,19.83,30.89,46.21,0.909,46.55
A0446,2025-05-09,430.7,20.88,32.21,47.9,0.909,48.26
A0446,2025-05-10,430.7,22.04,32.5,46.99,0.909,47.31
A0446,2025-05-11,430.7,13.98,21.87,32.81,0.909,33.06
A0446,2025-05-12,430.7,22.01,35.16,53.38,0.909,53.8
A0447,2025-04-29,319.2,17.3,22.49,32.3,0.909,32.52
A0447,2025-04-30,319.2,24.61,30.11,40.49,0.909,40.73
A0447,2025-05-01,319.2,12.53,18.0,28.32,0.909,28.56
A0447,2025-05-02,319.2,20.36,26.91,39.3,0.909,39.58
A0447,2025-05-03,319.2,8.66,12.58,19.97,0.909,20.14
A0447,2025-05-04,319.2,5.72,9.8,17.51,0.909,17.68
A0447,2025-05-05,319.2,7.88,12.84,22.21,0.909,22.42
A0447,2025-05-06,319.2,8.87,12.75,20.06,0.909,20.23
A0447,2025-05-07,319.2,8.59,14.02,24.29,0.909,24.52
A0447,2025-05-08,319.2,9.82,15.32,25.72,0.909,25.96
A0447,2025-05-09,319.2,11.06,17.16,28.69,0.909,28.95
A0447,2025-05-10,319.2,11.22,16.6,26.75,0.909,26.98
A0447,2025-05-11,319.2,6.83,11.76,21.07,0.909,21.28
A0447,2025-05-12,319.2,11.62,17.94,29.9,0.909,30.17
A0448,2025-04-29,6.2,225.24,292.32,395.85,0.556,306.7
A0448,2025-04-30,6.2,139.31,184.65,254.62,0.556,194.37
A0448,2025-05-01,6.2,105.44,141.88,198.12,0.556,149.69
A0448,2025-05-02,6.2,145.71,193.05,266.11,0.556,203.2
A0448,2025-05-03,6.2,155.51,210.36,295.01,0.556,222.12
A0448,2025-05-04,6.2,120.25,162.81,228.5,0.556,171.94
A0448,2025-05-05,6.2,115.62,151.61,207.16,0.556,159.33
A0448,2025-05-06,6.2,123.22,163.26,225.06,0.556,171.84
A0448,2025-05-07,6.2,124.06,162.08,220.78,0.556,170.24
A0448,2025-05-08,6.2,141.39,189.63,264.08,0.556,199.97
A0448,2025-05-09,6.2,151.27,199.2,273.18,0.556,209.48
A0448,2025-05-10,6.2,163.12,218.84,304.83,0.556,230.78
A0448,2025-05-11,6.2,104.0,141.17,198.52,0.556,149.13
A0448,2025-05-12,6.2,143.28,190.54,263.48,0.556,200.67
A0449,2025-04-29,5.8,74.42,100.65,140.69,0.556,106.21
A0449,2025-04-30,5.8,92.27,120.11,162.62,0.556,126.02
A0449,2025-05-01,5.8,72.57,98.11,137.11,0.556,103.53
A0449,2025-05-02,5.8,96.25,129.07,179.2,0.556,136.03
A0449,2025-05-03,5.8,104.62,139.18,191.95,0.556,146.5
A0449,2025-05-04,5.8,78.12,102.57,139.91,0.556,107.76
A0449,2025-05-05,5.8,71.5,93.35,126.7,0.556,97.98
A0449,2025-05-06,5.8,78.95,105.95,147.17,0.556,111.67
A0449,2025-05-07,5.8,79.79,105.78,145.46,0.556,111.29
A0449,2025-05-08,5.8,90.17,122.59,172.09,0.556,129.46
A0449,2025-05-09,5.8,96.6,129.74,180.35,0.556,136.77
A0449,2025-05-10,5.8,104.63,139.29,192.22,0.556,146.64
A0449,2025-05-11,5.8,65.28,88.71,124.48,0.556,93.68
A0449,2025-05-12,5.8,85.49,114.32,158.35,0.556,120.44
A0450,2025-04-29,381.8,17.9,27.02,41.58,0.909,41.91
A0450,2025-04-30,381.8,21.2,32.88,51.51,0.909,51.93
A0450,2025-05-01,381.8,14.93,22.95,35.74,0.909,36.03
A0450,2025-05-02,381.8,20.18,31.72,50.12,0.909,50.54
A0450,2025-05-03,381.8,21.15,33.55,53.33,0.909,53.78
A0450,2025-05-04,381.8,15.31,24.14,38.23,0.909,38.55
A0450,2025-05-05,381.8,13.47,19.09,28.07,0.909,28.27
A0450,2025-05-06,381.8,17.4,26.02,39.76,0.909,40.08
A0450,2025-05-07,381.8,17.22,25.45,38.58,0.909,38.88
A0450,2025-05-08,381.8,17.62,26.41,40.43,0.909,40.75
A0450,2025-05-09,381.8,19.19,29.36,45.58,0.909,45.95
A0450,2025-05-10,381.8,20.1,30.13,46.13,0.909,46.49
A0450,2025-05-11,381.8,12.62,18.66,28.29,0.909,28.51
A0450,2025-05-12,381.8,15.25,20.4,28.62,0.909,28.8
A0451,2025-04-29,10.2,440.16,682.94,983.93,0.909,990.77
A0451,2025-04-30,10.2,524.02,824.87,1197.84,0.909,1206.32
A0451,2025-05-01,10.2,396.19,579.58,806.94,0.909,812.11
A0451,2025-05-02,10.2,554.16,827.51,1166.4,0.909,1174.1
A0451,2025-05-03,10.2,590.05,901.81,1288.32,0.909,1297.11
A0451,2025-05-04,10.2,506.52,750.25,1052.42,0.909,1059.28
A0451,2025-05-05,10.2,40.63,64.28,93.6,0.909,94.26
A0451,2025-05-06,10.2,47.05,75.79,111.43,0.909,112.24
A0451,2025-05-07,10.2,58.18,90.32,130.18,0.909,131.09
A0451,2025-05-08,10.2,64.13,96.56,136.77,0.909,137.69
A0451,2025-05-09,10.2,77.21,110.96,152.81,0.909,153.76
A0451,2025-05-10,10.2,92.17,131.63,180.55,0.909,181.66
A0451,2025-05-11,10.2,52.89,78.94,111.23,0.909,111.97
A0451,2025-05-12,10.2,73.61,105.45,144.91,0.909,145.81
A0452,2025-04-29,5.8,8.29,15.21,24.35,0.556,16.48
A0452,2025-04-30,5.8,11.54,20.12,31.47,0.556,21.69
A0452,2025-05-01,5.8,7.3,12.35,19.03,0.556,13.28
A0452,2025-05-02,5.8,10.48,17.72,27.3,0.556,19.05
A0452,2025-05-03,5.8,11.42,19.23,29.58,0.556,20.67
A0452,2025-05-04,5.8,9.34,15.9,24.57,0.556,17.1
A0452,2025-05-05,5.8,7.53,12.97,20.17,0.556,13.97
A0452,2025-05-06,5.8,8.02,14.48,23.02,0.556,15.66
A0452,2025-05-07,5.8,8.68,15.29,24.03,0.556,16.5
A0452,2025-05-08,5.8,9.12,15.76,24.53,0.556,16.97
A0452,2025-05-09,5.8,10.35,17.61,27.21,0.556,18.94
A0452,2025-05-10,5.8,11.17,19.28,30.01,0.556,20.77
A0452,2025-05-11,5.8,6.85,12.0,18.8,0.556,12.94
A0452,2025-05-12,5.8,8.96,15.25,23.56,0.556,16.4
A0453,2025-04-29,334.9,1.73,10.83,26.87,0.909,27.23
A0453,2025-04-30,334.9,2.77,13.14,31.33,0.909,31.74
A0453,2025-05-01,334.9,1.55,9.54,24.19,0.909,24.53
A0453,2025-05-02,334.9,2.68,12.79,30.89,0.909,31.3
A0453,2025-05-03,334.9,2.72,13.19,31.87,0.909,32.3
A0453,2025-05-04,334.9,1.59,10.2,25.7,0.909,26.05
A0453,2025-05-05,334.9,3.41,14.55,34.26,0.909,34.7
A0453,2025-05-06,334.9,4.16,16.22,37.35,0.909,37.83
A0453,2025-05-07,334.9,4.14,16.41,37.58,0.909,38.06
A0453,2025-05-08,334.9,4.6,17.35,39.14,0.909,39.63
A0453,2025-05-09,334.9,5.27,18.82,42.45,0.909,42.99
A0453,2025-05-10,334.9,5.4,19.22,43.52,0.909,44.08
A0453,2025-05-11,334.9,0.27,7.13,19.48,0.909,19.76
A0453,2025-05-12,334.9,1.41,10.21,25.62,0.909,25.97
A0454,2025-04-29,6.3,68.06,94.4,130.96,0.556,99.48
A0454,2025-04-30,6.3,87.44,117.69,159.68,0.556,123.52
A0454,2025-05-01,6.3,62.5,84.54,115.12,0.556,88.78
A0454,2025-05-02,6.3,83.76,114.47,157.1,0.556,120.39
A0454,2025-05-03,6.3,91.9,123.11,166.42,0.556,129.13
A0454,2025-05-04,6.3,72.06,97.34,132.44,0.556,102.22
A0454,2025-05-05,6.3,65.0,87.91,119.71,0.556,92.33
A0454,2025-05-06,6.3,69.03,94.72,130.38,0.556,99.67
A0454,2025-05-07,6.3,70.98,97.45,134.19,0.556,102.56
A0454,2025-05-08,6.3,82.29,113.15,155.97,0.556,119.1
A0454,2025-05-09,6.3,85.59,117.47,161.7,0.556,123.61
A0454,2025-05-10,6.3,96.22,130.28,177.54,0.556,136.84
A0454,2025-05-11,6.3,58.83,81.35,112.62,0.556,85.7
A0454,2025-05-12,6.3,80.41,111.17,153.86,0.556,117.1
A0455,2025-04-29,326.2,11.23,17.57,26.12,0.909,26.32
A0455,2025-04-30,326.2,13.92,22.87,34.94,0.909,35.21
A0455,2025-05-01,326.2,10.41,15.64,22.71,0.909,22.87
A0455,2025-05-02,326.2,14.24,21.94,32.33,0.909,32.57
A0455,2025-05-03,326.2,13.75,21.29,31.47,0.909,31.7
A0455,2025-05-04,326.2,10.92,17.67,26.78,0.909,26.99
A0455,2025-05-05,326.2,10.21,15.11,21.72,0.909,21.87
A0455,2025-05-06,326.2,11.36,17.69,26.24,0.909,26.43
A0455,2025-05-07,326.2,11.78,18.39,27.31,0.909,27.51
A0455,2025-05-08,326.2,12.2,18.57,27.18,0.909,27.37
A0455,2025-05-09,326.2,13.73,21.01,30.85,0.909,31.08
A0455,2025-05-10,326.2,13.19,19.93,29.04,0.909,29.25
A0455,2025-05-11,326.2,8.9,14.05,21.01,0.909,21.17
A0455,2025-05-12,326.2,10.83,16.29,23.66,0.909,23.83
A0456,2025-04-29,318.3,16.14,23.66,35.05,0.909,35.31
A0456,2025-04-30,318.3,23.53,30.62,41.37,0.909,41.61
A0456,2025-05-01,318.3,13.4,23.07,37.73,0.909,38.07
A0456,2025-05-02,318.3,21.65,29.93,42.47,0.909,42.75
A0456,2025-05-03,318.3,20.26,28.48,40.94,0.909,41.22
A0456,2025-05-04,318.3,14.93,22.56,34.13,0.909,34.39
A0456,2025-05-05,318.3,16.71,29.08,47.84,0.909,48.26
A0456,2025-05-06,318.3,18.14,25.96,37.8,0.909,38.07
A0456,2025-05-07,318.3,17.9,26.68,40.0,0.909,40.31
A0456,2025-05-08,318.3,19.95,29.64,44.32,0.909,44.65
A0456,2025-05-09,318.3,22.56,31.9,46.05,0.909,46.37
A0456,2025-05-10,318.3,22.03,32.09,47.33,0.909,47.68
A0456,2025-05-11,318.3,13.54,23.41,38.36,0.909,38.7
A0456,2025-05-12,318.3,22.01,36.6,58.7,0.909,59.2
A0457,2025-04-29,5.9,20.14,32.07,51.28,0.556,34.74
A0457,2025-04-30,5.9,23.46,39.52,65.36,0.556,43.11
A0457,2025-05-01,5.9,18.46,28.47,44.58,0.556,30.71
A0457,2025-05-02,5.9,22.85,36.45,58.36,0.556,39.5
A0457,2025-05-03,5.9,24.5,39.69,64.14,0.556,43.08
A0457,2025-05-04,5.9,20.23,31.45,49.51,0.556,33.96
A0457,2025-05-05,5.9,17.87,28.67,46.06,0.556,31.09
A0457,2025-05-06,5.9,19.36,31.07,49.93,0.556,33.69
A0457,2025-05-07,5.9,19.98,32.34,52.25,0.556,35.11
A0457,2025-05-08,5.9,21.44,34.31,55.02,0.556,37.19
A0457,2025-05-09,5.9,22.32,35.93,57.85,0.556,38.98
A0457,2025-05-10,5.9,23.79,39.14,63.85,0.556,42.57
A0457,2025-05-11,5.9,16.29,25.26,39.69,0.556,27.26
A0457,2025-05-12,5.9,20.04,33.05,53.99,0.556,35.96
A0458,2025-04-29,2.7,229.15,321.97,437.9,0.556,338.07
A0458,2025-04-30,2.7,322.89,433.53,571.72,0.556,452.72
A0458,2025-05-01,2.7,204.41,279.99,374.39,0.556,293.1
A0458,2025-05-02,2.7,301.59,410.21,545.89,0.556,429.06
A0458,2025-05-03,2.7,316.16,424.38,559.55,0.556,443.15
A0458,2025-05-04,2.7,210.16,293.0,396.47,0.556,307.37
A0458,2025-05-05,2.7,236.68,313.3,409.0,0.556,326.59
A0458,2025-05-06,2.7,253.85,346.08,461.28,0.556,362.08
A0458,2025-05-07,2.7,270.02,359.29,470.8,0.556,374.78
A0458,2025-05-08,2.7,273.91,367.28,483.9,0.556,383.48
A0458,2025-05-09,2.7,303.27,411.5,546.69,0.556,430.28
A0458,2025-05-10,2.7,320.66,428.41,562.99,0.556,447.1
A0458,2025-05-11,2.7,176.35,245.01,330.77,0.556,256.92
A0458,2025-05-12,2.7,259.05,349.83,463.22,0.556,365.58
A0459,2025-04-29,212.7,7.32,13.05,20.29,0.909,20.46
A0459,2025-04-30,212.7,9.49,16.94,26.35,0.909,26.56
A0459,2025-05-01,212.7,6.47,10.98,16.67,0.909,16.8
A0459,2025-05-02,212.7,8.8,15.08,23.01,0.909,23.19
A0459,2025-05-03,212.7,9.08,15.58,23.78,0.909,23.97
A0459,2025-05-04,212.7,7.02,12.38,19.16,0.909,19.31
A0459,2025-05-05,212.7,6.44,11.28,17.39,0.909,17.53
A0459,2025-05-06,212.7,7.04,12.65,19.74,0.909,19.9
A0459,2025-05-07,212.7,7.5,13.63,21.38,0.909,21.55
A0459,2025-05-08,212.7,8.32,14.22,21.67,0.909,21.84
A0459,2025-05-09,212.7,9.03,15.39,23.43,0.909,23.62
A0459,2025-05-10,212.7,9.46,16.21,24.74,0.909,24.94
A0459,2025-05-11,212.7,5.83,10.34,16.03,0.909,16.16
A0459,2025-05-12,212.7,8.34,14.36,21.96,0.909,22.13
A0460,2025-04-29,417.7,15.44,25.94,41.43,0.909,41.78
A0460,2025-04-30,417.7,17.35,27.6,42.72,0.909,43.06
A0460,2025-05-01,417.7,12.88,22.06,35.61,0.909,35.91
A0460,2025-05-02,417.7,17.01,29.01,46.73,0.909,47.13
A0460,2025-05-03,417.7,19.24,32.89,53.04,0.909,53.5
A0460,2025-05-04,417.7,13.18,22.01,35.04,0.909,35.34
A0460,2025-05-05,417.7,12.64,20.71,32.62,0.909,32.89
A0460,2025-05-06,417.7,15.5,25.45,40.13,0.909,40.46
A0460,2025-05-07,417.7,15.37,25.07,39.38,0.909,39.71
A0460,2025-05-08,417.7,15.86,26.25,41.58,0.909,41.93
A0460,2025-05-09,417.7,17.28,28.52,45.11,0.909,45.49
A0460,2025-05-10,417.7,19.28,31.7,50.03,0.909,50.44
A0460,2025-05-11,417.7,17.43,29.74,47.91,0.909,48.32
A0460,2025-05-12,417.7,20.64,33.02,51.29,0.909,51.71
A0461,2025-04-29,3.1,182.32,243.5,346.47,0.556,257.8
A0461,2025-04-30,3.1,239.27,314.52,441.17,0.556,332.11
A0461,2025-05-01,3.1,168.89,222.07,311.57,0.556,234.5
A0461,2025-05-02,3.1,225.27,301.54,429.91,0.556,319.37
A0461,2025-05-03,3.1,240.14,319.68,453.54,0.556,338.27
A0461,2025-05-04,3.1,186.11,242.2,336.61,0.556,255.31
A0461,2025-05-05,3.1,168.09,219.76,306.71,0.556,231.83
A0461,2025-05-06,3.1,187.26,250.03,355.68,0.556,264.7
A0461,2025-05-07,3.1,194.12,251.26,347.42,0.556,264.61
A0461,2025-05-08,3.1,204.04,268.07,375.84,0.556,283.04
A0461,2025-05-09,3.1,228.89,302.22,425.65,0.556,319.37
A0461,2025-05-10,3.1,243.17,316.71,440.5,0.556,333.91
A0461,2025-05-11,3.1,151.68,195.4,268.98,0.556,205.62
A0461,2025-05-12,3.1,209.62,271.76,376.34,0.556,286.28
A0462,2025-04-29,3.1,74.94,93.71,125.59,0.556,98.14
A0462,2025-04-30,3.1,93.97,117.18,156.58,0.556,122.65
A0462,2025-05-01,3.1,65.06,83.59,115.03,0.556,87.95
A0462,2025-05-02,3.1,88.36,115.63,161.91,0.556,122.06
A0462,2025-05-03,3.1,67.15,86.95,120.57,0.556,91.62
A0462,2025-05-04,3.1,48.35,60.52,81.18,0.556,63.39
A0462,2025-05-05,3.1,44.66,57.24,78.59,0.556,60.21
A0462,2025-05-06,3.1,51.75,66.95,92.76,0.556,70.54
A0462,2025-05-07,3.1,52.79,67.04,91.24,0.556,70.4
A0462,2025-05-08,3.1,59.02,76.32,105.69,0.556,80.4
A0462,2025-05-09,3.1,68.4,88.94,123.8,0.556,93.78
A0462,2025-05-10,3.1,72.51,90.22,120.3,0.556,94.4
A0462,2025-05-11,3.1,42.13,52.07,68.95,0.556,54.41
A0462,2025-05-12,3.1,58.11,72.13,95.93,0.556,75.44
A0463,2025-04-29,146.2,3.57,15.3,35.94,0.909,36.41
A0463,2025-04-30,146.2,5.92,20.42,45.54,0.909,46.11
A0463,2025-05-01,146.2,3.99,16.04,36.86,0.909,37.34
A0463,2025-05-02,146.2,6.56,21.62,48.09,0.909,48.69
A0463,2025-05-03,146.2,6.9,22.75,50.55,0.909,51.18
A0463,2025-05-04,146.2,3.82,16.24,37.59,0.909,38.07
A0463,2025-05-05,146.2,5.01,18.31,41.37,0.909,41.89
A0463,2025-05-06,146.2,4.98,18.53,41.92,0.909,42.45
A0463,2025-05-07,146.2,5.44,19.64,43.85,0.909,44.4
A0463,2025-05-08,146.2,6.62,22.12,48.33,0.909,48.92
A0463,2025-05-09,146.2,7.34,23.72,51.87,0.909,52.51
A0463,2025-05-10,146.2,7.84,24.91,54.53,0.909,55.2
A0463,2025-05-11,146.2,3.4,15.26,35.56,0.909,36.02
A0463,2025-05-12,146.2,7.5,23.48,51.11,0.909,51.73
A0464,2025-04-29,404.5,7.75,13.4,22.7,0.909,22.91
A0464,2025-04-30,404.5,9.33,15.58,25.88,0.909,26.12
A0464,2025-05-01,404.5,6.54,11.89,20.7,0.909,20.9
A0464,2025-05-02,404.5,8.94,14.93,24.79,0.909,25.02
A0464,2025-05-03,404.5,9.49,17.67,31.14,0.909,31.45
A0464,2025-05-04,404.5,7.94,12.9,21.06,0.909,21.24
A0464,2025-05-05,404.5,5.68,10.03,17.19,0.909,17.35
A0464,2025-05-06,404.5,7.42,12.89,21.88,0.909,22.09
A0464,2025-05-07,404.5,7.24,12.12,20.15,0.909,20.33
A0464,2025-05-08,404.5,7.06,12.51,21.5,0.909,21.7
A0464,2025-05-09,404.5,8.26,13.55,22.26,0.909,22.46
A0464,2025-05-10,404.5,8.48,14.97,25.65,0.909,25.89
A0464,2025-05-11,404.5,5.71,9.49,15.71,0.909,15.85
A0464,2025-05-12,404.5,5.96,9.75,15.98,0.909,16.12
A0465,2025-04-29,5.4,13.22,21.1,31.87,0.556,22.6
A0465,2025-04-30,5.4,16.67,26.71,40.43,0.556,28.62
A0465,2025-05-01,5.4,11.8,19.11,29.12,0.556,20.5
A0465,2025-05-02,5.4,15.27,24.92,38.1,0.556,26.75
A0465,2025-05-03,5.4,16.75,28.55,44.66,0.556,30.78
A0465,2025-05-04,5.4,12.67,20.97,32.31,0.556,22.55
A0465,2025-05-05,5.4,11.73,19.56,30.26,0.556,21.05
A0465,2025-05-06,5.4,12.83,20.7,31.47,0.556,22.2
A0465,2025-05-07,5.4,13.25,20.98,31.55,0.556,22.45
A0465,2025-05-08,5.4,14.38,22.87,34.47,0.556,24.48
A0465,2025-05-09,5.4,15.34,24.83,37.79,0.556,26.63
A0465,2025-05-10,5.4,16.84,28.26,43.86,0.556,30.43
A0465,2025-05-11,5.4,10.12,16.73,25.76,0.556,17.98
A0465,2025-05-12,5.4,13.65,22.39,34.33,0.556,24.05
A0466,2025-04-29,5.2,19.42,31.11,46.56,0.556,33.26
A0466,2025-04-30,5.2,48.92,79.27,119.38,0.556,84.84
A0466,2025-05-01,5.2,37.65,61.95,94.07,0.556,66.41
A0466,2025-05-02,5.2,45.43,81.08,128.2,0.556,87.63
A0466,2025-05-03,5.2,46.92,83.89,132.75,0.556,90.68
A0466,2025-05-04,5.2,37.6,67.37,106.71,0.556,72.83
A0466,2025-05-05,5.2,31.83,56.6,89.36,0.556,61.15
A0466,2025-05-06,5.2,13.58,25.28,40.75,0.556,27.43
A0466,2025-05-07,5.2,14.43,26.29,41.98,0.556,28.47
A0466,2025-05-08,5.2,17.67,30.16,46.68,0.556,32.46
A0466,2025-05-09,5.2,19.71,34.02,52.93,0.556,36.65
A0466,2025-05-10,5.2,22.56,37.12,56.37,0.556,39.79
A0466,2025-05-11,5.2,14.07,23.84,36.75,0.556,25.63
A0466,2025-05-12,5.2,19.03,31.13,47.11,0.556,33.35
A0467,2025-04-29,410.8,12.48,19.41,29.07,0.909,29.29
A0467,2025-04-30,410.8,15.33,24.78,37.95,0.909,38.25
A0467,2025-05-01,410.8,12.77,19.57,29.07,0.909,29.28
A0467,2025-05-02,410.8,15.69,24.18,36.01,0.909,36.28
A0467,2025-05-03,410.8,15.57,24.39,36.68,0.909,36.96
A0467,2025-05-04,410.8,11.5,18.74,28.85,0.909,29.08
A0467,2025-05-05,410.8,13.02,19.64,28.87,0.909,29.08
A0467,2025-05-06,410.8,13.26,20.03,29.46,0.909,29.68
A0467,2025-05-07,410.8,13.64,21.18,31.68,0.909,31.92
A0467,2025-05-08,410.8,14.67,22.26,32.84,0.909,33.08
A0467,2025-05-09,410.8,15.51,23.99,35.81,0.909,36.08
A0467,2025-05-10,410.8,15.73,24.63,37.03,0.909,37.32
A0467,2025-05-11,410.8,10.11,15.77,23.66,0.909,23.84
A0467,2025-05-12,410.8,15.41,22.59,32.59,0.909,32.82
A0468,2025-04-29,177.9,9.81,16.56,25.38,0.909,25.58
A0468,2025-04-30,177.9,11.66,19.54,29.82,0.909,30.05
A0468,2025-05-01,177.9,9.3,15.91,24.53,0.909,24.73
A0468,2025-05-02,177.9,11.11,18.22,27.49,0.909,27.7
A0468,2025-05-03,177.9,11.97,20.31,31.19,0.909,31.43
A0468,2025-05-04,177.9,8.51,14.23,21.69,0.909,21.86
A0468,2025-05-05,177.9,9.03,15.18,23.19,0.909,23.37
A0468,2025-05-06,177.9,9.71,16.31,24.92,0.909,25.12
A0468,2025-05-07,177.9,9.67,16.25,24.85,0.909,25.04
A0468,2025-05-08,177.9,11.18,18.76,28.65,0.909,28.87
A0468,2025-05-09,177.9,11.49,18.71,28.12,0.909,28.34
A0468,2025-05-10,177.9,12.41,21.1,32.45,0.909,32.7
A0468,2025-05-11,177.9,7.6,12.47,18.83,0.909,18.98
A0468,2025-05-12,177.9,11.22,18.05,26.96,0.909,27.16
A0469,2025-04-29,347.8,6.71,11.79,17.85,0.909,17.99
A0469,2025-04-30,347.8,7.84,15.01,23.57,0.909,23.77
A0469,2025-05-01,347.8,5.14,9.4,14.49,0.909,14.6
A0469,2025-05-02,347.8,7.25,13.42,20.79,0.909,20.96
A0469,2025-05-03,347.8,8.1,14.85,22.92,0.909,23.1
A0469,2025-05-04,347.8,5.95,11.39,17.88,0.909,18.03
A0469,2025-05-05,347.8,4.83,9.07,14.12,0.909,14.24
A0469,2025-05-06,347.8,6.88,11.67,17.38,0.909,17.51
A0469,2025-05-07,347.8,7.46,12.95,19.51,0.909,19.66
A0469,2025-05-08,347.8,7.48,12.77,19.09,0.909,19.24
A0469,2025-05-09,347.8,7.88,13.7,20.65,0.909,20.81
A0469,2025-05-10,347.8,8.61,14.83,22.25,0.909,22.42
A0469,2025-05-11,347.8,5.42,9.5,14.37,0.909,14.48
A0469,2025-05-12,347.8,5.82,10.35,15.74,0.909,15.87
A0470,2025-04-29,400.2,71.27,96.9,135.29,0.909,136.16
A0470,2025-04-30,400.2,95.92,128.93,178.38,0.909,179.51
A0470,2025-05-01,400.2,66.46,92.47,131.43,0.909,132.31
A0470,2025-05-02,400.2,91.46,123.83,172.31,0.909,173.41
A0470,2025-05-03,400.2,89.45,118.5,162.01,0.909,163.0
A0470,2025-05-04,400.2,66.72,88.87,122.05,0.909,122.8
A0470,2025-05-05,400.2,75.67,104.32,147.23,0.909,148.21
A0470,2025-05-06,400.2,76.87,105.25,147.77,0.909,148.74
A0470,2025-05-07,400.2,77.86,106.09,148.37,0.909,149.33
A0470,2025-05-08,400.2,85.89,117.12,163.9,0.909,164.96
A0470,2025-05-09,400.2,126.04,173.41,244.37,0.909,245.99
A0470,2025-05-10,400.2,126.41,170.0,235.3,0.909,236.79
A0470,2025-05-11,400.2,80.21,109.82,154.17,0.909,155.18
A0470,2025-05-12,400.2,131.19,186.12,268.4,0.909,270.27
A0471,2025-04-29,179.6,2.94,7.07,11.82,0.909,11.93
A0471,2025-04-30,179.6,1.83,8.39,15.96,0.909,16.13
A0471,2025-05-01,179.6,2.08,7.06,12.79,0.909,12.92
A0471,2025-05-02,179.6,2.68,8.66,15.55,0.909,15.71
A0471,2025-05-03,179.6,2.33,8.67,15.98,0.909,16.14
A0471,2025-05-04,179.6,1.74,7.15,13.38,0.909,13.52
A0471,2025-05-05,179.6,2.5,6.54,11.18,0.909,11.29
A0471,2025-05-06,179.6,3.04,7.16,11.91,0.909,12.01
A0471,2025-05-07,179.6,2.41,7.66,13.71,0.909,13.85
A0471,2025-05-08,179.6,1.71,8.68,16.71,0.909,16.9
A0471,2025-05-09,179.6,2.64,8.75,15.79,0.909,15.95
A0471,2025-05-10,179.6,2.14,8.8,16.46,0.909,16.64
A0471,2025-05-11,179.6,1.66,6.25,11.54,0.909,11.66
A0471,2025-05-12,179.6,2.42,7.79,13.99,0.909,14.13
A0472,2025-04-29,187.7,5.3,18.94,42.12,0.909,42.65
A0472,2025-04-30,187.7,7.91,24.38,52.24,0.909,52.88
A0472,2025-05-01,187.7,5.32,18.87,41.66,0.909,42.18
A0472,2025-05-02,187.7,7.92,24.44,52.82,0.909,53.47
A0472,2025-05-03,187.7,8.19,25.28,54.79,0.909,55.46
A0472,2025-05-04,187.7,4.81,18.31,41.14,0.909,41.66
A0472,2025-05-05,187.7,6.06,20.48,45.04,0.909,45.6
A0472,2025-05-06,187.7,5.86,20.26,44.75,0.909,45.31
A0472,2025-05-07,187.7,6.27,21.22,46.38,0.909,46.95
A0472,2025-05-08,187.7,7.35,23.48,50.47,0.909,51.09
A0472,2025-05-09,187.7,8.07,25.04,53.83,0.909,54.49
A0472,2025-05-10,187.7,8.65,26.35,56.7,0.909,57.39
A0472,2025-05-11,187.7,4.03,16.56,37.66,0.909,38.14
A0472,2025-05-12,187.7,7.88,24.2,51.94,0.909,52.57
A0473,2025-04-29,314.3,40.72,54.59,76.01,0.909,76.5
A0473,2025-04-30,314.3,54.52,68.86,91.02,0.909,91.52
A0473,2025-05-01,314.3,38.16,50.66,69.98,0.909,70.41
A0473,2025-05-02,314.3,53.15,70.42,97.09,0.909,97.7
A0473,2025-05-03,314.3,52.68,68.38,92.63,0.909,93.18
A0473,2025-05-04,314.3,40.04,50.84,67.53,0.909,67.91
A0473,2025-05-05,314.3,43.24,57.16,78.66,0.909,79.15
A0473,2025-05-06,314.3,42.63,57.49,80.46,0.909,80.98
A0473,2025-05-07,314.3,44.41,59.75,83.45,0.909,83.99
A0473,2025-05-08,314.3,49.08,64.45,88.19,0.909,88.73
A0473,2025-05-09,314.3,54.18,72.47,100.74,0.909,101.38
A0473,2025-05-10,314.3,56.47,73.78,100.51,0.909,101.12
A0473,2025-05-11,314.3,35.15,47.3,66.09,0.909,66.51
A0473,2025-05-12,314.3,56.41,75.42,104.8,0.909,105.47
A0474,2025-04-29,321.3,0.52,7.61,20.86,0.909,21.16
A0474,2025-04-30,321.3,1.44,9.84,25.48,0.909,25.84
A0474,2025-05-01,321.3,0.65,6.33,18.28,0.909,18.55
A0474,2025-05-02,321.3,1.17,8.92,23.73,0.909,24.07
A0474,2025-05-03,321.3,1.3,9.65,25.39,0.909,25.75
A0474,2025-05-04,321.3,0.85,7.7,21.29,0.909,21.6
A0474,2025-05-05,321.3,0.09,6.25,18.34,0.909,18.61
A0474,2025-05-06,321.3,0.57,7.85,21.43,0.909,21.74
A0474,2025-05-07,321.3,0.63,8.22,22.16,0.909,22.47
A0474,2025-05-08,321.3,0.71,8.61,22.81,0.909,23.13
A0474,2025-05-09,321.3,1.12,9.53,24.86,0.909,25.21
A0474,2025-05-10,321.3,1.42,10.31,26.59,0.909,26.96
A0474,2025-05-11,321.3,0.14,6.64,18.91,0.909,19.19
A0474,2025-05-12,321.3,0.54,8.17,22.06,0.909,22.37
A0475,2025-04-29,10.5,333.56,480.27,698.1,0.909,703.06
A0475,2025-04-30,10.5,441.19,612.71,867.39,0.909,873.18
A0475,2025-05-01,10.5,292.63,422.97,616.5,0.909,620.9
A0475,2025-05-02,10.5,400.08,585.66,861.23,0.909,867.5
A0475,2025-05-03,10.5,449.43,643.61,931.93,0.909,938.49
A0475,2025-05-04,10.5,327.7,476.99,698.66,0.909,703.69
A0475,2025-05-05,10.5,292.63,416.42,600.24,0.909,604.42
A0475,2025-05-06,10.5,341.79,491.0,712.55,0.909,717.59
A0475,2025-05-07,10.5,343.47,481.28,685.91,0.909,690.56
A0475,2025-05-08,10.5,374.38,534.65,772.62,0.909,778.03
A0475,2025-05-09,10.5,419.78,602.34,873.42,0.909,879.59
A0475,2025-05-10,10.5,466.45,654.16,932.87,0.909,939.2
A0475,2025-05-11,10.5,392.05,550.4,785.54,0.909,790.88
A0475,2025-05-12,10.5,537.98,743.39,1048.39,0.909,1055.32
A0476,2025-04-29,3.4,49.26,110.62,218.15,0.556,125.56
A0476,2025-04-30,3.4,66.22,144.2,280.59,0.556,163.14
A0476,2025-05-01,3.4,49.91,109.61,212.87,0.556,123.95
A0476,2025-05-02,3.4,69.12,147.83,287.43,0.556,167.22
A0476,2025-05-03,3.4,73.05,156.85,307.2,0.556,177.73
A0476,2025-05-04,3.4,54.84,122.83,240.45,0.556,139.16
A0476,2025-05-05,3.4,49.26,109.26,214.64,0.556,123.9
A0476,2025-05-06,3.4,53.27,117.6,230.21,0.556,133.24
A0476,2025-05-07,3.4,55.41,122.33,239.08,0.556,138.54
A0476,2025-05-08,3.4,62.87,135.98,263.25,0.556,153.65
A0476,2025-05-09,3.4,68.76,147.8,287.9,0.556,167.26
A0476,2025-05-10,3.4,73.95,158.9,311.48,0.556,180.09
A0476,2025-05-11,3.4,40.86,93.75,185.2,0.556,106.46
A0476,2025-05-12,3.4,62.09,134.11,261.18,0.556,151.76
A0477,2025-04-29,3.6,59.07,77.95,96.08,0.556,80.47
A0477,2025-04-30,3.6,76.77,92.89,108.36,0.556,95.03
A0477,2025-05-01,3.6,55.07,70.14,84.61,0.556,72.15
A0477,2025-05-02,3.6,72.63,97.53,121.44,0.556,100.85
A0477,2025-05-03,3.6,79.41,96.51,112.93,0.556,98.79
A0477,2025-05-04,3.6,59.84,72.23,84.13,0.556,73.89
A0477,2025-05-05,3.6,58.07,73.1,87.53,0.556,75.11
A0477,2025-05-06,3.6,60.74,79.67,97.83,0.556,82.19
A0477,2025-05-07,3.6,62.54,78.16,93.16,0.556,80.25
A0477,2025-05-08,3.6,68.6,83.22,97.25,0.556,85.17
A0477,2025-05-09,3.6,74.47,98.84,122.23,0.556,102.09
A0477,2025-05-10,3.6,81.82,98.22,113.96,0.556,100.4
A0477,2025-05-11,3.6,48.78,60.8,72.34,0.556,62.41
A0477,2025-05-12,3.6,70.36,84.77,98.59,0.556,86.69
A0478,2025-04-29,434.2,28.58,42.34,59.73,0.909,60.13
A0478,2025-04-30,434.2,35.09,51.18,71.51,0.909,71.97
A0478,2025-05-01,434.2,26.7,39.04,54.62,0.909,54.98
A0478,2025-05-02,434.2,35.93,52.37,73.13,0.909,73.61
A0478,2025-05-03,434.2,36.79,52.97,73.41,0.909,73.88
A0478,2025-05-04,434.2,30.04,44.5,62.77,0.909,63.18
A0478,2025-05-05,434.2,24.85,35.3,48.5,0.909,48.8
A0478,2025-05-06,434.2,27.88,40.71,56.92,0.909,57.29
A0478,2025-05-07,434.2,28.81,41.9,58.45,0.909,58.82
A0478,2025-05-08,434.2,29.28,43.06,60.46,0.909,60.86
A0478,2025-05-09,434.2,33.55,49.38,69.38,0.909,69.84
A0478,2025-05-10,434.2,34.41,50.04,69.78,0.909,70.23
A0478,2025-05-11,434.2,22.35,33.71,48.06,0.909,48.38
A0478,2025-05-12,434.2,25.6,35.92,48.95,0.909,49.25
A0479,2025-04-29,5.1,11.01,17.25,26.36,0.556,18.51
A0479,2025-04-30,5.1,14.21,21.66,32.53,0.556,23.17
A0479,2025-05-01,5.1,10.16,15.28,22.75,0.556,16.32
A0479,2025-05-02,5.1,14.1,21.38,32.02,0.556,22.86
A0479,2025-05-03,5.1,14.24,21.95,33.21,0.556,23.51
A0479,2025-05-04,5.1,11.57,17.67,26.56,0.556,18.9
A0479,2025-05-05,5.1,10.18,15.33,22.85,0.556,16.37
A0479,2025-05-06,5.1,10.96,17.04,25.92,0.556,18.27
A0479,2025-05-07,5.1,11.31,17.56,26.68,0.556,18.82
A0479,2025-05-08,5.1,13.2,20.48,31.12,0.556,21.96
A0479,2025-05-09,5.1,14.24,21.61,32.4,0.556,23.11
A0479,2025-05-10,5.1,14.86,22.89,34.61,0.556,24.51
A0479,2025-05-11,5.1,9.3,14.55,22.23,0.556,15.62
A0479,2025-05-12,5.1,13.13,19.85,29.67,0.556,21.22
A0480,2025-04-29,200.5,3.52,14.95,34.33,0.909,34.77
A0480,2025-04-30,200.5,5.24,18.65,41.27,0.909,41.78
A0480,2025-05-01,200.5,3.46,14.56,33.36,0.909,33.78
A0480,2025-05-02,200.5,5.35,18.87,42.1,0.909,42.62
A0480,2025-05-03,200.5,5.52,19.46,43.5,0.909,44.05
A0480,2025-05-04,200.5,15.2,39.75,81.38,0.909,82.33
A0480,2025-05-05,200.5,13.31,35.59,73.07,0.909,73.92
A0480,2025-05-06,200.5,13.69,36.72,75.22,0.909,76.09
A0480,2025-05-07,200.5,14.0,37.65,76.59,0.909,77.48
A0480,2025-05-08,200.5,16.13,41.96,84.16,0.909,85.12
A0480,2025-05-09,200.5,3.32,14.78,34.24,0.909,34.69
A0480,2025-05-10,200.5,4.01,16.44,37.68,0.909,38.16
A0480,2025-05-11,200.5,1.38,10.21,25.28,0.909,25.63
A0480,2025-05-12,200.5,4.28,16.63,37.57,0.909,38.05
A0481,2025-04-29,152.7,5.59,9.92,16.65,0.909,16.81
A0481,2025-04-30,152.7,7.55,13.18,21.93,0.909,22.13
A0481,2025-05-01,152.7,5.08,8.53,13.9,0.909,14.02
A0481,2025-05-02,152.7,6.32,11.31,19.08,0.909,19.25
A0481,2025-05-03,152.7,7.25,12.7,21.18,0.909,21.38
A0481,2025-05-04,152.7,5.33,9.97,17.19,0.909,17.36
A0481,2025-05-05,152.7,5.3,8.8,14.23,0.909,14.36
A0481,2025-05-06,152.7,5.46,9.68,16.23,0.909,16.38
A0481,2025-05-07,152.7,5.61,10.19,17.31,0.909,17.47
A0481,2025-05-08,152.7,6.46,11.41,19.11,0.909,19.28
A0481,2025-05-09,152.7,6.73,11.78,19.64,0.909,19.81
A0481,2025-05-10,152.7,7.84,13.49,22.28,0.909,22.48
A0481,2025-05-11,152.7,4.57,8.42,14.41,0.909,14.55
A0481,2025-05-12,152.7,7.1,11.75,18.97,0.909,19.13
A0482,2025-04-29,340.1,16.47,23.94,34.22,0.909,34.46
A0482,2025-04-30,340.1,21.72,30.63,42.91,0.909,43.19
A0482,2025-05-01,340.1,14.93,21.5,30.56,0.909,30.76
A0482,2025-05-02,340.1,19.5,28.47,40.81,0.909,41.09
A0482,2025-05-03,340.1,20.35,29.26,41.53,0.909,41.81
A0482,2025-05-04,340.1,16.38,23.81,34.05,0.909,34.28
A0482,2025-05-05,340.1,14.83,21.43,30.51,0.909,30.72
A0482,2025-05-06,340.1,16.1,23.39,33.43,0.909,33.66
A0482,2025-05-07,340.1,17.07,24.84,35.54,0.909,35.78
A0482,2025-05-08,340.1,18.06,26.38,37.83,0.909,38.09
A0482,2025-05-09,340.1,19.5,28.5,40.89,0.909,41.17
A0482,2025-05-10,340.1,20.75,29.83,42.33,0.909,42.61
A0482,2025-05-11,340.1,13.4,19.9,28.85,0.909,29.05
A0482,2025-05-12,340.1,17.6,25.5,36.37,0.909,36.62
A0483,2025-04-29,7.1,125.78,170.92,245.4,0.556,181.27
A0483,2025-04-30,7.1,156.75,210.17,298.3,0.556,222.41
A0483,2025-05-01,7.1,113.67,155.17,223.63,0.556,164.68
A0483,2025-05-02,7.1,155.57,208.38,295.51,0.556,220.48
A0483,2025-05-03,7.1,161.22,216.07,306.58,0.556,228.64
A0483,2025-05-04,7.1,132.28,180.59,260.31,0.556,191.67
A0483,2025-05-05,7.1,112.95,149.77,210.52,0.556,158.21
A0483,2025-05-06,7.1,129.77,175.51,250.98,0.556,185.99
A0483,2025-05-07,7.1,128.04,171.59,243.43,0.556,181.57
A0483,2025-05-08,7.1,148.79,202.96,292.33,0.556,215.37
A0483,2025-05-09,7.1,159.26,213.91,304.07,0.556,226.43
A0483,2025-05-10,7.1,166.4,224.08,319.23,0.556,237.29
A0483,2025-05-11,7.1,108.72,148.8,214.93,0.556,157.99
A0483,2025-05-12,7.1,141.25,190.89,272.79,0.556,202.27
A0484,2025-04-29,2.8,326.76,456.32,671.54,0.556,486.21
A0484,2025-04-30,2.8,402.3,554.05,806.16,0.556,589.07
A0484,2025-05-01,2.8,303.88,419.75,612.22,0.556,446.48
A0484,2025-05-02,2.8,423.19,577.26,833.2,0.556,612.81
A0484,2025-05-03,2.8,453.48,613.87,880.31,0.556,650.87
A0484,2025-05-04,2.8,67.86,101.22,156.64,0.556,108.92
A0484,2025-05-05,2.8,61.34,96.87,155.89,0.556,105.07
A0484,2025-05-06,2.8,76.62,116.1,181.69,0.556,125.21
A0484,2025-05-07,2.8,87.23,125.55,189.2,0.556,134.39
A0484,2025-05-08,2.8,95.74,137.41,206.62,0.556,147.02
A0484,2025-05-09,2.8,110.37,157.42,235.58,0.556,168.28
A0484,2025-05-10,2.8,122.64,171.76,253.35,0.556,183.09
A0484,2025-05-11,2.8,70.51,99.09,146.58,0.556,105.69
A0484,2025-05-12,2.8,95.45,136.52,204.76,0.556,146.0
A0485,2025-04-29,315.1,27.02,37.07,52.79,0.909,53.15
A0485,2025-04-30,315.1,33.45,44.62,62.11,0.909,62.51
A0485,2025-05-01,315.1,21.7,29.83,42.55,0.909,42.84
A0485,2025-05-02,315.1,29.91,39.62,54.82,0.909,55.17
A0485,2025-05-03,315.1,32.47,43.9,61.79,0.909,62.2
A0485,2025-05-04,315.1,25.55,34.74,49.13,0.909,49.45
A0485,2025-05-05,315.1,21.33,28.48,39.66,0.909,39.92
A0485,2025-05-06,315.1,26.17,35.63,50.43,0.909,50.77
A0485,2025-05-07,315.1,26.59,35.38,49.12,0.909,49.44
A0485,2025-05-08,315.1,27.15,36.96,52.3,0.909,52.65
A0485,2025-05-09,315.1,29.2,38.49,53.02,0.909,53.35
A0485,2025-05-10,315.1,32.22,42.96,59.76,0.909,60.14
A0485,2025-05-11,315.1,20.06,27.16,38.28,0.909,38.53
A0485,2025-05-12,315.1,23.22,30.76,42.54,0.909,42.81
A0486,2025-04-29,175.2,14.44,22.26,34.08,0.909,34.35
A0486,2025-04-30,175.2,18.74,30.6,48.5,0.909,48.91
A0486,2025-05-01,175.2,13.81,21.47,33.03,0.909,33.3
A0486,2025-05-02,175.2,18.68,28.51,43.36,0.909,43.7
A0486,2025-05-03,175.2,20.14,31.94,49.76,0.909,50.16
A0486,2025-05-04,175.2,33.99,54.99,86.7,0.909,87.43
A0486,2025-05-05,175.2,31.96,51.41,80.8,0.909,81.47
A0486,2025-05-06,175.2,32.23,51.06,79.49,0.909,80.14
A0486,2025-05-07,175.2,33.06,53.0,83.1,0.909,83.78
A0486,2025-05-08,175.2,36.28,58.58,92.26,0.909,93.03
A0486,2025-05-09,175.2,39.33,62.7,98.01,0.909,98.81
A0486,2025-05-10,175.2,17.8,29.46,47.07,0.909,47.47
A0486,2025-05-11,175.2,9.84,16.45,26.43,0.909,26.65
A0486,2025-05-12,175.2,16.11,25.79,40.4,0.909,40.74
A0487,2025-04-29,5.5,17.3,27.1,41.01,0.556,29.03
A0487,2025-04-30,5.5,21.85,32.78,48.28,0.556,34.93
A0487,2025-05-01,5.5,16.35,24.76,36.69,0.556,26.41
A0487,2025-05-02,5.5,20.13,31.28,47.12,0.556,33.48
A0487,2025-05-03,5.5,21.71,34.28,52.12,0.556,36.76
A0487,2025-05-04,5.5,17.29,25.81,37.9,0.556,27.49
A0487,2025-05-05,5.5,16.42,25.06,37.32,0.556,26.76
A0487,2025-05-06,5.5,16.98,26.85,40.86,0.556,28.8
A0487,2025-05-07,5.5,17.61,27.01,40.36,0.556,28.87
A0487,2025-05-08,5.5,19.27,29.5,44.02,0.556,31.52
A0487,2025-05-09,5.5,20.13,31.03,46.5,0.556,33.18
A0487,2025-05-10,5.5,21.76,33.71,50.66,0.556,36.06
A0487,2025-05-11,5.5,13.92,21.42,32.06,0.556,22.89
A0487,2025-05-12,5.5,19.97,29.97,44.17,0.556,31.95
A0488,2025-04-29,436.1,21.79,32.09,47.62,0.909,47.98
A0488,2025-04-30,436.1,26.9,39.2,57.75,0.909,58.17
A0488,2025-05-01,436.1,20.08,30.76,46.86,0.909,47.23
A0488,2025-05-02,436.1,27.32,40.71,60.9,0.909,61.36
A0488,2025-05-03,436.1,28.79,41.9,61.68,0.909,62.13
A0488,2025-05-04,436.1,20.03,30.75,46.92,0.909,47.28
A0488,2025-05-05,436.1,20.54,31.03,46.84,0.909,47.2
A0488,2025-05-06,436.1,21.83,32.32,48.15,0.909,48.51
A0488,2025-05-07,436.1,22.02,32.5,48.3,0.909,48.66
A0488,2025-05-08,436.1,24.47,36.36,54.29,0.909,54.7
A0488,2025-05-09,436.1,27.17,40.35,60.23,0.909,60.68
A0488,2025-05-10,436.1,28.77,41.38,60.38,0.909,60.81
A0488,2025-05-11,436.1,17.01,26.43,40.63,0.909,40.96
A0488,2025-05-12,436.1,24.66,36.2,53.62,0.909,54.01
A0489,2025-04-29,5.7,286.17,374.89,520.36,0.556,395.1
A0489,2025-04-30,5.7,362.68,482.77,679.66,0.556,510.11
A0489,2025-05-01,5.7,250.41,335.6,475.26,0.556,355.0
A0489,2025-05-02,5.7,332.72,438.04,610.71,0.556,462.02
A0489,2025-05-03,5.7,349.39,460.04,641.46,0.556,485.24
A0489,2025-05-04,5.7,285.22,382.05,540.79,0.556,404.1
A0489,2025-05-05,5.7,179.26,250.21,366.54,0.556,266.37
A0489,2025-05-06,5.7,207.32,281.03,401.88,0.556,297.82
A0489,2025-05-07,5.7,224.88,307.59,443.19,0.556,326.43
A0489,2025-05-08,5.7,243.02,329.32,470.8,0.556,348.97
A0489,2025-05-09,5.7,263.42,352.98,499.81,0.556,373.37
A0489,2025-05-10,5.7,284.0,380.09,537.62,0.556,401.97
A0489,2025-05-11,5.7,192.26,260.85,373.31,0.556,276.47
A0489,2025-05-12,5.7,245.13,330.37,470.13,0.556,349.78
A0490,2025-04-29,6.3,66.63,90.39,122.58,0.556,94.86
A0490,2025-04-30,6.3,85.31,112.99,150.49,0.556,118.2
A0490,2025-05-01,6.3,65.98,90.98,124.85,0.556,95.68
A0490,2025-05-02,6.3,84.45,112.52,150.55,0.556,117.8
A0490,2025-05-03,6.3,88.17,118.12,158.7,0.556,123.76
A0490,2025-05-04,6.3,72.02,95.13,126.44,0.556,99.48
A0490,2025-05-05,6.3,66.66,89.73,120.98,0.556,94.07
A0490,2025-05-06,6.3,71.19,95.84,129.22,0.556,100.47
A0490,2025-05-07,6.3,71.37,93.5,123.49,0.556,97.67
A0490,2025-05-08,6.3,79.94,108.6,147.43,0.556,114.0
A0490,2025-05-09,6.3,87.34,115.66,154.02,0.556,120.98
A0490,2025-05-10,6.3,92.12,121.99,162.44,0.556,127.61
A0490,2025-05-11,6.3,58.0,77.18,103.18,0.556,80.79
A0490,2025-05-12,6.3,82.96,110.53,147.87,0.556,115.71
A0491,2025-04-29,414.7,24.27,34.95,49.75,0.909,50.09
A0491,2025-04-30,414.7,31.35,44.39,62.48,0.909,62.89
A0491,2025-05-01,414.7,22.05,30.7,42.69,0.909,42.96
A0491,2025-05-02,414.7,31.12,43.97,61.79,0.909,62.19
A0491,2025-05-03,414.7,30.71,43.01,60.06,0.909,60.44
A0491,2025-05-04,414.7,24.79,36.12,51.82,0.909,52.17
A0491,2025-05-05,414.7,22.42,31.36,43.77,0.909,44.05
A0491,2025-05-06,414.7,24.36,35.07,49.92,0.909,50.26
A0491,2025-05-07,414.7,25.19,36.16,51.36,0.909,51.71
A0491,2025-05-08,414.7,27.64,38.64,53.88,0.909,54.23
A0491,2025-05-09,414.7,30.54,43.35,61.11,0.909,61.51
A0491,2025-05-10,414.7,30.55,42.74,59.65,0.909,60.04
A0491,2025-05-11,414.7,19.99,29.73,43.23,0.909,43.54
A0491,2025-05-12,414.7,25.97,37.01,52.33,0.909,52.67
A0492,2025-04-29,411.1,15.67,24.28,38.83,0.909,39.16
A0492,2025-04-30,411.1,19.21,30.31,49.03,0.909,49.46
A0492,2025-05-01,411.1,14.36,22.54,36.34,0.909,36.65
A0492,2025-05-02,411.1,17.64,27.35,43.74,0.909,44.11
A0492,2025-05-03,411.1,16.44,28.48,48.81,0.909,49.28
A0492,2025-05-04,411.1,15.02,23.23,37.07,0.909,37.38
A0492,2025-05-05,411.1,13.35,20.37,32.22,0.909,32.49
A0492,2025-05-06,411.1,15.4,23.25,36.5,0.909,36.8
A0492,2025-05-07,411.1,15.96,24.49,38.87,0.909,39.2
A0492,2025-05-08,411.1,16.52,25.29,40.09,0.909,40.42
A0492,2025-05-09,411.1,17.61,26.46,41.39,0.909,41.73
A0492,2025-05-10,411.1,29.99,48.35,79.34,0.909,80.04
A0492,2025-05-11,411.1,21.08,31.43,48.9,0.909,49.3
A0492,2025-05-12,411.1,25.93,36.77,55.07,0.909,55.48
A0493,2025-04-29,210.2,9.33,14.27,23.28,0.909,23.48
A0493,2025-04-30,210.2,20.79,28.36,42.15,0.909,42.46
A0493,2025-05-01,210.2,14.52,22.14,36.02,0.909,36.34
A0493,2025-05-02,210.2,19.1,28.56,45.8,0.909,46.19
A0493,2025-05-03,210.2,11.09,17.4,28.9,0.909,29.16
A0493,2025-05-04,210.2,8.33,12.16,19.14,0.909,19.3
A0493,2025-05-05,210.2,7.87,12.68,21.46,0.909,21.66
A0493,2025-05-06,210.2,8.38,13.41,22.59,0.909,22.79
A0493,2025-05-07,210.2,8.85,13.51,21.99,0.909,22.18
A0493,2025-05-08,210.2,9.99,15.56,25.71,0.909,25.95
A0493,2025-05-09,210.2,11.13,17.31,28.58,0.909,28.84
A0493,2025-05-10,210.2,11.85,18.14,29.62,0.909,29.88
A0493,2025-05-11,210.2,7.25,10.94,17.67,0.909,17.82
A0493,2025-05-12,210.2,10.24,15.68,25.61,0.909,25.83
A0494,2025-04-29,3.2,42.72,64.79,96.85,0.556,69.24
A0494,2025-04-30,3.2,52.83,78.68,116.26,0.556,83.9
A0494,2025-05-01,3.2,38.03,55.9,81.87,0.556,59.51
A0494,2025-05-02,3.2,52.78,77.1,112.47,0.556,82.02
A0494,2025-05-03,3.2,56.07,84.12,124.9,0.556,89.79
A0494,2025-05-04,3.2,43.34,64.52,95.32,0.556,68.8
A0494,2025-05-05,3.2,38.71,56.9,83.34,0.556,60.57
A0494,2025-05-06,3.2,42.64,64.23,95.61,0.556,68.59
A0494,2025-05-07,3.2,43.68,64.39,94.48,0.556,68.57
A0494,2025-05-08,3.2,48.05,71.13,104.67,0.556,75.79
A0494,2025-05-09,3.2,52.68,77.3,113.09,0.556,82.27
A0494,2025-05-10,3.2,56.95,85.99,128.21,0.556,91.86
A0494,2025-05-11,3.2,34.75,52.2,77.57,0.556,55.73
A0494,2025-05-12,3.2,46.71,68.98,101.36,0.556,73.48
A0495,2025-04-29,415.9,20.37,32.12,49.27,0.909,49.66
A0495,2025-04-30,415.9,25.2,38.9,58.9,0.909,59.36
A0495,2025-05-01,415.9,17.15,27.23,41.94,0.909,42.27
A0495,2025-05-02,415.9,23.93,38.1,58.79,0.909,59.26
A0495,2025-05-03,415.9,25.58,41.78,65.43,0.909,65.97
A0495,2025-05-04,415.9,18.61,30.46,47.76,0.909,48.15
A0495,2025-05-05,415.9,16.03,24.8,37.6,0.909,37.89
A0495,2025-05-06,415.9,19.91,30.73,46.54,0.909,46.9
A0495,2025-05-07,415.9,20.47,31.3,47.11,0.909,47.47
A0495,2025-05-08,415.9,20.86,31.55,47.16,0.909,47.52
A0495,2025-05-09,415.9,23.6,36.51,55.34,0.909,55.77
A0495,2025-05-10,415.9,25.05,39.16,59.76,0.909,60.22
A0495,2025-05-11,415.9,15.27,24.16,37.15,0.909,37.45
A0495,2025-05-12,415.9,17.76,25.62,37.1,0.909,37.36
A0496,2025-04-29,11.5,27.87,38.69,53.56,0.909,53.9
A0496,2025-04-30,11.5,39.88,56.75,79.95,0.909,80.48
A0496,2025-05-01,11.5,27.43,38.24,53.11,0.909,53.45
A0496,2025-05-02,11.5,35.03,47.96,65.73,0.909,66.13
A0496,2025-05-03,11.5,39.29,55.24,77.17,0.909,77.67
A0496,2025-05-04,11.5,32.46,45.97,64.55,0.909,64.97
A0496,2025-05-05,11.5,26.61,36.82,50.85,0.909,51.17
A0496,2025-05-06,11.5,28.1,39.19,54.43,0.909,54.78
A0496,2025-05-07,11.5,28.67,39.93,55.42,0.909,55.77
A0496,2025-05-08,11.5,33.56,46.89,65.21,0.909,65.63
A0496,2025-05-09,11.5,34.68,47.49,65.1,0.909,65.5
A0496,2025-05-10,11.5,38.91,54.39,75.67,0.909,76.15
A0496,2025-05-11,11.5,23.9,33.78,47.37,0.909,47.68
A0496,2025-05-12,11.5,32.24,44.49,61.34,0.909,61.73
A0497,2025-04-29,186.5,21.79,33.7,46.07,0.909,46.35
A0497,2025-04-30,186.5,34.54,53.03,72.23,0.909,72.66
A0497,2025-05-01,186.5,26.42,40.75,55.63,0.909,55.97
A0497,2025-05-02,186.5,35.06,56.08,77.9,0.909,78.4
A0497,2025-05-03,186.5,36.46,58.84,82.08,0.909,82.61
A0497,2025-05-04,186.5,17.94,28.92,40.32,0.909,40.57
A0497,2025-05-05,186.5,19.21,29.68,40.55,0.909,40.8
A0497,2025-05-06,186.5,21.28,33.39,45.97,0.909,46.26
A0497,2025-05-07,186.5,21.8,34.02,46.72,0.909,47.0
A0497,2025-05-08,186.5,24.56,38.68,53.34,0.909,53.67
A0497,2025-05-09,186.5,26.51,41.76,57.59,0.909,57.95
A0497,2025-05-10,186.5,28.66,44.7,61.35,0.909,61.73
A0497,2025-05-11,186.5,17.59,27.76,38.32,0.909,38.56
A0497,2025-05-12,186.5,25.27,39.1,53.46,0.909,53.78
A0498,2025-04-29,3.1,103.83,149.48,212.32,0.556,158.21
A0498,2025-04-30,3.1,129.46,188.15,268.94,0.556,199.38
A0498,2025-05-01,3.1,93.4,141.21,207.01,0.556,150.35
A0498,2025-05-02,3.1,129.67,185.74,262.92,0.556,196.46
A0498,2025-05-03,3.1,136.05,202.25,293.36,0.556,214.9
A0498,2025-05-04,3.1,100.76,141.79,198.27,0.556,149.64
A0498,2025-05-05,3.1,98.07,144.92,209.42,0.556,153.88
A0498,2025-05-06,3.1,106.41,151.7,214.04,0.556,160.36
A0498,2025-05-07,3.1,107.75,155.92,222.23,0.556,165.13
A0498,2025-05-08,3.1,116.24,170.64,245.52,0.556,181.04
A0498,2025-05-09,3.1,129.56,185.62,262.78,0.556,196.34
A0498,2025-05-10,3.1,135.44,201.85,293.26,0.556,214.54
A0498,2025-05-11,3.1,82.58,117.18,164.81,0.556,123.79
A0498,2025-05-12,3.1,110.01,161.75,232.96,0.556,171.64
A0499,2025-04-29,4.9,18.96,25.58,33.9,0.556,26.74
A0499,2025-04-30,4.9,22.72,30.78,40.9,0.556,32.19
A0499,2025-05-01,4.9,17.78,23.11,29.81,0.556,24.04
A0499,2025-05-02,4.9,22.72,29.66,38.38,0.556,30.87
A0499,2025-05-03,4.9,23.43,32.95,44.91,0.556,34.62
A0499,2025-05-04,4.9,17.45,23.72,31.59,0.556,24.81
A0499,2025-05-05,4.9,18.27,23.75,30.63,0.556,24.71
A0499,2025-05-06,4.9,19.45,25.63,33.38,0.556,26.7
A0499,2025-05-07,4.9,19.04,26.12,35.0,0.556,27.35
A0499,2025-05-08,4.9,20.73,27.73,36.52,0.556,28.95
A0499,2025-05-09,4.9,22.43,29.13,37.54,0.556,30.3
A0499,2025-05-10,4.9,23.27,32.54,44.17,0.556,34.15
A0499,2025-05-11,4.9,14.75,20.04,26.69,0.556,20.97
A0499,2025-05-12,4.9,20.71,26.93,34.73,0.556,28.01
A0500,2025-04-29,5.9,42.29,58.54,83.57,0.556,62.02
A0500,2025-04-30,5.9,51.04,68.3,94.88,0.556,71.99
A0500,2025-05-01,5.9,42.77,60.62,88.1,0.556,64.44
A0500,2025-05-02,5.9,51.96,70.68,99.51,0.556,74.69
A0500,2025-05-03,5.9,54.99,74.81,105.31,0.556,79.04
A0500,2025-05-04,5.9,44.01,59.22,82.63,0.556,62.47
A0500,2025-05-05,5.9,43.42,61.44,89.18,0.556,65.29
A0500,2025-05-06,5.9,43.23,59.86,85.46,0.556,63.42
A0500,2025-05-07,5.9,42.54,57.65,80.92,0.556,60.88
A0500,2025-05-08,5.9,51.68,71.51,102.04,0.556,75.75
A0500,2025-05-09,5.9,52.67,71.54,100.58,0.556,75.57
A0500,2025-05-10,5.9,56.0,75.88,106.49,0.556,80.13
A0500,2025-05-11,5.9,36.52,50.39,71.76,0.556,53.36
A0500,2025-05-12,5.9,52.04,72.35,103.62,0.556,76.7
A0501,2025-04-29,194.9,12.13,19.82,29.5,0.909,29.72
A0501,2025-04-30,194.9,15.37,22.96,32.5,0.909,32.72
A0501,2025-05-01,194.9,11.17,18.24,27.13,0.909,27.33
A0501,2025-05-02,194.9,14.57,24.23,36.36,0.909,36.64
A0501,2025-05-03,194.9,14.69,23.05,33.57,0.909,33.81
A0501,2025-05-04,194.9,11.16,16.92,24.15,0.909,24.31
A0501,2025-05-05,194.9,10.73,17.25,25.45,0.909,25.63
A0501,2025-05-06,194.9,11.92,19.84,29.79,0.909,30.02
A0501,2025-05-07,194.9,12.28,19.34,28.2,0.909,28.4
A0501,2025-05-08,194.9,13.78,21.8,31.87,0.909,32.1
A0501,2025-05-09,194.9,14.88,24.26,36.04,0.909,36.31
A0501,2025-05-10,194.9,15.0,22.91,32.84,0.909,33.07
A0501,2025-05-11,194.9,9.43,14.88,21.73,0.909,21.89
A0501,2025-05-12,194.9,13.13,20.74,30.31,0.909,30.53
A0502,2025-04-29,154.9,9.63,17.87,28.47,0.909,28.72
A0502,2025-04-30,154.9,11.67,21.29,33.65,0.909,33.94
A0502,2025-05-01,154.9,10.45,19.16,30.37,0.909,30.63
A0502,2025-05-02,154.9,11.89,22.03,35.06,0.909,35.36
A0502,2025-05-03,154.9,11.81,22.22,35.6,0.909,35.91
A0502,2025-05-04,154.9,29.36,47.22,70.18,0.909,70.7
A0502,2025-05-05,154.9,26.33,49.74,79.86,0.909,80.55
A0502,2025-05-06,154.9,26.87,49.37,78.32,0.909,78.98
A0502,2025-05-07,154.9,7.95,16.46,27.39,0.909,27.64
A0502,2025-05-08,154.9,9.4,18.39,29.95,0.909,30.21
A0502,2025-05-09,154.9,10.39,20.39,33.26,0.909,33.55
A0502,2025-05-10,154.9,10.76,20.76,33.61,0.909,33.91
A0502,2025-05-11,154.9,7.43,13.59,21.5,0.909,21.68
A0502,2025-05-12,154.9,10.97,20.14,31.95,0.909,32.22
A0503,2025-04-29,413.7,15.63,22.56,32.56,0.909,32.79
A0503,2025-04-30,413.7,32.1,45.26,64.23,0.909,64.66
A0503,2025-05-01,413.7,24.0,34.57,49.8,0.909,50.15
A0503,2025-05-02,413.7,31.85,46.94,68.7,0.909,69.19
A0503,2025-05-03,413.7,30.66,45.59,67.12,0.909,67.61
A0503,2025-05-04,413.7,13.22,19.33,28.15,0.909,28.35
A0503,2025-05-05,413.7,12.57,18.87,27.97,0.909,28.17
A0503,2025-05-06,413.7,14.35,21.38,31.52,0.909,31.75
A0503,2025-05-07,413.7,14.92,21.89,31.94,0.909,32.17
A0503,2025-05-08,413.7,16.98,25.09,36.79,0.909,37.06
A0503,2025-05-09,413.7,19.06,27.48,39.62,0.909,39.89
A0503,2025-05-10,413.7,18.86,27.04,38.83,0.909,39.1
A0503,2025-05-11,413.7,12.53,18.32,26.68,0.909,26.87
A0503,2025-05-12,413.7,17.15,25.45,37.41,0.909,37.68
A0504,2025-04-29,5.4,10.22,16.71,25.83,0.556,17.98
A0504,2025-04-30,5.4,13.13,19.29,27.95,0.556,20.5
A0504,2025-05-01,5.4,10.05,16.48,25.5,0.556,17.73
A0504,2025-05-02,5.4,12.77,20.76,31.95,0.556,22.31
A0504,2025-05-03,5.4,13.98,22.88,35.36,0.556,24.61
A0504,2025-05-04,5.4,10.99,15.9,22.79,0.556,16.86
A0504,2025-05-05,5.4,10.77,17.06,25.89,0.556,18.29
A0504,2025-05-06,5.4,10.47,16.97,26.1,0.556,18.24
A0504,2025-05-07,5.4,10.94,17.3,26.22,0.556,18.54
A0504,2025-05-08,5.4,11.5,18.44,28.18,0.556,19.8
A0504,2025-05-09,5.4,12.56,20.24,31.03,0.556,21.74
A0504,2025-05-10,5.4,13.7,21.93,33.47,0.556,23.53
A0504,2025-05-11,5.4,8.94,13.93,20.93,0.556,14.9
A0504,2025-05-12,5.4,12.38,18.84,27.91,0.556,20.1
A0505,2025-04-29,158.5,14.19,23.14,35.14,0.909,35.41
A0505,2025-04-30,158.5,19.29,32.48,50.17,0.909,50.57
A0505,2025-05-01,158.5,13.87,23.17,35.65,0.909,35.93
A0505,2025-05-02,158.5,17.92,28.32,42.26,0.909,42.58
A0505,2025-05-03,158.5,19.52,30.61,45.48,0.909,45.82
A0505,2025-05-04,158.5,14.77,24.58,37.74,0.909,38.04
A0505,2025-05-05,158.5,14.31,23.48,35.78,0.909,36.06
A0505,2025-05-06,158.5,14.37,23.19,35.02,0.909,35.29
A0505,2025-05-07,158.5,15.57,25.15,38.01,0.909,38.31
A0505,2025-05-08,158.5,16.81,27.15,41.02,0.909,41.33
A0505,2025-05-09,158.5,17.99,28.56,42.74,0.909,43.07
A0505,2025-05-10,158.5,19.33,30.89,46.39,0.909,46.74
A0505,2025-05-11,158.5,11.8,19.35,29.46,0.909,29.69
A0505,2025-05-12,158.5,15.49,25.53,38.99,0.909,39.29
A0506,2025-04-29,11.3,37.03,50.8,72.83,0.909,73.33
A0506,2025-04-30,11.3,47.48,65.22,93.63,0.909,94.28
A0506,2025-05-01,11.3,35.47,48.93,70.47,0.909,70.96
A0506,2025-05-02,11.3,45.58,62.22,88.86,0.909,89.46
A0506,2025-05-03,11.3,49.07,67.66,97.41,0.909,98.09
A0506,2025-05-04,11.3,39.99,55.99,81.6,0.909,82.18
A0506,2025-05-05,11.3,36.12,49.36,70.55,0.909,71.03
A0506,2025-05-06,11.3,38.11,52.17,74.67,0.909,75.18
A0506,2025-05-07,11.3,37.39,49.48,68.83,0.909,69.27
A0506,2025-05-08,11.3,42.22,56.81,80.15,0.909,80.68
A0506,2025-05-09,11.3,46.28,62.69,88.96,0.909,89.56
A0506,2025-05-10,11.3,49.51,67.43,96.11,0.909,96.76
A0506,2025-05-11,11.3,31.64,43.16,61.6,0.909,62.01
A0506,2025-05-12,11.3,42.89,57.24,80.22,0.909,80.74
A0507,2025-04-29,3.4,112.83,153.48,216.81,0.556,162.27
A0507,2025-04-30,3.4,139.45,190.65,270.43,0.556,201.73
A0507,2025-05-01,3.4,105.99,145.47,207.0,0.556,154.02
A0507,2025-05-02,3.4,140.25,191.73,271.95,0.556,202.87
A0507,2025-05-03,3.4,149.27,206.08,294.6,0.556,218.38
A0507,2025-05-04,3.4,110.13,149.77,211.53,0.556,158.35
A0507,2025-05-05,3.4,109.09,151.47,217.51,0.556,160.64
A0507,2025-05-06,3.4,111.81,152.91,216.95,0.556,161.81
A0507,2025-05-07,3.4,116.1,157.12,221.05,0.556,166.0
A0507,2025-05-08,3.4,122.7,166.01,233.5,0.556,175.38
A0507,2025-05-09,3.4,138.34,189.25,268.58,0.556,200.27
A0507,2025-05-10,3.4,151.75,207.02,293.13,0.556,218.98
A0507,2025-05-11,3.4,91.24,124.23,175.63,0.556,131.37
A0507,2025-05-12,3.4,131.0,176.84,248.27,0.556,186.76
A0508,2025-04-29,2.9,32.97,49.88,73.67,0.556,53.18
A0508,2025-04-30,2.9,40.26,62.8,94.5,0.556,67.2
A0508,2025-05-01,2.9,32.76,49.57,73.22,0.556,52.85
A0508,2025-05-02,2.9,40.45,61.9,92.08,0.556,66.09
A0508,2025-05-03,2.9,44.2,66.89,98.81,0.556,71.32
A0508,2025-05-04,2.9,32.93,49.43,72.63,0.556,52.65
A0508,2025-05-05,2.9,32.67,50.74,76.16,0.556,54.27
A0508,2025-05-06,2.9,34.35,51.69,76.07,0.556,55.07
A0508,2025-05-07,2.9,34.3,52.76,78.73,0.556,56.37
A0508,2025-05-08,2.9,37.25,55.99,82.35,0.556,59.65
A0508,2025-05-09,2.9,40.34,61.37,90.95,0.556,65.48
A0508,2025-05-10,2.9,44.09,65.58,95.82,0.556,69.78
A0508,2025-05-11,2.9,27.64,41.82,61.78,0.556,44.6
A0508,2025-05-12,2.9,37.53,57.24,84.96,0.556,61.09
A0509,2025-04-29,415.7,13.69,20.23,30.75,0.909,30.99
A0509,2025-04-30,415.7,19.23,28.57,43.59,0.909,43.93
A0509,2025-05-01,415.7,17.39,25.62,38.84,0.909,39.14
A0509,2025-05-02,415.7,22.43,32.03,47.45,0.909,47.8
A0509,2025-05-03,415.7,22.49,32.04,47.39,0.909,47.74
A0509,2025-05-04,415.7,18.95,28.1,42.8,0.909,43.13
A0509,2025-05-05,415.7,11.72,19.25,31.36,0.909,31.63
A0509,2025-05-06,415.7,12.37,18.81,29.15,0.909,29.39
A0509,2025-05-07,415.7,13.53,20.16,30.83,0.909,31.07
A0509,2025-05-08,415.7,14.87,22.21,34.0,0.909,34.27
A0509,2025-05-09,415.7,16.06,23.52,35.51,0.909,35.78
A0509,2025-05-10,415.7,16.86,24.38,36.46,0.909,36.74
A0509,2025-05-11,415.7,10.8,16.02,24.42,0.909,24.61
A0509,2025-05-12,415.7,15.04,23.45,36.97,0.909,37.28
A0510,2025-04-29,6.7,593.59,782.36,1027.39,0.556,816.39
A0510,2025-04-30,6.7,563.43,767.36,1032.05,0.556,804.12
A0510,2025-05-01,6.7,374.89,512.87,691.97,0.556,537.74
A0510,2025-05-02,6.7,538.47,728.06,974.16,0.556,762.24
A0510,2025-05-03,6.7,569.82,762.73,1013.14,0.556,797.51
A0510,2025-05-04,6.7,428.69,600.78,824.15,0.556,631.8
A0510,2025-05-05,6.7,393.98,537.98,724.9,0.556,563.94
A0510,2025-05-06,6.7,457.62,602.46,790.45,0.556,628.57
A0510,2025-05-07,6.7,478.03,634.01,836.48,0.556,662.13
A0510,2025-05-08,6.7,503.69,668.28,881.92,0.556,697.95
A0510,2025-05-09,6.7,561.4,750.59,996.16,0.556,784.7
A0510,2025-05-10,6.7,589.15,780.44,1028.73,0.556,814.92
A0510,2025-05-11,6.7,379.95,513.18,686.11,0.556,537.2
A0510,2025-05-12,6.7,781.79,1067.11,1437.46,0.556,1118.55
A0511,2025-04-29,437.0,33.58,48.49,74.26,0.909,74.84
A0511,2025-04-30,437.0,46.4,65.14,97.52,0.909,98.25
A0511,2025-05-01,437.0,30.6,44.74,69.16,0.909,69.72
A0511,2025-05-02,437.0,43.28,59.24,86.82,0.909,87.45
A0511,2025-05-03,437.0,41.0,56.14,82.28,0.909,82.88
A0511,2025-05-04,437.0,32.68,45.31,67.12,0.909,67.62
A0511,2025-05-05,437.0,38.56,55.95,85.99,0.909,86.67
A0511,2025-05-06,437.0,36.91,52.78,80.19,0.909,80.81
A0511,2025-05-07,437.0,38.59,57.04,88.92,0.909,89.65
A0511,2025-05-08,437.0,41.38,60.22,92.77,0.909,93.51
A0511,2025-05-09,437.0,45.3,63.46,94.84,0.909,95.56
A0511,2025-05-10,437.0,45.66,65.25,99.11,0.909,99.88
A0511,2025-05-11,437.0,30.37,44.18,68.05,0.909,68.59
A0511,2025-05-12,437.0,51.23,79.1,127.26,0.909,128.36
A0512,2025-04-29,349.1,21.04,31.32,45.19,0.909,45.51
A0512,2025-04-30,349.1,26.5,40.13,58.54,0.909,58.95
A0512,2025-05-01,349.1,16.48,23.6,33.22,0.909,33.44
A0512,2025-05-02,349.1,24.23,35.33,50.33,0.909,50.67
A0512,2025-05-03,349.1,25.83,38.33,55.22,0.909,55.6
A0512,2025-05-04,349.1,19.37,29.77,43.82,0.909,44.14
A0512,2025-05-05,349.1,15.93,21.99,30.18,0.909,30.37
A0512,2025-05-06,349.1,20.27,29.41,41.75,0.909,42.03
A0512,2025-05-07,349.1,21.77,30.99,43.45,0.909,43.73
A0512,2025-05-08,349.1,23.04,31.88,43.83,0.909,44.1
A0512,2025-05-09,349.1,24.47,34.45,47.94,0.909,48.25
A0512,2025-05-10,349.1,26.74,37.48,51.98,0.909,52.31
A0512,2025-05-11,349.1,16.24,22.91,31.93,0.909,32.14
A0512,2025-05-12,349.1,16.58,22.48,30.47,0.909,30.65
A0513,2025-04-29,435.6,23.91,42.65,69.49,0.909,70.1
A0513,2025-04-30,435.6,31.8,52.65,82.51,0.909,83.19
A0513,2025-05-01,435.6,22.44,39.13,63.01,0.909,63.56
A0513,2025-05-02,435.6,32.63,53.51,83.4,0.909,84.08
A0513,2025-05-03,435.6,35.14,59.25,93.77,0.909,94.55
A0513,2025-05-04,435.6,27.1,44.35,69.05,0.909,69.61
A0513,2025-05-05,435.6,24.3,42.14,67.68,0.909,68.26
A0513,2025-05-06,435.6,24.75,44.07,71.72,0.909,72.35
A0513,2025-05-07,435.6,26.53,43.95,68.9,0.909,69.46
A0513,2025-05-08,435.6,28.54,48.56,77.23,0.909,77.89
A0513,2025-05-09,435.6,32.26,52.93,82.51,0.909,83.18
A0513,2025-05-10,435.6,34.69,58.09,91.58,0.909,92.34
A0513,2025-05-11,435.6,20.02,34.9,56.2,0.909,56.69
A0513,2025-05-12,435.6,27.57,49.42,80.69,0.909,81.4
A0514,2025-04-29,348.1,16.36,28.47,46.17,0.909,46.57
A0514,2025-04-30,348.1,32.0,52.31,81.98,0.909,82.66
A0514,2025-05-01,348.1,24.07,34.52,49.78,0.909,50.13
A0514,2025-05-02,348.1,32.15,49.03,73.71,0.909,74.27
A0514,2025-05-03,348.1,31.02,47.38,71.3,0.909,71.84
A0514,2025-05-04,348.1,25.45,39.78,60.72,0.909,61.2
A0514,2025-05-05,348.1,23.88,35.53,52.56,0.909,52.95
A0514,2025-05-06,348.1,23.65,38.12,59.27,0.909,59.75
A0514,2025-05-07,348.1,15.42,28.79,48.33,0.909,48.77
A0514,2025-05-08,348.1,18.77,32.55,52.7,0.909,53.16
A0514,2025-05-09,348.1,21.6,37.55,60.87,0.909,61.4
A0514,2025-05-10,348.1,22.14,38.63,62.74,0.909,63.29
A0514,2025-05-11,348.1,14.14,24.83,40.47,0.909,40.83
A0514,2025-05-12,348.1,21.47,37.85,61.8,0.909,62.35
A0515,2025-04-29,2.9,346.1,464.82,648.78,0.556,490.37
A0515,2025-04-30,2.9,430.6,555.21,748.28,0.556,582.03
A0515,2025-05-01,2.9,298.46,402.64,564.07,0.556,425.06
A0515,2025-05-02,2.9,414.75,560.71,786.87,0.556,592.12
A0515,2025-05-03,2.9,445.32,604.67,851.57,0.556,638.96
A0515,2025-05-04,2.9,333.62,431.42,582.95,0.556,452.46
A0515,2025-05-05,2.9,296.77,403.73,569.44,0.556,426.74
A0515,2025-05-06,2.9,336.09,452.92,633.93,0.556,478.06
A0515,2025-05-07,2.9,354.35,478.89,671.85,0.556,505.69
A0515,2025-05-08,2.9,376.08,508.4,713.42,0.556,536.87
A0515,2025-05-09,2.9,416.84,564.08,792.22,0.556,595.77
A0515,2025-05-10,2.9,452.05,614.99,867.46,0.556,650.05
A0515,2025-05-11,2.9,280.31,376.73,526.13,0.556,397.48
A0515,2025-05-12,2.9,367.98,502.21,710.19,0.556,531.1
A0516,2025-04-29,317.4,12.58,19.73,30.24,0.909,30.48
A0516,2025-04-30,317.4,15.55,24.07,36.61,0.909,36.9
A0516,2025-05-01,317.4,10.83,17.4,27.07,0.909,27.29
A0516,2025-05-02,317.4,15.22,23.99,36.9,0.909,37.19
A0516,2025-05-03,317.4,15.85,23.98,35.92,0.909,36.2
A0516,2025-05-04,317.4,12.18,18.92,28.83,0.909,29.06
A0516,2025-05-05,317.4,11.25,18.03,28.0,0.909,28.23
A0516,2025-05-06,317.4,12.07,18.99,29.15,0.909,29.38
A0516,2025-05-07,317.4,12.3,19.33,29.67,0.909,29.91
A0516,2025-05-08,317.4,13.39,21.33,33.0,0.909,33.27
A0516,2025-05-09,317.4,14.98,23.89,36.98,0.909,37.28
A0516,2025-05-10,317.4,15.62,24.13,36.64,0.909,36.93
A0516,2025-05-11,317.4,9.6,15.25,23.56,0.909,23.75
A0516,2025-05-12,317.4,12.66,20.43,31.85,0.909,32.11
A0517,2025-04-29,200.6,13.82,18.73,27.79,0.909,28.0
A0517,2025-04-30,200.6,16.81,25.26,40.87,0.909,41.23
A0517,2025-05-01,200.6,13.86,17.28,23.59,0.909,23.73
A0517,2025-05-02,200.6,17.22,22.95,33.54,0.909,33.78
A0517,2025-05-03,200.6,17.48,23.43,34.4,0.909,34.65
A0517,2025-05-04,200.6,13.37,18.6,28.26,0.909,28.48
A0517,2025-05-05,200.6,14.72,17.83,23.57,0.909,23.7
A0517,2025-05-06,200.6,14.82,19.52,28.19,0.909,28.39
A0517,2025-05-07,200.6,14.82,19.41,27.9,0.909,28.09
A0517,2025-05-08,200.6,15.67,21.79,33.09,0.909,33.35
A0517,2025-05-09,200.6,17.03,22.55,32.74,0.909,32.97
A0517,2025-05-10,200.6,17.6,23.09,33.24,0.909,33.47
A0517,2025-05-11,200.6,11.87,15.07,20.98,0.909,21.11
A0517,2025-05-12,200.6,17.17,21.46,29.37,0.909,29.55
A0518,2025-04-29,149.7,8.37,13.62,21.61,0.909,21.79
A0518,2025-04-30,149.7,11.48,18.04,28.0,0.909,28.23
A0518,2025-05-01,149.7,7.68,13.02,21.14,0.909,21.32
A0518,2025-05-02,149.7,10.61,17.23,27.28,0.909,27.51
A0518,2025-05-03,149.7,11.58,18.76,29.68,0.909,29.93
A0518,2025-05-04,149.7,8.6,13.61,21.23,0.909,21.41
A0518,2025-05-05,149.7,8.02,13.7,22.34,0.909,22.54
A0518,2025-05-06,149.7,8.43,13.73,21.77,0.909,21.95
A0518,2025-05-07,149.7,9.03,14.57,22.99,0.909,23.18
A0518,2025-05-08,149.7,10.08,16.19,25.49,0.909,25.7
A0518,2025-05-09,149.7,10.91,17.52,27.55,0.909,27.78
A0518,2025-05-10,149.7,11.67,18.81,29.65,0.909,29.9
A0518,2025-05-11,149.7,7.11,11.49,18.14,0.909,18.29
A0518,2025-05-12,149.7,9.74,16.14,25.86,0.909,26.08
A0519,2025-04-29,406.1,13.42,21.15,32.84,0.909,33.1
A0519,2025-04-30,406.1,16.42,26.62,42.03,0.909,42.38
A0519,2025-05-01,406.1,12.39,19.41,30.02,0.909,30.26
A0519,2025-05-02,406.1,16.63,25.21,38.2,0.909,38.49
A0519,2025-05-03,406.1,17.16,26.39,40.35,0.909,40.66
A0519,2025-05-04,406.1,12.37,18.95,28.89,0.909,29.11
A0519,2025-05-05,406.1,13.31,20.88,32.31,0.909,32.57
A0519,2025-05-06,406.1,13.87,21.8,33.78,0.909,34.05
A0519,2025-05-07,406.1,14.42,22.55,34.85,0.909,35.13
A0519,2025-05-08,406.1,14.99,23.0,35.11,0.909,35.38
A0519,2025-05-09,406.1,16.5,25.18,38.3,0.909,38.6
A0519,2025-05-10,406.1,17.09,26.43,40.54,0.909,40.86
A0519,2025-05-11,406.1,10.51,16.09,24.54,0.909,24.73
A0519,2025-05-12,406.1,14.77,23.5,36.71,0.909,37.01
A0520,2025-04-29,6.0,91.57,126.22,176.31,0.556,133.18
A0520,2025-04-30,6.0,114.45,154.95,213.47,0.556,163.07
A0520,2025-05-01,6.0,89.05,124.21,175.03,0.556,131.27
A0520,2025-05-02,6.0,119.15,161.62,223.0,0.556,170.15
A0520,2025-05-03,6.0,124.07,169.07,234.11,0.556,178.11
A0520,2025-05-04,6.0,97.49,133.47,185.47,0.556,140.69
A0520,2025-05-05,6.0,94.55,130.19,181.7,0.556,137.34
A0520,2025-05-06,6.0,97.6,134.43,187.66,0.556,141.83
A0520,2025-05-07,6.0,96.31,127.82,173.36,0.556,134.14
A0520,2025-05-08,6.0,114.17,158.02,221.39,0.556,166.82
A0520,2025-05-09,6.0,121.22,164.47,226.99,0.556,173.16
A0520,2025-05-10,6.0,127.62,173.18,239.02,0.556,182.33
A0520,2025-05-11,6.0,81.47,112.1,156.37,0.556,118.25
A0520,2025-05-12,6.0,115.77,162.19,229.27,0.556,171.51
A0521,2025-04-29,34.3,14.75,21.68,32.41,0.909,32.66
A0521,2025-04-30,34.3,18.77,26.14,37.55,0.909,37.81
A0521,2025-05-01,34.3,13.55,18.81,26.95,0.909,27.14
A0521,2025-05-02,34.3,18.57,25.48,36.19,0.909,36.43
A0521,2025-05-03,34.3,18.8,26.49,38.4,0.909,38.67
A0521,2025-05-04,34.3,13.19,18.45,26.59,0.909,26.77
A0521,2025-05-05,34.3,15.31,20.64,28.89,0.909,29.08
A0521,2025-05-06,34.3,16.36,23.49,34.52,0.909,34.77
A0521,2025-05-07,34.3,16.79,23.66,34.31,0.909,34.55
A0521,2025-05-08,34.3,18.22,25.83,37.62,0.909,37.89
A0521,2025-05-09,34.3,19.75,27.14,38.58,0.909,38.84
A0521,2025-05-10,34.3,20.28,28.91,42.28,0.909,42.59
A0521,2025-05-11,34.3,12.79,17.98,26.01,0.909,26.19
A0521,2025-05-12,34.3,19.12,27.2,39.7,0.909,39.99
A0522,2025-04-29,31.5,40.65,63.95,97.29,0.909,98.05
A0522,2025-04-30,31.5,52.97,76.83,110.97,0.909,111.75
A0522,2025-05-01,31.5,30.83,51.43,80.91,0.909,81.58
A0522,2025-05-02,31.5,45.58,67.79,99.58,0.909,100.3
A0522,2025-05-03,31.5,42.89,62.17,89.76,0.909,90.39
A0522,2025-05-04,31.5,33.16,50.08,74.29,0.909,74.84
A0522,2025-05-05,31.5,24.93,39.49,60.32,0.909,60.8
A0522,2025-05-06,31.5,26.39,38.98,57.0,0.909,57.41
A0522,2025-05-07,31.5,27.79,40.06,57.61,0.909,58.0
A0522,2025-05-08,31.5,30.9,44.3,63.47,0.909,63.91
A0522,2025-05-09,31.5,34.58,49.12,69.92,0.909,70.39
A0522,2025-05-10,31.5,34.85,48.29,67.53,0.909,67.97
A0522,2025-05-11,31.5,22.37,33.56,49.57,0.909,49.93
A0522,2025-05-12,31.5,35.48,53.96,80.4,0.909,81.0
A0523,2025-04-29,430.3,21.38,35.17,52.31,0.909,52.7
A0523,2025-04-30,430.3,25.31,42.04,62.84,0.909,63.31
A0523,2025-05-01,430.3,19.09,29.38,42.16,0.909,42.45
A0523,2025-05-02,430.3,25.81,40.78,59.4,0.909,59.82
A0523,2025-05-03,430.3,24.59,37.22,52.93,0.909,53.29
A0523,2025-05-04,430.3,18.31,29.56,43.54,0.909,43.86
A0523,2025-05-05,430.3,21.4,32.08,45.37,0.909,45.67
A0523,2025-05-06,430.3,23.33,38.28,56.87,0.909,57.29
A0523,2025-05-07,430.3,23.66,38.11,56.07,0.909,56.48
A0523,2025-05-08,430.3,25.85,42.25,62.64,0.909,63.1
A0523,2025-05-09,430.3,27.4,43.5,63.51,0.909,63.97
A0523,2025-05-10,430.3,27.4,41.74,59.55,0.909,59.96
A0523,2025-05-11,430.3,18.46,29.37,42.93,0.909,43.24
A0523,2025-05-12,430.3,29.26,47.85,70.96,0.909,71.49
A0524,2025-04-29,3.0,176.74,237.91,321.26,0.556,249.49
A0524,2025-04-30,3.0,237.04,326.35,448.01,0.556,343.24
A0524,2025-05-01,3.0,153.96,211.15,289.07,0.556,221.98
A0524,2025-05-02,3.0,221.24,303.85,416.4,0.556,319.48
A0524,2025-05-03,3.0,171.25,234.36,320.33,0.556,246.3
A0524,2025-05-04,3.0,124.98,176.8,247.41,0.556,186.61
A0524,2025-05-05,3.0,124.74,170.81,233.58,0.556,179.53
A0524,2025-05-06,3.0,134.86,180.44,242.54,0.556,189.06
A0524,2025-05-07,3.0,144.38,196.35,267.16,0.556,206.19
A0524,2025-05-08,3.0,152.52,205.02,276.56,0.556,214.96
A0524,2025-05-09,3.0,174.76,237.57,323.15,0.556,249.46
A0524,2025-05-10,3.0,184.76,249.11,336.78,0.556,261.29
A0524,2025-05-11,3.0,109.96,151.35,207.73,0.556,159.18
A0524,2025-05-12,3.0,154.71,208.46,281.68,0.556,218.63
A0525,2025-04-29,325.0,10.16,16.27,25.69,0.909,25.91
A0525,2025-04-30,325.0,13.73,21.83,34.32,0.909,34.61
A0525,2025-05-01,325.0,10.0,15.72,24.53,0.909,24.73
A0525,2025-05-02,325.0,13.58,20.69,31.65,0.909,31.9
A0525,2025-05-03,325.0,41.44,62.84,95.84,0.909,96.59
A0525,2025-05-04,325.0,36.46,54.87,83.26,0.909,83.9
A0525,2025-05-05,325.0,29.96,46.49,71.97,0.909,72.55
A0525,2025-05-06,325.0,33.37,51.4,79.21,0.909,79.84
A0525,2025-05-07,325.0,33.77,51.02,77.61,0.909,78.21
A0525,2025-05-08,325.0,37.33,57.02,87.36,0.909,88.05
A0525,2025-05-09,325.0,11.35,18.32,29.05,0.909,29.3
A0525,2025-05-10,325.0,11.81,18.86,29.73,0.909,29.97
A0525,2025-05-11,325.0,7.56,12.59,20.34,0.909,20.51
A0525,2025-05-12,325.0,10.88,17.59,27.92,0.909,28.16
A0526,2025-04-29,3.5,94.31,136.48,198.98,0.556,145.16
A0526,2025-04-30,3.5,120.34,174.29,254.22,0.556,185.39
A0526,2025-05-01,3.5,84.54,125.37,185.87,0.556,133.77
A0526,2025-05-02,3.5,114.67,167.36,245.43,0.556,178.2
A0526,2025-05-03,3.5,128.63,186.13,271.35,0.556,197.97
A0526,2025-05-04,3.5,91.34,130.84,189.37,0.556,138.97
A0526,2025-05-05,3.5,89.98,130.61,190.81,0.556,138.97
A0526,2025-05-06,3.5,94.55,138.02,202.42,0.556,146.96
A0526,2025-05-07,3.5,95.83,136.49,196.75,0.556,144.86
A0526,2025-05-08,3.5,104.34,149.96,217.54,0.556,159.34
A0526,2025-05-09,3.5,115.22,167.36,244.62,0.556,178.09
A0526,2025-05-10,3.5,129.14,184.72,267.08,0.556,196.16
A0526,2025-05-11,3.5,73.86,105.54,152.48,0.556,112.05
A0526,2025-05-12,3.5,103.91,149.46,216.94,0.556,158.83
A0527,2025-04-29,5.8,8.33,13.94,22.58,0.556,15.14
A0527,2025-04-30,5.8,10.68,18.54,30.68,0.556,20.23
A0527,2025-05-01,5.8,7.62,12.9,21.06,0.556,14.03
A0527,2025-05-02,5.8,9.69,16.88,27.97,0.556,18.42
A0527,2025-05-03,5.8,10.15,17.74,29.47,0.556,19.37
A0527,2025-05-04,5.8,7.75,12.74,20.44,0.556,13.81
A0527,2025-05-05,5.8,8.06,13.84,22.77,0.556,15.08
A0527,2025-05-06,5.8,8.28,14.11,23.1,0.556,15.36
A0527,2025-05-07,5.8,8.69,14.93,24.56,0.556,16.27
A0527,2025-05-08,5.8,9.23,16.2,26.97,0.556,17.7
A0527,2025-05-09,5.8,10.01,17.2,28.29,0.556,18.74
A0527,2025-05-10,5.8,10.55,18.01,29.52,0.556,19.61
A0527,2025-05-11,5.8,6.84,11.08,17.63,0.556,11.99
A0527,2025-05-12,5.8,10.3,17.86,29.52,0.556,19.48
A0528,2025-04-29,414.7,18.67,28.43,42.21,0.909,42.52
A0528,2025-04-30,414.7,22.8,35.35,53.07,0.909,53.47
A0528,2025-05-01,414.7,15.99,24.12,35.6,0.909,35.86
A0528,2025-05-02,414.7,22.22,32.68,47.45,0.909,47.79
A0528,2025-05-03,414.7,22.99,34.2,50.03,0.909,50.39
A0528,2025-05-04,414.7,17.16,26.24,39.07,0.909,39.36
A0528,2025-05-05,414.7,15.49,23.04,33.7,0.909,33.94
A0528,2025-05-06,414.7,18.78,28.18,41.44,0.909,41.74
A0528,2025-05-07,414.7,18.65,28.54,42.51,0.909,42.82
A0528,2025-05-08,414.7,20.61,30.07,43.42,0.909,43.72
A0528,2025-05-09,414.7,22.22,32.4,46.77,0.909,47.1
A0528,2025-05-10,414.7,22.79,33.66,49.02,0.909,49.37
A0528,2025-05-11,414.7,21.01,31.95,47.41,0.909,47.76
A0528,2025-05-12,414.7,24.76,37.39,55.21,0.909,55.62
A0529,2025-04-29,379.6,43.53,95.54,181.9,0.909,183.87
A0529,2025-04-30,379.6,56.98,121.6,233.2,0.909,235.74
A0529,2025-05-01,379.6,38.54,86.47,164.54,0.909,166.31
A0529,2025-05-02,379.6,12.96,35.06,72.29,0.909,73.13
A0529,2025-05-03,379.6,14.0,37.68,77.84,0.909,78.76
A0529,2025-05-04,379.6,10.02,29.48,61.55,0.909,62.28
A0529,2025-05-05,379.6,11.12,31.43,65.09,0.909,65.85
A0529,2025-05-06,379.6,12.08,33.64,69.34,0.909,70.15
A0529,2025-05-07,379.6,13.21,35.95,73.32,0.909,74.17
A0529,2025-05-08,379.6,15.11,39.71,80.11,0.909,81.03
A0529,2025-05-09,379.6,16.71,43.05,86.86,0.909,87.85
A0529,2025-05-10,379.6,17.8,45.4,91.86,0.909,92.92
A0529,2025-05-11,379.6,9.9,29.15,60.72,0.909,61.43
A0529,2025-05-12,379.6,16.45,41.85,84.12,0.909,85.08
A0530,2025-04-29,2.7,52.65,76.76,111.0,0.556,81.51
A0530,2025-04-30,2.7,67.77,99.66,144.96,0.556,105.95
A0530,2025-05-01,2.7,49.72,72.25,104.25,0.556,76.69
A0530,2025-05-02,2.7,66.8,97.95,142.21,0.556,104.1
A0530,2025-05-03,2.7,71.1,104.03,150.79,0.556,110.52
A0530,2025-05-04,2.7,52.63,77.38,112.54,0.556,82.26
A0530,2025-05-05,2.7,52.18,76.55,111.17,0.556,81.36
A0530,2025-05-06,2.7,53.98,77.64,111.27,0.556,82.31
A0530,2025-05-07,2.7,55.74,81.79,118.81,0.556,86.93
A0530,2025-05-08,2.7,60.59,87.12,124.82,0.556,92.36
A0530,2025-05-09,2.7,66.91,98.42,143.17,0.556,104.63
A0530,2025-05-10,2.7,71.68,105.72,154.08,0.556,112.44
A0530,2025-05-11,2.7,91.76,144.12,218.5,0.556,154.45
A0530,2025-05-12,2.7,124.48,193.24,290.92,0.556,206.81
A0531,2025-04-29,145.3,6.3,11.22,18.22,0.909,18.38
A0531,2025-04-30,145.3,7.23,12.26,19.4,0.909,19.57
A0531,2025-05-01,145.3,5.84,9.78,15.37,0.909,15.5
A0531,2025-05-02,145.3,8.11,14.01,22.4,0.909,22.59
A0531,2025-05-03,145.3,8.38,14.57,23.38,0.909,23.58
A0531,2025-05-04,145.3,5.75,9.95,15.93,0.909,16.06
A0531,2025-05-05,145.3,6.36,10.47,16.31,0.909,16.44
A0531,2025-05-06,145.3,6.82,11.8,18.88,0.909,19.04
A0531,2025-05-07,145.3,6.99,11.71,18.43,0.909,18.58
A0531,2025-05-08,145.3,7.88,13.67,21.9,0.909,22.09
A0531,2025-05-09,145.3,8.41,14.29,22.66,0.909,22.85
A0531,2025-05-10,145.3,8.7,14.83,23.56,0.909,23.75
A0531,2025-05-11,145.3,5.35,9.36,15.08,0.909,15.21
A0531,2025-05-12,145.3,8.01,13.7,21.78,0.909,21.97
A0532,2025-04-29,410.6,8.38,12.94,19.28,0.909,19.43
A0532,2025-04-30,410.6,10.69,16.4,24.32,0.909,24.5
A0532,2025-05-01,410.6,6.61,10.24,15.27,0.909,15.39
A0532,2025-05-02,410.6,9.08,13.98,20.77,0.909,20.93
A0532,2025-05-03,410.6,9.96,15.68,23.63,0.909,23.81
A0532,2025-05-04,410.6,7.6,12.48,19.26,0.909,19.41
A0532,2025-05-05,410.6,6.89,10.23,14.88,0.909,14.98
A0532,2025-05-06,410.6,8.03,12.42,18.53,0.909,18.67
A0532,2025-05-07,410.6,8.08,12.09,17.65,0.909,17.78
A0532,2025-05-08,410.6,8.3,12.56,18.47,0.909,18.6
A0532,2025-05-09,410.6,9.18,13.78,20.17,0.909,20.31
A0532,2025-05-10,410.6,10.29,15.47,22.67,0.909,22.83
A0532,2025-05-11,410.6,6.36,9.79,14.56,0.909,14.67
A0532,2025-05-12,410.6,7.94,11.42,16.23,0.909,16.34
A0533,2025-04-29,191.5,5.32,10.11,16.71,0.909,16.86
A0533,2025-04-30,191.5,6.29,14.2,25.1,0.909,25.35
A0533,2025-05-01,191.5,5.09,9.2,14.85,0.909,14.98
A0533,2025-05-02,191.5,6.54,12.44,20.57,0.909,20.75
A0533,2025-05-03,191.5,6.63,12.86,21.45,0.909,21.65
A0533,2025-05-04,191.5,4.68,10.08,17.51,0.909,17.68
A0533,2025-05-05,191.5,5.34,9.7,15.69,0.909,15.83
A0533,2025-05-06,191.5,5.96,10.91,17.74,0.909,17.9
A0533,2025-05-07,191.5,6.22,11.34,18.39,0.909,18.56
A0533,2025-05-08,191.5,6.9,12.37,19.92,0.909,20.09
A0533,2025-05-09,191.5,7.35,13.19,21.22,0.909,21.4
A0533,2025-05-10,191.5,7.71,13.69,21.94,0.909,22.13
A0533,2025-05-11,191.5,4.73,8.6,13.94,0.909,14.06
A0533,2025-05-12,191.5,7.44,13.05,20.78,0.909,20.96
A0534,2025-04-29,2.9,77.32,137.09,212.47,0.556,147.56
A0534,2025-04-30,2.9,91.39,171.74,273.07,0.556,185.81
A0534,2025-05-01,2.9,67.56,115.23,175.36,0.556,123.58
A0534,2025-05-02,2.9,88.74,161.57,253.43,0.556,174.33
A0534,2025-05-03,2.9,100.38,180.5,281.54,0.556,194.53
A0534,2025-05-04,2.9,67.89,128.72,205.43,0.556,139.37
A0534,2025-05-05,2.9,75.51,130.6,200.08,0.556,140.25
A0534,2025-05-06,2.9,84.65,144.9,220.89,0.556,155.46
A0534,2025-05-07,2.9,87.45,148.65,225.84,0.556,159.37
A0534,2025-05-08,2.9,91.66,154.96,234.79,0.556,166.05
A0534,2025-05-09,2.9,95.88,170.18,263.89,0.556,183.2
A0534,2025-05-10,2.9,103.42,186.44,291.15,0.556,200.98
A0534,2025-05-11,2.9,60.45,109.27,170.85,0.556,117.83
A0534,2025-05-12,2.9,82.46,154.71,245.82,0.556,167.36
A0535,2025-04-29,5.0,21.98,32.54,46.41,0.556,34.47
A0535,2025-04-30,5.0,25.73,36.34,50.28,0.556,38.28
A0535,2025-05-01,5.0,20.38,30.58,43.98,0.556,32.44
A0535,2025-05-02,5.0,26.15,38.91,55.67,0.556,41.23
A0535,2025-05-03,5.0,67.53,103.93,151.74,0.556,110.57
A0535,2025-05-04,5.0,53.62,76.19,105.82,0.556,80.3
A0535,2025-05-05,5.0,47.5,73.71,108.14,0.556,78.5
A0535,2025-05-06,5.0,49.74,75.8,110.02,0.556,80.55
A0535,2025-05-07,5.0,18.78,30.35,45.55,0.556,32.46
A0535,2025-05-08,5.0,20.0,31.97,47.68,0.556,34.15
A0535,2025-05-09,5.0,22.55,35.32,52.09,0.556,37.65
A0535,2025-05-10,5.0,25.19,39.65,58.64,0.556,42.29
A0535,2025-05-11,5.0,16.35,25.56,37.65,0.556,27.23
A0535,2025-05-12,5.0,21.91,33.08,47.75,0.556,35.12
A0536,2025-04-29,407.1,11.71,32.21,67.31,0.909,68.11
A0536,2025-04-30,407.1,65.06,135.95,262.4,0.909,265.28
A0536,2025-05-01,407.1,40.9,89.88,175.27,0.909,177.22
A0536,2025-05-02,407.1,59.82,127.03,249.18,0.909,251.95
A0536,2025-05-03,407.1,56.85,123.32,247.58,0.909,250.4
A0536,2025-05-04,407.1,46.72,106.86,215.04,0.909,217.49
A0536,2025-05-05,407.1,42.19,94.41,186.56,0.909,188.65
A0536,2025-05-06,407.1,39.91,91.34,180.3,0.909,182.32
A0536,2025-05-07,407.1,8.71,26.36,56.46,0.909,57.14
A0536,2025-05-08,407.1,11.22,31.72,66.51,0.909,67.3
A0536,2025-05-09,407.1,14.18,38.12,79.36,0.909,80.3
A0536,2025-05-10,407.1,15.28,40.47,84.55,0.909,85.55
A0536,2025-05-11,407.1,8.55,26.18,56.39,0.909,57.07
A0536,2025-05-12,407.1,17.89,44.57,90.96,0.909,92.01
A0537,2025-04-29,26.8,13.35,18.92,27.97,0.909,28.18
A0537,2025-04-30,26.8,16.2,22.58,32.96,0.909,33.19
A0537,2025-05-01,26.8,12.67,17.35,24.96,0.909,25.14
A0537,2025-05-02,26.8,16.95,23.12,33.14,0.909,33.37
A0537,2025-05-03,26.8,16.39,22.72,33.02,0.909,33.25
A0537,2025-05-04,26.8,11.58,16.98,25.75,0.909,25.95
A0537,2025-05-05,26.8,14.57,19.6,27.79,0.909,27.98
A0537,2025-05-06,26.8,14.76,20.84,30.72,0.909,30.94
A0537,2025-05-07,26.8,14.64,20.22,29.3,0.909,29.51
A0537,2025-05-08,26.8,16.5,22.65,32.64,0.909,32.87
A0537,2025-05-09,26.8,17.6,24.14,34.78,0.909,35.03
A0537,2025-05-10,26.8,17.48,24.27,35.31,0.909,35.56
A0537,2025-05-11,26.8,11.42,16.65,25.14,0.909,25.33
A0537,2025-05-12,26.8,17.54,24.99,37.09,0.909,37.36
A0538,2025-04-29,4.0,35.22,50.18,72.88,0.556,53.33
A0538,2025-04-30,4.0,48.88,68.65,98.65,0.556,72.81
A0538,2025-05-01,4.0,34.03,48.15,69.58,0.556,51.13
A0538,2025-05-02,4.0,45.98,65.96,96.27,0.556,70.17
A0538,2025-05-03,4.0,50.33,72.34,105.75,0.556,76.98
A0538,2025-05-04,4.0,36.83,50.69,71.71,0.556,53.61
A0538,2025-05-05,4.0,35.51,51.02,74.57,0.556,54.29
A0538,2025-05-06,4.0,34.95,50.19,73.31,0.556,53.4
A0538,2025-05-07,4.0,36.9,53.22,77.98,0.556,56.66
A0538,2025-05-08,4.0,42.55,61.06,89.16,0.556,64.96
A0538,2025-05-09,4.0,45.19,65.12,95.37,0.556,69.32
A0538,2025-05-10,4.0,50.04,71.76,104.71,0.556,76.33
A0538,2025-05-11,4.0,28.88,40.84,58.98,0.556,43.36
A0538,2025-05-12,4.0,43.52,63.28,93.25,0.556,67.44
A0539,2025-04-29,2.5,64.87,93.93,133.74,0.556,99.46
A0539,2025-04-30,2.5,83.24,114.8,158.03,0.556,120.8
A0539,2025-05-01,2.5,55.62,76.59,105.31,0.556,80.57
A0539,2025-05-02,2.5,80.89,115.92,163.9,0.556,122.58
A0539,2025-05-03,2.5,86.52,126.41,181.06,0.556,134.0
A0539,2025-05-04,2.5,63.32,86.74,118.82,0.556,91.19
A0539,2025-05-05,2.5,57.93,80.33,111.02,0.556,84.59
A0539,2025-05-06,2.5,63.68,92.69,132.42,0.556,98.2
A0539,2025-05-07,2.5,65.64,95.93,137.41,0.556,101.69
A0539,2025-05-08,2.5,71.06,102.5,145.57,0.556,108.48
A0539,2025-05-09,2.5,80.5,115.34,163.07,0.556,121.97
A0539,2025-05-10,2.5,87.71,127.2,181.29,0.556,134.71
A0539,2025-05-11,2.5,50.57,73.14,104.05,0.556,77.43
A0539,2025-05-12,2.5,72.6,103.61,146.08,0.556,109.51
A0540,2025-04-29,436.3,7.86,12.64,18.82,0.909,18.96
A0540,2025-04-30,436.3,10.16,15.28,21.89,0.909,22.04
A0540,2025-05-01,436.3,7.18,11.56,17.22,0.909,17.35
A0540,2025-05-02,436.3,9.7,14.89,21.6,0.909,21.75
A0540,2025-05-03,436.3,10.62,16.67,24.48,0.909,24.66
A0540,2025-05-04,436.3,8.81,13.27,19.03,0.909,19.16
A0540,2025-05-05,436.3,6.91,10.52,15.19,0.909,15.29
A0540,2025-05-06,436.3,8.08,12.67,18.59,0.909,18.73
A0540,2025-05-07,436.3,7.83,11.97,17.33,0.909,17.45
A0540,2025-05-08,436.3,8.46,13.31,19.57,0.909,19.71
A0540,2025-05-09,436.3,9.43,14.19,20.34,0.909,20.48
A0540,2025-05-10,436.3,9.85,15.17,22.05,0.909,22.21
A0540,2025-05-11,436.3,6.68,10.14,14.62,0.909,14.72
A0540,2025-05-12,436.3,7.16,10.77,15.44,0.909,15.54
A0541,2025-04-29,4.4,5.98,20.45,44.63,0.556,23.8
A0541,2025-04-30,4.4,8.49,25.99,54.71,0.556,29.98
A0541,2025-05-01,4.4,6.06,20.46,44.23,0.556,23.76
A0541,2025-05-02,4.4,21.52,51.95,104.0,0.556,59.18
A0541,2025-05-03,4.4,20.75,51.0,103.49,0.556,58.29
A0541,2025-05-04,4.4,15.29,40.85,83.68,0.556,46.8
A0541,2025-05-05,4.4,14.65,38.67,79.22,0.556,44.3
A0541,2025-05-06,4.4,13.99,37.58,77.03,0.556,43.06
A0541,2025-05-07,4.4,4.91,18.42,40.69,0.556,21.52
A0541,2025-05-08,4.4,6.54,21.99,47.15,0.556,25.48
A0541,2025-05-09,4.4,7.8,24.8,53.12,0.556,28.73
A0541,2025-05-10,4.4,8.67,26.77,57.13,0.556,30.99
A0541,2025-05-11,4.4,4.2,16.93,38.01,0.556,19.86
A0541,2025-05-12,4.4,8.7,26.04,55.09,0.556,30.08
A0542,2025-04-29,3.6,204.1,269.03,386.75,0.556,285.38
A0542,2025-04-30,3.6,252.44,332.63,478.01,0.556,352.82
A0542,2025-05-01,3.6,170.78,223.95,320.36,0.556,237.34
A0542,2025-05-02,3.6,246.91,333.38,490.15,0.556,355.15
A0542,2025-05-03,3.6,257.55,344.19,501.28,0.556,366.01
A0542,2025-05-04,3.6,194.21,257.87,373.28,0.556,273.9
A0542,2025-05-05,3.6,174.98,229.7,328.91,0.556,243.48
A0542,2025-05-06,3.6,200.9,263.77,377.76,0.556,279.6
A0542,2025-05-07,3.6,206.5,275.79,401.41,0.556,293.24
A0542,2025-05-08,3.6,213.99,281.73,404.56,0.556,298.79
A0542,2025-05-09,3.6,248.95,335.66,492.86,0.556,357.49
A0542,2025-05-10,3.6,261.36,349.85,510.29,0.556,372.13
A0542,2025-05-11,3.6,157.11,211.89,311.21,0.556,225.69
A0542,2025-05-12,3.6,218.67,284.2,402.99,0.556,300.7
A0543,2025-04-29,4.1,63.38,85.35,120.15,0.556,90.18
A0543,2025-04-30,4.1,76.67,101.94,141.96,0.556,107.5
A0543,2025-05-01,4.1,60.34,79.89,110.86,0.556,84.19
A0543,2025-05-02,4.1,78.87,105.58,147.9,0.556,111.46
A0543,2025-05-03,4.1,85.13,114.56,161.19,0.556,121.04
A0543,2025-05-04,4.1,60.05,77.14,104.21,0.556,80.9
A0543,2025-05-05,4.1,60.07,80.83,113.71,0.556,85.39
A0543,2025-05-06,4.1,66.65,89.11,124.69,0.556,94.05
A0543,2025-05-07,4.1,68.63,91.12,126.73,0.556,96.06
A0543,2025-05-08,4.1,122.93,164.06,229.23,0.556,173.11
A0543,2025-05-09,4.1,130.93,177.16,250.4,0.556,187.34
A0543,2025-05-10,4.1,141.36,191.22,270.19,0.556,202.19
A0543,2025-05-11,4.1,83.68,110.91,154.03,0.556,116.9
A0543,2025-05-12,4.1,67.83,93.03,132.96,0.556,98.58
A0544,2025-04-29,3.2,264.27,355.56,484.97,0.556,373.53
A0544,2025-04-30,3.2,314.43,419.62,568.75,0.556,440.34
A0544,2025-05-01,3.2,230.15,313.08,430.65,0.556,329.41
A0544,2025-05-02,3.2,323.55,444.12,615.06,0.556,467.86
A0544,2025-05-03,3.2,342.05,466.25,642.33,0.556,490.7
A0544,2025-05-04,3.2,240.07,332.36,463.2,0.556,350.53
A0544,2025-05-05,3.2,251.43,348.64,486.45,0.556,367.78
A0544,2025-05-06,3.2,271.39,364.65,496.86,0.556,383.01
A0544,2025-05-07,3.2,272.15,361.82,488.93,0.556,379.47
A0544,2025-05-08,3.2,290.94,387.33,523.99,0.556,406.32
A0544,2025-05-09,3.2,327.88,446.58,614.85,0.556,469.95
A0544,2025-05-10,3.2,344.85,463.76,632.33,0.556,487.17
A0544,2025-05-11,3.2,213.14,294.96,410.95,0.556,311.07
A0544,2025-05-12,3.2,289.19,399.21,555.19,0.556,420.88
A0545,2025-04-29,12.1,42.58,59.63,81.99,0.909,82.5
A0545,2025-04-30,12.1,49.58,66.35,88.34,0.909,88.84
A0545,2025-05-01,12.1,35.8,49.15,66.67,0.909,67.07
A0545,2025-05-02,12.1,49.53,69.06,94.68,0.909,95.27
A0545,2025-05-03,12.1,53.25,73.6,100.3,0.909,100.91
A0545,2025-05-04,12.1,21.8,31.25,43.64,0.909,43.92
A0545,2025-05-05,12.1,20.02,28.08,38.65,0.909,38.89
A0545,2025-05-06,12.1,23.88,34.4,48.2,0.909,48.52
A0545,2025-05-07,12.1,25.62,35.26,47.91,0.909,48.2
A0545,2025-05-08,12.1,28.19,39.2,53.65,0.909,53.98
A0545,2025-05-09,12.1,31.96,44.45,60.85,0.909,61.22
A0545,2025-05-10,12.1,35.75,49.01,66.41,0.909,66.81
A0545,2025-05-11,12.1,21.65,30.12,41.24,0.909,41.49
A0545,2025-05-12,12.1,26.96,36.61,49.27,0.909,49.55
A0546,2025-04-29,5.0,25.48,36.76,53.52,0.556,39.09
A0546,2025-04-30,5.0,30.46,41.89,58.87,0.556,44.25
A0546,2025-05-01,5.0,25.21,34.75,48.92,0.556,36.72
A0546,2025-05-02,5.0,32.68,45.8,65.29,0.556,48.5
A0546,2025-05-03,5.0,34.95,50.06,72.5,0.556,53.17
A0546,2025-05-04,5.0,26.22,35.16,48.43,0.556,37.0
A0546,2025-05-05,5.0,25.97,35.98,50.86,0.556,38.05
A0546,2025-05-06,5.0,26.24,37.52,54.29,0.556,39.85
A0546,2025-05-07,5.0,26.96,38.67,56.07,0.556,41.09
A0546,2025-05-08,5.0,29.47,41.7,59.86,0.556,44.22
A0546,2025-05-09,5.0,31.32,44.12,63.13,0.556,46.76
A0546,2025-05-10,5.0,33.97,48.35,69.7,0.556,51.31
A0546,2025-05-11,5.0,21.43,30.47,43.91,0.556,32.34
A0546,2025-05-12,5.0,29.63,41.67,59.56,0.556,44.16
A0547,2025-04-29,2.4,93.87,126.58,174.54,0.556,133.24
A0547,2025-04-30,2.4,122.2,168.98,237.59,0.556,178.51
A0547,2025-05-01,2.4,86.09,116.22,160.41,0.556,122.36
A0547,2025-05-02,2.4,117.57,160.13,222.55,0.556,168.8
A0547,2025-05-03,2.4,125.27,165.89,225.44,0.556,174.16
A0547,2025-05-04,2.4,92.72,128.0,179.73,0.556,135.18
A0547,2025-05-05,2.4,90.85,121.36,166.1,0.556,127.57
A0547,2025-05-06,2.4,98.58,131.95,180.88,0.556,138.75
A0547,2025-05-07,2.4,98.36,130.07,176.57,0.556,136.53
A0547,2025-05-08,2.4,108.96,144.04,195.49,0.556,151.19
A0547,2025-05-09,2.4,119.95,162.08,223.87,0.556,170.66
A0547,2025-05-10,2.4,126.83,166.21,223.96,0.556,174.23
A0547,2025-05-11,2.4,75.66,101.77,140.05,0.556,107.08
A0547,2025-05-12,2.4,104.72,139.46,190.39,0.556,146.53
A0548,2025-04-29,374.9,8.48,13.75,21.59,0.909,21.76
A0548,2025-04-30,374.9,10.36,18.49,30.58,0.909,30.86
A0548,2025-05-01,374.9,7.57,13.08,21.28,0.909,21.46
A0548,2025-05-02,374.9,10.34,17.06,27.05,0.909,27.28
A0548,2025-05-03,374.9,9.93,15.71,24.3,0.909,24.5
A0548,2025-05-04,374.9,7.26,12.74,20.89,0.909,21.07
A0548,2025-05-05,374.9,8.77,14.83,23.85,0.909,24.05
A0548,2025-05-06,374.9,9.07,14.6,22.82,0.909,23.01
A0548,2025-05-07,374.9,9.1,15.2,24.27,0.909,24.48
A0548,2025-05-08,374.9,9.95,15.44,23.61,0.909,23.79
A0548,2025-05-09,374.9,10.93,18.08,28.7,0.909,28.94
A0548,2025-05-10,374.9,10.7,17.29,27.09,0.909,27.32
A0548,2025-05-11,374.9,7.24,11.91,18.84,0.909,19.0
A0548,2025-05-12,374.9,11.26,18.23,28.6,0.909,28.83
A0549,2025-04-29,6.3,35.0,46.62,62.76,0.556,48.86
A0549,2025-04-30,6.3,43.5,57.39,76.69,0.556,60.07
A0549,2025-05-01,6.3,35.86,49.05,67.39,0.556,51.6
A0549,2025-05-02,6.3,44.13,59.03,79.73,0.556,61.9
A0549,2025-05-03,6.3,45.97,61.47,83.01,0.556,64.46
A0549,2025-05-04,6.3,33.46,44.33,59.43,0.556,46.42
A0549,2025-05-05,6.3,37.1,49.23,66.1,0.556,51.58
A0549,2025-05-06,6.3,38.27,49.89,66.03,0.556,52.13
A0549,2025-05-07,6.3,38.16,51.25,69.44,0.556,53.77
A0549,2025-05-08,6.3,43.45,58.3,78.94,0.556,61.17
A0549,2025-05-09,6.3,46.09,61.36,82.57,0.556,64.3
A0549,2025-05-10,6.3,48.41,64.78,87.52,0.556,67.94
A0549,2025-05-11,6.3,30.25,40.73,55.28,0.556,42.75
A0549,2025-05-12,6.3,44.26,58.03,77.15,0.556,60.68
A0550,2025-04-29,5.7,41.53,60.03,88.93,0.556,64.04
A0550,2025-04-30,5.7,51.22,75.16,112.57,0.556,80.36
A0550,2025-05-01,5.7,38.23,54.64,80.29,0.556,58.21
A0550,2025-05-02,5.7,52.02,74.63,109.96,0.556,79.54
A0550,2025-05-03,5.7,54.27,78.66,116.75,0.556,83.95
A0550,2025-05-04,5.7,39.94,58.46,87.4,0.556,62.48
A0550,2025-05-05,5.7,39.42,56.36,82.83,0.556,60.04
A0550,2025-05-06,5.7,43.09,61.55,90.39,0.556,65.56
A0550,2025-05-07,5.7,43.53,61.95,90.72,0.556,65.94
A0550,2025-05-08,5.7,47.16,66.76,97.39,0.556,71.01
A0550,2025-05-09,5.7,51.83,74.13,108.97,0.556,78.97
A0550,2025-05-10,5.7,54.56,78.33,115.48,0.556,83.49
A0550,2025-05-11,5.7,34.05,48.69,71.56,0.556,51.87
A0550,2025-05-12,5.7,45.04,64.56,95.05,0.556,68.8
A0551,2025-04-29,413.3,14.18,22.76,33.09,0.909,33.32
A0551,2025-04-30,413.3,17.72,27.13,38.44,0.909,38.7
A0551,2025-05-01,413.3,14.05,23.93,35.82,0.909,36.09
A0551,2025-05-02,413.3,16.8,27.41,40.16,0.909,40.45
A0551,2025-05-03,413.3,17.72,28.25,40.91,0.909,41.2
A0551,2025-05-04,413.3,13.68,21.77,31.51,0.909,31.74
A0551,2025-05-05,413.3,12.92,21.96,32.84,0.909,33.08
A0551,2025-05-06,413.3,13.35,22.08,32.58,0.909,32.81
A0551,2025-05-07,413.3,13.66,21.83,31.67,0.909,31.89
A0551,2025-05-08,413.3,15.37,24.71,35.96,0.909,36.21
A0551,2025-05-09,413.3,29.11,45.08,64.3,0.909,64.74
A0551,2025-05-10,413.3,30.06,45.6,64.29,0.909,64.71
A0551,2025-05-11,413.3,19.9,30.97,44.28,0.909,44.58
A0551,2025-05-12,413.3,24.25,37.47,53.38,0.909,53.74
A0552,2025-04-29,202.4,19.17,28.32,41.63,0.909,41.94
A0552,2025-04-30,202.4,24.49,37.32,55.98,0.909,56.4
A0552,2025-05-01,202.4,18.82,28.22,41.88,0.909,42.19
A0552,2025-05-02,202.4,25.37,37.42,54.95,0.909,55.35
A0552,2025-05-03,202.4,26.46,39.83,59.28,0.909,59.72
A0552,2025-05-04,202.4,20.86,31.17,46.17,0.909,46.52
A0552,2025-05-05,202.4,18.85,28.08,41.51,0.909,41.82
A0552,2025-05-06,202.4,19.42,28.5,41.69,0.909,41.99
A0552,2025-05-07,202.4,20.33,30.3,44.82,0.909,45.15
A0552,2025-05-08,202.4,22.26,33.94,50.93,0.909,51.32
A0552,2025-05-09,202.4,24.69,36.76,54.32,0.909,54.72
A0552,2025-05-10,202.4,25.98,39.45,59.05,0.909,59.49
A0552,2025-05-11,202.4,16.36,24.7,36.83,0.909,37.11
A0552,2025-05-12,202.4,21.57,32.53,48.49,0.909,48.85
A0553,2025-04-29,300.6,47.83,65.8,97.17,0.909,97.88
A0553,2025-04-30,300.6,55.8,74.12,106.08,0.909,106.8
A0553,2025-05-01,300.6,43.08,58.77,86.13,0.909,86.76
A0553,2025-05-02,300.6,57.19,75.49,107.43,0.909,108.16
A0553,2025-05-03,300.6,282.06,391.5,582.5,0.909,586.84
A0553,2025-05-04,300.6,239.29,315.46,448.39,0.909,451.41
A0553,2025-05-05,300.6,216.3,307.21,465.86,0.909,469.47
A0553,2025-05-06,300.6,237.58,333.53,500.99,0.909,504.79
A0553,2025-05-07,300.6,242.69,340.53,511.27,0.909,515.15
A0553,2025-05-08,300.6,262.93,368.39,552.44,0.909,556.62
A0553,2025-05-09,300.6,280.01,381.49,558.6,0.909,562.62
A0553,2025-05-10,300.6,50.07,70.74,106.82,0.909,107.64
A0553,2025-05-11,300.6,30.0,43.41,66.81,0.909,67.34
A0553,2025-05-12,300.6,43.41,62.76,96.53,0.909,97.29
A0554,2025-04-29,3.5,155.01,194.44,258.9,0.556,203.4
A0554,2025-04-30,3.5,205.46,262.12,354.74,0.556,274.98
A0554,2025-05-01,3.5,143.13,178.75,236.99,0.556,186.84
A0554,2025-05-02,3.5,192.76,246.81,335.16,0.556,259.08
A0554,2025-05-03,3.5,214.5,275.77,375.93,0.556,289.68
A0554,2025-05-04,3.5,166.87,210.82,282.65,0.556,220.79
A0554,2025-05-05,3.5,141.14,180.24,244.17,0.556,189.12
A0554,2025-05-06,3.5,152.21,190.81,253.92,0.556,199.58
A0554,2025-05-07,3.5,164.2,209.17,282.67,0.556,219.37
A0554,2025-05-08,3.5,173.27,216.61,287.46,0.556,226.45
A0554,2025-05-09,3.5,190.26,242.63,328.24,0.556,254.52
A0554,2025-05-10,3.5,212.62,271.5,367.76,0.556,284.87
A0554,2025-05-11,3.5,127.71,161.65,217.13,0.556,169.35
A0554,2025-05-12,3.5,168.73,214.8,290.13,0.556,225.27
A0555,2025-04-29,368.4,5.13,18.51,41.02,0.909,41.53
A0555,2025-04-30,368.4,7.36,23.08,49.75,0.909,50.36
A0555,2025-05-01,368.4,4.52,17.02,37.88,0.909,38.35
A0555,2025-05-02,368.4,6.96,22.16,48.16,0.909,48.75
A0555,2025-05-03,368.4,7.32,23.21,50.57,0.909,51.19
A0555,2025-05-04,368.4,5.48,19.46,42.98,0.909,43.51
A0555,2025-05-05,368.4,3.88,15.94,36.28,0.909,36.75
A0555,2025-05-06,368.4,5.08,18.56,41.17,0.909,41.68
A0555,2025-05-07,368.4,5.42,19.39,42.63,0.909,43.16
A0555,2025-05-08,368.4,5.82,20.24,44.01,0.909,44.55
A0555,2025-05-09,368.4,6.75,22.16,48.03,0.909,48.62
A0555,2025-05-10,368.4,7.3,23.38,50.66,0.909,51.28
A0555,2025-05-11,368.4,3.52,15.37,34.91,0.909,35.36
A0555,2025-05-12,368.4,5.34,18.93,41.7,0.909,42.22
A0556,2025-04-29,6.9,73.36,96.46,131.75,0.556,101.36
A0556,2025-04-30,6.9,93.0,123.9,171.12,0.556,130.46
A0556,2025-05-01,6.9,68.34,88.64,119.66,0.556,92.95
A0556,2025-05-02,6.9,93.65,119.85,159.9,0.556,125.41
A0556,2025-05-03,6.9,98.61,129.27,176.13,0.556,135.78
A0556,2025-05-04,6.9,76.27,103.45,144.97,0.556,109.21
A0556,2025-05-05,6.9,74.03,94.63,126.11,0.556,99.0
A0556,2025-05-06,6.9,77.77,101.05,136.63,0.556,105.99
A0556,2025-05-07,6.9,77.33,97.53,128.39,0.556,101.81
A0556,2025-05-08,6.9,87.63,113.39,152.74,0.556,118.85
A0556,2025-05-09,6.9,94.83,121.1,161.24,0.556,126.67
A0556,2025-05-10,6.9,101.11,131.8,178.71,0.556,138.32
A0556,2025-05-11,6.9,63.38,82.67,112.16,0.556,86.77
A0556,2025-05-12,6.9,88.67,114.0,152.71,0.556,119.38
A0557,2025-04-29,424.6,32.49,47.24,67.8,0.909,68.27
A0557,2025-04-30,424.6,38.11,54.35,76.98,0.909,77.49
A0557,2025-05-01,424.6,29.19,41.82,59.4,0.909,59.8
A0557,2025-05-02,424.6,39.03,56.34,80.46,0.909,81.0
A0557,2025-05-03,424.6,39.42,56.42,80.11,0.909,80.65
A0557,2025-05-04,424.6,76.41,109.16,154.79,0.909,155.83
A0557,2025-05-05,424.6,75.1,108.07,154.01,0.909,155.05
A0557,2025-05-06,424.6,79.01,116.1,167.76,0.909,168.94
A0557,2025-05-07,424.6,30.09,44.76,65.19,0.909,65.66
A0557,2025-05-08,424.6,32.51,48.49,70.75,0.909,71.26
A0557,2025-05-09,424.6,36.47,53.87,78.12,0.909,78.67
A0557,2025-05-10,424.6,37.56,54.81,78.86,0.909,79.4
A0557,2025-05-11,424.6,25.14,36.99,53.49,0.909,53.86
A0557,2025-05-12,424.6,35.14,50.96,72.99,0.909,73.49
A0558,2025-04-29,303.8,18.89,28.96,43.04,0.909,43.36
A0558,2025-04-30,303.8,22.49,34.6,51.52,0.909,51.9
A0558,2025-05-01,303.8,17.05,25.89,38.25,0.909,38.53
A0558,2025-05-02,303.8,23.07,34.76,51.1,0.909,51.47
A0558,2025-05-03,303.8,22.04,33.73,50.06,0.909,50.43
A0558,2025-05-04,303.8,17.77,28.09,42.51,0.909,42.84
A0558,2025-05-05,303.8,17.27,25.96,38.08,0.909,38.36
A0558,2025-05-06,303.8,19.48,29.41,43.28,0.909,43.6
A0558,2025-05-07,303.8,19.89,30.13,44.44,0.909,44.77
A0558,2025-05-08,303.8,21.46,32.45,47.82,0.909,48.17
A0558,2025-05-09,303.8,23.62,35.41,51.87,0.909,52.25
A0558,2025-05-10,303.8,22.98,34.9,51.55,0.909,51.93
A0558,2025-05-11,303.8,15.79,24.43,36.51,0.909,36.78
A0558,2025-05-12,303.8,21.81,32.46,47.34,0.909,47.68
A0559,2025-04-29,351.9,17.27,26.37,41.66,0.909,42.01
A0559,2025-04-30,351.9,23.7,34.87,53.65,0.909,54.08
A0559,2025-05-01,351.9,16.22,24.92,39.54,0.909,39.87
A0559,2025-05-02,351.9,23.67,33.51,50.05,0.909,50.43
A0559,2025-05-03,351.9,22.2,31.42,46.93,0.909,47.28
A0559,2025-05-04,351.9,17.17,24.58,37.04,0.909,37.32
A0559,2025-05-05,351.9,19.27,29.49,46.66,0.909,47.05
A0559,2025-05-06,351.9,18.56,28.24,44.52,0.909,44.89
A0559,2025-05-07,351.9,18.8,29.33,47.03,0.909,47.44
A0559,2025-05-08,351.9,21.43,31.53,48.49,0.909,48.88
A0559,2025-05-09,351.9,23.83,34.66,52.86,0.909,53.27
A0559,2025-05-10,351.9,23.73,34.86,53.55,0.909,53.97
A0559,2025-05-11,351.9,15.65,23.46,36.59,0.909,36.89
A0559,2025-05-12,351.9,24.53,38.92,63.12,0.909,63.67
A0560,2025-04-29,3.0,192.08,258.19,340.78,0.556,269.66
A0560,2025-04-30,3.0,129.8,174.59,230.56,0.556,182.37
A0560,2025-05-01,3.0,102.62,140.17,187.09,0.556,146.69
A0560,2025-05-02,3.0,131.36,178.27,236.88,0.556,186.41
A0560,2025-05-03,3.0,141.84,196.89,265.68,0.556,206.45
A0560,2025-05-04,3.0,104.11,144.88,195.83,0.556,151.96
A0560,2025-05-05,3.0,108.95,151.33,204.27,0.556,158.68
A0560,2025-05-06,3.0,111.76,150.49,198.88,0.556,157.21
A0560,2025-05-07,3.0,114.6,150.75,195.92,0.556,157.02
A0560,2025-05-08,3.0,126.07,166.81,217.72,0.556,173.88
A0560,2025-05-09,3.0,136.16,181.31,237.72,0.556,189.14
A0560,2025-05-10,3.0,147.8,199.11,263.23,0.556,208.02
A0560,2025-05-11,3.0,92.12,125.29,166.74,0.556,131.05
A0560,2025-05-12,3.0,129.51,175.68,233.37,0.556,183.69
A0561,2025-04-29,31.2,7.81,13.46,22.45,0.909,22.66
A0561,2025-04-30,31.2,10.11,16.75,27.31,0.909,27.55
A0561,2025-05-01,31.2,6.69,12.13,20.78,0.909,20.98
A0561,2025-05-02,31.2,10.12,16.42,26.45,0.909,26.68
A0561,2025-05-03,31.2,10.01,15.73,24.84,0.909,25.05
A0561,2025-05-04,31.2,6.87,12.3,20.95,0.909,21.15
A0561,2025-05-05,31.2,8.28,14.83,25.25,0.909,25.49
A0561,2025-05-06,31.2,8.89,15.07,24.91,0.909,25.14
A0561,2025-05-07,31.2,9.09,14.55,23.23,0.909,23.42
A0561,2025-05-08,31.2,10.14,16.1,25.58,0.909,25.79
A0561,2025-05-09,31.2,10.95,17.78,28.66,0.909,28.91
A0561,2025-05-10,31.2,11.04,17.73,28.38,0.909,28.62
A0561,2025-05-11,31.2,7.11,12.24,20.41,0.909,20.59
A0561,2025-05-12,31.2,10.52,19.24,33.12,0.909,33.44
A0562,2025-04-29,429.0,22.1,33.34,49.52,0.909,49.88
A0562,2025-04-30,429.0,29.02,42.34,61.52,0.909,61.95
A0562,2025-05-01,429.0,35.55,51.92,75.48,0.909,76.02
A0562,2025-05-02,429.0,48.33,73.17,108.91,0.909,109.72
A0562,2025-05-03,429.0,51.98,80.57,121.72,0.909,122.66
A0562,2025-05-04,429.0,42.53,64.11,95.18,0.909,95.89
A0562,2025-05-05,429.0,30.09,44.24,64.6,0.909,65.07
A0562,2025-05-06,429.0,17.6,27.8,42.48,0.909,42.81
A0562,2025-05-07,429.0,46.51,72.07,108.86,0.909,109.7
A0562,2025-05-08,429.0,48.42,75.94,115.55,0.909,116.45
A0562,2025-05-09,429.0,54.23,83.71,126.15,0.909,127.11
A0562,2025-05-10,429.0,22.87,36.01,54.94,0.909,55.37
A0562,2025-05-11,429.0,14.01,22.43,34.54,0.909,34.82
A0562,2025-05-12,429.0,16.42,24.18,35.34,0.909,35.59
A0563,2025-04-29,297.1,7.05,11.62,17.78,0.909,17.92
A0563,2025-04-30,297.1,9.04,14.46,21.77,0.909,21.94
A0563,2025-05-01,297.1,17.03,29.45,46.18,0.909,46.56
A0563,2025-05-02,297.1,23.62,38.04,57.47,0.909,57.91
A0563,2025-05-03,297.1,24.04,36.42,53.1,0.909,53.48
A0563,2025-05-04,297.1,18.22,27.95,41.07,0.909,41.37
A0563,2025-05-05,297.1,19.82,32.93,50.61,0.909,51.01
A0563,2025-05-06,297.1,19.48,32.27,49.51,0.909,49.9
A0563,2025-05-07,297.1,20.09,32.28,48.71,0.909,49.08
A0563,2025-05-08,297.1,6.9,12.79,20.73,0.909,20.91
A0563,2025-05-09,297.1,7.93,14.15,22.52,0.909,22.71
A0563,2025-05-10,297.1,8.75,14.1,21.31,0.909,21.47
A0563,2025-05-11,297.1,5.64,9.71,15.19,0.909,15.31
A0563,2025-05-12,297.1,9.73,17.13,27.11,0.909,27.34
A0564,2025-04-29,379.9,31.57,45.35,67.58,0.909,68.08
A0564,2025-04-30,379.9,38.5,58.74,91.37,0.909,92.11
A0564,2025-05-01,379.9,29.95,42.75,63.39,0.909,63.86
A0564,2025-05-02,379.9,37.28,54.13,81.31,0.909,81.93
A0564,2025-05-03,379.9,39.44,56.92,85.12,0.909,85.76
A0564,2025-05-04,379.9,31.65,47.13,72.11,0.909,72.68
A0564,2025-05-05,379.9,28.63,40.95,60.82,0.909,61.27
A0564,2025-05-06,379.9,31.64,45.15,66.95,0.909,67.44
A0564,2025-05-07,379.9,33.11,47.81,71.52,0.909,72.06
A0564,2025-05-08,379.9,34.28,49.21,73.29,0.909,73.83
A0564,2025-05-09,379.9,35.99,52.17,78.28,0.909,78.87
A0564,2025-05-10,379.9,37.85,54.05,80.17,0.909,80.77
A0564,2025-05-11,379.9,25.99,37.61,56.36,0.909,56.78
A0564,2025-05-12,379.9,31.17,44.27,65.39,0.909,65.87
A0565,2025-04-29,3.0,178.15,235.59,320.99,0.556,247.45
A0565,2025-04-30,3.0,239.65,312.31,420.33,0.556,327.31
A0565,2025-05-01,3.0,160.3,214.24,294.45,0.556,225.38
A0565,2025-05-02,3.0,222.43,296.14,405.72,0.556,311.36
A0565,2025-05-03,3.0,243.24,319.71,433.4,0.556,335.5
A0565,2025-05-04,3.0,182.77,236.57,316.55,0.556,247.68
A0565,2025-05-05,3.0,169.18,221.14,298.4,0.556,231.87
A0565,2025-05-06,3.0,181.96,240.52,327.59,0.556,252.61
A0565,2025-05-07,3.0,189.39,247.08,332.87,0.556,259.0
A0565,2025-05-08,3.0,200.72,265.78,362.51,0.556,279.21
A0565,2025-05-09,3.0,223.15,295.9,404.06,0.556,310.92
A0565,2025-05-10,3.0,245.32,319.13,428.88,0.556,334.37
A0565,2025-05-11,3.0,145.48,190.22,256.75,0.556,199.46
A0565,2025-05-12,3.0,202.0,263.17,354.12,0.556,275.8
A0566,2025-04-29,311.6,11.32,17.73,27.51,0.909,27.73
A0566,2025-04-30,311.6,13.29,20.94,32.6,0.909,32.87
A0566,2025-05-01,311.6,9.88,14.92,22.62,0.909,22.79
A0566,2025-05-02,311.6,13.17,20.67,32.11,0.909,32.37
A0566,2025-05-03,311.6,14.19,22.66,35.59,0.909,35.89
A0566,2025-05-04,311.6,10.97,17.49,27.43,0.909,27.65
A0566,2025-05-05,311.6,9.68,14.85,22.74,0.909,22.91
A0566,2025-05-06,311.6,11.51,17.85,27.52,0.909,27.74
A0566,2025-05-07,311.6,11.43,17.59,26.99,0.909,27.2
A0566,2025-05-08,311.6,11.42,17.26,26.18,0.909,26.38
A0566,2025-05-09,311.6,13.27,20.56,31.67,0.909,31.93
A0566,2025-05-10,311.6,14.11,22.08,34.24,0.909,34.52
A0566,2025-05-11,311.6,9.2,14.63,22.9,0.909,23.09
A0566,2025-05-12,311.6,11.53,17.06,25.49,0.909,25.68
A0567,2025-04-29,3.2,54.92,77.91,105.29,0.556,81.72
A0567,2025-04-30,3.2,74.42,108.99,150.15,0.556,114.7
A0567,2025-05-01,3.2,51.5,74.9,102.78,0.556,78.78
A0567,2025-05-02,3.2,68.57,99.18,135.63,0.556,104.24
A0567,2025-05-03,3.2,73.53,106.04,144.76,0.556,111.42
A0567,2025-05-04,3.2,54.87,78.93,107.57,0.556,82.9
A0567,2025-05-05,3.2,54.12,77.41,105.16,0.556,81.27
A0567,2025-05-06,3.2,57.22,80.41,108.03,0.556,84.25
A0567,2025-05-07,3.2,58.69,83.66,113.39,0.556,87.79
A0567,2025-05-08,3.2,63.55,90.06,121.64,0.556,94.45
A0567,2025-05-09,3.2,133.39,191.33,260.32,0.556,200.91
A0567,2025-05-10,3.2,142.15,202.81,275.04,0.556,212.84
A0567,2025-05-11,3.2,85.05,120.04,161.69,0.556,125.82
A0567,2025-05-12,3.2,119.96,169.47,228.43,0.556,177.66
A0568,2025-04-29,196.4,9.58,16.18,25.16,0.909,25.36
A0568,2025-04-30,196.4,12.99,20.89,31.62,0.909,31.86
A0568,2025-05-01,196.4,9.71,16.95,26.8,0.909,27.02
A0568,2025-05-02,196.4,12.1,19.98,30.7,0.909,30.94
A0568,2025-05-03,196.4,12.7,21.16,32.68,0.909,32.94
A0568,2025-05-04,196.4,9.85,16.37,25.25,0.909,25.45
A0568,2025-05-05,196.4,10.1,17.68,27.99,0.909,28.22
A0568,2025-05-06,196.4,9.77,16.69,26.1,0.909,26.31
A0568,2025-05-07,196.4,9.96,16.18,24.64,0.909,24.83
A0568,2025-05-08,196.4,10.92,18.06,27.76,0.909,27.98
A0568,2025-05-09,196.4,12.15,19.94,30.53,0.909,30.77
A0568,2025-05-10,196.4,12.71,20.79,31.78,0.909,32.03
A0568,2025-05-11,196.4,8.04,13.51,20.96,0.909,21.13
A0568,2025-05-12,196.4,12.08,19.86,30.43,0.909,30.67
A0569,2025-04-29,4.2,13.75,22.08,33.39,0.556,23.65
A0569,2025-04-30,4.2,17.0,27.48,41.71,0.556,29.45
A0569,2025-05-01,4.2,13.02,20.51,30.68,0.556,21.92
A0569,2025-05-02,4.2,17.21,26.8,39.83,0.556,28.61
A0569,2025-05-03,4.2,18.57,29.66,44.72,0.556,31.75
A0569,2025-05-04,4.2,13.04,20.44,30.49,0.556,21.83
A0569,2025-05-05,4.2,13.59,21.54,32.35,0.556,23.04
A0569,2025-05-06,4.2,14.91,23.58,35.36,0.556,25.21
A0569,2025-05-07,4.2,14.88,23.15,34.39,0.556,24.71
A0569,2025-05-08,4.2,15.19,23.23,34.16,0.556,24.75
A0569,2025-05-09,4.2,17.36,26.52,38.98,0.556,28.25
A0569,2025-05-10,4.2,18.37,28.37,41.96,0.556,30.25
A0569,2025-05-11,4.2,11.32,17.41,25.67,0.556,18.55
A0569,2025-05-12,4.2,16.04,24.6,36.22,0.556,26.21
A0570,2025-04-29,2.5,146.74,216.06,320.26,0.556,230.53
A0570,2025-04-30,2.5,171.26,250.48,369.56,0.556,267.02
A0570,2025-05-01,2.5,131.24,188.86,275.47,0.556,200.89
A0570,2025-05-02,2.5,175.84,256.62,378.04,0.556,273.48
A0570,2025-05-03,2.5,185.92,269.9,396.14,0.556,287.44
A0570,2025-05-04,2.5,150.38,209.14,297.48,0.556,221.41
A0570,2025-05-05,2.5,130.8,190.41,280.02,0.556,202.85
A0570,2025-05-06,2.5,147.2,216.04,319.52,0.556,230.41
A0570,2025-05-07,2.5,145.4,216.37,323.05,0.556,231.19
A0570,2025-05-08,2.5,157.38,230.08,339.37,0.556,245.26
A0570,2025-05-09,2.5,172.17,253.15,374.88,0.556,270.06
A0570,2025-05-10,2.5,180.76,265.38,392.58,0.556,283.05
A0570,2025-05-11,2.5,115.39,167.83,246.64,0.556,178.77
A0570,2025-05-12,2.5,151.68,226.19,338.18,0.556,241.74
A0571,2025-04-29,3.0,220.16,299.14,419.62,0.556,315.87
A0571,2025-04-30,3.0,274.68,374.8,527.51,0.556,396.01
A0571,2025-05-01,3.0,203.34,280.89,399.19,0.556,297.32
A0571,2025-05-02,3.0,279.77,379.79,532.37,0.556,400.98
A0571,2025-05-03,3.0,292.43,405.11,576.99,0.556,428.98
A0571,2025-05-04,3.0,226.57,308.01,432.25,0.556,325.27
A0571,2025-05-05,3.0,203.29,279.26,395.16,0.556,295.36
A0571,2025-05-06,3.0,227.38,306.34,426.78,0.556,323.07
A0571,2025-05-07,3.0,231.0,308.61,427.01,0.556,325.06
A0571,2025-05-08,3.0,252.01,336.32,464.94,0.556,354.19
A0571,2025-05-09,3.0,283.72,382.09,532.14,0.556,402.93
A0571,2025-05-10,3.0,299.92,409.58,576.85,0.556,432.81
A0571,2025-05-11,3.0,179.16,241.99,337.82,0.556,255.3
A0571,2025-05-12,3.0,246.04,328.02,453.09,0.556,345.39
A0572,2025-04-29,431.7,34.55,52.36,74.36,0.909,74.86
A0572,2025-04-30,431.7,45.14,67.0,94.0,0.909,94.62
A0572,2025-05-01,431.7,29.71,45.56,65.14,0.909,65.58
A0572,2025-05-02,431.7,42.44,63.0,88.4,0.909,88.97
A0572,2025-05-03,431.7,46.03,69.41,98.31,0.909,98.97
A0572,2025-05-04,431.7,34.37,50.87,71.26,0.909,71.73
A0572,2025-05-05,431.7,29.11,42.52,59.09,0.909,59.46
A0572,2025-05-06,431.7,34.46,50.95,71.32,0.909,71.78
A0572,2025-05-07,431.7,36.64,52.94,73.07,0.909,73.53
A0572,2025-05-08,431.7,36.79,54.02,75.3,0.909,75.78
A0572,2025-05-09,431.7,41.14,59.8,82.84,0.909,83.37
A0572,2025-05-10,431.7,44.82,64.89,89.68,0.909,90.24
A0572,2025-05-11,431.7,26.46,38.35,53.04,0.909,53.38
A0572,2025-05-12,431.7,31.41,43.51,58.46,0.909,58.8
A0573,2025-04-29,6.8,24.1,57.92,114.87,0.556,65.83
A0573,2025-04-30,6.8,32.01,74.58,144.97,0.556,84.35
A0573,2025-05-01,6.8,24.13,57.17,112.27,0.556,64.83
A0573,2025-05-02,6.8,33.81,76.81,150.21,0.556,87.0
A0573,2025-05-03,6.8,34.62,79.46,156.38,0.556,90.14
A0573,2025-05-04,6.8,25.01,60.81,120.31,0.556,69.07
A0573,2025-05-05,6.8,25.78,60.81,120.04,0.556,69.04
A0573,2025-05-06,6.8,25.58,60.87,120.43,0.556,69.15
A0573,2025-05-07,6.8,26.34,62.84,123.77,0.556,71.3
A0573,2025-05-08,6.8,31.43,72.31,140.16,0.556,81.74
A0573,2025-05-09,6.8,33.89,77.52,151.27,0.556,87.76
A0573,2025-05-10,6.8,36.01,82.3,161.33,0.556,93.28
A0573,2025-05-11,6.8,20.55,50.98,101.81,0.556,58.04
A0573,2025-05-12,6.8,32.42,73.78,143.43,0.556,83.45
A0574,2025-04-29,191.8,7.7,19.05,33.39,0.909,33.71
A0574,2025-04-30,191.8,9.35,23.29,40.9,0.909,41.3
A0574,2025-05-01,191.8,9.07,17.76,28.75,0.909,29.0
A0574,2025-05-02,191.8,10.06,23.48,40.43,0.909,40.82
A0574,2025-05-03,191.8,10.92,23.35,39.04,0.909,39.4
A0574,2025-05-04,191.8,9.18,17.93,28.98,0.909,29.23
A0574,2025-05-05,191.8,7.92,19.51,34.15,0.909,34.48
A0574,2025-05-06,191.8,7.51,19.82,35.35,0.909,35.71
A0574,2025-05-07,191.8,7.66,20.45,36.59,0.909,36.96
A0574,2025-05-08,191.8,10.35,20.67,33.7,0.909,34.0
A0574,2025-05-09,191.8,9.47,23.7,41.67,0.909,42.08
A0574,2025-05-10,191.8,10.43,23.68,40.42,0.909,40.8
A0574,2025-05-11,191.8,6.78,15.56,26.65,0.909,26.9
A0574,2025-05-12,191.8,8.19,23.75,43.39,0.909,43.84
A0575,2025-04-29,172.5,8.38,16.54,28.32,0.909,28.59
A0575,2025-04-30,172.5,11.84,22.62,38.21,0.909,38.56
A0575,2025-05-01,172.5,8.86,17.24,29.34,0.909,29.62
A0575,2025-05-02,172.5,12.17,22.3,36.95,0.909,37.28
A0575,2025-05-03,172.5,13.26,24.59,40.95,0.909,41.32
A0575,2025-05-04,172.5,10.37,18.53,30.33,0.909,30.6
A0575,2025-05-05,172.5,10.43,18.56,30.31,0.909,30.57
A0575,2025-05-06,172.5,9.49,17.68,29.51,0.909,29.78
A0575,2025-05-07,172.5,10.31,19.06,31.7,0.909,31.99
A0575,2025-05-08,172.5,10.45,20.5,35.03,0.909,35.36
A0575,2025-05-09,172.5,11.81,21.87,36.42,0.909,36.75
A0575,2025-05-10,172.5,12.54,23.68,39.78,0.909,40.15
A0575,2025-05-11,172.5,8.12,14.93,24.78,0.909,25.0
A0575,2025-05-12,172.5,12.35,21.85,35.57,0.909,35.89
A0576,2025-04-29,8.3,90.73,132.1,186.46,0.556,139.65
A0576,2025-04-30,8.3,120.05,184.88,270.06,0.556,196.71
A0576,2025-05-01,8.3,85.79,122.25,170.16,0.556,128.9
A0576,2025-05-02,8.3,114.62,165.62,232.64,0.556,174.93
A0576,2025-05-03,8.3,125.68,179.74,250.77,0.556,189.61
A0576,2025-05-04,8.3,99.56,147.15,209.69,0.556,155.84
A0576,2025-05-05,8.3,88.13,124.5,172.3,0.556,131.14
A0576,2025-05-06,8.3,96.08,137.89,192.82,0.556,145.52
A0576,2025-05-07,8.3,101.51,147.76,208.54,0.556,156.21
A0576,2025-05-08,8.3,109.68,155.82,216.45,0.556,164.24
A0576,2025-05-09,8.3,116.43,167.31,234.16,0.556,176.59
A0576,2025-05-10,8.3,127.12,180.62,250.91,0.556,190.38
A0576,2025-05-11,8.3,81.04,117.11,164.5,0.556,123.69
A0576,2025-05-12,8.3,104.68,149.38,208.11,0.556,157.54
A0577,2025-04-29,5.9,112.25,163.82,229.73,0.556,172.97
A0577,2025-04-30,5.9,135.32,183.83,245.82,0.556,192.44
A0577,2025-05-01,5.9,104.34,150.2,208.79,0.556,158.33
A0577,2025-05-02,5.9,137.41,195.53,269.81,0.556,205.85
A0577,2025-05-03,5.9,145.93,207.84,286.96,0.556,218.83
A0577,2025-05-04,5.9,114.26,159.41,217.12,0.556,167.43
A0577,2025-05-05,5.9,107.23,152.66,210.72,0.556,160.73
A0577,2025-05-06,5.9,115.32,167.37,233.88,0.556,176.61
A0577,2025-05-07,5.9,116.1,162.01,220.69,0.556,170.16
A0577,2025-05-08,5.9,132.4,187.7,258.37,0.556,197.52
A0577,2025-05-09,5.9,141.11,200.48,276.35,0.556,211.02
A0577,2025-05-10,5.9,151.48,215.37,297.02,0.556,226.71
A0577,2025-05-11,5.9,96.05,139.26,194.49,0.556,146.93
A0577,2025-05-12,5.9,130.71,186.57,257.95,0.556,196.48
A0578,2025-04-29,154.0,8.88,14.86,22.94,0.909,23.13
A0578,2025-04-30,154.0,12.11,20.86,32.7,0.909,32.97
A0578,2025-05-01,154.0,8.86,15.74,25.05,0.909,25.26
A0578,2025-05-02,154.0,12.29,20.09,30.67,0.909,30.91
A0578,2025-05-03,154.0,13.19,21.71,33.25,0.909,33.51
A0578,2025-05-04,154.0,10.16,17.11,26.53,0.909,26.74
A0578,2025-05-05,154.0,9.28,15.86,24.76,0.909,24.96
A0578,2025-05-06,154.0,9.26,15.29,23.45,0.909,23.64
A0578,2025-05-07,154.0,10.43,17.44,26.94,0.909,27.16
A0578,2025-05-08,154.0,11.49,19.33,29.95,0.909,30.19
A0578,2025-05-09,154.0,12.49,20.32,30.92,0.909,31.16
A0578,2025-05-10,154.0,13.47,22.0,33.54,0.909,33.81
A0578,2025-05-11,154.0,8.39,14.2,22.07,0.909,22.25
A0578,2025-05-12,154.0,10.57,18.02,28.1,0.909,28.33
A0579,2025-04-29,5.2,11.3,18.03,26.19,0.556,19.17
A0579,2025-04-30,5.2,16.58,27.41,40.52,0.556,29.23
A0579,2025-05-01,5.2,10.69,17.36,25.46,0.556,18.49
A0579,2025-05-02,5.2,31.7,49.56,71.2,0.556,52.57
A0579,2025-05-03,5.2,33.56,52.78,76.08,0.556,56.02
A0579,2025-05-04,5.2,29.24,47.88,70.47,0.556,51.02
A0579,2025-05-05,5.2,25.43,41.13,60.16,0.556,43.77
A0579,2025-05-06,5.2,26.18,41.83,60.79,0.556,44.46
A0579,2025-05-07,5.2,11.32,19.5,29.41,0.556,20.88
A0579,2025-05-08,5.2,11.24,18.89,28.17,0.556,20.18
A0579,2025-05-09,5.2,12.36,19.99,29.24,0.556,21.28
A0579,2025-05-10,5.2,13.62,21.87,31.87,0.556,23.26
A0579,2025-05-11,5.2,9.24,15.49,23.05,0.556,16.54
A0579,2025-05-12,5.2,12.53,20.01,29.08,0.556,21.27
A0580,2025-04-29,2.5,35.98,50.74,74.79,0.556,54.08
A0580,2025-04-30,2.5,48.37,65.86,94.35,0.556,69.82
A0580,2025-05-01,2.5,35.67,49.28,71.46,0.556,52.36
A0580,2025-05-02,2.5,47.65,65.46,94.47,0.556,69.49
A0580,2025-05-03,2.5,48.82,67.44,97.75,0.556,71.65
A0580,2025-05-04,2.5,39.19,52.88,75.18,0.556,55.98
A0580,2025-05-05,2.5,36.77,50.63,73.2,0.556,53.76
A0580,2025-05-06,2.5,37.47,52.11,75.96,0.556,55.42
A0580,2025-05-07,2.5,108.38,144.68,203.8,0.556,152.89
A0580,2025-05-08,2.5,119.28,160.85,228.54,0.556,170.25
A0580,2025-05-09,2.5,133.27,178.45,252.04,0.556,188.67
A0580,2025-05-10,2.5,141.21,188.85,266.43,0.556,199.62
A0580,2025-05-11,2.5,25.26,36.85,55.74,0.556,39.48
A0580,2025-05-12,2.5,36.84,53.0,79.31,0.556,56.65
A0581,2025-04-29,3.4,82.13,117.21,169.39,0.556,124.46
A0581,2025-04-30,3.4,107.29,145.0,201.1,0.556,152.79
A0581,2025-05-01,3.4,73.65,103.01,146.69,0.556,109.08
A0581,2025-05-02,3.4,102.4,146.4,211.84,0.556,155.49
A0581,2025-05-03,3.4,111.24,157.61,226.57,0.556,167.19
A0581,2025-05-04,3.4,85.23,115.17,159.71,0.556,121.35
A0581,2025-05-05,3.4,74.35,103.96,148.02,0.556,110.08
A0581,2025-05-06,3.4,79.28,114.09,165.86,0.556,121.28
A0581,2025-05-07,3.4,84.96,121.51,175.89,0.556,129.06
A0581,2025-05-08,3.4,155.18,221.9,321.16,0.556,235.69
A0581,2025-05-09,3.4,165.36,239.31,349.32,0.556,254.59
A0581,2025-05-10,3.4,177.12,255.26,371.49,0.556,271.4
A0581,2025-05-11,3.4,108.2,157.07,229.76,0.556,167.17
A0581,2025-05-12,3.4,141.66,204.61,298.24,0.556,217.61
A0582,2025-04-29,3.0,114.9,162.45,227.16,0.556,171.44
A0582,2025-04-30,3.0,140.1,203.42,289.57,0.556,215.39
A0582,2025-05-01,3.0,103.72,150.02,213.02,0.556,158.77
A0582,2025-05-02,3.0,139.07,197.53,277.08,0.556,208.58
A0582,2025-05-03,3.0,146.02,210.07,297.22,0.556,222.18
A0582,2025-05-04,3.0,104.84,151.73,215.54,0.556,160.6
A0582,2025-05-05,3.0,109.84,153.48,212.86,0.556,161.72
A0582,2025-05-06,3.0,116.83,163.76,227.61,0.556,172.63
A0582,2025-05-07,3.0,157.72,219.9,304.5,0.556,231.65
A0582,2025-05-08,3.0,169.38,244.12,345.81,0.556,258.24
A0582,2025-05-09,3.0,186.01,264.49,371.26,0.556,279.32
A0582,2025-05-10,3.0,198.33,284.86,402.59,0.556,301.21
A0582,2025-05-11,3.0,119.24,167.86,234.01,0.556,177.05
A0582,2025-05-12,3.0,169.4,236.37,327.49,0.556,249.03
A0583,2025-04-29,399.7,22.14,32.13,47.43,0.909,47.77
A0583,2025-04-30,399.7,30.26,42.05,60.11,0.909,60.52
A0583,2025-05-01,399.7,20.49,31.46,48.28,0.909,48.66
A0583,2025-05-02,399.7,29.26,41.66,60.66,0.909,61.09
A0583,2025-05-03,399.7,29.28,41.12,59.26,0.909,59.67
A0583,2025-05-04,399.7,22.01,30.12,42.54,0.909,42.82
A0583,2025-05-05,399.7,24.64,36.7,55.19,0.909,55.61
A0583,2025-05-06,399.7,24.68,35.35,51.69,0.909,52.06
A0583,2025-05-07,399.7,25.56,38.34,57.92,0.909,58.37
A0583,2025-05-08,399.7,28.12,40.83,60.3,0.909,60.74
A0583,2025-05-09,399.7,30.51,44.13,64.99,0.909,65.47
A0583,2025-05-10,399.7,31.61,46.2,68.56,0.909,69.07
A0583,2025-05-11,399.7,20.31,29.71,44.11,0.909,44.44
A0583,2025-05-12,399.7,30.44,47.41,73.42,0.909,74.01
A0584,2025-04-29,416.2,32.45,47.34,68.97,0.909,69.46
A0584,2025-04-30,416.2,39.55,58.24,85.38,0.909,86.0
A0584,2025-05-01,416.2,27.48,37.77,52.71,0.909,53.05
A0584,2025-05-02,416.2,37.87,54.07,77.61,0.909,78.14
A0584,2025-05-03,416.2,40.36,57.12,81.47,0.909,82.02
A0584,2025-05-04,416.2,30.8,45.48,66.79,0.909,67.28
A0584,2025-05-05,416.2,28.94,40.3,56.79,0.909,57.16
A0584,2025-05-06,416.2,31.58,45.89,66.68,0.909,67.16
A0584,2025-05-07,416.2,32.13,47.73,70.38,0.909,70.9
A0584,2025-05-08,416.2,33.94,49.13,71.2,0.909,71.7
A0584,2025-05-09,416.2,36.84,53.21,76.99,0.909,77.53
A0584,2025-05-10,416.2,39.42,56.86,82.2,0.909,82.78
A0584,2025-05-11,416.2,25.26,37.66,55.66,0.909,56.07
A0584,2025-05-12,416.2,33.18,48.34,70.38,0.909,70.88
A0585,2025-04-29,5.6,15.34,27.39,42.97,0.556,29.55
A0585,2025-04-30,5.6,17.86,30.47,46.77,0.556,32.74
A0585,2025-05-01,5.6,15.1,26.5,41.22,0.556,28.54
A0585,2025-05-02,5.6,19.61,33.82,52.19,0.556,36.37
A0585,2025-05-03,5.6,20.0,32.53,48.73,0.556,34.78
A0585,2025-05-04,5.6,14.07,22.24,32.82,0.556,23.71
A0585,2025-05-05,5.6,15.87,28.17,44.08,0.556,30.38
A0585,2025-05-06,5.6,16.1,27.93,43.24,0.556,30.06
A0585,2025-05-07,5.6,17.06,29.38,45.31,0.556,31.59
A0585,2025-05-08,5.6,18.54,31.87,49.12,0.556,34.27
A0585,2025-05-09,5.6,19.9,34.56,53.5,0.556,37.19
A0585,2025-05-10,5.6,20.42,33.79,51.07,0.556,36.19
A0585,2025-05-11,5.6,12.58,20.51,30.77,0.556,21.94
A0585,2025-05-12,5.6,18.81,33.14,51.66,0.556,35.71
A0586,2025-04-29,5.6,63.45,90.36,128.82,0.556,95.7
A0586,2025-04-30,5.6,73.1,110.08,162.94,0.556,117.42
A0586,2025-05-01,5.6,59.16,83.81,119.04,0.556,88.7
A0586,2025-05-02,5.6,76.73,106.97,150.2,0.556,112.97
A0586,2025-05-03,5.6,83.21,119.3,170.9,0.556,126.47
A0586,2025-05-04,5.6,63.53,91.95,132.59,0.556,97.6
A0586,2025-05-05,5.6,56.45,81.95,118.41,0.556,87.02
A0586,2025-05-06,5.6,64.99,91.3,128.9,0.556,96.52
A0586,2025-05-07,5.6,67.55,96.79,138.6,0.556,102.6
A0586,2025-05-08,5.6,72.12,101.22,142.82,0.556,107.0
A0586,2025-05-09,5.6,77.69,108.47,152.48,0.556,114.58
A0586,2025-05-10,5.6,84.93,122.48,176.15,0.556,129.93
A0586,2025-05-11,5.6,51.23,73.07,104.28,0.556,77.4
A0586,2025-05-12,5.6,64.87,94.64,137.21,0.556,100.55
A0587,2025-04-29,406.7,30.05,45.54,69.24,0.909,69.77
A0587,2025-04-30,406.7,37.9,58.81,90.79,0.909,91.52
A0587,2025-05-01,406.7,29.25,43.98,66.5,0.909,67.02
A0587,2025-05-02,406.7,41.6,61.58,92.13,0.909,92.82
A0587,2025-05-03,406.7,39.56,59.59,90.23,0.909,90.93
A0587,2025-05-04,406.7,28.64,43.35,65.85,0.909,66.36
A0587,2025-05-05,406.7,32.99,49.06,73.65,0.909,74.21
A0587,2025-05-06,406.7,33.92,50.84,76.71,0.909,77.3
A0587,2025-05-07,406.7,33.33,50.18,75.94,0.909,76.53
A0587,2025-05-08,406.7,37.86,56.01,83.78,0.909,84.41
A0587,2025-05-09,406.7,42.54,63.39,95.29,0.909,96.02
A0587,2025-05-10,406.7,41.79,63.09,95.67,0.909,96.41
A0587,2025-05-11,406.7,25.61,39.02,59.54,0.909,60.0
A0587,2025-05-12,406.7,40.09,62.21,96.05,0.909,96.81
A0588,2025-04-29,4.8,55.5,84.56,121.35,0.556,89.67
A0588,2025-04-30,4.8,68.18,106.7,155.47,0.556,113.47
A0588,2025-05-01,4.8,53.17,80.74,115.64,0.556,85.58
A0588,2025-05-02,4.8,69.44,104.45,148.79,0.556,110.61
A0588,2025-05-03,4.8,74.45,114.71,165.68,0.556,121.79
A0588,2025-05-04,4.8,57.5,83.93,117.39,0.556,88.58
A0588,2025-05-05,4.8,53.22,81.93,118.27,0.556,86.97
A0588,2025-05-06,4.8,56.93,85.69,122.11,0.556,90.75
A0588,2025-05-07,4.8,60.18,92.88,134.29,0.556,98.63
A0588,2025-05-08,4.8,65.13,100.62,145.55,0.556,106.86
A0588,2025-05-09,4.8,69.07,104.78,149.98,0.556,111.05
A0588,2025-05-10,4.8,74.5,116.32,169.28,0.556,123.68
A0588,2025-05-11,4.8,46.19,68.61,96.98,0.556,72.55
A0588,2025-05-12,4.8,63.26,99.95,146.41,0.556,106.41
A0589,2025-04-29,5.7,263.08,352.43,475.57,0.556,369.53
A0589,2025-04-30,5.7,342.58,466.22,636.61,0.556,489.88
A0589,2025-05-01,5.7,227.55,307.65,418.04,0.556,322.98
A0589,2025-05-02,5.7,311.12,413.33,554.19,0.556,432.89
A0589,2025-05-03,5.7,341.24,455.68,613.41,0.556,477.59
A0589,2025-05-04,5.7,258.86,350.04,475.71,0.556,367.49
A0589,2025-05-05,5.7,242.18,324.7,438.44,0.556,340.5
A0589,2025-05-06,5.7,264.33,351.78,472.31,0.556,368.52
A0589,2025-05-07,5.7,273.84,376.31,517.53,0.556,395.92
A0589,2025-05-08,5.7,291.94,393.92,534.47,0.556,413.44
A0589,2025-05-09,5.7,315.93,419.27,561.7,0.556,439.05
A0589,2025-05-10,5.7,351.43,469.74,632.79,0.556,492.38
A0589,2025-05-11,5.7,212.71,290.26,397.15,0.556,305.11
A0589,2025-05-12,5.7,286.04,385.44,522.44,0.556,404.47
A0590,2025-04-29,329.1,11.32,18.8,30.58,0.909,30.85
A0590,2025-04-30,329.1,13.83,21.22,32.85,0.909,33.11
A0590,2025-05-01,329.1,10.49,18.51,31.13,0.909,31.42
A0590,2025-05-02,329.1,14.57,24.02,38.89,0.909,39.23
A0590,2025-05-03,329.1,13.37,21.43,34.11,0.909,34.4
A0590,2025-05-04,329.1,9.91,16.07,25.76,0.909,25.98
A0590,2025-05-05,329.1,12.42,21.41,35.55,0.909,35.87
A0590,2025-05-06,329.1,12.51,21.35,35.24,0.909,35.56
A0590,2025-05-07,329.1,11.76,18.12,28.12,0.909,28.34
A0590,2025-05-08,329.1,13.23,21.44,34.34,0.909,34.64
A0590,2025-05-09,329.1,15.29,25.4,41.31,0.909,41.67
A0590,2025-05-10,329.1,14.6,23.28,36.93,0.909,37.24
A0590,2025-05-11,329.1,9.76,16.04,25.91,0.909,26.13
A0590,2025-05-12,329.1,16.14,28.22,47.22,0.909,47.65
A0591,2025-04-29,5.3,22.18,34.46,51.27,0.556,36.79
A0591,2025-04-30,5.3,27.97,44.63,67.44,0.556,47.8
A0591,2025-05-01,5.3,20.29,30.32,44.04,0.556,32.22
A0591,2025-05-02,5.3,27.37,41.36,60.51,0.556,44.02
A0591,2025-05-03,5.3,29.93,45.35,66.46,0.556,48.28
A0591,2025-05-04,5.3,23.05,37.14,56.42,0.556,39.81
A0591,2025-05-05,5.3,19.61,30.02,44.26,0.556,32.0
A0591,2025-05-06,5.3,21.73,33.51,49.64,0.556,35.75
A0591,2025-05-07,5.3,22.09,35.01,52.71,0.556,37.47
A0591,2025-05-08,5.3,24.45,37.23,54.74,0.556,39.67
A0591,2025-05-09,5.3,26.41,40.42,59.6,0.556,43.08
A0591,2025-05-10,5.3,28.48,44.25,65.85,0.556,47.25
A0591,2025-05-11,5.3,17.57,28.57,43.63,0.556,30.67
A0591,2025-05-12,5.3,21.01,33.3,50.13,0.556,35.64
A0592,2025-04-29,5.6,61.22,85.21,116.45,0.556,89.55
A0592,2025-04-30,5.6,81.4,105.91,137.83,0.556,110.34
A0592,2025-05-01,5.6,55.69,72.42,94.2,0.556,75.44
A0592,2025-05-02,5.6,76.87,104.84,141.26,0.556,109.9
A0592,2025-05-03,5.6,81.98,109.45,145.23,0.556,114.42
A0592,2025-05-04,5.6,63.6,83.67,109.82,0.556,87.3
A0592,2025-05-05,5.6,60.5,78.57,102.09,0.556,81.83
A0592,2025-05-06,5.6,63.16,87.89,120.09,0.556,92.36
A0592,2025-05-07,5.6,64.52,87.27,116.9,0.556,91.39
A0592,2025-05-08,5.6,71.12,96.36,129.23,0.556,100.93
A0592,2025-05-09,5.6,77.61,105.93,142.82,0.556,111.06
A0592,2025-05-10,5.6,83.22,110.96,147.09,0.556,115.98
A0592,2025-05-11,5.6,52.26,71.56,96.7,0.556,75.05
A0592,2025-05-12,5.6,73.15,100.03,135.04,0.556,104.89
A0593,2025-04-29,6.0,11.58,20.51,32.62,0.556,22.19
A0593,2025-04-30,6.0,15.25,29.14,47.96,0.556,31.75
A0593,2025-05-01,6.0,11.61,19.88,31.09,0.556,21.44
A0593,2025-05-02,6.0,15.36,26.2,40.9,0.556,28.24
A0593,2025-05-03,6.0,16.33,28.16,44.2,0.556,30.39
A0593,2025-05-04,6.0,12.18,21.88,35.04,0.556,23.71
A0593,2025-05-05,6.0,12.33,21.14,33.08,0.556,22.8
A0593,2025-05-06,6.0,12.75,21.96,34.45,0.556,23.7
A0593,2025-05-07,6.0,13.66,23.77,37.48,0.556,25.67
A0593,2025-05-08,6.0,15.09,26.23,41.34,0.556,28.33
A0593,2025-05-09,6.0,15.85,26.85,41.76,0.556,28.92
A0593,2025-05-10,6.0,16.98,29.04,45.4,0.556,31.32
A0593,2025-05-11,6.0,10.54,18.22,28.64,0.556,19.67
A0593,2025-05-12,6.0,15.38,27.14,43.1,0.556,29.36
A0594,2025-04-29,338.1,11.29,17.46,26.09,0.909,26.28
A0594,2025-04-30,338.1,12.01,18.33,27.15,0.909,27.35
A0594,2025-05-01,338.1,8.08,12.08,17.66,0.909,17.79
A0594,2025-05-02,338.1,12.68,19.81,29.77,0.909,29.99
A0594,2025-05-03,338.1,13.53,20.8,30.95,0.909,31.18
A0594,2025-05-04,338.1,8.88,14.35,21.98,0.909,22.15
A0594,2025-05-05,338.1,7.9,11.3,16.04,0.909,16.15
A0594,2025-05-06,338.1,11.04,16.4,23.9,0.909,24.07
A0594,2025-05-07,338.1,10.77,16.61,24.76,0.909,24.95
A0594,2025-05-08,338.1,10.55,16.13,23.92,0.909,24.1
A0594,2025-05-09,338.1,12.1,18.68,27.87,0.909,28.08
A0594,2025-05-10,338.1,12.7,19.21,28.3,0.909,28.51
A0594,2025-05-11,338.1,7.59,12.14,18.49,0.909,18.63
A0594,2025-05-12,338.1,7.92,11.44,16.35,0.909,16.46
A0595,2025-04-29,6.5,57.44,80.34,113.22,0.556,84.91
A0595,2025-04-30,6.5,74.03,97.16,130.39,0.556,101.78
A0595,2025-05-01,6.5,53.76,74.03,103.14,0.556,78.08
A0595,2025-05-02,6.5,72.47,98.22,135.21,0.556,103.36
A0595,2025-05-03,6.5,75.67,100.46,136.07,0.556,105.41
A0595,2025-05-04,6.5,57.76,75.67,101.37,0.556,79.24
A0595,2025-05-05,6.5,57.08,74.19,98.77,0.556,77.6
A0595,2025-05-06,6.5,57.7,80.88,114.17,0.556,85.51
A0595,2025-05-07,6.5,59.51,81.13,112.17,0.556,85.44
A0595,2025-05-08,6.5,67.24,94.64,134.0,0.556,100.11
A0595,2025-05-09,6.5,72.76,99.58,138.09,0.556,104.93
A0595,2025-05-10,6.5,77.55,104.4,142.96,0.556,109.76
A0595,2025-05-11,6.5,47.59,64.97,89.94,0.556,68.44
A0595,2025-05-12,6.5,66.35,89.62,123.02,0.556,94.25
A0596,2025-04-29,309.9,14.7,23.47,35.96,0.909,36.25
A0596,2025-04-30,309.9,16.55,25.6,38.49,0.909,38.78
A0596,2025-05-01,309.9,12.96,19.0,27.61,0.909,27.8
A0596,2025-05-02,309.9,17.28,26.79,40.34,0.909,40.64
A0596,2025-05-03,309.9,16.79,26.38,40.02,0.909,40.33
A0596,2025-05-04,309.9,12.57,19.16,28.56,0.909,28.77
A0596,2025-05-05,309.9,13.18,19.79,29.2,0.909,29.41
A0596,2025-05-06,309.9,15.2,23.79,36.02,0.909,36.29
A0596,2025-05-07,309.9,15.47,24.53,37.43,0.909,37.72
A0596,2025-05-08,309.9,29.05,42.58,61.84,0.909,62.28
A0596,2025-05-09,309.9,31.76,47.42,69.72,0.909,70.23
A0596,2025-05-10,309.9,32.12,48.18,71.06,0.909,71.58
A0596,2025-05-11,309.9,21.34,32.0,47.18,0.909,47.53
A0596,2025-05-12,309.9,15.26,23.71,35.76,0.909,36.04
A0597,2025-04-29,358.5,45.57,70.51,102.77,0.909,103.51
A0597,2025-04-30,358.5,59.26,85.25,118.88,0.909,119.65
A0597,2025-05-01,358.5,39.29,63.5,94.83,0.909,95.54
A0597,2025-05-02,358.5,54.99,84.24,122.08,0.909,122.94
A0597,2025-05-03,358.5,121.74,187.11,271.69,0.909,273.62
A0597,2025-05-04,358.5,112.78,163.51,229.14,0.909,230.64
A0597,2025-05-05,358.5,100.76,173.18,266.89,0.909,269.02
A0597,2025-05-06,358.5,101.23,172.79,265.4,0.909,267.5
A0597,2025-05-07,358.5,25.42,43.8,67.57,0.909,68.12
A0597,2025-05-08,358.5,29.48,48.95,74.16,0.909,74.73
A0597,2025-05-09,358.5,34.29,54.67,81.05,0.909,81.65
A0597,2025-05-10,358.5,34.84,54.31,79.5,0.909,80.07
A0597,2025-05-11,358.5,24.17,38.6,57.27,0.909,57.7
A0597,2025-05-12,358.5,83.92,139.13,210.59,0.909,212.21
A0598,2025-04-29,409.1,0.15,6.41,18.32,0.909,18.59
A0598,2025-04-30,409.1,0.88,8.65,22.85,0.909,23.17
A0598,2025-05-01,409.1,0.32,5.52,16.48,0.909,16.73
A0598,2025-05-02,409.1,0.75,7.77,21.16,0.909,21.46
A0598,2025-05-03,409.1,0.85,8.37,22.53,0.909,22.85
A0598,2025-05-04,409.1,0.69,7.01,19.66,0.909,19.95
A0598,2025-05-05,409.1,0.07,5.85,17.28,0.909,17.54
A0598,2025-05-06,409.1,0.32,7.03,19.56,0.909,19.85
A0598,2025-05-07,409.1,0.41,7.39,20.24,0.909,20.53
A0598,2025-05-08,409.1,0.51,7.78,20.91,0.909,21.21
A0598,2025-05-09,409.1,0.78,8.58,22.65,0.909,22.97
A0598,2025-05-10,409.1,0.97,9.26,24.17,0.909,24.51
A0598,2025-05-11,409.1,2.02,11.21,27.59,0.909,27.96
A0598,2025-05-12,409.1,3.3,13.92,32.72,0.909,33.15
A0599,2025-04-29,209.5,12.3,19.11,30.88,0.909,31.15
A0599,2025-04-30,209.5,15.17,24.3,40.1,0.909,40.45
A0599,2025-05-01,209.5,11.01,16.92,27.14,0.909,27.37
A0599,2025-05-02,209.5,14.83,23.11,37.45,0.909,37.77
A0599,2025-05-03,209.5,14.78,22.96,37.09,0.909,37.41
A0599,2025-05-04,209.5,10.6,17.02,28.12,0.909,28.37
A0599,2025-05-05,209.5,11.19,16.95,26.9,0.909,27.13
A0599,2025-05-06,209.5,12.79,19.82,31.98,0.909,32.26
A0599,2025-05-07,209.5,13.09,19.57,30.79,0.909,31.04
A0599,2025-05-08,209.5,14.48,22.02,35.06,0.909,35.36
A0599,2025-05-09,209.5,15.3,23.5,37.69,0.909,38.01
A0599,2025-05-10,209.5,15.3,23.17,36.8,0.909,37.11
A0599,2025-05-11,209.5,9.48,14.38,22.86,0.909,23.05
A0599,2025-05-12,209.5,13.56,20.8,33.31,0.909,33.59
A0600,2025-04-29,302.5,51.48,75.5,106.23,0.909,106.93
A0600,2025-04-30,302.5,66.88,93.72,128.07,0.909,128.85
A0600,2025-05-01,302.5,48.43,71.4,100.8,0.909,101.47
A0600,2025-05-02,302.5,67.04,96.96,135.25,0.909,136.12
A0600,2025-05-03,302.5,69.58,101.09,141.4,0.909,142.31
A0600,2025-05-04,302.5,50.63,70.83,96.67,0.909,97.26
A0600,2025-05-05,302.5,52.87,77.45,108.91,0.909,109.63
A0600,2025-05-06,302.5,53.95,79.56,112.33,0.909,113.07
A0600,2025-05-07,302.5,52.69,74.54,102.5,0.909,103.14
A0600,2025-05-08,302.5,58.63,84.6,117.84,0.909,118.6
A0600,2025-05-09,302.5,67.21,97.12,135.4,0.909,136.27
A0600,2025-05-10,302.5,70.72,101.31,140.45,0.909,141.34
A0600,2025-05-11,302.5,41.83,59.57,82.28,0.909,82.79
A0600,2025-05-12,302.5,64.05,93.17,130.42,0.909,131.26
A0601,2025-04-29,409.5,24.56,36.23,52.01,0.909,52.37
A0601,2025-04-30,409.5,32.56,49.4,72.2,0.909,72.72
A0601,2025-05-01,409.5,23.37,34.21,48.89,0.909,49.23
A0601,2025-05-02,409.5,30.25,45.65,66.49,0.909,66.96
A0601,2025-05-03,409.5,30.0,44.31,63.67,0.909,64.11
A0601,2025-05-04,409.5,23.99,36.7,53.89,0.909,54.29
A0601,2025-05-05,409.5,23.17,34.03,48.74,0.909,49.08
A0601,2025-05-06,409.5,24.85,36.43,52.12,0.909,52.47
A0601,2025-05-07,409.5,25.85,38.74,56.18,0.909,56.57
A0601,2025-05-08,409.5,27.78,41.12,59.17,0.909,59.58
A0601,2025-05-09,409.5,30.48,45.88,66.72,0.909,67.19
A0601,2025-05-10,409.5,30.7,45.05,64.48,0.909,64.92
A0601,2025-05-11,409.5,20.23,30.23,43.77,0.909,44.08
A0601,2025-05-12,409.5,29.1,42.03,59.52,0.909,59.92
A0602,2025-04-29,3.6,128.11,175.62,247.12,0.556,185.55
A0602,2025-04-30,3.6,158.96,215.34,300.18,0.556,227.13
A0602,2025-05-01,3.6,112.06,151.15,209.96,0.556,159.32
A0602,2025-05-02,3.6,163.8,223.33,312.92,0.556,235.78
A0602,2025-05-03,3.6,170.87,231.94,323.84,0.556,244.71
A0602,2025-05-04,3.6,120.9,163.19,226.82,0.556,172.02
A0602,2025-05-05,3.6,121.19,165.58,232.38,0.556,174.86
A0602,2025-05-06,3.6,132.86,180.34,251.78,0.556,190.26
A0602,2025-05-07,3.6,132.93,180.88,253.03,0.556,190.9
A0602,2025-05-08,3.6,141.39,189.68,262.36,0.556,199.78
A0602,2025-05-09,3.6,163.85,222.92,311.79,0.556,235.26
A0602,2025-05-10,3.6,172.85,232.99,323.48,0.556,245.56
A0602,2025-05-11,3.6,100.16,136.84,192.05,0.556,144.51
A0602,2025-05-12,3.6,147.99,200.77,280.2,0.556,211.8
A0603,2025-04-29,5.7,100.8,200.88,373.63,0.556,224.88
A0603,2025-04-30,5.7,129.89,255.27,472.43,0.556,285.44
A0603,2025-05-01,5.7,134.54,257.3,472.48,0.556,287.19
A0603,2025-05-02,5.7,174.68,330.73,612.96,0.556,369.93
A0603,2025-05-03,5.7,174.66,333.85,628.15,0.556,374.73
A0603,2025-05-04,5.7,142.5,280.75,526.99,0.556,314.95
A0603,2025-05-05,5.7,125.61,243.92,452.23,0.556,272.85
A0603,2025-05-06,5.7,90.95,183.11,341.54,0.556,205.12
A0603,2025-05-07,5.7,95.96,193.44,359.88,0.556,216.55
A0603,2025-05-08,5.7,110.47,218.45,403.29,0.556,244.12
A0603,2025-05-09,5.7,123.53,243.03,451.8,0.556,272.03
A0603,2025-05-10,5.7,130.39,257.29,482.28,0.556,288.54
A0603,2025-05-11,5.7,83.55,170.18,318.29,0.556,190.75
A0603,2025-05-12,5.7,115.72,228.37,425.76,0.556,255.79
A0604,2025-04-29,202.6,22.98,38.31,60.46,0.909,60.97
A0604,2025-04-30,202.6,27.01,41.72,62.97,0.909,63.45
A0604,2025-05-01,202.6,23.94,40.97,65.56,0.909,66.12
A0604,2025-05-02,202.6,29.75,47.79,73.82,0.909,74.42
A0604,2025-05-03,202.6,10.72,20.33,34.2,0.909,34.51
A0604,2025-05-04,202.6,7.99,13.6,21.71,0.909,21.9
A0604,2025-05-05,202.6,9.29,16.84,27.75,0.909,28.0
A0604,2025-05-06,202.6,10.51,17.91,28.6,0.909,28.84
A0604,2025-05-07,202.6,11.4,17.48,26.26,0.909,26.46
A0604,2025-05-08,202.6,12.71,21.15,33.34,0.909,33.62
A0604,2025-05-09,202.6,13.42,21.66,33.57,0.909,33.84
A0604,2025-05-10,202.6,14.23,23.46,36.8,0.909,37.1
A0604,2025-05-11,202.6,9.25,14.5,22.08,0.909,22.26
A0604,2025-05-12,202.6,13.72,22.09,34.18,0.909,34.45
A0605,2025-04-29,147.1,22.69,33.95,50.25,0.909,50.62
A0605,2025-04-30,147.1,28.44,43.03,64.14,0.909,64.62
A0605,2025-05-01,147.1,21.44,32.75,49.12,0.909,49.49
A0605,2025-05-02,147.1,27.93,42.22,62.91,0.909,63.38
A0605,2025-05-03,147.1,29.38,44.99,67.56,0.909,68.07
A0605,2025-05-04,147.1,21.86,32.21,47.18,0.909,47.52
A0605,2025-05-05,147.1,22.55,33.17,48.53,0.909,48.88
A0605,2025-05-06,147.1,23.14,34.44,50.79,0.909,51.16
A0605,2025-05-07,147.1,24.69,37.69,56.49,0.909,56.92
A0605,2025-05-08,147.1,26.7,40.97,61.62,0.909,62.09
A0605,2025-05-09,147.1,27.8,42.1,62.78,0.909,63.25
A0605,2025-05-10,147.1,29.58,45.16,67.69,0.909,68.21
A0605,2025-05-11,147.1,18.56,28.02,41.71,0.909,42.02
A0605,2025-05-12,147.1,25.17,37.97,56.5,0.909,56.93
A0606,2025-04-29,192.8,12.15,20.48,30.84,0.909,31.08
A0606,2025-04-30,192.8,14.51,25.51,39.17,0.909,39.48
A0606,2025-05-01,192.8,11.51,17.7,25.39,0.909,25.56
A0606,2025-05-02,192.8,16.47,26.15,38.17,0.909,38.44
A0606,2025-05-03,192.8,16.81,26.48,38.49,0.909,38.76
A0606,2025-05-04,192.8,12.15,21.04,32.08,0.909,32.33
A0606,2025-05-05,192.8,12.08,18.63,26.76,0.909,26.94
A0606,2025-05-06,192.8,12.78,21.04,31.31,0.909,31.54
A0606,2025-05-07,192.8,13.27,21.8,32.39,0.909,32.63
A0606,2025-05-08,192.8,14.78,23.59,34.53,0.909,34.78
A0606,2025-05-09,192.8,16.25,25.95,37.99,0.909,38.26
A0606,2025-05-10,192.8,17.2,26.94,39.03,0.909,39.31
A0606,2025-05-11,192.8,10.26,17.13,25.66,0.909,25.85
A0606,2025-05-12,192.8,14.54,23.73,35.14,0.909,35.4
A0607,2025-04-29,6.0,91.49,124.56,171.74,0.556,131.11
A0607,2025-04-30,6.0,115.71,160.29,223.88,0.556,169.12
A0607,2025-05-01,6.0,80.12,109.78,152.08,0.556,115.65
A0607,2025-05-02,6.0,111.55,152.75,211.52,0.556,160.92
A0607,2025-05-03,6.0,126.76,170.88,233.83,0.556,179.63
A0607,2025-05-04,6.0,89.11,124.94,176.05,0.556,132.04
A0607,2025-05-05,6.0,86.46,116.55,159.47,0.556,122.51
A0607,2025-05-06,6.0,97.76,130.96,178.31,0.556,137.53
A0607,2025-05-07,6.0,99.11,132.1,179.16,0.556,138.64
A0607,2025-05-08,6.0,100.84,135.69,185.41,0.556,142.6
A0607,2025-05-09,6.0,114.51,154.64,211.89,0.556,162.59
A0607,2025-05-10,6.0,127.46,169.65,229.84,0.556,178.01
A0607,2025-05-11,6.0,73.06,99.52,137.26,0.556,104.76
A0607,2025-05-12,6.0,97.76,132.84,182.89,0.556,139.79
A0608,2025-04-29,304.5,18.01,29.47,46.38,0.909,46.77
A0608,2025-04-30,304.5,20.48,36.43,59.98,0.909,60.52
A0608,2025-05-01,304.5,8.06,14.2,23.27,0.909,23.48
A0608,2025-05-02,304.5,11.37,20.21,33.27,0.909,33.57
A0608,2025-05-03,304.5,11.69,19.62,31.34,0.909,31.61
A0608,2025-05-04,304.5,8.73,15.44,25.37,0.909,25.59
A0608,2025-05-05,304.5,9.89,16.3,25.77,0.909,25.99
A0608,2025-05-06,304.5,10.9,17.39,26.99,0.909,27.2
A0608,2025-05-07,304.5,11.43,18.97,30.1,0.909,30.35
A0608,2025-05-08,304.5,11.99,19.56,30.74,0.909,31.0
A0608,2025-05-09,304.5,13.45,22.25,35.26,0.909,35.55
A0608,2025-05-10,304.5,13.33,21.2,32.84,0.909,33.1
A0608,2025-05-11,304.5,9.22,14.97,23.46,0.909,23.66
A0608,2025-05-12,304.5,13.05,20.59,31.73,0.909,31.98
A0609,2025-04-29,197.7,21.86,32.52,48.55,0.909,48.91
A0609,2025-04-30,197.7,28.81,43.83,66.4,0.909,66.91
A0609,2025-05-01,197.7,21.59,32.25,48.25,0.909,48.62
A0609,2025-05-02,197.7,27.91,42.25,63.81,0.909,64.3
A0609,2025-05-03,197.7,29.35,44.92,68.31,0.909,68.84
A0609,2025-05-04,197.7,22.04,33.03,49.55,0.909,49.93
A0609,2025-05-05,197.7,22.37,33.47,50.13,0.909,50.51
A0609,2025-05-06,197.7,22.14,32.9,49.08,0.909,49.45
A0609,2025-05-07,197.7,23.64,35.71,53.85,0.909,54.27
A0609,2025-05-08,197.7,26.19,39.6,59.74,0.909,60.2
A0609,2025-05-09,197.7,27.82,42.18,63.76,0.909,64.25
A0609,2025-05-10,197.7,29.59,45.12,68.45,0.909,68.98
A0609,2025-05-11,197.7,18.27,27.51,41.4,0.909,41.72
A0609,2025-05-12,197.7,26.88,40.43,60.8,0.909,61.26
A0610,2025-04-29,308.1,9.76,16.85,26.41,0.909,26.63
A0610,2025-04-30,308.1,12.74,22.22,35.03,0.909,35.32
A0610,2025-05-01,308.1,8.81,15.75,25.12,0.909,25.33
A0610,2025-05-02,308.1,13.56,22.65,34.92,0.909,35.2
A0610,2025-05-03,308.1,13.02,21.19,32.21,0.909,32.47
A0610,2025-05-04,308.1,9.33,15.96,24.92,0.909,25.13
A0610,2025-05-05,308.1,10.78,18.79,29.61,0.909,29.85
A0610,2025-05-06,308.1,11.01,18.79,29.3,0.909,29.54
A0610,2025-05-07,308.1,11.59,18.85,28.65,0.909,28.87
A0610,2025-05-08,308.1,12.67,20.32,30.66,0.909,30.9
A0610,2025-05-09,308.1,13.89,23.53,36.55,0.909,36.84
A0610,2025-05-10,308.1,13.75,22.75,34.9,0.909,35.17
A0610,2025-05-11,308.1,9.06,14.97,22.95,0.909,23.13
A0610,2025-05-12,308.1,12.79,23.29,37.48,0.909,37.8
A0611,2025-04-29,6.2,40.59,57.24,81.0,0.556,60.54
A0611,2025-04-30,6.2,54.77,74.55,102.8,0.556,78.48
A0611,2025-05-01,6.2,39.16,57.54,83.78,0.556,61.18
A0611,2025-05-02,6.2,51.34,70.96,98.97,0.556,74.85
A0611,2025-05-03,6.2,53.4,73.42,102.01,0.556,77.39
A0611,2025-05-04,6.2,41.47,58.77,83.46,0.556,62.2
A0611,2025-05-05,6.2,40.27,56.46,79.56,0.556,59.67
A0611,2025-05-06,6.2,41.38,58.72,83.48,0.556,62.16
A0611,2025-05-07,6.2,42.66,57.04,77.56,0.556,59.89
A0611,2025-05-08,6.2,48.64,67.65,94.77,0.556,71.41
A0611,2025-05-09,6.2,52.24,71.66,99.39,0.556,75.51
A0611,2025-05-10,6.2,55.23,74.48,101.97,0.556,78.3
A0611,2025-05-11,6.2,34.36,47.76,66.9,0.556,50.42
A0611,2025-05-12,6.2,49.96,67.22,91.87,0.556,70.65
A0612,2025-04-29,2.8,69.75,105.09,157.2,0.556,112.33
A0612,2025-04-30,2.8,59.73,87.44,128.31,0.556,93.12
A0612,2025-05-01,2.8,40.92,58.96,85.57,0.556,62.66
A0612,2025-05-02,2.8,59.26,85.92,125.22,0.556,91.38
A0612,2025-05-03,2.8,64.29,92.52,134.15,0.556,98.31
A0612,2025-05-04,2.8,49.97,70.45,100.65,0.556,74.65
A0612,2025-05-05,2.8,44.83,64.86,94.39,0.556,68.96
A0612,2025-05-06,2.8,49.62,71.68,104.22,0.556,76.2
A0612,2025-05-07,2.8,51.8,75.2,109.7,0.556,79.99
A0612,2025-05-08,2.8,56.1,80.39,116.2,0.556,85.36
A0612,2025-05-09,2.8,61.97,88.86,128.5,0.556,94.36
A0612,2025-05-10,2.8,65.62,94.54,137.2,0.556,100.47
A0612,2025-05-11,2.8,40.66,58.23,84.15,0.556,61.83
A0612,2025-05-12,2.8,53.2,78.82,116.59,0.556,84.07
A0613,2025-04-29,3.1,53.82,78.67,112.5,0.556,83.37
A0613,2025-04-30,3.1,67.5,100.12,144.54,0.556,106.29
A0613,2025-05-01,3.1,51.15,72.25,100.97,0.556,76.24
A0613,2025-05-02,3.1,66.5,97.89,140.65,0.556,103.83
A0613,2025-05-03,3.1,69.06,102.24,147.41,0.556,108.51
A0613,2025-05-04,3.1,53.64,78.28,111.83,0.556,82.94
A0613,2025-05-05,3.1,51.61,72.94,101.98,0.556,76.97
A0613,2025-05-06,3.1,56.0,80.89,114.77,0.556,85.6
A0613,2025-05-07,3.1,56.08,81.72,116.62,0.556,86.56
A0613,2025-05-08,3.1,60.44,88.13,125.83,0.556,93.37
A0613,2025-05-09,3.1,66.99,98.07,140.38,0.556,103.94
A0613,2025-05-10,3.1,69.54,102.04,146.28,0.556,108.18
A0613,2025-05-11,3.1,44.53,64.57,91.84,0.556,68.36
A0613,2025-05-12,3.1,64.02,90.65,126.9,0.556,95.68
A0614,2025-04-29,402.7,12.61,19.51,28.83,0.909,29.04
A0614,2025-04-30,402.7,15.35,24.21,36.16,0.909,36.44
A0614,2025-05-01,402.7,11.45,19.01,29.22,0.909,29.45
A0614,2025-05-02,402.7,14.45,22.91,34.34,0.909,34.6
A0614,2025-05-03,402.7,15.34,24.34,36.49,0.909,36.77
A0614,2025-05-04,402.7,11.3,18.01,27.08,0.909,27.29
A0614,2025-05-05,402.7,11.39,18.41,27.89,0.909,28.1
A0614,2025-05-06,402.7,12.54,19.65,29.24,0.909,29.46
A0614,2025-05-07,402.7,12.4,19.01,27.94,0.909,28.14
A0614,2025-05-08,402.7,13.99,21.96,32.73,0.909,32.98
A0614,2025-05-09,402.7,14.68,22.98,34.19,0.909,34.44
A0614,2025-05-10,402.7,15.64,24.19,35.73,0.909,35.99
A0614,2025-05-11,402.7,9.42,14.7,21.83,0.909,21.99
A0614,2025-05-12,402.7,13.4,20.86,30.93,0.909,31.16
A0615,2025-04-29,10.5,33.55,48.77,66.51,0.909,66.92
A0615,2025-04-30,10.5,43.53,63.75,87.33,0.909,87.86
A0615,2025-05-01,10.5,30.43,43.59,58.93,0.909,59.28
A0615,2025-05-02,10.5,41.0,60.01,82.18,0.909,82.68
A0615,2025-05-03,10.5,43.79,64.95,89.64,0.909,90.2
A0615,2025-05-04,10.5,33.89,48.69,65.96,0.909,66.35
A0615,2025-05-05,10.5,31.29,44.73,60.42,0.909,60.77
A0615,2025-05-06,10.5,34.27,49.87,68.06,0.909,68.48
A0615,2025-05-07,10.5,35.24,51.49,70.45,0.909,70.88
A0615,2025-05-08,10.5,37.43,54.38,74.14,0.909,74.59
A0615,2025-05-09,10.5,41.19,59.83,81.59,0.909,82.08
A0615,2025-05-10,10.5,44.09,64.2,87.66,0.909,88.19
A0615,2025-05-11,10.5,27.89,40.35,54.87,0.909,55.2
A0615,2025-05-12,10.5,91.01,133.47,183.0,0.909,184.13
A0616,2025-04-29,165.6,5.25,9.29,16.46,0.909,16.63
A0616,2025-04-30,165.6,7.13,13.18,23.92,0.909,24.16
A0616,2025-05-01,165.6,4.96,8.94,16.01,0.909,16.18
A0616,2025-05-02,165.6,6.77,11.75,20.57,0.909,20.77
A0616,2025-05-03,165.6,7.28,12.52,21.82,0.909,22.03
A0616,2025-05-04,165.6,5.73,10.45,18.82,0.909,19.01
A0616,2025-05-05,165.6,4.71,8.16,14.28,0.909,14.42
A0616,2025-05-06,165.6,5.17,9.11,16.09,0.909,16.25
A0616,2025-05-07,165.6,5.38,9.97,18.09,0.909,18.28
A0616,2025-05-08,165.6,6.12,11.29,20.45,0.909,20.66
A0616,2025-05-09,165.6,6.75,11.85,20.89,0.909,21.09
A0616,2025-05-10,165.6,7.39,12.92,22.73,0.909,22.95
A0616,2025-05-11,165.6,4.25,7.74,13.92,0.909,14.06
A0616,2025-05-12,165.6,5.61,10.03,17.86,0.909,18.03
A0617,2025-04-29,25.4,19.18,28.28,39.76,0.909,40.02
A0617,2025-04-30,25.4,22.88,35.78,52.06,0.909,52.43
A0617,2025-05-01,25.4,16.89,26.15,37.84,0.909,38.11
A0617,2025-05-02,25.4,26.04,34.61,45.42,0.909,45.67
A0617,2025-05-03,25.4,23.84,31.79,41.83,0.909,42.06
A0617,2025-05-04,25.4,41.82,63.39,90.61,0.909,91.23
A0617,2025-05-05,25.4,39.3,64.16,95.53,0.909,96.24
A0617,2025-05-06,25.4,40.29,64.89,95.93,0.909,96.63
A0617,2025-05-07,25.4,39.63,63.0,92.5,0.909,93.17
A0617,2025-05-08,25.4,43.33,67.65,98.33,0.909,99.03
A0617,2025-05-09,25.4,50.2,72.43,100.48,0.909,101.12
A0617,2025-05-10,25.4,21.71,31.2,43.18,0.909,43.45
A0617,2025-05-11,25.4,22.09,32.52,45.67,0.909,45.97
A0617,2025-05-12,25.4,34.93,53.91,77.85,0.909,78.39
A0618,2025-04-29,351.5,8.4,14.47,22.82,0.909,23.01
A0618,2025-04-30,351.5,10.53,16.88,25.61,0.909,25.8
A0618,2025-05-01,351.5,7.28,12.97,20.78,0.909,20.96
A0618,2025-05-02,351.5,10.16,17.13,26.72,0.909,26.94
A0618,2025-05-03,351.5,9.56,15.25,23.08,0.909,23.26
A0618,2025-05-04,351.5,6.74,11.98,19.19,0.909,19.35
A0618,2025-05-05,351.5,8.79,15.64,25.07,0.909,25.29
A0618,2025-05-06,351.5,9.08,15.79,25.03,0.909,25.24
A0618,2025-05-07,351.5,8.75,15.49,24.77,0.909,24.98
A0618,2025-05-08,351.5,10.15,17.16,26.81,0.909,27.03
A0618,2025-05-09,351.5,11.18,19.1,30.0,0.909,30.25
A0618,2025-05-10,351.5,10.9,18.07,27.94,0.909,28.17
A0618,2025-05-11,351.5,7.17,13.48,22.16,0.909,22.36
A0618,2025-05-12,351.5,11.84,22.65,37.53,0.909,37.87
A0619,2025-04-29,25.0,24.37,33.54,47.55,0.909,47.87
A0619,2025-04-30,25.0,32.21,43.21,60.02,0.909,60.4
A0619,2025-05-01,25.0,21.38,28.87,40.32,0.909,40.58
A0619,2025-05-02,25.0,30.73,41.19,57.18,0.909,57.54
A0619,2025-05-03,25.0,29.89,40.66,57.13,0.909,57.5
A0619,2025-05-04,25.0,22.51,30.54,42.82,0.909,43.1
A0619,2025-05-05,25.0,25.8,35.05,49.2,0.909,49.53
A0619,2025-05-06,25.0,25.51,35.34,50.38,0.909,50.72
A0619,2025-05-07,25.0,26.31,36.48,52.03,0.909,52.39
A0619,2025-05-08,25.0,28.26,38.61,54.44,0.909,54.8
A0619,2025-05-09,25.0,31.22,42.34,59.35,0.909,59.74
A0619,2025-05-10,25.0,31.59,43.78,62.41,0.909,62.83
A0619,2025-05-11,25.0,21.06,29.2,41.64,0.909,41.92
A0619,2025-05-12,25.0,30.17,44.2,65.64,0.909,66.13
A0620,2025-04-29,4.1,7.37,23.2,50.21,0.556,26.95
A0620,2025-04-30,4.1,9.84,28.53,60.31,0.556,32.94
A0620,2025-05-01,4.1,6.41,21.0,45.71,0.556,24.43
A0620,2025-05-02,4.1,5.27,18.82,42.27,0.556,22.07
A0620,2025-05-03,4.1,5.73,20.23,45.3,0.556,23.72
A0620,2025-05-04,4.1,3.43,15.33,35.3,0.556,18.1
A0620,2025-05-05,4.1,3.63,15.43,35.54,0.556,18.22
A0620,2025-05-06,4.1,4.17,16.84,38.22,0.556,19.81
A0620,2025-05-07,4.1,4.62,17.91,40.07,0.556,20.99
A0620,2025-05-08,4.1,5.46,19.7,43.29,0.556,22.97
A0620,2025-05-09,4.1,6.31,21.53,47.2,0.556,25.1
A0620,2025-05-10,4.1,6.82,22.72,49.75,0.556,26.47
A0620,2025-05-11,4.1,3.02,14.33,33.2,0.556,16.95
A0620,2025-05-12,4.1,5.72,19.7,43.47,0.556,23.01
A0621,2025-04-29,13.1,229.65,319.41,438.19,0.909,440.89
A0621,2025-04-30,13.1,276.9,380.09,516.64,0.909,519.74
A0621,2025-05-01,13.1,195.07,265.99,359.85,0.909,361.98
A0621,2025-05-02,13.1,280.32,391.2,537.92,0.909,541.25
A0621,2025-05-03,13.1,314.34,438.89,603.72,0.909,607.46
A0621,2025-05-04,13.1,229.19,319.86,439.84,0.909,442.57
A0621,2025-05-05,13.1,193.99,264.06,356.79,0.909,358.9
A0621,2025-05-06,13.1,227.12,314.68,430.55,0.909,433.19
A0621,2025-05-07,13.1,236.91,331.4,456.44,0.909,459.28
A0621,2025-05-08,13.1,252.79,350.83,480.57,0.909,483.51
A0621,2025-05-09,13.1,280.1,390.93,537.59,0.909,540.93
A0621,2025-05-10,13.1,315.66,441.63,608.33,0.909,612.12
A0621,2025-05-11,13.1,194.04,274.71,381.46,0.909,383.89
A0621,2025-05-12,13.1,246.45,342.07,468.6,0.909,471.47
A0622,2025-04-29,3.2,66.32,92.46,130.65,0.556,97.77
A0622,2025-04-30,3.2,86.14,118.37,165.46,0.556,124.91
A0622,2025-05-01,3.2,59.82,80.97,111.88,0.556,85.26
A0622,2025-05-02,3.2,82.52,112.88,157.24,0.556,119.04
A0622,2025-05-03,3.2,98.08,128.31,172.49,0.556,134.45
A0622,2025-05-04,3.2,73.06,96.14,129.87,0.556,100.83
A0622,2025-05-05,3.2,68.9,89.15,118.73,0.556,93.25
A0622,2025-05-06,3.2,72.45,98.78,137.26,0.556,104.13
A0622,2025-05-07,3.2,74.89,99.58,135.65,0.556,104.59
A0622,2025-05-08,3.2,71.44,98.89,139.0,0.556,104.46
A0622,2025-05-09,3.2,79.29,109.02,152.44,0.556,115.05
A0622,2025-05-10,3.2,87.18,116.25,158.72,0.556,122.15
A0622,2025-05-11,3.2,52.86,72.09,100.19,0.556,75.99
A0622,2025-05-12,3.2,73.05,98.62,135.97,0.556,103.81
A0623,2025-04-29,146.1,15.25,24.02,38.59,0.909,38.93
A0623,2025-04-30,146.1,19.4,31.2,50.84,0.909,51.28
A0623,2025-05-01,146.1,14.83,23.2,37.11,0.909,37.42
A0623,2025-05-02,146.1,19.55,30.94,49.87,0.909,50.3
A0623,2025-05-03,146.1,20.26,32.52,52.88,0.909,53.35
A0623,2025-05-04,146.1,14.86,23.35,37.46,0.909,37.78
A0623,2025-05-05,146.1,15.39,24.0,38.31,0.909,38.63
A0623,2025-05-06,146.1,16.05,24.92,39.66,0.909,40.0
A0623,2025-05-07,146.1,16.83,26.93,43.73,0.909,44.11
A0623,2025-05-08,146.1,18.24,28.5,45.56,0.909,45.95
A0623,2025-05-09,146.1,19.76,31.23,50.31,0.909,50.74
A0623,2025-05-10,146.1,20.52,32.9,53.48,0.909,53.95
A0623,2025-05-11,146.1,12.94,20.47,33.0,0.909,33.29
A0623,2025-05-12,146.1,18.53,28.93,46.23,0.909,46.62
A0624,2025-04-29,191.1,7.19,19.32,38.84,0.909,39.28
A0624,2025-04-30,191.1,13.86,24.19,40.82,0.909,41.2
A0624,2025-05-01,191.1,6.0,17.96,37.2,0.909,37.64
A0624,2025-05-02,191.1,10.77,23.96,45.2,0.909,45.69
A0624,2025-05-03,191.1,11.74,25.71,48.2,0.909,48.71
A0624,2025-05-04,191.1,11.01,19.67,33.62,0.909,33.94
A0624,2025-05-05,191.1,5.75,18.62,39.34,0.909,39.81
A0624,2025-05-06,191.1,6.73,19.55,40.18,0.909,40.65
A0624,2025-05-07,191.1,9.06,20.05,37.75,0.909,38.15
A0624,2025-05-08,191.1,32.94,45.43,65.53,0.909,65.99
A0624,2025-05-09,191.1,34.23,48.27,70.86,0.909,71.38
A0624,2025-05-10,191.1,34.02,49.56,74.6,0.909,75.17
A0624,2025-05-11,191.1,20.8,30.47,46.04,0.909,46.39
A0624,2025-05-12,191.1,0.34,15.55,40.05,0.909,40.6
A0625,2025-04-29,5.3,23.35,34.5,48.8,0.556,36.49
A0625,2025-04-30,5.3,30.33,43.27,59.89,0.556,45.58
A0625,2025-05-01,5.3,21.33,31.92,45.51,0.556,33.81
A0625,2025-05-02,5.3,27.49,39.86,55.74,0.556,42.07
A0625,2025-05-03,5.3,31.12,46.39,65.99,0.556,49.12
A0625,2025-05-04,5.3,23.63,34.73,48.97,0.556,36.7
A0625,2025-05-05,5.3,20.69,31.5,45.37,0.556,33.43
A0625,2025-05-06,5.3,21.9,33.3,47.92,0.556,35.33
A0625,2025-05-07,5.3,22.03,32.66,46.31,0.556,34.56
A0625,2025-05-08,5.3,46.2,70.82,102.42,0.556,75.21
A0625,2025-05-09,5.3,48.58,73.38,105.21,0.556,77.8
A0625,2025-05-10,5.3,53.86,83.62,121.81,0.556,88.93
A0625,2025-05-11,5.3,32.75,52.15,77.05,0.556,55.61
A0625,2025-05-12,5.3,42.24,66.93,98.61,0.556,71.33
A0626,2025-04-29,342.2,47.41,59.36,76.2,0.909,76.59
A0626,2025-04-30,342.2,57.51,69.34,86.01,0.909,86.39
A0626,2025-05-01,342.2,41.75,49.99,61.61,0.909,61.88
A0626,2025-05-02,342.2,61.32,75.03,94.35,0.909,94.79
A0626,2025-05-03,342.2,62.06,75.72,94.96,0.909,95.4
A0626,2025-05-04,342.2,45.65,55.3,68.89,0.909,69.2
A0626,2025-05-05,342.2,45.56,53.31,64.24,0.909,64.49
A0626,2025-05-06,342.2,50.2,61.54,77.52,0.909,77.88
A0626,2025-05-07,342.2,52.0,63.75,80.32,0.909,80.69
A0626,2025-05-08,342.2,55.2,67.53,84.91,0.909,85.31
A0626,2025-05-09,342.2,60.94,74.6,93.86,0.909,94.3
A0626,2025-05-10,342.2,62.43,76.33,95.93,0.909,96.37
A0626,2025-05-11,342.2,39.07,48.25,61.19,0.909,61.48
A0626,2025-05-12,342.2,51.78,62.23,76.96,0.909,77.29
A0627,2025-04-29,4.6,6.75,13.5,22.61,0.556,14.77
A0627,2025-04-30,4.6,8.85,15.15,23.66,0.556,16.33
A0627,2025-05-01,4.6,6.12,11.97,19.87,0.556,13.07
A0627,2025-05-02,4.6,8.27,16.57,27.77,0.556,18.13
A0627,2025-05-03,4.6,9.06,19.47,33.52,0.556,21.42
A0627,2025-05-04,4.6,7.81,12.93,19.82,0.556,13.88
A0627,2025-05-05,4.6,6.17,12.25,20.47,0.556,13.39
A0627,2025-05-06,4.6,6.65,13.59,22.96,0.556,14.89
A0627,2025-05-07,4.6,7.45,13.44,21.54,0.556,14.57
A0627,2025-05-08,4.6,7.98,14.9,24.23,0.556,16.2
A0627,2025-05-09,4.6,8.45,16.51,27.38,0.556,18.02
A0627,2025-05-10,4.6,9.31,18.95,31.96,0.556,20.75
A0627,2025-05-11,4.6,6.02,10.95,17.6,0.556,11.88
A0627,2025-05-12,4.6,7.6,14.48,23.75,0.556,15.76
A0628,2025-04-29,2.7,48.9,72.44,103.06,0.556,76.69
A0628,2025-04-30,2.7,58.5,90.14,131.32,0.556,95.86
A0628,2025-05-01,2.7,46.19,68.25,96.94,0.556,72.23
A0628,2025-05-02,2.7,56.62,86.59,125.6,0.556,92.01
A0628,2025-05-03,2.7,61.22,92.37,132.89,0.556,98.0
A0628,2025-05-04,2.7,59.45,90.22,130.24,0.556,95.77
A0628,2025-05-05,2.7,56.09,83.44,119.02,0.556,88.38
A0628,2025-05-06,2.7,57.95,87.83,126.7,0.556,93.23
A0628,2025-05-07,2.7,57.08,86.74,125.34,0.556,92.1
A0628,2025-05-08,2.7,63.82,99.9,146.83,0.556,106.41
A0628,2025-05-09,2.7,66.33,104.42,153.97,0.556,111.3
A0628,2025-05-10,2.7,70.38,110.0,161.54,0.556,117.16
A0628,2025-05-11,2.7,33.64,52.53,77.11,0.556,55.94
A0628,2025-05-12,2.7,48.95,75.55,110.16,0.556,80.35
A0629,2025-04-29,187.4,7.38,13.53,21.01,0.909,21.18
A0629,2025-04-30,187.4,10.31,15.66,22.17,0.909,22.32
A0629,2025-05-01,187.4,6.34,12.61,20.24,0.909,20.42
A0629,2025-05-02,187.4,8.88,16.23,25.16,0.909,25.36
A0629,2025-05-03,187.4,9.39,16.38,24.87,0.909,25.07
A0629,2025-05-04,187.4,7.56,11.48,16.24,0.909,16.35
A0629,2025-05-05,187.4,7.03,12.48,19.11,0.909,19.26
A0629,2025-05-06,187.4,7.29,13.55,21.16,0.909,21.33
A0629,2025-05-07,187.4,8.08,14.33,21.92,0.909,22.09
A0629,2025-05-08,187.4,8.28,15.83,25.01,0.909,25.22
A0629,2025-05-09,187.4,9.08,16.43,25.36,0.909,25.56
A0629,2025-05-10,187.4,9.85,16.77,25.19,0.909,25.39
A0629,2025-05-11,187.4,6.23,10.8,16.35,0.909,16.48
A0629,2025-05-12,187.4,8.35,14.92,22.91,0.909,23.09
A0630,2025-04-29,153.6,8.11,15.08,24.62,0.909,24.83
A0630,2025-04-30,153.6,7.0,13.21,21.7,0.909,21.89
A0630,2025-05-01,153.6,9.1,16.41,26.4,0.909,26.63
A0630,2025-05-02,153.6,11.97,21.99,35.68,0.909,35.99
A0630,2025-05-03,153.6,12.23,22.4,36.31,0.909,36.62
A0630,2025-05-04,153.6,9.68,16.9,26.78,0.909,27.0
A0630,2025-05-05,153.6,8.78,15.24,24.06,0.909,24.26
A0630,2025-05-06,153.6,9.9,17.94,28.94,0.909,29.19
A0630,2025-05-07,153.6,7.97,15.14,24.94,0.909,25.16
A0630,2025-05-08,153.6,6.08,12.2,20.55,0.909,20.74
A0630,2025-05-09,153.6,6.7,13.26,22.24,0.909,22.44
A0630,2025-05-10,153.6,7.19,13.92,23.12,0.909,23.33
A0630,2025-05-11,153.6,4.37,8.67,14.54,0.909,14.67
A0630,2025-05-12,153.6,6.53,11.69,18.74,0.909,18.9
A0631,2025-04-29,372.1,18.86,30.21,46.48,0.909,46.85
A0631,2025-04-30,372.1,21.04,34.3,53.31,0.909,53.74
A0631,2025-05-01,372.1,15.72,23.78,35.34,0.909,35.6
A0631,2025-05-02,372.1,21.41,33.61,51.12,0.909,51.51
A0631,2025-05-03,372.1,22.28,35.43,54.29,0.909,54.72
A0631,2025-05-04,372.1,16.38,27.63,43.76,0.909,44.13
A0631,2025-05-05,372.1,19.81,29.26,42.81,0.909,43.12
A0631,2025-05-06,372.1,23.16,35.83,54.02,0.909,54.43
A0631,2025-05-07,372.1,22.33,34.63,52.28,0.909,52.68
A0631,2025-05-08,372.1,22.64,34.71,52.03,0.909,52.43
A0631,2025-05-09,372.1,24.89,39.04,59.34,0.909,59.8
A0631,2025-05-10,372.1,20.96,33.53,51.55,0.909,51.96
A0631,2025-05-11,372.1,13.53,22.25,34.75,0.909,35.03
A0631,2025-05-12,372.1,18.27,26.72,38.84,0.909,39.11
A0632,2025-04-29,173.2,3.71,6.85,11.96,0.909,12.08
A0632,2025-04-30,173.2,4.61,8.86,15.78,0.909,15.93
A0632,2025-05-01,173.2,3.41,6.06,10.38,0.909,10.48
A0632,2025-05-02,173.2,4.24,8.01,14.16,0.909,14.3
A0632,2025-05-03,173.2,4.79,8.59,14.79,0.909,14.93
A0632,2025-05-04,173.2,3.32,6.67,12.14,0.909,12.26
A0632,2025-05-05,173.2,3.86,6.28,10.23,0.909,10.32
A0632,2025-05-06,173.2,3.73,6.85,11.92,0.909,12.03
A0632,2025-05-07,173.2,3.9,7.3,12.83,0.909,12.96
A0632,2025-05-08,173.2,4.43,8.1,14.09,0.909,14.23
A0632,2025-05-09,173.2,4.57,8.36,14.52,0.909,14.66
A0632,2025-05-10,173.2,5.13,8.97,15.22,0.909,15.36
A0632,2025-05-11,173.2,3.11,5.87,10.36,0.909,10.47
A0632,2025-05-12,173.2,4.77,7.95,13.15,0.909,13.26
A0633,2025-04-29,6.0,65.71,88.61,122.75,0.556,93.35
A0633,2025-04-30,6.0,79.04,102.83,138.3,0.556,107.75
A0633,2025-05-01,6.0,60.5,79.75,108.46,0.556,83.74
A0633,2025-05-02,6.0,84.94,112.79,154.33,0.556,118.56
A0633,2025-05-03,6.0,88.63,119.08,164.48,0.556,125.38
A0633,2025-05-04,6.0,65.72,85.88,115.95,0.556,90.06
A0633,2025-05-05,6.0,62.96,81.51,109.16,0.556,85.35
A0633,2025-05-06,6.0,69.57,92.91,127.72,0.556,97.75
A0633,2025-05-07,6.0,69.95,91.99,124.85,0.556,96.55
A0633,2025-05-08,6.0,80.34,107.76,148.65,0.556,113.44
A0633,2025-05-09,6.0,86.33,114.47,156.43,0.556,120.3
A0633,2025-05-10,6.0,91.83,122.5,168.23,0.556,128.85
A0633,2025-05-11,6.0,56.69,75.67,103.96,0.556,79.6
A0633,2025-05-12,6.0,81.04,108.4,149.21,0.556,114.07
A0634,2025-04-29,198.6,11.07,20.36,29.75,0.909,29.97
A0634,2025-04-30,198.6,13.33,27.42,41.66,0.909,41.99
A0634,2025-05-01,198.6,3.64,8.53,13.47,0.909,13.59
A0634,2025-05-02,198.6,5.32,12.42,19.59,0.909,19.76
A0634,2025-05-03,198.6,5.54,12.96,20.46,0.909,20.63
A0634,2025-05-04,198.6,4.39,11.95,19.59,0.909,19.77
A0634,2025-05-05,198.6,4.77,9.72,14.72,0.909,14.84
A0634,2025-05-06,198.6,4.82,10.18,15.6,0.909,15.73
A0634,2025-05-07,198.6,5.23,11.15,17.13,0.909,17.27
A0634,2025-05-08,198.6,5.52,12.61,19.79,0.909,19.95
A0634,2025-05-09,198.6,6.41,13.71,21.08,0.909,21.25
A0634,2025-05-10,198.6,6.44,14.33,22.3,0.909,22.49
A0634,2025-05-11,198.6,4.22,10.12,16.09,0.909,16.22
A0634,2025-05-12,198.6,6.76,13.6,20.52,0.909,20.67
A0635,2025-04-29,2.7,25.51,61.52,121.41,0.556,69.84
A0635,2025-04-30,2.7,35.49,80.24,155.76,0.556,90.73
A0635,2025-05-01,2.7,26.16,61.81,121.1,0.556,70.04
A0635,2025-05-02,2.7,35.24,80.09,156.4,0.556,90.69
A0635,2025-05-03,2.7,36.85,83.84,164.78,0.556,95.08
A0635,2025-05-04,2.7,28.24,66.83,131.26,0.556,75.78
A0635,2025-05-05,2.7,26.8,63.49,124.91,0.556,72.02
A0635,2025-05-06,2.7,27.53,65.4,128.84,0.556,74.21
A0635,2025-05-07,2.7,28.71,67.78,132.91,0.556,76.82
A0635,2025-05-08,2.7,31.56,73.23,142.91,0.556,82.91
A0635,2025-05-09,2.7,34.79,79.74,155.84,0.556,90.31
A0635,2025-05-10,2.7,37.33,85.06,166.99,0.556,96.44
A0635,2025-05-11,2.7,21.52,53.64,106.78,0.556,61.02
A0635,2025-05-12,2.7,32.37,74.5,145.38,0.556,84.34
A0636,2025-04-29,2.8,169.8,236.96,332.95,0.556,250.29
A0636,2025-04-30,2.8,227.7,308.99,425.15,0.556,325.12
A0636,2025-05-01,2.8,146.36,203.57,285.33,0.556,214.93
A0636,2025-05-02,2.8,145.54,208.42,298.28,0.556,220.9
A0636,2025-05-03,2.8,153.33,218.35,311.27,0.556,231.25
A0636,2025-05-04,2.8,119.59,167.35,235.59,0.556,176.83
A0636,2025-05-05,2.8,109.87,153.98,217.0,0.556,162.73
A0636,2025-05-06,2.8,120.52,170.12,241.0,0.556,179.96
A0636,2025-05-07,2.8,127.58,176.94,247.47,0.556,186.73
A0636,2025-05-08,2.8,136.36,190.96,268.99,0.556,201.8
A0636,2025-05-09,2.8,153.01,215.62,305.09,0.556,228.04
A0636,2025-05-10,2.8,160.48,224.85,316.84,0.556,237.63
A0636,2025-05-11,2.8,100.43,140.82,198.53,0.556,148.83
A0636,2025-05-12,2.8,138.66,194.1,273.32,0.556,205.1
A0637,2025-04-29,362.3,3.96,9.23,16.08,0.909,16.23
A0637,2025-04-30,362.3,4.52,10.22,17.63,0.909,17.8
A0637,2025-05-01,362.3,3.06,7.02,12.18,0.909,12.3
A0637,2025-05-02,362.3,4.26,10.12,17.72,0.909,17.9
A0637,2025-05-03,362.3,4.5,11.24,20.0,0.909,20.2
A0637,2025-05-04,362.3,3.74,8.23,14.05,0.909,14.18
A0637,2025-05-05,362.3,3.35,6.69,11.03,0.909,11.13
A0637,2025-05-06,362.3,4.01,8.79,15.0,0.909,15.14
A0637,2025-05-07,362.3,4.1,9.33,16.13,0.909,16.28
A0637,2025-05-08,362.3,4.1,8.94,15.22,0.909,15.37
A0637,2025-05-09,362.3,4.17,9.6,16.65,0.909,16.81
A0637,2025-05-10,362.3,4.62,10.67,18.53,0.909,18.71
A0637,2025-05-11,362.3,6.11,12.68,21.23,0.909,21.42
A0637,2025-05-12,362.3,7.21,12.87,20.23,0.909,20.4
A0638,2025-04-29,339.5,11.86,19.55,29.82,0.909,30.06
A0638,2025-04-30,339.5,14.29,22.55,33.58,0.909,33.83
A0638,2025-05-01,339.5,11.1,18.03,27.3,0.909,27.51
A0638,2025-05-02,339.5,14.9,23.62,35.28,0.909,35.54
A0638,2025-05-03,339.5,14.55,23.49,35.43,0.909,35.71
A0638,2025-05-04,339.5,11.04,17.27,25.58,0.909,25.77
A0638,2025-05-05,339.5,11.58,18.73,28.29,0.909,28.5
A0638,2025-05-06,339.5,23.51,40.57,63.35,0.909,63.87
A0638,2025-05-07,339.5,23.41,40.46,63.24,0.909,63.76
A0638,2025-05-08,339.5,24.7,43.33,68.22,0.909,68.79
A0638,2025-05-09,339.5,26.62,46.1,72.12,0.909,72.71
A0638,2025-05-10,339.5,26.41,46.47,73.28,0.909,73.89
A0638,2025-05-11,339.5,16.91,29.95,47.38,0.909,47.77
A0638,2025-05-12,339.5,11.64,19.94,31.02,0.909,31.28
A0639,2025-04-29,391.7,26.18,43.73,72.25,0.909,72.9
A0639,2025-04-30,391.7,32.27,54.01,89.36,0.909,90.17
A0639,2025-05-01,391.7,22.03,35.13,56.43,0.909,56.91
A0639,2025-05-02,391.7,31.5,50.43,81.2,0.909,81.9
A0639,2025-05-03,391.7,9.7,17.98,31.45,0.909,31.75
A0639,2025-05-04,391.7,7.35,15.22,28.0,0.909,28.29
A0639,2025-05-05,391.7,6.72,11.79,20.03,0.909,20.22
A0639,2025-05-06,391.7,9.27,15.29,25.08,0.909,25.3
A0639,2025-05-07,391.7,9.63,16.06,26.5,0.909,26.74
A0639,2025-05-08,391.7,10.69,17.69,29.07,0.909,29.33
A0639,2025-05-09,391.7,11.44,18.55,30.11,0.909,30.37
A0639,2025-05-10,391.7,12.35,20.28,33.18,0.909,33.48
A0639,2025-05-11,391.7,7.82,13.45,22.59,0.909,22.8
A0639,2025-05-12,391.7,10.6,15.96,24.69,0.909,24.89
A0640,2025-04-29,2.6,53.93,72.34,94.09,0.556,75.36
A0640,2025-04-30,2.6,66.19,86.1,109.61,0.556,89.36
A0640,2025-05-01,2.6,46.61,61.58,79.26,0.556,64.03
A0640,2025-05-02,2.6,67.94,91.49,119.3,0.556,95.35
A0640,2025-05-03,2.6,73.77,99.41,129.7,0.556,103.62
A0640,2025-05-04,2.6,51.77,66.55,84.0,0.556,68.97
A0640,2025-05-05,2.6,47.84,65.81,87.04,0.556,68.76
A0640,2025-05-06,2.6,52.83,71.29,93.09,0.556,74.31
A0640,2025-05-07,2.6,54.02,74.0,97.6,0.556,77.28
A0640,2025-05-08,2.6,58.07,76.64,98.58,0.556,79.69
A0640,2025-05-09,2.6,67.03,90.47,118.16,0.556,94.32
A0640,2025-05-10,2.6,73.59,98.98,128.97,0.556,103.14
A0640,2025-05-11,2.6,41.24,56.07,73.59,0.556,58.5
A0640,2025-05-12,2.6,54.96,76.7,102.39,0.556,80.27
A0641,2025-04-29,5.8,17.24,27.23,41.24,0.556,29.18
A0641,2025-04-30,5.8,22.1,35.83,55.07,0.556,38.5
A0641,2025-05-01,5.8,16.05,25.92,39.76,0.556,27.84
A0641,2025-05-02,5.8,21.75,34.53,52.45,0.556,37.02
A0641,2025-05-03,5.8,23.27,37.02,56.29,0.556,39.69
A0641,2025-05-04,5.8,17.71,28.23,43.0,0.556,30.28
A0641,2025-05-05,5.8,16.43,27.11,42.08,0.556,29.19
A0641,2025-05-06,5.8,17.0,27.07,41.18,0.556,29.03
A0641,2025-05-07,5.8,17.6,27.9,42.36,0.556,29.91
A0641,2025-05-08,5.8,18.66,29.5,44.7,0.556,31.61
A0641,2025-05-09,5.8,20.97,33.54,51.17,0.556,35.99
A0641,2025-05-10,5.8,22.12,35.37,53.94,0.556,37.95
A0641,2025-05-11,5.8,13.75,22.03,33.64,0.556,23.64
A0641,2025-05-12,5.8,17.81,29.25,45.3,0.556,31.48
A0642,2025-04-29,429.7,17.4,28.15,43.51,0.909,43.86
A0642,2025-04-30,429.7,19.42,30.58,46.52,0.909,46.88
A0642,2025-05-01,429.7,14.37,23.46,36.44,0.909,36.74
A0642,2025-05-02,429.7,17.53,29.43,46.42,0.909,46.81
A0642,2025-05-03,429.7,14.21,25.58,41.8,0.909,42.16
A0642,2025-05-04,429.7,10.91,18.44,29.19,0.909,29.44
A0642,2025-05-05,429.7,10.37,17.11,26.73,0.909,26.95
A0642,2025-05-06,429.7,13.98,22.07,33.62,0.909,33.88
A0642,2025-05-07,429.7,12.94,20.55,31.41,0.909,31.65
A0642,2025-05-08,429.7,14.39,21.92,32.66,0.909,32.9
A0642,2025-05-09,429.7,15.77,24.45,36.83,0.909,37.11
A0642,2025-05-10,429.7,26.32,38.66,56.26,0.909,56.66
A0642,2025-05-11,429.7,17.96,25.63,36.58,0.909,36.83
A0642,2025-05-12,429.7,22.07,29.7,40.58,0.909,40.83
A0643,2025-04-29,310.4,5.36,10.65,18.6,0.909,18.78
A0643,2025-04-30,310.4,6.44,12.83,22.42,0.909,22.64
A0643,2025-05-01,310.4,5.08,9.36,15.79,0.909,15.94
A0643,2025-05-02,310.4,7.08,12.52,20.71,0.909,20.89
A0643,2025-05-03,310.4,7.1,13.2,22.35,0.909,22.55
A0643,2025-05-04,310.4,5.7,11.29,19.68,0.909,19.87
A0643,2025-05-05,310.4,5.09,8.55,13.74,0.909,13.86
A0643,2025-05-06,310.4,5.76,10.62,17.91,0.909,18.07
A0643,2025-05-07,310.4,5.32,9.78,16.49,0.909,16.64
A0643,2025-05-08,310.4,6.21,11.0,18.2,0.909,18.36
A0643,2025-05-09,310.4,7.13,11.97,19.23,0.909,19.39
A0643,2025-05-10,310.4,7.07,12.31,20.19,0.909,20.37
A0643,2025-05-11,310.4,4.55,8.07,13.36,0.909,13.48
A0643,2025-05-12,310.4,6.05,9.43,14.52,0.909,14.63
A0644,2025-04-29,6.0,61.28,81.55,114.35,0.556,86.11
A0644,2025-04-30,6.0,82.41,106.64,145.84,0.556,112.08
A0644,2025-05-01,6.0,57.12,76.44,107.68,0.556,80.78
A0644,2025-05-02,6.0,77.47,99.46,135.02,0.556,104.4
A0644,2025-05-03,6.0,85.65,110.54,150.8,0.556,116.13
A0644,2025-05-04,6.0,66.53,87.31,120.93,0.556,91.98
A0644,2025-05-05,6.0,61.53,80.58,111.39,0.556,84.86
A0644,2025-05-06,6.0,62.72,83.09,116.04,0.556,87.66
A0644,2025-05-07,6.0,63.88,83.95,116.42,0.556,88.46
A0644,2025-05-08,6.0,74.17,99.12,139.47,0.556,104.72
A0644,2025-05-09,6.0,77.91,100.81,137.85,0.556,105.95
A0644,2025-05-10,6.0,86.49,113.52,157.24,0.556,119.59
A0644,2025-05-11,6.0,51.89,70.0,99.29,0.556,74.07
A0644,2025-05-12,6.0,69.99,94.76,134.82,0.556,100.32
A0645,2025-04-29,2.8,3.97,17.74,45.74,0.556,21.63
A0645,2025-04-30,2.8,7.29,25.73,65.23,0.556,31.22
A0645,2025-05-01,2.8,4.44,18.79,49.16,0.556,23.01
A0645,2025-05-02,2.8,7.93,27.55,70.07,0.556,33.46
A0645,2025-05-03,2.8,10.3,33.65,83.87,0.556,40.62
A0645,2025-05-04,2.8,17.82,52.98,134.78,0.556,64.34
A0645,2025-05-05,2.8,16.2,48.22,117.06,0.556,57.78
A0645,2025-05-06,2.8,19.55,56.51,133.04,0.556,67.14
A0645,2025-05-07,2.8,21.74,62.54,146.45,0.556,74.2
A0645,2025-05-08,2.8,27.82,76.62,175.27,0.556,90.32
A0645,2025-05-09,2.8,30.13,82.25,189.51,0.556,97.15
A0645,2025-05-10,2.8,15.09,46.51,108.52,0.556,55.13
A0645,2025-05-11,2.8,6.14,24.56,59.23,0.556,29.38
A0645,2025-05-12,2.8,12.82,40.45,93.72,0.556,47.85
A0646,2025-04-29,168.8,6.84,12.43,19.97,0.909,20.14
A0646,2025-04-30,168.8,8.78,15.96,25.65,0.909,25.87
A0646,2025-05-01,168.8,6.66,12.46,20.27,0.909,20.45
A0646,2025-05-02,168.8,8.75,16.35,26.61,0.909,26.84
A0646,2025-05-03,168.8,9.16,17.08,27.76,0.909,28.01
A0646,2025-05-04,168.8,6.97,12.38,19.67,0.909,19.83
A0646,2025-05-05,168.8,6.48,12.1,19.68,0.909,19.85
A0646,2025-05-06,168.8,6.8,12.31,19.75,0.909,19.92
A0646,2025-05-07,168.8,7.26,13.58,22.1,0.909,22.29
A0646,2025-05-08,168.8,8.11,15.15,24.66,0.909,24.88
A0646,2025-05-09,168.8,8.72,16.39,26.74,0.909,26.97
A0646,2025-05-10,168.8,9.32,17.44,28.39,0.909,28.64
A0646,2025-05-11,168.8,5.77,10.58,17.07,0.909,17.22
A0646,2025-05-12,168.8,7.89,14.5,23.41,0.909,23.61
A0647,2025-04-29,2.6,53.7,80.35,115.43,0.556,85.22
A0647,2025-04-30,2.6,67.8,107.72,160.27,0.556,115.02
A0647,2025-05-01,2.6,50.06,74.96,107.74,0.556,79.52
A0647,2025-05-02,2.6,67.04,105.43,155.95,0.556,112.45
A0647,2025-05-03,2.6,71.6,110.71,162.19,0.556,117.86
A0647,2025-05-04,2.6,53.24,82.69,121.46,0.556,88.08
A0647,2025-05-05,2.6,52.99,80.26,116.15,0.556,85.25
A0647,2025-05-06,2.6,56.52,84.0,120.18,0.556,89.03
A0647,2025-05-07,2.6,57.14,85.98,123.94,0.556,91.25
A0647,2025-05-08,2.6,61.08,89.81,127.63,0.556,95.06
A0647,2025-05-09,2.6,69.46,107.01,156.43,0.556,113.88
A0647,2025-05-10,2.6,74.38,111.19,159.65,0.556,117.92
A0647,2025-05-11,2.6,45.15,67.92,97.89,0.556,72.09
A0647,2025-05-12,2.6,66.67,97.64,138.4,0.556,103.3
A0648,2025-04-29,6.1,83.98,109.06,147.53,0.556,114.41
A0648,2025-04-30,6.1,105.25,133.54,176.91,0.556,139.56
A0648,2025-05-01,6.1,77.83,101.15,136.93,0.556,106.12
A0648,2025-05-02,6.1,102.54,132.39,178.16,0.556,138.75
A0648,2025-05-03,6.1,111.6,145.64,197.83,0.556,152.89
A0648,2025-05-04,6.1,87.63,112.91,151.68,0.556,118.29
A0648,2025-05-05,6.1,80.75,105.05,142.32,0.556,110.23
A0648,2025-05-06,6.1,87.3,112.14,150.24,0.556,117.43
A0648,2025-05-07,6.1,89.52,115.44,155.18,0.556,120.96
A0648,2025-05-08,6.1,100.43,129.67,174.53,0.556,135.9
A0648,2025-05-09,6.1,107.43,138.03,184.96,0.556,144.55
A0648,2025-05-10,6.1,117.68,153.28,207.87,0.556,160.86
A0648,2025-05-11,6.1,73.83,96.76,131.93,0.556,101.65
A0648,2025-05-12,6.1,103.55,134.24,181.31,0.556,140.78
A0649,2025-04-29,3.4,150.24,236.36,369.99,0.556,254.92
A0649,2025-04-30,3.4,188.85,295.13,460.04,0.556,318.04
A0649,2025-05-01,3.4,137.13,203.19,305.69,0.556,217.43
A0649,2025-05-02,3.4,189.05,298.09,467.28,0.556,321.59
A0649,2025-05-03,3.4,199.59,312.17,486.84,0.556,336.43
A0649,2025-05-04,3.4,150.23,229.66,352.9,0.556,246.77
A0649,2025-05-05,3.4,139.89,210.4,319.8,0.556,225.59
A0649,2025-05-06,3.4,159.73,248.64,386.58,0.556,267.8
A0649,2025-05-07,3.4,165.56,251.8,385.6,0.556,270.38
A0649,2025-05-08,3.4,175.14,268.69,413.85,0.556,288.85
A0649,2025-05-09,3.4,195.71,302.89,469.18,0.556,325.98
A0649,2025-05-10,3.4,208.4,315.41,481.45,0.556,338.47
A0649,2025-05-11,3.4,124.96,192.78,298.01,0.556,207.39
A0649,2025-05-12,3.4,179.93,275.57,423.96,0.556,296.18
A0650,2025-04-29,161.1,10.25,15.31,22.9,0.909,23.08
A0650,2025-04-30,161.1,12.44,18.61,27.89,0.909,28.1
A0650,2025-05-01,161.1,9.72,14.93,22.75,0.909,22.93
A0650,2025-05-02,161.1,12.51,19.01,28.77,0.909,28.99
A0650,2025-05-03,161.1,12.66,19.7,30.27,0.909,30.51
A0650,2025-05-04,161.1,9.18,13.85,20.87,0.909,21.03
A0650,2025-05-05,161.1,9.95,15.37,23.49,0.909,23.68
A0650,2025-05-06,161.1,10.55,15.61,23.2,0.909,23.37
A0650,2025-05-07,161.1,11.17,16.89,25.47,0.909,25.67
A0650,2025-05-08,161.1,12.2,18.38,27.66,0.909,27.88
A0650,2025-05-09,161.1,12.94,19.43,29.18,0.909,29.4
A0650,2025-05-10,161.1,13.4,20.42,30.97,0.909,31.21
A0650,2025-05-11,161.1,8.64,13.02,19.59,0.909,19.74
A0650,2025-05-12,161.1,12.12,18.36,27.74,0.909,27.95
A0651,2025-04-29,33.4,13.59,19.38,27.91,0.909,28.11
A0651,2025-04-30,33.4,17.89,23.89,32.72,0.909,32.92
A0651,2025-05-01,33.4,11.96,17.19,24.89,0.909,25.07
A0651,2025-05-02,33.4,16.73,23.15,32.59,0.909,32.81
A0651,2025-05-03,33.4,17.72,23.97,33.18,0.909,33.39
A0651,2025-05-04,33.4,12.51,17.16,24.0,0.909,24.16
A0651,2025-05-05,33.4,13.45,19.99,29.62,0.909,29.84
A0651,2025-05-06,33.4,14.12,20.31,29.42,0.909,29.63
A0651,2025-05-07,33.4,14.39,20.22,28.81,0.909,29.0
A0651,2025-05-08,33.4,16.13,21.97,30.58,0.909,30.78
A0651,2025-05-09,33.4,17.15,23.97,34.01,0.909,34.24
A0651,2025-05-10,33.4,18.4,25.24,35.31,0.909,35.54
A0651,2025-05-11,33.4,11.24,16.08,23.2,0.909,23.36
A0651,2025-05-12,33.4,15.44,23.66,35.76,0.909,36.03
A0652,2025-04-29,33.0,43.07,58.52,80.87,0.909,81.38
A0652,2025-04-30,33.0,56.56,75.22,102.24,0.909,102.85
A0652,2025-05-01,33.0,36.85,48.78,66.06,0.909,66.45
A0652,2025-05-02,33.0,53.71,70.17,94.01,0.909,94.55
A0652,2025-05-03,33.0,54.4,70.67,94.24,0.909,94.77
A0652,2025-05-04,33.0,35.71,49.98,70.63,0.909,71.1
A0652,2025-05-05,33.0,42.77,59.25,83.11,0.909,83.65
A0652,2025-05-06,33.0,44.66,62.25,87.71,0.909,88.29
A0652,2025-05-07,33.0,47.29,61.76,82.72,0.909,83.19
A0652,2025-05-08,33.0,51.1,66.79,89.51,0.909,90.03
A0652,2025-05-09,33.0,55.32,73.19,99.07,0.909,99.65
A0652,2025-05-10,33.0,57.51,75.8,102.29,0.909,102.89
A0652,2025-05-11,33.0,34.51,47.76,66.95,0.909,67.39
A0652,2025-05-12,33.0,45.44,72.14,110.79,0.909,111.67
A0653,2025-04-29,189.4,6.39,12.15,20.17,0.909,20.36
A0653,2025-04-30,189.4,7.45,13.71,22.41,0.909,22.61
A0653,2025-05-01,189.4,6.25,11.2,18.07,0.909,18.22
A0653,2025-05-02,189.4,8.31,15.26,24.93,0.909,25.15
A0653,2025-05-03,189.4,9.22,16.38,26.34,0.909,26.56
A0653,2025-05-04,189.4,6.49,11.77,19.11,0.909,19.27
A0653,2025-05-05,189.4,6.81,11.43,17.84,0.909,17.99
A0653,2025-05-06,189.4,6.96,12.71,20.72,0.909,20.91
A0653,2025-05-07,189.4,6.89,12.46,20.19,0.909,20.37
A0653,2025-05-08,189.4,8.04,14.42,23.3,0.909,23.5
A0653,2025-05-09,189.4,8.63,15.61,25.32,0.909,25.54
A0653,2025-05-10,189.4,9.24,16.47,26.52,0.909,26.75
A0653,2025-05-11,189.4,5.74,10.55,17.24,0.909,17.39
A0653,2025-05-12,189.4,8.21,13.88,21.78,0.909,21.96
A0654,2025-04-29,207.9,10.67,17.99,27.64,0.909,27.86
A0654,2025-04-30,207.9,12.57,20.96,32.04,0.909,32.29
A0654,2025-05-01,207.9,9.45,16.46,25.71,0.909,25.92
A0654,2025-05-02,207.9,8.98,15.39,23.84,0.909,24.03
A0654,2025-05-03,207.9,9.71,17.04,26.7,0.909,26.92
A0654,2025-05-04,207.9,6.8,11.6,17.93,0.909,18.07
A0654,2025-05-05,207.9,6.69,11.93,18.83,0.909,18.99
A0654,2025-05-06,207.9,7.11,12.43,19.45,0.909,19.61
A0654,2025-05-07,207.9,6.88,12.35,19.56,0.909,19.73
A0654,2025-05-08,207.9,8.22,14.85,23.6,0.909,23.8
A0654,2025-05-09,207.9,9.13,15.58,24.09,0.909,24.29
A0654,2025-05-10,207.9,9.75,17.25,27.13,0.909,27.35
A0654,2025-05-11,207.9,5.65,9.93,15.56,0.909,15.69
A0654,2025-05-12,207.9,8.04,14.39,22.76,0.909,22.95
A0655,2025-04-29,187.4,10.35,15.88,23.41,0.909,23.58
A0655,2025-04-30,187.4,13.83,21.25,31.36,0.909,31.59
A0655,2025-05-01,187.4,8.94,13.83,20.5,0.909,20.65
A0655,2025-05-02,187.4,11.8,17.88,26.17,0.909,26.36
A0655,2025-05-03,187.4,12.65,19.53,28.89,0.909,29.11
A0655,2025-05-04,187.4,10.17,15.57,22.92,0.909,23.09
A0655,2025-05-05,187.4,8.94,13.97,20.83,0.909,20.98
A0655,2025-05-06,187.4,9.82,15.49,23.2,0.909,23.38
A0655,2025-05-07,187.4,10.09,15.16,22.07,0.909,22.23
A0655,2025-05-08,187.4,11.39,17.86,26.68,0.909,26.88
A0655,2025-05-09,187.4,11.8,17.85,26.09,0.909,26.28
A0655,2025-05-10,187.4,12.69,19.42,28.58,0.909,28.79
A0655,2025-05-11,187.4,8.0,11.98,17.4,0.909,17.52
A0655,2025-05-12,187.4,10.75,17.25,26.11,0.909,26.31
A0656,2025-04-29,408.8,9.83,16.15,25.76,0.909,25.98
A0656,2025-04-30,408.8,12.11,21.84,36.62,0.909,36.95
A0656,2025-05-01,408.8,8.75,13.79,21.46,0.909,21.63
A0656,2025-05-02,408.8,11.48,18.86,30.05,0.909,30.3
A0656,2025-05-03,408.8,11.81,20.3,33.18,0.909,33.48
A0656,2025-05-04,408.8,10.29,17.16,27.59,0.909,27.83
A0656,2025-05-05,408.8,8.52,13.0,19.8,0.909,19.96
A0656,2025-05-06,408.8,10.01,16.06,25.24,0.909,25.45
A0656,2025-05-07,408.8,10.04,16.78,27.02,0.909,27.25
A0656,2025-05-08,408.8,10.32,16.71,26.4,0.909,26.62
A0656,2025-05-09,408.8,11.45,18.42,29.0,0.909,29.24
A0656,2025-05-10,408.8,11.52,19.31,31.15,0.909,31.41
A0656,2025-05-11,408.8,7.99,12.77,20.03,0.909,20.2
A0656,2025-05-12,408.8,10.13,15.11,22.67,0.909,22.84
A0657,2025-04-29,431.5,17.69,24.6,32.49,0.909,32.67
A0657,2025-04-30,431.5,22.55,32.06,42.93,0.909,43.18
A0657,2025-05-01,431.5,16.54,24.04,32.59,0.909,32.79
A0657,2025-05-02,431.5,23.07,31.9,41.97,0.909,42.2
A0657,2025-05-03,431.5,21.9,29.62,38.45,0.909,38.65
A0657,2025-05-04,431.5,15.26,21.94,29.57,0.909,29.74
A0657,2025-05-05,431.5,19.88,27.59,36.38,0.909,36.58
A0657,2025-05-06,431.5,19.83,26.81,34.77,0.909,34.95
A0657,2025-05-07,431.5,19.67,27.91,37.32,0.909,37.53
A0657,2025-05-08,431.5,21.44,31.13,42.19,0.909,42.45
A0657,2025-05-09,431.5,23.96,33.47,44.33,0.909,44.58
A0657,2025-05-10,431.5,23.78,32.62,42.71,0.909,42.94
A0657,2025-05-11,431.5,15.5,21.68,28.72,0.909,28.88
A0657,2025-05-12,431.5,25.04,35.59,47.63,0.909,47.9
A0658,2025-04-29,416.7,21.77,33.74,48.56,0.909,48.9
A0658,2025-04-30,416.7,27.33,42.0,60.17,0.909,60.58
A0658,2025-05-01,416.7,19.71,29.35,41.28,0.909,41.55
A0658,2025-05-02,416.7,27.0,40.62,57.47,0.909,57.85
A0658,2025-05-03,416.7,25.33,37.58,52.74,0.909,53.09
A0658,2025-05-04,416.7,19.57,29.78,42.42,0.909,42.71
A0658,2025-05-05,416.7,22.54,33.55,47.18,0.909,47.49
A0658,2025-05-06,416.7,24.29,37.52,53.91,0.909,54.28
A0658,2025-05-07,416.7,24.14,37.37,53.74,0.909,54.11
A0658,2025-05-08,416.7,26.91,41.48,59.52,0.909,59.93
A0658,2025-05-09,416.7,29.44,45.57,65.54,0.909,66.0
A0658,2025-05-10,416.7,28.7,44.03,63.01,0.909,63.44
A0658,2025-05-11,416.7,19.33,29.79,42.73,0.909,43.02
A0658,2025-05-12,416.7,30.8,51.53,77.18,0.909,77.76
A0659,2025-04-29,376.1,32.13,46.57,65.61,0.909,66.05
A0659,2025-04-30,376.1,40.15,58.82,83.44,0.909,84.0
A0659,2025-05-01,376.1,28.91,39.76,54.07,0.909,54.4
A0659,2025-05-02,376.1,37.38,53.67,75.15,0.909,75.64
A0659,2025-05-03,376.1,37.41,53.79,75.39,0.909,75.88
A0659,2025-05-04,376.1,26.04,41.09,60.94,0.909,61.39
A0659,2025-05-05,376.1,29.74,41.48,56.96,0.909,57.31
A0659,2025-05-06,376.1,33.54,47.11,65.0,0.909,65.41
A0659,2025-05-07,376.1,33.22,48.03,67.57,0.909,68.01
A0659,2025-05-08,376.1,35.48,51.04,71.55,0.909,72.02
A0659,2025-05-09,376.1,39.77,56.34,78.19,0.909,78.69
A0659,2025-05-10,376.1,40.9,58.27,81.19,0.909,81.71
A0659,2025-05-11,376.1,25.74,37.87,53.86,0.909,54.23
A0659,2025-05-12,376.1,39.86,54.8,74.51,0.909,74.96
A0660,2025-04-29,6.4,196.1,266.02,394.58,0.556,283.88
A0660,2025-04-30,6.4,274.0,355.55,505.48,0.556,376.37
A0660,2025-05-01,6.4,526.22,685.91,979.52,0.556,726.69
A0660,2025-05-02,6.4,712.03,937.34,1351.63,0.556,994.88
A0660,2025-05-03,6.4,763.77,1012.21,1469.01,0.556,1075.65
A0660,2025-05-04,6.4,614.86,800.67,1142.32,0.556,848.12
A0660,2025-05-05,6.4,571.15,737.45,1043.23,0.556,779.92
A0660,2025-05-06,6.4,155.42,223.59,348.92,0.556,241.0
A0660,2025-05-07,6.4,168.65,248.89,396.42,0.556,269.38
A0660,2025-05-08,6.4,196.34,271.23,408.94,0.556,290.36
A0660,2025-05-09,6.4,226.62,305.89,451.64,0.556,326.13
A0660,2025-05-10,6.4,254.21,344.44,510.34,0.556,367.48
A0660,2025-05-11,6.4,159.27,222.12,337.68,0.556,238.17
A0660,2025-05-12,6.4,208.37,281.22,415.17,0.556,299.82
A0661,2025-04-29,6.2,57.73,75.01,104.1,0.556,79.05
A0661,2025-04-30,6.2,73.09,93.66,128.29,0.556,98.47
A0661,2025-05-01,6.2,57.12,74.8,104.57,0.556,78.94
A0661,2025-05-02,6.2,73.56,95.61,132.72,0.556,100.76
A0661,2025-05-03,6.2,78.04,100.76,139.02,0.556,106.08
A0661,2025-05-04,6.2,59.3,76.46,105.36,0.556,80.48
A0661,2025-05-05,6.2,59.0,76.88,106.97,0.556,81.06
A0661,2025-05-06,6.2,60.44,78.09,107.8,0.556,82.21
A0661,2025-05-07,6.2,61.29,78.82,108.31,0.556,82.91
A0661,2025-05-08,6.2,70.27,91.68,127.71,0.556,96.68
A0661,2025-05-09,6.2,75.25,97.89,136.0,0.556,103.18
A0661,2025-05-10,6.2,81.19,104.72,144.35,0.556,110.23
A0661,2025-05-11,6.2,50.25,65.24,90.49,0.556,68.75
A0661,2025-05-12,6.2,73.69,96.08,133.78,0.556,101.32
A0662,2025-04-29,195.9,10.65,17.8,28.78,0.909,29.03
A0662,2025-04-30,195.9,12.36,19.49,30.44,0.909,30.69
A0662,2025-05-01,195.9,9.52,15.37,24.35,0.909,24.55
A0662,2025-05-02,195.9,12.83,20.97,33.45,0.909,33.74
A0662,2025-05-03,195.9,13.29,21.81,34.89,0.909,35.18
A0662,2025-05-04,195.9,9.38,14.57,22.54,0.909,22.72
A0662,2025-05-05,195.9,10.01,15.82,24.74,0.909,24.94
A0662,2025-05-06,195.9,11.26,18.49,29.6,0.909,29.85
A0662,2025-05-07,195.9,11.53,18.82,30.01,0.909,30.27
A0662,2025-05-08,195.9,12.28,20.05,31.98,0.909,32.25
A0662,2025-05-09,195.9,13.27,21.44,33.98,0.909,34.27
A0662,2025-05-10,195.9,13.81,22.34,35.44,0.909,35.74
A0662,2025-05-11,195.9,8.81,14.17,22.4,0.909,22.59
A0662,2025-05-12,195.9,13.01,20.78,32.71,0.909,32.99
A0663,2025-04-29,195.8,2.79,14.05,36.06,0.909,36.56
A0663,2025-04-30,195.8,5.23,19.76,48.49,0.909,49.14
A0663,2025-05-01,195.8,0.16,6.04,19.21,0.909,19.51
A0663,2025-05-02,195.8,0.96,9.69,27.31,0.909,27.71
A0663,2025-05-03,195.8,1.61,11.7,31.63,0.909,32.08
A0663,2025-05-04,195.8,0.46,8.03,23.38,0.909,23.73
A0663,2025-05-05,195.8,0.99,10.14,27.65,0.909,28.04
A0663,2025-05-06,195.8,1.44,11.39,30.03,0.909,30.46
A0663,2025-05-07,195.8,1.9,12.63,32.47,0.909,32.92
A0663,2025-05-08,195.8,2.83,14.96,36.98,0.909,37.48
A0663,2025-05-09,195.8,3.4,16.35,40.11,0.909,40.65
A0663,2025-05-10,195.8,4.12,18.13,44.03,0.909,44.62
A0663,2025-05-11,195.8,1.24,10.9,28.68,0.909,29.09
A0663,2025-05-12,195.8,4.03,17.35,41.87,0.909,42.43
A0664,2025-04-29,350.1,10.99,17.94,26.98,0.909,27.19
A0664,2025-04-30,350.1,12.39,20.52,31.11,0.909,31.35
A0664,2025-05-01,350.1,10.26,16.93,25.61,0.909,25.81
A0664,2025-05-02,350.1,13.4,21.76,32.64,0.909,32.89
A0664,2025-05-03,350.1,12.79,20.9,31.47,0.909,31.71
A0664,2025-05-04,350.1,9.39,15.09,22.51,0.909,22.68
A0664,2025-05-05,350.1,10.86,18.03,27.36,0.909,27.57
A0664,2025-05-06,350.1,11.78,18.74,27.81,0.909,28.02
A0664,2025-05-07,350.1,11.44,18.54,27.79,0.909,28.0
A0664,2025-05-08,350.1,11.88,18.98,28.23,0.909,28.44
A0664,2025-05-09,350.1,13.53,21.86,32.71,0.909,32.96
A0664,2025-05-10,350.1,12.94,20.98,31.46,0.909,31.7
A0664,2025-05-11,350.1,8.69,13.82,20.5,0.909,20.65
A0664,2025-05-12,350.1,12.77,20.28,30.08,0.909,30.3
A0665,2025-04-29,5.5,26.18,39.85,57.32,0.556,42.28
A0665,2025-04-30,5.5,34.13,49.34,68.78,0.556,52.04
A0665,2025-05-01,5.5,23.21,35.2,50.53,0.556,37.33
A0665,2025-05-02,5.5,31.91,48.35,69.36,0.556,51.27
A0665,2025-05-03,5.5,34.67,53.13,76.75,0.556,56.41
A0665,2025-05-04,5.5,25.08,35.98,49.91,0.556,37.91
A0665,2025-05-05,5.5,25.1,37.67,53.75,0.556,39.9
A0665,2025-05-06,5.5,25.93,40.07,58.14,0.556,42.58
A0665,2025-05-07,5.5,27.28,41.29,59.21,0.556,43.78
A0665,2025-05-08,5.5,30.13,45.88,66.03,0.556,48.68
A0665,2025-05-09,5.5,31.94,48.23,69.05,0.556,51.12
A0665,2025-05-10,5.5,34.72,52.56,75.38,0.556,55.73
A0665,2025-05-11,5.5,20.48,30.85,44.11,0.556,32.69
A0665,2025-05-12,5.5,29.15,45.51,66.43,0.556,48.42
A0666,2025-04-29,340.5,14.16,26.61,40.58,0.909,40.89
A0666,2025-04-30,340.5,17.69,38.38,61.61,0.909,62.13
A0666,2025-05-01,340.5,13.08,25.26,38.94,0.909,39.25
A0666,2025-05-02,340.5,19.92,34.47,50.8,0.909,51.17
A0666,2025-05-03,340.5,19.33,31.16,44.44,0.909,44.74
A0666,2025-05-04,340.5,13.07,28.9,46.67,0.909,47.07
A0666,2025-05-05,340.5,16.43,28.68,42.43,0.909,42.74
A0666,2025-05-06,340.5,15.3,29.44,45.32,0.909,45.68
A0666,2025-05-07,340.5,15.93,30.53,46.93,0.909,47.3
A0666,2025-05-08,340.5,17.94,33.26,50.47,0.909,50.86
A0666,2025-05-09,340.5,20.5,36.12,53.65,0.909,54.05
A0666,2025-05-10,340.5,21.31,34.0,48.25,0.909,48.58
A0666,2025-05-11,340.5,12.88,25.71,40.12,0.909,40.45
A0666,2025-05-12,340.5,20.84,39.16,59.74,0.909,60.2
A0667,2025-04-29,310.7,32.27,47.66,68.79,0.909,69.27
A0667,2025-04-30,310.7,44.23,62.61,87.83,0.909,88.4
A0667,2025-05-01,310.7,29.99,43.52,62.09,0.909,62.51
A0667,2025-05-02,310.7,42.77,60.46,84.74,0.909,85.29
A0667,2025-05-03,310.7,41.93,58.79,81.92,0.909,82.44
A0667,2025-05-04,310.7,32.07,44.54,61.66,0.909,62.05
A0667,2025-05-05,310.7,35.93,50.49,70.48,0.909,70.93
A0667,2025-05-06,310.7,34.6,51.26,74.12,0.909,74.64
A0667,2025-05-07,310.7,35.88,52.35,74.96,0.909,75.47
A0667,2025-05-08,310.7,38.98,57.42,82.73,0.909,83.31
A0667,2025-05-09,310.7,42.96,62.23,88.69,0.909,89.29
A0667,2025-05-10,310.7,44.28,63.63,90.19,0.909,90.79
A0667,2025-05-11,310.7,28.94,41.47,58.67,0.909,59.06
A0667,2025-05-12,310.7,45.59,68.39,99.67,0.909,100.38
A0668,2025-04-29,3.5,73.93,103.71,146.22,0.556,109.62
A0668,2025-04-30,3.5,90.16,123.36,170.76,0.556,129.95
A0668,2025-05-01,3.5,62.94,84.21,114.56,0.556,88.42
A0668,2025-05-02,3.5,89.98,126.93,179.67,0.556,134.25
A0668,2025-05-03,3.5,93.61,133.7,190.92,0.556,141.65
A0668,2025-05-04,3.5,70.78,96.4,132.97,0.556,101.48
A0668,2025-05-05,3.5,65.36,87.94,120.17,0.556,92.42
A0668,2025-05-06,3.5,74.91,104.26,146.16,0.556,110.08
A0668,2025-05-07,3.5,74.56,104.79,147.94,0.556,110.78
A0668,2025-05-08,3.5,81.85,114.07,160.06,0.556,120.45
A0668,2025-05-09,3.5,90.44,127.39,180.14,0.556,134.72
A0668,2025-05-10,3.5,94.02,134.37,191.98,0.556,142.37
A0668,2025-05-11,3.5,58.26,81.8,115.4,0.556,86.47
A0668,2025-05-12,3.5,78.98,110.07,154.44,0.556,116.23
A0669,2025-04-29,7.0,549.02,665.49,877.38,0.556,694.92
A0669,2025-04-30,7.0,358.52,433.86,570.91,0.556,452.9
A0669,2025-05-01,7.0,291.32,370.11,513.46,0.556,390.02
A0669,2025-05-02,7.0,379.2,471.12,638.33,0.556,494.34
A0669,2025-05-03,7.0,419.01,518.92,700.67,0.556,544.16
A0669,2025-05-04,7.0,290.94,347.83,451.33,0.556,362.2
A0669,2025-05-05,7.0,288.75,363.62,499.82,0.556,382.53
A0669,2025-05-06,7.0,319.62,390.22,518.64,0.556,408.05
A0669,2025-05-07,7.0,337.97,411.68,545.79,0.556,430.31
A0669,2025-05-08,7.0,372.88,450.4,591.42,0.556,469.99
A0669,2025-05-09,7.0,400.26,492.45,660.17,0.556,515.74
A0669,2025-05-10,7.0,434.51,533.41,713.34,0.556,558.4
A0669,2025-05-11,7.0,259.85,317.05,421.11,0.556,331.5
A0669,2025-05-12,7.0,347.84,424.12,562.9,0.556,443.4
A0670,2025-04-29,4.8,35.89,58.42,86.45,0.556,62.31
A0670,2025-04-30,4.8,43.68,73.46,110.51,0.556,78.6
A0670,2025-05-01,4.8,13.87,24.26,37.19,0.556,26.06
A0670,2025-05-02,4.8,19.27,32.82,49.68,0.556,35.16
A0670,2025-05-03,4.8,22.73,39.15,59.57,0.556,41.98
A0670,2025-05-04,4.8,17.22,28.96,43.56,0.556,30.99
A0670,2025-05-05,4.8,15.2,25.79,38.97,0.556,27.62
A0670,2025-05-06,4.8,16.72,28.4,42.93,0.556,30.42
A0670,2025-05-07,4.8,16.99,28.79,43.48,0.556,30.83
A0670,2025-05-08,4.8,19.1,31.73,47.45,0.556,33.92
A0670,2025-05-09,4.8,20.53,33.65,49.98,0.556,35.92
A0670,2025-05-10,4.8,22.92,38.15,57.11,0.556,40.79
A0670,2025-05-11,4.8,14.09,23.66,35.56,0.556,25.31
A0670,2025-05-12,4.8,17.78,30.26,45.78,0.556,32.41
A0671,2025-04-29,3.1,83.46,116.04,159.3,0.556,122.05
A0671,2025-04-30,3.1,102.16,143.96,199.46,0.556,151.67
A0671,2025-05-01,3.1,79.27,107.14,144.14,0.556,112.28
A0671,2025-05-02,3.1,102.48,145.35,202.26,0.556,153.25
A0671,2025-05-03,3.1,104.15,149.44,209.56,0.556,157.79
A0671,2025-05-04,3.1,85.19,117.42,160.2,0.556,123.36
A0671,2025-05-05,3.1,80.55,111.3,152.12,0.556,116.97
A0671,2025-05-06,3.1,85.18,117.91,161.35,0.556,123.94
A0671,2025-05-07,3.1,86.73,119.45,162.88,0.556,125.48
A0671,2025-05-08,3.1,91.5,125.64,170.96,0.556,131.93
A0671,2025-05-09,3.1,101.34,144.06,200.78,0.556,151.94
A0671,2025-05-10,3.1,101.55,146.43,206.01,0.556,154.71
A0671,2025-05-11,3.1,68.42,94.53,129.19,0.556,99.34
A0671,2025-05-12,3.1,92.71,129.43,178.17,0.556,136.2
A0672,2025-04-29,2.4,27.25,41.62,60.5,0.556,44.25
A0672,2025-04-30,2.4,33.66,51.76,75.54,0.556,55.07
A0672,2025-05-01,2.4,25.78,38.88,56.1,0.556,41.28
A0672,2025-05-02,2.4,34.5,54.25,80.18,0.556,57.85
A0672,2025-05-03,2.4,35.42,56.11,83.29,0.556,59.89
A0672,2025-05-04,2.4,26.26,40.35,58.86,0.556,42.92
A0672,2025-05-05,2.4,25.67,39.03,56.58,0.556,41.47
A0672,2025-05-06,2.4,27.36,41.85,60.88,0.556,44.5
A0672,2025-05-07,2.4,28.42,43.37,63.0,0.556,46.1
A0672,2025-05-08,2.4,31.02,48.33,71.06,0.556,51.49
A0672,2025-05-09,2.4,34.29,53.76,79.33,0.556,57.31
A0672,2025-05-10,2.4,35.16,55.2,81.51,0.556,58.85
A0672,2025-05-11,2.4,22.56,34.53,50.26,0.556,36.72
A0672,2025-05-12,2.4,31.58,48.44,70.58,0.556,51.51
A0673,2025-04-29,212.6,11.52,18.23,28.75,0.909,28.99
A0673,2025-04-30,212.6,13.58,22.39,36.24,0.909,36.55
A0673,2025-05-01,212.6,10.49,16.29,25.38,0.909,25.59
A0673,2025-05-02,212.6,14.18,22.64,35.91,0.909,36.21
A0673,2025-05-03,212.6,14.92,24.16,38.68,0.909,39.01
A0673,2025-05-04,212.6,10.92,17.5,27.84,0.909,28.08
A0673,2025-05-05,212.6,10.79,16.79,26.22,0.909,26.43
A0673,2025-05-06,212.6,11.54,18.33,28.97,0.909,29.22
A0673,2025-05-07,212.6,12.24,19.39,30.62,0.909,30.87
A0673,2025-05-08,212.6,20.7,29.74,43.94,0.909,44.26
A0673,2025-05-09,212.6,21.8,32.03,48.11,0.909,48.47
A0673,2025-05-10,212.6,22.59,33.68,51.09,0.909,51.48
A0673,2025-05-11,212.6,14.64,21.44,32.11,0.909,32.36
A0673,2025-05-12,212.6,19.1,28.1,42.23,0.909,42.55
A0674,2025-04-29,2.8,226.04,311.76,433.64,0.556,328.69
A0674,2025-04-30,2.8,288.04,382.81,517.55,0.556,401.53
A0674,2025-05-01,2.8,102.66,148.64,214.0,0.556,157.72
A0674,2025-05-02,2.8,153.75,210.39,290.9,0.556,221.57
A0674,2025-05-03,2.8,163.92,227.31,317.41,0.556,239.82
A0674,2025-05-04,2.8,120.89,161.76,219.86,0.556,169.83
A0674,2025-05-05,2.8,120.34,168.67,237.37,0.556,178.21
A0674,2025-05-06,2.8,130.57,177.65,244.59,0.556,186.95
A0674,2025-05-07,2.8,137.68,183.54,248.73,0.556,192.59
A0674,2025-05-08,2.8,147.42,199.43,273.37,0.556,209.7
A0674,2025-05-09,2.8,163.65,220.75,301.93,0.556,232.03
A0674,2025-05-10,2.8,174.01,238.86,331.05,0.556,251.66
A0674,2025-05-11,2.8,105.09,141.32,192.82,0.556,148.47
A0674,2025-05-12,2.8,141.48,194.79,270.57,0.556,205.31
A0675,2025-04-29,188.0,8.7,14.03,22.21,0.909,22.4
A0675,2025-04-30,188.0,10.85,18.38,29.94,0.909,30.2
A0675,2025-05-01,188.0,8.27,12.66,19.39,0.909,19.54
A0675,2025-05-02,188.0,10.75,17.68,28.32,0.909,28.56
A0675,2025-05-03,188.0,11.31,18.13,28.6,0.909,28.84
A0675,2025-05-04,188.0,8.48,13.28,20.67,0.909,20.84
A0675,2025-05-05,188.0,9.59,13.45,19.39,0.909,19.52
A0675,2025-05-06,188.0,9.44,14.58,22.47,0.909,22.65
A0675,2025-05-07,188.0,9.93,16.42,26.39,0.909,26.62
A0675,2025-05-08,188.0,10.81,17.63,28.12,0.909,28.35
A0675,2025-05-09,188.0,11.08,18.15,29.01,0.909,29.26
A0675,2025-05-10,188.0,11.58,18.83,29.96,0.909,30.22
A0675,2025-05-11,188.0,7.52,11.68,18.06,0.909,18.2
A0675,2025-05-12,188.0,10.35,15.88,24.38,0.909,24.57
A0676,2025-04-29,311.7,20.76,31.57,49.85,0.909,50.26
A0676,2025-04-30,311.7,26.74,37.43,55.49,0.909,55.9
A0676,2025-05-01,311.7,19.06,30.16,48.93,0.909,49.36
A0676,2025-05-02,311.7,26.69,39.36,60.77,0.909,61.26
A0676,2025-05-03,311.7,24.12,34.36,51.65,0.909,52.05
A0676,2025-05-04,311.7,18.84,26.81,40.29,0.909,40.6
A0676,2025-05-05,311.7,23.44,35.84,56.81,0.909,57.29
A0676,2025-05-06,311.7,23.41,35.71,56.5,0.909,56.98
A0676,2025-05-07,311.7,22.94,33.86,52.32,0.909,52.74
A0676,2025-05-08,311.7,25.13,36.48,55.67,0.909,56.11
A0676,2025-05-09,311.7,28.51,41.97,64.74,0.909,65.25
A0676,2025-05-10,311.7,27.58,39.44,59.5,0.909,59.95
A0676,2025-05-11,311.7,18.81,27.96,43.42,0.909,43.77
A0676,2025-05-12,311.7,31.55,48.55,77.27,0.909,77.93
A0677,2025-04-29,154.0,11.97,20.06,29.51,0.909,29.73
A0677,2025-04-30,154.0,15.71,27.11,40.44,0.909,40.75
A0677,2025-05-01,154.0,11.44,19.02,27.87,0.909,28.07
A0677,2025-05-02,154.0,15.06,25.74,38.22,0.909,38.5
A0677,2025-05-03,154.0,16.37,26.82,39.03,0.909,39.31
A0677,2025-05-04,154.0,11.98,19.95,29.26,0.909,29.47
A0677,2025-05-05,154.0,12.2,19.57,28.19,0.909,28.38
A0677,2025-05-06,154.0,12.64,20.73,30.19,0.909,30.41
A0677,2025-05-07,154.0,13.58,22.75,33.46,0.909,33.71
A0677,2025-05-08,154.0,40.8,68.27,100.37,0.909,101.1
A0677,2025-05-09,154.0,44.25,72.75,106.06,0.909,106.81
A0677,2025-05-10,154.0,47.01,75.35,108.47,0.909,109.22
A0677,2025-05-11,154.0,28.72,46.37,67.0,0.909,67.47
A0677,2025-05-12,154.0,40.72,66.35,96.3,0.909,96.98
A0678,2025-04-29,186.3,4.6,9.84,17.62,0.909,17.8
A0678,2025-04-30,186.3,5.9,13.28,24.26,0.909,24.51
A0678,2025-05-01,186.3,4.09,8.71,15.58,0.909,15.73
A0678,2025-05-02,186.3,5.92,11.79,20.53,0.909,20.73
A0678,2025-05-03,186.3,6.63,13.55,23.83,0.909,24.06
A0678,2025-05-04,186.3,4.68,9.98,17.87,0.909,18.04
A0678,2025-05-05,186.3,4.77,9.31,16.06,0.909,16.21
A0678,2025-05-06,186.3,4.87,9.96,17.53,0.909,17.71
A0678,2025-05-07,186.3,5.43,10.89,19.01,0.909,19.19
A0678,2025-05-08,186.3,5.65,11.79,20.91,0.909,21.12
A0678,2025-05-09,186.3,6.08,12.07,20.98,0.909,21.18
A0678,2025-05-10,186.3,6.71,13.99,24.82,0.909,25.07
A0678,2025-05-11,186.3,3.99,8.06,14.12,0.909,14.26
A0678,2025-05-12,186.3,5.87,11.57,20.05,0.909,20.24
A0679,2025-04-29,3.2,35.45,80.58,155.33,0.556,90.96
A0679,2025-04-30,3.2,48.24,104.38,198.36,0.556,117.43
A0679,2025-05-01,3.2,35.84,79.92,152.79,0.556,90.04
A0679,2025-05-02,3.2,48.92,105.84,202.28,0.556,119.24
A0679,2025-05-03,3.2,51.21,111.15,214.02,0.556,125.43
A0679,2025-05-04,3.2,39.37,88.32,169.45,0.556,99.59
A0679,2025-05-05,3.2,35.47,80.11,154.43,0.556,90.43
A0679,2025-05-06,3.2,37.39,84.4,162.71,0.556,95.27
A0679,2025-05-07,3.2,39.02,87.71,168.28,0.556,98.9
A0679,2025-05-08,3.2,42.86,94.85,181.06,0.556,106.82
A0679,2025-05-09,3.2,47.58,104.2,199.57,0.556,117.45
A0679,2025-05-10,3.2,50.93,111.19,214.15,0.556,125.49
A0679,2025-05-11,3.2,28.82,67.9,132.04,0.556,76.81
A0679,2025-05-12,3.2,43.19,95.19,182.26,0.556,107.29
A0680,2025-04-29,214.5,22.52,29.47,34.88,0.909,35.0
A0680,2025-04-30,214.5,26.49,34.47,40.68,0.909,40.83
A0680,2025-05-01,214.5,21.29,27.44,32.23,0.909,32.34
A0680,2025-05-02,214.5,29.26,38.25,45.25,0.909,45.41
A0680,2025-05-03,214.5,30.15,38.94,45.78,0.909,45.93
A0680,2025-05-04,214.5,19.93,24.53,28.12,0.909,28.21
A0680,2025-05-05,214.5,22.87,29.95,35.46,0.909,35.59
A0680,2025-05-06,214.5,23.2,30.01,35.3,0.909,35.43
A0680,2025-05-07,214.5,24.94,33.03,39.34,0.909,39.48
A0680,2025-05-08,214.5,24.87,31.1,35.96,0.909,36.07
A0680,2025-05-09,214.5,28.96,37.94,44.93,0.909,45.09
A0680,2025-05-10,214.5,30.16,39.03,45.94,0.909,46.09
A0680,2025-05-11,214.5,17.53,22.12,25.7,0.909,25.78
A0680,2025-05-12,214.5,25.26,32.25,37.69,0.909,37.82
A0681,2025-04-29,394.2,12.94,20.86,32.54,0.909,32.8
A0681,2025-04-30,394.2,15.46,24.61,38.1,0.909,38.41
A0681,2025-05-01,394.2,12.2,18.83,28.61,0.909,28.83
A0681,2025-05-02,394.2,15.77,24.36,37.01,0.909,37.3
A0681,2025-05-03,394.2,15.99,24.74,37.62,0.909,37.91
A0681,2025-05-04,394.2,12.06,18.9,28.97,0.909,29.2
A0681,2025-05-05,394.2,11.54,17.1,25.29,0.909,25.47
A0681,2025-05-06,394.2,13.02,20.68,31.96,0.909,32.22
A0681,2025-05-07,394.2,13.69,21.37,32.69,0.909,32.94
A0681,2025-05-08,394.2,13.88,21.32,32.28,0.909,32.53
A0681,2025-05-09,394.2,15.49,23.71,35.82,0.909,36.09
A0681,2025-05-10,394.2,16.01,24.15,36.15,0.909,36.42
A0681,2025-05-11,394.2,10.23,15.91,24.28,0.909,24.47
A0681,2025-05-12,394.2,13.89,19.57,27.93,0.909,28.12
A0682,2025-04-29,381.2,10.57,16.95,26.18,0.909,26.39
A0682,2025-04-30,381.2,12.99,22.78,36.95,0.909,37.27
A0682,2025-05-01,381.2,8.51,13.98,21.9,0.909,22.08
A0682,2025-05-02,381.2,12.33,19.6,30.12,0.909,30.36
A0682,2025-05-03,381.2,13.16,21.39,33.3,0.909,33.57
A0682,2025-05-04,381.2,9.91,16.54,26.12,0.909,26.34
A0682,2025-05-05,381.2,8.93,13.62,20.41,0.909,20.57
A0682,2025-05-06,381.2,10.41,16.38,25.02,0.909,25.21
A0682,2025-05-07,381.2,11.25,17.86,27.42,0.909,27.63
A0682,2025-05-08,381.2,10.15,16.69,26.16,0.909,26.38
A0682,2025-05-09,381.2,12.16,18.86,28.55,0.909,28.77
A0682,2025-05-10,381.2,13.41,20.7,31.24,0.909,31.48
A0682,2025-05-11,381.2,8.25,12.59,18.88,0.909,19.03
A0682,2025-05-12,381.2,10.81,15.61,22.56,0.909,22.72
A0683,2025-04-29,7.3,164.63,230.01,321.2,0.556,242.68
A0683,2025-04-30,7.3,201.04,281.31,393.27,0.556,296.86
A0683,2025-05-01,7.3,153.2,212.97,296.33,0.556,224.55
A0683,2025-05-02,7.3,200.55,275.8,380.74,0.556,290.37
A0683,2025-05-03,7.3,214.88,295.93,408.97,0.556,311.63
A0683,2025-05-04,7.3,167.58,233.03,324.31,0.556,245.71
A0683,2025-05-05,7.3,158.33,218.24,301.79,0.556,229.84
A0683,2025-05-06,7.3,170.48,235.98,327.34,0.556,248.67
A0683,2025-05-07,7.3,178.99,251.44,352.48,0.556,265.47
A0683,2025-05-08,7.3,187.54,258.85,358.3,0.556,272.66
A0683,2025-05-09,7.3,205.24,281.55,387.97,0.556,296.33
A0683,2025-05-10,7.3,219.87,302.77,418.39,0.556,318.83
A0683,2025-05-11,7.3,145.99,205.21,287.79,0.556,216.68
A0683,2025-05-12,7.3,189.15,261.34,362.03,0.556,275.33
A0684,2025-04-29,4.5,24.11,35.04,49.87,0.556,37.1
A0684,2025-04-30,4.5,90.98,136.89,199.2,0.556,145.55
A0684,2025-05-01,4.5,64.78,94.22,134.17,0.556,99.77
A0684,2025-05-02,4.5,89.82,131.21,187.36,0.556,139.01
A0684,2025-05-03,4.5,97.25,141.44,201.4,0.556,149.77
A0684,2025-05-04,4.5,76.3,109.09,153.59,0.556,115.27
A0684,2025-05-05,4.5,69.31,97.05,134.69,0.556,102.28
A0684,2025-05-06,4.5,21.3,32.12,46.81,0.556,34.16
A0684,2025-05-07,4.5,23.54,36.33,53.69,0.556,38.74
A0684,2025-05-08,4.5,26.62,41.09,60.71,0.556,43.81
A0684,2025-05-09,4.5,28.9,43.07,62.31,0.556,45.74
A0684,2025-05-10,4.5,32.48,47.88,68.79,0.556,50.79
A0684,2025-05-11,4.5,19.48,28.83,41.52,0.556,30.59
A0684,2025-05-12,4.5,28.88,41.87,59.49,0.556,44.31
A0685,2025-04-29,28.4,9.89,16.0,25.34,0.909,25.55
A0685,2025-04-30,28.4,13.7,19.09,27.3,0.909,27.49
A0685,2025-05-01,28.4,8.83,14.71,23.69,0.909,23.89
A0685,2025-05-02,28.4,13.48,19.25,28.06,0.909,28.26
A0685,2025-05-03,28.4,12.56,18.54,27.67,0.909,27.88
A0685,2025-05-04,28.4,8.87,13.77,21.24,0.909,21.41
A0685,2025-05-05,28.4,10.39,18.26,30.27,0.909,30.55
A0685,2025-05-06,28.4,10.93,17.51,27.56,0.909,27.79
A0685,2025-05-07,28.4,10.92,17.22,26.85,0.909,27.07
A0685,2025-05-08,28.4,12.3,18.59,28.18,0.909,28.4
A0685,2025-05-09,28.4,13.94,20.38,30.22,0.909,30.44
A0685,2025-05-10,28.4,13.29,20.59,31.75,0.909,32.0
A0685,2025-05-11,28.4,8.31,14.41,23.72,0.909,23.93
A0685,2025-05-12,28.4,12.93,23.37,39.31,0.909,39.67
A0686,2025-04-29,189.0,22.07,33.18,50.47,0.909,50.86
A0686,2025-04-30,189.0,30.65,45.66,69.03,0.909,69.56
A0686,2025-05-01,189.0,22.66,31.88,46.23,0.909,46.56
A0686,2025-05-02,189.0,31.55,44.97,65.86,0.909,66.34
A0686,2025-05-03,189.0,32.11,46.56,69.05,0.909,69.56
A0686,2025-05-04,189.0,24.38,35.62,53.11,0.909,53.51
A0686,2025-05-05,189.0,25.28,34.87,49.79,0.909,50.13
A0686,2025-05-06,189.0,25.02,36.08,53.3,0.909,53.69
A0686,2025-05-07,189.0,27.06,38.93,57.41,0.909,57.83
A0686,2025-05-08,189.0,28.16,40.6,59.96,0.909,60.4
A0686,2025-05-09,189.0,31.04,44.6,65.73,0.909,66.21
A0686,2025-05-10,189.0,32.4,47.22,70.29,0.909,70.82
A0686,2025-05-11,189.0,20.32,29.61,44.1,0.909,44.43
A0686,2025-05-12,189.0,29.05,41.37,60.54,0.909,60.98
A0687,2025-04-29,4.3,10.83,17.48,26.12,0.556,18.68
A0687,2025-04-30,4.3,12.96,22.45,34.78,0.556,24.17
A0687,2025-05-01,4.3,9.71,15.8,23.71,0.556,16.9
A0687,2025-05-02,4.3,12.51,21.12,32.3,0.556,22.68
A0687,2025-05-03,4.3,14.17,23.94,36.63,0.556,25.7
A0687,2025-05-04,4.3,10.75,18.6,28.79,0.556,20.01
A0687,2025-05-05,4.3,9.83,16.24,24.57,0.556,17.4
A0687,2025-05-06,4.3,11.05,17.63,26.18,0.556,18.82
A0687,2025-05-07,4.3,11.22,18.98,29.06,0.556,20.38
A0687,2025-05-08,4.3,11.79,19.52,29.56,0.556,20.92
A0687,2025-05-09,4.3,12.71,21.38,32.65,0.556,22.95
A0687,2025-05-10,4.3,14.43,24.4,37.35,0.556,26.2
A0687,2025-05-11,4.3,9.07,15.62,24.12,0.556,16.8
A0687,2025-05-12,4.3,12.52,20.38,30.59,0.556,21.8
A0688,2025-04-29,336.1,10.19,16.16,24.06,0.909,24.24
A0688,2025-04-30,336.1,11.97,20.01,30.65,0.909,30.9
A0688,2025-05-01,336.1,9.04,14.83,22.5,0.909,22.67
A0688,2025-05-02,336.1,11.74,19.29,29.27,0.909,29.5
A0688,2025-05-03,336.1,11.72,19.33,29.4,0.909,29.63
A0688,2025-05-04,336.1,9.09,15.44,23.84,0.909,24.03
A0688,2025-05-05,336.1,8.77,13.67,20.15,0.909,20.3
A0688,2025-05-06,336.1,10.23,15.94,23.5,0.909,23.67
A0688,2025-05-07,336.1,10.77,16.36,23.74,0.909,23.91
A0688,2025-05-08,336.1,11.19,17.22,25.19,0.909,25.37
A0688,2025-05-09,336.1,11.88,18.8,27.95,0.909,28.16
A0688,2025-05-10,336.1,12.27,18.87,27.59,0.909,27.79
A0688,2025-05-11,336.1,8.01,12.37,18.14,0.909,18.27
A0688,2025-05-12,336.1,10.26,14.73,20.65,0.909,20.79
A0689,2025-04-29,316.5,23.07,35.29,52.58,0.909,52.98
A0689,2025-04-30,316.5,27.08,41.78,62.59,0.909,63.06
A0689,2025-05-01,316.5,19.25,27.53,39.26,0.909,39.52
A0689,2025-05-02,316.5,28.25,41.79,60.96,0.909,61.4
A0689,2025-05-03,316.5,28.82,42.67,62.25,0.909,62.7
A0689,2025-05-04,316.5,20.95,31.37,46.1,0.909,46.43
A0689,2025-05-05,316.5,19.4,27.96,40.07,0.909,40.35
A0689,2025-05-06,316.5,23.08,34.89,51.61,0.909,51.99
A0689,2025-05-07,316.5,23.77,37.14,56.07,0.909,56.5
A0689,2025-05-08,316.5,25.5,38.2,56.18,0.909,56.59
A0689,2025-05-09,316.5,27.99,41.69,61.06,0.909,61.5
A0689,2025-05-10,316.5,28.73,43.11,63.44,0.909,63.91
A0689,2025-05-11,316.5,17.74,27.15,40.46,0.909,40.77
A0689,2025-05-12,316.5,22.55,34.61,51.68,0.909,52.07
A0690,2025-04-29,146.6,11.15,18.4,27.69,0.909,27.9
A0690,2025-04-30,146.6,12.81,22.24,34.35,0.909,34.62
A0690,2025-05-01,146.6,10.63,17.49,26.29,0.909,26.5
A0690,2025-05-02,146.6,12.99,21.12,31.56,0.909,31.79
A0690,2025-05-03,146.6,13.15,22.85,35.29,0.909,35.57
A0690,2025-05-04,146.6,9.71,16.78,25.86,0.909,26.06
A0690,2025-05-05,146.6,10.53,17.42,26.25,0.909,26.45
A0690,2025-05-06,146.6,10.87,18.19,27.59,0.909,27.81
A0690,2025-05-07,146.6,10.53,17.86,27.27,0.909,27.48
A0690,2025-05-08,146.6,11.99,20.38,31.13,0.909,31.37
A0690,2025-05-09,146.6,12.83,20.95,31.36,0.909,31.59
A0690,2025-05-10,146.6,13.4,23.0,35.32,0.909,35.6
A0690,2025-05-11,146.6,8.43,14.21,21.63,0.909,21.79
A0690,2025-05-12,146.6,12.64,20.84,31.38,0.909,31.62
A0691,2025-04-29,2.9,607.26,843.55,1209.78,0.556,894.41
A0691,2025-04-30,2.9,692.14,987.34,1444.88,0.556,1050.89
A0691,2025-05-01,2.9,452.22,648.09,951.68,0.556,690.26
A0691,2025-05-02,2.9,654.36,935.49,1371.22,0.556,996.01
A0691,2025-05-03,2.9,706.02,1017.64,1500.62,0.556,1084.72
A0691,2025-05-04,2.9,441.13,676.92,1042.4,0.556,727.68
A0691,2025-05-05,2.9,503.9,716.4,1045.77,0.556,762.15
A0691,2025-05-06,2.9,619.9,853.43,1215.39,0.556,903.71
A0691,2025-05-07,2.9,616.16,848.03,1207.42,0.556,897.95
A0691,2025-05-08,2.9,621.92,865.86,1243.96,0.556,918.38
A0691,2025-05-09,2.9,704.25,987.35,1426.13,0.556,1048.29
A0691,2025-05-10,2.9,748.5,1065.51,1556.85,0.556,1133.75
A0691,2025-05-11,2.9,438.9,621.93,905.62,0.556,661.33
A0691,2025-05-12,2.9,623.03,885.68,1292.76,0.556,942.22
A0692,2025-04-29,346.5,4.49,17.07,38.49,0.909,38.98
A0692,2025-04-30,346.5,6.35,21.21,46.17,0.909,46.74
A0692,2025-05-01,346.5,4.17,16.26,36.63,0.909,37.09
A0692,2025-05-02,346.5,6.59,21.55,47.29,0.909,47.88
A0692,2025-05-03,346.5,6.75,22.24,48.94,0.909,49.55
A0692,2025-05-04,346.5,4.02,16.48,37.45,0.909,37.93
A0692,2025-05-05,346.5,4.5,17.12,38.66,0.909,39.15
A0692,2025-05-06,346.5,4.74,17.79,39.96,0.909,40.46
A0692,2025-05-07,346.5,5.04,18.59,41.26,0.909,41.78
A0692,2025-05-08,346.5,5.97,20.51,44.7,0.909,45.25
A0692,2025-05-09,346.5,6.73,22.18,48.35,0.909,48.95
A0692,2025-05-10,346.5,7.07,23.05,50.31,0.909,50.93
A0692,2025-05-11,346.5,3.16,14.49,33.51,0.909,33.94
A0692,2025-05-12,346.5,6.16,20.52,44.96,0.909,45.51
A0693,2025-04-29,184.3,19.46,30.5,43.55,0.909,43.85
A0693,2025-04-30,184.3,26.68,39.84,55.4,0.909,55.75
A0693,2025-05-01,184.3,19.24,29.79,42.25,0.909,42.54
A0693,2025-05-02,184.3,22.23,34.9,49.87,0.909,50.21
A0693,2025-05-03,184.3,25.25,40.65,58.85,0.909,59.27
A0693,2025-05-04,184.3,18.95,28.9,40.65,0.909,40.92
A0693,2025-05-05,184.3,19.81,31.82,46.0,0.909,46.33
A0693,2025-05-06,184.3,18.36,29.73,43.16,0.909,43.47
A0693,2025-05-07,184.3,19.98,31.33,44.74,0.909,45.04
A0693,2025-05-08,184.3,21.54,34.09,48.92,0.909,49.26
A0693,2025-05-09,184.3,22.41,35.1,50.1,0.909,50.44
A0693,2025-05-10,184.3,25.99,41.26,59.3,0.909,59.71
A0693,2025-05-11,184.3,16.2,25.17,35.78,0.909,36.02
A0693,2025-05-12,184.3,24.81,39.1,55.99,0.909,56.38
A0694,2025-04-29,4.8,15.65,41.92,87.67,0.556,48.27
A0694,2025-04-30,4.8,22.58,55.89,113.64,0.556,63.91
A0694,2025-05-01,4.8,16.56,43.07,88.49,0.556,49.38
A0694,2025-05-02,4.8,23.41,57.17,116.37,0.556,65.39
A0694,2025-05-03,4.8,24.78,60.48,123.67,0.556,69.26
A0694,2025-05-04,4.8,17.09,45.16,93.32,0.556,51.85
A0694,2025-05-05,4.8,18.02,46.07,94.62,0.556,52.81
A0694,2025-05-06,4.8,17.94,46.46,95.8,0.556,53.31
A0694,2025-05-07,4.8,19.2,49.12,100.65,0.556,56.28
A0694,2025-05-08,4.8,22.28,55.19,111.52,0.556,63.02
A0694,2025-05-09,4.8,24.31,59.41,120.47,0.556,67.89
A0694,2025-05-10,4.8,26.36,63.81,129.92,0.556,73.0
A0694,2025-05-11,4.8,13.79,38.09,79.73,0.556,43.87
A0694,2025-05-12,4.8,23.83,57.59,116.35,0.556,65.75
A0695,2025-04-29,5.8,86.33,119.62,171.77,0.556,126.86
A0695,2025-04-30,5.8,109.05,153.11,222.12,0.556,162.69
A0695,2025-05-01,5.8,83.45,112.23,157.33,0.556,118.49
A0695,2025-05-02,5.8,108.55,149.27,213.06,0.556,158.13
A0695,2025-05-03,5.8,115.88,157.65,223.1,0.556,166.74
A0695,2025-05-04,5.8,245.2,324.83,449.57,0.556,342.15
A0695,2025-05-05,5.8,210.27,277.21,382.07,0.556,291.77
A0695,2025-05-06,5.8,218.3,291.41,405.96,0.556,307.32
A0695,2025-05-07,5.8,80.07,116.12,172.6,0.556,123.96
A0695,2025-05-08,5.8,89.17,124.99,181.11,0.556,132.78
A0695,2025-05-09,5.8,101.72,142.47,206.31,0.556,151.34
A0695,2025-05-10,5.8,110.32,152.33,218.15,0.556,161.47
A0695,2025-05-11,5.8,74.23,104.36,151.57,0.556,110.92
A0695,2025-05-12,5.8,102.43,138.52,195.06,0.556,146.37
A0696,2025-04-29,417.7,14.09,20.66,31.2,0.909,31.44
A0696,2025-04-30,417.7,18.15,25.73,37.9,0.909,38.18
A0696,2025-05-01,417.7,12.64,18.38,27.58,0.909,27.79
A0696,2025-05-02,417.7,16.41,23.84,35.79,0.909,36.06
A0696,2025-05-03,417.7,16.98,24.22,35.84,0.909,36.1
A0696,2025-05-04,417.7,13.78,19.64,29.06,0.909,29.27
A0696,2025-05-05,417.7,13.7,20.25,30.77,0.909,31.0
A0696,2025-05-06,417.7,14.09,20.54,30.9,0.909,31.14
A0696,2025-05-07,417.7,14.62,21.07,31.42,0.909,31.66
A0696,2025-05-08,417.7,15.62,22.22,32.82,0.909,33.06
A0696,2025-05-09,417.7,16.52,24.0,36.0,0.909,36.27
A0696,2025-05-10,417.7,17.32,24.69,36.51,0.909,36.78
A0696,2025-05-11,417.7,11.42,16.47,24.59,0.909,24.77
A0696,2025-05-12,417.7,14.85,22.12,33.81,0.909,34.07
A0697,2025-04-29,297.7,9.48,16.32,24.83,0.909,25.03
A0697,2025-04-30,297.7,14.87,20.12,26.64,0.909,26.79
A0697,2025-05-01,297.7,7.68,14.64,23.28,0.909,23.48
A0697,2025-05-02,297.7,12.83,19.36,27.47,0.909,27.66
A0697,2025-05-03,297.7,12.91,19.66,28.06,0.909,28.25
A0697,2025-05-04,297.7,25.78,34.29,44.87,0.909,45.11
A0697,2025-05-05,297.7,19.78,37.74,60.05,0.909,60.56
A0697,2025-05-06,297.7,20.36,36.62,56.82,0.909,57.28
A0697,2025-05-07,297.7,8.3,15.78,25.08,0.909,25.29
A0697,2025-05-08,297.7,9.46,17.93,28.45,0.909,28.69
A0697,2025-05-09,297.7,11.79,19.29,28.62,0.909,28.83
A0697,2025-05-10,297.7,12.29,21.12,32.09,0.909,32.34
A0697,2025-05-11,297.7,7.54,13.08,19.97,0.909,20.12
A0697,2025-05-12,297.7,10.6,22.2,36.61,0.909,36.94
A0698,2025-04-29,4.9,138.34,189.6,261.87,0.556,199.63
A0698,2025-04-30,4.9,168.91,228.46,312.41,0.556,240.12
A0698,2025-05-01,4.9,126.04,172.54,238.11,0.556,181.65
A0698,2025-05-02,4.9,167.74,226.63,309.65,0.556,238.16
A0698,2025-05-03,4.9,173.95,236.21,324.01,0.556,248.41
A0698,2025-05-04,4.9,133.44,182.9,252.63,0.556,192.58
A0698,2025-05-05,4.9,131.85,178.07,243.26,0.556,187.13
A0698,2025-05-06,4.9,147.44,198.96,271.59,0.556,209.04
A0698,2025-05-07,4.9,146.97,197.57,268.91,0.556,207.48
A0698,2025-05-08,4.9,161.65,219.67,301.49,0.556,231.04
A0698,2025-05-09,4.9,175.35,235.31,319.87,0.556,247.06
A0698,2025-05-10,4.9,183.74,247.8,338.14,0.556,260.35
A0698,2025-05-11,4.9,117.41,159.86,219.73,0.556,168.18
A0698,2025-05-12,4.9,168.59,226.97,309.28,0.556,238.4
A0699,2025-04-29,2.4,95.59,133.1,186.69,0.556,140.54
A0699,2025-04-30,2.4,119.08,163.0,225.75,0.556,171.72
A0699,2025-05-01,2.4,84.13,116.28,162.21,0.556,122.66
A0699,2025-05-02,2.4,119.92,163.85,226.61,0.556,172.57
A0699,2025-05-03,2.4,129.86,179.6,250.65,0.556,189.47
A0699,2025-05-04,2.4,93.13,127.23,175.94,0.556,134.0
A0699,2025-05-05,2.4,89.09,123.18,171.87,0.556,129.94
A0699,2025-05-06,2.4,97.76,135.48,189.37,0.556,142.97
A0699,2025-05-07,2.4,98.82,134.05,184.36,0.556,141.04
A0699,2025-05-08,2.4,104.39,141.74,195.1,0.556,149.16
A0699,2025-05-09,2.4,119.34,162.76,224.79,0.556,171.37
A0699,2025-05-10,2.4,129.29,177.76,247.0,0.556,187.38
A0699,2025-05-11,2.4,76.51,104.79,145.17,0.556,110.4
A0699,2025-05-12,2.4,103.63,142.13,197.13,0.556,149.77
A0700,2025-04-29,407.3,28.82,41.97,59.41,0.909,59.81
A0700,2025-04-30,407.3,35.38,50.57,70.7,0.909,71.15
A0700,2025-05-01,407.3,27.15,38.82,54.29,0.909,54.64
A0700,2025-05-02,407.3,34.11,48.22,66.91,0.909,67.34
A0700,2025-05-03,407.3,37.25,52.61,72.98,0.909,73.44
A0700,2025-05-04,407.3,28.11,39.53,54.66,0.909,55.0
A0700,2025-05-05,407.3,28.68,41.52,58.54,0.909,58.92
A0700,2025-05-06,407.3,29.25,42.66,60.43,0.909,60.83
A0700,2025-05-07,407.3,28.22,39.42,54.26,0.909,54.6
A0700,2025-05-08,407.3,32.25,45.8,63.76,0.909,64.17
A0700,2025-05-09,407.3,33.6,47.61,66.17,0.909,66.59
A0700,2025-05-10,407.3,36.83,51.83,71.7,0.909,72.15
A0700,2025-05-11,407.3,22.25,31.34,43.39,0.909,43.66
A0700,2025-05-12,407.3,32.75,47.32,66.61,0.909,67.05
A0701,2025-04-29,5.7,49.24,71.13,97.64,0.556,74.81
A0701,2025-04-30,5.7,59.47,84.08,113.87,0.556,88.21
A0701,2025-05-01,5.7,46.7,65.78,88.9,0.556,68.99
A0701,2025-05-02,5.7,30.4,46.12,65.15,0.556,48.76
A0701,2025-05-03,5.7,32.5,48.5,67.87,0.556,51.19
A0701,2025-05-04,5.7,26.74,39.77,55.55,0.556,41.96
A0701,2025-05-05,5.7,23.83,34.48,47.37,0.556,36.27
A0701,2025-05-06,5.7,27.26,40.44,56.4,0.556,42.66
A0701,2025-05-07,5.7,26.3,38.23,52.68,0.556,40.24
A0701,2025-05-08,5.7,31.86,46.39,64.0,0.556,48.84
A0701,2025-05-09,5.7,33.46,49.28,68.44,0.556,51.94
A0701,2025-05-10,5.7,35.71,51.79,71.26,0.556,54.49
A0701,2025-05-11,5.7,23.38,34.04,46.94,0.556,35.83
A0701,2025-05-12,5.7,32.77,46.69,63.54,0.556,49.03
A0702,2025-04-29,430.1,14.22,22.13,32.99,0.909,33.24
A0702,2025-04-30,430.1,18.8,27.3,38.98,0.909,39.25
A0702,2025-05-01,430.1,13.2,21.23,32.26,0.909,32.51
A0702,2025-05-02,430.1,18.36,29.3,44.33,0.909,44.67
A0702,2025-05-03,430.1,17.94,27.16,39.82,0.909,40.1
A0702,2025-05-04,430.1,13.79,20.46,29.61,0.909,29.81
A0702,2025-05-05,430.1,15.21,24.11,36.32,0.909,36.6
A0702,2025-05-06,430.1,14.82,23.55,35.56,0.909,35.83
A0702,2025-05-07,430.1,15.99,24.7,36.66,0.909,36.93
A0702,2025-05-08,430.1,17.13,26.29,38.89,0.909,39.18
A0702,2025-05-09,430.1,18.76,30.29,46.12,0.909,46.48
A0702,2025-05-10,430.1,18.97,28.91,42.57,0.909,42.88
A0702,2025-05-11,430.1,12.75,20.12,30.25,0.909,30.48
A0702,2025-05-12,430.1,18.77,30.61,46.87,0.909,47.24
A0703,2025-04-29,166.8,18.1,27.6,40.01,0.909,40.3
A0703,2025-04-30,166.8,23.58,35.33,50.69,0.909,51.04
A0703,2025-05-01,166.8,17.02,25.68,36.98,0.909,37.24
A0703,2025-05-02,166.8,22.16,32.57,46.18,0.909,46.49
A0703,2025-05-03,166.8,23.54,35.15,50.31,0.909,50.66
A0703,2025-05-04,166.8,17.16,26.33,38.32,0.909,38.59
A0703,2025-05-05,166.8,17.96,26.56,37.78,0.909,38.04
A0703,2025-05-06,166.8,18.69,27.96,40.08,0.909,40.36
A0703,2025-05-07,166.8,20.24,30.1,42.98,0.909,43.27
A0703,2025-05-08,166.8,21.34,32.28,46.58,0.909,46.91
A0703,2025-05-09,166.8,22.4,32.9,46.62,0.909,46.93
A0703,2025-05-10,166.8,24.22,36.15,51.73,0.909,52.09
A0703,2025-05-11,166.8,15.16,22.97,33.18,0.909,33.41
A0703,2025-05-12,166.8,21.3,31.6,45.06,0.909,45.37
A0704,2025-04-29,173.4,0.0,5.08,17.29,0.909,17.56
A0704,2025-04-30,173.4,0.24,7.19,22.07,0.909,22.41
A0704,2025-05-01,173.4,0.0,4.66,16.65,0.909,16.93
A0704,2025-05-02,173.4,0.21,7.32,22.77,0.909,23.12
A0704,2025-05-03,173.4,0.65,8.85,26.2,0.909,26.59
A0704,2025-05-04,173.4,0.0,5.97,19.57,0.909,19.87
A0704,2025-05-05,173.4,0.32,7.59,22.94,0.909,23.29
A0704,2025-05-06,173.4,0.67,8.91,25.52,0.909,25.9
A0704,2025-05-07,173.4,0.97,9.95,27.62,0.909,28.02
A0704,2025-05-08,173.4,1.61,11.85,31.45,0.909,31.89
A0704,2025-05-09,173.4,1.99,13.03,34.11,0.909,34.59
A0704,2025-05-10,173.4,2.65,14.82,38.05,0.909,38.58
A0704,2025-05-11,173.4,0.63,9.09,25.44,0.909,25.81
A0704,2025-05-12,173.4,2.8,14.76,37.36,0.909,37.87
A0705,2025-04-29,394.0,15.56,24.18,36.05,0.909,36.32
A0705,2025-04-30,394.0,21.04,36.25,57.21,0.909,57.69
A0705,2025-05-01,394.0,14.61,23.15,34.91,0.909,35.18
A0705,2025-05-02,394.0,20.15,30.42,44.57,0.909,44.89
A0705,2025-05-03,394.0,19.53,28.84,41.66,0.909,41.95
A0705,2025-05-04,394.0,14.77,25.62,40.57,0.909,40.91
A0705,2025-05-05,394.0,16.8,26.01,38.7,0.909,38.99
A0705,2025-05-06,394.0,16.4,25.78,38.68,0.909,38.98
A0705,2025-05-07,394.0,16.77,26.01,38.72,0.909,39.01
A0705,2025-05-08,394.0,18.44,28.32,41.94,0.909,42.25
A0705,2025-05-09,394.0,20.31,31.19,46.17,0.909,46.51
A0705,2025-05-10,394.0,20.54,30.73,44.77,0.909,45.09
A0705,2025-05-11,394.0,13.27,21.13,31.97,0.909,32.21
A0705,2025-05-12,394.0,20.47,32.64,49.4,0.909,49.78
A0706,2025-04-29,5.9,22.7,32.6,47.95,0.556,34.73
A0706,2025-04-30,5.9,28.16,42.34,64.34,0.556,45.4
A0706,2025-05-01,5.9,21.23,31.25,46.8,0.556,33.41
A0706,2025-05-02,5.9,28.27,40.92,60.54,0.556,43.65
A0706,2025-05-03,5.9,30.81,44.63,66.07,0.556,47.61
A0706,2025-05-04,5.9,20.07,29.57,44.29,0.556,31.61
A0706,2025-05-05,5.9,23.56,34.29,50.94,0.556,36.6
A0706,2025-05-06,5.9,25.12,35.34,51.18,0.556,37.54
A0706,2025-05-07,5.9,24.87,35.75,52.62,0.556,38.09
A0706,2025-05-08,5.9,26.64,38.3,56.38,0.556,40.81
A0706,2025-05-09,5.9,28.68,41.35,61.0,0.556,44.08
A0706,2025-05-10,5.9,30.67,44.32,65.5,0.556,47.26
A0706,2025-05-11,5.9,17.54,25.29,37.31,0.556,26.96
A0706,2025-05-12,5.9,26.8,39.43,59.03,0.556,42.16
A0707,2025-04-29,425.3,19.59,27.24,39.69,0.909,39.97
A0707,2025-04-30,425.3,25.48,33.92,47.63,0.909,47.94
A0707,2025-05-01,425.3,18.07,25.3,37.03,0.909,37.3
A0707,2025-05-02,425.3,24.57,35.48,53.21,0.909,53.61
A0707,2025-05-03,425.3,22.21,33.29,51.29,0.909,51.69
A0707,2025-05-04,425.3,17.12,23.97,35.11,0.909,35.36
A0707,2025-05-05,425.3,22.79,29.76,41.08,0.909,41.34
A0707,2025-05-06,425.3,21.96,29.91,42.82,0.909,43.11
A0707,2025-05-07,425.3,21.57,30.57,45.19,0.909,45.52
A0707,2025-05-08,425.3,21.61,34.41,55.21,0.909,55.68
A0707,2025-05-09,425.3,25.22,36.9,55.88,0.909,56.31
A0707,2025-05-10,425.3,24.65,36.97,57.0,0.909,57.45
A0707,2025-05-11,425.3,17.13,24.8,37.27,0.909,37.56
A0707,2025-05-12,425.3,27.19,40.13,61.14,0.909,61.62
A0708,2025-04-29,346.8,11.91,20.41,31.75,0.909,32.01
A0708,2025-04-30,346.8,14.69,23.92,36.22,0.909,36.5
A0708,2025-05-01,346.8,10.61,17.54,26.78,0.909,26.99
A0708,2025-05-02,346.8,13.03,22.04,34.06,0.909,34.34
A0708,2025-05-03,346.8,14.06,23.8,36.8,0.909,37.09
A0708,2025-05-04,346.8,11.93,19.98,30.71,0.909,30.95
A0708,2025-05-05,346.8,9.47,15.55,23.66,0.909,23.85
A0708,2025-05-06,346.8,11.53,19.74,30.68,0.909,30.93
A0708,2025-05-07,346.8,12.09,18.69,27.5,0.909,27.7
A0708,2025-05-08,346.8,13.32,20.23,29.44,0.909,29.65
A0708,2025-05-09,346.8,13.39,21.53,32.39,0.909,32.64
A0708,2025-05-10,346.8,15.12,23.25,34.1,0.909,34.35
A0708,2025-05-11,346.8,9.95,15.68,23.32,0.909,23.49
A0708,2025-05-12,346.8,12.33,17.67,24.78,0.909,24.94
A0709,2025-04-29,193.0,11.11,19.64,30.68,0.909,30.93
A0709,2025-04-30,193.0,14.97,23.0,33.41,0.909,33.64
A0709,2025-05-01,193.0,9.77,20.74,34.96,0.909,35.28
A0709,2025-05-02,193.0,14.35,23.94,36.36,0.909,36.64
A0709,2025-05-03,193.0,15.64,23.42,33.51,0.909,33.74
A0709,2025-05-04,193.0,10.79,20.04,32.03,0.909,32.3
A0709,2025-05-05,193.0,10.71,19.48,30.84,0.909,31.1
A0709,2025-05-06,193.0,11.23,19.61,30.47,0.909,30.72
A0709,2025-05-07,193.0,11.67,20.4,31.71,0.909,31.97
A0709,2025-05-08,193.0,12.64,24.39,39.62,0.909,39.97
A0709,2025-05-09,193.0,14.4,24.41,37.38,0.909,37.67
A0709,2025-05-10,193.0,15.62,24.29,35.53,0.909,35.78
A0709,2025-05-11,193.0,8.82,18.77,31.66,0.909,31.96
A0709,2025-05-12,193.0,12.94,22.58,35.06,0.909,35.34
A0710,2025-04-29,148.4,15.43,25.83,37.53,0.909,37.79
A0710,2025-04-30,148.4,10.65,20.05,30.62,0.909,30.87
A0710,2025-05-01,148.4,8.38,15.76,24.05,0.909,24.24
A0710,2025-05-02,148.4,11.98,20.62,30.34,0.909,30.56
A0710,2025-05-03,148.4,12.98,22.48,33.16,0.909,33.41
A0710,2025-05-04,148.4,9.25,16.78,25.25,0.909,25.45
A0710,2025-05-05,148.4,9.59,16.72,24.73,0.909,24.92
A0710,2025-05-06,148.4,9.54,16.4,24.11,0.909,24.29
A0710,2025-05-07,148.4,9.97,17.87,26.76,0.909,26.96
A0710,2025-05-08,148.4,11.0,19.92,29.94,0.909,30.17
A0710,2025-05-09,148.4,12.22,20.97,30.81,0.909,31.03
A0710,2025-05-10,148.4,12.89,22.73,33.8,0.909,34.05
A0710,2025-05-11,148.4,7.89,14.33,21.58,0.909,21.74
A0710,2025-05-12,148.4,10.6,18.84,28.12,0.909,28.33
A0711,2025-04-29,375.5,5.07,8.73,14.93,0.909,15.07
A0711,2025-04-30,375.5,7.04,12.75,22.44,0.909,22.66
A0711,2025-05-01,375.5,4.14,6.52,10.55,0.909,10.64
A0711,2025-05-02,375.5,6.5,11.17,19.1,0.909,19.28
A0711,2025-05-03,375.5,6.32,10.62,17.91,0.909,18.08
A0711,2025-05-04,375.5,5.23,9.57,16.94,0.909,17.1
A0711,2025-05-05,375.5,5.34,8.55,14.01,0.909,14.13
A0711,2025-05-06,375.5,5.77,9.77,16.55,0.909,16.71
A0711,2025-05-07,375.5,6.02,10.5,18.09,0.909,18.27
A0711,2025-05-08,375.5,6.75,11.25,18.87,0.909,19.05
A0711,2025-05-09,375.5,7.44,12.45,20.94,0.909,21.14
A0711,2025-05-10,375.5,7.38,12.3,20.64,0.909,20.83
A0711,2025-05-11,375.5,5.08,9.09,15.89,0.909,16.05
A0711,2025-05-12,375.5,7.77,14.17,25.04,0.909,25.28
A0712,2025-04-29,3.2,90.67,128.34,177.5,0.556,135.17
A0712,2025-04-30,3.2,105.42,148.4,204.49,0.556,156.19
A0712,2025-05-01,3.2,80.07,114.14,158.61,0.556,120.32
A0712,2025-05-02,3.2,104.55,152.03,214.01,0.556,160.64
A0712,2025-05-03,3.2,112.4,163.22,229.54,0.556,172.43
A0712,2025-05-04,3.2,76.82,110.91,155.41,0.556,117.09
A0712,2025-05-05,3.2,82.86,116.97,161.5,0.556,123.15
A0712,2025-05-06,3.2,95.38,133.79,183.92,0.556,140.75
A0712,2025-05-07,3.2,91.67,125.61,169.91,0.556,131.76
A0712,2025-05-08,3.2,100.36,139.46,190.5,0.556,146.55
A0712,2025-05-09,3.2,109.59,155.82,216.16,0.556,164.2
A0712,2025-05-10,3.2,116.38,163.8,225.7,0.556,172.4
A0712,2025-05-11,3.2,70.94,99.33,136.38,0.556,104.47
A0712,2025-05-12,3.2,99.77,137.17,185.99,0.556,143.95
A0713,2025-04-29,4.6,21.9,31.67,47.67,0.556,33.89
A0713,2025-04-30,4.6,26.99,41.2,64.46,0.556,44.43
A0713,2025-05-01,4.6,21.65,33.37,52.57,0.556,36.04
A0713,2025-05-02,4.6,26.41,40.1,62.51,0.556,43.21
A0713,2025-05-03,4.6,27.24,42.09,66.42,0.556,45.47
A0713,2025-05-04,4.6,20.41,31.13,48.68,0.556,33.57
A0713,2025-05-05,4.6,22.11,33.62,52.48,0.556,36.24
A0713,2025-05-06,4.6,22.05,32.06,48.46,0.556,34.34
A0713,2025-05-07,4.6,23.24,34.58,53.14,0.556,37.16
A0713,2025-05-08,4.6,25.57,38.77,60.41,0.556,41.78
A0713,2025-05-09,4.6,26.55,40.37,63.0,0.556,43.51
A0713,2025-05-10,4.6,28.1,43.03,67.48,0.556,46.43
A0713,2025-05-11,4.6,18.11,27.08,41.76,0.556,29.12
A0713,2025-05-12,4.6,26.57,39.82,61.52,0.556,42.83
A0714,2025-04-29,31.9,21.21,30.02,42.37,0.909,42.65
A0714,2025-04-30,31.9,29.02,39.02,53.02,0.909,53.34
A0714,2025-05-01,31.9,19.52,28.15,40.25,0.909,40.53
A0714,2025-05-02,31.9,29.14,38.88,52.54,0.909,52.85
A0714,2025-05-03,31.9,27.95,37.5,50.87,0.909,51.17
A0714,2025-05-04,31.9,20.53,28.09,38.68,0.909,38.93
A0714,2025-05-05,31.9,24.59,33.35,45.62,0.909,45.9
A0714,2025-05-06,31.9,23.51,33.34,47.11,0.909,47.42
A0714,2025-05-07,31.9,24.43,33.42,46.02,0.909,46.31
A0714,2025-05-08,31.9,26.29,36.41,50.59,0.909,50.91
A0714,2025-05-09,31.9,29.66,39.92,54.3,0.909,54.63
A0714,2025-05-10,31.9,29.81,40.09,54.5,0.909,54.83
A0714,2025-05-11,31.9,19.11,26.75,37.47,0.909,37.71
A0714,2025-05-12,31.9,29.54,41.64,58.59,0.909,58.98
A0715,2025-04-29,166.0,13.2,20.03,29.9,0.909,30.12
A0715,2025-04-30,166.0,16.34,25.53,38.8,0.909,39.1
A0715,2025-05-01,166.0,12.78,19.58,29.41,0.909,29.64
A0715,2025-05-02,166.0,15.99,24.88,37.71,0.909,38.0
A0715,2025-05-03,166.0,17.11,26.95,41.15,0.909,41.47
A0715,2025-05-04,166.0,12.45,19.46,29.58,0.909,29.81
A0715,2025-05-05,166.0,13.18,19.93,29.67,0.909,29.89
A0715,2025-05-06,166.0,13.81,20.86,31.05,0.909,31.28
A0715,2025-05-07,166.0,14.2,21.07,31.01,0.909,31.23
A0715,2025-05-08,166.0,14.8,22.62,33.92,0.909,34.17
A0715,2025-05-09,166.0,16.03,24.82,37.52,0.909,37.8
A0715,2025-05-10,166.0,17.44,26.94,40.66,0.909,40.97
A0715,2025-05-11,166.0,11.15,16.82,25.01,0.909,25.2
A0715,2025-05-12,166.0,15.59,23.27,34.36,0.909,34.61
A0716,2025-04-29,7.7,99.48,137.86,194.2,0.556,145.69
A0716,2025-04-30,7.7,130.13,186.23,268.55,0.556,197.66
A0716,2025-05-01,7.7,93.41,134.64,195.14,0.556,143.04
A0716,2025-05-02,7.7,121.05,170.73,243.65,0.556,180.86
A0716,2025-05-03,7.7,125.23,176.82,252.53,0.556,187.33
A0716,2025-05-04,7.7,109.66,156.58,225.45,0.556,166.15
A0716,2025-05-05,7.7,90.12,127.26,181.75,0.556,134.82
A0716,2025-05-06,7.7,100.71,139.13,195.51,0.556,146.96
A0716,2025-05-07,7.7,104.47,145.16,204.86,0.556,153.45
A0716,2025-05-08,7.7,112.72,160.02,229.44,0.556,169.66
A0716,2025-05-09,7.7,124.7,174.43,247.41,0.556,184.56
A0716,2025-05-10,7.7,129.97,181.63,257.44,0.556,192.16
A0716,2025-05-11,7.7,88.18,123.48,175.27,0.556,130.67
A0716,2025-05-12,7.7,111.42,153.44,215.12,0.556,162.01
A0717,2025-04-29,302.5,7.81,12.9,20.48,0.909,20.65
A0717,2025-04-30,302.5,10.68,16.34,24.77,0.909,24.96
A0717,2025-05-01,302.5,7.49,11.86,18.37,0.909,18.51
A0717,2025-05-02,302.5,9.12,15.11,24.04,0.909,24.24
A0717,2025-05-03,302.5,9.92,16.72,26.83,0.909,27.06
A0717,2025-05-04,302.5,8.6,13.42,20.6,0.909,20.76
A0717,2025-05-05,302.5,6.81,10.49,15.96,0.909,16.09
A0717,2025-05-06,302.5,7.47,12.19,19.22,0.909,19.38
A0717,2025-05-07,302.5,7.86,12.2,18.64,0.909,18.79
A0717,2025-05-08,302.5,8.27,12.63,19.1,0.909,19.25
A0717,2025-05-09,302.5,8.78,14.19,22.23,0.909,22.42
A0717,2025-05-10,302.5,9.6,15.27,23.7,0.909,23.89
A0717,2025-05-11,302.5,6.34,9.9,15.2,0.909,15.32
A0717,2025-05-12,302.5,8.28,11.32,15.83,0.909,15.93
A0718,2025-04-29,5.0,0.56,8.41,24.04,0.556,10.58
A0718,2025-04-30,5.0,1.54,11.3,30.43,0.556,13.95
A0718,2025-05-01,5.0,0.75,7.83,22.98,0.556,9.94
A0718,2025-05-02,5.0,1.69,11.58,31.28,0.556,14.31
A0718,2025-05-03,5.0,2.45,13.74,35.99,0.556,16.83
A0718,2025-05-04,5.0,1.21,10.19,27.92,0.556,12.65
A0718,2025-05-05,5.0,1.18,10.6,28.8,0.556,13.13
A0718,2025-05-06,5.0,1.87,12.54,32.53,0.556,15.32
A0718,2025-05-07,5.0,2.34,13.83,35.1,0.556,16.79
A0718,2025-05-08,5.0,3.28,16.15,39.6,0.556,19.41
A0718,2025-05-09,5.0,3.88,17.61,42.9,0.556,21.12
A0718,2025-05-10,5.0,4.77,19.92,47.94,0.556,23.82
A0718,2025-05-11,5.0,1.52,12.03,30.99,0.556,14.66
A0718,2025-05-12,5.0,4.12,17.84,43.0,0.556,21.33
A0719,2025-04-29,3.5,179.76,255.96,346.32,0.556,268.51
A0719,2025-04-30,3.5,214.92,302.78,406.95,0.556,317.25
A0719,2025-05-01,3.5,156.0,227.93,313.21,0.556,239.77
A0719,2025-05-02,3.5,212.13,303.36,411.55,0.556,318.39
A0719,2025-05-03,3.5,225.08,322.34,437.67,0.556,338.36
A0719,2025-05-04,3.5,179.79,247.74,328.32,0.556,258.94
A0719,2025-05-05,3.5,151.27,224.04,310.34,0.556,236.03
A0719,2025-05-06,3.5,178.39,255.56,347.07,0.556,268.27
A0719,2025-05-07,3.5,176.22,252.17,342.22,0.556,264.68
A0719,2025-05-08,3.5,190.32,272.54,370.03,0.556,286.08
A0719,2025-05-09,3.5,211.5,302.49,410.38,0.556,317.47
A0719,2025-05-10,3.5,221.42,317.71,431.89,0.556,333.57
A0719,2025-05-11,3.5,138.89,198.3,268.74,0.556,208.08
A0719,2025-05-12,3.5,175.46,259.66,359.5,0.556,273.53
A0720,2025-04-29,12.6,68.78,92.07,126.64,0.909,127.43
A0720,2025-04-30,12.6,83.45,114.3,160.08,0.909,161.12
A0720,2025-05-01,12.6,64.18,91.08,131.01,0.909,131.92
A0720,2025-05-02,12.6,88.54,118.17,162.14,0.909,163.14
A0720,2025-05-03,12.6,92.19,123.8,170.71,0.909,171.78
A0720,2025-05-04,12.6,67.8,92.36,128.81,0.909,129.63
A0720,2025-05-05,12.6,68.05,93.46,131.18,0.909,132.04
A0720,2025-05-06,12.6,70.68,93.61,127.65,0.909,128.42
A0720,2025-05-07,12.6,73.35,97.95,134.46,0.909,135.29
A0720,2025-05-08,12.6,78.15,106.66,148.96,0.909,149.92
A0720,2025-05-09,12.6,87.07,116.88,161.13,0.909,162.13
A0720,2025-05-10,12.6,92.23,124.47,172.33,0.909,173.41
A0720,2025-05-11,12.6,56.37,76.51,106.41,0.909,107.09
A0720,2025-05-12,12.6,75.89,102.3,141.49,0.909,142.38
A0721,2025-04-29,429.3,20.81,30.5,43.91,0.909,44.22
A0721,2025-04-30,429.3,26.83,38.48,54.61,0.909,54.98
A0721,2025-05-01,429.3,18.13,24.93,34.33,0.909,34.55
A0721,2025-05-02,429.3,25.46,36.49,51.76,0.909,52.11
A0721,2025-05-03,429.3,25.81,36.5,51.31,0.909,51.64
A0721,2025-05-04,429.3,20.31,29.22,41.54,0.909,41.82
A0721,2025-05-05,429.3,18.54,26.23,36.87,0.909,37.11
A0721,2025-05-06,429.3,20.64,30.02,43.0,0.909,43.3
A0721,2025-05-07,429.3,21.6,31.38,44.9,0.909,45.21
A0721,2025-05-08,429.3,23.15,33.35,47.46,0.909,47.78
A0721,2025-05-09,429.3,25.56,36.75,52.23,0.909,52.58
A0721,2025-05-10,429.3,26.73,37.92,53.41,0.909,53.76
A0721,2025-05-11,429.3,24.63,35.66,50.92,0.909,51.27
A0721,2025-05-12,429.3,33.1,48.56,69.95,0.909,70.44
A0722,2025-04-29,35.4,10.27,14.35,22.84,0.909,23.03
A0722,2025-04-30,35.4,12.27,16.51,25.37,0.909,25.57
A0722,2025-05-01,35.4,9.67,11.86,16.42,0.909,16.52
A0722,2025-05-02,35.4,13.31,16.56,23.32,0.909,23.47
A0722,2025-05-03,35.4,12.52,16.64,25.22,0.909,25.41
A0722,2025-05-04,35.4,8.36,12.01,19.62,0.909,19.79
A0722,2025-05-05,35.4,10.68,13.73,20.1,0.909,20.25
A0722,2025-05-06,35.4,11.13,15.17,23.61,0.909,23.8
A0722,2025-05-07,35.4,11.54,14.81,21.64,0.909,21.79
A0722,2025-05-08,35.4,12.85,15.93,22.33,0.909,22.48
A0722,2025-05-09,35.4,14.1,17.44,24.4,0.909,24.56
A0722,2025-05-10,35.4,13.53,17.95,27.16,0.909,27.37
A0722,2025-05-11,35.4,8.75,11.76,18.04,0.909,18.18
A0722,2025-05-12,35.4,13.46,17.56,26.11,0.909,26.3
A0723,2025-04-29,5.5,6.39,21.73,48.78,0.556,25.48
A0723,2025-04-30,5.5,9.94,28.93,62.35,0.556,33.57
A0723,2025-05-01,5.5,7.21,23.16,50.89,0.556,27.01
A0723,2025-05-02,5.5,10.43,30.01,64.6,0.556,34.82
A0723,2025-05-03,5.5,11.28,32.04,68.91,0.556,37.16
A0723,2025-05-04,5.5,7.15,23.58,52.13,0.556,27.54
A0723,2025-05-05,5.5,8.79,26.47,57.26,0.556,30.75
A0723,2025-05-06,5.5,8.6,26.41,57.38,0.556,30.71
A0723,2025-05-07,5.5,9.16,27.61,59.55,0.556,32.05
A0723,2025-05-08,5.5,10.62,30.58,65.03,0.556,35.37
A0723,2025-05-09,5.5,11.49,32.49,69.12,0.556,37.58
A0723,2025-05-10,5.5,12.55,34.78,74.02,0.556,40.23
A0723,2025-05-11,5.5,6.49,22.15,49.19,0.556,25.9
A0723,2025-05-12,5.5,11.88,32.8,69.31,0.556,37.87
A0724,2025-04-29,3.4,90.13,121.97,168.08,0.556,128.37
A0724,2025-04-30,3.4,122.73,153.34,197.67,0.556,159.5
A0724,2025-05-01,3.4,81.23,110.08,151.87,0.556,115.88
A0724,2025-05-02,3.4,110.51,150.84,209.26,0.556,158.96
A0724,2025-05-03,3.4,127.4,166.08,222.12,0.556,173.87
A0724,2025-05-04,3.4,91.53,115.28,149.68,0.556,120.06
A0724,2025-05-05,3.4,86.03,114.99,156.93,0.556,120.81
A0724,2025-05-06,3.4,91.99,123.63,169.45,0.556,129.99
A0724,2025-05-07,3.4,98.6,128.77,172.49,0.556,134.85
A0724,2025-05-08,3.4,101.15,134.69,183.27,0.556,141.44
A0724,2025-05-09,3.4,112.69,152.92,211.18,0.556,161.01
A0724,2025-05-10,3.4,129.31,167.88,223.76,0.556,175.64
A0724,2025-05-11,3.4,72.53,95.88,129.71,0.556,100.58
A0724,2025-05-12,3.4,101.92,134.41,181.49,0.556,140.95
A0725,2025-04-29,399.3,0.9,8.54,22.61,0.909,22.93
A0725,2025-04-30,399.3,1.82,11.05,27.61,0.909,27.99
A0725,2025-05-01,399.3,1.05,7.94,21.3,0.909,21.61
A0725,2025-05-02,399.3,1.88,10.87,27.33,0.909,27.71
A0725,2025-05-03,399.3,2.11,11.76,29.3,0.909,29.7
A0725,2025-05-04,399.3,1.4,9.32,24.17,0.909,24.51
A0725,2025-05-05,399.3,2.14,11.65,28.73,0.909,29.12
A0725,2025-05-06,399.3,3.0,13.56,32.28,0.909,32.71
A0725,2025-05-07,399.3,3.11,13.99,33.03,0.909,33.46
A0725,2025-05-08,399.3,3.48,14.89,34.55,0.909,35.0
A0725,2025-05-09,399.3,4.0,16.14,37.28,0.909,37.76
A0725,2025-05-10,399.3,4.25,16.85,38.97,0.909,39.47
A0725,2025-05-11,399.3,4.11,16.69,38.59,0.909,39.09
A0725,2025-05-12,399.3,9.76,28.42,61.48,0.909,62.23
A0726,2025-04-29,12.0,33.13,48.37,68.14,0.909,68.59
A0726,2025-04-30,12.0,42.94,61.95,86.62,0.909,87.18
A0726,2025-05-01,12.0,29.51,43.22,61.01,0.909,61.42
A0726,2025-05-02,12.0,40.15,58.4,82.09,0.909,82.62
A0726,2025-05-03,12.0,43.56,64.78,92.31,0.909,92.93
A0726,2025-05-04,12.0,32.99,48.44,68.48,0.909,68.93
A0726,2025-05-05,12.0,30.09,43.9,61.82,0.909,62.23
A0726,2025-05-06,12.0,32.63,47.61,67.05,0.909,67.49
A0726,2025-05-07,12.0,34.27,49.25,68.68,0.909,69.12
A0726,2025-05-08,12.0,37.1,53.99,75.91,0.909,76.41
A0726,2025-05-09,12.0,40.31,58.6,82.34,0.909,82.88
A0726,2025-05-10,12.0,43.95,65.44,93.34,0.909,93.97
A0726,2025-05-11,12.0,27.19,39.69,55.92,0.909,56.29
A0726,2025-05-12,12.0,35.87,52.05,73.06,0.909,73.53
A0727,2025-04-29,200.9,20.52,31.42,45.84,0.909,46.17
A0727,2025-04-30,200.9,24.94,38.63,56.75,0.909,57.17
A0727,2025-05-01,200.9,19.22,29.16,42.32,0.909,42.62
A0727,2025-05-02,200.9,24.57,37.21,53.95,0.909,54.33
A0727,2025-05-03,200.9,25.75,39.67,58.09,0.909,58.51
A0727,2025-05-04,200.9,18.44,28.46,41.74,0.909,42.04
A0727,2025-05-05,200.9,19.77,30.47,44.64,0.909,44.96
A0727,2025-05-06,200.9,20.8,31.68,46.07,0.909,46.4
A0727,2025-05-07,200.9,22.07,33.7,49.09,0.909,49.44
A0727,2025-05-08,200.9,24.15,36.5,52.86,0.909,53.23
A0727,2025-05-09,200.9,25.08,37.78,54.59,0.909,54.97
A0727,2025-05-10,200.9,26.59,40.64,59.25,0.909,59.67
A0727,2025-05-11,200.9,16.83,25.58,37.17,0.909,37.44
A0727,2025-05-12,200.9,24.26,37.11,54.13,0.909,54.52
A0728,2025-04-29,407.1,14.73,21.54,33.03,0.909,33.29
A0728,2025-04-30,407.1,19.36,32.2,53.86,0.909,54.36
A0728,2025-05-01,407.1,13.96,21.06,33.05,0.909,33.32
A0728,2025-05-02,407.1,19.33,28.9,45.06,0.909,45.42
A0728,2025-05-03,407.1,17.64,24.73,36.69,0.909,36.96
A0728,2025-05-04,407.1,13.38,21.27,34.58,0.909,34.89
A0728,2025-05-05,407.1,16.56,24.26,37.27,0.909,37.56
A0728,2025-05-06,407.1,16.47,24.18,37.19,0.909,37.48
A0728,2025-05-07,407.1,17.05,24.62,37.39,0.909,37.68
A0728,2025-05-08,407.1,18.5,26.55,40.15,0.909,40.46
A0728,2025-05-09,407.1,20.36,30.54,47.72,0.909,48.11
A0728,2025-05-10,407.1,19.64,27.36,40.4,0.909,40.69
A0728,2025-05-11,407.1,13.59,19.52,29.53,0.909,29.76
A0728,2025-05-12,407.1,21.94,32.74,50.96,0.909,51.38
A0729,2025-04-29,417.9,18.06,27.51,40.09,0.909,40.38
A0729,2025-04-30,417.9,21.57,32.74,47.62,0.909,47.95
A0729,2025-05-01,417.9,16.85,25.13,36.16,0.909,36.41
A0729,2025-05-02,417.9,21.0,31.89,46.39,0.909,46.72
A0729,2025-05-03,417.9,21.37,32.36,46.99,0.909,47.32
A0729,2025-05-04,417.9,29.73,43.59,62.06,0.909,62.48
A0729,2025-05-05,417.9,27.8,42.54,62.17,0.909,62.62
A0729,2025-05-06,417.9,29.24,45.61,67.43,0.909,67.93
A0729,2025-05-07,417.9,29.01,45.29,66.97,0.909,67.46
A0729,2025-05-08,417.9,16.18,25.93,38.91,0.909,39.2
A0729,2025-05-09,417.9,17.9,28.66,42.99,0.909,43.32
A0729,2025-05-10,417.9,19.51,30.17,44.37,0.909,44.69
A0729,2025-05-11,417.9,12.37,19.46,28.91,0.909,29.13
A0729,2025-05-12,417.9,18.51,28.36,41.48,0.909,41.78
A0730,2025-04-29,293.0,29.33,38.85,50.96,0.909,51.24
A0730,2025-04-30,293.0,40.52,47.54,56.49,0.909,56.69
A0730,2025-05-01,293.0,7.55,13.52,21.13,0.909,21.31
A0730,2025-05-02,293.0,11.22,22.87,37.7,0.909,38.04
A0730,2025-05-03,293.0,12.94,20.14,29.3,0.909,29.51
A0730,2025-05-04,293.0,10.6,14.08,18.52,0.909,18.63
A0730,2025-05-05,293.0,13.14,17.81,23.76,0.909,23.9
A0730,2025-05-06,293.0,11.14,20.51,32.44,0.909,32.72
A0730,2025-05-07,293.0,10.49,22.07,36.8,0.909,37.14
A0730,2025-05-08,293.0,13.75,22.52,33.69,0.909,33.94
A0730,2025-05-09,293.0,13.94,26.7,42.94,0.909,43.31
A0730,2025-05-10,293.0,15.44,24.21,35.39,0.909,35.64
A0730,2025-05-11,293.0,10.28,15.8,22.81,0.909,22.97
A0730,2025-05-12,293.0,17.1,24.32,33.51,0.909,33.72
A0731,2025-04-29,5.7,642.34,862.09,1167.64,0.556,904.53
A0731,2025-04-30,5.7,841.06,1126.21,1522.69,0.556,1181.27
A0731,2025-05-01,5.7,543.31,751.87,1041.85,0.556,792.14
A0731,2025-05-02,5.7,720.82,985.11,1352.58,0.556,1036.15
A0731,2025-05-03,5.7,756.25,1024.93,1398.51,0.556,1076.82
A0731,2025-05-04,5.7,588.87,839.24,1187.36,0.556,887.59
A0731,2025-05-05,5.7,570.59,778.38,1067.31,0.556,818.51
A0731,2025-05-06,5.7,625.2,843.46,1146.93,0.556,885.61
A0731,2025-05-07,5.7,662.85,890.71,1207.54,0.556,934.72
A0731,2025-05-08,5.7,685.21,931.72,1274.48,0.556,979.33
A0731,2025-05-09,5.7,744.26,1011.79,1383.76,0.556,1063.45
A0731,2025-05-10,5.7,792.94,1067.89,1450.2,0.556,1120.99
A0731,2025-05-11,5.7,520.12,718.75,994.94,0.556,757.11
A0731,2025-05-12,5.7,690.14,935.72,1277.17,0.556,983.14
A0732,2025-04-29,177.4,15.87,24.23,36.46,0.909,36.74
A0732,2025-04-30,177.4,19.13,28.28,41.67,0.909,41.98
A0732,2025-05-01,177.4,14.81,22.65,34.11,0.909,34.37
A0732,2025-05-02,177.4,19.89,29.77,44.21,0.909,44.54
A0732,2025-05-03,177.4,29.18,41.52,59.57,0.909,59.98
A0732,2025-05-04,177.4,22.0,29.75,41.07,0.909,41.33
A0732,2025-05-05,177.4,21.32,30.81,44.7,0.909,45.02
A0732,2025-05-06,177.4,22.37,32.51,47.34,0.909,47.68
A0732,2025-05-07,177.4,22.95,33.15,48.06,0.909,48.4
A0732,2025-05-08,177.4,25.18,36.08,52.01,0.909,52.37
A0732,2025-05-09,177.4,26.78,38.55,55.76,0.909,56.15
A0732,2025-05-10,177.4,18.48,28.77,43.8,0.909,44.14
A0732,2025-05-11,177.4,10.96,17.17,26.26,0.909,26.46
A0732,2025-05-12,177.4,16.2,25.47,39.01,0.909,39.32
A0733,2025-04-29,396.8,18.77,27.52,41.27,0.909,41.58
A0733,2025-04-30,396.8,23.99,33.48,48.39,0.909,48.73
A0733,2025-05-01,396.8,18.09,25.37,36.82,0.909,37.08
A0733,2025-05-02,396.8,24.6,34.71,50.6,0.909,50.96
A0733,2025-05-03,396.8,26.41,36.15,51.46,0.909,51.8
A0733,2025-05-04,396.8,20.52,28.01,39.78,0.909,40.04
A0733,2025-05-05,396.8,19.64,27.16,38.97,0.909,39.24
A0733,2025-05-06,396.8,19.86,28.42,41.89,0.909,42.19
A0733,2025-05-07,396.8,20.38,28.7,41.79,0.909,42.09
A0733,2025-05-08,396.8,22.43,31.64,46.12,0.909,46.45
A0733,2025-05-09,396.8,24.27,34.32,50.13,0.909,50.49
A0733,2025-05-10,396.8,25.51,35.27,50.61,0.909,50.96
A0733,2025-05-11,396.8,16.3,22.88,33.22,0.909,33.46
A0733,2025-05-12,396.8,21.89,30.85,44.93,0.909,45.25
A0734,2025-04-29,2.9,62.38,89.83,124.85,0.556,94.7
A0734,2025-04-30,2.9,79.81,113.79,157.12,0.556,119.8
A0734,2025-05-01,2.9,55.23,78.59,108.38,0.556,82.73
A0734,2025-05-02,2.9,78.65,113.27,157.43,0.556,119.41
A0734,2025-05-03,2.9,83.63,119.92,166.21,0.556,126.35
A0734,2025-05-04,2.9,61.5,88.98,124.03,0.556,93.85
A0734,2025-05-05,2.9,59.4,83.88,115.1,0.556,88.22
A0734,2025-05-06,2.9,64.05,91.77,127.14,0.556,96.69
A0734,2025-05-07,2.9,64.87,89.9,121.82,0.556,94.33
A0734,2025-05-08,2.9,93.08,128.94,174.68,0.556,135.3
A0734,2025-05-09,2.9,104.21,148.64,205.31,0.556,156.51
A0734,2025-05-10,2.9,109.5,155.66,214.54,0.556,163.84
A0734,2025-05-11,2.9,47.16,68.42,95.54,0.556,72.19
A0734,2025-05-12,2.9,65.62,94.23,130.72,0.556,99.3
A0735,2025-04-29,5.7,50.67,70.09,97.44,0.556,73.89
A0735,2025-04-30,5.7,61.88,83.67,114.34,0.556,87.93
A0735,2025-05-01,5.7,30.2,43.73,62.77,0.556,46.37
A0735,2025-05-02,5.7,41.95,58.33,81.39,0.556,61.53
A0735,2025-05-03,5.7,46.02,62.76,86.33,0.556,66.04
A0735,2025-05-04,5.7,33.91,47.41,66.43,0.556,50.05
A0735,2025-05-05,5.7,35.08,49.01,68.61,0.556,51.73
A0735,2025-05-06,5.7,37.37,50.94,70.05,0.556,53.59
A0735,2025-05-07,5.7,37.91,51.75,71.24,0.556,54.46
A0735,2025-05-08,5.7,44.0,59.66,81.72,0.556,62.73
A0735,2025-05-09,5.7,46.69,63.71,87.66,0.556,67.03
A0735,2025-05-10,5.7,50.41,68.22,93.3,0.556,71.7
A0735,2025-05-11,5.7,30.78,43.08,60.38,0.556,45.48
A0735,2025-05-12,5.7,43.65,60.11,83.28,0.556,63.33
A0736,2025-04-29,4.8,173.77,233.16,324.81,0.556,245.89
A0736,2025-04-30,4.8,222.71,299.99,419.27,0.556,316.56
A0736,2025-05-01,4.8,153.31,201.99,277.1,0.556,212.42
A0736,2025-05-02,4.8,213.64,282.45,388.64,0.556,297.2
A0736,2025-05-03,4.8,226.31,300.94,416.11,0.556,316.93
A0736,2025-05-04,4.8,183.69,247.71,346.49,0.556,261.43
A0736,2025-05-05,4.8,159.33,205.31,276.27,0.556,215.17
A0736,2025-05-06,4.8,184.68,243.9,335.3,0.556,256.59
A0736,2025-05-07,4.8,189.01,250.87,346.34,0.556,264.13
A0736,2025-05-08,4.8,210.68,279.97,386.91,0.556,294.83
A0736,2025-05-09,4.8,223.92,293.86,401.8,0.556,308.86
A0736,2025-05-10,4.8,237.8,314.67,433.31,0.556,331.15
A0736,2025-05-11,4.8,152.07,203.76,283.52,0.556,214.83
A0736,2025-05-12,4.8,208.5,273.49,373.8,0.556,287.42
A0737,2025-04-29,380.6,6.34,11.37,18.9,0.909,19.07
A0737,2025-04-30,380.6,7.19,13.53,23.04,0.909,23.26
A0737,2025-05-01,380.6,5.99,11.31,19.27,0.909,19.46
A0737,2025-05-02,380.6,7.01,13.13,22.31,0.909,22.52
A0737,2025-05-03,380.6,7.79,14.1,23.56,0.909,23.78
A0737,2025-05-04,380.6,29.95,49.04,77.66,0.909,78.31
A0737,2025-05-05,380.6,20.63,36.07,59.22,0.909,59.75
A0737,2025-05-06,380.6,27.87,43.2,66.19,0.909,66.71
A0737,2025-05-07,380.6,5.09,10.08,17.56,0.909,17.74
A0737,2025-05-08,380.6,5.32,10.45,18.14,0.909,18.32
A0737,2025-05-09,380.6,6.05,11.72,20.22,0.909,20.41
A0737,2025-05-10,380.6,7.03,12.7,21.2,0.909,21.39
A0737,2025-05-11,380.6,4.65,8.92,15.33,0.909,15.48
A0737,2025-05-12,380.6,6.4,10.16,15.8,0.909,15.93
A0738,2025-04-29,431.4,18.69,31.34,49.56,0.909,49.97
A0738,2025-04-30,431.4,22.85,38.46,60.93,0.909,61.44
A0738,2025-05-01,431.4,17.84,29.61,46.55,0.909,46.94
A0738,2025-05-02,431.4,22.72,38.05,60.11,0.909,60.61
A0738,2025-05-03,431.4,23.29,38.25,59.79,0.909,60.28
A0738,2025-05-04,431.4,18.11,30.73,48.89,0.909,49.31
A0738,2025-05-05,431.4,17.61,29.17,45.8,0.909,46.18
A0738,2025-05-06,431.4,18.14,31.03,49.59,0.909,50.01
A0738,2025-05-07,431.4,18.73,30.47,47.37,0.909,47.75
A0738,2025-05-08,431.4,20.4,32.92,50.95,0.909,51.36
A0738,2025-05-09,431.4,22.08,37.14,58.82,0.909,59.31
A0738,2025-05-10,431.4,22.84,37.14,57.72,0.909,58.19
A0738,2025-05-11,431.4,15.03,25.1,39.58,0.909,39.91
A0738,2025-05-12,431.4,20.36,32.5,49.99,0.909,50.39
A0739,2025-04-29,188.3,13.5,22.93,35.27,0.909,35.55
A0739,2025-04-30,188.3,15.72,26.36,40.29,0.909,40.61
A0739,2025-05-01,188.3,12.37,19.45,28.74,0.909,28.95
A0739,2025-05-02,188.3,17.18,27.41,40.8,0.909,41.1
A0739,2025-05-03,188.3,17.89,28.91,43.33,0.909,43.66
A0739,2025-05-04,188.3,13.18,20.9,31.02,0.909,31.25
A0739,2025-05-05,188.3,13.04,20.54,30.37,0.909,30.6
A0739,2025-05-06,188.3,14.4,23.61,35.67,0.909,35.95
A0739,2025-05-07,188.3,14.5,23.72,35.79,0.909,36.07
A0739,2025-05-08,188.3,15.94,26.19,39.61,0.909,39.92
A0739,2025-05-09,188.3,17.14,27.57,41.23,0.909,41.54
A0739,2025-05-10,188.3,17.87,29.47,44.66,0.909,45.0
A0739,2025-05-11,188.3,11.08,17.89,26.8,0.909,27.0
A0739,2025-05-12,188.3,15.66,25.82,39.12,0.909,39.42
A0740,2025-04-29,4.5,33.08,45.98,66.95,0.556,48.9
A0740,2025-04-30,4.5,38.49,51.91,73.72,0.556,54.94
A0740,2025-05-01,4.5,32.28,44.32,63.89,0.556,47.04
A0740,2025-05-02,4.5,41.01,56.69,82.17,0.556,60.23
A0740,2025-05-03,4.5,43.36,60.72,88.93,0.556,64.64
A0740,2025-05-04,4.5,30.23,40.25,56.53,0.556,42.51
A0740,2025-05-05,4.5,33.28,45.95,66.55,0.556,48.81
A0740,2025-05-06,4.5,35.04,47.92,68.84,0.556,50.82
A0740,2025-05-07,4.5,35.56,49.25,71.48,0.556,52.34
A0740,2025-05-08,4.5,39.33,54.49,79.13,0.556,57.91
A0740,2025-05-09,4.5,42.4,58.28,84.07,0.556,61.86
A0740,2025-05-10,4.5,45.07,62.78,91.57,0.556,66.78
A0740,2025-05-11,4.5,27.5,37.72,54.32,0.556,40.02
A0740,2025-05-12,4.5,42.58,58.77,85.1,0.556,62.43
A0741,2025-04-29,5.3,9.8,16.1,24.91,0.556,17.32
A0741,2025-04-30,5.3,12.42,19.8,30.13,0.556,21.23
A0741,2025-05-01,5.3,8.91,15.65,25.09,0.556,16.96
A0741,2025-05-02,5.3,11.12,19.24,30.61,0.556,20.82
A0741,2025-05-03,5.3,11.91,19.93,31.16,0.556,21.49
A0741,2025-05-04,5.3,10.06,16.64,25.85,0.556,17.92
A0741,2025-05-05,5.3,8.11,14.29,22.94,0.556,15.49
A0741,2025-05-06,5.3,9.21,15.44,24.17,0.556,16.65
A0741,2025-05-07,5.3,9.44,15.36,23.65,0.556,16.51
A0741,2025-05-08,5.3,10.11,17.36,27.52,0.556,18.77
A0741,2025-05-09,5.3,10.61,18.51,29.58,0.556,20.05
A0741,2025-05-10,5.3,11.3,18.93,29.62,0.556,20.42
A0741,2025-05-11,5.3,7.61,13.0,20.55,0.556,14.05
A0741,2025-05-12,5.3,9.0,15.33,24.2,0.556,16.56
A0742,2025-04-29,2.8,19.48,30.38,45.01,0.556,32.41
A0742,2025-04-30,2.8,22.62,37.31,57.03,0.556,40.05
A0742,2025-05-01,2.8,17.2,28.18,42.93,0.556,30.23
A0742,2025-05-02,2.8,22.51,37.31,57.18,0.556,40.07
A0742,2025-05-03,2.8,25.15,40.66,61.48,0.556,43.55
A0742,2025-05-04,2.8,18.03,29.83,45.67,0.556,32.03
A0742,2025-05-05,2.8,16.58,26.81,40.56,0.556,28.72
A0742,2025-05-06,2.8,18.55,29.69,44.66,0.556,31.77
A0742,2025-05-07,2.8,18.63,29.46,43.99,0.556,31.47
A0742,2025-05-08,2.8,20.79,33.25,49.98,0.556,35.57
A0742,2025-05-09,2.8,22.63,37.16,56.67,0.556,39.87
A0742,2025-05-10,2.8,25.24,40.04,59.91,0.556,42.8
A0742,2025-05-11,2.8,15.04,24.23,36.58,0.556,25.95
A0742,2025-05-12,2.8,19.9,31.35,46.72,0.556,33.48
A0743,2025-04-29,170.4,15.3,23.77,35.4,0.909,35.67
A0743,2025-04-30,170.4,19.15,27.93,40.0,0.909,40.28
A0743,2025-05-01,170.4,14.95,23.25,34.65,0.909,34.91
A0743,2025-05-02,170.4,19.65,29.59,43.26,0.909,43.57
A0743,2025-05-03,170.4,20.37,31.12,45.89,0.909,46.22
A0743,2025-05-04,170.4,15.23,21.58,30.3,0.909,30.5
A0743,2025-05-05,170.4,15.43,23.37,34.29,0.909,34.54
A0743,2025-05-06,170.4,15.46,23.93,35.57,0.909,35.83
A0743,2025-05-07,170.4,16.53,25.22,37.17,0.909,37.44
A0743,2025-05-08,170.4,18.44,27.94,41.0,0.909,41.29
A0743,2025-05-09,170.4,19.7,29.72,43.49,0.909,43.8
A0743,2025-05-10,170.4,20.79,31.7,46.69,0.909,47.03
A0743,2025-05-11,170.4,12.84,19.16,27.83,0.909,28.03
A0743,2025-05-12,170.4,18.15,27.11,39.4,0.909,39.68
A0744,2025-04-29,148.0,3.08,6.79,11.72,0.909,11.83
A0744,2025-04-30,148.0,3.19,9.04,16.82,0.909,17.0
A0744,2025-05-01,148.0,2.61,5.71,9.85,0.909,9.94
A0744,2025-05-02,148.0,3.94,8.49,14.54,0.909,14.68
A0744,2025-05-03,148.0,3.74,8.5,14.84,0.909,14.98
A0744,2025-05-04,148.0,2.72,7.13,13.01,0.909,13.15
A0744,2025-05-05,148.0,2.83,6.31,10.95,0.909,11.05
A0744,2025-05-06,148.0,3.29,7.03,12.01,0.909,12.12
A0744,2025-05-07,148.0,3.27,7.01,11.99,0.909,12.11
A0744,2025-05-08,148.0,3.56,7.83,13.52,0.909,13.65
A0744,2025-05-09,148.0,4.17,8.72,14.78,0.909,14.92
A0744,2025-05-10,148.0,3.88,8.62,14.94,0.909,15.08
A0744,2025-05-11,148.0,2.62,5.72,9.84,0.909,9.94
A0744,2025-05-12,148.0,3.2,7.75,13.81,0.909,13.94
A0745,2025-04-29,195.4,16.54,24.65,38.13,0.909,38.43
A0745,2025-04-30,195.4,21.46,31.35,47.76,0.909,48.13
A0745,2025-05-01,195.4,15.81,24.02,37.65,0.909,37.96
A0745,2025-05-02,195.4,20.74,30.17,45.83,0.909,46.18
A0745,2025-05-03,195.4,21.71,31.7,48.29,0.909,48.67
A0745,2025-05-04,195.4,16.41,24.81,38.74,0.909,39.06
A0745,2025-05-05,195.4,16.18,23.87,36.65,0.909,36.94
A0745,2025-05-06,195.4,16.77,25.12,38.96,0.909,39.28
A0745,2025-05-07,195.4,16.62,24.02,36.32,0.909,36.6
A0745,2025-05-08,195.4,18.49,27.73,43.07,0.909,43.42
A0745,2025-05-09,195.4,20.35,29.68,45.17,0.909,45.52
A0745,2025-05-10,195.4,21.33,30.98,47.0,0.909,47.36
A0745,2025-05-11,195.4,13.29,19.98,31.09,0.909,31.34
A0745,2025-05-12,195.4,18.18,26.83,41.19,0.909,41.51
A0746,2025-04-29,5.6,74.79,105.04,144.6,0.556,110.53
A0746,2025-04-30,5.6,92.43,131.74,183.16,0.556,138.88
A0746,2025-05-01,5.6,71.96,100.97,138.92,0.556,106.24
A0746,2025-05-02,5.6,94.11,134.98,188.43,0.556,142.4
A0746,2025-05-03,5.6,98.81,140.75,195.6,0.556,148.37
A0746,2025-05-04,5.6,73.9,104.22,143.87,0.556,109.73
A0746,2025-05-05,5.6,72.71,101.59,139.34,0.556,106.83
A0746,2025-05-06,5.6,77.0,106.69,145.5,0.556,112.08
A0746,2025-05-07,5.6,82.91,120.36,169.34,0.556,127.16
A0746,2025-05-08,5.6,88.84,127.26,177.5,0.556,134.24
A0746,2025-05-09,5.6,95.86,137.47,191.87,0.556,145.02
A0746,2025-05-10,5.6,101.06,144.92,202.26,0.556,152.88
A0746,2025-05-11,5.6,65.7,94.58,132.34,0.556,99.82
A0746,2025-05-12,5.6,86.89,123.5,171.37,0.556,130.15
A0747,2025-04-29,414.7,6.63,21.45,47.09,0.909,47.68
A0747,2025-04-30,414.7,8.96,26.37,56.4,0.909,57.08
A0747,2025-05-01,414.7,5.95,19.82,43.68,0.909,44.23
A0747,2025-05-02,414.7,3.47,14.78,34.74,0.909,35.2
A0747,2025-05-03,414.7,3.78,15.79,36.96,0.909,37.44
A0747,2025-05-04,414.7,1.92,11.45,28.16,0.909,28.54
A0747,2025-05-05,414.7,2.61,13.05,31.1,0.909,31.51
A0747,2025-05-06,414.7,2.88,13.84,32.65,0.909,33.08
A0747,2025-05-07,414.7,3.26,14.74,34.22,0.909,34.67
A0747,2025-05-08,414.7,4.05,16.42,37.28,0.909,37.76
A0747,2025-05-09,414.7,4.68,17.8,40.23,0.909,40.74
A0747,2025-05-10,414.7,5.04,18.65,42.16,0.909,42.7
A0747,2025-05-11,414.7,2.04,11.83,28.64,0.909,29.02
A0747,2025-05-12,414.7,4.63,17.27,38.99,0.909,39.49
A0748,2025-04-29,292.9,15.16,24.05,37.78,0.909,38.09
A0748,2025-04-30,292.9,19.2,30.72,48.53,0.909,48.93
A0748,2025-05-01,292.9,14.41,22.14,34.09,0.909,34.36
A0748,2025-05-02,292.9,20.23,31.41,48.68,0.909,49.07
A0748,2025-05-03,292.9,18.86,28.27,42.82,0.909,43.15
A0748,2025-05-04,292.9,15.24,23.19,35.47,0.909,35.75
A0748,2025-05-05,292.9,16.8,25.82,39.75,0.909,40.07
A0748,2025-05-06,292.9,16.11,25.7,40.52,0.909,40.86
A0748,2025-05-07,292.9,16.68,26.68,42.12,0.909,42.47
A0748,2025-05-08,292.9,18.23,28.97,45.57,0.909,45.94
A0748,2025-05-09,292.9,20.28,32.39,51.09,0.909,51.51
A0748,2025-05-10,292.9,19.95,30.93,47.88,0.909,48.26
A0748,2025-05-11,292.9,13.63,21.36,33.29,0.909,33.56
A0748,2025-05-12,292.9,20.4,34.51,56.31,0.909,56.81
A0749,2025-04-29,200.0,15.07,24.24,36.4,0.909,36.67
A0749,2025-04-30,200.0,19.1,30.51,45.64,0.909,45.99
A0749,2025-05-01,200.0,13.1,22.16,34.17,0.909,34.44
A0749,2025-05-02,200.0,8.36,15.25,24.38,0.909,24.58
A0749,2025-05-03,200.0,9.36,16.44,25.83,0.909,26.04
A0749,2025-05-04,200.0,6.98,11.89,18.38,0.909,18.53
A0749,2025-05-05,200.0,6.68,11.74,18.44,0.909,18.59
A0749,2025-05-06,200.0,7.36,12.72,19.81,0.909,19.97
A0749,2025-05-07,200.0,7.72,13.71,21.65,0.909,21.83
A0749,2025-05-08,200.0,8.52,14.55,22.54,0.909,22.72
A0749,2025-05-09,200.0,9.64,16.47,25.52,0.909,25.73
A0749,2025-05-10,200.0,10.32,17.23,26.38,0.909,26.59
A0749,2025-05-11,200.0,6.33,10.93,17.03,0.909,17.17
A0749,2025-05-12,200.0,9.0,14.86,22.62,0.909,22.79
A0750,2025-04-29,343.0,10.16,16.6,25.2,0.909,25.4
A0750,2025-04-30,343.0,12.16,21.41,33.79,0.909,34.07
A0750,2025-05-01,343.0,8.43,14.36,22.3,0.909,22.48
A0750,2025-05-02,343.0,11.75,20.06,31.18,0.909,31.43
A0750,2025-05-03,343.0,11.82,19.72,30.28,0.909,30.52
A0750,2025-05-04,343.0,9.35,16.2,25.36,0.909,25.57
A0750,2025-05-05,343.0,8.12,13.63,21.01,0.909,21.17
A0750,2025-05-06,343.0,9.88,16.09,24.38,0.909,24.57
A0750,2025-05-07,343.0,9.89,16.39,25.07,0.909,25.27
A0750,2025-05-08,343.0,10.12,16.39,24.77,0.909,24.96
A0750,2025-05-09,343.0,11.43,19.4,30.04,0.909,30.28
A0750,2025-05-10,343.0,11.66,19.04,28.9,0.909,29.13
A0750,2025-05-11,343.0,7.52,12.41,18.94,0.909,19.09
A0750,2025-05-12,343.0,8.9,14.22,21.32,0.909,21.48
A0751,2025-04-29,5.6,36.01,49.42,69.99,0.556,52.27
A0751,2025-04-30,5.6,42.41,55.77,76.27,0.556,58.62
A0751,2025-05-01,5.6,33.14,45.3,63.94,0.556,47.89
A0751,2025-05-02,5.6,44.41,60.97,86.37,0.556,64.5
A0751,2025-05-03,5.6,47.29,63.91,89.4,0.556,67.45
A0751,2025-05-04,5.6,34.84,46.2,63.63,0.556,48.62
A0751,2025-05-05,5.6,34.37,46.69,65.61,0.556,49.32
A0751,2025-05-06,5.6,36.5,50.33,71.55,0.556,53.28
A0751,2025-05-07,5.6,35.12,46.71,64.5,0.556,49.18
A0751,2025-05-08,5.6,41.15,55.4,77.25,0.556,58.43
A0751,2025-05-09,5.6,44.44,60.86,86.05,0.556,64.36
A0751,2025-05-10,5.6,47.45,63.55,88.26,0.556,66.98
A0751,2025-05-11,5.6,29.05,39.32,55.07,0.556,41.51
A0751,2025-05-12,5.6,39.93,54.38,76.54,0.556,57.46
A0752,2025-04-29,179.3,16.19,24.46,36.75,0.909,37.03
A0752,2025-04-30,179.3,22.04,34.81,53.79,0.909,54.22
A0752,2025-05-01,179.3,15.41,22.92,34.07,0.909,34.33
A0752,2025-05-02,179.3,19.72,30.29,46.01,0.909,46.36
A0752,2025-05-03,179.3,20.23,30.22,45.07,0.909,45.41
A0752,2025-05-04,179.3,16.1,25.1,38.49,0.909,38.8
A0752,2025-05-05,179.3,15.93,23.4,34.51,0.909,34.77
A0752,2025-05-06,179.3,16.45,24.75,37.08,0.909,37.36
A0752,2025-05-07,179.3,17.55,26.2,39.06,0.909,39.35
A0752,2025-05-08,179.3,18.35,27.78,41.79,0.909,42.11
A0752,2025-05-09,179.3,19.78,30.29,45.93,0.909,46.28
A0752,2025-05-10,179.3,20.47,30.35,45.04,0.909,45.37
A0752,2025-05-11,179.3,13.29,19.7,29.22,0.909,29.44
A0752,2025-05-12,179.3,19.03,28.15,41.69,0.909,42.0
A0753,2025-04-29,4.4,18.17,28.15,40.97,0.556,29.93
A0753,2025-04-30,4.4,21.59,32.02,45.41,0.556,33.88
A0753,2025-05-01,4.4,27.47,42.42,61.63,0.556,45.09
A0753,2025-05-02,4.4,36.55,55.87,80.7,0.556,59.32
A0753,2025-05-03,4.4,37.88,58.77,85.61,0.556,62.5
A0753,2025-05-04,4.4,27.57,41.09,58.47,0.556,43.51
A0753,2025-05-05,4.4,26.06,40.25,58.47,0.556,42.78
A0753,2025-05-06,4.4,28.56,45.56,67.39,0.556,48.59
A0753,2025-05-07,4.4,29.74,47.67,70.7,0.556,50.87
A0753,2025-05-08,4.4,17.18,27.78,41.4,0.556,29.67
A0753,2025-05-09,4.4,19.78,30.79,44.94,0.556,32.76
A0753,2025-05-10,4.4,22.15,34.33,49.97,0.556,36.5
A0753,2025-05-11,4.4,12.86,20.21,29.65,0.556,21.52
A0753,2025-05-12,4.4,17.1,26.48,38.53,0.556,28.15
A0754,2025-04-29,322.2,5.61,26.22,60.84,0.909,61.62
A0754,2025-04-30,322.2,0.0,33.76,104.34,0.909,105.95
A0754,2025-05-01,322.2,0.0,24.0,95.99,0.909,97.62
A0754,2025-05-02,322.2,3.6,35.52,89.12,0.909,90.34
A0754,2025-05-03,322.2,0.0,32.37,96.44,0.909,97.9
A0754,2025-05-04,322.2,0.0,23.98,99.87,0.909,101.59
A0754,2025-05-05,322.2,0.0,30.26,131.15,0.909,133.44
A0754,2025-05-06,322.2,4.31,30.33,74.02,0.909,75.01
A0754,2025-05-07,322.2,0.0,30.75,101.99,0.909,103.61
A0754,2025-05-08,322.2,0.0,33.46,98.82,0.909,100.3
A0754,2025-05-09,322.2,4.58,37.07,91.64,0.909,92.88
A0754,2025-05-10,322.2,0.0,36.27,103.49,0.909,105.02
A0754,2025-05-11,322.2,0.0,24.73,110.12,0.909,112.06
A0754,2025-05-12,322.2,0.0,39.89,168.52,0.909,171.44
A0755,2025-04-29,396.2,13.53,20.3,29.22,0.909,29.42
A0755,2025-04-30,396.2,19.78,29.75,42.89,0.909,43.19
A0755,2025-05-01,396.2,11.8,18.12,26.46,0.909,26.65
A0755,2025-05-02,396.2,16.58,25.77,37.89,0.909,38.16
A0755,2025-05-03,396.2,17.45,26.42,38.25,0.909,38.51
A0755,2025-05-04,396.2,14.86,22.47,32.5,0.909,32.73
A0755,2025-05-05,396.2,12.26,19.31,28.6,0.909,28.81
A0755,2025-05-06,396.2,12.81,19.75,28.9,0.909,29.1
A0755,2025-05-07,396.2,12.97,19.82,28.85,0.909,29.06
A0755,2025-05-08,396.2,14.33,21.79,31.64,0.909,31.86
A0755,2025-05-09,396.2,16.11,25.18,37.14,0.909,37.41
A0755,2025-05-10,396.2,16.92,25.54,36.91,0.909,37.16
A0755,2025-05-11,396.2,10.59,16.27,23.75,0.909,23.92
A0755,2025-05-12,396.2,13.97,22.12,32.87,0.909,33.12
A0756,2025-04-29,7.0,91.69,122.06,163.89,0.556,127.87
A0756,2025-04-30,7.0,116.56,157.95,214.96,0.556,165.87
A0756,2025-05-01,7.0,48.5,67.55,93.79,0.556,71.19
A0756,2025-05-02,7.0,66.47,94.48,133.05,0.556,99.83
A0756,2025-05-03,7.0,70.57,99.47,139.28,0.556,105.0
A0756,2025-05-04,7.0,54.6,77.47,108.99,0.556,81.85
A0756,2025-05-05,7.0,52.73,71.77,97.99,0.556,75.41
A0756,2025-05-06,7.0,58.63,80.68,111.04,0.556,84.9
A0756,2025-05-07,7.0,58.96,80.66,110.55,0.556,84.81
A0756,2025-05-08,7.0,69.27,94.57,129.43,0.556,99.41
A0756,2025-05-09,7.0,72.74,100.46,138.63,0.556,105.76
A0756,2025-05-10,7.0,76.53,104.36,142.7,0.556,109.69
A0756,2025-05-11,7.0,49.33,67.7,93.0,0.556,71.21
A0756,2025-05-12,7.0,69.36,93.95,127.83,0.556,98.66
A0757,2025-04-29,2.6,83.2,129.1,194.55,0.556,138.19
A0757,2025-04-30,2.6,101.61,160.92,245.47,0.556,172.66
A0757,2025-05-01,2.6,72.19,115.21,176.53,0.556,123.73
A0757,2025-05-02,2.6,108.36,170.46,258.99,0.556,182.76
A0757,2025-05-03,2.6,113.2,174.78,262.56,0.556,186.97
A0757,2025-05-04,2.6,79.87,120.94,179.5,0.556,129.08
A0757,2025-05-05,2.6,79.21,125.25,190.89,0.556,134.37
A0757,2025-05-06,2.6,88.59,135.62,202.67,0.556,144.94
A0757,2025-05-07,2.6,91.54,139.76,208.5,0.556,149.3
A0757,2025-05-08,2.6,96.85,148.65,222.49,0.556,158.9
A0757,2025-05-09,2.6,111.58,173.34,261.39,0.556,185.57
A0757,2025-05-10,2.6,115.49,175.7,261.54,0.556,187.62
A0757,2025-05-11,2.6,68.15,103.32,153.46,0.556,110.28
A0757,2025-05-12,2.6,98.23,152.84,230.7,0.556,163.66
A0758,2025-04-29,4.6,12.28,18.04,28.07,0.556,19.44
A0758,2025-04-30,4.6,14.9,20.97,31.53,0.556,22.44
A0758,2025-05-01,4.6,11.33,17.73,28.86,0.556,19.28
A0758,2025-05-02,4.6,15.03,22.47,35.43,0.556,24.27
A0758,2025-05-03,4.6,15.88,23.44,36.58,0.556,25.26
A0758,2025-05-04,4.6,11.41,16.08,24.2,0.556,17.21
A0758,2025-05-05,4.6,11.9,18.28,29.36,0.556,19.82
A0758,2025-05-06,4.6,20.49,29.61,45.46,0.556,31.81
A0758,2025-05-07,4.6,21.02,30.17,46.1,0.556,32.39
A0758,2025-05-08,4.6,23.07,34.22,53.61,0.556,36.91
A0758,2025-05-09,4.6,24.25,35.92,56.2,0.556,38.73
A0758,2025-05-10,4.6,14.48,22.05,35.22,0.556,23.88
A0758,2025-05-11,4.6,8.46,13.04,21.02,0.556,14.15
A0758,2025-05-12,4.6,12.17,19.32,31.75,0.556,21.05
A0759,2025-04-29,214.7,6.86,12.16,20.17,0.909,20.35
A0759,2025-04-30,214.7,8.78,16.7,28.68,0.909,28.95
A0759,2025-05-01,214.7,6.13,12.72,22.69,0.909,22.92
A0759,2025-05-02,214.7,8.18,15.45,26.46,0.909,26.71
A0759,2025-05-03,214.7,9.34,16.03,26.15,0.909,26.38
A0759,2025-05-04,214.7,6.92,12.6,21.2,0.909,21.4
A0759,2025-05-05,214.7,6.33,13.18,23.54,0.909,23.77
A0759,2025-05-06,214.7,6.72,12.22,20.55,0.909,20.74
A0759,2025-05-07,214.7,6.83,13.87,24.51,0.909,24.76
A0759,2025-05-08,214.7,7.85,15.05,25.94,0.909,26.18
A0759,2025-05-09,214.7,8.34,15.58,26.53,0.909,26.78
A0759,2025-05-10,214.7,9.24,15.76,25.62,0.909,25.84
A0759,2025-05-11,214.7,5.55,10.83,18.82,0.909,19.0
A0759,2025-05-12,214.7,7.8,15.42,26.94,0.909,27.2
A0760,2025-04-29,392.3,9.98,19.34,31.21,0.909,31.48
A0760,2025-04-30,392.3,13.25,23.4,36.26,0.909,36.55
A0760,2025-05-01,392.3,10.06,18.61,29.46,0.909,29.7
A0760,2025-05-02,392.3,13.48,26.28,42.49,0.909,42.86
A0760,2025-05-03,392.3,13.43,24.74,39.07,0.909,39.4
A0760,2025-05-04,392.3,11.87,20.02,30.34,0.909,30.57
A0760,2025-05-05,392.3,9.72,16.8,25.78,0.909,25.98
A0760,2025-05-06,392.3,10.01,19.65,31.85,0.909,32.13
A0760,2025-05-07,392.3,11.3,21.21,33.75,0.909,34.03
A0760,2025-05-08,392.3,11.33,21.41,34.17,0.909,34.46
A0760,2025-05-09,392.3,12.64,25.42,41.61,0.909,41.98
A0760,2025-05-10,392.3,12.93,24.08,38.21,0.909,38.53
A0760,2025-05-11,392.3,8.53,16.68,27.01,0.909,27.25
A0760,2025-05-12,392.3,11.21,19.83,30.75,0.909,31.0
A0761,2025-04-29,35.0,12.12,17.57,25.35,0.909,25.52
A0761,2025-04-30,35.0,15.68,21.05,28.73,0.909,28.9
A0761,2025-05-01,35.0,11.29,15.66,21.91,0.909,22.05
A0761,2025-05-02,35.0,15.16,21.21,29.86,0.909,30.06
A0761,2025-05-03,35.0,14.51,20.68,29.5,0.909,29.7
A0761,2025-05-04,35.0,9.94,14.13,20.12,0.909,20.26
A0761,2025-05-05,35.0,12.99,18.41,26.14,0.909,26.32
A0761,2025-05-06,35.0,14.05,19.89,28.24,0.909,28.43
A0761,2025-05-07,35.0,14.01,19.58,27.54,0.909,27.72
A0761,2025-05-08,35.0,15.0,21.03,29.66,0.909,29.85
A0761,2025-05-09,35.0,16.77,23.41,32.91,0.909,33.13
A0761,2025-05-10,35.0,16.45,23.64,33.92,0.909,34.15
A0761,2025-05-11,35.0,11.0,15.71,22.44,0.909,22.59
A0761,2025-05-12,35.0,16.57,25.11,37.32,0.909,37.6
A0762,2025-04-29,171.8,32.66,48.87,72.8,0.909,73.34
A0762,2025-04-30,171.8,40.4,58.71,85.73,0.909,86.35
A0762,2025-05-01,171.8,32.16,46.79,68.38,0.909,68.87
A0762,2025-05-02,171.8,40.14,58.65,85.96,0.909,86.58
A0762,2025-05-03,171.8,41.81,62.03,91.87,0.909,92.55
A0762,2025-05-04,171.8,31.25,45.25,65.93,0.909,66.4
A0762,2025-05-05,171.8,33.28,49.6,73.68,0.909,74.22
A0762,2025-05-06,171.8,32.2,48.05,71.44,0.909,71.97
A0762,2025-05-07,171.8,33.37,49.62,73.59,0.909,74.14
A0762,2025-05-08,171.8,36.45,53.97,79.83,0.909,80.41
A0762,2025-05-09,171.8,40.15,58.86,86.47,0.909,87.1
A0762,2025-05-10,171.8,239.48,357.47,531.63,0.909,535.59
A0762,2025-05-11,171.8,157.45,228.67,333.78,0.909,336.17
A0762,2025-05-12,171.8,222.31,327.71,483.28,0.909,486.82
A0763,2025-04-29,3.3,98.99,145.94,205.9,0.556,154.27
A0763,2025-04-30,3.3,121.78,171.97,236.07,0.556,180.87
A0763,2025-05-01,3.3,88.42,130.82,184.97,0.556,138.34
A0763,2025-05-02,3.3,126.83,181.94,252.32,0.556,191.71
A0763,2025-05-03,3.3,136.39,193.71,266.93,0.556,203.88
A0763,2025-05-04,3.3,95.03,134.9,185.83,0.556,141.97
A0763,2025-05-05,3.3,90.65,130.07,180.44,0.556,137.07
A0763,2025-05-06,3.3,102.39,149.81,210.39,0.556,158.23
A0763,2025-05-07,3.3,104.62,147.72,202.76,0.556,155.36
A0763,2025-05-08,3.3,113.7,166.32,233.54,0.556,175.66
A0763,2025-05-09,3.3,125.4,180.39,250.63,0.556,190.15
A0763,2025-05-10,3.3,135.21,192.02,264.59,0.556,202.1
A0763,2025-05-11,3.3,78.86,114.23,159.4,0.556,120.5
A0763,2025-05-12,3.3,105.35,152.88,213.58,0.556,161.31
A0764,2025-04-29,195.1,2.66,6.28,10.82,0.909,10.93
A0764,2025-04-30,195.1,3.22,7.26,12.33,0.909,12.45
A0764,2025-05-01,195.1,2.03,5.9,10.76,0.909,10.87
A0764,2025-05-02,195.1,3.09,7.23,12.45,0.909,12.57
A0764,2025-05-03,195.1,3.63,8.22,14.0,0.909,14.14
A0764,2025-05-04,195.1,2.22,5.37,9.33,0.909,9.42
A0764,2025-05-05,195.1,2.25,5.62,9.86,0.909,9.96
A0764,2025-05-06,195.1,2.57,6.24,10.86,0.909,10.97
A0764,2025-05-07,195.1,2.65,6.16,10.57,0.909,10.67
A0764,2025-05-08,195.1,2.96,7.5,13.21,0.909,13.34
A0764,2025-05-09,195.1,3.38,7.5,12.69,0.909,12.81
A0764,2025-05-10,195.1,3.84,8.36,14.04,0.909,14.17
A0764,2025-05-11,195.1,1.99,4.75,8.24,0.909,8.31
A0764,2025-05-12,195.1,2.96,7.0,12.07,0.909,12.19
A0765,2025-04-29,197.6,7.11,11.87,18.15,0.909,18.29
A0765,2025-04-30,197.6,8.21,14.38,22.53,0.909,22.72
A0765,2025-05-01,197.6,6.36,11.18,17.54,0.909,17.69
A0765,2025-05-02,197.6,8.74,15.07,23.43,0.909,23.62
A0765,2025-05-03,197.6,9.56,16.79,26.34,0.909,26.55
A0765,2025-05-04,197.6,6.19,11.01,17.39,0.909,17.53
A0765,2025-05-05,197.6,6.47,11.15,17.32,0.909,17.46
A0765,2025-05-06,197.6,7.49,12.4,18.89,0.909,19.04
A0765,2025-05-07,197.6,7.2,12.38,19.22,0.909,19.37
A0765,2025-05-08,197.6,7.93,14.08,22.2,0.909,22.38
A0765,2025-05-09,197.6,8.92,15.13,23.32,0.909,23.5
A0765,2025-05-10,197.6,26.04,45.22,70.55,0.909,71.13
A0765,2025-05-11,197.6,16.38,28.02,43.38,0.909,43.73
A0765,2025-05-12,197.6,22.14,39.11,61.52,0.909,62.03
A0766,2025-04-29,6.9,250.11,342.36,471.15,0.556,360.25
A0766,2025-04-30,6.9,298.6,414.71,576.8,0.556,437.22
A0766,2025-05-01,6.9,229.22,316.61,438.61,0.556,333.56
A0766,2025-05-02,6.9,285.19,386.95,529.02,0.556,406.68
A0766,2025-05-03,6.9,299.51,415.87,578.32,0.556,438.43
A0766,2025-05-04,6.9,247.35,350.41,494.28,0.556,370.39
A0766,2025-05-05,6.9,224.24,317.52,447.75,0.556,335.61
A0766,2025-05-06,6.9,255.25,348.28,478.15,0.556,366.32
A0766,2025-05-07,6.9,256.77,350.6,481.59,0.556,368.79
A0766,2025-05-08,6.9,271.57,371.15,510.17,0.556,390.46
A0766,2025-05-09,6.9,293.12,395.7,538.89,0.556,415.59
A0766,2025-05-10,6.9,309.81,427.27,591.23,0.556,450.04
A0766,2025-05-11,6.9,210.52,294.51,411.75,0.556,310.79
A0766,2025-05-12,6.9,283.26,390.93,541.24,0.556,411.81
A0767,2025-04-29,334.8,0.09,6.13,19.37,0.909,19.67
A0767,2025-04-30,334.8,0.44,7.91,23.77,0.909,24.13
A0767,2025-05-01,334.8,0.21,5.67,19.12,0.909,19.43
A0767,2025-05-02,334.8,0.76,8.81,26.56,0.909,26.96
A0767,2025-05-03,334.8,1.21,10.53,30.53,0.909,30.98
A0767,2025-05-04,334.8,0.24,7.09,22.6,0.909,22.96
A0767,2025-05-05,334.8,0.37,7.79,24.03,0.909,24.4
A0767,2025-05-06,334.8,0.84,9.47,27.43,0.909,27.84
A0767,2025-05-07,334.8,1.06,10.43,29.47,0.909,29.9
A0767,2025-05-08,334.8,3.93,18.1,45.97,0.909,46.61
A0767,2025-05-09,334.8,4.37,19.51,49.31,0.909,49.99
A0767,2025-05-10,334.8,5.25,21.98,54.91,0.909,55.66
A0767,2025-05-11,334.8,2.17,13.72,36.16,0.909,36.67
A0767,2025-05-12,334.8,4.9,20.76,51.52,0.909,52.22
A0768,2025-04-29,345.2,21.8,31.72,46.33,0.909,46.67
A0768,2025-04-30,345.2,28.74,40.81,58.58,0.909,58.98
A0768,2025-05-01,345.2,17.69,24.52,34.58,0.909,34.81
A0768,2025-05-02,345.2,26.37,37.46,53.79,0.909,54.16
A0768,2025-05-03,345.2,27.78,40.42,59.03,0.909,59.45
A0768,2025-05-04,345.2,21.43,30.77,44.52,0.909,44.83
A0768,2025-05-05,345.2,18.74,25.1,34.48,0.909,34.69
A0768,2025-05-06,345.2,21.82,31.19,44.99,0.909,45.3
A0768,2025-05-07,345.2,23.97,33.95,48.64,0.909,48.98
A0768,2025-05-08,345.2,23.14,32.62,46.57,0.909,46.88
A0768,2025-05-09,345.2,106.78,168.36,259.03,0.909,261.09
A0768,2025-05-10,345.2,118.97,187.56,288.55,0.909,290.84
A0768,2025-05-11,345.2,79.12,122.94,187.45,0.909,188.92
A0768,2025-05-12,345.2,17.66,25.29,36.52,0.909,36.78
A0769,2025-04-29,312.9,21.41,31.04,43.49,0.909,43.77
A0769,2025-04-30,312.9,49.42,74.15,106.13,0.909,106.85
A0769,2025-05-01,312.9,34.86,55.39,81.94,0.909,82.54
A0769,2025-05-02,312.9,46.91,69.68,99.12,0.909,99.79
A0769,2025-05-03,312.9,45.49,68.05,97.21,0.909,97.87
A0769,2025-05-04,312.9,37.95,55.54,78.27,0.909,78.79
A0769,2025-05-05,312.9,35.12,56.17,83.38,0.909,84.0
A0769,2025-05-06,312.9,36.37,55.9,81.15,0.909,81.72
A0769,2025-05-07,312.9,20.92,31.79,45.85,0.909,46.17
A0769,2025-05-08,312.9,48.08,76.79,113.91,0.909,114.75
A0769,2025-05-09,312.9,52.24,81.57,119.49,0.909,120.35
A0769,2025-05-10,312.9,54.16,84.54,123.82,0.909,124.71
A0769,2025-05-11,312.9,34.43,54.59,80.66,0.909,81.25
A0769,2025-05-12,312.9,52.77,86.19,129.41,0.909,130.39
A0770,2025-04-29,2.5,39.85,55.91,78.08,0.556,58.99
A0770,2025-04-30,2.5,55.42,76.32,105.18,0.556,80.33
A0770,2025-05-01,2.5,36.55,51.03,71.02,0.556,53.81
A0770,2025-05-02,2.5,52.27,73.38,102.52,0.556,77.43
A0770,2025-05-03,2.5,56.79,79.67,111.26,0.556,84.05
A0770,2025-05-04,2.5,44.31,59.94,81.52,0.556,62.94
A0770,2025-05-05,2.5,38.44,54.71,77.18,0.556,57.83
A0770,2025-05-06,2.5,38.66,54.74,76.93,0.556,57.82
A0770,2025-05-07,2.5,42.26,59.57,83.46,0.556,62.88
A0770,2025-05-08,2.5,74.42,102.07,140.23,0.556,107.37
A0770,2025-05-09,2.5,81.44,114.21,159.46,0.556,120.5
A0770,2025-05-10,2.5,88.19,123.53,172.32,0.556,130.31
A0770,2025-05-11,2.5,53.26,73.92,102.45,0.556,77.88
A0770,2025-05-12,2.5,68.85,99.0,140.63,0.556,104.79
A0771,2025-04-29,171.4,7.05,12.51,20.4,0.909,20.58
A0771,2025-04-30,171.4,8.94,16.31,26.96,0.909,27.2
A0771,2025-05-01,171.4,6.8,11.81,19.06,0.909,19.22
A0771,2025-05-02,171.4,8.36,15.69,26.28,0.909,26.52
A0771,2025-05-03,171.4,8.87,16.18,26.75,0.909,26.99
A0771,2025-05-04,171.4,6.96,12.91,21.51,0.909,21.7
A0771,2025-05-05,171.4,6.96,12.33,20.09,0.909,20.27
A0771,2025-05-06,171.4,7.07,12.69,20.82,0.909,21.01
A0771,2025-05-07,171.4,7.56,12.89,20.58,0.909,20.76
A0771,2025-05-08,171.4,8.51,14.73,23.72,0.909,23.93
A0771,2025-05-09,171.4,8.87,16.07,26.49,0.909,26.72
A0771,2025-05-10,171.4,9.66,16.62,26.68,0.909,26.91
A0771,2025-05-11,171.4,6.24,10.82,17.45,0.909,17.6
A0771,2025-05-12,171.4,9.02,15.57,25.03,0.909,25.25
A0772,2025-04-29,5.7,25.13,35.83,51.04,0.556,37.95
A0772,2025-04-30,5.7,30.8,44.23,63.31,0.556,46.88
A0772,2025-05-01,5.7,24.23,35.42,51.33,0.556,37.63
A0772,2025-05-02,5.7,32.64,45.86,64.65,0.556,48.47
A0772,2025-05-03,5.7,33.98,48.51,69.16,0.556,51.38
A0772,2025-05-04,5.7,23.86,33.27,46.65,0.556,35.13
A0772,2025-05-05,5.7,26.23,37.85,54.35,0.556,40.14
A0772,2025-05-06,5.7,26.18,36.96,52.27,0.556,39.09
A0772,2025-05-07,5.7,26.99,38.52,54.9,0.556,40.79
A0772,2025-05-08,5.7,29.16,41.72,59.56,0.556,44.2
A0772,2025-05-09,5.7,32.21,45.43,64.22,0.556,48.04
A0772,2025-05-10,5.7,33.87,48.35,68.94,0.556,51.21
A0772,2025-05-11,5.7,20.52,28.88,40.77,0.556,30.53
A0772,2025-05-12,5.7,29.4,42.23,60.46,0.556,44.76
A0773,2025-04-29,340.3,17.89,25.84,38.03,0.909,38.31
A0773,2025-04-30,340.3,24.2,32.7,45.74,0.909,46.04
A0773,2025-05-01,340.3,17.48,27.04,41.68,0.909,42.02
A0773,2025-05-02,340.3,23.87,34.11,49.8,0.909,50.16
A0773,2025-05-03,340.3,22.91,32.96,48.37,0.909,48.72
A0773,2025-05-04,340.3,17.25,23.57,33.26,0.909,33.48
A0773,2025-05-05,340.3,19.94,28.78,42.32,0.909,42.63
A0773,2025-05-06,340.3,19.27,28.12,41.69,0.909,42.0
A0773,2025-05-07,340.3,20.06,28.99,42.68,0.909,42.99
A0773,2025-05-08,340.3,22.25,32.44,48.06,0.909,48.42
A0773,2025-05-09,340.3,24.26,35.24,52.06,0.909,52.45
A0773,2025-05-10,340.3,24.5,35.72,52.94,0.909,53.33
A0773,2025-05-11,340.3,16.02,23.27,34.39,0.909,34.64
A0773,2025-05-12,340.3,24.84,36.33,53.93,0.909,54.33
A0774,2025-04-29,6.1,32.88,45.91,62.22,0.556,48.18
A0774,2025-04-30,6.1,40.43,56.32,76.22,0.556,59.09
A0774,2025-05-01,6.1,32.85,46.86,64.39,0.556,49.29
A0774,2025-05-02,6.1,42.47,60.04,82.02,0.556,63.09
A0774,2025-05-03,6.1,44.11,61.92,84.21,0.556,65.01
A0774,2025-05-04,6.1,32.97,47.64,66.0,0.556,50.19
A0774,2025-05-05,6.1,33.87,46.5,62.3,0.556,48.69
A0774,2025-05-06,6.1,34.67,48.1,64.91,0.556,50.43
A0774,2025-05-07,6.1,34.56,46.96,62.49,0.556,49.12
A0774,2025-05-08,6.1,40.65,56.95,77.36,0.556,59.79
A0774,2025-05-09,6.1,43.03,60.32,81.95,0.556,63.32
A0774,2025-05-10,6.1,45.02,62.1,83.47,0.556,65.06
A0774,2025-05-11,6.1,28.47,40.26,55.01,0.556,42.31
A0774,2025-05-12,6.1,41.2,56.21,74.99,0.556,58.82
A0775,2025-04-29,203.3,64.39,77.45,96.91,0.909,97.35
A0775,2025-04-30,203.3,80.09,97.67,123.85,0.909,124.44
A0775,2025-05-01,203.3,15.0,29.86,52.0,0.909,52.51
A0775,2025-05-02,203.3,112.93,127.85,150.09,0.909,150.59
A0775,2025-05-03,203.3,125.33,139.08,159.55,0.909,160.02
A0775,2025-05-04,203.3,105.72,114.95,128.69,0.909,129.0
A0775,2025-05-05,203.3,14.82,28.99,50.1,0.909,50.58
A0775,2025-05-06,203.3,20.67,32.92,51.17,0.909,51.58
A0775,2025-05-07,203.3,16.94,37.29,67.6,0.909,68.29
A0775,2025-05-08,203.3,24.83,41.76,67.0,0.909,67.57
A0775,2025-05-09,203.3,28.65,44.63,68.46,0.909,69.0
A0775,2025-05-10,203.3,33.39,49.64,73.86,0.909,74.42
A0775,2025-05-11,203.3,19.12,29.31,44.49,0.909,44.84
A0775,2025-05-12,203.3,25.22,41.1,64.77,0.909,65.31
A0776,2025-04-29,151.6,4.02,9.16,14.85,0.909,14.98
A0776,2025-04-30,151.6,5.02,12.27,20.3,0.909,20.48
A0776,2025-05-01,151.6,4.18,8.69,13.69,0.909,13.8
A0776,2025-05-02,151.6,4.74,11.45,18.88,0.909,19.05
A0776,2025-05-03,151.6,5.76,12.49,19.93,0.909,20.1
A0776,2025-05-04,151.6,4.33,9.24,14.67,0.909,14.79
A0776,2025-05-05,151.6,4.32,8.59,13.31,0.909,13.42
A0776,2025-05-06,151.6,4.2,9.08,14.48,0.909,14.6
A0776,2025-05-07,151.6,4.25,10.28,16.94,0.909,17.09
A0776,2025-05-08,151.6,4.9,11.18,18.13,0.909,18.29
A0776,2025-05-09,151.6,4.99,11.9,19.55,0.909,19.72
A0776,2025-05-10,151.6,5.87,13.2,21.3,0.909,21.48
A0776,2025-05-11,151.6,3.8,7.9,12.42,0.909,12.53
A0776,2025-05-12,151.6,5.26,10.76,16.84,0.909,16.98
A0777,2025-04-29,346.1,32.92,47.29,65.47,0.909,65.89
A0777,2025-04-30,346.1,40.19,57.15,78.63,0.909,79.12
A0777,2025-05-01,346.1,29.82,43.06,59.83,0.909,60.21
A0777,2025-05-02,346.1,40.41,57.36,78.82,0.909,79.31
A0777,2025-05-03,346.1,41.02,57.03,77.3,0.909,77.76
A0777,2025-05-04,346.1,30.12,42.81,58.87,0.909,59.23
A0777,2025-05-05,346.1,31.06,44.9,62.42,0.909,62.81
A0777,2025-05-06,346.1,33.14,47.49,65.66,0.909,66.07
A0777,2025-05-07,346.1,34.15,48.47,66.6,0.909,67.01
A0777,2025-05-08,346.1,36.27,51.51,70.81,0.909,71.24
A0777,2025-05-09,346.1,40.08,57.13,78.72,0.909,79.21
A0777,2025-05-10,346.1,41.39,57.6,78.14,0.909,78.61
A0777,2025-05-11,346.1,25.37,36.45,50.48,0.909,50.8
A0777,2025-05-12,346.1,36.4,51.98,71.71,0.909,72.16
A0778,2025-04-29,170.6,10.51,16.02,24.56,0.909,24.75
A0778,2025-04-30,170.6,14.01,21.31,32.63,0.909,32.89
A0778,2025-05-01,170.6,10.28,14.65,21.43,0.909,21.59
A0778,2025-05-02,170.6,13.54,19.9,29.77,0.909,30.0
A0778,2025-05-03,170.6,14.35,21.35,32.2,0.909,32.44
A0778,2025-05-04,170.6,10.77,16.41,25.15,0.909,25.35
A0778,2025-05-05,170.6,11.03,15.81,23.22,0.909,23.39
A0778,2025-05-06,170.6,10.56,16.11,24.71,0.909,24.91
A0778,2025-05-07,170.6,10.83,16.25,24.65,0.909,24.84
A0778,2025-05-08,170.6,11.9,17.87,27.13,0.909,27.34
A0778,2025-05-09,170.6,13.12,19.48,29.36,0.909,29.59
A0778,2025-05-10,170.6,14.05,21.03,31.86,0.909,32.11
A0778,2025-05-11,170.6,8.5,13.0,19.98,0.909,20.14
A0778,2025-05-12,170.6,13.46,19.59,29.1,0.909,29.32
A0779,2025-04-29,395.9,23.03,31.21,45.2,0.909,45.52
A0779,2025-04-30,395.9,28.86,40.61,60.73,0.909,61.19
A0779,2025-05-01,395.9,20.31,29.14,44.26,0.909,44.61
A0779,2025-05-02,395.9,25.56,35.04,51.28,0.909,51.64
A0779,2025-05-03,395.9,27.9,39.38,59.06,0.909,59.5
A0779,2025-05-04,395.9,21.01,29.92,45.19,0.909,45.53
A0779,2025-05-05,395.9,20.52,28.34,41.72,0.909,42.03
A0779,2025-05-06,395.9,22.83,30.63,44.0,0.909,44.3
A0779,2025-05-07,395.9,23.78,32.05,46.21,0.909,46.53
A0779,2025-05-08,395.9,24.54,33.54,48.97,0.909,49.32
A0779,2025-05-09,395.9,25.89,34.74,49.9,0.909,50.25
A0779,2025-05-10,395.9,28.65,38.98,56.66,0.909,57.06
A0779,2025-05-11,395.9,18.02,24.21,34.81,0.909,35.05
A0779,2025-05-12,395.9,23.81,30.97,43.23,0.909,43.51
A0780,2025-04-29,3.5,128.1,173.23,237.68,0.556,182.18
A0780,2025-04-30,3.5,156.74,207.93,281.04,0.556,218.09
A0780,2025-05-01,3.5,118.75,159.12,216.77,0.556,167.12
A0780,2025-05-02,3.5,156.62,208.66,282.97,0.556,218.98
A0780,2025-05-03,3.5,165.49,222.13,303.01,0.556,233.36
A0780,2025-05-04,3.5,125.48,164.42,220.03,0.556,172.14
A0780,2025-05-05,3.5,121.5,162.85,221.9,0.556,171.05
A0780,2025-05-06,3.5,130.58,174.49,237.2,0.556,183.2
A0780,2025-05-07,3.5,137.08,184.62,252.51,0.556,194.05
A0780,2025-05-08,3.5,147.25,194.11,261.04,0.556,203.41
A0780,2025-05-09,3.5,157.25,208.99,282.87,0.556,219.25
A0780,2025-05-10,3.5,168.08,224.89,306.0,0.556,236.15
A0780,2025-05-11,3.5,106.36,142.16,193.3,0.556,149.27
A0780,2025-05-12,3.5,141.93,187.26,251.99,0.556,196.25
A0781,2025-04-29,144.5,0.66,8.08,21.78,0.909,22.09
A0781,2025-04-30,144.5,1.7,10.71,26.89,0.909,27.26
A0781,2025-05-01,144.5,0.84,8.01,21.51,0.909,21.82
A0781,2025-05-02,144.5,1.87,11.09,27.78,0.909,28.16
A0781,2025-05-03,144.5,2.13,11.89,29.5,0.909,29.9
A0781,2025-05-04,144.5,0.75,8.44,22.49,0.909,22.81
A0781,2025-05-05,144.5,1.42,10.19,25.77,0.909,26.12
A0781,2025-05-06,144.5,1.48,10.43,26.26,0.909,26.62
A0781,2025-05-07,144.5,1.69,10.93,27.13,0.909,27.5
A0781,2025-05-08,144.5,2.18,12.13,29.35,0.909,29.74
A0781,2025-05-09,144.5,2.58,13.02,31.29,0.909,31.71
A0781,2025-05-10,144.5,2.87,13.71,32.86,0.909,33.29
A0781,2025-05-11,144.5,0.85,8.91,23.22,0.909,23.55
A0781,2025-05-12,144.5,2.74,13.09,31.29,0.909,31.71
A0782,2025-04-29,5.1,3.06,13.88,32.47,0.556,16.47
A0782,2025-04-30,5.1,4.79,17.53,39.32,0.556,20.56
A0782,2025-05-01,5.1,3.02,13.6,31.68,0.556,16.11
A0782,2025-05-02,5.1,4.83,17.63,39.81,0.556,20.71
A0782,2025-05-03,5.1,5.1,18.42,41.58,0.556,21.64
A0782,2025-05-04,5.1,2.69,13.3,31.46,0.556,15.82
A0782,2025-05-05,5.1,3.59,14.98,34.52,0.556,17.7
A0782,2025-05-06,5.1,3.59,15.16,34.93,0.556,17.91
A0782,2025-05-07,5.1,3.9,15.88,36.16,0.556,18.7
A0782,2025-05-08,5.1,4.72,17.59,39.26,0.556,20.6
A0782,2025-05-09,5.1,5.26,18.77,41.84,0.556,21.98
A0782,2025-05-10,5.1,5.7,19.77,43.99,0.556,23.13
A0782,2025-05-11,5.1,2.37,12.62,30.01,0.556,15.03
A0782,2025-05-12,5.1,5.25,18.41,40.92,0.556,21.54
A0783,2025-04-29,292.4,37.57,52.41,70.11,0.909,70.52
A0783,2025-04-30,292.4,45.56,65.21,88.65,0.909,89.19
A0783,2025-05-01,292.4,35.59,47.88,62.54,0.909,62.87
A0783,2025-05-02,292.4,45.05,63.98,86.56,0.909,87.07
A0783,2025-05-03,292.4,45.51,64.79,87.8,0.909,88.32
A0783,2025-05-04,292.4,35.67,50.7,68.64,0.909,69.05
A0783,2025-05-05,292.4,36.04,49.7,65.99,0.909,66.36
A0783,2025-05-06,292.4,37.82,52.74,70.54,0.909,70.94
A0783,2025-05-07,292.4,37.62,53.13,71.64,0.909,72.06
A0783,2025-05-08,292.4,41.21,57.03,75.9,0.909,76.33
A0783,2025-05-09,292.4,45.48,64.23,86.6,0.909,87.11
A0783,2025-05-10,292.4,46.74,65.61,88.12,0.909,88.63
A0783,2025-05-11,292.4,30.54,42.9,57.65,0.909,57.98
A0783,2025-05-12,292.4,44.01,60.77,80.77,0.909,81.22
A0784,2025-04-29,335.9,31.79,44.95,63.57,0.909,63.99
A0784,2025-04-30,335.9,36.61,45.65,58.44,0.909,58.73
A0784,2025-05-01,335.9,29.74,41.87,59.04,0.909,59.43
A0784,2025-05-02,335.9,39.93,54.58,75.31,0.909,75.78
A0784,2025-05-03,335.9,40.14,53.11,71.48,0.909,71.89
A0784,2025-05-04,335.9,29.05,36.07,46.01,0.909,46.23
A0784,2025-05-05,335.9,31.79,44.51,62.51,0.909,62.92
A0784,2025-05-06,335.9,32.16,45.16,63.56,0.909,63.98
A0784,2025-05-07,335.9,32.56,43.89,59.92,0.909,60.28
A0784,2025-05-08,335.9,35.62,48.51,66.77,0.909,67.18
A0784,2025-05-09,335.9,39.52,54.29,75.2,0.909,75.67
A0784,2025-05-10,335.9,40.53,53.81,72.61,0.909,73.03
A0784,2025-05-11,335.9,24.7,33.1,44.98,0.909,45.25
A0784,2025-05-12,335.9,35.98,49.31,68.19,0.909,68.61
A0785,2025-04-29,2.9,88.0,129.23,186.18,0.556,137.14
A0785,2025-04-30,2.9,109.86,167.86,247.95,0.556,178.98
A0785,2025-05-01,2.9,76.84,112.54,161.85,0.556,119.39
A0785,2025-05-02,2.9,104.13,156.92,229.83,0.556,167.05
A0785,2025-05-03,2.9,113.31,164.89,236.13,0.556,174.79
A0785,2025-05-04,2.9,81.93,123.47,180.83,0.556,131.43
A0785,2025-05-05,2.9,80.89,119.28,172.29,0.556,126.64
A0785,2025-05-06,2.9,91.81,132.81,189.44,0.556,140.68
A0785,2025-05-07,2.9,94.38,138.73,199.97,0.556,147.24
A0785,2025-05-08,2.9,97.24,140.55,200.38,0.556,148.86
A0785,2025-05-09,2.9,106.63,159.36,232.18,0.556,169.47
A0785,2025-05-10,2.9,113.94,165.54,236.8,0.556,175.44
A0785,2025-05-11,2.9,68.73,101.69,147.21,0.556,108.01
A0785,2025-05-12,2.9,93.17,138.06,200.05,0.556,146.67
A0786,2025-04-29,333.0,23.81,36.17,54.67,0.909,55.09
A0786,2025-04-30,333.0,31.04,46.14,68.76,0.909,69.27
A0786,2025-05-01,333.0,21.41,34.38,53.8,0.909,54.25
A0786,2025-05-02,333.0,30.92,46.88,70.78,0.909,71.32
A0786,2025-05-03,333.0,30.75,44.63,65.4,0.909,65.87
A0786,2025-05-04,333.0,26.88,37.8,54.15,0.909,54.52
A0786,2025-05-05,333.0,9.54,16.47,26.85,0.909,27.09
A0786,2025-05-06,333.0,10.2,16.72,26.47,0.909,26.69
A0786,2025-05-07,333.0,10.77,17.43,27.41,0.909,27.64
A0786,2025-05-08,333.0,12.56,19.77,30.56,0.909,30.81
A0786,2025-05-09,333.0,14.03,22.46,35.08,0.909,35.37
A0786,2025-05-10,333.0,13.94,21.62,33.12,0.909,33.38
A0786,2025-05-11,333.0,9.07,14.41,22.4,0.909,22.58
A0786,2025-05-12,333.0,13.62,22.79,36.5,0.909,36.81
A0787,2025-04-29,5.8,48.16,66.3,89.93,0.556,69.59
A0787,2025-04-30,5.8,57.95,78.92,106.24,0.556,82.71
A0787,2025-05-01,5.8,45.55,62.79,85.25,0.556,65.91
A0787,2025-05-02,5.8,64.39,88.49,119.89,0.556,92.85
A0787,2025-05-03,5.8,65.03,89.89,122.28,0.556,94.39
A0787,2025-05-04,5.8,48.83,67.36,91.51,0.556,70.72
A0787,2025-05-05,5.8,48.88,66.82,90.17,0.556,70.06
A0787,2025-05-06,5.8,51.38,70.8,96.11,0.556,74.32
A0787,2025-05-07,5.8,48.1,64.03,84.77,0.556,66.91
A0787,2025-05-08,5.8,56.54,76.62,102.77,0.556,80.25
A0787,2025-05-09,5.8,63.87,87.43,118.13,0.556,91.7
A0787,2025-05-10,5.8,63.71,86.68,116.61,0.556,90.84
A0787,2025-05-11,5.8,40.26,55.53,75.41,0.556,58.29
A0787,2025-05-12,5.8,56.41,77.86,105.8,0.556,81.74
A0788,2025-04-29,170.0,13.83,21.92,33.16,0.909,33.42
A0788,2025-04-30,170.0,16.38,25.46,38.08,0.909,38.37
A0788,2025-05-01,170.0,13.8,21.34,31.83,0.909,32.06
A0788,2025-05-02,170.0,16.9,26.3,39.37,0.909,39.67
A0788,2025-05-03,170.0,18.18,28.34,42.48,0.909,42.8
A0788,2025-05-04,170.0,12.85,20.55,31.26,0.909,31.5
A0788,2025-05-05,170.0,14.34,22.15,33.01,0.909,33.25
A0788,2025-05-06,170.0,14.53,22.59,33.79,0.909,34.05
A0788,2025-05-07,170.0,14.52,22.03,32.47,0.909,32.71
A0788,2025-05-08,170.0,16.19,24.59,36.27,0.909,36.53
A0788,2025-05-09,170.0,16.94,26.4,39.55,0.909,39.85
A0788,2025-05-10,170.0,18.23,28.54,42.88,0.909,43.2
A0788,2025-05-11,170.0,11.29,17.84,26.95,0.909,27.15
A0788,2025-05-12,170.0,16.15,24.73,36.66,0.909,36.93
A0789,2025-04-29,364.8,21.7,34.57,52.09,0.909,52.49
A0789,2025-04-30,364.8,24.7,38.65,57.64,0.909,58.07
A0789,2025-05-01,364.8,18.62,29.18,43.55,0.909,43.88
A0789,2025-05-02,364.8,17.16,27.82,42.34,0.909,42.67
A0789,2025-05-03,364.8,18.15,29.76,45.57,0.909,45.93
A0789,2025-05-04,364.8,12.83,20.05,29.88,0.909,30.1
A0789,2025-05-05,364.8,13.76,21.56,32.18,0.909,32.42
A0789,2025-05-06,364.8,25.69,41.08,62.05,0.909,62.53
A0789,2025-05-07,364.8,25.69,40.79,61.35,0.909,61.81
A0789,2025-05-08,364.8,27.41,43.11,64.5,0.909,64.99
A0789,2025-05-09,364.8,29.92,47.08,70.45,0.909,70.98
A0789,2025-05-10,364.8,31.12,49.41,74.32,0.909,74.88
A0789,2025-05-11,364.8,19.0,30.01,45.02,0.909,45.36
A0789,2025-05-12,364.8,13.93,23.34,36.15,0.909,36.45
A0790,2025-04-29,10.8,304.35,406.48,556.26,0.909,559.66
A0790,2025-04-30,10.8,371.98,478.18,633.93,0.909,637.47
A0790,2025-05-01,10.8,266.28,350.94,475.1,0.909,477.92
A0790,2025-05-02,10.8,375.52,496.21,673.21,0.909,677.23
A0790,2025-05-03,10.8,404.77,538.62,734.93,0.909,739.39
A0790,2025-05-04,10.8,285.86,370.01,493.42,0.909,496.23
A0790,2025-05-05,10.8,272.34,361.5,492.27,0.909,495.24
A0790,2025-05-06,10.8,305.03,407.89,558.76,0.909,562.19
A0790,2025-05-07,10.8,314.81,414.79,561.43,0.909,564.77
A0790,2025-05-08,10.8,325.77,431.85,587.43,0.909,590.97
A0790,2025-05-09,10.8,373.1,494.11,671.58,0.909,675.62
A0790,2025-05-10,10.8,402.84,536.85,733.4,0.909,737.86
A0790,2025-05-11,10.8,241.58,321.59,438.94,0.909,441.6
A0790,2025-05-12,10.8,332.64,443.88,607.03,0.909,610.73
A0791,2025-04-29,28.7,15.78,22.56,32.28,0.909,32.5
A0791,2025-04-30,28.7,19.81,28.43,40.8,0.909,41.08
A0791,2025-05-01,28.7,14.37,20.84,30.14,0.909,30.35
A0791,2025-05-02,28.7,20.12,27.65,38.46,0.909,38.7
A0791,2025-05-03,28.7,19.74,27.82,39.41,0.909,39.68
A0791,2025-05-04,28.7,14.23,20.66,29.9,0.909,30.11
A0791,2025-05-05,28.7,16.74,23.84,34.03,0.909,34.27
A0791,2025-05-06,28.7,16.73,23.92,34.25,0.909,34.48
A0791,2025-05-07,28.7,16.52,23.66,33.91,0.909,34.14
A0791,2025-05-08,28.7,18.39,25.73,36.27,0.909,36.51
A0791,2025-05-09,28.7,20.19,28.16,39.6,0.909,39.86
A0791,2025-05-10,28.7,20.47,29.22,41.79,0.909,42.08
A0791,2025-05-11,28.7,13.25,19.1,27.5,0.909,27.7
A0791,2025-05-12,28.7,19.63,28.62,41.53,0.909,41.82
A0792,2025-04-29,159.8,10.95,18.09,27.47,0.909,27.68
A0792,2025-04-30,159.8,13.31,20.48,29.89,0.909,30.1
A0792,2025-05-01,159.8,10.88,16.48,23.84,0.909,24.0
A0792,2025-05-02,159.8,14.49,23.21,34.65,0.909,34.91
A0792,2025-05-03,159.8,14.5,22.64,33.33,0.909,33.57
A0792,2025-05-04,159.8,10.68,16.13,23.29,0.909,23.45
A0792,2025-05-05,159.8,11.74,18.08,26.4,0.909,26.59
A0792,2025-05-06,159.8,11.79,19.09,28.67,0.909,28.89
A0792,2025-05-07,159.8,12.13,19.23,28.56,0.909,28.77
A0792,2025-05-08,159.8,13.8,20.97,30.38,0.909,30.59
A0792,2025-05-09,159.8,14.63,23.28,34.63,0.909,34.89
A0792,2025-05-10,159.8,14.74,22.66,33.06,0.909,33.3
A0792,2025-05-11,159.8,9.49,14.95,22.12,0.909,22.28
A0792,2025-05-12,159.8,14.09,21.9,32.16,0.909,32.39
A0793,2025-04-29,353.4,30.98,47.11,69.57,0.909,70.08
A0793,2025-04-30,353.4,34.54,52.93,78.53,0.909,79.11
A0793,2025-05-01,353.4,28.32,42.94,63.3,0.909,63.77
A0793,2025-05-02,353.4,38.29,58.51,86.66,0.909,87.3
A0793,2025-05-03,353.4,39.0,57.37,82.95,0.909,83.53
A0793,2025-05-04,353.4,42.89,62.47,89.74,0.909,90.36
A0793,2025-05-05,353.4,41.24,61.03,88.58,0.909,89.21
A0793,2025-05-06,353.4,46.02,69.24,101.57,0.909,102.3
A0793,2025-05-07,353.4,30.21,45.81,67.53,0.909,68.02
A0793,2025-05-08,353.4,33.91,50.86,74.45,0.909,74.99
A0793,2025-05-09,353.4,37.33,57.31,85.12,0.909,85.75
A0793,2025-05-10,353.4,38.34,56.04,80.67,0.909,81.23
A0793,2025-05-11,353.4,23.96,36.34,53.58,0.909,53.97
A0793,2025-05-12,353.4,32.42,48.85,71.72,0.909,72.24
A0794,2025-04-29,5.4,13.18,22.22,33.84,0.556,23.83
A0794,2025-04-30,5.4,17.22,29.23,44.67,0.556,31.37
A0794,2025-05-01,5.4,11.67,20.18,31.14,0.556,21.71
A0794,2025-05-02,5.4,15.5,26.55,40.77,0.556,28.52
A0794,2025-05-03,5.4,16.78,29.1,44.94,0.556,31.3
A0794,2025-05-04,5.4,13.87,23.71,36.36,0.556,25.46
A0794,2025-05-05,5.4,11.75,19.58,29.66,0.556,20.98
A0794,2025-05-06,5.4,12.91,21.66,32.9,0.556,23.22
A0794,2025-05-07,5.4,13.74,23.6,36.28,0.556,25.36
A0794,2025-05-08,5.4,14.62,25.54,39.6,0.556,27.49
A0794,2025-05-09,5.4,15.24,26.1,40.07,0.556,28.04
A0794,2025-05-10,5.4,16.41,28.45,43.95,0.556,30.6
A0794,2025-05-11,5.4,10.8,18.92,29.38,0.556,20.38
A0794,2025-05-12,5.4,13.05,22.19,33.95,0.556,23.83
A0795,2025-04-29,296.5,13.68,22.04,32.77,0.909,33.02
A0795,2025-04-30,296.5,18.06,28.81,42.63,0.909,42.94
A0795,2025-05-01,296.5,11.26,16.8,23.91,0.909,24.08
A0795,2025-05-02,296.5,16.55,25.89,37.88,0.909,38.15
A0795,2025-05-03,296.5,17.63,28.4,42.23,0.909,42.55
A0795,2025-05-04,296.5,14.23,23.64,35.72,0.909,35.99
A0795,2025-05-05,296.5,10.95,16.7,24.09,0.909,24.25
A0795,2025-05-06,296.5,13.19,20.97,30.98,0.909,31.2
A0795,2025-05-07,296.5,14.6,23.42,34.75,0.909,35.01
A0795,2025-05-08,296.5,14.44,23.01,34.01,0.909,34.26
A0795,2025-05-09,296.5,16.11,25.34,37.19,0.909,37.46
A0795,2025-05-10,296.5,17.36,28.22,42.18,0.909,42.5
A0795,2025-05-11,296.5,11.12,18.69,28.41,0.909,28.63
A0795,2025-05-12,296.5,12.99,20.63,30.45,0.909,30.68
A0796,2025-04-29,215.9,2.78,7.23,12.32,0.909,12.43
A0796,2025-04-30,215.9,3.51,10.04,17.5,0.909,17.67
A0796,2025-05-01,215.9,2.41,6.18,10.48,0.909,10.58
A0796,2025-05-02,215.9,3.49,8.56,14.36,0.909,14.49
A0796,2025-05-03,215.9,3.83,9.14,15.22,0.909,15.35
A0796,2025-05-04,215.9,2.22,6.72,11.86,0.909,11.98
A0796,2025-05-05,215.9,2.75,6.19,10.12,0.909,10.21
A0796,2025-05-06,215.9,6.53,11.02,16.15,0.909,16.27
A0796,2025-05-07,215.9,6.7,11.31,16.58,0.909,16.7
A0796,2025-05-08,215.9,6.99,11.96,17.64,0.909,17.77
A0796,2025-05-09,215.9,7.65,12.76,18.59,0.909,18.73
A0796,2025-05-10,215.9,3.49,8.84,14.96,0.909,15.1
A0796,2025-05-11,215.9,1.83,5.22,9.09,0.909,9.18
A0796,2025-05-12,215.9,3.09,7.5,12.54,0.909,12.66
A0797,2025-04-29,313.7,12.42,21.16,31.44,0.909,31.67
A0797,2025-04-30,313.7,15.14,24.91,36.4,0.909,36.66
A0797,2025-05-01,313.7,11.23,18.12,26.21,0.909,26.4
A0797,2025-05-02,313.7,14.58,23.5,33.97,0.909,34.21
A0797,2025-05-03,313.7,15.41,25.19,36.69,0.909,36.95
A0797,2025-05-04,313.7,11.41,18.86,27.62,0.909,27.82
A0797,2025-05-05,313.7,11.33,17.64,25.05,0.909,25.22
A0797,2025-05-06,313.7,12.78,20.89,30.41,0.909,30.63
A0797,2025-05-07,313.7,13.26,21.75,31.74,0.909,31.97
A0797,2025-05-08,313.7,13.79,22.22,32.11,0.909,32.34
A0797,2025-05-09,313.7,14.58,23.22,33.36,0.909,33.59
A0797,2025-05-10,313.7,15.43,24.96,36.17,0.909,36.42
A0797,2025-05-11,313.7,9.85,16.09,23.42,0.909,23.59
A0797,2025-05-12,313.7,12.91,19.67,27.6,0.909,27.78
A0798,2025-04-29,407.6,20.33,35.23,54.22,0.909,54.65
A0798,2025-04-30,407.6,24.95,39.66,58.4,0.909,58.83
A0798,2025-05-01,407.6,19.08,31.27,46.8,0.909,47.15
A0798,2025-05-02,407.6,25.04,40.3,59.74,0.909,60.18
A0798,2025-05-03,407.6,25.84,44.1,67.37,0.909,67.9
A0798,2025-05-04,407.6,21.42,34.42,51.0,0.909,51.37
A0798,2025-05-05,407.6,19.08,30.44,44.92,0.909,45.25
A0798,2025-05-06,407.6,20.63,35.02,53.35,0.909,53.77
A0798,2025-05-07,407.6,21.79,34.72,51.19,0.909,51.56
A0798,2025-05-08,407.6,22.46,35.87,52.95,0.909,53.34
A0798,2025-05-09,407.6,24.57,39.05,57.5,0.909,57.92
A0798,2025-05-10,407.6,25.58,42.02,62.98,0.909,63.46
A0798,2025-05-11,407.6,17.35,28.66,43.06,0.909,43.39
A0798,2025-05-12,407.6,21.6,32.7,46.85,0.909,47.17
A0799,2025-04-29,334.0,7.01,9.05,12.86,0.909,12.94
A0799,2025-04-30,334.0,8.73,10.85,14.82,0.909,14.91
A0799,2025-05-01,334.0,5.49,8.84,15.06,0.909,15.2
A0799,2025-05-02,334.0,8.53,10.93,15.42,0.909,15.52
A0799,2025-05-03,334.0,8.27,10.92,15.85,0.909,15.96
A0799,2025-05-04,334.0,5.83,7.67,11.09,0.909,11.17
A0799,2025-05-05,334.0,6.89,9.9,15.5,0.909,15.63
A0799,2025-05-06,334.0,7.58,9.78,13.86,0.909,13.95
A0799,2025-05-07,334.0,15.66,17.59,21.18,0.909,21.26
A0799,2025-05-08,334.0,16.51,19.58,25.3,0.909,25.43
A0799,2025-05-09,334.0,18.13,20.46,24.8,0.909,24.9
A0799,2025-05-10,334.0,18.31,20.68,25.08,0.909,25.18
A0799,2025-05-11,334.0,11.59,13.36,16.65,0.909,16.73
A0799,2025-05-12,334.0,17.09,19.99,25.39,0.909,25.51
A0800,2025-04-29,4.1,9.55,16.34,26.79,0.556,17.79
A0800,2025-04-30,4.1,12.22,21.22,35.07,0.556,23.14
A0800,2025-05-01,4.1,9.19,15.2,24.45,0.556,16.48
A0800,2025-05-02,4.1,12.55,21.05,34.15,0.556,22.87
A0800,2025-05-03,4.1,13.94,23.48,38.18,0.556,25.52
A0800,2025-05-04,4.1,10.23,16.35,25.77,0.556,17.65
A0800,2025-05-05,4.1,10.36,17.4,28.26,0.556,18.91
A0800,2025-05-06,4.1,10.85,17.82,28.56,0.556,19.31
A0800,2025-05-07,4.1,11.31,18.57,29.76,0.556,20.12
A0800,2025-05-08,4.1,12.44,20.12,31.95,0.556,21.77
A0800,2025-05-09,4.1,13.43,21.92,35.01,0.556,23.74
A0800,2025-05-10,4.1,14.6,24.01,38.51,0.556,26.03
A0800,2025-05-11,4.1,8.95,14.17,22.22,0.556,15.29
A0800,2025-05-12,4.1,12.19,21.06,34.71,0.556,22.95
A0801,2025-04-29,200.8,22.37,32.11,46.89,0.909,47.22
A0801,2025-04-30,200.8,26.98,37.96,54.62,0.909,54.99
A0801,2025-05-01,200.8,18.83,26.34,37.72,0.909,37.98
A0801,2025-05-02,200.8,27.26,39.19,57.29,0.909,57.7
A0801,2025-05-03,200.8,28.2,39.79,57.36,0.909,57.76
A0801,2025-05-04,200.8,20.58,28.94,41.61,0.909,41.9
A0801,2025-05-05,200.8,18.9,26.06,36.92,0.909,37.16
A0801,2025-05-06,200.8,22.31,32.11,46.96,0.909,47.3
A0801,2025-05-07,200.8,23.13,33.35,48.85,0.909,49.2
A0801,2025-05-08,200.8,25.49,36.63,53.51,0.909,53.89
A0801,2025-05-09,200.8,27.12,39.03,57.09,0.909,57.51
A0801,2025-05-10,200.8,28.12,39.64,57.11,0.909,57.51
A0801,2025-05-11,200.8,17.74,25.56,37.41,0.909,37.68
A0801,2025-05-12,200.8,24.67,35.3,51.43,0.909,51.8
A0802,2025-04-29,374.5,13.03,22.67,35.27,0.909,35.55
A0802,2025-04-30,374.5,15.77,25.33,37.83,0.909,38.11
A0802,2025-05-01,374.5,11.13,18.22,27.48,0.909,27.69
A0802,2025-05-02,374.5,15.59,25.83,39.22,0.909,39.52
A0802,2025-05-03,374.5,16.86,28.12,42.86,0.909,43.2
A0802,2025-05-04,374.5,12.67,21.01,31.92,0.909,32.16
A0802,2025-05-05,374.5,10.3,16.66,24.97,0.909,25.16
A0802,2025-05-06,374.5,12.25,20.95,32.34,0.909,32.6
A0802,2025-05-07,374.5,12.83,22.24,34.56,0.909,34.84
A0802,2025-05-08,374.5,13.34,22.49,34.46,0.909,34.73
A0802,2025-05-09,374.5,15.03,24.67,37.28,0.909,37.56
A0802,2025-05-10,374.5,16.37,27.03,40.97,0.909,41.29
A0802,2025-05-11,374.5,10.04,17.6,27.49,0.909,27.71
A0802,2025-05-12,374.5,11.02,17.83,26.75,0.909,26.95
A0803,2025-04-29,330.4,17.6,26.33,39.33,0.909,39.63
A0803,2025-04-30,330.4,23.41,35.38,53.21,0.909,53.61
A0803,2025-05-01,330.4,15.53,22.75,33.5,0.909,33.75
A0803,2025-05-02,330.4,21.03,31.0,45.85,0.909,46.18
A0803,2025-05-03,330.4,21.72,32.1,47.56,0.909,47.91
A0803,2025-05-04,330.4,17.61,27.39,41.96,0.909,42.29
A0803,2025-05-05,330.4,15.52,22.39,32.63,0.909,32.86
A0803,2025-05-06,330.4,17.76,26.3,39.01,0.909,39.3
A0803,2025-05-07,330.4,18.98,28.12,41.75,0.909,42.06
A0803,2025-05-08,330.4,19.34,28.15,41.29,0.909,41.59
A0803,2025-05-09,330.4,21.27,31.11,45.78,0.909,46.11
A0803,2025-05-10,330.4,22.11,32.33,47.55,0.909,47.9
A0803,2025-05-11,330.4,14.8,22.49,33.96,0.909,34.22
A0803,2025-05-12,330.4,18.62,26.43,38.07,0.909,38.33
A0804,2025-04-29,347.5,12.97,21.34,34.21,0.909,34.5
A0804,2025-04-30,347.5,18.19,27.9,42.84,0.909,43.18
A0804,2025-05-01,347.5,11.62,20.28,33.6,0.909,33.91
A0804,2025-05-02,347.5,17.04,26.94,42.18,0.909,42.53
A0804,2025-05-03,347.5,16.87,25.89,39.77,0.909,40.09
A0804,2025-05-04,347.5,12.27,18.54,28.18,0.909,28.4
A0804,2025-05-05,347.5,14.16,24.64,40.75,0.909,41.12
A0804,2025-05-06,347.5,14.07,23.13,37.06,0.909,37.38
A0804,2025-05-07,347.5,14.75,24.66,39.9,0.909,40.25
A0804,2025-05-08,347.5,15.99,25.35,39.76,0.909,40.09
A0804,2025-05-09,347.5,17.86,29.04,46.23,0.909,46.62
A0804,2025-05-10,347.5,18.25,29.48,46.76,0.909,47.16
A0804,2025-05-11,347.5,11.48,18.58,29.5,0.909,29.75
A0804,2025-05-12,347.5,18.37,32.64,54.58,0.909,55.08
A0805,2025-04-29,206.2,7.87,12.7,19.23,0.909,19.38
A0805,2025-04-30,206.2,9.52,16.34,25.57,0.909,25.78
A0805,2025-05-01,206.2,7.26,11.58,17.44,0.909,17.57
A0805,2025-05-02,206.2,9.42,14.74,21.96,0.909,22.12
A0805,2025-05-03,206.2,9.61,15.73,24.03,0.909,24.22
A0805,2025-05-04,206.2,7.53,12.42,19.05,0.909,19.2
A0805,2025-05-05,206.2,7.21,11.48,17.27,0.909,17.41
A0805,2025-05-06,206.2,7.55,12.42,19.02,0.909,19.17
A0805,2025-05-07,206.2,7.51,12.49,19.22,0.909,19.38
A0805,2025-05-08,206.2,8.23,13.63,20.95,0.909,21.12
A0805,2025-05-09,206.2,9.11,14.43,21.64,0.909,21.8
A0805,2025-05-10,206.2,9.35,15.42,23.65,0.909,23.84
A0805,2025-05-11,206.2,6.07,9.83,14.92,0.909,15.04
A0805,2025-05-12,206.2,8.12,13.34,20.42,0.909,20.58
A0806,2025-04-29,6.5,54.37,69.2,89.91,0.556,72.08
A0806,2025-04-30,6.5,64.06,79.01,99.9,0.556,81.91
A0806,2025-05-01,6.5,55.55,74.51,101.0,0.556,78.19
A0806,2025-05-02,6.5,70.66,90.71,118.72,0.556,94.6
A0806,2025-05-03,6.5,71.44,90.03,115.99,0.556,93.64
A0806,2025-05-04,6.5,52.36,66.01,85.07,0.556,68.66
A0806,2025-05-05,6.5,54.83,71.41,94.57,0.556,74.63
A0806,2025-05-06,6.5,56.46,72.39,94.63,0.556,75.47
A0806,2025-05-07,6.5,55.11,69.0,88.4,0.556,71.7
A0806,2025-05-08,6.5,64.19,81.87,106.55,0.556,85.29
A0806,2025-05-09,6.5,70.65,90.35,117.86,0.556,94.17
A0806,2025-05-10,6.5,70.81,88.17,112.41,0.556,91.53
A0806,2025-05-11,6.5,46.24,59.61,78.28,0.556,62.2
A0806,2025-05-12,6.5,60.52,77.07,100.18,0.556,80.28
A0807,2025-04-29,6.4,98.58,136.25,184.28,0.556,142.92
A0807,2025-04-30,6.4,131.63,191.48,267.81,0.556,202.08
A0807,2025-05-01,6.4,91.78,126.05,169.75,0.556,132.11
A0807,2025-05-02,6.4,125.5,171.12,229.3,0.556,179.2
A0807,2025-05-03,6.4,130.79,179.22,240.99,0.556,187.8
A0807,2025-05-04,6.4,107.52,152.6,210.09,0.556,160.58
A0807,2025-05-05,6.4,96.19,134.5,183.36,0.556,141.29
A0807,2025-05-06,6.4,102.37,138.7,185.03,0.556,145.13
A0807,2025-05-07,6.4,109.12,156.13,216.1,0.556,164.46
A0807,2025-05-08,6.4,116.25,159.48,214.62,0.556,167.14
A0807,2025-05-09,6.4,127.77,174.44,233.96,0.556,182.7
A0807,2025-05-10,6.4,135.09,186.66,252.44,0.556,195.79
A0807,2025-05-11,6.4,88.43,124.33,170.13,0.556,130.69
A0807,2025-05-12,6.4,117.73,163.8,222.57,0.556,171.96
A0808,2025-04-29,326.6,24.44,36.99,55.75,0.909,56.17
A0808,2025-04-30,326.6,33.24,50.73,76.88,0.909,77.48
A0808,2025-05-01,326.6,21.88,32.13,47.46,0.909,47.81
A0808,2025-05-02,326.6,33.26,50.18,75.49,0.909,76.06
A0808,2025-05-03,326.6,31.42,46.28,68.51,0.909,69.02
A0808,2025-05-04,326.6,24.05,36.33,54.7,0.909,55.12
A0808,2025-05-05,326.6,25.62,37.24,54.61,0.909,55.01
A0808,2025-05-06,326.6,26.46,40.32,61.06,0.909,61.53
A0808,2025-05-07,326.6,26.61,39.83,59.6,0.909,60.05
A0808,2025-05-08,326.6,29.67,44.25,66.05,0.909,66.55
A0808,2025-05-09,326.6,33.96,51.69,78.22,0.909,78.82
A0808,2025-05-10,326.6,33.45,49.19,72.75,0.909,73.28
A0808,2025-05-11,326.6,21.2,31.88,47.86,0.909,48.22
A0808,2025-05-12,326.6,34.36,52.54,79.75,0.909,80.37
A0809,2025-04-29,5.1,8.56,14.89,24.32,0.556,16.2
A0809,2025-04-30,5.1,10.37,17.73,28.69,0.556,19.25
A0809,2025-05-01,5.1,7.67,13.15,21.32,0.556,14.29
A0809,2025-05-02,5.1,10.77,18.29,29.48,0.556,19.84
A0809,2025-05-03,5.1,11.68,20.48,33.58,0.556,22.3
A0809,2025-05-04,5.1,8.35,13.64,21.52,0.556,14.74
A0809,2025-05-05,5.1,8.01,13.77,22.33,0.556,14.96
A0809,2025-05-06,5.1,8.9,15.05,24.19,0.556,16.32
A0809,2025-05-07,5.1,9.95,16.98,27.46,0.556,18.44
A0809,2025-05-08,5.1,10.34,17.6,28.41,0.556,19.1
A0809,2025-05-09,5.1,11.24,18.64,29.66,0.556,20.17
A0809,2025-05-10,5.1,12.18,20.85,33.74,0.556,22.64
A0809,2025-05-11,5.1,7.43,12.4,19.79,0.556,13.42
A0809,2025-05-12,5.1,10.08,17.09,27.53,0.556,18.54
A0810,2025-04-29,309.6,3.19,13.95,32.97,0.909,33.4
A0810,2025-04-30,309.6,4.96,17.8,40.34,0.909,40.85
A0810,2025-05-01,309.6,2.61,12.52,30.23,0.909,30.63
A0810,2025-05-02,309.6,5.13,18.04,41.48,0.909,42.02
A0810,2025-05-03,309.6,4.44,16.83,39.34,0.909,39.85
A0810,2025-05-04,309.6,2.28,12.27,30.03,0.909,30.43
A0810,2025-05-05,309.6,3.99,15.64,36.46,0.909,36.93
A0810,2025-05-06,309.6,3.81,15.52,36.19,0.909,36.66
A0810,2025-05-07,309.6,4.01,15.92,36.83,0.909,37.3
A0810,2025-05-08,309.6,4.67,17.35,39.61,0.909,40.12
A0810,2025-05-09,309.6,5.45,19.15,43.43,0.909,43.99
A0810,2025-05-10,309.6,5.26,18.75,42.91,0.909,43.46
A0810,2025-05-11,309.6,2.56,12.86,30.96,0.909,31.37
A0810,2025-05-12,309.6,6.07,20.01,44.82,0.909,45.38
A0811,2025-04-29,160.5,0.0,4.9,17.01,0.909,17.29
A0811,2025-04-30,160.5,0.28,7.35,22.76,0.909,23.11
A0811,2025-05-01,160.5,0.0,4.86,17.37,0.909,17.65
A0811,2025-05-02,160.5,0.23,7.59,23.78,0.909,24.15
A0811,2025-05-03,160.5,0.74,9.28,27.6,0.909,28.02
A0811,2025-05-04,160.5,0.0,6.13,20.33,0.909,20.66
A0811,2025-05-05,160.5,0.37,7.86,23.9,0.909,24.27
A0811,2025-05-06,160.5,7.69,26.57,64.48,0.909,65.34
A0811,2025-05-07,160.5,8.97,30.32,72.35,0.909,73.31
A0811,2025-05-08,160.5,11.5,36.69,85.47,0.909,86.58
A0811,2025-05-09,160.5,13.53,41.87,97.13,0.909,98.39
A0811,2025-05-10,160.5,2.1,13.7,36.33,0.909,36.84
A0811,2025-05-11,160.5,0.22,8.07,23.69,0.909,24.05
A0811,2025-05-12,160.5,2.33,14.04,36.52,0.909,37.03
A0812,2025-04-29,5.6,8.95,15.03,22.46,0.556,16.06
A0812,2025-04-30,5.6,12.79,19.65,28.04,0.556,20.82
A0812,2025-05-01,5.6,8.09,14.43,22.19,0.556,15.51
A0812,2025-05-02,5.6,12.33,19.23,27.67,0.556,20.41
A0812,2025-05-03,5.6,12.42,20.91,31.28,0.556,22.35
A0812,2025-05-04,5.6,9.09,15.32,22.94,0.556,16.38
A0812,2025-05-05,5.6,26.79,34.71,44.39,0.556,36.05
A0812,2025-05-06,5.6,30.79,39.03,49.1,0.556,40.43
A0812,2025-05-07,5.6,33.1,40.5,49.54,0.556,41.75
A0812,2025-05-08,5.6,34.34,44.46,56.82,0.556,46.17
A0812,2025-05-09,5.6,10.27,16.9,25.01,0.556,18.03
A0812,2025-05-10,5.6,10.77,18.77,28.56,0.556,20.13
A0812,2025-05-11,5.6,6.34,11.0,16.69,0.556,11.79
A0812,2025-05-12,5.6,9.37,14.91,21.69,0.556,15.86
A0813,2025-04-29,3.3,60.39,86.07,121.31,0.556,90.96
A0813,2025-04-30,3.3,75.14,104.91,145.78,0.556,110.59
A0813,2025-05-01,3.3,54.29,78.32,111.3,0.556,82.9
A0813,2025-05-02,3.3,73.6,107.42,153.85,0.556,113.87
A0813,2025-05-03,3.3,80.42,117.07,167.37,0.556,124.05
A0813,2025-05-04,3.3,57.37,80.9,113.21,0.556,85.39
A0813,2025-05-05,3.3,55.84,79.39,111.72,0.556,83.88
A0813,2025-05-06,3.3,60.94,86.62,121.87,0.556,91.51
A0813,2025-05-07,3.3,63.6,88.78,123.34,0.556,93.58
A0813,2025-05-08,3.3,67.06,95.03,133.43,0.556,100.36
A0813,2025-05-09,3.3,74.06,106.97,152.14,0.556,113.25
A0813,2025-05-10,3.3,80.54,115.03,162.38,0.556,121.61
A0813,2025-05-11,3.3,48.23,68.63,96.63,0.556,72.52
A0813,2025-05-12,3.3,64.6,90.29,125.56,0.556,95.19
A0814,2025-04-29,295.7,22.7,33.08,50.1,0.909,50.48
A0814,2025-04-30,295.7,26.85,37.46,54.86,0.909,55.26
A0814,2025-05-01,295.7,17.73,27.5,43.52,0.909,43.89
A0814,2025-05-02,295.7,25.3,36.99,56.15,0.909,56.58
A0814,2025-05-03,295.7,26.69,39.81,61.33,0.909,61.82
A0814,2025-05-04,295.7,18.69,27.1,40.88,0.909,41.19
A0814,2025-05-05,295.7,17.54,25.75,39.21,0.909,39.51
A0814,2025-05-06,295.7,22.64,32.27,48.05,0.909,48.41
A0814,2025-05-07,295.7,22.69,32.39,48.3,0.909,48.67
A0814,2025-05-08,295.7,22.52,32.82,49.72,0.909,50.1
A0814,2025-05-09,295.7,25.7,36.32,53.74,0.909,54.14
A0814,2025-05-10,295.7,27.25,38.44,56.78,0.909,57.19
A0814,2025-05-11,295.7,16.7,23.96,35.87,0.909,36.14
A0814,2025-05-12,295.7,20.47,27.73,39.63,0.909,39.9
A0815,2025-04-29,2.9,44.83,64.87,91.06,0.556,68.51
A0815,2025-04-30,2.9,55.7,82.61,117.78,0.556,87.49
A0815,2025-05-01,2.9,39.35,57.41,81.03,0.556,60.69
A0815,2025-05-02,2.9,97.72,139.06,193.11,0.556,146.56
A0815,2025-05-03,2.9,101.92,147.95,208.15,0.556,156.31
A0815,2025-05-04,2.9,81.04,113.31,155.5,0.556,119.17
A0815,2025-05-05,2.9,68.75,99.49,139.69,0.556,105.07
A0815,2025-05-06,2.9,74.74,108.27,152.12,0.556,114.36
A0815,2025-05-07,2.9,40.55,62.96,92.27,0.556,67.03
A0815,2025-05-08,2.9,44.51,67.75,98.14,0.556,71.97
A0815,2025-05-09,2.9,51.56,75.76,107.42,0.556,80.16
A0815,2025-05-10,2.9,56.08,83.82,120.1,0.556,88.86
A0815,2025-05-11,2.9,33.57,49.18,69.59,0.556,52.01
A0815,2025-05-12,2.9,45.71,67.28,95.5,0.556,71.2
A0816,2025-04-29,350.2,13.99,19.89,27.86,0.909,28.04
A0816,2025-04-30,350.2,17.94,25.25,35.11,0.909,35.34
A0816,2025-05-01,350.2,13.11,18.8,26.47,0.909,26.65
A0816,2025-05-02,350.2,17.92,25.7,36.2,0.909,36.44
A0816,2025-05-03,350.2,18.04,25.64,35.89,0.909,36.12
A0816,2025-05-04,350.2,12.4,17.89,25.3,0.909,25.47
A0816,2025-05-05,350.2,15.18,21.56,30.16,0.909,30.35
A0816,2025-05-06,350.2,14.98,21.33,29.88,0.909,30.08
A0816,2025-05-07,350.2,15.33,21.99,30.96,0.909,31.17
A0816,2025-05-08,350.2,16.93,24.05,33.66,0.909,33.88
A0816,2025-05-09,350.2,18.43,26.57,37.54,0.909,37.79
A0816,2025-05-10,350.2,19.18,27.25,38.14,0.909,38.38
A0816,2025-05-11,350.2,11.89,17.31,24.62,0.909,24.78
A0816,2025-05-12,350.2,18.87,27.59,39.35,0.909,39.62
A0817,2025-04-29,6.6,45.87,64.77,101.91,0.556,69.92
A0817,2025-04-30,6.6,51.55,66.21,95.04,0.556,70.21
A0817,2025-05-01,6.6,44.92,61.55,94.24,0.556,66.09
A0817,2025-05-02,6.6,53.53,70.0,102.38,0.556,74.5
A0817,2025-05-03,6.6,60.18,79.23,116.69,0.556,84.44
A0817,2025-05-04,6.6,44.26,56.71,81.17,0.556,60.1
A0817,2025-05-05,6.6,47.32,63.97,96.71,0.556,68.52
A0817,2025-05-06,6.6,46.39,63.89,98.27,0.556,68.66
A0817,2025-05-07,6.6,47.31,64.04,96.93,0.556,68.61
A0817,2025-05-08,6.6,53.1,72.0,109.15,0.556,77.16
A0817,2025-05-09,6.6,70.11,92.66,136.98,0.556,98.81
A0817,2025-05-10,6.6,80.43,109.23,165.85,0.556,117.1
A0817,2025-05-11,6.6,49.7,66.97,100.9,0.556,71.68
A0817,2025-05-12,6.6,54.31,72.5,108.25,0.556,77.46
A0818,2025-04-29,354.2,34.55,49.85,66.7,0.909,67.08
A0818,2025-04-30,354.2,41.67,56.38,72.58,0.909,72.95
A0818,2025-05-01,354.2,31.51,44.21,58.19,0.909,58.51
A0818,2025-05-02,354.2,42.25,60.53,80.68,0.909,81.14
A0818,2025-05-03,354.2,42.36,59.83,79.08,0.909,79.51
A0818,2025-05-04,354.2,32.15,44.36,57.82,0.909,58.13
A0818,2025-05-05,354.2,32.95,46.06,60.51,0.909,60.84
A0818,2025-05-06,354.2,35.05,50.23,66.95,0.909,67.33
A0818,2025-05-07,354.2,35.42,50.23,66.56,0.909,66.93
A0818,2025-05-08,354.2,37.85,54.43,72.7,0.909,73.12
A0818,2025-05-09,354.2,42.0,60.34,80.54,0.909,81.0
A0818,2025-05-10,354.2,42.85,60.49,79.92,0.909,80.36
A0818,2025-05-11,354.2,27.86,40.1,53.59,0.909,53.9
A0818,2025-05-12,354.2,39.15,55.56,73.64,0.909,74.05
A0819,2025-04-29,10.7,143.63,198.91,264.53,0.909,266.02
A0819,2025-04-30,10.7,178.69,244.22,322.01,0.909,323.78
A0819,2025-05-01,10.7,105.08,162.8,231.31,0.909,232.87
A0819,2025-05-02,10.7,164.12,230.12,308.46,0.909,310.24
A0819,2025-05-03,10.7,191.37,262.48,346.87,0.909,348.79
A0819,2025-05-04,10.7,81.9,132.32,192.16,0.909,193.52
A0819,2025-05-05,10.7,132.13,186.14,250.25,0.909,251.71
A0819,2025-05-06,10.7,156.75,212.59,278.87,0.909,280.37
A0819,2025-05-07,10.7,155.79,213.02,280.94,0.909,282.48
A0819,2025-05-08,10.7,155.39,218.87,294.21,0.909,295.92
A0819,2025-05-09,10.7,184.32,249.7,327.32,0.909,329.08
A0819,2025-05-10,10.7,207.68,277.12,359.54,0.909,361.41
A0819,2025-05-11,10.7,91.86,136.94,190.46,0.909,191.68
A0819,2025-05-12,10.7,161.86,220.5,290.1,0.909,291.69
A0820,2025-04-29,204.6,8.19,13.9,21.69,0.909,21.87
A0820,2025-04-30,204.6,9.82,17.11,27.04,0.909,27.27
A0820,2025-05-01,204.6,7.92,14.09,22.5,0.909,22.69
A0820,2025-05-02,204.6,9.99,16.11,24.45,0.909,24.64
A0820,2025-05-03,204.6,10.6,18.28,28.77,0.909,29.0
A0820,2025-05-04,204.6,7.21,12.14,18.87,0.909,19.03
A0820,2025-05-05,204.6,8.71,14.59,22.6,0.909,22.78
A0820,2025-05-06,204.6,8.72,14.48,22.34,0.909,22.52
A0820,2025-05-07,204.6,9.25,15.39,23.77,0.909,23.96
A0820,2025-05-08,204.6,9.67,16.58,26.0,0.909,26.22
A0820,2025-05-09,204.6,10.21,16.29,24.58,0.909,24.77
A0820,2025-05-10,204.6,10.96,18.51,28.81,0.909,29.04
A0820,2025-05-11,204.6,6.78,11.06,16.9,0.909,17.03
A0820,2025-05-12,204.6,10.26,16.76,25.63,0.909,25.83
A0821,2025-04-29,320.3,9.63,14.59,23.45,0.909,23.66
A0821,2025-04-30,320.3,11.73,18.97,31.92,0.909,32.22
A0821,2025-05-01,320.3,8.18,12.12,19.18,0.909,19.34
A0821,2025-05-02,320.3,11.1,17.04,27.66,0.909,27.9
A0821,2025-05-03,320.3,11.91,18.04,29.02,0.909,29.27
A0821,2025-05-04,320.3,8.84,14.79,25.45,0.909,25.69
A0821,2025-05-05,320.3,7.81,11.02,16.76,0.909,16.89
A0821,2025-05-06,320.3,9.51,13.92,21.81,0.909,21.99
A0821,2025-05-07,320.3,9.8,14.98,24.24,0.909,24.45
A0821,2025-05-08,320.3,9.95,14.97,23.96,0.909,24.17
A0821,2025-05-09,320.3,10.8,16.15,25.7,0.909,25.92
A0821,2025-05-10,320.3,11.75,17.22,27.0,0.909,27.23
A0821,2025-05-11,320.3,7.18,10.88,17.52,0.909,17.67
A0821,2025-05-12,320.3,8.87,12.39,18.69,0.909,18.83
A0822,2025-04-29,3.2,157.34,212.01,295.91,0.556,223.67
A0822,2025-04-30,3.2,197.68,266.94,373.22,0.556,281.7
A0822,2025-05-01,3.2,153.84,213.72,305.6,0.556,226.48
A0822,2025-05-02,3.2,200.44,273.51,385.62,0.556,289.08
A0822,2025-05-03,3.2,213.36,288.62,404.09,0.556,304.66
A0822,2025-05-04,3.2,156.39,215.15,305.32,0.556,227.67
A0822,2025-05-05,3.2,162.0,224.48,320.34,0.556,237.79
A0822,2025-05-06,3.2,160.82,214.84,297.72,0.556,226.35
A0822,2025-05-07,3.2,165.19,221.32,307.44,0.556,233.28
A0822,2025-05-08,3.2,179.21,241.33,336.63,0.556,254.56
A0822,2025-05-09,3.2,201.1,274.15,386.21,0.556,289.71
A0822,2025-05-10,3.2,215.37,291.05,407.18,0.556,307.18
A0822,2025-05-11,3.2,131.47,179.89,254.17,0.556,190.2
A0822,2025-05-12,3.2,180.37,244.03,341.7,0.556,257.6
A0823,2025-04-29,333.2,10.93,17.4,28.15,0.909,28.4
A0823,2025-04-30,333.2,13.99,20.9,32.4,0.909,32.67
A0823,2025-05-01,333.2,9.99,16.32,26.86,0.909,27.1
A0823,2025-05-02,333.2,13.81,21.3,33.76,0.909,34.05
A0823,2025-05-03,333.2,13.47,20.65,32.59,0.909,32.86
A0823,2025-05-04,333.2,9.73,14.59,22.69,0.909,22.88
A0823,2025-05-05,333.2,11.86,18.8,30.34,0.909,30.6
A0823,2025-05-06,333.2,12.08,18.97,30.44,0.909,30.7
A0823,2025-05-07,333.2,12.24,19.79,32.33,0.909,32.62
A0823,2025-05-08,333.2,13.41,21.1,33.89,0.909,34.18
A0823,2025-05-09,333.2,14.9,23.09,36.72,0.909,37.03
A0823,2025-05-10,333.2,15.08,23.71,38.07,0.909,38.4
A0823,2025-05-11,333.2,9.63,15.3,24.73,0.909,24.94
A0823,2025-05-12,333.2,16.23,26.18,42.72,0.909,43.1
A0824,2025-04-29,5.2,11.83,21.28,33.78,0.556,23.02
A0824,2025-04-30,5.2,15.34,26.31,40.83,0.556,28.33
A0824,2025-05-01,5.2,12.26,19.37,28.77,0.556,20.68
A0824,2025-05-02,5.2,16.45,27.22,41.46,0.556,29.2
A0824,2025-05-03,5.2,16.8,29.23,45.68,0.556,31.51
A0824,2025-05-04,5.2,13.93,22.95,34.89,0.556,24.61
A0824,2025-05-05,5.2,12.74,20.01,29.62,0.556,21.34
A0824,2025-05-06,5.2,12.4,21.85,34.36,0.556,23.59
A0824,2025-05-07,5.2,12.92,22.21,34.5,0.556,23.91
A0824,2025-05-08,5.2,13.98,24.25,37.84,0.556,26.14
A0824,2025-05-09,5.2,16.06,26.68,40.73,0.556,28.63
A0824,2025-05-10,5.2,52.49,84.96,127.92,0.556,90.93
A0824,2025-05-11,5.2,35.71,56.69,84.45,0.556,60.55
A0824,2025-05-12,5.2,45.51,71.71,106.38,0.556,76.53
A0825,2025-04-29,317.2,15.3,24.17,38.74,0.909,39.07
A0825,2025-04-30,317.2,19.05,32.18,53.73,0.909,54.22
A0825,2025-05-01,317.2,14.84,23.63,38.04,0.909,38.37
A0825,2025-05-02,317.2,19.06,30.19,48.45,0.909,48.87
A0825,2025-05-03,317.2,19.09,29.76,47.27,0.909,47.67
A0825,2025-05-04,317.2,15.04,25.35,42.27,0.909,42.65
A0825,2025-05-05,317.2,15.9,25.13,40.27,0.909,40.62
A0825,2025-05-06,317.2,16.21,24.99,39.39,0.909,39.71
A0825,2025-05-07,317.2,16.59,25.29,39.57,0.909,39.9
A0825,2025-05-08,317.2,17.42,26.96,42.63,0.909,42.98
A0825,2025-05-09,317.2,19.28,30.44,48.75,0.909,49.17
A0825,2025-05-10,317.2,19.37,30.16,47.87,0.909,48.27
A0825,2025-05-11,317.2,12.74,20.1,32.18,0.909,32.46
A0825,2025-05-12,317.2,18.93,28.7,44.75,0.909,45.12
A0826,2025-04-29,13.8,82.53,114.39,159.96,0.909,161.0
A0826,2025-04-30,13.8,107.44,149.76,210.27,0.909,211.65
A0826,2025-05-01,13.8,72.73,101.96,143.76,0.909,144.71
A0826,2025-05-02,13.8,101.6,142.44,200.85,0.909,202.17
A0826,2025-05-03,13.8,115.1,160.73,225.99,0.909,227.48
A0826,2025-05-04,13.8,82.38,115.16,162.05,0.909,163.11
A0826,2025-05-05,13.8,76.52,105.98,148.1,0.909,149.05
A0826,2025-05-06,13.8,83.41,115.86,162.28,0.909,163.33
A0826,2025-05-07,13.8,86.42,116.95,160.61,0.909,161.6
A0826,2025-05-08,13.8,92.67,128.21,179.03,0.909,180.19
A0826,2025-05-09,13.8,102.25,142.38,199.78,0.909,201.09
A0826,2025-05-10,13.8,115.63,159.21,221.54,0.909,222.96
A0826,2025-05-11,13.8,66.95,92.29,128.54,0.909,129.36
A0826,2025-05-12,13.8,90.78,125.17,174.35,0.909,175.47
A0827,2025-04-29,2.8,74.45,109.11,158.82,0.556,116.02
A0827,2025-04-30,2.8,102.26,145.22,206.81,0.556,153.77
A0827,2025-05-01,2.8,65.25,96.14,140.43,0.556,102.29
A0827,2025-05-02,2.8,92.27,133.66,193.01,0.556,141.91
A0827,2025-05-03,2.8,103.97,149.8,215.52,0.556,158.93
A0827,2025-05-04,2.8,79.66,112.09,158.6,0.556,118.55
A0827,2025-05-05,2.8,68.15,99.88,145.38,0.556,106.2
A0827,2025-05-06,2.8,73.58,108.35,158.22,0.556,115.28
A0827,2025-05-07,2.8,75.6,111.1,162.0,0.556,118.17
A0827,2025-05-08,2.8,82.53,121.79,178.09,0.556,129.61
A0827,2025-05-09,2.8,91.12,132.65,192.21,0.556,140.92
A0827,2025-05-10,2.8,102.32,148.42,214.51,0.556,157.6
A0827,2025-05-11,2.8,58.85,86.67,126.55,0.556,92.21
A0827,2025-05-12,2.8,158.38,237.19,350.17,0.556,252.88
A0828,2025-04-29,193.0,2.87,6.1,10.7,0.909,10.81
A0828,2025-04-30,193.0,2.88,7.02,12.92,0.909,13.06
A0828,2025-05-01,193.0,2.52,6.06,11.13,0.909,11.24
A0828,2025-05-02,193.0,3.42,7.3,12.83,0.909,12.95
A0828,2025-05-03,193.0,3.34,7.71,13.96,0.909,14.11
A0828,2025-05-04,193.0,2.59,5.54,9.75,0.909,9.85
A0828,2025-05-05,193.0,2.74,5.89,10.39,0.909,10.49
A0828,2025-05-06,193.0,3.12,6.46,11.24,0.909,11.35
A0828,2025-05-07,193.0,3.1,6.35,10.99,0.909,11.1
A0828,2025-05-08,193.0,3.54,7.6,13.4,0.909,13.53
A0828,2025-05-09,193.0,3.73,7.57,13.05,0.909,13.17
A0828,2025-05-10,193.0,3.53,7.75,13.79,0.909,13.92
A0828,2025-05-11,193.0,2.48,4.96,8.51,0.909,8.59
A0828,2025-05-12,193.0,3.18,6.79,11.95,0.909,12.07
A0829,2025-04-29,401.5,19.96,28.9,41.16,0.909,41.43
A0829,2025-04-30,401.5,25.57,37.47,53.79,0.909,54.16
A0829,2025-05-01,401.5,18.08,28.5,42.78,0.909,43.11
A0829,2025-05-02,401.5,25.61,36.4,51.19,0.909,51.52
A0829,2025-05-03,401.5,24.55,35.54,50.61,0.909,50.95
A0829,2025-05-04,401.5,18.04,26.47,38.02,0.909,38.28
A0829,2025-05-05,401.5,20.45,31.4,46.41,0.909,46.75
A0829,2025-05-06,401.5,21.61,31.0,43.87,0.909,44.16
A0829,2025-05-07,401.5,22.15,31.42,44.12,0.909,44.4
A0829,2025-05-08,401.5,23.82,34.95,50.2,0.909,50.55
A0829,2025-05-09,401.5,26.47,37.85,53.45,0.909,53.81
A0829,2025-05-10,401.5,26.37,38.43,54.97,0.909,55.35
A0829,2025-05-11,401.5,16.67,23.93,33.89,0.909,34.12
A0829,2025-05-12,401.5,25.47,38.47,56.29,0.909,56.7
A0830,2025-04-29,177.7,8.52,14.31,23.34,0.909,23.55
A0830,2025-04-30,177.7,9.5,15.29,24.32,0.909,24.53
A0830,2025-05-01,177.7,7.69,12.82,20.83,0.909,21.01
A0830,2025-05-02,177.7,10.43,16.6,26.21,0.909,26.43
A0830,2025-05-03,177.7,10.52,17.67,28.83,0.909,29.08
A0830,2025-05-04,177.7,7.57,12.51,20.22,0.909,20.39
A0830,2025-05-05,177.7,7.96,13.32,21.69,0.909,21.88
A0830,2025-05-06,177.7,8.86,14.62,23.6,0.909,23.8
A0830,2025-05-07,177.7,8.57,14.13,22.81,0.909,23.0
A0830,2025-05-08,177.7,9.58,15.61,25.04,0.909,25.25
A0830,2025-05-09,177.7,10.64,16.83,26.5,0.909,26.72
A0830,2025-05-10,177.7,10.73,17.97,29.27,0.909,29.53
A0830,2025-05-11,177.7,6.92,11.69,19.13,0.909,19.3
A0830,2025-05-12,177.7,9.63,15.75,25.29,0.909,25.51
A0831,2025-04-29,3.0,53.04,77.14,110.91,0.556,81.83
A0831,2025-04-30,3.0,64.79,91.76,129.56,0.556,97.01
A0831,2025-05-01,3.0,48.69,73.01,107.1,0.556,77.74
A0831,2025-05-02,3.0,63.91,92.91,133.55,0.556,98.55
A0831,2025-05-03,3.0,69.66,101.26,145.55,0.556,107.42
A0831,2025-05-04,3.0,51.27,71.58,100.04,0.556,75.53
A0831,2025-05-05,3.0,51.15,75.24,108.99,0.556,79.93
A0831,2025-05-06,3.0,54.25,78.2,111.76,0.556,82.86
A0831,2025-05-07,3.0,54.96,77.72,109.61,0.556,82.15
A0831,2025-05-08,3.0,60.32,86.6,123.43,0.556,91.72
A0831,2025-05-09,3.0,64.57,93.42,133.85,0.556,99.04
A0831,2025-05-10,3.0,71.3,102.67,146.63,0.556,108.77
A0831,2025-05-11,3.0,42.71,60.19,84.68,0.556,63.59
A0831,2025-05-12,3.0,57.26,82.68,118.31,0.556,87.63
A0832,2025-04-29,152.6,10.03,15.78,23.23,0.909,23.4
A0832,2025-04-30,152.6,13.02,19.69,28.32,0.909,28.52
A0832,2025-05-01,152.6,9.41,14.27,20.55,0.909,20.69
A0832,2025-05-02,152.6,12.25,18.9,27.51,0.909,27.7
A0832,2025-05-03,152.6,13.49,20.59,29.77,0.909,29.98
A0832,2025-05-04,152.6,10.33,15.36,21.87,0.909,22.02
A0832,2025-05-05,152.6,9.44,14.31,20.62,0.909,20.76
A0832,2025-05-06,152.6,9.74,15.42,22.76,0.909,22.93
A0832,2025-05-07,152.6,19.85,31.65,46.92,0.909,47.26
A0832,2025-05-08,152.6,21.73,34.11,50.12,0.909,50.48
A0832,2025-05-09,152.6,22.51,35.27,51.76,0.909,52.14
A0832,2025-05-10,152.6,23.81,37.57,55.38,0.909,55.78
A0832,2025-05-11,152.6,14.49,23.39,34.9,0.909,35.16
A0832,2025-05-12,152.6,9.15,15.39,23.48,0.909,23.66
A0833,2025-04-29,6.1,45.75,64.19,90.35,0.556,67.83
A0833,2025-04-30,6.1,62.35,82.92,112.08,0.556,86.97
A0833,2025-05-01,6.1,43.27,61.89,88.28,0.556,65.55
A0833,2025-05-02,6.1,60.18,82.21,113.44,0.556,86.55
A0833,2025-05-03,6.1,63.24,84.94,115.71,0.556,89.21
A0833,2025-05-04,6.1,50.89,68.96,94.58,0.556,72.52
A0833,2025-05-05,6.1,47.16,65.69,91.95,0.556,69.33
A0833,2025-05-06,6.1,46.56,64.66,90.34,0.556,68.23
A0833,2025-05-07,6.1,48.6,66.79,92.59,0.556,70.38
A0833,2025-05-08,6.1,54.65,76.85,108.32,0.556,81.22
A0833,2025-05-09,6.1,59.77,82.73,115.3,0.556,87.26
A0833,2025-05-10,6.1,63.84,87.68,121.48,0.556,92.37
A0833,2025-05-11,6.1,39.42,55.81,79.05,0.556,59.04
A0833,2025-05-12,6.1,54.25,76.29,107.55,0.556,80.64
A0834,2025-04-29,369.6,10.53,20.85,38.23,0.909,38.63
A0834,2025-04-30,369.6,12.85,20.77,34.11,0.909,34.42
A0834,2025-05-01,369.6,9.98,19.66,35.98,0.909,36.35
A0834,2025-05-02,369.6,14.12,25.27,44.05,0.909,44.47
A0834,2025-05-03,369.6,13.93,23.1,38.55,0.909,38.9
A0834,2025-05-04,369.6,9.86,15.75,25.68,0.909,25.91
A0834,2025-05-05,369.6,11.23,22.29,40.92,0.909,41.34
A0834,2025-05-06,369.6,10.78,21.59,39.79,0.909,40.2
A0834,2025-05-07,369.6,11.05,19.39,33.44,0.909,33.76
A0834,2025-05-08,369.6,12.3,21.91,38.09,0.909,38.46
A0834,2025-05-09,369.6,13.87,25.6,45.34,0.909,45.79
A0834,2025-05-10,369.6,14.15,24.17,41.06,0.909,41.44
A0834,2025-05-11,369.6,8.75,15.18,26.0,0.909,26.25
A0834,2025-05-12,369.6,13.39,25.44,45.72,0.909,46.18
A0835,2025-04-29,5.8,11.03,17.9,27.69,0.556,19.26
A0835,2025-04-30,5.8,13.48,21.62,33.24,0.556,23.24
A0835,2025-05-01,5.8,10.74,16.28,24.18,0.556,17.38
A0835,2025-05-02,5.8,13.2,21.73,33.9,0.556,23.42
A0835,2025-05-03,5.8,13.8,23.08,36.3,0.556,24.91
A0835,2025-05-04,5.8,10.44,16.87,26.05,0.556,18.15
A0835,2025-05-05,5.8,10.78,16.45,24.52,0.556,17.57
A0835,2025-05-06,5.8,11.26,18.22,28.15,0.556,19.6
A0835,2025-05-07,5.8,11.48,18.18,27.73,0.556,19.51
A0835,2025-05-08,5.8,12.76,20.83,32.34,0.556,22.43
A0835,2025-05-09,5.8,13.58,22.2,34.49,0.556,23.91
A0835,2025-05-10,5.8,14.41,23.8,37.19,0.556,25.66
A0835,2025-05-11,5.8,9.4,14.93,22.81,0.556,16.03
A0835,2025-05-12,5.8,14.07,22.05,33.43,0.556,23.64
A0836,2025-04-29,343.4,39.86,55.81,79.31,0.909,79.85
A0836,2025-04-30,343.4,49.01,68.75,97.84,0.909,98.51
A0836,2025-05-01,343.4,38.4,52.86,74.18,0.909,74.66
A0836,2025-05-02,343.4,46.52,65.84,94.32,0.909,94.97
A0836,2025-05-03,343.4,47.59,65.46,91.8,0.909,92.4
A0836,2025-05-04,343.4,39.52,56.53,81.61,0.909,82.18
A0836,2025-05-05,343.4,38.69,53.5,75.34,0.909,75.83
A0836,2025-05-06,343.4,40.67,56.66,80.23,0.909,80.76
A0836,2025-05-07,343.4,39.76,54.92,77.26,0.909,77.77
A0836,2025-05-08,343.4,44.49,61.71,87.08,0.909,87.66
A0836,2025-05-09,343.4,47.66,66.91,95.29,0.909,95.94
A0836,2025-05-10,343.4,48.89,66.63,92.78,0.909,93.37
A0836,2025-05-11,343.4,33.22,46.4,65.82,0.909,66.26
A0836,2025-05-12,343.4,48.14,65.71,91.62,0.909,92.21
A0837,2025-04-29,4.3,21.59,32.54,50.66,0.556,35.06
A0837,2025-04-30,4.3,30.52,43.43,64.79,0.556,46.4
A0837,2025-05-01,4.3,20.13,28.45,42.21,0.556,30.36
A0837,2025-05-02,4.3,26.47,38.21,57.64,0.556,40.91
A0837,2025-05-03,4.3,29.35,41.61,61.89,0.556,44.43
A0837,2025-05-04,4.3,24.28,34.29,50.83,0.556,36.58
A0837,2025-05-05,4.3,20.71,29.63,44.38,0.556,31.68
A0837,2025-05-06,4.3,21.0,31.89,49.91,0.556,34.39
A0837,2025-05-07,4.3,22.64,32.47,48.73,0.556,34.73
A0837,2025-05-08,4.3,24.15,34.17,50.73,0.556,36.47
A0837,2025-05-09,4.3,25.83,37.29,56.27,0.556,39.93
A0837,2025-05-10,4.3,28.63,40.38,59.81,0.556,43.08
A0837,2025-05-11,4.3,18.02,25.82,38.73,0.556,27.61
A0837,2025-05-12,4.3,23.98,34.18,51.05,0.556,36.52
A0838,2025-04-29,5.8,22.54,32.01,45.14,0.556,33.83
A0838,2025-04-30,5.8,27.26,38.73,54.63,0.556,40.94
A0838,2025-05-01,5.8,21.59,29.41,40.26,0.556,30.92
A0838,2025-05-02,5.8,29.21,40.35,55.8,0.556,42.49
A0838,2025-05-03,5.8,30.42,42.49,59.22,0.556,44.81
A0838,2025-05-04,5.8,22.55,32.83,47.1,0.556,34.81
A0838,2025-05-05,5.8,22.28,30.7,42.38,0.556,32.32
A0838,2025-05-06,5.8,23.6,33.26,46.65,0.556,35.12
A0838,2025-05-07,5.8,24.29,33.32,45.86,0.556,35.07
A0838,2025-05-08,5.8,27.49,38.31,53.31,0.556,40.39
A0838,2025-05-09,5.8,29.05,40.56,56.53,0.556,42.78
A0838,2025-05-10,5.8,30.79,43.52,61.19,0.556,45.98
A0838,2025-05-11,5.8,19.24,27.84,39.78,0.556,29.5
A0838,2025-05-12,5.8,25.6,37.35,53.63,0.556,39.61
A0839,2025-04-29,6.7,51.73,72.85,101.36,0.556,76.81
A0839,2025-04-30,6.7,64.69,91.79,128.38,0.556,96.87
A0839,2025-05-01,6.7,46.9,67.71,95.8,0.556,71.61
A0839,2025-05-02,6.7,66.88,93.33,129.03,0.556,98.28
A0839,2025-05-03,6.7,69.53,96.85,133.75,0.556,101.98
A0839,2025-05-04,6.7,53.27,78.28,112.05,0.556,82.97
A0839,2025-05-05,6.7,50.8,70.93,98.11,0.556,74.71
A0839,2025-05-06,6.7,54.48,76.77,106.85,0.556,80.94
A0839,2025-05-07,6.7,54.22,72.84,97.98,0.556,76.33
A0839,2025-05-08,6.7,61.4,86.24,119.77,0.556,90.9
A0839,2025-05-09,6.7,67.62,93.81,129.16,0.556,98.72
A0839,2025-05-10,6.7,70.9,96.94,132.1,0.556,101.82
A0839,2025-05-11,6.7,43.87,62.65,88.0,0.556,66.17
A0839,2025-05-12,6.7,61.6,86.21,119.44,0.556,90.83
A0840,2025-04-29,4.0,17.49,25.5,36.87,0.556,27.08
A0840,2025-04-30,4.0,22.67,33.04,47.74,0.556,35.08
A0840,2025-05-01,4.0,15.89,23.25,33.69,0.556,24.7
A0840,2025-05-02,4.0,22.5,32.83,47.48,0.556,34.86
A0840,2025-05-03,4.0,23.43,34.33,49.77,0.556,36.47
A0840,2025-05-04,4.0,16.01,23.3,33.64,0.556,24.74
A0840,2025-05-05,4.0,17.26,25.34,36.79,0.556,26.93
A0840,2025-05-06,4.0,17.4,25.42,36.8,0.556,27.0
A0840,2025-05-07,4.0,18.69,27.27,39.43,0.556,28.96
A0840,2025-05-08,4.0,20.7,30.38,44.09,0.556,32.28
A0840,2025-05-09,4.0,22.53,32.88,47.55,0.556,34.92
A0840,2025-05-10,4.0,24.11,35.05,50.55,0.556,37.2
A0840,2025-05-11,4.0,13.81,20.1,29.01,0.556,21.34
A0840,2025-05-12,4.0,20.83,30.89,45.15,0.556,32.87
A0841,2025-04-29,2.4,80.33,111.51,153.15,0.556,117.29
A0841,2025-04-30,2.4,106.47,142.46,190.54,0.556,149.14
A0841,2025-05-01,2.4,213.81,302.31,420.53,0.556,318.73
A0841,2025-05-02,2.4,296.23,426.14,599.69,0.556,450.25
A0841,2025-05-03,2.4,313.99,446.79,624.2,0.556,471.43
A0841,2025-05-04,2.4,238.84,323.85,437.41,0.556,339.63
A0841,2025-05-05,2.4,209.13,298.85,418.69,0.556,315.49
A0841,2025-05-06,2.4,230.31,332.25,468.41,0.556,351.16
A0841,2025-05-07,2.4,245.46,355.42,502.3,0.556,375.82
A0841,2025-05-08,2.4,75.16,107.5,150.69,0.556,113.5
A0841,2025-05-09,2.4,88.54,127.8,180.24,0.556,135.08
A0841,2025-05-10,2.4,100.11,140.21,193.78,0.556,147.65
A0841,2025-05-11,2.4,57.49,81.59,113.78,0.556,86.06
A0841,2025-05-12,2.4,83.91,115.06,156.68,0.556,120.84
A0842,2025-04-29,437.8,10.42,16.12,24.26,0.909,24.44
A0842,2025-04-30,437.8,12.35,19.01,28.52,0.909,28.73
A0842,2025-05-01,437.8,9.62,15.19,23.17,0.909,23.35
A0842,2025-05-02,437.8,12.17,18.81,28.29,0.909,28.5
A0842,2025-05-03,437.8,12.76,19.74,29.71,0.909,29.94
A0842,2025-05-04,437.8,9.5,14.94,22.71,0.909,22.89
A0842,2025-05-05,437.8,9.76,15.49,23.7,0.909,23.88
A0842,2025-05-06,437.8,10.53,16.35,24.67,0.909,24.86
A0842,2025-05-07,437.8,10.66,16.56,24.99,0.909,25.18
A0842,2025-05-08,437.8,11.47,17.31,25.66,0.909,25.85
A0842,2025-05-09,437.8,12.21,18.73,28.04,0.909,28.25
A0842,2025-05-10,437.8,12.68,19.34,28.86,0.909,29.07
A0842,2025-05-11,437.8,8.34,13.29,20.36,0.909,20.52
A0842,2025-05-12,437.8,11.11,17.11,25.69,0.909,25.88
A0843,2025-04-29,373.1,0.13,6.39,18.77,0.909,19.05
A0843,2025-04-30,373.1,0.98,9.09,24.59,0.909,24.94
A0843,2025-05-01,373.1,0.44,5.92,17.83,0.909,18.1
A0843,2025-05-02,373.1,1.0,8.59,23.57,0.909,23.91
A0843,2025-05-03,373.1,1.24,9.7,26.04,0.909,26.41
A0843,2025-05-04,373.1,1.12,8.43,23.32,0.909,23.66
A0843,2025-05-05,373.1,0.08,6.53,19.21,0.909,19.5
A0843,2025-05-06,373.1,0.62,8.18,22.49,0.909,22.82
A0843,2025-05-07,373.1,0.77,8.77,23.69,0.909,24.03
A0843,2025-05-08,373.1,0.87,9.27,24.63,0.909,24.97
A0843,2025-05-09,373.1,1.26,10.38,27.06,0.909,27.44
A0843,2025-05-10,373.1,1.81,11.74,30.03,0.909,30.45
A0843,2025-05-11,373.1,0.31,7.65,21.3,0.909,21.61
A0843,2025-05-12,373.1,0.91,9.6,25.28,0.909,25.63
A0844,2025-04-29,5.4,18.12,27.34,44.17,0.556,29.68
A0844,2025-04-30,5.4,21.87,33.26,54.02,0.556,36.15
A0844,2025-05-01,5.4,17.62,24.88,38.11,0.556,26.72
A0844,2025-05-02,5.4,23.6,34.18,53.45,0.556,36.85
A0844,2025-05-03,5.4,25.34,37.18,58.76,0.556,40.18
A0844,2025-05-04,5.4,19.51,28.12,43.8,0.556,30.29
A0844,2025-05-05,5.4,17.92,25.47,39.23,0.556,27.38
A0844,2025-05-06,5.4,18.86,27.85,44.24,0.556,30.13
A0844,2025-05-07,5.4,20.09,29.45,46.52,0.556,31.82
A0844,2025-05-08,5.4,21.58,31.02,48.22,0.556,33.41
A0844,2025-05-09,5.4,23.4,33.83,52.84,0.556,36.47
A0844,2025-05-10,5.4,25.26,36.93,58.21,0.556,39.89
A0844,2025-05-11,5.4,15.84,22.98,35.97,0.556,24.78
A0844,2025-05-12,5.4,38.36,54.93,85.11,0.556,59.12
A0845,2025-04-29,3.0,113.01,164.64,231.2,0.556,173.89
A0845,2025-04-30,3.0,135.82,187.96,255.16,0.556,197.3
A0845,2025-05-01,3.0,93.47,134.96,188.43,0.556,142.39
A0845,2025-05-02,3.0,144.86,205.63,283.95,0.556,216.51
A0845,2025-05-03,3.0,159.18,226.82,313.99,0.556,238.93
A0845,2025-05-04,3.0,101.53,143.14,196.77,0.556,150.59
A0845,2025-05-05,3.0,104.44,148.39,205.03,0.556,156.25
A0845,2025-05-06,3.0,209.66,303.05,423.41,0.556,319.77
A0845,2025-05-07,3.0,214.19,309.0,431.19,0.556,325.97
A0845,2025-05-08,3.0,226.49,325.94,454.1,0.556,343.74
A0845,2025-05-09,3.0,138.3,199.34,278.02,0.556,210.27
A0845,2025-05-10,3.0,153.0,221.59,309.99,0.556,233.87
A0845,2025-05-11,3.0,84.85,126.21,179.51,0.556,133.61
A0845,2025-05-12,3.0,112.71,166.47,235.74,0.556,176.09
A0846,2025-04-29,5.3,145.51,190.58,250.64,0.556,198.92
A0846,2025-04-30,5.3,181.97,238.36,313.51,0.556,248.8
A0846,2025-05-01,5.3,133.96,176.3,232.71,0.556,184.13
A0846,2025-05-02,5.3,182.34,235.89,307.24,0.556,245.8
A0846,2025-05-03,5.3,195.51,251.55,326.22,0.556,261.93
A0846,2025-05-04,5.3,152.05,198.55,260.51,0.556,207.16
A0846,2025-05-05,5.3,137.52,177.24,230.15,0.556,184.59
A0846,2025-05-06,5.3,153.94,200.18,261.78,0.556,208.73
A0846,2025-05-07,5.3,156.15,201.47,261.85,0.556,209.85
A0846,2025-05-08,5.3,176.23,231.34,304.79,0.556,241.54
A0846,2025-05-09,5.3,189.14,243.67,316.33,0.556,253.77
A0846,2025-05-10,5.3,204.8,261.84,337.85,0.556,272.4
A0846,2025-05-11,5.3,125.12,163.58,214.83,0.556,170.7
A0846,2025-05-12,5.3,285.9,374.52,492.59,0.556,390.92
A0847,2025-04-29,7.5,570.27,779.26,1033.32,0.556,814.54
A0847,2025-04-30,7.5,740.37,1015.01,1348.89,0.556,1061.38
A0847,2025-05-01,7.5,434.82,624.72,855.58,0.556,656.78
A0847,2025-05-02,7.5,622.69,883.25,1200.01,0.556,927.24
A0847,2025-05-03,7.5,708.8,949.21,1241.47,0.556,989.8
A0847,2025-05-04,7.5,480.03,708.68,986.64,0.556,747.28
A0847,2025-05-05,7.5,491.43,690.79,933.15,0.556,724.45
A0847,2025-05-06,7.5,567.49,789.74,1059.92,0.556,827.26
A0847,2025-05-07,7.5,600.91,811.66,1067.88,0.556,847.25
A0847,2025-05-08,7.5,609.51,832.02,1102.53,0.556,869.59
A0847,2025-05-09,7.5,662.76,918.62,1229.67,0.556,961.82
A0847,2025-05-10,7.5,741.04,967.26,1242.28,0.556,1005.46
A0847,2025-05-11,7.5,443.65,626.61,849.03,0.556,657.5
A0847,2025-05-12,7.5,584.19,834.29,1138.33,0.556,876.52
A0848,2025-04-29,26.9,7.02,22.17,49.3,0.909,49.92
A0848,2025-04-30,26.9,10.48,29.18,62.87,0.909,63.64
A0848,2025-05-01,26.9,5.86,19.37,44.06,0.909,44.62
A0848,2025-05-02,26.9,10.65,29.48,64.28,0.909,65.07
A0848,2025-05-03,26.9,8.76,25.84,57.81,0.909,58.54
A0848,2025-05-04,26.9,5.54,19.42,44.75,0.909,45.33
A0848,2025-05-05,26.9,8.62,25.34,55.81,0.909,56.51
A0848,2025-05-06,26.9,8.17,24.95,55.03,0.909,55.71
A0848,2025-05-07,26.9,8.31,25.07,55.28,0.909,55.97
A0848,2025-05-08,26.9,9.46,27.47,60.02,0.909,60.76
A0848,2025-05-09,26.9,11.04,31.0,67.16,0.909,67.98
A0848,2025-05-10,26.9,10.51,29.79,65.46,0.909,66.27
A0848,2025-05-11,26.9,6.27,21.01,47.39,0.909,47.99
A0848,2025-05-12,26.9,12.54,33.57,71.69,0.909,72.55
A0849,2025-04-29,5.9,115.76,163.85,230.83,0.556,173.15
A0849,2025-04-30,5.9,144.04,197.88,272.9,0.556,208.3
A0849,2025-05-01,5.9,105.21,150.15,212.76,0.556,158.84
A0849,2025-05-02,5.9,140.79,194.91,270.32,0.556,205.39
A0849,2025-05-03,5.9,148.38,204.59,282.89,0.556,215.46
A0849,2025-05-04,5.9,111.83,157.96,222.23,0.556,166.89
A0849,2025-05-05,5.9,112.67,156.38,217.27,0.556,164.84
A0849,2025-05-06,5.9,124.3,173.63,242.34,0.556,183.17
A0849,2025-05-07,5.9,123.8,167.44,228.25,0.556,175.89
A0849,2025-05-08,5.9,137.95,186.92,255.14,0.556,196.39
A0849,2025-05-09,5.9,148.18,202.53,278.23,0.556,213.04
A0849,2025-05-10,5.9,159.03,215.09,293.18,0.556,225.93
A0849,2025-05-11,5.9,101.09,140.7,195.89,0.556,148.37
A0849,2025-05-12,5.9,141.77,190.15,257.55,0.556,199.51
A0850,2025-04-29,322.7,24.05,34.15,48.95,0.909,49.29
A0850,2025-04-30,322.7,29.95,42.57,61.07,0.909,61.49
A0850,2025-05-01,322.7,20.02,30.12,44.91,0.909,45.25
A0850,2025-05-02,322.7,25.73,37.95,55.84,0.909,56.24
A0850,2025-05-03,322.7,28.22,41.22,60.27,0.909,60.71
A0850,2025-05-04,322.7,21.5,31.18,45.35,0.909,45.67
A0850,2025-05-05,322.7,17.79,25.74,37.38,0.909,37.64
A0850,2025-05-06,322.7,21.82,31.37,45.35,0.909,45.67
A0850,2025-05-07,322.7,21.91,31.65,45.91,0.909,46.24
A0850,2025-05-08,322.7,23.73,34.69,50.73,0.909,51.09
A0850,2025-05-09,322.7,25.52,36.95,53.7,0.909,54.08
A0850,2025-05-10,322.7,27.8,39.48,56.59,0.909,56.98
A0850,2025-05-11,322.7,17.38,24.76,35.56,0.909,35.8
A0850,2025-05-12,322.7,20.59,28.06,38.99,0.909,39.24
A0851,2025-04-29,5.8,2.75,13.39,31.65,0.556,15.92
A0851,2025-04-30,5.8,4.42,17.01,38.47,0.556,19.99
A0851,2025-05-01,5.8,2.49,12.66,30.0,0.556,15.07
A0851,2025-05-02,5.8,4.4,16.91,38.61,0.556,19.93
A0851,2025-05-03,5.8,4.56,17.58,40.18,0.556,20.72
A0851,2025-05-04,5.8,2.43,12.97,30.9,0.556,15.46
A0851,2025-05-05,5.8,2.92,13.71,32.26,0.556,16.29
A0851,2025-05-06,5.8,3.09,14.3,33.43,0.556,16.96
A0851,2025-05-07,5.8,3.39,15.05,34.7,0.556,17.78
A0851,2025-05-08,5.8,4.05,16.46,37.27,0.556,19.35
A0851,2025-05-09,5.8,4.66,17.81,40.19,0.556,20.91
A0851,2025-05-10,5.8,4.98,18.59,41.95,0.556,21.83
A0851,2025-05-11,5.8,1.9,11.78,28.44,0.556,14.09
A0851,2025-05-12,5.8,4.31,16.6,37.67,0.556,19.53
A0852,2025-04-29,349.5,45.2,64.4,100.15,0.909,100.96
A0852,2025-04-30,349.5,60.64,89.26,142.57,0.909,143.79
A0852,2025-05-01,349.5,39.86,57.94,91.61,0.909,92.38
A0852,2025-05-02,349.5,59.41,85.64,134.49,0.909,135.6
A0852,2025-05-03,349.5,52.88,75.56,117.82,0.909,118.78
A0852,2025-05-04,349.5,40.98,60.95,98.16,0.909,99.01
A0852,2025-05-05,349.5,47.6,68.19,106.53,0.909,107.41
A0852,2025-05-06,349.5,51.61,72.88,112.51,0.909,113.41
A0852,2025-05-07,349.5,53.69,75.96,117.44,0.909,118.38
A0852,2025-05-08,349.5,54.65,77.5,120.06,0.909,121.02
A0852,2025-05-09,349.5,65.61,93.84,146.42,0.909,147.61
A0852,2025-05-10,349.5,62.1,87.82,135.71,0.909,136.8
A0852,2025-05-11,349.5,42.09,60.57,95.0,0.909,95.78
A0852,2025-05-12,349.5,67.29,98.32,156.14,0.909,157.45
A0853,2025-04-29,393.4,14.04,21.4,32.79,0.909,33.05
A0853,2025-04-30,393.4,18.84,25.65,36.2,0.909,36.44
A0853,2025-05-01,393.4,12.71,21.05,33.97,0.909,34.26
A0853,2025-05-02,393.4,18.86,28.94,44.57,0.909,44.93
A0853,2025-05-03,393.4,18.31,27.02,40.5,0.909,40.81
A0853,2025-05-04,393.4,13.06,18.12,25.97,0.909,26.15
A0853,2025-05-05,393.4,15.46,23.25,35.32,0.909,35.6
A0853,2025-05-06,393.4,16.04,23.72,35.62,0.909,35.89
A0853,2025-05-07,393.4,16.68,25.0,37.88,0.909,38.17
A0853,2025-05-08,393.4,17.57,27.31,42.4,0.909,42.74
A0853,2025-05-09,393.4,19.85,30.78,47.71,0.909,48.1
A0853,2025-05-10,393.4,19.74,29.37,44.3,0.909,44.64
A0853,2025-05-11,393.4,12.62,19.23,29.48,0.909,29.71
A0853,2025-05-12,393.4,19.1,29.15,44.71,0.909,45.07
A0854,2025-04-29,6.1,310.95,409.64,547.77,0.556,428.83
A0854,2025-04-30,6.1,391.63,518.88,696.97,0.556,543.62
A0854,2025-05-01,6.1,285.75,379.63,511.02,0.556,397.88
A0854,2025-05-02,6.1,365.24,485.57,653.99,0.556,508.96
A0854,2025-05-03,6.1,388.19,516.85,696.91,0.556,541.86
A0854,2025-05-04,6.1,315.21,425.62,580.14,0.556,447.08
A0854,2025-05-05,6.1,289.99,380.67,507.59,0.556,398.3
A0854,2025-05-06,6.1,320.36,418.99,557.02,0.556,438.16
A0854,2025-05-07,6.1,338.56,443.73,590.92,0.556,464.17
A0854,2025-05-08,6.1,350.7,463.5,621.37,0.556,485.42
A0854,2025-05-09,6.1,372.58,492.98,661.49,0.556,516.38
A0854,2025-05-10,6.1,394.88,523.69,703.98,0.556,548.73
A0854,2025-05-11,6.1,272.73,363.82,491.33,0.556,381.53
A0854,2025-05-12,6.1,348.98,458.01,610.59,0.556,479.2
A0855,2025-04-29,31.3,18.64,27.27,41.7,0.909,42.03
A0855,2025-04-30,31.3,23.68,33.19,49.07,0.909,49.43
A0855,2025-05-01,31.3,16.7,22.85,33.12,0.909,33.35
A0855,2025-05-02,31.3,23.1,31.87,46.52,0.909,46.85
A0855,2025-05-03,31.3,23.09,31.78,46.3,0.909,46.63
A0855,2025-05-04,31.3,16.7,23.89,35.9,0.909,36.18
A0855,2025-05-05,31.3,19.0,26.22,38.28,0.909,38.56
A0855,2025-05-06,31.3,18.91,27.61,42.14,0.909,42.47
A0855,2025-05-07,31.3,18.84,27.17,41.1,0.909,41.42
A0855,2025-05-08,31.3,21.22,30.12,44.99,0.909,45.33
A0855,2025-05-09,31.3,23.27,32.61,48.22,0.909,48.58
A0855,2025-05-10,31.3,23.87,33.85,50.53,0.909,50.91
A0855,2025-05-11,31.3,15.13,21.79,32.92,0.909,33.18
A0855,2025-05-12,31.3,22.84,33.41,51.08,0.909,51.48
A0856,2025-04-29,335.1,11.68,19.48,32.12,0.909,32.41
A0856,2025-04-30,335.1,13.42,22.51,37.24,0.909,37.58
A0856,2025-05-01,335.1,10.27,15.6,24.23,0.909,24.43
A0856,2025-05-02,335.1,15.06,24.16,38.93,0.909,39.26
A0856,2025-05-03,335.1,14.46,24.8,41.56,0.909,41.94
A0856,2025-05-04,335.1,11.78,19.13,31.05,0.909,31.32
A0856,2025-05-05,335.1,10.16,14.87,22.52,0.909,22.69
A0856,2025-05-06,335.1,12.56,19.7,31.28,0.909,31.54
A0856,2025-05-07,335.1,11.7,19.14,31.22,0.909,31.5
A0856,2025-05-08,335.1,12.1,19.32,31.03,0.909,31.29
A0856,2025-05-09,335.1,14.51,23.0,36.78,0.909,37.09
A0856,2025-05-10,335.1,13.93,23.17,38.15,0.909,38.49
A0856,2025-05-11,335.1,9.37,15.2,24.64,0.909,24.86
A0856,2025-05-12,335.1,11.71,16.8,25.06,0.909,25.25
A0857,2025-04-29,5.9,55.96,88.73,121.63,0.556,93.3
A0857,2025-04-30,5.9,68.49,98.83,129.3,0.556,103.06
A0857,2025-05-01,5.9,53.24,80.96,108.79,0.556,84.82
A0857,2025-05-02,5.9,71.76,105.34,139.05,0.556,110.02
A0857,2025-05-03,5.9,75.12,108.9,142.82,0.556,113.61
A0857,2025-05-04,5.9,64.6,93.53,122.58,0.556,97.57
A0857,2025-05-05,5.9,56.15,87.96,119.89,0.556,92.39
A0857,2025-05-06,5.9,59.73,93.34,127.09,0.556,98.03
A0857,2025-05-07,5.9,63.97,94.62,125.39,0.556,98.89
A0857,2025-05-08,5.9,68.77,102.95,137.28,0.556,107.72
A0857,2025-05-09,5.9,73.84,108.69,143.67,0.556,113.55
A0857,2025-05-10,5.9,77.17,112.68,148.34,0.556,117.63
A0857,2025-05-11,5.9,53.94,83.91,114.0,0.556,88.09
A0857,2025-05-12,5.9,69.69,110.86,152.2,0.556,116.6
A0858,2025-04-29,338.2,39.05,57.1,80.22,0.909,80.74
A0858,2025-04-30,338.2,47.68,70.36,99.41,0.909,100.07
A0858,2025-05-01,338.2,33.15,49.51,70.46,0.909,70.93
A0858,2025-05-02,338.2,45.38,65.72,91.79,0.909,92.38
A0858,2025-05-03,338.2,99.84,143.31,198.99,0.909,200.25
A0858,2025-05-04,338.2,80.37,114.6,158.46,0.909,159.45
A0858,2025-05-05,338.2,70.74,102.95,144.21,0.909,145.15
A0858,2025-05-06,338.2,77.27,113.77,160.52,0.909,161.58
A0858,2025-05-07,338.2,36.44,55.23,79.29,0.909,79.83
A0858,2025-05-08,338.2,39.43,59.77,85.81,0.909,86.4
A0858,2025-05-09,338.2,42.84,63.33,89.58,0.909,90.18
A0858,2025-05-10,338.2,48.63,70.28,98.03,0.909,98.66
A0858,2025-05-11,338.2,28.51,42.38,60.16,0.909,60.56
A0858,2025-05-12,338.2,42.05,61.54,86.51,0.909,87.08
A0859,2025-04-29,301.3,2.03,11.76,28.31,0.909,28.68
A0859,2025-04-30,301.3,3.67,15.03,34.77,0.909,35.21
A0859,2025-05-01,301.3,2.13,11.11,26.93,0.909,27.29
A0859,2025-05-02,301.3,3.26,14.21,33.22,0.909,33.65
A0859,2025-05-03,301.3,3.48,14.82,34.68,0.909,35.13
A0859,2025-05-04,301.3,3.01,13.31,31.52,0.909,31.94
A0859,2025-05-05,301.3,1.6,10.75,26.41,0.909,26.77
A0859,2025-05-06,301.3,2.21,12.12,29.06,0.909,29.45
A0859,2025-05-07,301.3,2.35,12.49,29.7,0.909,30.09
A0859,2025-05-08,301.3,2.56,12.94,30.5,0.909,30.9
A0859,2025-05-09,301.3,3.14,14.16,33.03,0.909,33.46
A0859,2025-05-10,301.3,3.54,15.08,35.01,0.909,35.47
A0859,2025-05-11,301.3,1.5,10.42,25.68,0.909,26.03
A0859,2025-05-12,301.3,2.53,12.72,30.04,0.909,30.44
A0860,2025-04-29,187.4,13.26,20.7,31.91,0.909,32.17
A0860,2025-04-30,187.4,16.33,24.59,37.02,0.909,37.3
A0860,2025-05-01,187.4,24.6,39.05,60.8,0.909,61.3
A0860,2025-05-02,187.4,32.42,51.83,81.06,0.909,81.72
A0860,2025-05-03,187.4,32.74,54.25,86.65,0.909,87.39
A0860,2025-05-04,187.4,23.86,37.3,57.53,0.909,57.99
A0860,2025-05-05,187.4,23.32,38.2,60.61,0.909,61.12
A0860,2025-05-06,187.4,11.42,18.73,29.73,0.909,29.98
A0860,2025-05-07,187.4,12.09,19.53,30.75,0.909,31.01
A0860,2025-05-08,187.4,13.25,20.91,32.44,0.909,32.7
A0860,2025-05-09,187.4,15.57,24.04,36.81,0.909,37.1
A0860,2025-05-10,187.4,16.61,26.16,40.55,0.909,40.87
A0860,2025-05-11,187.4,10.26,15.58,23.57,0.909,23.76
A0860,2025-05-12,187.4,14.78,22.28,33.56,0.909,33.82
A0861,2025-04-29,373.1,44.67,60.16,83.33,0.909,83.86
A0861,2025-04-30,373.1,63.54,81.48,108.3,0.909,108.91
A0861,2025-05-01,373.1,44.39,58.31,79.13,0.909,79.6
A0861,2025-05-02,373.1,62.75,82.02,110.83,0.909,111.49
A0861,2025-05-03,373.1,60.03,78.71,106.64,0.909,107.27
A0861,2025-05-04,373.1,45.36,58.31,77.67,0.909,78.11
A0861,2025-05-05,373.1,52.12,66.76,88.65,0.909,89.14
A0861,2025-05-06,373.1,48.96,65.98,91.43,0.909,92.01
A0861,2025-05-07,373.1,51.21,68.94,95.46,0.909,96.06
A0861,2025-05-08,373.1,55.69,76.05,106.51,0.909,107.2
A0861,2025-05-09,373.1,63.13,83.9,114.98,0.909,115.68
A0861,2025-05-10,373.1,63.63,84.71,116.24,0.909,116.95
A0861,2025-05-11,373.1,40.82,54.74,75.56,0.909,76.04
A0861,2025-05-12,373.1,64.47,88.55,124.57,0.909,125.39
A0862,2025-04-29,6.8,771.29,1239.82,2017.57,0.556,1347.84
A0862,2025-04-30,6.8,880.87,1418.96,2312.17,0.556,1543.02
A0862,2025-05-01,6.8,680.13,1083.08,1751.97,0.556,1175.98
A0862,2025-05-02,6.8,160.9,237.7,365.17,0.556,255.4
A0862,2025-05-03,6.8,192.95,285.5,439.14,0.556,306.84
A0862,2025-05-04,6.8,150.84,217.84,329.06,0.556,233.29
A0862,2025-05-05,6.8,132.47,193.56,294.95,0.556,207.64
A0862,2025-05-06,6.8,171.32,251.01,383.31,0.556,269.39
A0862,2025-05-07,6.8,170.84,250.4,382.46,0.556,268.74
A0862,2025-05-08,6.8,197.55,289.97,443.37,0.556,311.27
A0862,2025-05-09,6.8,202.47,284.07,419.52,0.556,302.88
A0862,2025-05-10,6.8,230.75,332.24,500.71,0.556,355.64
A0862,2025-05-11,6.8,138.12,198.46,298.63,0.556,212.38
A0862,2025-05-12,6.8,204.66,292.59,438.55,0.556,312.86
A0863,2025-04-29,2.4,24.23,35.92,53.82,0.556,38.4
A0863,2025-04-30,2.4,28.46,42.18,63.18,0.556,45.09
A0863,2025-05-01,2.4,23.6,33.33,48.23,0.556,35.4
A0863,2025-05-02,2.4,31.58,46.44,69.2,0.556,49.6
A0863,2025-05-03,2.4,32.05,48.14,72.77,0.556,51.56
A0863,2025-05-04,2.4,23.37,33.57,49.18,0.556,35.74
A0863,2025-05-05,2.4,24.32,33.75,48.19,0.556,35.76
A0863,2025-05-06,2.4,26.22,38.16,56.45,0.556,40.7
A0863,2025-05-07,2.4,26.38,38.68,57.51,0.556,41.29
A0863,2025-05-08,2.4,28.14,41.18,61.16,0.556,43.96
A0863,2025-05-09,2.4,31.61,46.24,68.65,0.556,49.35
A0863,2025-05-10,2.4,32.43,47.86,71.48,0.556,51.14
A0863,2025-05-11,2.4,20.17,29.55,43.92,0.556,31.55
A0863,2025-05-12,2.4,29.51,41.65,60.25,0.556,44.23
A0864,2025-04-29,351.6,15.2,24.33,38.04,0.909,38.35
A0864,2025-04-30,351.6,20.25,30.41,45.63,0.909,45.98
A0864,2025-05-01,351.6,14.16,20.83,30.83,0.909,31.06
A0864,2025-05-02,351.6,17.78,28.22,43.87,0.909,44.23
A0864,2025-05-03,351.6,20.87,30.62,45.25,0.909,45.58
A0864,2025-05-04,351.6,16.08,24.19,36.34,0.909,36.62
A0864,2025-05-05,351.6,14.0,21.24,32.12,0.909,32.36
A0864,2025-05-06,351.6,14.76,23.78,37.3,0.909,37.61
A0864,2025-05-07,351.6,14.81,23.95,37.66,0.909,37.97
A0864,2025-05-08,351.6,15.85,24.89,38.44,0.909,38.75
A0864,2025-05-09,351.6,16.97,27.42,43.09,0.909,43.44
A0864,2025-05-10,351.6,19.55,29.37,44.11,0.909,44.45
A0864,2025-05-11,351.6,11.67,19.01,30.03,0.909,30.28
A0864,2025-05-12,351.6,15.25,24.52,38.42,0.909,38.73
A0865,2025-04-29,435.7,8.73,16.85,29.25,0.909,29.53
A0865,2025-04-30,435.7,9.38,20.78,38.19,0.909,38.59
A0865,2025-05-01,435.7,6.9,14.32,25.66,0.909,25.92
A0865,2025-05-02,435.7,7.73,18.4,34.7,0.909,35.07
A0865,2025-05-03,435.7,8.11,18.74,34.97,0.909,35.34
A0865,2025-05-04,435.7,7.07,16.12,29.95,0.909,30.27
A0865,2025-05-05,435.7,5.47,11.89,21.7,0.909,21.92
A0865,2025-05-06,435.7,7.55,15.41,27.42,0.909,27.69
A0865,2025-05-07,435.7,7.82,16.05,28.62,0.909,28.91
A0865,2025-05-08,435.7,8.14,16.5,29.25,0.909,29.54
A0865,2025-05-09,435.7,7.72,17.84,33.29,0.909,33.64
A0865,2025-05-10,435.7,8.3,17.95,32.7,0.909,33.03
A0865,2025-05-11,435.7,5.83,12.48,22.64,0.909,22.87
A0865,2025-05-12,435.7,6.91,13.36,23.22,0.909,23.44
A0866,2025-04-29,2.8,338.98,473.38,650.68,0.556,498.01
A0866,2025-04-30,2.8,405.13,590.52,835.08,0.556,624.48
A0866,2025-05-01,2.8,289.07,406.4,561.18,0.556,427.9
A0866,2025-05-02,2.8,395.66,575.59,812.95,0.556,608.55
A0866,2025-05-03,2.8,414.36,603.76,853.61,0.556,638.46
A0866,2025-05-04,2.8,301.72,448.24,641.53,0.556,475.09
A0866,2025-05-05,2.8,294.1,419.66,585.3,0.556,442.67
A0866,2025-05-06,2.8,343.09,477.31,654.37,0.556,501.9
A0866,2025-05-07,2.8,343.07,480.34,661.42,0.556,505.49
A0866,2025-05-08,2.8,367.26,518.22,717.37,0.556,545.88
A0866,2025-05-09,2.8,408.09,587.37,823.87,0.556,620.21
A0866,2025-05-10,2.8,428.02,616.22,864.5,0.556,650.7
A0866,2025-05-11,2.8,270.35,382.75,531.04,0.556,403.35
A0866,2025-05-12,2.8,375.16,530.99,736.55,0.556,559.54
A0867,2025-04-29,148.2,10.97,17.0,26.31,0.909,26.53
A0867,2025-04-30,148.2,14.35,21.74,33.15,0.909,33.41
A0867,2025-05-01,148.2,10.49,15.44,23.09,0.909,23.27
A0867,2025-05-02,148.2,13.28,20.86,32.56,0.909,32.82
A0867,2025-05-03,148.2,14.5,22.52,34.92,0.909,35.2
A0867,2025-05-04,148.2,11.58,17.26,26.03,0.909,26.23
A0867,2025-05-05,148.2,10.66,15.74,23.58,0.909,23.76
A0867,2025-05-06,148.2,11.05,17.12,26.49,0.909,26.71
A0867,2025-05-07,148.2,11.65,17.8,27.32,0.909,27.53
A0867,2025-05-08,148.2,13.37,20.34,31.11,0.909,31.35
A0867,2025-05-09,148.2,13.26,20.81,32.47,0.909,32.73
A0867,2025-05-10,148.2,14.55,22.49,34.76,0.909,35.04
A0867,2025-05-11,148.2,9.35,14.23,21.78,0.909,21.95
A0867,2025-05-12,148.2,12.5,19.31,29.82,0.909,30.06
A0868,2025-04-29,5.6,21.12,32.73,48.35,0.556,34.9
A0868,2025-04-30,5.6,28.04,42.41,61.74,0.556,45.09
A0868,2025-05-01,5.6,19.32,30.3,45.07,0.556,32.35
A0868,2025-05-02,5.6,26.74,42.99,64.83,0.556,46.02
A0868,2025-05-03,5.6,28.48,45.57,68.55,0.556,48.76
A0868,2025-05-04,5.6,20.9,30.9,44.35,0.556,32.77
A0868,2025-05-05,5.6,9.86,17.46,27.69,0.556,18.88
A0868,2025-05-06,5.6,9.54,16.51,25.88,0.556,17.81
A0868,2025-05-07,5.6,11.51,19.41,30.03,0.556,20.88
A0868,2025-05-08,5.6,13.36,21.97,33.55,0.556,23.58
A0868,2025-05-09,5.6,14.77,24.74,38.14,0.556,26.6
A0868,2025-05-10,5.6,17.1,27.8,42.19,0.556,29.8
A0868,2025-05-11,5.6,9.53,15.13,22.65,0.556,16.17
A0868,2025-05-12,5.6,14.01,23.56,36.41,0.556,25.35
A0869,2025-04-29,2.5,1.14,11.12,31.67,0.556,13.97
A0869,2025-04-30,2.5,2.62,14.66,41.08,0.556,18.33
A0869,2025-05-01,2.5,1.27,10.86,32.5,0.556,13.87
A0869,2025-05-02,2.5,3.14,16.32,46.34,0.556,20.49
A0869,2025-05-03,2.5,4.39,19.69,54.68,0.556,24.55
A0869,2025-05-04,2.5,1.88,13.52,39.57,0.556,17.14
A0869,2025-05-05,2.5,2.42,14.69,42.04,0.556,18.49
A0869,2025-05-06,2.5,3.26,17.04,47.14,0.556,21.22
A0869,2025-05-07,2.5,3.83,18.68,50.87,0.556,23.15
A0869,2025-05-08,2.5,5.08,22.13,58.8,0.556,27.23
A0869,2025-05-09,2.5,5.99,24.79,65.4,0.556,30.43
A0869,2025-05-10,2.5,7.97,30.16,77.96,0.556,36.79
A0869,2025-05-11,2.5,2.92,17.08,45.92,0.556,21.08
A0869,2025-05-12,2.5,6.92,27.25,69.34,0.556,33.1
A0870,2025-04-29,396.3,12.43,18.36,28.62,0.909,28.86
A0870,2025-04-30,396.3,15.11,22.58,35.52,0.909,35.82
A0870,2025-05-01,396.3,10.54,15.1,22.99,0.909,23.17
A0870,2025-05-02,396.3,13.75,20.26,31.53,0.909,31.79
A0870,2025-05-03,396.3,14.32,21.86,34.93,0.909,35.23
A0870,2025-05-04,396.3,11.62,18.54,30.51,0.909,30.78
A0870,2025-05-05,396.3,10.06,13.93,20.64,0.909,20.79
A0870,2025-05-06,396.3,11.62,16.9,26.03,0.909,26.23
A0870,2025-05-07,396.3,12.29,17.71,27.1,0.909,27.31
A0870,2025-05-08,396.3,12.39,18.11,28.01,0.909,28.23
A0870,2025-05-09,396.3,13.19,19.19,29.58,0.909,29.82
A0870,2025-05-10,396.3,14.26,21.09,32.94,0.909,33.21
A0870,2025-05-11,396.3,9.48,14.19,22.35,0.909,22.53
A0870,2025-05-12,396.3,10.76,14.67,21.45,0.909,21.61
A0871,2025-04-29,368.8,4.91,18.03,41.99,0.909,42.53
A0871,2025-04-30,368.8,8.14,24.68,54.76,0.909,55.45
A0871,2025-05-01,368.8,4.5,16.84,39.49,0.909,40.01
A0871,2025-05-02,368.8,8.33,25.07,56.14,0.909,56.85
A0871,2025-05-03,368.8,7.38,23.39,53.27,0.909,53.95
A0871,2025-05-04,368.8,4.25,16.98,40.12,0.909,40.65
A0871,2025-05-05,368.8,6.92,22.11,49.83,0.909,50.46
A0871,2025-05-06,368.8,6.4,21.49,48.59,0.909,49.2
A0871,2025-05-07,368.8,6.61,21.86,49.29,0.909,49.92
A0871,2025-05-08,368.8,7.7,24.19,53.85,0.909,54.53
A0871,2025-05-09,368.8,8.9,26.92,59.49,0.909,60.23
A0871,2025-05-10,368.8,8.76,26.57,59.36,0.909,60.11
A0871,2025-05-11,368.8,4.58,17.71,41.22,0.909,41.76
A0871,2025-05-12,368.8,9.91,28.51,62.32,0.909,63.09
A0872,2025-04-29,6.9,161.47,221.46,304.7,0.556,233.02
A0872,2025-04-30,6.9,215.37,293.05,400.84,0.556,308.02
A0872,2025-05-01,6.9,143.31,198.24,274.47,0.556,208.83
A0872,2025-05-02,6.9,189.46,262.0,362.66,0.556,275.98
A0872,2025-05-03,6.9,215.15,291.79,398.15,0.556,306.56
A0872,2025-05-04,6.9,165.9,228.41,315.17,0.556,240.46
A0872,2025-05-05,6.9,142.05,196.91,273.05,0.556,207.48
A0872,2025-05-06,6.9,161.53,221.11,303.8,0.556,232.6
A0872,2025-05-07,6.9,174.09,237.51,325.52,0.556,249.73
A0872,2025-05-08,6.9,190.33,261.91,361.23,0.556,275.7
A0872,2025-05-09,6.9,198.36,272.51,375.41,0.556,286.8
A0872,2025-05-10,6.9,227.45,307.33,418.19,0.556,322.73
A0872,2025-05-11,6.9,135.49,186.66,257.67,0.556,196.52
A0872,2025-05-12,6.9,185.85,257.27,356.37,0.556,271.03
A0873,2025-04-29,366.9,24.78,35.51,51.63,0.909,52.0
A0873,2025-04-30,366.9,32.23,45.74,66.03,0.909,66.49
A0873,2025-05-01,366.9,23.81,33.57,48.25,0.909,48.58
A0873,2025-05-02,366.9,33.09,45.96,65.31,0.909,65.75
A0873,2025-05-03,366.9,30.87,41.96,58.62,0.909,59.0
A0873,2025-05-04,366.9,23.47,33.45,48.45,0.909,48.79
A0873,2025-05-05,366.9,27.66,37.99,53.5,0.909,53.85
A0873,2025-05-06,366.9,27.71,39.63,57.54,0.909,57.95
A0873,2025-05-07,366.9,27.88,38.5,54.45,0.909,54.81
A0873,2025-05-08,366.9,31.22,43.81,62.74,0.909,63.17
A0873,2025-05-09,366.9,34.07,47.83,68.5,0.909,68.97
A0873,2025-05-10,366.9,33.66,46.07,64.72,0.909,65.14
A0873,2025-05-11,366.9,22.52,31.7,45.48,0.909,45.79
A0873,2025-05-12,366.9,35.93,51.49,74.87,0.909,75.4
A0874,2025-04-29,6.4,68.63,145.35,281.42,0.556,164.25
A0874,2025-04-30,6.4,94.74,192.9,369.74,0.556,217.46
A0874,2025-05-01,6.4,67.97,141.11,270.36,0.556,159.06
A0874,2025-05-02,6.4,95.62,194.38,374.21,0.556,219.36
A0874,2025-05-03,6.4,98.15,200.71,389.86,0.556,226.98
A0874,2025-05-04,6.4,75.96,159.11,306.04,0.556,179.52
A0874,2025-05-05,6.4,73.59,152.88,294.73,0.556,172.59
A0874,2025-05-06,6.4,73.47,154.09,297.56,0.556,174.02
A0874,2025-05-07,6.4,152.0,297.77,563.3,0.556,334.64
A0874,2025-05-08,6.4,174.61,338.23,640.26,0.556,380.18
A0874,2025-05-09,6.4,185.17,359.78,687.39,0.556,405.28
A0874,2025-05-10,6.4,88.63,183.78,359.67,0.556,208.21
A0874,2025-05-11,6.4,51.16,111.75,218.13,0.556,126.53
A0874,2025-05-12,6.4,82.55,170.94,330.22,0.556,193.06
A0875,2025-04-29,5.4,42.13,61.34,82.96,0.556,64.34
A0875,2025-04-30,5.4,52.48,74.23,98.72,0.556,77.63
A0875,2025-05-01,5.4,39.87,57.37,77.08,0.556,60.11
A0875,2025-05-02,5.4,53.62,77.34,104.04,0.556,81.04
A0875,2025-05-03,5.4,56.68,81.42,109.27,0.556,85.29
A0875,2025-05-04,5.4,42.52,59.94,79.56,0.556,62.67
A0875,2025-05-05,5.4,43.88,61.87,82.13,0.556,64.69
A0875,2025-05-06,5.4,44.5,64.41,86.83,0.556,67.53
A0875,2025-05-07,5.4,45.37,64.73,86.54,0.556,67.76
A0875,2025-05-08,5.4,51.67,74.02,99.19,0.556,77.52
A0875,2025-05-09,5.4,55.03,79.06,106.11,0.556,82.82
A0875,2025-05-10,5.4,59.06,84.19,112.49,0.556,88.12
A0875,2025-05-11,5.4,37.24,53.59,71.99,0.556,56.15
A0875,2025-05-12,5.4,53.57,76.56,102.45,0.556,80.16
A0876,2025-04-29,6.0,22.01,32.0,46.82,0.556,34.05
A0876,2025-04-30,6.0,27.49,40.36,59.47,0.556,43.01
A0876,2025-05-01,6.0,19.52,27.92,40.4,0.556,29.66
A0876,2025-05-02,6.0,25.97,37.37,54.29,0.556,39.72
A0876,2025-05-03,6.0,27.92,40.27,58.61,0.556,42.82
A0876,2025-05-04,6.0,20.97,30.54,44.73,0.556,32.51
A0876,2025-05-05,6.0,20.0,28.66,41.51,0.556,30.44
A0876,2025-05-06,6.0,21.83,31.4,45.6,0.556,33.37
A0876,2025-05-07,6.0,22.35,33.18,49.25,0.556,35.41
A0876,2025-05-08,6.0,24.05,35.04,51.35,0.556,37.3
A0876,2025-05-09,6.0,25.86,37.25,54.15,0.556,39.6
A0876,2025-05-10,6.0,28.02,40.61,59.28,0.556,43.2
A0876,2025-05-11,6.0,17.16,25.16,37.04,0.556,26.81
A0876,2025-05-12,6.0,24.36,34.74,50.14,0.556,36.88
A0877,2025-04-29,5.3,131.24,178.31,260.73,0.556,189.76
A0877,2025-04-30,5.3,153.55,191.46,257.82,0.556,200.67
A0877,2025-05-01,5.3,130.58,185.95,282.89,0.556,199.41
A0877,2025-05-02,5.3,162.78,213.16,301.37,0.556,225.42
A0877,2025-05-03,5.3,179.14,241.62,351.0,0.556,256.81
A0877,2025-05-04,5.3,129.56,165.41,228.18,0.556,174.13
A0877,2025-05-05,5.3,133.09,187.24,282.03,0.556,200.41
A0877,2025-05-06,5.3,140.0,189.18,275.29,0.556,201.14
A0877,2025-05-07,5.3,129.37,165.84,229.69,0.556,174.71
A0877,2025-05-08,5.3,156.88,210.26,303.7,0.556,223.23
A0877,2025-05-09,5.3,166.37,216.5,304.27,0.556,228.69
A0877,2025-05-10,5.3,182.96,243.65,349.89,0.556,258.4
A0877,2025-05-11,5.3,109.97,145.62,208.03,0.556,154.29
A0877,2025-05-12,5.3,157.6,212.34,308.17,0.556,225.65
A0878,2025-04-29,204.2,13.1,20.5,32.98,0.909,33.26
A0878,2025-04-30,204.2,17.61,28.21,46.09,0.909,46.5
A0878,2025-05-01,204.2,12.8,19.79,31.58,0.909,31.85
A0878,2025-05-02,204.2,16.35,25.63,41.28,0.909,41.64
A0878,2025-05-03,204.2,17.87,27.85,44.69,0.909,45.07
A0878,2025-05-04,204.2,13.54,20.85,33.16,0.909,33.44
A0878,2025-05-05,204.2,12.84,19.62,31.05,0.909,31.31
A0878,2025-05-06,204.2,13.37,20.93,33.67,0.909,33.96
A0878,2025-05-07,204.2,13.74,21.8,35.4,0.909,35.71
A0878,2025-05-08,204.2,15.05,23.17,36.86,0.909,37.17
A0878,2025-05-09,204.2,16.1,25.23,40.62,0.909,40.97
A0878,2025-05-10,204.2,17.42,26.96,43.05,0.909,43.42
A0878,2025-05-11,204.2,10.72,16.62,26.57,0.909,26.79
A0878,2025-05-12,204.2,14.07,21.74,34.67,0.909,34.96
A0879,2025-04-29,391.6,23.75,34.55,53.07,0.909,53.49
A0879,2025-04-30,391.6,30.6,42.74,63.57,0.909,64.05
A0879,2025-05-01,391.6,21.76,30.18,44.63,0.909,44.96
A0879,2025-05-02,391.6,31.47,43.73,64.77,0.909,65.25
A0879,2025-05-03,391.6,29.56,40.44,59.13,0.909,59.55
A0879,2025-05-04,391.6,21.69,31.13,47.33,0.909,47.7
A0879,2025-05-05,391.6,25.17,34.54,50.61,0.909,50.98
A0879,2025-05-06,391.6,25.25,36.49,55.77,0.909,56.21
A0879,2025-05-07,391.6,25.92,37.18,56.52,0.909,56.96
A0879,2025-05-08,391.6,28.19,40.22,60.88,0.909,61.35
A0879,2025-05-09,391.6,31.87,45.25,68.22,0.909,68.74
A0879,2025-05-10,391.6,31.49,44.38,66.5,0.909,67.0
A0879,2025-05-11,391.6,20.39,29.85,46.09,0.909,46.45
A0879,2025-05-12,391.6,32.02,46.55,71.49,0.909,72.06
A0880,2025-04-29,3.0,22.24,34.54,50.52,0.556,36.76
A0880,2025-04-30,3.0,26.88,42.59,62.98,0.556,45.42
A0880,2025-05-01,3.0,20.97,31.57,45.32,0.556,33.48
A0880,2025-05-02,3.0,27.67,42.47,61.7,0.556,45.14
A0880,2025-05-03,3.0,28.84,44.52,64.88,0.556,47.34
A0880,2025-05-04,3.0,21.23,32.86,47.96,0.556,34.96
A0880,2025-05-05,3.0,21.94,33.12,47.63,0.556,35.13
A0880,2025-05-06,3.0,23.49,35.49,51.08,0.556,37.66
A0880,2025-05-07,3.0,24.07,36.2,51.96,0.556,38.39
A0880,2025-05-08,3.0,25.78,39.19,56.6,0.556,41.61
A0880,2025-05-09,3.0,28.45,43.32,62.63,0.556,46.0
A0880,2025-05-10,3.0,30.33,46.34,67.15,0.556,49.23
A0880,2025-05-11,3.0,18.19,27.57,39.75,0.556,29.26
A0880,2025-05-12,3.0,27.36,40.54,57.66,0.556,42.92
A0881,2025-04-29,346.5,30.77,45.0,63.88,0.909,64.31
A0881,2025-04-30,346.5,43.35,62.33,87.49,0.909,88.06
A0881,2025-05-01,346.5,28.43,40.96,57.59,0.909,57.96
A0881,2025-05-02,346.5,38.41,56.11,79.58,0.909,80.11
A0881,2025-05-03,346.5,41.41,59.46,83.39,0.909,83.93
A0881,2025-05-04,346.5,31.84,44.4,61.04,0.909,61.42
A0881,2025-05-05,346.5,30.67,43.66,60.87,0.909,61.27
A0881,2025-05-06,346.5,30.5,44.76,63.65,0.909,64.08
A0881,2025-05-07,346.5,33.3,49.7,71.43,0.909,71.93
A0881,2025-05-08,346.5,34.73,50.81,72.12,0.909,72.6
A0881,2025-05-09,346.5,38.42,56.89,81.38,0.909,81.94
A0881,2025-05-10,346.5,42.61,62.41,88.66,0.909,89.26
A0881,2025-05-11,346.5,25.88,37.24,52.29,0.909,52.64
A0881,2025-05-12,346.5,36.7,53.41,75.56,0.909,76.06
A0882,2025-04-29,5.0,122.99,188.77,267.84,0.556,199.75
A0882,2025-04-30,5.0,136.12,182.17,237.51,0.556,189.85
A0882,2025-05-01,5.0,117.84,178.42,251.25,0.556,188.54
A0882,2025-05-02,5.0,151.53,226.01,315.53,0.556,238.44
A0882,2025-05-03,5.0,154.13,234.12,330.26,0.556,247.47
A0882,2025-05-04,5.0,112.95,159.24,214.88,0.556,166.97
A0882,2025-05-05,5.0,123.0,188.99,268.32,0.556,200.01
A0882,2025-05-06,5.0,128.17,197.12,280.0,0.556,208.63
A0882,2025-05-07,5.0,120.87,170.94,231.12,0.556,179.3
A0882,2025-05-08,5.0,139.45,204.04,281.69,0.556,214.83
A0882,2025-05-09,5.0,153.66,228.27,317.95,0.556,240.73
A0882,2025-05-10,5.0,160.38,238.99,333.48,0.556,252.12
A0882,2025-05-11,5.0,103.55,154.68,216.12,0.556,163.21
A0882,2025-05-12,5.0,151.69,225.11,313.36,0.556,237.37
A0883,2025-04-29,6.7,82.99,109.46,147.86,0.556,114.8
A0883,2025-04-30,6.7,112.78,147.76,198.51,0.556,154.81
A0883,2025-05-01,6.7,78.67,103.29,139.0,0.556,108.25
A0883,2025-05-02,6.7,104.95,134.3,176.88,0.556,140.22
A0883,2025-05-03,6.7,108.69,139.32,183.74,0.556,145.49
A0883,2025-05-04,6.7,92.77,121.43,162.99,0.556,127.2
A0883,2025-05-05,6.7,79.05,101.55,134.18,0.556,106.08
A0883,2025-05-06,6.7,84.24,110.17,147.79,0.556,115.4
A0883,2025-05-07,6.7,86.64,113.45,152.34,0.556,118.85
A0883,2025-05-08,6.7,97.68,129.45,175.54,0.556,135.85
A0883,2025-05-09,6.7,104.14,133.83,176.91,0.556,139.82
A0883,2025-05-10,6.7,108.87,140.57,186.56,0.556,146.96
A0883,2025-05-11,6.7,71.09,94.17,127.66,0.556,98.83
A0883,2025-05-12,6.7,92.7,119.99,159.57,0.556,125.48
A0884,2025-04-29,160.4,10.37,17.81,27.48,0.909,27.7
A0884,2025-04-30,160.4,13.08,21.09,31.48,0.909,31.71
A0884,2025-05-01,160.4,29.45,55.13,88.49,0.909,89.25
A0884,2025-05-02,160.4,36.86,66.33,104.6,0.909,105.47
A0884,2025-05-03,160.4,37.35,66.58,104.54,0.909,105.4
A0884,2025-05-04,160.4,29.89,52.14,81.02,0.909,81.68
A0884,2025-05-05,160.4,27.92,53.31,86.28,0.909,87.03
A0884,2025-05-06,160.4,9.09,16.74,26.67,0.909,26.9
A0884,2025-05-07,160.4,9.58,16.0,24.34,0.909,24.53
A0884,2025-05-08,160.4,11.16,19.12,29.46,0.909,29.7
A0884,2025-05-09,160.4,12.48,21.27,32.69,0.909,32.95
A0884,2025-05-10,160.4,13.18,21.65,32.66,0.909,32.91
A0884,2025-05-11,160.4,8.38,14.04,21.4,0.909,21.57
A0884,2025-05-12,160.4,13.21,21.17,31.49,0.909,31.73
A0885,2025-04-29,6.9,49.73,73.48,107.75,0.556,78.24
A0885,2025-04-30,6.9,63.41,89.73,127.69,0.556,95.0
A0885,2025-05-01,6.9,45.3,71.77,109.97,0.556,77.08
A0885,2025-05-02,6.9,60.1,88.32,129.03,0.556,93.97
A0885,2025-05-03,6.9,66.3,95.21,136.92,0.556,101.01
A0885,2025-05-04,6.9,48.72,71.96,105.49,0.556,76.61
A0885,2025-05-05,6.9,49.74,73.94,108.86,0.556,78.79
A0885,2025-05-06,6.9,52.72,77.49,113.21,0.556,82.45
A0885,2025-05-07,6.9,54.65,77.69,110.93,0.556,82.31
A0885,2025-05-08,6.9,59.57,88.69,130.7,0.556,94.53
A0885,2025-05-09,6.9,63.2,91.64,132.66,0.556,97.34
A0885,2025-05-10,6.9,70.05,98.85,140.4,0.556,104.62
A0885,2025-05-11,6.9,41.84,63.29,94.25,0.556,67.59
A0885,2025-05-12,6.9,62.91,90.51,130.33,0.556,96.04
A0886,2025-04-29,34.7,31.79,42.85,57.24,0.909,57.57
A0886,2025-04-30,34.7,40.63,54.98,73.67,0.909,74.09
A0886,2025-05-01,34.7,29.97,38.38,49.34,0.909,49.59
A0886,2025-05-02,34.7,39.93,52.2,68.18,0.909,68.55
A0886,2025-05-03,34.7,38.85,50.35,65.33,0.909,65.67
A0886,2025-05-04,34.7,28.9,39.88,54.18,0.909,54.5
A0886,2025-05-05,34.7,34.65,44.78,57.98,0.909,58.28
A0886,2025-05-06,34.7,34.7,46.37,61.57,0.909,61.92
A0886,2025-05-07,34.7,34.87,46.8,62.34,0.909,62.7
A0886,2025-05-08,34.7,38.55,50.83,66.82,0.909,67.18
A0886,2025-05-09,34.7,41.65,55.44,73.41,0.909,73.82
A0886,2025-05-10,34.7,42.13,56.01,74.1,0.909,74.51
A0886,2025-05-11,34.7,27.77,37.72,50.69,0.909,50.98
A0886,2025-05-12,34.7,42.35,59.03,80.76,0.909,81.26
A0887,2025-04-29,322.7,25.2,38.67,59.72,0.909,60.2
A0887,2025-04-30,322.7,28.75,43.57,66.72,0.909,67.24
A0887,2025-05-01,322.7,22.51,34.57,53.4,0.909,53.83
A0887,2025-05-02,322.7,30.4,47.32,73.75,0.909,74.36
A0887,2025-05-03,322.7,30.32,45.65,69.58,0.909,70.13
A0887,2025-05-04,322.7,6.68,11.04,17.86,0.909,18.01
A0887,2025-05-05,322.7,7.25,11.71,18.69,0.909,18.85
A0887,2025-05-06,322.7,8.14,13.18,21.06,0.909,21.24
A0887,2025-05-07,322.7,8.15,12.99,20.54,0.909,20.71
A0887,2025-05-08,322.7,9.27,14.65,23.06,0.909,23.25
A0887,2025-05-09,322.7,10.6,16.71,26.25,0.909,26.47
A0887,2025-05-10,322.7,10.41,15.8,24.22,0.909,24.41
A0887,2025-05-11,322.7,7.23,11.26,17.55,0.909,17.69
A0887,2025-05-12,322.7,10.51,15.86,24.21,0.909,24.4
A0888,2025-04-29,5.5,46.58,65.0,88.72,0.556,68.29
A0888,2025-04-30,5.5,57.04,78.43,105.98,0.556,82.26
A0888,2025-05-01,5.5,44.45,61.3,83.0,0.556,64.31
A0888,2025-05-02,5.5,59.79,80.86,108.0,0.556,84.63
A0888,2025-05-03,5.5,62.86,84.59,112.58,0.556,88.48
A0888,2025-05-04,5.5,47.04,64.21,86.33,0.556,67.28
A0888,2025-05-05,5.5,47.17,64.44,86.68,0.556,67.53
A0888,2025-05-06,5.5,48.89,67.22,90.84,0.556,70.5
A0888,2025-05-07,5.5,49.7,67.72,90.93,0.556,70.95
A0888,2025-05-08,5.5,56.53,77.7,104.96,0.556,81.49
A0888,2025-05-09,5.5,60.33,81.77,109.37,0.556,85.6
A0888,2025-05-10,5.5,64.35,86.91,115.96,0.556,90.94
A0888,2025-05-11,5.5,40.05,55.0,74.26,0.556,57.68
A0888,2025-05-12,5.5,55.01,76.16,103.39,0.556,79.94
A0889,2025-04-29,395.8,21.29,31.73,46.53,0.909,46.87
A0889,2025-04-30,395.8,27.11,40.94,60.56,0.909,61.01
A0889,2025-05-01,395.8,19.86,28.66,41.14,0.909,41.42
A0889,2025-05-02,395.8,27.11,40.32,59.07,0.909,59.5
A0889,2025-05-03,395.8,27.66,42.03,62.41,0.909,62.88
A0889,2025-05-04,395.8,23.89,35.57,52.13,0.909,52.51
A0889,2025-05-05,395.8,18.67,27.0,38.82,0.909,39.09
A0889,2025-05-06,395.8,20.69,31.12,45.92,0.909,46.25
A0889,2025-05-07,395.8,21.36,31.64,46.22,0.909,46.55
A0889,2025-05-08,395.8,22.78,32.94,47.37,0.909,47.7
A0889,2025-05-09,395.8,25.47,37.77,55.22,0.909,55.61
A0889,2025-05-10,395.8,26.27,39.03,57.12,0.909,57.53
A0889,2025-05-11,395.8,17.71,26.33,38.57,0.909,38.85
A0889,2025-05-12,395.8,21.58,30.83,43.95,0.909,44.25
A0890,2025-04-29,199.0,10.46,17.24,29.58,0.909,29.86
A0890,2025-04-30,199.0,12.44,21.56,38.15,0.909,38.53
A0890,2025-05-01,199.0,10.15,15.63,25.6,0.909,25.83
A0890,2025-05-02,199.0,13.29,21.61,36.73,0.909,37.08
A0890,2025-05-03,199.0,13.75,23.51,41.26,0.909,41.66
A0890,2025-05-04,199.0,9.65,16.05,27.68,0.909,27.95
A0890,2025-05-05,199.0,10.47,15.77,25.41,0.909,25.63
A0890,2025-05-06,199.0,10.87,17.64,29.95,0.909,30.23
A0890,2025-05-07,199.0,11.3,18.49,31.57,0.909,31.87
A0890,2025-05-08,199.0,12.37,20.18,34.38,0.909,34.7
A0890,2025-05-09,199.0,12.98,21.28,36.35,0.909,36.69
A0890,2025-05-10,199.0,13.43,23.13,40.76,0.909,41.16
A0890,2025-05-11,199.0,8.27,13.53,23.08,0.909,23.3
A0890,2025-05-12,199.0,11.97,19.0,31.78,0.909,32.07
A0891,2025-04-29,299.1,9.94,15.82,24.75,0.909,24.95
A0891,2025-04-30,299.1,11.95,21.04,34.83,0.909,35.14
A0891,2025-05-01,299.1,9.76,15.92,25.28,0.909,25.49
A0891,2025-05-02,299.1,12.41,20.4,32.54,0.909,32.82
A0891,2025-05-03,299.1,13.0,21.06,33.29,0.909,33.57
A0891,2025-05-04,299.1,9.85,17.29,28.6,0.909,28.86
A0891,2025-05-05,299.1,9.94,15.66,24.34,0.909,24.53
A0891,2025-05-06,299.1,10.55,16.54,25.64,0.909,25.85
A0891,2025-05-07,299.1,10.62,16.93,26.49,0.909,26.71
A0891,2025-05-08,299.1,11.99,19.12,29.93,0.909,30.18
A0891,2025-05-09,299.1,12.62,20.5,32.45,0.909,32.72
A0891,2025-05-10,299.1,12.96,20.7,32.44,0.909,32.71
A0891,2025-05-11,299.1,8.48,14.01,22.4,0.909,22.59
A0891,2025-05-12,299.1,11.65,18.13,27.97,0.909,28.2
A0892,2025-04-29,412.6,46.85,69.6,101.99,0.909,102.73
A0892,2025-04-30,412.6,25.55,37.06,53.47,0.909,53.84
A0892,2025-05-01,412.6,19.3,28.48,41.56,0.909,41.86
A0892,2025-05-02,412.6,26.34,39.56,58.4,0.909,58.83
A0892,2025-05-03,412.6,27.02,42.07,63.51,0.909,63.99
A0892,2025-05-04,412.6,21.7,31.71,45.97,0.909,46.29
A0892,2025-05-05,412.6,19.7,27.61,38.87,0.909,39.12
A0892,2025-05-06,412.6,24.39,35.17,50.53,0.909,50.88
A0892,2025-05-07,412.6,25.33,35.73,50.53,0.909,50.87
A0892,2025-05-08,412.6,24.89,35.89,51.55,0.909,51.9
A0892,2025-05-09,412.6,27.41,39.39,56.45,0.909,56.84
A0892,2025-05-10,412.6,28.44,41.42,59.89,0.909,60.31
A0892,2025-05-11,412.6,19.52,28.01,40.1,0.909,40.37
A0892,2025-05-12,412.6,23.27,31.19,42.46,0.909,42.72
A0893,2025-04-29,411.2,20.67,31.1,47.19,0.909,47.56
A0893,2025-04-30,411.2,26.73,40.08,60.69,0.909,61.16
A0893,2025-05-01,411.2,19.3,28.86,43.62,0.909,43.95
A0893,2025-05-02,411.2,25.71,37.64,56.06,0.909,56.48
A0893,2025-05-03,411.2,26.93,39.33,58.46,0.909,58.9
A0893,2025-05-04,411.2,20.86,31.17,47.07,0.909,47.44
A0893,2025-05-05,411.2,19.97,29.45,44.09,0.909,44.42
A0893,2025-05-06,411.2,20.52,31.08,47.39,0.909,47.76
A0893,2025-05-07,411.2,21.08,31.36,47.24,0.909,47.6
A0893,2025-05-08,411.2,22.8,34.48,52.5,0.909,52.91
A0893,2025-05-09,411.2,25.1,36.96,55.26,0.909,55.68
A0893,2025-05-10,411.2,25.88,38.05,56.84,0.909,57.26
A0893,2025-05-11,411.2,16.76,25.1,37.98,0.909,38.28
A0893,2025-05-12,411.2,23.21,34.49,51.9,0.909,52.29
A0894,2025-04-29,383.0,7.87,12.81,20.37,0.909,20.54
A0894,2025-04-30,383.0,8.88,14.67,23.53,0.909,23.73
A0894,2025-05-01,383.0,6.91,11.74,19.14,0.909,19.31
A0894,2025-05-02,383.0,9.19,15.21,24.41,0.909,24.62
A0894,2025-05-03,383.0,9.86,16.38,26.35,0.909,26.58
A0894,2025-05-04,383.0,7.54,13.03,21.41,0.909,21.61
A0894,2025-05-05,383.0,5.92,9.65,15.35,0.909,15.48
A0894,2025-05-06,383.0,7.84,12.5,19.64,0.909,19.8
A0894,2025-05-07,383.0,7.22,11.57,18.24,0.909,18.39
A0894,2025-05-08,383.0,8.35,13.21,20.65,0.909,20.82
A0894,2025-05-09,383.0,8.79,13.94,21.82,0.909,22.0
A0894,2025-05-10,383.0,9.2,14.51,22.62,0.909,22.8
A0894,2025-05-11,383.0,5.86,9.6,15.32,0.909,15.45
A0894,2025-05-12,383.0,6.15,9.5,14.62,0.909,14.74
A0895,2025-04-29,422.1,14.77,23.26,34.53,0.909,34.79
A0895,2025-04-30,422.1,19.19,28.28,40.34,0.909,40.61
A0895,2025-05-01,422.1,12.73,20.8,31.5,0.909,31.74
A0895,2025-05-02,422.1,17.21,26.65,39.18,0.909,39.46
A0895,2025-05-03,422.1,18.2,28.82,42.89,0.909,43.21
A0895,2025-05-04,422.1,13.9,21.59,31.79,0.909,32.02
A0895,2025-05-05,422.1,12.46,18.92,27.49,0.909,27.69
A0895,2025-05-06,422.1,13.69,21.52,31.91,0.909,32.15
A0895,2025-05-07,422.1,14.16,22.04,32.49,0.909,32.73
A0895,2025-05-08,422.1,14.21,22.54,33.58,0.909,33.83
A0895,2025-05-09,422.1,15.91,24.59,36.1,0.909,36.36
A0895,2025-05-10,422.1,17.29,26.66,39.08,0.909,39.36
A0895,2025-05-11,422.1,10.78,17.05,25.36,0.909,25.55
A0895,2025-05-12,422.1,14.2,19.82,27.28,0.909,27.45
A0896,2025-04-29,35.7,15.52,22.83,36.23,0.909,36.53
A0896,2025-04-30,35.7,21.34,29.58,44.7,0.909,45.05
A0896,2025-05-01,35.7,12.79,20.68,35.17,0.909,35.5
A0896,2025-05-02,35.7,19.78,28.18,43.6,0.909,43.95
A0896,2025-05-03,35.7,19.33,27.72,43.11,0.909,43.45
A0896,2025-05-04,35.7,15.07,20.63,30.85,0.909,31.08
A0896,2025-05-05,35.7,15.93,23.99,38.79,0.909,39.12
A0896,2025-05-06,35.7,16.16,25.06,41.39,0.909,41.76
A0896,2025-05-07,35.7,17.04,23.96,36.65,0.909,36.93
A0896,2025-05-08,35.7,18.25,27.21,43.63,0.909,44.0
A0896,2025-05-09,35.7,20.65,29.48,45.7,0.909,46.07
A0896,2025-05-10,35.7,21.06,29.71,45.59,0.909,45.95
A0896,2025-05-11,35.7,14.09,19.73,30.07,0.909,30.3
A0896,2025-05-12,35.7,19.64,31.72,53.86,0.909,54.37
A0897,2025-04-29,321.9,11.87,19.54,29.75,0.909,29.98
A0897,2025-04-30,321.9,14.2,22.53,33.63,0.909,33.88
A0897,2025-05-01,321.9,10.6,17.19,25.95,0.909,26.15
A0897,2025-05-02,321.9,14.41,23.25,35.03,0.909,35.3
A0897,2025-05-03,321.9,52.76,79.34,114.74,0.909,115.55
A0897,2025-05-04,321.9,47.55,69.75,99.31,0.909,99.98
A0897,2025-05-05,321.9,38.79,62.82,94.82,0.909,95.55
A0897,2025-05-06,321.9,43.49,68.3,101.33,0.909,102.08
A0897,2025-05-07,321.9,10.46,18.11,28.3,0.909,28.53
A0897,2025-05-08,321.9,11.59,19.8,30.74,0.909,30.99
A0897,2025-05-09,321.9,12.87,21.87,33.86,0.909,34.13
A0897,2025-05-10,321.9,14.0,22.33,33.43,0.909,33.68
A0897,2025-05-11,321.9,8.8,14.81,22.82,0.909,23.0
A0897,2025-05-12,321.9,11.26,19.49,30.46,0.909,30.71
A0898,2025-04-29,7.1,49.79,68.34,96.22,0.556,72.21
A0898,2025-04-30,7.1,57.29,75.63,103.17,0.556,79.45
A0898,2025-05-01,7.1,47.73,65.36,91.85,0.556,69.04
A0898,2025-05-02,7.1,59.54,81.67,114.91,0.556,86.29
A0898,2025-05-03,7.1,63.49,87.43,123.4,0.556,92.42
A0898,2025-05-04,7.1,47.79,63.88,88.06,0.556,67.24
A0898,2025-05-05,7.1,47.6,64.41,89.67,0.556,67.92
A0898,2025-05-06,7.1,50.64,69.65,98.21,0.556,73.62
A0898,2025-05-07,7.1,50.0,67.01,92.56,0.556,70.55
A0898,2025-05-08,7.1,59.97,82.41,116.12,0.556,87.09
A0898,2025-05-09,7.1,61.63,83.95,117.48,0.556,88.6
A0898,2025-05-10,7.1,67.08,91.18,127.39,0.556,96.21
A0898,2025-05-11,7.1,43.24,58.66,81.84,0.556,61.88
A0898,2025-05-12,7.1,61.52,82.77,114.68,0.556,87.2
A0899,2025-04-29,417.8,42.45,61.49,91.94,0.909,92.63
A0899,2025-04-30,417.8,51.18,71.57,104.22,0.909,104.96
A0899,2025-05-01,417.8,38.84,53.43,76.77,0.909,77.3
A0899,2025-05-02,417.8,51.96,72.04,104.18,0.909,104.91
A0899,2025-05-03,417.8,54.59,76.76,112.24,0.909,113.05
A0899,2025-05-04,417.8,43.42,59.89,86.25,0.909,86.85
A0899,2025-05-05,417.8,36.21,49.06,69.61,0.909,70.08
A0899,2025-05-06,417.8,42.96,60.89,89.59,0.909,90.24
A0899,2025-05-07,417.8,45.45,64.86,95.91,0.909,96.61
A0899,2025-05-08,417.8,46.62,64.95,94.28,0.909,94.95
A0899,2025-05-09,417.8,50.66,70.12,101.25,0.909,101.96
A0899,2025-05-10,417.8,53.6,75.31,110.05,0.909,110.84
A0899,2025-05-11,417.8,34.44,49.18,72.76,0.909,73.29
A0899,2025-05-12,417.8,41.78,56.99,81.34,0.909,81.89
A0900,2025-04-29,377.8,16.39,27.92,47.32,0.909,47.76
A0900,2025-04-30,377.8,21.18,34.13,55.91,0.909,56.4
A0900,2025-05-01,377.8,14.55,23.48,38.49,0.909,38.83
A0900,2025-05-02,377.8,21.13,33.44,54.17,0.909,54.64
A0900,2025-05-03,377.8,19.65,30.33,48.31,0.909,48.72
A0900,2025-05-04,377.8,14.61,23.77,39.2,0.909,39.55
A0900,2025-05-05,377.8,17.87,28.34,45.97,0.909,46.37
A0900,2025-05-06,377.8,17.82,30.41,51.61,0.909,52.09
A0900,2025-05-07,377.8,18.24,29.92,49.57,0.909,50.01
A0900,2025-05-08,377.8,19.55,31.73,52.24,0.909,52.71
A0900,2025-05-09,377.8,22.06,35.56,58.28,0.909,58.79
A0900,2025-05-10,377.8,21.9,34.56,55.86,0.909,56.35
A0900,2025-05-11,377.8,14.85,24.22,39.99,0.909,40.35
A0900,2025-05-12,377.8,23.49,40.3,68.58,0.909,69.23
A0901,2025-04-29,4.2,6.09,21.18,47.26,0.556,24.81
A0901,2025-04-30,4.2,9.25,27.53,59.2,0.556,31.93
A0901,2025-05-01,4.2,6.54,21.92,48.14,0.556,25.56
A0901,2025-05-02,4.2,9.44,28.0,60.16,0.556,32.46
A0901,2025-05-03,4.2,10.14,29.79,64.11,0.556,34.56
A0901,2025-05-04,4.2,6.96,23.26,51.02,0.556,27.12
A0901,2025-05-05,4.2,7.36,23.67,51.58,0.556,27.55
A0901,2025-05-06,4.2,7.59,24.45,53.2,0.556,28.44
A0901,2025-05-07,4.2,8.14,25.63,55.33,0.556,29.76
A0901,2025-05-08,4.2,9.23,27.87,59.42,0.556,32.25
A0901,2025-05-09,4.2,10.13,29.73,63.29,0.556,34.39
A0901,2025-05-10,4.2,11.11,31.88,67.92,0.556,36.88
A0901,2025-05-11,4.2,5.78,20.79,46.13,0.556,24.31
A0901,2025-05-12,4.2,9.69,28.39,60.44,0.556,32.84
A0902,2025-04-29,213.2,12.59,20.67,33.46,0.909,33.75
A0902,2025-04-30,213.2,15.42,26.95,45.2,0.909,45.62
A0902,2025-05-01,213.2,13.31,21.05,33.3,0.909,33.58
A0902,2025-05-02,213.2,16.14,26.11,41.89,0.909,42.25
A0902,2025-05-03,213.2,16.36,26.03,41.34,0.909,41.69
A0902,2025-05-04,213.2,13.14,22.04,36.14,0.909,36.46
A0902,2025-05-05,213.2,25.87,39.06,59.93,0.909,60.4
A0902,2025-05-06,213.2,24.62,38.72,61.03,0.909,61.53
A0902,2025-05-07,213.2,24.39,40.31,65.5,0.909,66.07
A0902,2025-05-08,213.2,30.77,55.38,94.34,0.909,95.22
A0902,2025-05-09,213.2,32.61,59.56,102.21,0.909,103.18
A0902,2025-05-10,213.2,32.73,60.09,103.41,0.909,104.39
A0902,2025-05-11,213.2,21.79,39.88,68.51,0.909,69.16
A0902,2025-05-12,213.2,31.61,53.75,88.8,0.909,89.6
A0903,2025-04-29,7.7,140.44,183.43,242.82,0.556,191.68
A0903,2025-04-30,7.7,182.01,232.15,301.41,0.556,241.77
A0903,2025-05-01,7.7,124.56,159.02,206.64,0.556,165.64
A0903,2025-05-02,7.7,167.99,220.97,294.16,0.556,231.14
A0903,2025-05-03,7.7,180.75,232.69,304.45,0.556,242.66
A0903,2025-05-04,7.7,142.93,182.35,236.8,0.556,189.91
A0903,2025-05-05,7.7,132.14,168.69,219.17,0.556,175.7
A0903,2025-05-06,7.7,143.73,185.87,244.08,0.556,193.95
A0903,2025-05-07,7.7,150.28,199.03,266.38,0.556,208.38
A0903,2025-05-08,7.7,160.41,209.65,277.66,0.556,219.09
A0903,2025-05-09,7.7,170.67,224.06,297.82,0.556,234.3
A0903,2025-05-10,7.7,185.5,238.79,312.41,0.556,249.01
A0903,2025-05-11,7.7,120.38,158.48,211.1,0.556,165.79
A0903,2025-05-12,7.7,159.72,208.23,275.24,0.556,217.54
A0904,2025-04-29,4.7,53.81,90.0,145.36,0.556,97.69
A0904,2025-04-30,4.7,62.65,101.03,159.74,0.556,109.19
A0904,2025-05-01,4.7,55.18,94.52,154.69,0.556,102.88
A0904,2025-05-02,4.7,12.1,21.58,36.08,0.556,23.6
A0904,2025-05-03,4.7,14.52,24.71,40.3,0.556,26.88
A0904,2025-05-04,4.7,9.36,15.57,25.05,0.556,16.88
A0904,2025-05-05,4.7,11.76,19.92,32.39,0.556,21.65
A0904,2025-05-06,4.7,11.78,19.61,31.58,0.556,21.27
A0904,2025-05-07,4.7,12.9,20.65,32.49,0.556,22.29
A0904,2025-05-08,4.7,14.98,24.15,38.17,0.556,26.09
A0904,2025-05-09,4.7,15.04,24.46,38.87,0.556,26.46
A0904,2025-05-10,4.7,17.84,27.72,42.84,0.556,29.82
A0904,2025-05-11,4.7,10.44,16.63,26.08,0.556,17.94
A0904,2025-05-12,4.7,50.9,81.07,127.21,0.556,87.48
A0905,2025-04-29,27.9,8.61,25.37,54.44,0.909,55.1
A0905,2025-04-30,27.9,12.08,32.28,67.34,0.909,68.14
A0905,2025-05-01,27.9,7.75,23.1,50.16,0.909,50.78
A0905,2025-05-02,27.9,12.26,32.57,68.89,0.909,69.71
A0905,2025-05-03,27.9,11.16,30.69,65.73,0.909,66.53
A0905,2025-05-04,27.9,7.33,23.03,50.51,0.909,51.14
A0905,2025-05-05,27.9,10.26,28.53,60.6,0.909,61.33
A0905,2025-05-06,27.9,9.9,28.27,60.16,0.909,60.88
A0905,2025-05-07,27.9,10.19,28.78,60.93,0.909,61.66
A0905,2025-05-08,27.9,11.64,31.73,66.55,0.909,67.34
A0905,2025-05-09,27.9,13.05,34.83,72.86,0.909,73.73
A0905,2025-05-10,27.9,12.86,34.48,72.69,0.909,73.56
A0905,2025-05-11,27.9,7.58,23.57,51.2,0.909,51.83
A0905,2025-05-12,27.9,14.51,37.22,76.89,0.909,77.79
A0906,2025-04-29,212.5,12.21,19.46,28.53,0.909,28.74
A0906,2025-04-30,212.5,15.94,25.64,37.76,0.909,38.04
A0906,2025-05-01,212.5,11.09,17.92,26.45,0.909,26.65
A0906,2025-05-02,212.5,14.84,23.5,34.33,0.909,34.57
A0906,2025-05-03,212.5,15.58,24.43,35.48,0.909,35.73
A0906,2025-05-04,212.5,11.73,19.43,29.05,0.909,29.27
A0906,2025-05-05,212.5,11.42,18.43,27.19,0.909,27.39
A0906,2025-05-06,212.5,12.47,20.07,29.58,0.909,29.79
A0906,2025-05-07,212.5,13.01,20.52,29.9,0.909,30.11
A0906,2025-05-08,212.5,13.67,22.24,32.95,0.909,33.19
A0906,2025-05-09,212.5,15.01,23.64,34.41,0.909,34.65
A0906,2025-05-10,212.5,15.82,24.39,35.1,0.909,35.34
A0906,2025-05-11,212.5,9.76,15.95,23.7,0.909,23.87
A0906,2025-05-12,212.5,14.79,24.05,35.61,0.909,35.88
A0907,2025-04-29,325.7,43.19,62.75,87.92,0.909,88.49
A0907,2025-04-30,325.7,53.4,75.37,103.65,0.909,104.29
A0907,2025-05-01,325.7,37.23,53.05,73.42,0.909,73.88
A0907,2025-05-02,325.7,52.46,77.09,108.81,0.909,109.53
A0907,2025-05-03,325.7,52.42,74.53,102.99,0.909,103.64
A0907,2025-05-04,325.7,40.09,57.24,79.32,0.909,79.83
A0907,2025-05-05,325.7,39.71,56.87,78.95,0.909,79.45
A0907,2025-05-06,325.7,42.73,62.18,87.21,0.909,87.78
A0907,2025-05-07,325.7,43.25,62.85,88.07,0.909,88.64
A0907,2025-05-08,325.7,47.47,69.17,97.11,0.909,97.74
A0907,2025-05-09,325.7,52.6,77.25,108.97,0.909,109.69
A0907,2025-05-10,325.7,53.89,76.06,104.61,0.909,105.26
A0907,2025-05-11,325.7,34.46,50.03,70.09,0.909,70.54
A0907,2025-05-12,325.7,49.4,71.45,99.84,0.909,100.49
A0908,2025-04-29,3.4,67.69,98.75,136.96,0.556,104.06
A0908,2025-04-30,3.4,90.48,129.46,177.39,0.556,136.11
A0908,2025-05-01,3.4,62.6,89.31,122.15,0.556,93.87
A0908,2025-05-02,3.4,88.61,125.84,171.63,0.556,132.2
A0908,2025-05-03,3.4,95.47,137.36,188.89,0.556,144.52
A0908,2025-05-04,3.4,70.17,99.28,135.08,0.556,104.25
A0908,2025-05-05,3.4,64.41,90.77,123.19,0.556,95.27
A0908,2025-05-06,3.4,69.06,100.43,139.01,0.556,105.79
A0908,2025-05-07,3.4,72.04,100.91,136.43,0.556,105.85
A0908,2025-05-08,3.4,76.24,107.56,146.08,0.556,112.91
A0908,2025-05-09,3.4,87.08,123.57,168.46,0.556,129.81
A0908,2025-05-10,3.4,94.09,134.13,183.37,0.556,140.97
A0908,2025-05-11,3.4,54.24,76.89,104.73,0.556,80.75
A0908,2025-05-12,3.4,73.65,103.44,140.08,0.556,108.53
A0909,2025-04-29,2.9,125.97,156.5,196.84,0.556,162.1
A0909,2025-04-30,2.9,160.19,186.95,222.33,0.556,191.87
A0909,2025-05-01,2.9,116.91,144.6,181.21,0.556,149.68
A0909,2025-05-02,2.9,161.58,194.22,237.36,0.556,200.21
A0909,2025-05-03,2.9,169.96,207.49,257.11,0.556,214.38
A0909,2025-05-04,2.9,130.31,152.54,181.92,0.556,156.62
A0909,2025-05-05,2.9,125.19,151.64,186.61,0.556,156.5
A0909,2025-05-06,2.9,133.34,163.83,204.12,0.556,169.43
A0909,2025-05-07,2.9,137.7,161.36,192.63,0.556,165.7
A0909,2025-05-08,2.9,147.95,175.99,213.05,0.556,181.14
A0909,2025-05-09,2.9,162.79,192.59,231.97,0.556,198.06
A0909,2025-05-10,2.9,171.24,202.83,244.58,0.556,208.63
A0909,2025-05-11,2.9,106.24,125.55,151.07,0.556,129.09
A0909,2025-05-12,2.9,143.13,167.51,199.74,0.556,171.99
A0910,2025-04-29,32.4,6.56,21.04,46.13,0.909,46.7
A0910,2025-04-30,32.4,9.38,26.88,56.88,0.909,57.56
A0910,2025-05-01,32.4,6.38,20.25,44.45,0.909,45.0
A0910,2025-05-02,32.4,10.25,28.44,60.76,0.909,61.49
A0910,2025-05-03,32.4,15.46,39.48,82.35,0.909,83.33
A0910,2025-05-04,32.4,12.53,34.0,71.37,0.909,72.22
A0910,2025-05-05,32.4,12.49,33.28,69.53,0.909,70.35
A0910,2025-05-06,32.4,12.78,34.36,71.61,0.909,72.45
A0910,2025-05-07,32.4,12.84,34.55,71.68,0.909,72.53
A0910,2025-05-08,32.4,14.62,38.15,78.4,0.909,79.32
A0910,2025-05-09,32.4,8.67,25.96,55.99,0.909,56.67
A0910,2025-05-10,32.4,8.65,26.0,56.38,0.909,57.07
A0910,2025-05-11,32.4,4.81,17.76,40.01,0.909,40.51
A0910,2025-05-12,32.4,10.5,29.22,61.71,0.909,62.45
A0911,2025-04-29,412.0,11.57,20.29,32.17,0.909,32.45
A0911,2025-04-30,412.0,13.85,26.81,44.49,0.909,44.89
A0911,2025-05-01,412.0,11.68,18.68,28.22,0.909,28.44
A0911,2025-05-02,412.0,13.97,24.93,39.87,0.909,40.21
A0911,2025-05-03,412.0,14.48,24.35,37.83,0.909,38.13
A0911,2025-05-04,412.0,11.07,21.98,36.87,0.909,37.21
A0911,2025-05-05,412.0,12.4,19.62,29.48,0.909,29.7
A0911,2025-05-06,412.0,12.32,21.07,33.01,0.909,33.28
A0911,2025-05-07,412.0,12.46,20.2,30.76,0.909,31.0
A0911,2025-05-08,412.0,13.97,22.74,34.71,0.909,34.98
A0911,2025-05-09,412.0,14.44,25.33,40.2,0.909,40.53
A0911,2025-05-10,412.0,15.0,24.75,38.04,0.909,38.34
A0911,2025-05-11,412.0,10.1,17.18,26.84,0.909,27.06
A0911,2025-05-12,412.0,15.21,23.93,35.83,0.909,36.1
A0912,2025-04-29,4.2,18.74,29.39,44.7,0.556,31.52
A0912,2025-04-30,4.2,23.68,37.18,56.59,0.556,39.87
A0912,2025-05-01,4.2,16.43,26.73,41.53,0.556,28.78
A0912,2025-05-02,4.2,21.47,33.68,51.24,0.556,36.12
A0912,2025-05-03,4.2,23.41,37.0,56.55,0.556,39.72
A0912,2025-05-04,4.2,22.25,33.48,49.64,0.556,35.73
A0912,2025-05-05,4.2,20.55,31.81,48.01,0.556,34.06
A0912,2025-05-06,4.2,21.42,32.65,48.8,0.556,34.89
A0912,2025-05-07,4.2,21.91,33.68,50.61,0.556,36.03
A0912,2025-05-08,4.2,22.92,35.26,53.01,0.556,37.73
A0912,2025-05-09,4.2,24.93,38.17,57.22,0.556,40.82
A0912,2025-05-10,4.2,27.18,42.14,63.66,0.556,45.13
A0912,2025-05-11,4.2,13.31,21.81,34.05,0.556,23.51
A0912,2025-05-12,4.2,18.63,29.76,45.76,0.556,31.98
A0913,2025-04-29,4.5,21.18,33.17,48.3,0.556,35.27
A0913,2025-04-30,4.5,25.35,41.52,61.96,0.556,44.36
A0913,2025-05-01,4.5,18.6,31.16,47.04,0.556,33.37
A0913,2025-05-02,4.5,25.99,40.34,58.47,0.556,42.86
A0913,2025-05-03,4.5,25.81,41.33,60.93,0.556,44.05
A0913,2025-05-04,4.5,19.6,30.96,45.32,0.556,32.96
A0913,2025-05-05,4.5,23.34,35.99,51.97,0.556,38.21
A0913,2025-05-06,4.5,24.9,36.9,52.05,0.556,39.0
A0913,2025-05-07,4.5,24.86,38.85,56.52,0.556,41.31
A0913,2025-05-08,4.5,24.98,38.5,55.59,0.556,40.88
A0913,2025-05-09,4.5,27.84,42.26,60.47,0.556,44.79
A0913,2025-05-10,4.5,27.3,42.79,62.37,0.556,45.51
A0913,2025-05-11,4.5,18.15,28.17,40.84,0.556,29.93
A0913,2025-05-12,4.5,17.99,30.67,46.7,0.556,32.9
A0914,2025-04-29,5.1,25.53,35.87,54.34,0.556,38.44
A0914,2025-04-30,5.1,31.84,42.43,61.36,0.556,45.06
A0914,2025-05-01,5.1,25.69,37.81,59.46,0.556,40.81
A0914,2025-05-02,5.1,32.71,45.64,68.75,0.556,48.85
A0914,2025-05-03,5.1,35.07,48.83,73.43,0.556,52.25
A0914,2025-05-04,5.1,25.92,34.88,50.89,0.556,37.11
A0914,2025-05-05,5.1,26.25,37.49,57.57,0.556,40.28
A0914,2025-05-06,5.1,27.94,38.85,58.34,0.556,41.56
A0914,2025-05-07,5.1,28.75,38.34,55.47,0.556,40.72
A0914,2025-05-08,5.1,32.16,44.2,65.71,0.556,47.19
A0914,2025-05-09,5.1,34.3,47.07,69.89,0.556,50.24
A0914,2025-05-10,5.1,36.7,49.79,73.17,0.556,53.03
A0914,2025-05-11,5.1,22.76,31.3,46.54,0.556,33.41
A0914,2025-05-12,5.1,31.33,42.97,63.78,0.556,45.86
A0915,2025-04-29,2.9,28.2,40.65,58.65,0.556,43.15
A0915,2025-04-30,2.9,36.61,50.22,69.9,0.556,52.96
A0915,2025-05-01,2.9,27.37,39.42,56.83,0.556,41.84
A0915,2025-05-02,2.9,36.93,52.63,75.32,0.556,55.78
A0915,2025-05-03,2.9,37.86,55.29,80.47,0.556,58.79
A0915,2025-05-04,2.9,28.17,38.3,52.95,0.556,40.34
A0915,2025-05-05,2.9,27.81,39.31,55.94,0.556,41.62
A0915,2025-05-06,2.9,28.81,41.64,60.2,0.556,44.22
A0915,2025-05-07,2.9,29.69,41.06,57.48,0.556,43.34
A0915,2025-05-08,2.9,31.71,45.34,65.05,0.556,48.08
A0915,2025-05-09,2.9,36.01,51.27,73.32,0.556,54.33
A0915,2025-05-10,2.9,37.89,54.14,77.64,0.556,57.41
A0915,2025-05-11,2.9,23.11,31.88,44.55,0.556,33.64
A0915,2025-05-12,2.9,32.86,45.74,64.37,0.556,48.33
A0916,2025-04-29,312.7,13.94,22.86,34.8,0.909,35.08
A0916,2025-04-30,312.7,18.36,30.17,46.0,0.909,46.36
A0916,2025-05-01,312.7,12.42,20.18,30.57,0.909,30.81
A0916,2025-05-02,312.7,17.88,29.44,44.93,0.909,45.29
A0916,2025-05-03,312.7,33.5,53.61,80.56,0.909,81.17
A0916,2025-05-04,312.7,27.78,43.72,65.1,0.909,65.59
A0916,2025-05-05,312.7,23.88,39.49,60.41,0.909,60.88
A0916,2025-05-06,312.7,11.79,20.72,32.7,0.909,32.98
A0916,2025-05-07,312.7,12.99,22.37,34.96,0.909,35.24
A0916,2025-05-08,312.7,13.97,23.74,36.82,0.909,37.12
A0916,2025-05-09,312.7,16.5,28.04,43.51,0.909,43.87
A0916,2025-05-10,312.7,17.31,29.07,44.83,0.909,45.19
A0916,2025-05-11,312.7,10.99,18.79,29.25,0.909,29.49
A0916,2025-05-12,312.7,14.36,25.38,40.17,0.909,40.5
A0917,2025-04-29,425.7,8.26,14.67,22.64,0.909,22.82
A0917,2025-04-30,425.7,8.84,15.41,23.56,0.909,23.75
A0917,2025-05-01,425.7,28.88,45.97,67.18,0.909,67.66
A0917,2025-05-02,425.7,40.02,62.09,89.47,0.909,90.09
A0917,2025-05-03,425.7,43.14,65.26,92.72,0.909,93.34
A0917,2025-05-04,425.7,6.13,11.29,17.7,0.909,17.84
A0917,2025-05-05,425.7,6.76,12.49,19.61,0.909,19.77
A0917,2025-05-06,425.7,7.72,14.14,22.11,0.909,22.29
A0917,2025-05-07,425.7,8.12,13.98,21.25,0.909,21.42
A0917,2025-05-08,425.7,9.25,15.85,24.04,0.909,24.23
A0917,2025-05-09,425.7,9.61,16.67,25.43,0.909,25.63
A0917,2025-05-10,425.7,10.07,17.05,25.7,0.909,25.9
A0917,2025-05-11,425.7,6.95,11.64,17.46,0.909,17.59
A0917,2025-05-12,425.7,23.86,38.67,57.04,0.909,57.46
A0918,2025-04-29,200.7,21.22,31.63,46.83,0.909,47.17
A0918,2025-04-30,200.7,36.42,54.06,79.82,0.909,80.4
A0918,2025-05-01,200.7,27.17,39.15,56.63,0.909,57.03
A0918,2025-05-02,200.7,35.91,53.77,79.85,0.909,80.44
A0918,2025-05-03,200.7,35.82,54.37,81.45,0.909,82.07
A0918,2025-05-04,200.7,28.11,41.36,60.71,0.909,61.15
A0918,2025-05-05,200.7,25.72,38.16,56.33,0.909,56.74
A0918,2025-05-06,200.7,19.48,29.89,45.09,0.909,45.43
A0918,2025-05-07,200.7,21.21,32.23,48.31,0.909,48.68
A0918,2025-05-08,200.7,23.82,35.84,53.38,0.909,53.78
A0918,2025-05-09,200.7,26.35,39.19,57.93,0.909,58.36
A0918,2025-05-10,200.7,27.62,40.95,60.41,0.909,60.85
A0918,2025-05-11,200.7,17.37,25.82,38.15,0.909,38.43
A0918,2025-05-12,200.7,24.44,36.3,53.62,0.909,54.01
A0919,2025-04-29,376.9,20.09,30.44,46.36,0.909,46.72
A0919,2025-04-30,376.9,24.96,36.59,54.5,0.909,54.91
A0919,2025-05-01,376.9,17.87,26.04,38.6,0.909,38.89
A0919,2025-05-02,376.9,24.25,35.04,51.64,0.909,52.02
A0919,2025-05-03,376.9,26.12,38.44,57.4,0.909,57.84
A0919,2025-05-04,376.9,18.85,27.74,41.42,0.909,41.74
A0919,2025-05-05,376.9,16.89,24.76,36.86,0.909,37.14
A0919,2025-05-06,376.9,19.86,30.16,46.0,0.909,46.36
A0919,2025-05-07,376.9,21.72,30.71,44.56,0.909,44.87
A0919,2025-05-08,376.9,24.21,33.61,48.08,0.909,48.4
A0919,2025-05-09,376.9,25.21,35.38,51.02,0.909,51.37
A0919,2025-05-10,376.9,28.16,39.1,55.94,0.909,56.32
A0919,2025-05-11,376.9,15.89,22.91,33.71,0.909,33.95
A0919,2025-05-12,376.9,17.9,26.2,38.96,0.909,39.25
A0920,2025-04-29,2.6,10.35,33.62,91.67,0.556,41.68
A0920,2025-04-30,2.6,29.24,79.13,227.15,0.556,99.68
A0920,2025-05-01,2.6,38.27,102.16,284.26,0.556,127.45
A0920,2025-05-02,2.6,7.68,28.17,71.17,0.556,34.14
A0920,2025-05-03,2.6,10.61,35.58,87.7,0.556,42.82
A0920,2025-05-04,2.6,6.67,26.48,65.88,0.556,31.95
A0920,2025-05-05,2.6,7.52,27.74,67.76,0.556,33.29
A0920,2025-05-06,2.6,69.16,174.6,414.31,0.556,207.89
A0920,2025-05-07,2.6,79.55,199.9,466.6,0.556,236.94
A0920,2025-05-08,2.6,97.57,238.68,549.09,0.556,281.8
A0920,2025-05-09,2.6,14.91,45.6,105.12,0.556,53.86
A0920,2025-05-10,2.6,19.17,55.67,127.07,0.556,65.59
A0920,2025-05-11,2.6,8.59,30.51,71.2,0.556,36.16
A0920,2025-05-12,2.6,17.2,50.12,112.98,0.556,58.85
A0921,2025-04-29,322.7,32.2,47.12,71.46,0.909,72.01
A0921,2025-04-30,322.7,42.39,62.02,94.05,0.909,94.78
A0921,2025-05-01,322.7,29.15,41.72,62.24,0.909,62.71
A0921,2025-05-02,322.7,45.06,64.44,96.06,0.909,96.78
A0921,2025-05-03,322.7,39.67,54.25,78.04,0.909,78.58
A0921,2025-05-04,322.7,30.68,44.7,67.58,0.909,68.1
A0921,2025-05-05,322.7,36.85,51.76,76.08,0.909,76.64
A0921,2025-05-06,322.7,37.01,53.95,81.59,0.909,82.21
A0921,2025-05-07,322.7,36.51,51.9,77.0,0.909,77.57
A0921,2025-05-08,322.7,39.96,57.47,86.03,0.909,86.67
A0921,2025-05-09,322.7,46.52,67.99,103.01,0.909,103.81
A0921,2025-05-10,322.7,43.7,60.88,88.89,0.909,89.53
A0921,2025-05-11,322.7,29.81,43.07,64.7,0.909,65.19
A0921,2025-05-12,322.7,49.76,75.4,117.21,0.909,118.16
A0922,2025-04-29,378.5,29.17,41.13,61.29,0.909,61.75
A0922,2025-04-30,378.5,36.93,52.29,78.18,0.909,78.77
A0922,2025-05-01,378.5,24.59,33.63,48.87,0.909,49.21
A0922,2025-05-02,378.5,33.54,46.82,69.2,0.909,69.7
A0922,2025-05-03,378.5,34.54,47.81,70.16,0.909,70.67
A0922,2025-05-04,378.5,27.21,39.16,59.29,0.909,59.75
A0922,2025-05-05,378.5,25.15,34.44,50.08,0.909,50.44
A0922,2025-05-06,378.5,28.47,39.9,59.17,0.909,59.61
A0922,2025-05-07,378.5,29.22,41.27,61.57,0.909,62.03
A0922,2025-05-08,378.5,30.58,42.58,62.8,0.909,63.26
A0922,2025-05-09,378.5,33.94,47.53,70.44,0.909,70.96
A0922,2025-05-10,378.5,35.41,49.62,73.54,0.909,74.09
A0922,2025-05-11,378.5,22.12,31.6,47.57,0.909,47.93
A0922,2025-05-12,378.5,31.14,42.67,62.1,0.909,62.54
A0923,2025-04-29,5.8,8.47,14.04,21.03,0.556,15.01
A0923,2025-04-30,5.8,11.68,18.06,26.08,0.556,19.18
A0923,2025-05-01,5.8,8.41,13.93,20.86,0.556,14.89
A0923,2025-05-02,5.8,10.81,17.29,25.45,0.556,18.43
A0923,2025-05-03,5.8,11.58,18.48,27.16,0.556,19.69
A0923,2025-05-04,5.8,8.73,13.44,19.36,0.556,14.26
A0923,2025-05-05,5.8,8.58,14.19,21.25,0.556,15.17
A0923,2025-05-06,5.8,8.17,13.55,20.3,0.556,14.48
A0923,2025-05-07,5.8,9.24,15.15,22.57,0.556,16.18
A0923,2025-05-08,5.8,10.2,16.64,24.72,0.556,17.76
A0923,2025-05-09,5.8,10.82,17.48,25.83,0.556,18.64
A0923,2025-05-10,5.8,11.85,19.2,28.43,0.556,20.48
A0923,2025-05-11,5.8,7.0,11.3,16.69,0.556,12.05
A0923,2025-05-12,5.8,10.27,16.62,24.61,0.556,17.73
A0924,2025-04-29,428.2,22.76,31.85,47.01,0.909,47.36
A0924,2025-04-30,428.2,30.14,40.79,58.55,0.909,58.95
A0924,2025-05-01,428.2,21.71,30.9,46.23,0.909,46.58
A0924,2025-05-02,428.2,30.65,42.2,61.47,0.909,61.91
A0924,2025-05-03,428.2,28.55,38.47,55.01,0.909,55.38
A0924,2025-05-04,428.2,22.05,29.99,43.25,0.909,43.55
A0924,2025-05-05,428.2,25.84,36.57,54.48,0.909,54.88
A0924,2025-05-06,428.2,25.54,35.57,52.3,0.909,52.68
A0924,2025-05-07,428.2,26.01,35.68,51.82,0.909,52.19
A0924,2025-05-08,428.2,28.38,38.97,56.62,0.909,57.02
A0924,2025-05-09,428.2,31.73,44.26,65.17,0.909,65.64
A0924,2025-05-10,428.2,30.8,41.87,60.32,0.909,60.74
A0924,2025-05-11,428.2,20.78,28.87,42.37,0.909,42.68
A0924,2025-05-12,428.2,33.38,48.14,72.75,0.909,73.31
A0925,2025-04-29,35.1,15.09,23.54,33.74,0.909,33.97
A0925,2025-04-30,35.1,17.03,25.96,36.74,0.909,36.99
A0925,2025-05-01,35.1,13.09,20.72,29.94,0.909,30.15
A0925,2025-05-02,35.1,17.93,26.51,36.87,0.909,37.11
A0925,2025-05-03,35.1,19.8,29.88,42.06,0.909,42.34
A0925,2025-05-04,35.1,11.62,18.43,26.67,0.909,26.85
A0925,2025-05-05,35.1,16.75,25.65,36.4,0.909,36.65
A0925,2025-05-06,35.1,17.8,26.67,37.37,0.909,37.62
A0925,2025-05-07,35.1,17.77,26.5,37.05,0.909,37.29
A0925,2025-05-08,35.1,103.34,187.08,288.26,0.909,290.56
A0925,2025-05-09,35.1,115.18,201.71,306.26,0.909,308.64
A0925,2025-05-10,35.1,132.06,237.91,365.82,0.909,368.73
A0925,2025-05-11,35.1,10.25,17.23,25.67,0.909,25.86
A0925,2025-05-12,35.1,56.48,93.88,139.07,0.909,140.09
A0926,2025-04-29,11.1,64.36,89.38,119.33,0.909,120.01
A0926,2025-04-30,11.1,82.59,111.59,146.3,0.909,147.09
A0926,2025-05-01,11.1,133.75,180.26,235.94,0.909,237.2
A0926,2025-05-02,11.1,188.41,260.79,347.44,0.909,349.41
A0926,2025-05-03,11.1,204.11,285.7,383.35,0.909,385.57
A0926,2025-05-04,11.1,153.29,210.91,279.87,0.909,281.43
A0926,2025-05-05,11.1,141.11,190.99,250.71,0.909,252.06
A0926,2025-05-06,11.1,56.17,81.12,110.97,0.909,111.65
A0926,2025-05-07,11.1,59.6,84.18,113.61,0.909,114.28
A0926,2025-05-08,11.1,65.26,91.32,122.51,0.909,123.22
A0926,2025-05-09,11.1,74.31,102.8,136.9,0.909,137.68
A0926,2025-05-10,11.1,83.21,115.28,153.66,0.909,154.53
A0926,2025-05-11,11.1,51.41,71.2,94.89,0.909,95.43
A0926,2025-05-12,11.1,69.93,96.06,127.33,0.909,128.04
A0927,2025-04-29,3.2,61.55,87.63,123.14,0.556,92.57
A0927,2025-04-30,3.2,79.04,113.56,160.56,0.556,120.09
A0927,2025-05-01,3.2,56.92,79.91,111.2,0.556,84.25
A0927,2025-05-02,3.2,79.98,114.32,161.05,0.556,120.81
A0927,2025-05-03,3.2,86.48,123.63,174.18,0.556,130.65
A0927,2025-05-04,3.2,63.45,90.26,126.74,0.556,95.32
A0927,2025-05-05,3.2,59.84,83.44,115.57,0.556,87.91
A0927,2025-05-06,3.2,63.81,89.87,125.35,0.556,94.8
A0927,2025-05-07,3.2,66.57,95.06,133.83,0.556,100.44
A0927,2025-05-08,3.2,71.42,102.11,143.88,0.556,107.91
A0927,2025-05-09,3.2,79.94,114.3,161.07,0.556,120.8
A0927,2025-05-10,3.2,85.8,123.0,173.64,0.556,130.04
A0927,2025-05-11,3.2,51.72,74.24,104.9,0.556,78.5
A0927,2025-05-12,3.2,67.42,98.04,139.72,0.556,103.83
A0928,2025-04-29,181.3,3.63,8.63,15.96,0.909,16.12
A0928,2025-04-30,181.3,4.65,11.96,22.67,0.909,22.91
A0928,2025-05-01,181.3,3.76,8.11,14.48,0.909,14.63
A0928,2025-05-02,181.3,5.05,11.19,20.18,0.909,20.38
A0928,2025-05-03,181.3,5.46,12.36,22.45,0.909,22.68
A0928,2025-05-04,181.3,5.62,10.02,16.45,0.909,16.6
A0928,2025-05-05,181.3,4.05,8.33,14.59,0.909,14.73
A0928,2025-05-06,181.3,2.99,8.05,15.46,0.909,15.63
A0928,2025-05-07,181.3,3.96,9.27,17.04,0.909,17.22
A0928,2025-05-08,181.3,4.19,10.21,19.04,0.909,19.24
A0928,2025-05-09,181.3,4.68,10.81,19.8,0.909,20.0
A0928,2025-05-10,181.3,5.36,12.2,22.23,0.909,22.46
A0928,2025-05-11,181.3,3.95,7.37,12.37,0.909,12.48
A0928,2025-05-12,181.3,3.77,9.39,17.63,0.909,17.82
A0929,2025-04-29,3.1,186.0,256.44,367.91,0.556,271.92
A0929,2025-04-30,3.1,254.86,357.19,519.14,0.556,379.68
A0929,2025-05-01,3.1,167.12,232.41,335.73,0.556,246.76
A0929,2025-05-02,3.1,236.86,324.53,463.26,0.556,343.79
A0929,2025-05-03,3.1,254.64,348.89,498.05,0.556,369.61
A0929,2025-05-04,3.1,264.04,370.25,538.35,0.556,393.6
A0929,2025-05-05,3.1,228.28,319.47,463.79,0.556,339.51
A0929,2025-05-06,3.1,232.8,322.26,463.83,0.556,341.92
A0929,2025-05-07,3.1,246.09,341.14,491.57,0.556,362.03
A0929,2025-05-08,3.1,259.65,360.3,519.58,0.556,382.42
A0929,2025-05-09,3.1,218.19,305.82,444.52,0.556,325.09
A0929,2025-05-10,3.1,239.91,334.57,484.37,0.556,355.37
A0929,2025-05-11,3.1,146.84,210.05,310.09,0.556,223.95
A0929,2025-05-12,3.1,193.41,275.21,404.67,0.556,293.19
A0930,2025-04-29,12.9,29.51,43.57,61.33,0.909,61.73
A0930,2025-04-30,12.9,38.8,58.28,82.89,0.909,83.45
A0930,2025-05-01,12.9,27.36,42.79,62.28,0.909,62.72
A0930,2025-05-02,12.9,37.63,55.39,77.81,0.909,78.32
A0930,2025-05-03,12.9,38.31,57.83,82.48,0.909,83.04
A0930,2025-05-04,12.9,28.83,44.52,64.34,0.909,64.79
A0930,2025-05-05,12.9,27.17,42.51,61.87,0.909,62.31
A0930,2025-05-06,12.9,30.86,45.24,63.41,0.909,63.82
A0930,2025-05-07,12.9,30.54,44.33,61.75,0.909,62.14
A0930,2025-05-08,12.9,33.38,48.54,67.67,0.909,68.11
A0930,2025-05-09,12.9,122.65,193.37,282.65,0.909,284.68
A0930,2025-05-10,12.9,136.45,212.26,307.97,0.909,310.15
A0930,2025-05-11,12.9,88.49,136.07,196.14,0.909,197.51
A0930,2025-05-12,12.9,118.44,180.08,257.91,0.909,259.68
A0931,2025-04-29,11.0,129.9,192.35,275.36,0.909,277.25
A0931,2025-04-30,11.0,164.13,246.81,356.72,0.909,359.22
A0931,2025-05-01,11.0,116.14,172.2,246.72,0.909,248.42
A0931,2025-05-02,11.0,162.36,237.06,336.35,0.909,338.61
A0931,2025-05-03,11.0,179.09,261.19,370.34,0.909,372.82
A0931,2025-05-04,11.0,128.53,188.87,269.08,0.909,270.9
A0931,2025-05-05,11.0,124.68,181.9,257.96,0.909,259.69
A0931,2025-05-06,11.0,138.74,201.67,285.32,0.909,287.22
A0931,2025-05-07,11.0,147.2,211.52,297.01,0.909,298.96
A0931,2025-05-08,11.0,152.85,221.85,313.56,0.909,315.65
A0931,2025-05-09,11.0,167.96,243.04,342.84,0.909,345.11
A0931,2025-05-10,11.0,186.29,268.82,378.53,0.909,381.02
A0931,2025-05-11,11.0,109.61,157.29,220.67,0.909,222.12
A0931,2025-05-12,11.0,154.99,225.67,319.64,0.909,321.77
A0932,2025-04-29,331.1,19.76,30.31,44.67,0.909,45.0
A0932,2025-04-30,331.1,24.58,36.27,52.2,0.909,52.57
A0932,2025-05-01,331.1,17.06,24.78,35.31,0.909,35.55
A0932,2025-05-02,331.1,24.02,35.66,51.52,0.909,51.88
A0932,2025-05-03,331.1,24.73,37.32,54.48,0.909,54.87
A0932,2025-05-04,331.1,19.22,28.21,40.46,0.909,40.74
A0932,2025-05-05,331.1,16.58,23.77,33.56,0.909,33.78
A0932,2025-05-06,331.1,18.29,28.11,41.49,0.909,41.8
A0932,2025-05-07,331.1,20.1,30.91,45.65,0.909,45.98
A0932,2025-05-08,331.1,19.85,30.24,44.4,0.909,44.72
A0932,2025-05-09,331.1,22.56,34.01,49.61,0.909,49.97
A0932,2025-05-10,331.1,23.89,36.51,53.71,0.909,54.1
A0932,2025-05-11,331.1,15.14,23.06,33.86,0.909,34.1
A0932,2025-05-12,331.1,18.77,27.37,39.09,0.909,39.36
A0933,2025-04-29,173.7,9.21,14.33,21.99,0.909,22.16
A0933,2025-04-30,173.7,11.91,19.82,31.68,0.909,31.95
A0933,2025-05-01,173.7,8.4,13.83,21.96,0.909,22.14
A0933,2025-05-02,173.7,11.44,17.83,27.39,0.909,27.61
A0933,2025-05-03,173.7,11.88,19.11,29.92,0.909,30.16
A0933,2025-05-04,173.7,8.93,14.55,22.98,0.909,23.17
A0933,2025-05-05,173.7,9.06,14.53,22.72,0.909,22.9
A0933,2025-05-06,173.7,9.37,14.53,22.25,0.909,22.42
A0933,2025-05-07,173.7,9.73,15.36,23.8,0.909,23.99
A0933,2025-05-08,173.7,10.77,17.3,27.08,0.909,27.3
A0933,2025-05-09,173.7,11.4,17.79,27.36,0.909,27.58
A0933,2025-05-10,173.7,11.85,19.05,29.83,0.909,30.08
A0933,2025-05-11,173.7,7.39,11.65,18.03,0.909,18.18
A0933,2025-05-12,173.7,10.28,16.72,26.34,0.909,26.56
A0934,2025-04-29,160.8,13.21,20.89,32.87,0.909,33.14
A0934,2025-04-30,160.8,16.41,27.72,45.36,0.909,45.76
A0934,2025-05-01,160.8,12.64,19.67,30.63,0.909,30.88
A0934,2025-05-02,160.8,16.09,25.97,41.38,0.909,41.73
A0934,2025-05-03,160.8,17.17,27.18,42.78,0.909,43.14
A0934,2025-05-04,160.8,12.18,20.5,33.46,0.909,33.75
A0934,2025-05-05,160.8,12.91,20.09,31.28,0.909,31.53
A0934,2025-05-06,160.8,13.24,20.93,32.91,0.909,33.18
A0934,2025-05-07,160.8,14.26,22.37,35.02,0.909,35.3
A0934,2025-05-08,160.8,16.01,25.35,39.91,0.909,40.24
A0934,2025-05-09,160.8,16.29,26.21,41.66,0.909,42.01
A0934,2025-05-10,160.8,17.6,27.67,43.36,0.909,43.71
A0934,2025-05-11,160.8,10.89,17.21,27.05,0.909,27.28
A0934,2025-05-12,160.8,15.51,24.65,38.88,0.909,39.21
A0935,2025-04-29,417.6,15.11,22.96,32.67,0.909,32.89
A0935,2025-04-30,417.6,20.28,28.75,39.21,0.909,39.45
A0935,2025-05-01,417.6,13.72,20.62,29.14,0.909,29.33
A0935,2025-05-02,417.6,19.74,28.5,39.33,0.909,39.58
A0935,2025-05-03,417.6,19.62,27.53,37.3,0.909,37.53
A0935,2025-05-04,417.6,14.19,20.32,27.9,0.909,28.07
A0935,2025-05-05,417.6,16.0,23.3,32.33,0.909,32.53
A0935,2025-05-06,417.6,16.35,24.57,34.73,0.909,34.97
A0935,2025-05-07,417.6,16.85,24.22,33.32,0.909,33.52
A0935,2025-05-08,417.6,18.15,25.99,35.68,0.909,35.9
A0935,2025-05-09,417.6,20.21,29.52,41.03,0.909,41.29
A0935,2025-05-10,417.6,20.73,29.48,40.3,0.909,40.55
A0935,2025-05-11,417.6,12.93,18.72,25.87,0.909,26.03
A0935,2025-05-12,417.6,19.41,28.59,39.93,0.909,40.19
A0936,2025-04-29,4.7,12.56,20.67,31.61,0.556,22.19
A0936,2025-04-30,4.7,16.32,26.32,39.8,0.556,28.19
A0936,2025-05-01,4.7,10.64,16.8,25.12,0.556,17.96
A0936,2025-05-02,4.7,14.98,25.15,38.85,0.556,27.05
A0936,2025-05-03,4.7,15.91,26.6,41.02,0.556,28.6
A0936,2025-05-04,4.7,11.23,18.33,27.92,0.556,19.66
A0936,2025-05-05,4.7,11.28,18.11,27.32,0.556,19.39
A0936,2025-05-06,4.7,12.47,20.68,31.74,0.556,22.21
A0936,2025-05-07,4.7,13.33,21.33,32.12,0.556,22.83
A0936,2025-05-08,4.7,14.68,23.9,36.33,0.556,25.63
A0936,2025-05-09,4.7,15.57,25.78,39.55,0.556,27.69
A0936,2025-05-10,4.7,16.86,27.58,42.05,0.556,29.59
A0936,2025-05-11,4.7,9.72,15.66,23.67,0.556,16.77
A0936,2025-05-12,4.7,26.74,43.48,66.06,0.556,46.62
A0937,2025-04-29,297.6,7.92,14.04,22.8,0.909,23.0
A0937,2025-04-30,297.6,9.7,16.14,25.37,0.909,25.58
A0937,2025-05-01,297.6,7.06,12.5,20.3,0.909,20.48
A0937,2025-05-02,297.6,10.12,17.64,28.41,0.909,28.66
A0937,2025-05-03,297.6,9.26,15.54,24.53,0.909,24.73
A0937,2025-05-04,297.6,7.06,11.89,18.8,0.909,18.96
A0937,2025-05-05,297.6,8.09,13.53,21.33,0.909,21.51
A0937,2025-05-06,297.6,8.62,15.55,25.49,0.909,25.72
A0937,2025-05-07,297.6,8.64,14.88,23.84,0.909,24.04
A0937,2025-05-08,297.6,9.67,16.79,26.99,0.909,27.23
A0937,2025-05-09,297.6,10.79,18.76,30.18,0.909,30.44
A0937,2025-05-10,297.6,10.22,17.12,27.0,0.909,27.22
A0937,2025-05-11,297.6,7.02,12.28,19.84,0.909,20.01
A0937,2025-05-12,297.6,10.94,19.47,31.71,0.909,31.98
A0938,2025-04-29,189.6,10.82,18.63,28.84,0.909,29.07
A0938,2025-04-30,189.6,13.07,21.88,33.39,0.909,33.65
A0938,2025-05-01,189.6,11.7,19.66,30.05,0.909,30.29
A0938,2025-05-02,189.6,14.99,25.44,39.11,0.909,39.42
A0938,2025-05-03,189.6,14.96,25.57,39.42,0.909,39.74
A0938,2025-05-04,189.6,11.03,18.62,28.55,0.909,28.77
A0938,2025-05-05,189.6,12.93,21.97,33.77,0.909,34.04
A0938,2025-05-06,189.6,12.43,20.21,30.37,0.909,30.6
A0938,2025-05-07,189.6,13.08,21.21,31.83,0.909,32.07
A0938,2025-05-08,189.6,13.89,22.71,34.24,0.909,34.5
A0938,2025-05-09,189.6,15.71,26.18,39.86,0.909,40.17
A0938,2025-05-10,189.6,15.87,26.53,40.44,0.909,40.76
A0938,2025-05-11,189.6,10.71,17.79,27.03,0.909,27.24
A0938,2025-05-12,189.6,16.42,26.27,39.13,0.909,39.42
A0939,2025-04-29,7.2,74.43,142.79,216.09,0.556,152.97
A0939,2025-04-30,7.2,13.04,34.54,57.59,0.556,37.74
A0939,2025-05-01,7.2,10.38,27.67,46.21,0.556,30.25
A0939,2025-05-02,7.2,49.97,110.28,174.94,0.556,119.26
A0939,2025-05-03,7.2,58.82,103.02,150.4,0.556,109.6
A0939,2025-05-04,7.2,46.73,81.14,118.02,0.556,86.26
A0939,2025-05-05,7.2,43.86,86.46,132.14,0.556,92.8
A0939,2025-05-06,7.2,9.95,27.08,45.44,0.556,29.63
A0939,2025-05-07,7.2,9.91,32.94,57.64,0.556,36.37
A0939,2025-05-08,7.2,14.37,32.77,52.5,0.556,35.51
A0939,2025-05-09,7.2,14.52,40.93,69.26,0.556,44.87
A0939,2025-05-10,7.2,18.53,38.89,60.71,0.556,41.92
A0939,2025-05-11,7.2,11.63,27.14,43.77,0.556,29.45
A0939,2025-05-12,7.2,17.8,37.93,59.5,0.556,40.92
A0940,2025-04-29,183.5,12.57,19.58,30.77,0.909,31.02
A0940,2025-04-30,183.5,15.6,23.12,35.11,0.909,35.38
A0940,2025-05-01,183.5,11.41,17.64,27.58,0.909,27.81
A0940,2025-05-02,183.5,15.18,23.16,35.88,0.909,36.17
A0940,2025-05-03,183.5,17.31,26.34,40.75,0.909,41.07
A0940,2025-05-04,183.5,19.61,28.3,42.17,0.909,42.48
A0940,2025-05-05,183.5,20.74,31.34,48.23,0.909,48.62
A0940,2025-05-06,183.5,20.94,32.63,51.26,0.909,51.69
A0940,2025-05-07,183.5,13.15,20.21,31.46,0.909,31.71
A0940,2025-05-08,183.5,14.44,21.67,33.21,0.909,33.47
A0940,2025-05-09,183.5,15.01,22.96,35.64,0.909,35.92
A0940,2025-05-10,183.5,17.63,26.58,40.87,0.909,41.19
A0940,2025-05-11,183.5,10.01,14.97,22.87,0.909,23.05
A0940,2025-05-12,183.5,14.12,21.33,32.83,0.909,33.09
A0941,2025-04-29,164.4,10.72,16.87,25.29,0.909,25.48
A0941,2025-04-30,164.4,12.74,19.9,29.7,0.909,29.92
A0941,2025-05-01,164.4,9.8,15.93,24.31,0.909,24.5
A0941,2025-05-02,164.4,12.91,20.99,32.06,0.909,32.31
A0941,2025-05-03,164.4,13.83,22.41,34.15,0.909,34.42
A0941,2025-05-04,164.4,9.36,14.69,22.0,0.909,22.16
A0941,2025-05-05,164.4,9.64,15.18,22.77,0.909,22.95
A0941,2025-05-06,164.4,10.74,17.01,25.59,0.909,25.79
A0941,2025-05-07,164.4,10.83,17.09,25.65,0.909,25.85
A0941,2025-05-08,164.4,12.23,19.49,29.42,0.909,29.64
A0941,2025-05-09,164.4,12.97,20.89,31.74,0.909,31.98
A0941,2025-05-10,164.4,13.75,21.93,33.13,0.909,33.38
A0941,2025-05-11,164.4,8.32,13.09,19.62,0.909,19.76
A0941,2025-05-12,164.4,10.96,17.42,26.26,0.909,26.46
A0942,2025-04-29,423.7,23.95,35.1,54.7,0.909,55.14
A0942,2025-04-30,423.7,30.27,45.08,71.12,0.909,71.71
A0942,2025-05-01,423.7,22.44,33.43,52.72,0.909,53.16
A0942,2025-05-02,423.7,29.81,43.5,67.55,0.909,68.1
A0942,2025-05-03,423.7,13.99,21.71,35.27,0.909,35.58
A0942,2025-05-04,423.7,11.45,18.28,30.28,0.909,30.55
A0942,2025-05-05,423.7,13.58,21.45,35.27,0.909,35.59
A0942,2025-05-06,423.7,13.87,21.66,35.35,0.909,35.66
A0942,2025-05-07,423.7,13.71,21.99,36.53,0.909,36.86
A0942,2025-05-08,423.7,15.79,25.02,41.26,0.909,41.63
A0942,2025-05-09,423.7,17.5,27.13,44.06,0.909,44.44
A0942,2025-05-10,423.7,16.63,25.82,41.97,0.909,42.34
A0942,2025-05-11,423.7,11.81,18.62,30.59,0.909,30.86
A0942,2025-05-12,423.7,19.46,31.71,53.23,0.909,53.72
A0943,2025-04-29,383.9,11.4,15.84,23.49,0.909,23.67
A0943,2025-04-30,383.9,13.7,20.26,31.55,0.909,31.8
A0943,2025-05-01,383.9,10.44,14.55,21.63,0.909,21.79
A0943,2025-05-02,383.9,13.65,19.89,30.62,0.909,30.86
A0943,2025-05-03,383.9,13.51,19.43,29.6,0.909,29.83
A0943,2025-05-04,383.9,10.49,15.98,25.42,0.909,25.64
A0943,2025-05-05,383.9,10.88,15.78,24.21,0.909,24.4
A0943,2025-05-06,383.9,11.94,16.28,23.76,0.909,23.93
A0943,2025-05-07,383.9,12.17,17.56,26.85,0.909,27.06
A0943,2025-05-08,383.9,13.04,18.06,26.7,0.909,26.9
A0943,2025-05-09,383.9,14.32,20.45,30.99,0.909,31.23
A0943,2025-05-10,383.9,30.9,45.02,69.32,0.909,69.87
A0943,2025-05-11,383.9,21.24,32.38,51.56,0.909,52.0
A0943,2025-05-12,383.9,28.08,41.59,64.84,0.909,65.36
A0944,2025-04-29,6.3,55.13,66.43,79.42,0.556,68.23
A0944,2025-04-30,6.3,69.27,85.4,103.96,0.556,87.98
A0944,2025-05-01,6.3,53.72,63.89,75.58,0.556,65.51
A0944,2025-05-02,6.3,69.19,84.43,101.97,0.556,86.87
A0944,2025-05-03,6.3,72.55,88.95,107.81,0.556,91.57
A0944,2025-05-04,6.3,58.04,70.75,85.37,0.556,72.78
A0944,2025-05-05,6.3,173.06,198.41,227.58,0.556,202.46
A0944,2025-05-06,6.3,187.63,218.77,254.59,0.556,223.74
A0944,2025-05-07,6.3,198.96,227.4,260.12,0.556,231.95
A0944,2025-05-08,6.3,222.49,259.68,302.48,0.556,265.63
A0944,2025-05-09,6.3,243.26,284.16,331.21,0.556,290.69
A0944,2025-05-10,6.3,264.67,306.53,354.7,0.556,313.22
A0944,2025-05-11,6.3,40.82,49.79,60.12,0.556,51.23
A0944,2025-05-12,6.3,58.81,69.35,81.47,0.556,71.03
A0945,2025-04-29,359.2,25.11,35.91,51.61,0.909,51.97
A0945,2025-04-30,359.2,34.27,48.2,68.45,0.909,68.91
A0945,2025-05-01,359.2,23.69,33.58,47.94,0.909,48.27
A0945,2025-05-02,359.2,33.89,46.22,64.13,0.909,64.53
A0945,2025-05-03,359.2,33.77,46.06,63.92,0.909,64.32
A0945,2025-05-04,359.2,24.8,35.46,50.95,0.909,51.3
A0945,2025-05-05,359.2,27.17,37.03,51.36,0.909,51.68
A0945,2025-05-06,359.2,26.44,37.86,54.46,0.909,54.84
A0945,2025-05-07,359.2,27.68,39.23,56.01,0.909,56.39
A0945,2025-05-08,359.2,30.17,42.23,59.77,0.909,60.16
A0945,2025-05-09,359.2,33.92,47.01,66.03,0.909,66.46
A0945,2025-05-10,359.2,35.25,48.84,68.59,0.909,69.04
A0945,2025-05-11,359.2,22.05,31.79,45.93,0.909,46.26
A0945,2025-05-12,359.2,33.02,46.27,65.52,0.909,65.96
A0946,2025-04-29,404.6,26.66,40.21,58.28,0.909,58.69
A0946,2025-04-30,404.6,35.31,53.92,78.74,0.909,79.3
A0946,2025-05-01,404.6,23.96,34.25,47.99,0.909,48.3
A0946,2025-05-02,404.6,33.44,50.17,72.48,0.909,72.99
A0946,2025-05-03,404.6,34.91,52.35,75.63,0.909,76.16
A0946,2025-05-04,404.6,25.64,38.92,56.63,0.909,57.04
A0946,2025-05-05,404.6,26.48,38.0,53.36,0.909,53.71
A0946,2025-05-06,404.6,27.5,41.66,60.56,0.909,60.99
A0946,2025-05-07,404.6,27.47,40.87,58.76,0.909,59.17
A0946,2025-05-08,404.6,29.87,44.88,64.92,0.909,65.37
A0946,2025-05-09,404.6,33.47,50.65,73.57,0.909,74.09
A0946,2025-05-10,404.6,35.67,53.73,77.82,0.909,78.37
A0946,2025-05-11,404.6,21.63,32.19,46.29,0.909,46.61
A0946,2025-05-12,404.6,32.72,49.66,72.27,0.909,72.79
A0947,2025-04-29,192.3,9.49,14.46,23.03,0.909,23.22
A0947,2025-04-30,192.3,12.06,18.66,30.06,0.909,30.31
A0947,2025-05-01,192.3,8.61,12.82,20.1,0.909,20.27
A0947,2025-05-02,192.3,11.35,17.39,27.83,0.909,28.07
A0947,2025-05-03,192.3,11.91,17.9,28.26,0.909,28.49
A0947,2025-05-04,192.3,8.56,13.1,20.95,0.909,21.13
A0947,2025-05-05,192.3,8.83,13.11,20.5,0.909,20.67
A0947,2025-05-06,192.3,9.44,14.4,22.95,0.909,23.14
A0947,2025-05-07,192.3,10.3,15.78,25.25,0.909,25.47
A0947,2025-05-08,192.3,11.15,17.19,27.62,0.909,27.86
A0947,2025-05-09,192.3,11.69,17.78,28.28,0.909,28.52
A0947,2025-05-10,192.3,12.41,18.5,28.99,0.909,29.23
A0947,2025-05-11,192.3,7.66,11.56,18.3,0.909,18.46
A0947,2025-05-12,192.3,11.56,17.35,27.34,0.909,27.57
A0948,2025-04-29,183.3,8.28,13.58,21.93,0.909,22.12
A0948,2025-04-30,183.3,10.45,16.52,26.08,0.909,26.3
A0948,2025-05-01,183.3,7.79,12.02,18.7,0.909,18.86
A0948,2025-05-02,183.3,9.83,16.11,26.01,0.909,26.24
A0948,2025-05-03,183.3,10.91,17.58,28.1,0.909,28.34
A0948,2025-05-04,183.3,7.62,12.17,19.35,0.909,19.51
A0948,2025-05-05,183.3,8.52,13.05,20.17,0.909,20.33
A0948,2025-05-06,183.3,8.75,13.9,22.0,0.909,22.19
A0948,2025-05-07,183.3,8.76,14.49,23.51,0.909,23.71
A0948,2025-05-08,183.3,9.65,15.5,24.73,0.909,24.94
A0948,2025-05-09,183.3,10.42,16.83,26.92,0.909,27.15
A0948,2025-05-10,183.3,11.52,18.56,29.66,0.909,29.91
A0948,2025-05-11,183.3,6.96,11.25,18.02,0.909,18.17
A0948,2025-05-12,183.3,11.04,16.87,26.04,0.909,26.25
A0949,2025-04-29,28.0,10.57,17.51,29.47,0.909,29.74
A0949,2025-04-30,28.0,30.66,39.09,53.61,0.909,53.94
A0949,2025-05-01,28.0,17.63,29.32,49.47,0.909,49.93
A0949,2025-05-02,28.0,26.82,38.21,57.82,0.909,58.27
A0949,2025-05-03,28.0,25.87,37.31,57.02,0.909,57.47
A0949,2025-05-04,28.0,20.42,27.24,38.99,0.909,39.26
A0949,2025-05-05,28.0,21.63,32.95,52.45,0.909,52.9
A0949,2025-05-06,28.0,10.39,18.19,31.62,0.909,31.92
A0949,2025-05-07,28.0,11.27,18.21,30.16,0.909,30.43
A0949,2025-05-08,28.0,13.0,21.18,35.26,0.909,35.58
A0949,2025-05-09,28.0,14.71,22.25,35.22,0.909,35.52
A0949,2025-05-10,28.0,15.15,23.31,37.36,0.909,37.68
A0949,2025-05-11,28.0,10.07,15.92,26.01,0.909,26.24
A0949,2025-05-12,28.0,15.98,26.1,43.51,0.909,43.91
A0950,2025-04-29,200.5,17.43,26.74,41.8,0.909,42.14
A0950,2025-04-30,200.5,22.91,36.22,57.74,0.909,58.23
A0950,2025-05-01,200.5,17.6,25.27,37.68,0.909,37.96
A0950,2025-05-02,200.5,23.44,35.21,54.27,0.909,54.7
A0950,2025-05-03,200.5,24.24,36.39,56.05,0.909,56.5
A0950,2025-05-04,200.5,18.83,28.13,43.18,0.909,43.52
A0950,2025-05-05,200.5,17.46,25.08,37.41,0.909,37.69
A0950,2025-05-06,200.5,18.33,27.77,43.04,0.909,43.39
A0950,2025-05-07,200.5,19.4,29.16,44.97,0.909,45.33
A0950,2025-05-08,200.5,21.33,31.89,48.97,0.909,49.36
A0950,2025-05-09,200.5,23.2,34.87,53.76,0.909,54.18
A0950,2025-05-10,200.5,23.73,35.58,54.76,0.909,55.19
A0950,2025-05-11,200.5,15.21,22.38,33.98,0.909,34.25
A0950,2025-05-12,200.5,21.51,31.61,47.95,0.909,48.33
A0951,2025-04-29,5.8,19.36,30.82,46.44,0.556,32.99
A0951,2025-04-30,5.8,24.58,38.85,58.29,0.556,41.55
A0951,2025-05-01,5.8,18.71,29.56,44.34,0.556,31.61
A0951,2025-05-02,5.8,25.2,37.6,54.49,0.556,39.95
A0951,2025-05-03,5.8,27.19,41.65,61.34,0.556,44.38
A0951,2025-05-04,5.8,20.64,31.18,45.53,0.556,33.17
A0951,2025-05-05,5.8,19.5,30.38,45.19,0.556,32.44
A0951,2025-05-06,5.8,19.77,31.04,46.38,0.556,33.17
A0951,2025-05-07,5.8,20.94,32.82,49.01,0.556,35.07
A0951,2025-05-08,5.8,22.03,34.08,50.5,0.556,36.36
A0951,2025-05-09,5.8,24.05,36.31,53.0,0.556,38.63
A0951,2025-05-10,5.8,26.4,40.66,60.09,0.556,43.36
A0951,2025-05-11,5.8,15.92,24.78,36.85,0.556,26.46
A0951,2025-05-12,5.8,20.67,32.24,48.01,0.556,34.43
A0952,2025-04-29,305.3,12.66,19.73,29.79,0.909,30.02
A0952,2025-04-30,305.3,16.6,26.06,39.49,0.909,39.8
A0952,2025-05-01,305.3,11.24,17.84,27.22,0.909,27.43
A0952,2025-05-02,305.3,16.78,25.32,37.44,0.909,37.72
A0952,2025-05-03,305.3,16.29,23.87,34.64,0.909,34.88
A0952,2025-05-04,305.3,11.37,17.63,26.52,0.909,26.72
A0952,2025-05-05,305.3,13.78,21.3,31.99,0.909,32.23
A0952,2025-05-06,305.3,13.98,21.31,31.72,0.909,31.96
A0952,2025-05-07,305.3,14.68,23.16,35.2,0.909,35.47
A0952,2025-05-08,305.3,15.59,24.16,36.33,0.909,36.61
A0952,2025-05-09,305.3,17.8,27.19,40.52,0.909,40.82
A0952,2025-05-10,305.3,18.03,27.24,40.33,0.909,40.63
A0952,2025-05-11,305.3,11.13,17.26,25.98,0.909,26.18
A0952,2025-05-12,305.3,18.16,29.07,44.57,0.909,44.92
A0953,2025-04-29,295.8,18.19,25.23,34.49,0.909,34.7
A0953,2025-04-30,295.8,23.95,31.1,40.49,0.909,40.7
A0953,2025-05-01,295.8,17.4,23.39,31.27,0.909,31.45
A0953,2025-05-02,295.8,23.9,31.84,42.27,0.909,42.51
A0953,2025-05-03,295.8,22.69,30.64,41.09,0.909,41.32
A0953,2025-05-04,295.8,16.75,21.7,28.21,0.909,28.36
A0953,2025-05-05,295.8,19.86,26.36,34.9,0.909,35.09
A0953,2025-05-06,295.8,19.6,26.83,36.33,0.909,36.55
A0953,2025-05-07,295.8,19.6,27.39,37.63,0.909,37.86
A0953,2025-05-08,295.8,22.01,29.55,39.47,0.909,39.69
A0953,2025-05-09,295.8,37.58,52.31,71.68,0.909,72.12
A0953,2025-05-10,295.8,37.21,52.48,72.55,0.909,73.01
A0953,2025-05-11,295.8,24.45,34.21,47.03,0.909,47.32
A0953,2025-05-12,295.8,37.74,52.88,72.77,0.909,73.22
A0954,2025-04-29,5.0,50.07,72.93,103.8,0.556,77.22
A0954,2025-04-30,5.0,67.3,96.38,135.65,0.556,101.84
A0954,2025-05-01,5.0,48.85,70.19,99.01,0.556,74.19
A0954,2025-05-02,5.0,68.67,97.01,135.27,0.556,102.32
A0954,2025-05-03,5.0,71.32,100.1,138.97,0.556,105.5
A0954,2025-05-04,5.0,59.67,83.01,114.51,0.556,87.38
A0954,2025-05-05,5.0,138.26,182.6,242.46,0.556,190.91
A0954,2025-05-06,5.0,148.7,197.87,264.26,0.556,207.09
A0954,2025-05-07,5.0,154.59,200.82,263.24,0.556,209.49
A0954,2025-05-08,5.0,170.21,223.91,296.42,0.556,233.98
A0954,2025-05-09,5.0,59.17,87.44,125.62,0.556,92.74
A0954,2025-05-10,5.0,63.6,91.93,130.19,0.556,97.24
A0954,2025-05-11,5.0,40.18,58.95,84.28,0.556,62.47
A0954,2025-05-12,5.0,56.07,81.08,114.86,0.556,85.77
A0955,2025-04-29,5.7,17.81,26.71,40.32,0.556,28.6
A0955,2025-04-30,5.7,21.46,31.67,47.28,0.556,33.83
A0955,2025-05-01,5.7,16.19,23.69,35.16,0.556,25.28
A0955,2025-05-02,5.7,20.83,31.27,47.24,0.556,33.49
A0955,2025-05-03,5.7,22.74,33.95,51.09,0.556,36.33
A0955,2025-05-04,5.7,17.48,25.43,37.59,0.556,27.12
A0955,2025-05-05,5.7,14.83,22.13,33.28,0.556,23.68
A0955,2025-05-06,5.7,17.42,26.22,39.69,0.556,28.09
A0955,2025-05-07,5.7,17.52,25.91,38.74,0.556,27.69
A0955,2025-05-08,5.7,19.52,28.73,42.81,0.556,30.69
A0955,2025-05-09,5.7,20.53,30.76,46.42,0.556,32.94
A0955,2025-05-10,5.7,22.52,33.36,49.94,0.556,35.66
A0955,2025-05-11,5.7,14.03,20.65,30.77,0.556,22.05
A0955,2025-05-12,5.7,17.57,26.02,38.96,0.556,27.82
A0956,2025-04-29,382.1,8.39,26.23,57.07,0.909,57.77
A0956,2025-04-30,382.1,12.09,33.5,70.56,0.909,71.4
A0956,2025-05-01,382.1,9.02,27.16,58.19,0.909,58.89
A0956,2025-05-02,382.1,12.36,34.15,72.11,0.909,72.97
A0956,2025-05-03,382.1,12.7,35.15,74.56,0.909,75.46
A0956,2025-05-04,382.1,8.72,27.02,58.49,0.909,59.21
A0956,2025-05-05,382.1,10.12,29.36,62.55,0.909,63.3
A0956,2025-05-06,382.1,9.99,29.46,62.96,0.909,63.72
A0956,2025-05-07,382.1,10.5,30.52,64.84,0.909,65.62
A0956,2025-05-08,382.1,11.84,33.21,69.82,0.909,70.65
A0956,2025-05-09,382.1,12.81,35.31,74.2,0.909,75.08
A0956,2025-05-10,382.1,13.59,37.0,77.99,0.909,78.92
A0956,2025-05-11,382.1,7.67,24.79,54.08,0.909,54.74
A0956,2025-05-12,382.1,12.88,34.94,73.16,0.909,74.03
A0957,2025-04-29,11.5,62.43,83.86,119.53,0.909,120.34
A0957,2025-04-30,11.5,77.28,102.54,144.59,0.909,145.54
A0957,2025-05-01,11.5,56.19,74.36,104.6,0.909,105.29
A0957,2025-05-02,11.5,79.56,107.89,155.03,0.909,156.1
A0957,2025-05-03,11.5,82.72,110.61,157.02,0.909,158.08
A0957,2025-05-04,11.5,61.39,82.19,116.82,0.909,117.6
A0957,2025-05-05,11.5,57.17,74.65,103.74,0.909,104.41
A0957,2025-05-06,11.5,62.32,83.92,119.87,0.909,120.68
A0957,2025-05-07,11.5,64.77,86.36,122.31,0.909,123.13
A0957,2025-05-08,11.5,70.49,94.69,134.97,0.909,135.88
A0957,2025-05-09,11.5,78.61,106.63,153.27,0.909,154.33
A0957,2025-05-10,11.5,82.02,109.24,154.54,0.909,155.57
A0957,2025-05-11,11.5,51.76,69.91,100.12,0.909,100.81
A0957,2025-05-12,11.5,67.53,90.04,127.52,0.909,128.37
A0958,2025-04-29,214.2,18.5,27.85,40.94,0.909,41.23
A0958,2025-04-30,214.2,22.7,32.57,46.39,0.909,46.7
A0958,2025-05-01,214.2,17.87,26.31,38.11,0.909,38.38
A0958,2025-05-02,214.2,23.6,35.94,53.21,0.909,53.6
A0958,2025-05-03,214.2,24.91,36.81,53.46,0.909,53.84
A0958,2025-05-04,214.2,18.32,26.16,37.13,0.909,37.38
A0958,2025-05-05,214.2,18.5,27.78,40.77,0.909,41.07
A0958,2025-05-06,214.2,18.97,28.25,41.22,0.909,41.52
A0958,2025-05-07,214.2,19.75,29.15,42.3,0.909,42.6
A0958,2025-05-08,214.2,21.66,31.87,46.15,0.909,46.48
A0958,2025-05-09,214.2,23.34,35.78,53.19,0.909,53.58
A0958,2025-05-10,214.2,24.52,36.66,53.65,0.909,54.04
A0958,2025-05-11,214.2,15.31,22.82,33.32,0.909,33.56
A0958,2025-05-12,214.2,20.42,31.31,46.55,0.909,46.9
A0959,2025-04-29,429.9,13.44,19.41,27.86,0.909,28.05
A0959,2025-04-30,429.9,17.91,22.16,28.17,0.909,28.31
A0959,2025-05-01,429.9,12.07,19.33,29.61,0.909,29.84
A0959,2025-05-02,429.9,18.2,24.75,34.03,0.909,34.24
A0959,2025-05-03,429.9,16.59,23.22,32.61,0.909,32.82
A0959,2025-05-04,429.9,12.7,16.03,20.75,0.909,20.86
A0959,2025-05-05,429.9,14.97,21.01,29.56,0.909,29.76
A0959,2025-05-06,429.9,14.51,21.04,30.27,0.909,30.48
A0959,2025-05-07,429.9,15.64,20.79,28.09,0.909,28.26
A0959,2025-05-08,429.9,16.21,24.31,35.77,0.909,36.03
A0959,2025-05-09,429.9,18.57,25.27,34.77,0.909,34.99
A0959,2025-05-10,429.9,17.99,24.65,34.09,0.909,34.3
A0959,2025-05-11,429.9,12.26,16.43,22.32,0.909,22.46
A0959,2025-05-12,429.9,18.59,26.12,36.77,0.909,37.01
A0960,2025-04-29,6.8,117.7,159.81,211.49,0.556,166.98
A0960,2025-04-30,6.8,145.48,196.63,259.42,0.556,205.35
A0960,2025-05-01,6.8,108.83,159.72,222.19,0.556,168.39
A0960,2025-05-02,6.8,143.78,197.28,262.95,0.556,206.4
A0960,2025-05-03,6.8,153.63,211.08,281.59,0.556,220.87
A0960,2025-05-04,6.8,120.71,164.44,218.12,0.556,171.9
A0960,2025-05-05,6.8,112.55,164.28,227.78,0.556,173.1
A0960,2025-05-06,6.8,120.65,164.88,219.18,0.556,172.42
A0960,2025-05-07,6.8,124.13,169.41,225.0,0.556,177.14
A0960,2025-05-08,6.8,134.8,183.55,243.39,0.556,191.86
A0960,2025-05-09,6.8,145.93,197.99,261.9,0.556,206.87
A0960,2025-05-10,6.8,155.1,208.7,274.51,0.556,217.84
A0960,2025-05-11,6.8,100.82,141.06,190.46,0.556,147.92
A0960,2025-05-12,6.8,127.43,178.99,242.28,0.556,187.78
A0961,2025-04-29,2.8,60.53,89.37,129.29,0.556,94.91
A0961,2025-04-30,2.8,71.72,106.11,153.73,0.556,112.72
A0961,2025-05-01,2.8,55.21,83.7,123.15,0.556,89.18
A0961,2025-05-02,2.8,76.02,112.89,163.94,0.556,119.98
A0961,2025-05-03,2.8,81.15,120.21,174.28,0.556,127.72
A0961,2025-05-04,2.8,53.14,78.41,113.4,0.556,83.27
A0961,2025-05-05,2.8,60.3,91.34,134.31,0.556,97.31
A0961,2025-05-06,2.8,64.81,93.76,133.85,0.556,99.33
A0961,2025-05-07,2.8,65.47,94.66,135.07,0.556,100.27
A0961,2025-05-08,2.8,70.71,102.21,145.82,0.556,108.26
A0961,2025-05-09,2.8,78.53,115.17,165.91,0.556,122.22
A0961,2025-05-10,2.8,84.28,122.73,175.98,0.556,130.13
A0961,2025-05-11,2.8,48.82,71.01,101.73,0.556,75.28
A0961,2025-05-12,2.8,71.55,105.03,151.39,0.556,111.47
A0962,2025-04-29,5.1,24.34,34.84,49.07,0.556,36.81
A0962,2025-04-30,5.1,29.62,41.14,56.76,0.556,43.31
A0962,2025-05-01,5.1,22.79,32.38,45.38,0.556,34.19
A0962,2025-05-02,5.1,31.73,44.03,60.69,0.556,46.34
A0962,2025-05-03,5.1,33.02,46.39,64.49,0.556,48.9
A0962,2025-05-04,5.1,22.9,31.28,42.65,0.556,32.86
A0962,2025-05-05,5.1,23.84,33.31,46.14,0.556,35.09
A0962,2025-05-06,5.1,24.8,34.99,48.79,0.556,36.9
A0962,2025-05-07,5.1,25.85,37.12,52.39,0.556,39.24
A0962,2025-05-08,5.1,29.19,41.98,59.3,0.556,44.38
A0962,2025-05-09,5.1,31.29,43.77,60.67,0.556,46.12
A0962,2025-05-10,5.1,33.26,47.2,66.1,0.556,49.83
A0962,2025-05-11,5.1,19.78,27.87,38.84,0.556,29.39
A0962,2025-05-12,5.1,28.09,39.98,56.1,0.556,42.22
A0963,2025-04-29,186.7,8.83,15.66,23.83,0.909,24.02
A0963,2025-04-30,186.7,10.47,18.05,27.13,0.909,27.34
A0963,2025-05-01,186.7,8.39,15.35,23.68,0.909,23.87
A0963,2025-05-02,186.7,10.94,19.49,29.72,0.909,29.96
A0963,2025-05-03,186.7,11.14,19.95,30.5,0.909,30.74
A0963,2025-05-04,186.7,7.97,14.14,21.54,0.909,21.71
A0963,2025-05-05,186.7,9.24,16.13,24.38,0.909,24.57
A0963,2025-05-06,186.7,9.47,16.35,24.58,0.909,24.77
A0963,2025-05-07,186.7,9.87,16.87,25.24,0.909,25.43
A0963,2025-05-08,186.7,10.73,18.53,27.87,0.909,28.08
A0963,2025-05-09,186.7,11.67,20.21,30.44,0.909,30.67
A0963,2025-05-10,186.7,12.25,21.01,31.51,0.909,31.74
A0963,2025-05-11,186.7,7.66,13.48,20.44,0.909,20.6
A0963,2025-05-12,186.7,11.87,19.45,28.54,0.909,28.74
A0964,2025-04-29,8.0,69.25,97.51,138.74,0.556,103.23
A0964,2025-04-30,8.0,85.21,116.96,163.29,0.556,123.4
A0964,2025-05-01,8.0,62.79,87.57,123.73,0.556,92.6
A0964,2025-05-02,8.0,86.22,121.96,174.09,0.556,129.2
A0964,2025-05-03,8.0,90.1,125.87,178.05,0.556,133.11
A0964,2025-05-04,8.0,73.15,99.34,137.54,0.556,104.64
A0964,2025-05-05,8.0,66.55,92.67,130.79,0.556,97.97
A0964,2025-05-06,8.0,71.41,99.73,141.04,0.556,105.46
A0964,2025-05-07,8.0,75.24,103.9,145.71,0.556,109.71
A0964,2025-05-08,8.0,80.58,111.45,156.49,0.556,117.71
A0964,2025-05-09,8.0,88.53,124.17,176.16,0.556,131.39
A0964,2025-05-10,8.0,93.38,128.92,180.77,0.556,136.12
A0964,2025-05-11,8.0,62.09,86.06,121.04,0.556,90.92
A0964,2025-05-12,8.0,82.87,114.45,160.53,0.556,120.85
A0965,2025-04-29,34.5,10.36,16.64,29.18,0.909,29.47
A0965,2025-04-30,34.5,11.77,20.06,36.65,0.909,37.03
A0965,2025-05-01,34.5,8.79,16.03,30.52,0.909,30.85
A0965,2025-05-02,34.5,13.57,22.74,41.08,0.909,41.5
A0965,2025-05-03,34.5,13.27,19.82,32.94,0.909,33.23
A0965,2025-05-04,34.5,8.58,15.12,28.18,0.909,28.48
A0965,2025-05-05,34.5,11.49,19.34,35.06,0.909,35.42
A0965,2025-05-06,34.5,12.28,19.61,34.27,0.909,34.61
A0965,2025-05-07,34.5,12.51,19.23,32.67,0.909,32.97
A0965,2025-05-08,34.5,13.51,21.13,36.37,0.909,36.71
A0965,2025-05-09,34.5,26.5,37.92,60.75,0.909,61.27
A0965,2025-05-10,34.5,27.34,35.8,52.71,0.909,53.1
A0965,2025-05-11,34.5,17.96,25.39,40.25,0.909,40.58
A0965,2025-05-12,34.5,25.79,38.58,64.14,0.909,64.72
A0966,2025-04-29,333.6,17.61,25.5,37.13,0.909,37.39
A0966,2025-04-30,333.6,23.38,32.7,46.43,0.909,46.74
A0966,2025-05-01,333.6,16.42,25.66,39.28,0.909,39.59
A0966,2025-05-02,333.6,22.94,33.43,48.89,0.909,49.24
A0966,2025-05-03,333.6,23.19,32.73,46.79,0.909,47.11
A0966,2025-05-04,333.6,16.72,24.22,35.28,0.909,35.53
A0966,2025-05-05,333.6,18.75,27.93,41.46,0.909,41.76
A0966,2025-05-06,333.6,32.17,46.33,67.18,0.909,67.65
A0966,2025-05-07,333.6,32.85,47.29,68.55,0.909,69.03
A0966,2025-05-08,333.6,35.5,52.79,78.27,0.909,78.85
A0966,2025-05-09,333.6,38.09,56.45,83.51,0.909,84.12
A0966,2025-05-10,333.6,38.96,55.96,81.01,0.909,81.58
A0966,2025-05-11,333.6,12.56,19.96,30.87,0.909,31.12
A0966,2025-05-12,333.6,20.11,31.3,47.78,0.909,48.16
A0967,2025-04-29,416.7,13.72,21.78,35.53,0.909,35.84
A0967,2025-04-30,416.7,17.75,25.63,39.08,0.909,39.39
A0967,2025-05-01,416.7,12.17,17.49,26.57,0.909,26.78
A0967,2025-05-02,416.7,16.32,24.91,39.56,0.909,39.9
A0967,2025-05-03,416.7,17.61,27.34,43.94,0.909,44.32
A0967,2025-05-04,416.7,13.69,19.63,29.77,0.909,30.0
A0967,2025-05-05,416.7,11.5,16.65,25.44,0.909,25.64
A0967,2025-05-06,416.7,13.3,20.84,33.71,0.909,34.0
A0967,2025-05-07,416.7,14.09,22.06,35.65,0.909,35.96
A0967,2025-05-08,416.7,14.37,21.66,34.11,0.909,34.4
A0967,2025-05-09,416.7,15.85,24.14,38.3,0.909,38.62
A0967,2025-05-10,416.7,17.39,26.83,42.92,0.909,43.29
A0967,2025-05-11,416.7,10.84,16.51,26.18,0.909,26.4
A0967,2025-05-12,416.7,14.14,20.28,30.77,0.909,31.0
A0968,2025-04-29,2.5,129.21,282.27,597.97,0.556,326.12
A0968,2025-04-30,2.5,166.44,357.3,779.98,0.556,416.0
A0968,2025-05-01,2.5,126.04,277.55,579.18,0.556,319.44
A0968,2025-05-02,2.5,190.7,407.36,869.45,0.556,471.54
A0968,2025-05-03,2.5,193.83,417.52,913.27,0.556,486.37
A0968,2025-05-04,2.5,156.68,348.98,769.3,0.556,407.35
A0968,2025-05-05,2.5,129.49,287.25,580.06,0.556,327.92
A0968,2025-05-06,2.5,13.79,39.79,86.21,0.556,46.24
A0968,2025-05-07,2.5,15.91,44.45,95.39,0.556,51.53
A0968,2025-05-08,2.5,20.02,53.56,113.53,0.556,61.89
A0968,2025-05-09,2.5,24.57,63.47,133.99,0.556,73.27
A0968,2025-05-10,2.5,29.7,74.18,155.77,0.556,85.51
A0968,2025-05-11,2.5,16.66,46.36,98.65,0.556,53.62
A0968,2025-05-12,2.5,28.17,69.41,143.39,0.556,79.68
A0969,2025-04-29,159.0,7.43,11.9,18.3,0.909,18.44
A0969,2025-04-30,159.0,8.79,13.32,19.79,0.909,19.94
A0969,2025-05-01,159.0,6.61,10.87,16.97,0.909,17.11
A0969,2025-05-02,159.0,8.81,14.22,21.96,0.909,22.14
A0969,2025-05-03,159.0,9.17,15.0,23.34,0.909,23.53
A0969,2025-05-04,159.0,6.43,10.08,15.3,0.909,15.42
A0969,2025-05-05,159.0,6.53,10.55,16.31,0.909,16.44
A0969,2025-05-06,159.0,7.17,11.87,18.6,0.909,18.76
A0969,2025-05-07,159.0,6.89,10.93,16.73,0.909,16.86
A0969,2025-05-08,159.0,7.64,12.75,20.07,0.909,20.24
A0969,2025-05-09,159.0,8.6,13.88,21.43,0.909,21.6
A0969,2025-05-10,159.0,8.98,14.43,22.23,0.909,22.41
A0969,2025-05-11,159.0,5.57,8.98,13.86,0.909,13.97
A0969,2025-05-12,159.0,7.4,12.32,19.36,0.909,19.52
A0970,2025-04-29,353.3,10.45,15.79,22.69,0.909,22.85
A0970,2025-04-30,353.3,13.78,20.28,28.68,0.909,28.88
A0970,2025-05-01,353.3,9.9,16.81,25.72,0.909,25.93
A0970,2025-05-02,353.3,12.83,19.79,28.79,0.909,28.99
A0970,2025-05-03,353.3,14.08,22.36,33.07,0.909,33.31
A0970,2025-05-04,353.3,10.98,16.33,23.24,0.909,23.39
A0970,2025-05-05,353.3,9.37,15.06,22.42,0.909,22.58
A0970,2025-05-06,353.3,10.0,15.19,21.9,0.909,22.05
A0970,2025-05-07,353.3,10.41,15.9,22.99,0.909,23.15
A0970,2025-05-08,353.3,11.15,17.32,25.29,0.909,25.47
A0970,2025-05-09,353.3,12.28,18.65,26.87,0.909,27.06
A0970,2025-05-10,353.3,13.45,20.49,29.6,0.909,29.8
A0970,2025-05-11,353.3,8.43,12.84,18.55,0.909,18.68
A0970,2025-05-12,353.3,10.19,14.79,20.74,0.909,20.88
A0971,2025-04-29,149.5,22.62,32.57,49.26,0.909,49.64
A0971,2025-04-30,149.5,27.08,40.59,63.25,0.909,63.76
A0971,2025-05-01,149.5,22.29,30.03,43.01,0.909,43.3
A0971,2025-05-02,149.5,25.76,35.01,50.54,0.909,50.89
A0971,2025-05-03,149.5,26.2,36.74,54.43,0.909,54.83
A0971,2025-05-04,149.5,19.31,27.55,41.38,0.909,41.69
A0971,2025-05-05,149.5,23.76,31.32,43.99,0.909,44.28
A0971,2025-05-06,149.5,24.65,34.49,51.0,0.909,51.38
A0971,2025-05-07,149.5,25.18,35.51,52.83,0.909,53.22
A0971,2025-05-08,149.5,27.69,37.18,53.11,0.909,53.47
A0971,2025-05-09,149.5,28.3,37.64,53.32,0.909,53.68
A0971,2025-05-10,149.5,29.58,40.4,58.56,0.909,58.97
A0971,2025-05-11,149.5,19.89,26.45,37.46,0.909,37.71
A0971,2025-05-12,149.5,30.6,39.55,54.57,0.909,54.91
A0972,2025-04-29,169.0,9.18,15.54,23.74,0.909,23.93
A0972,2025-04-30,169.0,10.72,19.18,30.09,0.909,30.34
A0972,2025-05-01,169.0,8.44,14.65,22.67,0.909,22.85
A0972,2025-05-02,169.0,12.04,20.47,31.34,0.909,31.59
A0972,2025-05-03,169.0,12.17,21.55,33.65,0.909,33.92
A0972,2025-05-04,169.0,8.85,15.24,23.48,0.909,23.67
A0972,2025-05-05,169.0,8.83,14.93,22.78,0.909,22.96
A0972,2025-05-06,169.0,9.46,15.84,24.05,0.909,24.24
A0972,2025-05-07,169.0,9.9,17.24,26.69,0.909,26.91
A0972,2025-05-08,169.0,10.68,18.32,28.17,0.909,28.39
A0972,2025-05-09,169.0,11.85,20.24,31.06,0.909,31.31
A0972,2025-05-10,169.0,12.02,21.31,33.28,0.909,33.55
A0972,2025-05-11,169.0,7.68,13.33,20.61,0.909,20.77
A0972,2025-05-12,169.0,10.08,17.33,26.67,0.909,26.89
A0973,2025-04-29,4.1,0.93,10.4,29.49,0.556,13.05
A0973,2025-04-30,4.1,2.87,14.82,39.67,0.556,18.27
A0973,2025-05-01,4.1,1.06,10.59,30.21,0.556,13.31
A0973,2025-05-02,4.1,2.87,15.23,40.96,0.556,18.81
A0973,2025-05-03,4.1,4.17,18.49,48.14,0.556,22.61
A0973,2025-05-04,4.1,2.28,14.29,38.22,0.556,17.61
A0973,2025-05-05,4.1,3.29,16.37,42.24,0.556,19.97
A0973,2025-05-06,4.1,4.09,18.5,46.35,0.556,22.36
A0973,2025-05-07,4.1,4.8,20.2,49.82,0.556,24.31
A0973,2025-05-08,4.1,59.95,142.91,317.87,0.556,167.21
A0973,2025-05-09,4.1,70.27,167.74,379.33,0.556,197.13
A0973,2025-05-10,4.1,77.47,185.06,430.95,0.556,219.21
A0973,2025-05-11,4.1,48.67,125.06,277.31,0.556,146.2
A0973,2025-05-12,4.1,71.75,173.4,379.52,0.556,202.03
A0974,2025-04-29,33.7,14.96,21.5,31.7,0.909,31.93
A0974,2025-04-30,33.7,18.99,29.74,46.49,0.909,46.87
A0974,2025-05-01,33.7,13.6,18.85,27.05,0.909,27.24
A0974,2025-05-02,33.7,18.95,25.42,35.5,0.909,35.73
A0974,2025-05-03,33.7,18.48,25.89,37.45,0.909,37.71
A0974,2025-05-04,33.7,12.85,20.35,32.04,0.909,32.3
A0974,2025-05-05,33.7,15.0,21.11,30.62,0.909,30.84
A0974,2025-05-06,33.7,15.1,21.61,31.77,0.909,32.0
A0974,2025-05-07,33.7,15.24,22.96,35.0,0.909,35.27
A0974,2025-05-08,33.7,16.95,24.51,36.3,0.909,36.57
A0974,2025-05-09,33.7,18.86,25.86,36.77,0.909,37.02
A0974,2025-05-10,33.7,18.94,27.71,41.38,0.909,41.69
A0974,2025-05-11,33.7,11.87,17.84,27.13,0.909,27.34
A0974,2025-05-12,33.7,17.2,26.19,40.2,0.909,40.51
A0975,2025-04-29,390.7,6.19,20.27,45.04,0.909,45.6
A0975,2025-04-30,390.7,9.32,26.67,57.13,0.909,57.82
A0975,2025-05-01,390.7,5.55,18.49,41.65,0.909,42.18
A0975,2025-05-02,390.7,9.62,27.11,58.88,0.909,59.6
A0975,2025-05-03,390.7,7.99,24.09,53.44,0.909,54.1
A0975,2025-05-04,390.7,4.97,17.98,41.08,0.909,41.61
A0975,2025-05-05,390.7,7.91,23.63,51.69,0.909,52.33
A0975,2025-05-06,390.7,7.39,23.07,50.6,0.909,51.23
A0975,2025-05-07,390.7,7.55,23.3,50.91,0.909,51.54
A0975,2025-05-08,390.7,8.65,25.57,55.32,0.909,55.99
A0975,2025-05-09,390.7,9.97,28.57,61.47,0.909,62.22
A0975,2025-05-10,390.7,9.41,27.35,59.55,0.909,60.29
A0975,2025-05-11,390.7,5.45,19.04,42.83,0.909,43.37
A0975,2025-05-12,390.7,11.61,31.25,66.18,0.909,66.97
A0976,2025-04-29,27.1,95.03,137.57,205.93,0.909,207.49
A0976,2025-04-30,27.1,38.84,55.6,82.54,0.909,83.16
A0976,2025-05-01,27.1,25.92,44.93,75.48,0.909,76.17
A0976,2025-05-02,27.1,40.39,61.71,95.99,0.909,96.77
A0976,2025-05-03,27.1,40.43,59.4,89.88,0.909,90.57
A0976,2025-05-04,27.1,28.85,44.42,69.44,0.909,70.01
A0976,2025-05-05,27.1,34.2,60.88,103.75,0.909,104.73
A0976,2025-05-06,27.1,37.11,57.1,89.22,0.909,89.95
A0976,2025-05-07,27.1,38.08,54.49,80.88,0.909,81.48
A0976,2025-05-08,27.1,41.82,63.46,98.23,0.909,99.02
A0976,2025-05-09,27.1,45.66,70.26,109.8,0.909,110.7
A0976,2025-05-10,27.1,46.93,69.7,106.31,0.909,107.14
A0976,2025-05-11,27.1,30.05,47.63,75.87,0.909,76.51
A0976,2025-05-12,27.1,44.02,83.03,145.73,0.909,147.15
A0977,2025-04-29,368.4,21.08,30.63,42.94,0.909,43.22
A0977,2025-04-30,368.4,25.95,38.57,54.82,0.909,55.19
A0977,2025-05-01,368.4,17.81,25.25,34.82,0.909,35.04
A0977,2025-05-02,368.4,25.46,36.66,51.07,0.909,51.4
A0977,2025-05-03,368.4,26.47,37.56,51.83,0.909,52.16
A0977,2025-05-04,368.4,19.82,29.08,41.01,0.909,41.28
A0977,2025-05-05,368.4,18.61,26.25,36.09,0.909,36.31
A0977,2025-05-06,368.4,21.75,31.35,43.71,0.909,43.99
A0977,2025-05-07,368.4,22.09,32.23,45.27,0.909,45.57
A0977,2025-05-08,368.4,23.71,34.53,48.44,0.909,48.76
A0977,2025-05-09,368.4,25.49,36.66,51.04,0.909,51.37
A0977,2025-05-10,368.4,26.36,37.36,51.52,0.909,51.84
A0977,2025-05-11,368.4,16.48,24.22,34.18,0.909,34.4
A0977,2025-05-12,368.4,22.48,32.91,46.34,0.909,46.64
A0978,2025-04-29,348.9,14.37,23.15,36.41,0.909,36.71
A0978,2025-04-30,348.9,17.01,25.97,39.51,0.909,39.82
A0978,2025-05-01,348.9,13.3,19.7,29.37,0.909,29.59
A0978,2025-05-02,348.9,17.32,26.9,41.38,0.909,41.7
A0978,2025-05-03,348.9,17.1,28.06,44.61,0.909,44.99
A0978,2025-05-04,348.9,14.39,21.22,31.53,0.909,31.77
A0978,2025-05-05,348.9,11.89,16.64,23.81,0.909,23.97
A0978,2025-05-06,348.9,14.53,22.41,34.32,0.909,34.59
A0978,2025-05-07,348.9,14.11,21.98,33.87,0.909,34.14
A0978,2025-05-08,348.9,15.01,23.85,37.21,0.909,37.51
A0978,2025-05-09,348.9,16.84,25.8,39.34,0.909,39.65
A0978,2025-05-10,348.9,16.76,26.74,41.83,0.909,42.17
A0978,2025-05-11,348.9,11.47,17.09,25.57,0.909,25.77
A0978,2025-05-12,348.9,13.9,19.05,26.84,0.909,27.01
A0979,2025-04-29,203.0,4.92,18.53,42.92,0.909,43.48
A0979,2025-04-30,203.0,7.73,24.51,54.33,0.909,55.01
A0979,2025-05-01,203.0,5.56,19.78,44.75,0.909,45.31
A0979,2025-05-02,203.0,8.64,26.46,58.18,0.909,58.9
A0979,2025-05-03,203.0,9.41,28.46,62.42,0.909,63.19
A0979,2025-05-04,203.0,5.72,20.76,46.96,0.909,47.56
A0979,2025-05-05,203.0,6.75,22.43,49.82,0.909,50.44
A0979,2025-05-06,203.0,7.03,23.28,51.62,0.909,52.27
A0979,2025-05-07,203.0,7.66,24.71,54.21,0.909,54.89
A0979,2025-05-08,203.0,9.11,27.76,59.78,0.909,60.51
A0979,2025-05-09,203.0,10.04,29.78,64.18,0.909,64.96
A0979,2025-05-10,203.0,10.96,31.85,68.68,0.909,69.51
A0979,2025-05-11,203.0,5.08,19.28,43.84,0.909,44.4
A0979,2025-05-12,203.0,10.09,29.31,62.92,0.909,63.69
A0980,2025-04-29,2.8,745.04,1061.35,1531.16,0.556,1126.6
A0980,2025-04-30,2.8,980.33,1434.78,2109.76,0.556,1528.53
A0980,2025-05-01,2.8,468.19,768.0,1213.3,0.556,829.84
A0980,2025-05-02,2.8,662.92,1059.85,1649.41,0.556,1141.73
A0980,2025-05-03,2.8,930.74,1371.36,2025.81,0.556,1462.26
A0980,2025-05-04,2.8,264.96,646.56,1213.35,0.556,725.28
A0980,2025-05-05,2.8,576.13,849.43,1255.35,0.556,905.81
A0980,2025-05-06,2.8,756.6,1062.11,1515.89,0.556,1125.14
A0980,2025-05-07,2.8,828.55,1181.8,1706.49,0.556,1254.68
A0980,2025-05-08,2.8,792.23,1171.25,1734.2,0.556,1249.44
A0980,2025-05-09,2.8,861.27,1259.34,1850.59,0.556,1341.46
A0980,2025-05-10,2.8,1100.11,1550.21,2218.74,0.556,1643.06
A0980,2025-05-11,2.8,428.78,711.78,1132.1,0.556,770.15
A0980,2025-05-12,2.8,732.09,1068.89,1569.12,0.556,1138.36
A0981,2025-04-29,161.0,18.68,24.36,32.53,0.909,32.72
A0981,2025-04-30,161.0,23.36,29.81,39.08,0.909,39.29
A0981,2025-05-01,161.0,17.37,23.39,32.06,0.909,32.25
A0981,2025-05-02,161.0,22.81,29.13,38.21,0.909,38.42
A0981,2025-05-03,161.0,23.67,30.78,41.01,0.909,41.24
A0981,2025-05-04,161.0,16.89,22.97,31.71,0.909,31.91
A0981,2025-05-05,161.0,18.33,23.76,31.57,0.909,31.75
A0981,2025-05-06,161.0,19.09,24.42,32.1,0.909,32.27
A0981,2025-05-07,161.0,19.6,25.01,32.8,0.909,32.98
A0981,2025-05-08,161.0,21.59,28.28,37.9,0.909,38.12
A0981,2025-05-09,161.0,23.14,29.31,38.19,0.909,38.39
A0981,2025-05-10,161.0,24.66,31.67,41.74,0.909,41.97
A0981,2025-05-11,161.0,14.8,19.65,26.64,0.909,26.8
A0981,2025-05-12,161.0,22.73,28.27,36.24,0.909,36.42
A0982,2025-04-29,405.4,27.84,41.88,58.15,0.909,58.52
A0982,2025-04-30,405.4,34.91,52.14,72.09,0.909,72.54
A0982,2025-05-01,405.4,25.53,37.92,52.27,0.909,52.59
A0982,2025-05-02,405.4,32.66,49.49,68.99,0.909,69.43
A0982,2025-05-03,405.4,34.61,51.49,71.03,0.909,71.48
A0982,2025-05-04,405.4,26.89,40.26,55.73,0.909,56.08
A0982,2025-05-05,405.4,25.83,38.61,53.41,0.909,53.74
A0982,2025-05-06,405.4,26.77,40.6,56.61,0.909,56.98
A0982,2025-05-07,405.4,27.33,41.38,57.66,0.909,58.03
A0982,2025-05-08,405.4,29.79,44.87,62.35,0.909,62.74
A0982,2025-05-09,405.4,32.07,48.87,68.34,0.909,68.78
A0982,2025-05-10,405.4,33.96,50.91,70.53,0.909,70.98
A0982,2025-05-11,405.4,21.85,33.03,45.99,0.909,46.29
A0982,2025-05-12,405.4,29.57,44.3,61.37,0.909,61.76
A0983,2025-04-29,402.4,45.98,63.48,88.11,0.909,88.67
A0983,2025-04-30,402.4,57.34,78.44,108.14,0.909,108.82
A0983,2025-05-01,402.4,42.24,57.64,79.32,0.909,79.81
A0983,2025-05-02,402.4,56.43,77.27,106.6,0.909,107.27
A0983,2025-05-03,402.4,57.44,77.73,106.29,0.909,106.94
A0983,2025-05-04,402.4,43.78,59.58,81.81,0.909,82.31
A0983,2025-05-05,402.4,43.39,58.78,80.42,0.909,80.91
A0983,2025-05-06,402.4,47.1,64.92,89.99,0.909,90.56
A0983,2025-05-07,402.4,47.29,64.05,87.64,0.909,88.17
A0983,2025-05-08,402.4,51.67,69.56,94.72,0.909,95.3
A0983,2025-05-09,402.4,56.23,76.88,105.93,0.909,106.59
A0983,2025-05-10,402.4,57.89,77.62,105.38,0.909,106.01
A0983,2025-05-11,402.4,36.63,49.84,68.43,0.909,68.86
A0983,2025-05-12,402.4,50.63,68.12,92.74,0.909,93.3
A0984,2025-04-29,7.6,53.28,111.68,207.88,0.556,125.05
A0984,2025-04-30,7.6,70.37,142.92,263.73,0.556,159.7
A0984,2025-05-01,7.6,50.22,104.24,193.15,0.556,116.58
A0984,2025-05-02,7.6,69.73,141.3,261.79,0.556,158.04
A0984,2025-05-03,7.6,73.47,148.83,277.78,0.556,166.74
A0984,2025-05-04,7.6,57.71,121.28,224.99,0.556,135.68
A0984,2025-05-05,7.6,52.54,110.02,206.13,0.556,123.37
A0984,2025-05-06,7.6,55.36,115.9,215.86,0.556,129.78
A0984,2025-05-07,7.6,56.93,119.32,222.19,0.556,133.61
A0984,2025-05-08,7.6,63.74,131.18,242.28,0.556,146.61
A0984,2025-05-09,7.6,69.33,141.81,262.92,0.556,158.63
A0984,2025-05-10,7.6,73.97,150.7,281.37,0.556,168.85
A0984,2025-05-11,7.6,45.71,98.47,184.4,0.556,110.41
A0984,2025-05-12,7.6,63.32,130.58,243.21,0.556,146.23
A0985,2025-04-29,301.3,21.84,31.64,45.98,0.909,46.31
A0985,2025-04-30,301.3,28.82,40.0,56.38,0.909,56.76
A0985,2025-05-01,301.3,20.69,29.19,41.63,0.909,41.92
A0985,2025-05-02,301.3,27.82,40.01,57.86,0.909,58.26
A0985,2025-05-03,301.3,29.36,41.03,58.12,0.909,58.5
A0985,2025-05-04,301.3,20.55,28.31,39.67,0.909,39.93
A0985,2025-05-05,301.3,22.85,32.18,45.85,0.909,46.16
A0985,2025-05-06,301.3,22.19,32.34,47.21,0.909,47.54
A0985,2025-05-07,301.3,23.47,34.83,51.47,0.909,51.85
A0985,2025-05-08,301.3,26.03,37.5,54.3,0.909,54.68
A0985,2025-05-09,301.3,27.54,40.4,59.22,0.909,59.65
A0985,2025-05-10,301.3,29.88,42.74,61.55,0.909,61.98
A0985,2025-05-11,301.3,17.87,26.04,38.0,0.909,38.27
A0985,2025-05-12,301.3,26.95,40.08,59.31,0.909,59.75
A0986,2025-04-29,4.9,66.16,91.52,130.29,0.556,96.91
A0986,2025-04-30,4.9,83.05,107.82,145.71,0.556,113.08
A0986,2025-05-01,4.9,61.75,85.2,121.05,0.556,90.18
A0986,2025-05-02,4.9,84.21,116.01,164.64,0.556,122.77
A0986,2025-05-03,4.9,85.23,114.33,158.84,0.556,120.51
A0986,2025-05-04,4.9,67.39,89.79,124.03,0.556,94.54
A0986,2025-05-05,4.9,66.6,90.55,127.17,0.556,95.63
A0986,2025-05-06,4.9,69.8,96.06,136.21,0.556,101.63
A0986,2025-05-07,4.9,69.07,92.33,127.89,0.556,97.27
A0986,2025-05-08,4.9,79.13,107.55,151.02,0.556,113.59
A0986,2025-05-09,4.9,86.64,119.1,168.73,0.556,125.99
A0986,2025-05-10,4.9,89.2,119.13,164.91,0.556,125.49
A0986,2025-05-11,4.9,85.05,115.06,160.95,0.556,121.43
A0986,2025-05-12,4.9,118.18,158.98,221.35,0.556,167.64
A0987,2025-04-29,8.2,272.17,520.45,1057.61,0.556,595.05
A0987,2025-04-30,8.2,335.45,634.15,1297.03,0.556,726.22
A0987,2025-05-01,8.2,247.23,467.68,954.3,0.556,535.27
A0987,2025-05-02,8.2,334.01,630.82,1301.39,0.556,723.95
A0987,2025-05-03,8.2,347.97,660.14,1375.09,0.556,759.44
A0987,2025-05-04,8.2,277.88,536.25,1108.07,0.556,615.67
A0987,2025-05-05,8.2,238.21,456.85,923.36,0.556,521.64
A0987,2025-05-06,8.2,269.47,515.68,1047.41,0.556,589.53
A0987,2025-05-07,8.2,278.73,532.66,1080.92,0.556,608.81
A0987,2025-05-08,8.2,301.29,571.33,1162.64,0.556,653.46
A0987,2025-05-09,8.2,491.22,916.19,2002.46,0.556,1067.06
A0987,2025-05-10,8.2,499.32,938.02,2110.13,0.556,1100.81
A0987,2025-05-11,8.2,375.46,713.78,1501.75,0.556,823.22
A0987,2025-05-12,8.2,444.05,838.3,1798.86,0.556,971.71
A0988,2025-04-29,5.9,17.07,26.64,41.19,0.556,28.66
A0988,2025-04-30,5.9,21.78,31.56,46.42,0.556,33.63
A0988,2025-05-01,5.9,16.0,24.08,36.34,0.556,25.78
A0988,2025-05-02,5.9,21.8,32.64,49.11,0.556,34.93
A0988,2025-05-03,5.9,22.74,34.17,51.52,0.556,36.58
A0988,2025-05-04,5.9,19.19,26.67,38.04,0.556,28.25
A0988,2025-05-05,5.9,15.47,23.31,35.24,0.556,24.97
A0988,2025-05-06,5.9,16.8,26.31,40.77,0.556,28.32
A0988,2025-05-07,5.9,17.39,26.4,40.08,0.556,28.3
A0988,2025-05-08,5.9,18.66,28.31,42.97,0.556,30.34
A0988,2025-05-09,5.9,20.79,31.47,47.7,0.556,33.72
A0988,2025-05-10,5.9,21.54,32.72,49.7,0.556,35.08
A0988,2025-05-11,5.9,14.03,20.86,31.23,0.556,22.3
A0988,2025-05-12,5.9,17.12,26.42,40.55,0.556,28.38
A0989,2025-04-29,5.3,38.76,52.97,72.37,0.556,55.66
A0989,2025-04-30,5.3,47.67,64.13,86.62,0.556,67.26
A0989,2025-05-01,5.3,36.09,50.02,69.05,0.556,52.67
A0989,2025-05-02,5.3,46.68,63.15,85.63,0.556,66.27
A0989,2025-05-03,5.3,49.64,66.85,90.34,0.556,70.11
A0989,2025-05-04,5.3,37.18,50.73,69.23,0.556,53.3
A0989,2025-05-05,5.3,53.96,74.34,102.16,0.556,78.2
A0989,2025-05-06,5.3,54.29,75.11,103.54,0.556,79.06
A0989,2025-05-07,5.3,57.13,77.44,105.16,0.556,81.29
A0989,2025-05-08,5.3,62.75,86.63,119.23,0.556,91.16
A0989,2025-05-09,5.3,57.79,79.79,109.83,0.556,83.96
A0989,2025-05-10,5.3,61.28,84.06,115.17,0.556,88.38
A0989,2025-05-11,5.3,38.4,53.59,74.33,0.556,56.47
A0989,2025-05-12,5.3,54.69,75.65,104.28,0.556,79.63
A0990,2025-04-29,363.8,15.38,23.79,34.64,0.909,34.89
A0990,2025-04-30,363.8,19.27,28.75,40.99,0.909,41.27
A0990,2025-05-01,363.8,13.65,21.62,31.89,0.909,32.13
A0990,2025-05-02,363.8,19.27,29.46,42.6,0.909,42.9
A0990,2025-05-03,363.8,18.34,27.81,40.03,0.909,40.31
A0990,2025-05-04,363.8,13.25,19.57,27.73,0.909,27.91
A0990,2025-05-05,363.8,15.32,23.28,33.55,0.909,33.78
A0990,2025-05-06,363.8,15.84,24.79,36.35,0.909,36.61
A0990,2025-05-07,363.8,16.08,25.7,38.12,0.909,38.4
A0990,2025-05-08,363.8,17.39,28.06,41.84,0.909,42.15
A0990,2025-05-09,363.8,19.5,30.34,44.34,0.909,44.65
A0990,2025-05-10,363.8,19.27,29.8,43.4,0.909,43.71
A0990,2025-05-11,363.8,12.45,19.26,28.05,0.909,28.25
A0990,2025-05-12,363.8,19.92,31.54,46.54,0.909,46.88
A0991,2025-04-29,177.4,8.41,13.71,20.67,0.909,20.82
A0991,2025-04-30,177.4,10.07,17.97,28.35,0.909,28.58
A0991,2025-05-01,177.4,7.67,12.38,18.55,0.909,18.69
A0991,2025-05-02,177.4,9.8,16.95,26.34,0.909,26.55
A0991,2025-05-03,177.4,10.76,17.71,26.83,0.909,27.03
A0991,2025-05-04,177.4,7.37,13.1,20.62,0.909,20.8
A0991,2025-05-05,177.4,8.07,13.61,20.87,0.909,21.04
A0991,2025-05-06,177.4,8.81,14.02,20.85,0.909,21.01
A0991,2025-05-07,177.4,9.23,15.63,24.03,0.909,24.22
A0991,2025-05-08,177.4,10.09,16.16,24.12,0.909,24.3
A0991,2025-05-09,177.4,10.24,17.46,26.94,0.909,27.16
A0991,2025-05-10,177.4,11.22,18.36,27.74,0.909,27.96
A0991,2025-05-11,177.4,6.87,11.64,17.91,0.909,18.05
A0991,2025-05-12,177.4,9.88,16.66,25.56,0.909,25.76
A0992,2025-04-29,4.6,17.11,25.07,36.5,0.556,26.66
A0992,2025-04-30,4.6,23.42,35.74,53.43,0.556,38.2
A0992,2025-05-01,4.6,16.01,25.17,38.31,0.556,26.99
A0992,2025-05-02,4.6,21.98,31.2,44.42,0.556,33.03
A0992,2025-05-03,4.6,22.52,33.69,49.72,0.556,35.92
A0992,2025-05-04,4.6,17.19,25.67,37.85,0.556,27.36
A0992,2025-05-05,4.6,16.61,25.15,37.4,0.556,26.85
A0992,2025-05-06,4.6,17.18,24.94,36.07,0.556,26.48
A0992,2025-05-07,4.6,19.18,28.03,40.73,0.556,29.79
A0992,2025-05-08,4.6,20.16,30.64,45.68,0.556,32.73
A0992,2025-05-09,4.6,21.62,30.81,44.0,0.556,32.64
A0992,2025-05-10,4.6,22.63,33.86,49.98,0.556,36.1
A0992,2025-05-11,4.6,13.69,20.01,29.09,0.556,21.27
A0992,2025-05-12,4.6,17.92,27.18,40.47,0.556,29.03
A0993,2025-04-29,303.5,10.35,17.47,26.09,0.909,26.29
A0993,2025-04-30,303.5,11.9,21.77,33.71,0.909,33.98
A0993,2025-05-01,303.5,8.63,15.18,23.11,0.909,23.29
A0993,2025-05-02,303.5,11.59,20.55,31.39,0.909,31.64
A0993,2025-05-03,303.5,12.58,22.17,33.77,0.909,34.03
A0993,2025-05-04,303.5,9.64,18.97,30.27,0.909,30.53
A0993,2025-05-05,303.5,7.88,13.63,20.58,0.909,20.73
A0993,2025-05-06,303.5,10.23,17.17,25.58,0.909,25.77
A0993,2025-05-07,303.5,10.18,16.12,23.31,0.909,23.47
A0993,2025-05-08,303.5,10.46,17.54,26.12,0.909,26.32
A0993,2025-05-09,303.5,11.41,19.6,29.5,0.909,29.73
A0993,2025-05-10,303.5,12.05,20.08,29.8,0.909,30.02
A0993,2025-05-11,303.5,7.73,13.62,20.75,0.909,20.91
A0993,2025-05-12,303.5,8.8,14.24,20.83,0.909,20.97
A0994,2025-04-29,4.5,0.05,6.28,19.71,0.556,8.14
A0994,2025-04-30,4.5,0.62,8.93,25.96,0.556,11.29
A0994,2025-05-01,4.5,0.21,5.92,19.41,0.556,7.79
A0994,2025-05-02,4.5,0.77,9.03,26.63,0.556,11.47
A0994,2025-05-03,4.5,1.19,10.69,30.48,0.556,13.44
A0994,2025-05-04,4.5,0.35,7.56,23.25,0.556,9.74
A0994,2025-05-05,4.5,0.37,8.04,24.25,0.556,10.29
A0994,2025-05-06,4.5,0.79,9.79,27.71,0.556,12.27
A0994,2025-05-07,4.5,1.07,10.84,29.94,0.556,13.49
A0994,2025-05-08,4.5,1.68,12.69,33.72,0.556,15.61
A0994,2025-05-09,4.5,2.18,14.03,36.82,0.556,17.2
A0994,2025-05-10,4.5,2.96,16.18,41.63,0.556,19.71
A0994,2025-05-11,4.5,0.65,9.78,27.18,0.556,12.2
A0994,2025-05-12,4.5,2.51,14.67,37.79,0.556,17.88
A0995,2025-04-29,3.6,56.13,79.02,117.49,0.556,84.36
A0995,2025-04-30,3.6,69.48,100.41,152.37,0.556,107.63
A0995,2025-05-01,3.6,51.67,74.73,113.47,0.556,80.11
A0995,2025-05-02,3.6,70.46,103.82,159.87,0.556,111.6
A0995,2025-05-03,3.6,72.99,105.07,158.98,0.556,112.56
A0995,2025-05-04,3.6,55.33,80.44,122.63,0.556,86.3
A0995,2025-05-05,3.6,50.05,70.83,105.75,0.556,75.68
A0995,2025-05-06,3.6,54.34,77.67,116.87,0.556,83.11
A0995,2025-05-07,3.6,55.69,77.74,114.8,0.556,82.89
A0995,2025-05-08,3.6,64.15,92.74,140.77,0.556,99.41
A0995,2025-05-09,3.6,70.61,103.53,158.83,0.556,111.21
A0995,2025-05-10,3.6,74.03,104.9,156.79,0.556,112.11
A0995,2025-05-11,3.6,44.79,64.04,96.37,0.556,68.53
A0995,2025-05-12,3.6,60.91,85.74,127.46,0.556,91.54
A0996,2025-04-29,2.9,140.05,201.2,285.8,0.556,212.95
A0996,2025-04-30,2.9,200.5,264.07,352.02,0.556,276.29
A0996,2025-05-01,2.9,124.76,175.73,246.24,0.556,185.52
A0996,2025-05-02,2.9,179.4,246.47,339.27,0.556,259.36
A0996,2025-05-03,2.9,197.16,271.02,373.21,0.556,285.21
A0996,2025-05-04,2.9,162.14,216.57,291.88,0.556,227.03
A0996,2025-05-05,2.9,130.51,184.07,258.16,0.556,194.36
A0996,2025-05-06,2.9,142.27,201.99,284.61,0.556,213.47
A0996,2025-05-07,2.9,151.65,210.21,291.22,0.556,221.46
A0996,2025-05-08,2.9,161.2,224.11,311.13,0.556,236.19
A0996,2025-05-09,2.9,181.02,248.13,340.97,0.556,261.02
A0996,2025-05-10,2.9,197.7,272.53,376.04,0.556,286.9
A0996,2025-05-11,2.9,118.84,167.42,234.63,0.556,176.76
A0996,2025-05-12,2.9,156.34,221.93,312.66,0.556,234.53
A0997,2025-04-29,5.3,241.73,328.42,434.72,0.556,343.19
A0997,2025-04-30,5.3,298.44,396.29,516.25,0.556,412.95
A0997,2025-05-01,5.3,218.23,291.62,381.61,0.556,304.12
A0997,2025-05-02,5.3,294.85,398.87,526.43,0.556,416.59
A0997,2025-05-03,5.3,311.62,435.45,587.28,0.556,456.53
A0997,2025-05-04,5.3,236.01,320.25,423.53,0.556,334.59
A0997,2025-05-05,5.3,228.71,308.83,407.07,0.556,322.48
A0997,2025-05-06,5.3,251.98,335.8,438.57,0.556,350.07
A0997,2025-05-07,5.3,257.99,348.99,460.57,0.556,364.49
A0997,2025-05-08,5.3,280.9,378.21,497.51,0.556,394.78
A0997,2025-05-09,5.3,304.54,409.13,537.36,0.556,426.94
A0997,2025-05-10,5.3,324.12,451.0,606.58,0.556,472.61
A0997,2025-05-11,5.3,204.24,279.98,372.83,0.556,292.87
A0997,2025-05-12,5.3,287.92,391.37,518.21,0.556,408.99
A0998,2025-04-29,24.9,8.12,12.68,19.59,0.909,19.75
A0998,2025-04-30,24.9,10.25,14.83,21.78,0.909,21.93
A0998,2025-05-01,24.9,6.79,11.11,17.66,0.909,17.81
A0998,2025-05-02,24.9,9.49,14.88,23.06,0.909,23.24
A0998,2025-05-03,24.9,10.06,14.87,22.17,0.909,22.34
A0998,2025-05-04,24.9,6.58,10.49,16.42,0.909,16.55
A0998,2025-05-05,24.9,7.92,12.86,20.35,0.909,20.52
A0998,2025-05-06,24.9,8.18,13.02,20.37,0.909,20.54
A0998,2025-05-07,24.9,8.29,12.65,19.26,0.909,19.41
A0998,2025-05-08,24.9,8.93,13.61,20.71,0.909,20.87
A0998,2025-05-09,24.9,9.94,15.6,24.2,0.909,24.4
A0998,2025-05-10,24.9,10.51,15.71,23.59,0.909,23.77
A0998,2025-05-11,24.9,6.36,10.32,16.32,0.909,16.46
A0998,2025-05-12,24.9,9.62,15.58,24.62,0.909,24.82
A0999,2025-04-29,386.3,21.77,30.55,41.25,0.909,41.5
A0999,2025-04-30,386.3,51.73,71.12,94.78,0.909,95.31
A0999,2025-05-01,386.3,39.07,52.68,69.28,0.909,69.66
A0999,2025-05-02,386.3,50.8,72.05,97.97,0.909,98.56
A0999,2025-05-03,386.3,48.78,70.68,97.39,0.909,98.0
A0999,2025-05-04,386.3,16.47,23.88,32.93,0.909,33.14
A0999,2025-05-05,386.3,20.61,28.38,37.86,0.909,38.07
A0999,2025-05-06,386.3,21.61,30.95,42.33,0.909,42.59
A0999,2025-05-07,386.3,22.41,32.14,44.01,0.909,44.28
A0999,2025-05-08,386.3,26.06,36.14,48.44,0.909,48.72
A0999,2025-05-09,386.3,28.32,39.4,52.92,0.909,53.23
A0999,2025-05-10,386.3,28.31,39.92,54.08,0.909,54.4
A0999,2025-05-11,386.3,18.87,26.73,36.31,0.909,36.53
A0999,2025-05-12,386.3,29.23,41.21,55.81,0.909,56.14
