article,date,shelf_life_days,q10,q50,q90,service_level,order_quantity
A0000,2025-04-29,413.2,16.91,25.79,37.75,0.909,38.02
A0000,2025-04-30,413.2,21.77,32.77,47.58,0.909,47.91
A0000,2025-05-01,413.2,15.07,23.7,35.32,0.909,35.59
A0000,2025-05-02,413.2,20.59,31.18,45.43,0.909,45.75
A0000,2025-05-03,413.2,20.47,31.63,46.65,0.909,46.99
A0000,2025-05-04,413.2,17.17,25.9,37.64,0.909,37.91
A0000,2025-05-05,413.2,16.33,26.36,39.86,0.909,40.16
A0000,2025-05-06,413.2,52.19,77.49,111.53,0.909,112.31
A0000,2025-05-07,413.2,55.25,84.3,123.38,0.909,124.27
A0000,2025-05-08,413.2,55.37,84.38,123.43,0.909,124.31
A0000,2025-05-09,413.2,18.24,28.65,42.67,0.909,42.99
A0000,2025-05-10,413.2,19.48,31.26,47.13,0.909,47.49
A0000,2025-05-11,413.2,15.05,24.02,36.09,0.909,36.36
A0000,2025-05-12,413.2,17.63,28.27,42.6,0.909,42.92
A0001,2025-04-29,10.8,24.61,38.09,57.72,0.909,58.17
A0001,2025-04-30,10.8,28.72,46.08,71.37,0.909,71.95
A0001,2025-05-01,10.8,22.67,35.6,54.44,0.909,54.87
A0001,2025-05-02,10.8,29.67,44.8,66.84,0.909,67.34
A0001,2025-05-03,10.8,28.28,42.63,63.54,0.909,64.01
A0001,2025-05-04,10.8,24.01,37.78,57.83,0.909,58.29
A0001,2025-05-05,10.8,22.75,37.92,60.02,0.909,60.52
A0001,2025-05-06,10.8,24.08,37.33,56.64,0.909,57.08
A0001,2025-05-07,10.8,24.51,39.14,60.46,0.909,60.95
A0001,2025-05-08,10.8,28.35,42.55,63.24,0.909,63.71
A0001,2025-05-09,10.8,29.83,44.3,65.39,0.909,65.87
A0001,2025-05-10,10.8,28.88,43.44,64.64,0.909,65.12
A0001,2025-05-11,10.8,22.54,33.99,50.67,0.909,51.05
A0001,2025-05-12,10.8,26.85,42.75,65.93,0.909,66.46
A0002,2025-04-29,5.7,0.73,10.73,29.05,0.556,13.28
A0002,2025-04-30,5.7,2.73,15.72,40.37,0.556,19.15
A0002,2025-05-01,5.7,1.26,11.91,31.57,0.556,14.64
A0002,2025-05-02,5.7,3.36,17.38,43.21,0.556,20.97
A0002,2025-05-03,5.7,4.23,19.36,46.82,0.556,23.17
A0002,2025-05-04,5.7,2.18,15.12,37.61,0.556,18.25
A0002,2025-05-05,5.7,2.62,16.09,39.36,0.556,19.32
A0002,2025-05-06,5.7,2.81,16.64,40.21,0.556,19.91
A0002,2025-05-07,5.7,3.8,18.77,44.34,0.556,22.32
A0002,2025-05-08,5.7,4.85,21.28,49.59,0.556,25.21
A0002,2025-05-09,5.7,6.12,23.89,54.85,0.556,28.19
A0002,2025-05-10,5.7,6.78,24.95,56.72,0.556,29.37
A0002,2025-05-11,5.7,2.71,15.9,38.32,0.556,19.01
A0002,2025-05-12,5.7,5.02,21.23,49.13,0.556,25.1
A0003,2025-04-29,6.7,17.4,25.48,38.53,0.556,27.29
A0003,2025-04-30,6.7,21.09,31.44,48.14,0.556,33.76
A0003,2025-05-01,6.7,16.78,25.42,39.37,0.556,27.35
A0003,2025-05-02,6.7,22.84,33.66,51.13,0.556,36.09
A0003,2025-05-03,6.7,22.9,33.81,51.42,0.556,36.25
A0003,2025-05-04,6.7,17.34,25.75,39.33,0.556,27.64
A0003,2025-05-05,6.7,17.84,26.71,41.04,0.556,28.7
A0003,2025-05-06,6.7,17.36,25.47,38.57,0.556,27.29
A0003,2025-05-07,6.7,18.41,26.83,40.43,0.556,28.72
A0003,2025-05-08,6.7,20.35,29.92,45.36,0.556,32.06
A0003,2025-05-09,6.7,22.11,33.0,50.59,0.556,35.44
A0003,2025-05-10,6.7,23.08,34.01,51.65,0.556,36.46
A0003,2025-05-11,6.7,15.71,23.16,35.18,0.556,24.83
A0003,2025-05-12,6.7,19.4,28.88,44.19,0.556,31.01
A0004,2025-04-29,12.3,81.01,112.96,166.54,0.909,167.76
A0004,2025-04-30,12.3,62.4,92.03,141.7,0.909,142.82
A0004,2025-05-01,12.3,44.55,60.01,85.93,0.909,86.52
A0004,2025-05-02,12.3,63.01,86.04,124.66,0.909,125.53
A0004,2025-05-03,12.3,59.15,82.28,121.07,0.909,121.95
A0004,2025-05-04,12.3,57.08,80.51,119.79,0.909,120.69
A0004,2025-05-05,12.3,49.11,67.33,97.86,0.909,98.56
A0004,2025-05-06,12.3,53.6,73.77,107.59,0.909,108.36
A0004,2025-05-07,12.3,54.87,77.15,114.51,0.909,115.36
A0004,2025-05-08,12.3,61.42,85.19,125.06,0.909,125.96
A0004,2025-05-09,12.3,65.17,87.43,124.75,0.909,125.6
A0004,2025-05-10,12.3,60.17,83.36,122.24,0.909,123.12
A0004,2025-05-11,12.3,47.42,65.48,95.75,0.909,96.44
A0004,2025-05-12,12.3,60.0,84.5,125.59,0.909,126.53
A0005,2025-04-29,2.6,50.79,73.18,108.93,0.556,78.15
A0005,2025-04-30,2.6,66.59,90.52,128.74,0.556,95.83
A0005,2025-05-01,2.6,42.09,58.84,85.6,0.556,62.56
A0005,2025-05-02,2.6,56.44,77.74,111.76,0.556,82.47
A0005,2025-05-03,2.6,60.18,83.86,121.67,0.556,89.11
A0005,2025-05-04,2.6,50.42,68.02,96.11,0.556,71.92
A0005,2025-05-05,2.6,44.32,63.28,93.54,0.556,67.48
A0005,2025-05-06,2.6,48.97,71.39,107.18,0.556,76.36
A0005,2025-05-07,2.6,51.75,72.23,104.94,0.556,76.77
A0005,2025-05-08,2.6,52.95,73.08,105.21,0.556,77.54
A0005,2025-05-09,2.6,54.28,75.81,110.18,0.556,80.58
A0005,2025-05-10,2.6,59.95,83.47,121.03,0.556,88.69
A0005,2025-05-11,2.6,40.9,56.41,81.16,0.556,59.85
A0005,2025-05-12,2.6,53.4,75.69,111.29,0.556,80.64
A0006,2025-04-29,24.3,15.48,25.63,38.88,0.909,39.18
A0006,2025-04-30,24.3,24.3,38.61,57.3,0.909,57.72
A0006,2025-05-01,24.3,14.55,24.66,37.84,0.909,38.14
A0006,2025-05-02,24.3,20.62,36.71,57.71,0.909,58.19
A0006,2025-05-03,24.3,20.89,36.19,56.15,0.909,56.6
A0006,2025-05-04,24.3,19.43,30.12,44.07,0.909,44.39
A0006,2025-05-05,24.3,15.51,29.16,46.97,0.909,47.37
A0006,2025-05-06,24.3,15.57,25.95,39.49,0.909,39.8
A0006,2025-05-07,24.3,18.09,34.76,56.53,0.909,57.02
A0006,2025-05-08,24.3,19.54,34.44,53.89,0.909,54.34
A0006,2025-05-09,24.3,20.31,35.74,55.89,0.909,56.34
A0006,2025-05-10,24.3,22.21,39.64,62.39,0.909,62.9
A0006,2025-05-11,24.3,14.92,28.03,45.14,0.909,45.53
A0006,2025-05-12,24.3,18.26,33.36,53.07,0.909,53.51
A0007,2025-04-29,12.2,18.13,27.89,41.83,0.909,42.15
A0007,2025-04-30,12.2,24.69,38.01,57.03,0.909,57.46
A0007,2025-05-01,12.2,16.72,26.84,41.29,0.909,41.62
A0007,2025-05-02,12.2,20.96,31.66,46.94,0.909,47.28
A0007,2025-05-03,12.2,21.68,33.02,49.22,0.909,49.59
A0007,2025-05-04,12.2,19.6,30.17,45.27,0.909,45.62
A0007,2025-05-05,12.2,17.35,28.01,43.24,0.909,43.59
A0007,2025-05-06,12.2,17.92,27.64,41.52,0.909,41.83
A0007,2025-05-07,12.2,19.71,31.07,47.3,0.909,47.67
A0007,2025-05-08,12.2,20.29,31.63,47.83,0.909,48.19
A0007,2025-05-09,12.2,21.01,31.65,46.84,0.909,47.18
A0007,2025-05-10,12.2,21.64,32.95,49.1,0.909,49.46
A0007,2025-05-11,12.2,16.32,25.58,38.8,0.909,39.1
A0007,2025-05-12,12.2,20.59,32.2,48.78,0.909,49.16
A0008,2025-04-29,5.5,74.36,159.72,317.06,0.556,181.57
A0008,2025-04-30,5.5,113.55,230.52,466.55,0.556,263.3
A0008,2025-05-01,5.5,64.54,138.31,274.21,0.556,157.18
A0008,2025-05-02,5.5,94.23,192.37,380.06,0.556,218.44
A0008,2025-05-03,5.5,96.47,194.57,384.35,0.556,220.93
A0008,2025-05-04,5.5,87.9,182.1,364.91,0.556,207.49
A0008,2025-05-05,5.5,69.08,146.89,291.58,0.556,166.98
A0008,2025-05-06,5.5,76.32,159.93,315.69,0.556,181.56
A0008,2025-05-07,5.5,82.36,169.61,334.3,0.556,192.48
A0008,2025-05-08,5.5,88.87,182.05,360.76,0.556,206.87
A0008,2025-05-09,5.5,93.12,189.98,376.46,0.556,215.88
A0008,2025-05-10,5.5,96.63,195.08,386.36,0.556,221.65
A0008,2025-05-11,5.5,63.94,138.81,275.64,0.556,157.81
A0008,2025-05-12,5.5,85.41,175.76,348.33,0.556,199.73
A0009,2025-04-29,436.1,5.39,10.17,17.52,0.909,17.69
A0009,2025-04-30,436.1,8.59,15.14,25.23,0.909,25.46
A0009,2025-05-01,436.1,5.51,10.28,17.61,0.909,17.78
A0009,2025-05-02,436.1,7.65,14.61,25.32,0.909,25.56
A0009,2025-05-03,436.1,8.32,15.58,26.75,0.909,27.01
A0009,2025-05-04,436.1,6.12,11.27,19.18,0.909,19.36
A0009,2025-05-05,436.1,5.99,10.94,18.56,0.909,18.73
A0009,2025-05-06,436.1,5.49,10.22,17.5,0.909,17.66
A0009,2025-05-07,436.1,6.25,11.27,19.01,0.909,19.18
A0009,2025-05-08,436.1,7.03,12.97,22.11,0.909,22.31
A0009,2025-05-09,436.1,7.74,14.53,24.98,0.909,25.22
A0009,2025-05-10,436.1,8.31,15.63,26.89,0.909,27.14
A0009,2025-05-11,436.1,5.09,9.22,15.58,0.909,15.73
A0009,2025-05-12,436.1,7.08,12.79,21.57,0.909,21.77
A0010,2025-04-29,13.5,87.58,120.23,180.02,0.909,181.38
A0010,2025-04-30,13.5,119.12,161.13,238.05,0.909,239.8
A0010,2025-05-01,13.5,81.88,111.54,165.85,0.909,167.08
A0010,2025-05-02,13.5,104.13,140.13,206.04,0.909,207.54
A0010,2025-05-03,13.5,107.78,148.66,223.52,0.909,225.22
A0010,2025-05-04,13.5,104.11,140.12,206.06,0.909,207.56
A0010,2025-05-05,13.5,90.66,122.9,181.94,0.909,183.28
A0010,2025-05-06,13.5,91.34,124.7,185.81,0.909,187.2
A0010,2025-05-07,13.5,97.95,131.74,193.62,0.909,195.03
A0010,2025-05-08,13.5,104.63,142.7,212.41,0.909,214.0
A0010,2025-05-09,13.5,102.34,140.38,210.05,0.909,211.63
A0010,2025-05-10,13.5,108.62,148.77,222.3,0.909,223.97
A0010,2025-05-11,13.5,91.08,124.61,186.02,0.909,187.41
A0010,2025-05-12,13.5,103.97,142.84,214.03,0.909,215.65
A0011,2025-04-29,6.0,18.67,30.64,51.13,0.556,33.49
A0011,2025-04-30,6.0,30.98,48.24,77.77,0.556,52.34
A0011,2025-05-01,6.0,18.64,28.2,44.57,0.556,30.48
A0011,2025-05-02,6.0,27.32,42.2,67.65,0.556,45.74
A0011,2025-05-03,6.0,30.6,44.25,67.59,0.556,47.49
A0011,2025-05-04,6.0,24.24,36.27,56.86,0.556,39.13
A0011,2025-05-05,6.0,21.78,32.15,49.87,0.556,34.61
A0011,2025-05-06,6.0,23.45,35.56,56.28,0.556,38.44
A0011,2025-05-07,6.0,26.44,38.34,58.69,0.556,41.16
A0011,2025-05-08,6.0,27.81,40.52,62.25,0.556,43.54
A0011,2025-05-09,6.0,29.08,44.2,70.06,0.556,47.79
A0011,2025-05-10,6.0,32.21,45.91,69.34,0.556,49.16
A0011,2025-05-11,6.0,19.76,29.3,45.61,0.556,31.56
A0011,2025-05-12,6.0,26.4,39.16,60.99,0.556,42.19
A0012,2025-04-29,4.5,10.66,16.18,25.34,0.556,17.46
A0012,2025-04-30,4.5,16.3,26.61,43.69,0.556,28.98
A0012,2025-05-01,4.5,10.47,16.85,27.42,0.556,18.32
A0012,2025-05-02,4.5,14.26,21.96,34.71,0.556,23.73
A0012,2025-05-03,4.5,13.83,21.54,34.31,0.556,23.31
A0012,2025-05-04,4.5,11.32,18.27,29.79,0.556,19.87
A0012,2025-05-05,4.5,10.55,16.89,27.38,0.556,18.34
A0012,2025-05-06,4.5,10.74,16.18,25.19,0.556,17.43
A0012,2025-05-07,4.5,11.82,18.61,29.86,0.556,20.17
A0012,2025-05-08,4.5,13.09,20.38,32.45,0.556,22.06
A0012,2025-05-09,4.5,15.0,22.36,34.55,0.556,24.05
A0012,2025-05-10,4.5,14.05,21.9,34.9,0.556,23.7
A0012,2025-05-11,4.5,8.45,13.4,21.59,0.556,14.53
A0012,2025-05-12,4.5,12.91,19.71,30.97,0.556,21.27
A0013,2025-04-29,405.7,29.06,41.14,61.11,0.909,61.57
A0013,2025-04-30,405.7,42.61,60.13,89.1,0.909,89.75
A0013,2025-05-01,405.7,25.35,35.16,51.38,0.909,51.75
A0013,2025-05-02,405.7,34.5,47.57,69.18,0.909,69.67
A0013,2025-05-03,405.7,34.34,48.86,72.87,0.909,73.41
A0013,2025-05-04,405.7,34.28,47.05,68.17,0.909,68.65
A0013,2025-05-05,405.7,27.57,38.27,55.95,0.909,56.35
A0013,2025-05-06,405.7,27.94,40.08,60.15,0.909,60.6
A0013,2025-05-07,405.7,31.18,44.3,66.0,0.909,66.5
A0013,2025-05-08,405.7,32.59,45.59,67.07,0.909,67.56
A0013,2025-05-09,405.7,33.57,46.25,67.22,0.909,67.7
A0013,2025-05-10,405.7,35.86,51.11,76.32,0.909,76.89
A0013,2025-05-11,405.7,28.52,39.33,57.21,0.909,57.61
A0013,2025-05-12,405.7,31.47,43.77,64.1,0.909,64.57
A0014,2025-04-29,434.9,0.59,9.52,26.05,0.909,26.42
A0014,2025-04-30,434.9,2.09,13.57,34.7,0.909,35.18
A0014,2025-05-01,434.9,0.61,9.92,26.79,0.909,27.17
A0014,2025-05-02,434.9,1.72,13.44,34.18,0.909,34.65
A0014,2025-05-03,434.9,2.06,14.33,35.86,0.909,36.35
A0014,2025-05-04,434.9,0.68,10.95,28.84,0.909,29.25
A0014,2025-05-05,434.9,0.6,10.86,28.62,0.909,29.03
A0014,2025-05-06,434.9,0.62,11.09,29.02,0.909,29.43
A0014,2025-05-07,434.9,0.98,12.1,31.03,0.909,31.46
A0014,2025-05-08,434.9,1.51,13.74,34.51,0.909,34.98
A0014,2025-05-09,434.9,2.12,15.28,37.72,0.909,38.23
A0014,2025-05-10,434.9,2.49,16.11,39.3,0.909,39.83
A0014,2025-05-11,434.9,0.31,10.47,27.63,0.909,28.02
A0014,2025-05-12,434.9,1.51,13.94,34.88,0.909,35.35
A0015,2025-04-29,322.8,0.19,5.89,19.31,0.909,19.61
A0015,2025-04-30,322.8,1.54,10.94,31.45,0.909,31.91
A0015,2025-05-01,322.8,0.43,6.42,20.89,0.909,21.22
A0015,2025-05-02,322.8,1.44,10.28,29.28,0.909,29.71
A0015,2025-05-03,322.8,1.62,10.98,30.58,0.909,31.02
A0015,2025-05-04,322.8,1.02,9.16,27.07,0.909,27.48
A0015,2025-05-05,322.8,1.14,8.85,25.96,0.909,26.35
A0015,2025-05-06,322.8,0.85,8.38,24.75,0.909,25.13
A0015,2025-05-07,322.8,2.11,11.65,31.5,0.909,31.95
A0015,2025-05-08,322.8,2.37,12.81,34.25,0.909,34.73
A0015,2025-05-09,322.8,2.81,14.52,37.57,0.909,38.1
A0015,2025-05-10,322.8,3.63,16.59,41.6,0.909,42.17
A0015,2025-05-11,322.8,1.78,10.59,28.94,0.909,29.35
A0015,2025-05-12,322.8,2.5,13.41,34.97,0.909,35.46
A0016,2025-04-29,28.2,14.7,22.39,33.23,0.909,33.48
A0016,2025-04-30,28.2,22.65,37.4,58.23,0.909,58.7
A0016,2025-05-01,28.2,13.65,20.88,31.07,0.909,31.31
A0016,2025-05-02,28.2,20.47,32.31,49.03,0.909,49.41
A0016,2025-05-03,28.2,19.64,30.72,46.36,0.909,46.71
A0016,2025-05-04,28.2,18.12,28.22,42.48,0.909,42.81
A0016,2025-05-05,28.2,15.21,24.46,37.51,0.909,37.8
A0016,2025-05-06,28.2,14.68,22.42,33.35,0.909,33.6
A0016,2025-05-07,28.2,17.33,27.96,42.96,0.909,43.3
A0016,2025-05-08,28.2,18.14,27.55,40.84,0.909,41.14
A0016,2025-05-09,28.2,20.05,31.14,46.8,0.909,47.15
A0016,2025-05-10,28.2,20.86,33.08,50.32,0.909,50.71
A0016,2025-05-11,28.2,14.49,23.02,35.07,0.909,35.34
A0016,2025-05-12,28.2,17.24,27.13,41.08,0.909,41.4
A0017,2025-04-29,12.5,52.94,71.05,99.2,0.909,99.84
A0017,2025-04-30,12.5,70.47,98.18,141.25,0.909,142.23
A0017,2025-05-01,12.5,49.24,68.14,97.5,0.909,98.17
A0017,2025-05-02,12.5,61.12,81.75,113.81,0.909,114.54
A0017,2025-05-03,12.5,60.72,82.34,115.93,0.909,116.7
A0017,2025-05-04,12.5,57.91,81.82,119.0,0.909,119.85
A0017,2025-05-05,12.5,49.86,67.57,95.09,0.909,95.71
A0017,2025-05-06,12.5,51.98,70.39,99.0,0.909,99.65
A0017,2025-05-07,12.5,53.45,72.11,101.12,0.909,101.78
A0017,2025-05-08,12.5,59.89,82.62,117.95,0.909,118.75
A0017,2025-05-09,12.5,60.66,82.18,115.63,0.909,116.39
A0017,2025-05-10,12.5,60.42,81.77,114.94,0.909,115.7
A0017,2025-05-11,12.5,47.55,66.72,96.51,0.909,97.18
A0017,2025-05-12,12.5,56.84,77.33,109.18,0.909,109.91
A0018,2025-04-29,413.1,6.22,13.78,25.41,0.909,25.67
A0018,2025-04-30,413.1,10.75,19.91,33.99,0.909,34.31
A0018,2025-05-01,413.1,5.98,11.6,20.24,0.909,20.43
A0018,2025-05-02,413.1,8.02,17.65,32.46,0.909,32.8
A0018,2025-05-03,413.1,8.72,18.25,32.91,0.909,33.24
A0018,2025-05-04,413.1,8.19,15.47,26.68,0.909,26.93
A0018,2025-05-05,413.1,6.3,13.19,23.77,0.909,24.01
A0018,2025-05-06,413.1,6.35,13.94,25.6,0.909,25.87
A0018,2025-05-07,413.1,7.55,17.12,31.83,0.909,32.16
A0018,2025-05-08,413.1,7.83,17.14,31.45,0.909,31.77
A0018,2025-05-09,413.1,8.31,17.08,30.56,0.909,30.87
A0018,2025-05-10,413.1,9.3,20.12,36.75,0.909,37.12
A0018,2025-05-11,413.1,6.04,13.92,26.02,0.909,26.3
A0018,2025-05-12,413.1,7.41,15.93,29.03,0.909,29.33
A0019,2025-04-29,299.6,0.33,6.8,20.5,0.909,20.81
A0019,2025-04-30,299.6,1.6,10.63,29.04,0.909,29.46
A0019,2025-05-01,299.6,0.26,6.76,20.6,0.909,20.91
A0019,2025-05-02,299.6,0.83,9.31,25.87,0.909,26.24
A0019,2025-05-03,299.6,0.79,9.59,26.26,0.909,26.64
A0019,2025-05-04,299.6,0.43,8.42,24.08,0.909,24.44
A0019,2025-05-05,299.6,0.27,7.59,22.19,0.909,22.52
A0019,2025-05-06,299.6,0.07,7.61,22.11,0.909,22.44
A0019,2025-05-07,299.6,7.59,31.16,72.29,0.909,73.22
A0019,2025-05-08,299.6,8.1,32.46,76.86,0.909,77.87
A0019,2025-05-09,299.6,9.79,38.24,91.91,0.909,93.13
A0019,2025-05-10,299.6,11.85,43.93,104.77,0.909,106.15
A0019,2025-05-11,299.6,5.69,26.12,60.72,0.909,61.51
A0019,2025-05-12,299.6,9.64,36.81,87.87,0.909,89.03
A0020,2025-04-29,11.6,46.09,64.29,98.59,0.909,99.37
A0020,2025-04-30,11.6,56.36,78.97,121.57,0.909,122.54
A0020,2025-05-01,11.6,41.3,56.33,84.65,0.909,85.3
A0020,2025-05-02,11.6,52.94,72.87,110.43,0.909,111.28
A0020,2025-05-03,11.6,52.14,71.1,106.8,0.909,107.61
A0020,2025-05-04,11.6,50.9,72.58,113.42,0.909,114.35
A0020,2025-05-05,11.6,46.13,64.32,98.61,0.909,99.39
A0020,2025-05-06,11.6,46.15,64.22,98.27,0.909,99.04
A0020,2025-05-07,11.6,46.26,64.1,97.69,0.909,98.46
A0020,2025-05-08,11.6,51.67,71.72,109.49,0.909,110.34
A0020,2025-05-09,11.6,52.48,72.04,108.89,0.909,109.73
A0020,2025-05-10,11.6,52.87,71.93,107.83,0.909,108.64
A0020,2025-05-11,11.6,43.47,61.23,94.69,0.909,95.45
A0020,2025-05-12,11.6,54.79,77.08,119.07,0.909,120.02
A0021,2025-04-29,316.5,5.29,10.79,19.2,0.909,19.39
A0021,2025-04-30,316.5,9.63,17.63,29.89,0.909,30.17
A0021,2025-05-01,316.5,5.14,10.68,19.16,0.909,19.35
A0021,2025-05-02,316.5,7.72,15.31,26.92,0.909,27.18
A0021,2025-05-03,316.5,9.27,17.79,30.85,0.909,31.14
A0021,2025-05-04,316.5,6.4,11.95,20.43,0.909,20.62
A0021,2025-05-05,316.5,5.91,11.37,19.72,0.909,19.91
A0021,2025-05-06,316.5,6.21,11.63,19.94,0.909,20.13
A0021,2025-05-07,316.5,7.57,13.8,23.34,0.909,23.55
A0021,2025-05-08,316.5,8.16,16.07,28.17,0.909,28.45
A0021,2025-05-09,316.5,8.08,15.4,26.6,0.909,26.86
A0021,2025-05-10,316.5,10.03,18.68,31.93,0.909,32.23
A0021,2025-05-11,316.5,5.5,9.95,16.75,0.909,16.9
A0021,2025-05-12,316.5,7.61,14.48,25.01,0.909,25.25
A0022,2025-04-29,5.8,130.8,147.64,174.61,0.556,151.39
A0022,2025-04-30,5.8,69.74,85.54,110.85,0.556,89.06
A0022,2025-05-01,5.8,43.2,60.16,87.31,0.556,63.93
A0022,2025-05-02,5.8,61.6,80.72,111.35,0.556,84.98
A0022,2025-05-03,5.8,62.3,82.46,114.76,0.556,86.95
A0022,2025-05-04,5.8,63.41,79.81,106.09,0.556,83.46
A0022,2025-05-05,5.8,49.12,68.24,98.87,0.556,72.5
A0022,2025-05-06,5.8,53.58,70.6,97.85,0.556,74.38
A0022,2025-05-07,5.8,58.04,73.12,97.27,0.556,76.47
A0022,2025-05-08,5.8,63.1,79.86,106.72,0.556,83.59
A0022,2025-05-09,5.8,63.83,83.99,116.28,0.556,88.47
A0022,2025-05-10,5.8,66.97,86.64,118.13,0.556,91.01
A0022,2025-05-11,5.8,50.69,67.17,93.57,0.556,70.84
A0022,2025-05-12,5.8,60.22,79.89,111.38,0.556,84.26
A0023,2025-04-29,150.1,15.54,23.08,34.93,0.909,35.2
A0023,2025-04-30,150.1,21.08,31.62,48.22,0.909,48.6
A0023,2025-05-01,150.1,14.31,21.46,32.71,0.909,32.97
A0023,2025-05-02,150.1,18.94,28.17,42.68,0.909,43.01
A0023,2025-05-03,150.1,21.12,31.59,48.08,0.909,48.46
A0023,2025-05-04,150.1,16.58,25.32,39.08,0.909,39.4
A0023,2025-05-05,150.1,14.22,20.93,31.48,0.909,31.72
A0023,2025-05-06,150.1,15.64,23.16,35.01,0.909,35.28
A0023,2025-05-07,150.1,17.13,24.94,37.25,0.909,37.53
A0023,2025-05-08,150.1,18.03,26.59,40.06,0.909,40.37
A0023,2025-05-09,150.1,18.97,28.19,42.7,0.909,43.03
A0023,2025-05-10,150.1,21.11,31.57,48.05,0.909,48.42
A0023,2025-05-11,150.1,13.68,20.52,31.29,0.909,31.54
A0023,2025-05-12,150.1,17.36,25.12,37.34,0.909,37.62
A0024,2025-04-29,424.7,5.17,11.44,20.71,0.909,20.92
A0024,2025-04-30,424.7,7.76,18.39,34.1,0.909,34.46
A0024,2025-05-01,424.7,5.19,10.71,18.86,0.909,19.05
A0024,2025-05-02,424.7,6.99,15.13,27.15,0.909,27.43
A0024,2025-05-03,424.7,6.93,14.31,25.2,0.909,25.45
A0024,2025-05-04,424.7,5.86,14.01,26.05,0.909,26.33
A0024,2025-05-05,424.7,5.79,12.81,23.17,0.909,23.41
A0024,2025-05-06,424.7,5.37,11.57,20.71,0.909,20.92
A0024,2025-05-07,424.7,6.84,14.32,25.38,0.909,25.63
A0024,2025-05-08,424.7,6.95,13.98,24.37,0.909,24.61
A0024,2025-05-09,424.7,6.91,14.27,25.15,0.909,25.4
A0024,2025-05-10,424.7,7.8,16.31,28.89,0.909,29.18
A0024,2025-05-11,424.7,6.03,12.77,22.74,0.909,22.96
A0024,2025-05-12,424.7,6.58,13.65,24.07,0.909,24.31
A0025,2025-04-29,320.7,12.73,20.57,32.06,0.909,32.32
A0025,2025-04-30,320.7,17.56,27.25,41.44,0.909,41.77
A0025,2025-05-01,320.7,12.92,20.73,32.16,0.909,32.42
A0025,2025-05-02,320.7,17.78,28.32,43.73,0.909,44.08
A0025,2025-05-03,320.7,18.75,30.12,46.77,0.909,47.15
A0025,2025-05-04,320.7,11.85,19.0,29.45,0.909,29.69
A0025,2025-05-05,320.7,12.04,19.57,30.58,0.909,30.83
A0025,2025-05-06,320.7,13.19,21.06,32.58,0.909,32.84
A0025,2025-05-07,320.7,14.56,22.94,35.21,0.909,35.49
A0025,2025-05-08,320.7,16.97,27.1,41.94,0.909,42.27
A0025,2025-05-09,320.7,18.24,28.87,44.42,0.909,44.78
A0025,2025-05-10,320.7,18.68,30.03,46.63,0.909,47.01
A0025,2025-05-11,320.7,10.69,17.24,26.81,0.909,27.03
A0025,2025-05-12,320.7,14.9,23.95,37.2,0.909,37.5
A0026,2025-04-29,35.5,27.16,37.75,56.21,0.909,56.63
A0026,2025-04-30,35.5,38.69,53.81,80.15,0.909,80.75
A0026,2025-05-01,35.5,25.43,34.92,51.47,0.909,51.85
A0026,2025-05-02,35.5,51.23,72.7,110.12,0.909,110.97
A0026,2025-05-03,35.5,49.85,70.56,106.66,0.909,107.48
A0026,2025-05-04,35.5,39.29,54.39,80.72,0.909,81.32
A0026,2025-05-05,35.5,37.43,52.24,78.04,0.909,78.63
A0026,2025-05-06,35.5,37.17,53.79,82.77,0.909,83.43
A0026,2025-05-07,35.5,26.98,38.86,59.56,0.909,60.03
A0026,2025-05-08,35.5,30.5,43.77,66.9,0.909,67.42
A0026,2025-05-09,35.5,33.79,47.74,72.05,0.909,72.6
A0026,2025-05-10,35.5,34.63,48.59,72.93,0.909,73.48
A0026,2025-05-11,35.5,24.24,33.29,49.07,0.909,49.43
A0026,2025-05-12,35.5,31.52,42.79,62.42,0.909,62.86
A0027,2025-04-29,3.3,31.43,44.78,67.11,0.556,47.88
A0027,2025-04-30,3.3,37.86,52.62,77.3,0.556,56.05
A0027,2025-05-01,3.3,27.56,39.26,58.84,0.556,41.98
A0027,2025-05-02,3.3,37.41,51.69,75.58,0.556,55.01
A0027,2025-05-03,3.3,38.5,54.49,81.23,0.556,58.2
A0027,2025-05-04,3.3,29.57,40.85,59.73,0.556,43.48
A0027,2025-05-05,3.3,29.49,42.67,64.71,0.556,45.73
A0027,2025-05-06,3.3,31.25,44.48,66.62,0.556,47.56
A0027,2025-05-07,3.3,31.3,44.39,66.28,0.556,47.43
A0027,2025-05-08,3.3,34.76,49.31,73.66,0.556,52.69
A0027,2025-05-09,3.3,37.64,51.67,75.14,0.556,54.93
A0027,2025-05-10,3.3,38.83,54.85,81.63,0.556,58.57
A0027,2025-05-11,3.3,24.23,34.31,51.18,0.556,36.66
A0027,2025-05-12,3.3,34.71,49.94,75.41,0.556,53.48
A0028,2025-04-29,14.2,38.62,57.01,82.31,0.909,82.88
A0028,2025-04-30,14.2,50.82,76.33,111.45,0.909,112.24
A0028,2025-05-01,14.2,33.27,48.76,70.09,0.909,70.58
A0028,2025-05-02,14.2,44.62,65.1,93.3,0.909,93.94
A0028,2025-05-03,14.2,42.89,62.09,88.53,0.909,89.14
A0028,2025-05-04,14.2,64.56,93.06,132.31,0.909,133.2
A0028,2025-05-05,14.2,67.95,94.95,132.12,0.909,132.97
A0028,2025-05-06,14.2,64.78,92.86,131.51,0.909,132.39
A0028,2025-05-07,14.2,69.15,99.59,141.5,0.909,142.45
A0028,2025-05-08,14.2,71.59,101.29,142.17,0.909,143.1
A0028,2025-05-09,14.2,77.47,108.76,151.85,0.909,152.83
A0028,2025-05-10,14.2,39.36,58.59,85.06,0.909,85.66
A0028,2025-05-11,14.2,30.88,46.74,68.56,0.909,69.06
A0028,2025-05-12,14.2,40.72,61.47,90.03,0.909,90.68
A0029,2025-04-29,322.0,11.25,20.54,35.09,0.909,35.42
A0029,2025-04-30,322.0,15.17,28.11,48.4,0.909,48.86
A0029,2025-05-01,322.0,10.39,16.05,24.93,0.909,25.13
A0029,2025-05-02,322.0,14.39,24.27,39.75,0.909,40.1
A0029,2025-05-03,322.0,14.09,24.36,40.45,0.909,40.82
A0029,2025-05-04,322.0,12.67,23.04,39.29,0.909,39.66
A0029,2025-05-05,322.0,11.03,18.24,29.54,0.909,29.8
A0029,2025-05-06,322.0,11.21,20.29,34.51,0.909,34.84
A0029,2025-05-07,322.0,12.39,22.13,37.41,0.909,37.75
A0029,2025-05-08,322.0,13.85,23.65,39.02,0.909,39.37
A0029,2025-05-09,322.0,14.24,23.3,37.51,0.909,37.83
A0029,2025-05-10,322.0,15.06,26.34,44.02,0.909,44.43
A0029,2025-05-11,322.0,10.93,19.47,32.86,0.909,33.16
A0029,2025-05-12,322.0,13.02,22.29,36.84,0.909,37.17
A0030,2025-04-29,160.1,25.11,36.33,53.52,0.909,53.91
A0030,2025-04-30,160.1,31.21,47.21,71.71,0.909,72.27
A0030,2025-05-01,160.1,23.98,33.86,49.0,0.909,49.35
A0030,2025-05-02,160.1,30.45,41.79,59.15,0.909,59.54
A0030,2025-05-03,160.1,30.34,43.34,63.26,0.909,63.71
A0030,2025-05-04,160.1,23.84,34.19,50.06,0.909,50.42
A0030,2025-05-05,160.1,22.64,32.39,47.33,0.909,47.67
A0030,2025-05-06,160.1,25.89,37.17,54.46,0.909,54.85
A0030,2025-05-07,160.1,25.95,38.14,56.82,0.909,57.24
A0030,2025-05-08,160.1,29.48,40.95,58.52,0.909,58.92
A0030,2025-05-09,160.1,32.53,43.98,61.52,0.909,61.92
A0030,2025-05-10,160.1,30.7,43.7,63.61,0.909,64.06
A0030,2025-05-11,160.1,20.45,29.02,42.14,0.909,42.44
A0030,2025-05-12,160.1,27.15,38.11,54.9,0.909,55.28
A0031,2025-04-29,363.8,8.29,15.26,25.83,0.909,26.07
A0031,2025-04-30,363.8,21.11,32.95,50.91,0.909,51.32
A0031,2025-05-01,363.8,12.56,21.61,35.34,0.909,35.65
A0031,2025-05-02,363.8,19.27,31.31,49.59,0.909,50.01
A0031,2025-05-03,363.8,19.87,32.72,52.21,0.909,52.65
A0031,2025-05-04,363.8,12.85,20.97,33.28,0.909,33.56
A0031,2025-05-05,363.8,12.34,20.44,32.72,0.909,33.0
A0031,2025-05-06,363.8,6.7,13.58,24.02,0.909,24.25
A0031,2025-05-07,363.8,8.61,14.43,23.27,0.909,23.47
A0031,2025-05-08,363.8,9.45,17.06,28.6,0.909,28.86
A0031,2025-05-09,363.8,11.86,20.41,33.39,0.909,33.68
A0031,2025-05-10,363.8,13.14,21.11,33.19,0.909,33.47
A0031,2025-05-11,363.8,7.97,12.03,18.2,0.909,18.34
A0031,2025-05-12,363.8,10.94,17.98,28.66,0.909,28.9
A0032,2025-04-29,6.3,26.06,40.04,57.25,0.556,42.43
A0032,2025-04-30,6.3,35.97,53.03,74.04,0.556,55.95
A0032,2025-05-01,6.3,22.22,33.38,47.11,0.556,35.29
A0032,2025-05-02,6.3,30.05,46.45,66.63,0.556,49.25
A0032,2025-05-03,6.3,32.81,50.13,71.47,0.556,53.1
A0032,2025-05-04,6.3,28.1,42.59,60.43,0.556,45.06
A0032,2025-05-05,6.3,23.84,34.86,48.43,0.556,36.74
A0032,2025-05-06,6.3,25.93,39.73,56.73,0.556,42.09
A0032,2025-05-07,6.3,27.43,41.46,58.73,0.556,43.86
A0032,2025-05-08,6.3,29.73,45.92,65.85,0.556,48.69
A0032,2025-05-09,6.3,29.43,45.23,64.68,0.556,47.93
A0032,2025-05-10,6.3,32.92,50.53,72.21,0.556,53.54
A0032,2025-05-11,6.3,22.72,34.91,49.92,0.556,36.99
A0032,2025-05-12,6.3,28.92,42.84,59.99,0.556,45.22
A0033,2025-04-29,32.5,15.54,23.99,34.85,0.909,35.1
A0033,2025-04-30,32.5,22.99,36.79,54.55,0.909,54.95
A0033,2025-05-01,32.5,13.96,18.93,25.32,0.909,25.47
A0033,2025-05-02,32.5,20.34,31.66,46.2,0.909,46.53
A0033,2025-05-03,32.5,20.59,31.69,45.96,0.909,46.28
A0033,2025-05-04,32.5,17.9,27.48,39.8,0.909,40.08
A0033,2025-05-05,32.5,14.86,21.57,30.2,0.909,30.4
A0033,2025-05-06,32.5,15.5,23.95,34.81,0.909,35.06
A0033,2025-05-07,32.5,17.85,27.36,39.58,0.909,39.85
A0033,2025-05-08,32.5,19.2,28.91,41.4,0.909,41.68
A0033,2025-05-09,32.5,19.77,30.56,44.45,0.909,44.77
A0033,2025-05-10,32.5,21.47,33.27,48.45,0.909,48.8
A0033,2025-05-11,32.5,14.31,21.88,31.61,0.909,31.83
A0033,2025-05-12,32.5,18.32,28.23,40.96,0.909,41.25
A0034,2025-04-29,301.3,5.72,11.04,19.86,0.909,20.06
A0034,2025-04-30,301.3,8.75,16.16,28.43,0.909,28.71
A0034,2025-05-01,301.3,5.44,9.65,16.62,0.909,16.78
A0034,2025-05-02,301.3,7.61,14.89,26.96,0.909,27.23
A0034,2025-05-03,301.3,7.76,14.96,26.89,0.909,27.16
A0034,2025-05-04,301.3,6.66,14.04,26.26,0.909,26.54
A0034,2025-05-05,301.3,6.09,11.59,20.7,0.909,20.91
A0034,2025-05-06,301.3,5.82,11.14,19.96,0.909,20.16
A0034,2025-05-07,301.3,7.62,13.76,23.93,0.909,24.16
A0034,2025-05-08,301.3,7.61,14.51,25.96,0.909,26.22
A0034,2025-05-09,301.3,7.47,14.19,25.33,0.909,25.59
A0034,2025-05-10,301.3,8.71,16.76,30.11,0.909,30.41
A0034,2025-05-11,301.3,6.69,13.45,24.66,0.909,24.91
A0034,2025-05-12,301.3,7.17,13.99,25.28,0.909,25.54
A0035,2025-04-29,2.6,49.52,65.32,97.55,0.556,69.8
A0035,2025-04-30,2.6,63.97,79.38,110.8,0.556,83.74
A0035,2025-05-01,2.6,46.01,63.27,98.47,0.556,68.16
A0035,2025-05-02,2.6,60.27,78.02,114.23,0.556,83.05
A0035,2025-05-03,2.6,65.18,88.07,134.76,0.556,94.55
A0035,2025-05-04,2.6,50.24,63.29,89.92,0.556,66.99
A0035,2025-05-05,2.6,47.68,66.29,104.23,0.556,71.56
A0035,2025-05-06,2.6,50.05,66.02,98.58,0.556,70.54
A0035,2025-05-07,2.6,50.59,65.7,96.5,0.556,69.97
A0035,2025-05-08,2.6,56.12,73.3,108.34,0.556,78.17
A0035,2025-05-09,2.6,61.28,79.32,116.11,0.556,84.43
A0035,2025-05-10,2.6,65.1,87.99,134.66,0.556,94.47
A0035,2025-05-11,2.6,40.67,54.05,81.34,0.556,57.84
A0035,2025-05-12,2.6,55.77,74.35,112.24,0.556,79.61
A0036,2025-04-29,8.2,15.17,21.93,31.37,0.556,23.24
A0036,2025-04-30,8.2,19.24,26.1,35.66,0.556,27.42
A0036,2025-05-01,8.2,15.13,23.08,34.17,0.556,24.62
A0036,2025-05-02,8.2,18.68,26.74,37.99,0.556,28.31
A0036,2025-05-03,8.2,19.5,27.85,39.51,0.556,29.47
A0036,2025-05-04,8.2,14.96,20.39,27.97,0.556,21.45
A0036,2025-05-05,8.2,15.0,21.52,30.62,0.556,22.79
A0036,2025-05-06,8.2,15.4,22.17,31.62,0.556,23.48
A0036,2025-05-07,8.2,16.55,23.37,32.89,0.556,24.69
A0036,2025-05-08,8.2,18.34,26.33,37.47,0.556,27.88
A0036,2025-05-09,8.2,18.62,26.63,37.81,0.556,28.19
A0036,2025-05-10,8.2,20.34,28.78,40.54,0.556,30.41
A0036,2025-05-11,8.2,13.79,19.25,26.88,0.556,20.31
A0036,2025-05-12,8.2,37.63,47.33,60.87,0.556,49.21
A0037,2025-04-29,10.8,44.77,62.89,94.96,0.909,95.69
A0037,2025-04-30,10.8,60.76,85.38,128.94,0.909,129.93
A0037,2025-05-01,10.8,39.43,55.15,82.96,0.909,83.6
A0037,2025-05-02,10.8,48.81,67.45,100.43,0.909,101.18
A0037,2025-05-03,10.8,49.34,67.69,100.15,0.909,100.89
A0037,2025-05-04,10.8,49.23,70.0,106.76,0.909,107.6
A0037,2025-05-05,10.8,40.56,57.45,87.32,0.909,88.0
A0037,2025-05-06,10.8,43.95,61.99,93.91,0.909,94.64
A0037,2025-05-07,10.8,43.55,61.84,94.21,0.909,94.95
A0037,2025-05-08,10.8,47.2,66.28,100.03,0.909,100.8
A0037,2025-05-09,10.8,49.31,67.71,100.26,0.909,101.0
A0037,2025-05-10,10.8,49.35,67.78,100.4,0.909,101.14
A0037,2025-05-11,10.8,37.26,53.79,83.05,0.909,83.71
A0037,2025-05-12,10.8,46.8,66.07,100.18,0.909,100.95
A0038,2025-04-29,3.4,14.22,43.9,95.98,0.556,51.13
A0038,2025-04-30,3.4,23.62,63.56,135.91,0.556,73.61
A0038,2025-05-01,3.4,15.82,46.82,100.19,0.556,54.24
A0038,2025-05-02,3.4,24.22,63.48,133.88,0.556,73.26
A0038,2025-05-03,3.4,26.26,66.48,139.08,0.556,76.56
A0038,2025-05-04,3.4,19.42,54.18,114.64,0.556,62.58
A0038,2025-05-05,3.4,18.06,50.53,106.58,0.556,58.32
A0038,2025-05-06,3.4,19.55,53.05,111.5,0.556,61.17
A0038,2025-05-07,3.4,21.69,56.7,118.34,0.556,65.26
A0038,2025-05-08,3.4,24.23,62.11,129.62,0.556,71.49
A0038,2025-05-09,3.4,26.6,66.27,137.92,0.556,76.22
A0038,2025-05-10,3.4,27.87,68.04,140.85,0.556,78.15
A0038,2025-05-11,3.4,15.23,44.26,93.73,0.556,51.13
A0038,2025-05-12,3.4,23.29,59.7,124.21,0.556,68.66
A0039,2025-04-29,33.9,13.85,19.95,29.05,0.909,29.26
A0039,2025-04-30,33.9,20.18,32.19,50.08,0.909,50.49
A0039,2025-05-01,33.9,12.44,18.7,28.02,0.909,28.23
A0039,2025-05-02,33.9,18.49,27.45,40.81,0.909,41.11
A0039,2025-05-03,33.9,18.87,27.59,40.56,0.909,40.86
A0039,2025-05-04,33.9,15.54,23.39,35.09,0.909,35.36
A0039,2025-05-05,33.9,13.92,20.78,31.01,0.909,31.24
A0039,2025-05-06,33.9,13.71,19.85,28.99,0.909,29.2
A0039,2025-05-07,33.9,68.67,107.32,164.9,0.909,166.21
A0039,2025-05-08,33.9,71.25,108.36,163.64,0.909,164.89
A0039,2025-05-09,33.9,85.86,126.39,186.77,0.909,188.14
A0039,2025-05-10,33.9,94.63,137.93,202.44,0.909,203.9
A0039,2025-05-11,33.9,58.82,87.98,131.43,0.909,132.42
A0039,2025-05-12,33.9,12.09,19.66,30.93,0.909,31.19
A0040,2025-04-29,403.2,27.76,37.55,54.96,0.909,55.35
A0040,2025-04-30,403.2,36.83,49.06,70.83,0.909,71.32
A0040,2025-05-01,403.2,25.22,34.01,49.65,0.909,50.01
A0040,2025-05-02,403.2,33.26,44.16,63.57,0.909,64.02
A0040,2025-05-03,403.2,32.82,44.79,66.11,0.909,66.59
A0040,2025-05-04,403.2,30.69,40.64,58.35,0.909,58.75
A0040,2025-05-05,403.2,26.67,37.17,55.84,0.909,56.26
A0040,2025-05-06,403.2,28.48,38.28,55.73,0.909,56.13
A0040,2025-05-07,403.2,29.18,39.53,57.96,0.909,58.38
A0040,2025-05-08,403.2,31.31,41.54,59.76,0.909,60.17
A0040,2025-05-09,403.2,34.19,44.87,63.87,0.909,64.31
A0040,2025-05-10,403.2,33.52,45.87,67.84,0.909,68.33
A0040,2025-05-11,403.2,25.12,34.13,50.17,0.909,50.54
A0040,2025-05-12,403.2,30.49,41.76,61.83,0.909,62.28
A0041,2025-04-29,429.2,16.37,25.07,37.07,0.909,37.35
A0041,2025-04-30,429.2,22.51,34.71,51.53,0.909,51.92
A0041,2025-05-01,429.2,15.18,23.65,35.33,0.909,35.6
A0041,2025-05-02,429.2,20.44,32.08,48.14,0.909,48.51
A0041,2025-05-03,429.2,30.22,46.28,68.45,0.909,68.95
A0041,2025-05-04,429.2,24.95,38.31,56.75,0.909,57.17
A0041,2025-05-05,429.2,22.82,35.87,53.88,0.909,54.29
A0041,2025-05-06,429.2,22.17,34.56,51.66,0.909,52.05
A0041,2025-05-07,429.2,24.1,39.07,59.72,0.909,60.19
A0041,2025-05-08,429.2,24.09,39.01,59.59,0.909,60.06
A0041,2025-05-09,429.2,17.49,28.82,44.46,0.909,44.81
A0041,2025-05-10,429.2,19.41,31.27,47.64,0.909,48.01
A0041,2025-05-11,429.2,14.52,23.32,35.45,0.909,35.72
A0041,2025-05-12,429.2,18.19,28.38,42.45,0.909,42.77
A0042,2025-04-29,5.1,15.58,24.94,40.61,0.556,27.11
A0042,2025-04-30,5.1,20.83,34.8,58.19,0.556,38.04
A0042,2025-05-01,5.1,14.68,23.96,39.49,0.556,26.11
A0042,2025-05-02,5.1,19.61,31.67,51.86,0.556,34.47
A0042,2025-05-03,5.1,20.01,31.06,49.57,0.556,33.63
A0042,2025-05-04,5.1,14.27,23.97,40.21,0.556,26.23
A0042,2025-05-05,5.1,15.58,25.41,41.86,0.556,27.69
A0042,2025-05-06,5.1,16.3,25.63,41.25,0.556,27.8
A0042,2025-05-07,5.1,18.07,29.1,47.58,0.556,31.67
A0042,2025-05-08,5.1,18.9,29.87,48.25,0.556,32.43
A0042,2025-05-09,5.1,20.07,32.19,52.5,0.556,35.01
A0042,2025-05-10,5.1,19.82,30.68,48.86,0.556,33.2
A0042,2025-05-11,5.1,12.96,21.0,34.46,0.556,22.87
A0042,2025-05-12,5.1,18.31,29.57,48.42,0.556,32.19
A0043,2025-04-29,9.7,20.09,31.25,48.08,0.556,33.59
A0043,2025-04-30,9.7,28.48,43.26,65.57,0.556,46.36
A0043,2025-05-01,9.7,18.06,29.71,47.29,0.556,32.15
A0043,2025-05-02,9.7,23.51,36.98,57.32,0.556,39.81
A0043,2025-05-03,9.7,22.8,36.11,56.21,0.556,38.9
A0043,2025-05-04,9.7,23.07,35.14,53.35,0.556,37.67
A0043,2025-05-05,9.7,19.69,31.99,50.54,0.556,34.56
A0043,2025-05-06,9.7,72.49,107.03,159.16,0.556,114.27
A0043,2025-05-07,9.7,80.38,116.94,172.13,0.556,124.6
A0043,2025-05-08,9.7,85.97,125.96,186.32,0.556,134.34
A0043,2025-05-09,9.7,90.42,132.14,195.12,0.556,140.89
A0043,2025-05-10,9.7,95.02,136.2,198.36,0.556,144.83
A0043,2025-05-11,9.7,71.05,102.98,151.17,0.556,109.67
A0043,2025-05-12,9.7,91.61,132.53,194.31,0.556,141.11
A0044,2025-04-29,11.1,18.01,26.4,39.57,0.909,39.87
A0044,2025-04-30,11.1,24.95,36.05,53.47,0.909,53.87
A0044,2025-05-01,11.1,15.14,22.04,32.86,0.909,33.1
A0044,2025-05-02,11.1,20.13,29.12,43.24,0.909,43.56
A0044,2025-05-03,11.1,20.58,29.88,44.47,0.909,44.81
A0044,2025-05-04,11.1,20.23,29.44,43.9,0.909,44.23
A0044,2025-05-05,11.1,16.66,24.47,36.73,0.909,37.01
A0044,2025-05-06,11.1,18.07,26.5,39.73,0.909,40.03
A0044,2025-05-07,11.1,19.7,28.97,43.52,0.909,43.85
A0044,2025-05-08,11.1,19.83,29.07,43.57,0.909,43.9
A0044,2025-05-09,11.1,20.21,29.31,43.61,0.909,43.93
A0044,2025-05-10,11.1,20.7,29.96,44.5,0.909,44.83
A0044,2025-05-11,11.1,16.72,24.89,37.7,0.909,38.0
A0044,2025-05-12,11.1,20.64,30.46,45.87,0.909,46.22
A0045,2025-04-29,6.7,42.31,67.21,104.71,0.556,72.42
A0045,2025-04-30,6.7,51.82,82.8,129.46,0.556,89.28
A0045,2025-05-01,6.7,37.03,60.07,94.76,0.556,64.89
A0045,2025-05-02,6.7,49.7,81.16,128.52,0.556,87.73
A0045,2025-05-03,6.7,50.36,81.07,127.31,0.556,87.49
A0045,2025-05-04,6.7,42.98,68.71,107.46,0.556,74.1
A0045,2025-05-05,6.7,37.53,59.23,91.91,0.556,63.77
A0045,2025-05-06,6.7,41.57,66.72,104.6,0.556,71.98
A0045,2025-05-07,6.7,44.37,68.73,105.42,0.556,73.83
A0045,2025-05-08,6.7,49.04,79.31,124.89,0.556,85.64
A0045,2025-05-09,6.7,48.27,79.94,127.63,0.556,86.56
A0045,2025-05-10,6.7,52.23,83.08,129.53,0.556,89.53
A0045,2025-05-11,6.7,38.55,60.17,92.74,0.556,64.69
A0045,2025-05-12,6.7,47.25,74.78,116.24,0.556,80.54
A0046,2025-04-29,165.6,20.83,33.55,53.18,0.909,53.62
A0046,2025-04-30,165.6,14.93,25.3,41.3,0.909,41.67
A0046,2025-05-01,165.6,10.68,17.08,26.97,0.909,27.19
A0046,2025-05-02,165.6,14.82,23.91,37.93,0.909,38.25
A0046,2025-05-03,165.6,15.86,26.02,41.68,0.909,42.04
A0046,2025-05-04,165.6,13.32,21.22,33.39,0.909,33.67
A0046,2025-05-05,165.6,11.96,18.27,28.0,0.909,28.22
A0046,2025-05-06,165.6,12.98,20.79,32.85,0.909,33.12
A0046,2025-05-07,165.6,13.87,22.21,35.09,0.909,35.38
A0046,2025-05-08,165.6,14.87,23.2,36.05,0.909,36.34
A0046,2025-05-09,165.6,16.48,25.64,39.76,0.909,40.08
A0046,2025-05-10,165.6,16.76,26.91,42.57,0.909,42.92
A0046,2025-05-11,165.6,11.79,18.69,29.33,0.909,29.57
A0046,2025-05-12,165.6,14.62,22.18,33.84,0.909,34.11
A0047,2025-04-29,179.3,10.14,16.46,27.67,0.909,27.93
A0047,2025-04-30,179.3,12.87,18.42,28.25,0.909,28.47
A0047,2025-05-01,179.3,8.6,14.02,23.63,0.909,23.85
A0047,2025-05-02,179.3,12.27,19.0,30.92,0.909,31.19
A0047,2025-05-03,179.3,12.46,19.93,33.17,0.909,33.47
A0047,2025-05-04,179.3,9.36,13.96,22.11,0.909,22.3
A0047,2025-05-05,179.3,9.0,14.55,24.4,0.909,24.62
A0047,2025-05-06,179.3,10.27,16.54,27.65,0.909,27.91
A0047,2025-05-07,179.3,10.99,17.16,28.09,0.909,28.34
A0047,2025-05-08,179.3,11.12,17.51,28.85,0.909,29.11
A0047,2025-05-09,179.3,12.61,19.2,30.89,0.909,31.15
A0047,2025-05-10,179.3,12.88,20.38,33.68,0.909,33.98
A0047,2025-05-11,179.3,8.24,13.1,21.7,0.909,21.89
A0047,2025-05-12,179.3,11.32,17.66,28.89,0.909,29.15
A0048,2025-04-29,8.0,110.01,129.78,171.77,0.556,135.61
A0048,2025-04-30,8.0,64.65,82.88,121.59,0.556,88.25
A0048,2025-05-01,8.0,38.24,58.31,100.92,0.556,64.22
A0048,2025-05-02,8.0,58.93,83.47,135.61,0.556,90.72
A0048,2025-05-03,8.0,57.3,79.81,127.63,0.556,86.45
A0048,2025-05-04,8.0,60.44,76.07,109.28,0.556,80.68
A0048,2025-05-05,8.0,49.12,69.62,113.16,0.556,75.67
A0048,2025-05-06,8.0,49.75,69.5,111.45,0.556,75.33
A0048,2025-05-07,8.0,55.44,73.7,112.48,0.556,79.08
A0048,2025-05-08,8.0,58.7,78.77,121.42,0.556,84.7
A0048,2025-05-09,8.0,62.83,87.32,139.36,0.556,94.55
A0048,2025-05-10,8.0,63.99,86.51,134.33,0.556,93.15
A0048,2025-05-11,8.0,49.51,65.1,98.23,0.556,69.71
A0048,2025-05-12,8.0,59.26,79.77,123.32,0.556,85.82
A0049,2025-04-29,7.0,15.83,24.64,36.58,0.556,26.3
A0049,2025-04-30,7.0,20.98,32.47,48.04,0.556,34.63
A0049,2025-05-01,7.0,14.57,21.63,31.2,0.556,22.96
A0049,2025-05-02,7.0,19.99,30.69,45.18,0.556,32.7
A0049,2025-05-03,7.0,19.59,30.4,45.05,0.556,32.44
A0049,2025-05-04,7.0,17.08,25.91,37.87,0.556,27.57
A0049,2025-05-05,7.0,15.63,23.15,33.33,0.556,24.56
A0049,2025-05-06,7.0,16.14,25.02,37.05,0.556,26.69
A0049,2025-05-07,7.0,15.86,24.78,36.88,0.556,26.46
A0049,2025-05-08,7.0,18.42,27.96,40.87,0.556,29.75
A0049,2025-05-09,7.0,20.6,31.49,46.24,0.556,33.54
A0049,2025-05-10,7.0,19.79,30.58,45.19,0.556,32.61
A0049,2025-05-11,7.0,13.48,21.1,31.44,0.556,22.54
A0049,2025-05-12,7.0,18.8,28.12,40.75,0.556,29.88
A0050,2025-04-29,13.9,38.27,55.23,83.52,0.909,84.16
A0050,2025-04-30,13.9,51.65,77.33,120.14,0.909,121.12
A0050,2025-05-01,13.9,34.06,49.8,76.04,0.909,76.63
A0050,2025-05-02,13.9,42.48,61.27,92.6,0.909,93.31
A0050,2025-05-03,13.9,42.26,60.27,90.28,0.909,90.96
A0050,2025-05-04,13.9,41.11,61.88,96.5,0.909,97.29
A0050,2025-05-05,13.9,37.73,55.72,85.7,0.909,86.39
A0050,2025-05-06,13.9,38.11,55.07,83.35,0.909,84.0
A0050,2025-05-07,13.9,40.4,58.29,88.11,0.909,88.79
A0050,2025-05-08,13.9,40.54,58.6,88.69,0.909,89.37
A0050,2025-05-09,13.9,43.06,61.83,93.13,0.909,93.84
A0050,2025-05-10,13.9,42.57,60.59,90.62,0.909,91.3
A0050,2025-05-11,13.9,34.8,50.72,77.25,0.909,77.86
A0050,2025-05-12,13.9,43.39,63.27,96.4,0.909,97.16
A0051,2025-04-29,295.4,7.56,13.61,22.72,0.909,22.93
A0051,2025-04-30,295.4,9.95,21.32,38.45,0.909,38.84
A0051,2025-05-01,295.4,7.36,13.96,23.89,0.909,24.11
A0051,2025-05-02,295.4,9.72,18.0,30.47,0.909,30.76
A0051,2025-05-03,295.4,9.66,18.35,31.43,0.909,31.73
A0051,2025-05-04,295.4,8.13,17.88,32.56,0.909,32.89
A0051,2025-05-05,295.4,8.15,15.94,27.67,0.909,27.94
A0051,2025-05-06,295.4,7.77,14.05,23.5,0.909,23.71
A0051,2025-05-07,295.4,9.25,17.01,28.7,0.909,28.97
A0051,2025-05-08,295.4,13.0,23.63,39.65,0.909,40.01
A0051,2025-05-09,295.4,14.07,25.98,43.92,0.909,44.32
A0051,2025-05-10,295.4,15.3,29.09,49.85,0.909,50.33
A0051,2025-05-11,295.4,11.1,23.13,41.24,0.909,41.65
A0051,2025-05-12,295.4,12.33,23.58,40.54,0.909,40.92
A0052,2025-04-29,24.3,18.74,22.78,27.49,0.909,27.6
A0052,2025-04-30,24.3,26.51,38.19,51.81,0.909,52.12
A0052,2025-05-01,24.3,16.61,21.64,27.52,0.909,27.65
A0052,2025-05-02,24.3,23.97,31.35,39.96,0.909,40.16
A0052,2025-05-03,24.3,24.48,31.36,39.39,0.909,39.57
A0052,2025-05-04,24.3,20.61,29.36,39.59,0.909,39.82
A0052,2025-05-05,24.3,19.1,23.82,29.34,0.909,29.46
A0052,2025-05-06,24.3,19.11,23.26,28.11,0.909,28.22
A0052,2025-05-07,24.3,21.33,28.16,36.14,0.909,36.32
A0052,2025-05-08,24.3,22.29,29.67,38.29,0.909,38.49
A0052,2025-05-09,24.3,24.1,31.28,39.67,0.909,39.86
A0052,2025-05-10,24.3,25.94,33.24,41.77,0.909,41.97
A0052,2025-05-11,24.3,16.88,23.34,30.87,0.909,31.04
A0052,2025-05-12,24.3,21.59,27.39,34.16,0.909,34.31
A0053,2025-04-29,357.8,7.69,13.02,23.23,0.909,23.46
A0053,2025-04-30,357.8,13.06,22.42,40.36,0.909,40.76
A0053,2025-05-01,357.8,6.87,11.65,20.81,0.909,21.02
A0053,2025-05-02,357.8,9.57,15.85,27.86,0.909,28.14
A0053,2025-05-03,357.8,10.32,17.86,32.3,0.909,32.62
A0053,2025-05-04,357.8,9.68,16.85,30.57,0.909,30.88
A0053,2025-05-05,357.8,7.91,13.4,23.92,0.909,24.16
A0053,2025-05-06,357.8,7.51,12.91,23.25,0.909,23.48
A0053,2025-05-07,357.8,9.93,16.63,29.46,0.909,29.75
A0053,2025-05-08,357.8,9.4,15.89,28.29,0.909,28.58
A0053,2025-05-09,357.8,9.31,15.55,27.51,0.909,27.78
A0053,2025-05-10,357.8,11.09,19.01,34.17,0.909,34.52
A0053,2025-05-11,357.8,8.58,14.74,26.53,0.909,26.8
A0053,2025-05-12,357.8,9.75,16.16,28.44,0.909,28.72
A0054,2025-04-29,3.0,0.0,6.52,22.36,0.556,8.72
A0054,2025-04-30,3.0,0.46,11.83,37.24,0.556,15.36
A0054,2025-05-01,3.0,1.78,15.58,42.02,0.556,19.26
A0054,2025-05-02,3.0,5.23,24.03,62.05,0.556,29.31
A0054,2025-05-03,3.0,8.3,30.74,75.16,0.556,36.91
A0054,2025-05-04,3.0,6.89,28.32,67.7,0.556,33.79
A0054,2025-05-05,3.0,7.45,29.31,68.66,0.556,34.78
A0054,2025-05-06,3.0,8.91,32.74,75.18,0.556,38.63
A0054,2025-05-07,3.0,11.23,37.81,84.95,0.556,44.36
A0054,2025-05-08,3.0,13.54,43.4,96.63,0.556,50.79
A0054,2025-05-09,3.0,16.0,48.37,106.55,0.556,56.45
A0054,2025-05-10,3.0,17.51,50.95,110.97,0.556,59.29
A0054,2025-05-11,3.0,8.71,32.1,71.55,0.556,37.58
A0054,2025-05-12,3.0,14.58,44.57,97.16,0.556,51.87
A0055,2025-04-29,4.5,18.96,51.06,106.76,0.556,58.8
A0055,2025-04-30,4.5,30.02,73.08,150.19,0.556,83.79
A0055,2025-05-01,4.5,18.25,48.84,101.72,0.556,56.18
A0055,2025-05-02,4.5,27.55,67.44,137.79,0.556,77.21
A0055,2025-05-03,4.5,28.45,68.47,139.42,0.556,78.33
A0055,2025-05-04,4.5,22.14,57.54,119.13,0.556,66.1
A0055,2025-05-05,4.5,19.47,51.33,106.29,0.556,58.96
A0055,2025-05-06,4.5,20.82,54.0,111.36,0.556,61.97
A0055,2025-05-07,4.5,23.47,58.7,120.16,0.556,67.23
A0055,2025-05-08,4.5,25.67,63.4,129.81,0.556,72.62
A0055,2025-05-09,4.5,28.18,67.93,138.45,0.556,77.72
A0055,2025-05-10,4.5,29.12,69.29,140.72,0.556,79.21
A0055,2025-05-11,4.5,16.41,45.53,95.15,0.556,52.42
A0055,2025-05-12,4.5,24.27,60.61,124.17,0.556,69.44
A0056,2025-04-29,27.8,5.2,10.07,18.46,0.909,18.65
A0056,2025-04-30,27.8,8.37,16.28,29.9,0.909,30.21
A0056,2025-05-01,27.8,5.09,9.46,16.98,0.909,17.15
A0056,2025-05-02,27.8,7.99,15.25,27.74,0.909,28.02
A0056,2025-05-03,27.8,7.68,14.11,25.17,0.909,25.42
A0056,2025-05-04,27.8,6.09,11.19,19.99,0.909,20.19
A0056,2025-05-05,27.8,5.69,10.99,20.12,0.909,20.33
A0056,2025-05-06,27.8,5.09,10.04,18.57,0.909,18.76
A0056,2025-05-07,27.8,6.67,13.73,25.89,0.909,26.16
A0056,2025-05-08,27.8,7.02,12.98,23.24,0.909,23.47
A0056,2025-05-09,27.8,7.66,14.3,25.72,0.909,25.98
A0056,2025-05-10,27.8,8.29,15.51,27.93,0.909,28.21
A0056,2025-05-11,27.8,5.48,10.41,18.9,0.909,19.09
A0056,2025-05-12,27.8,6.6,12.37,22.29,0.909,22.52
A0057,2025-04-29,425.5,6.33,10.64,16.23,0.909,16.36
A0057,2025-04-30,425.5,9.27,15.58,23.76,0.909,23.95
A0057,2025-05-01,425.5,5.76,10.59,16.86,0.909,17.01
A0057,2025-05-02,425.5,8.28,13.47,20.19,0.909,20.34
A0057,2025-05-03,425.5,8.02,13.21,19.93,0.909,20.08
A0057,2025-05-04,425.5,7.46,11.82,17.47,0.909,17.6
A0057,2025-05-05,425.5,6.5,10.96,16.75,0.909,16.88
A0057,2025-05-06,425.5,6.05,10.26,15.73,0.909,15.85
A0057,2025-05-07,425.5,7.0,13.43,21.76,0.909,21.95
A0057,2025-05-08,425.5,7.42,12.98,20.19,0.909,20.35
A0057,2025-05-09,425.5,7.89,12.61,18.73,0.909,18.87
A0057,2025-05-10,425.5,8.53,14.06,21.24,0.909,21.4
A0057,2025-05-11,425.5,6.65,10.82,16.22,0.909,16.34
A0057,2025-05-12,425.5,7.06,11.63,17.57,0.909,17.71
A0058,2025-04-29,423.4,44.8,60.55,82.92,0.909,83.43
A0058,2025-04-30,423.4,61.54,86.0,120.75,0.909,121.54
A0058,2025-05-01,423.4,38.71,50.36,66.9,0.909,67.28
A0058,2025-05-02,423.4,52.31,70.14,95.46,0.909,96.03
A0058,2025-05-03,423.4,52.66,69.72,93.95,0.909,94.5
A0058,2025-05-04,423.4,50.49,70.85,99.76,0.909,100.42
A0058,2025-05-05,423.4,41.3,54.41,73.03,0.909,73.45
A0058,2025-05-06,423.4,43.82,59.44,81.64,0.909,82.14
A0058,2025-05-07,423.4,46.03,62.28,85.35,0.909,85.87
A0058,2025-05-08,423.4,48.84,65.15,88.3,0.909,88.83
A0058,2025-05-09,423.4,51.61,68.76,93.11,0.909,93.66
A0058,2025-05-10,423.4,53.07,70.66,95.64,0.909,96.21
A0058,2025-05-11,423.4,41.03,56.15,77.62,0.909,78.1
A0058,2025-05-12,423.4,48.18,64.1,86.71,0.909,87.22
A0059,2025-04-29,10.3,61.63,91.97,136.67,0.909,137.68
A0059,2025-04-30,10.3,74.01,115.58,176.82,0.909,178.21
A0059,2025-05-01,10.3,54.19,79.56,116.93,0.909,117.78
A0059,2025-05-02,10.3,71.74,105.76,155.88,0.909,157.02
A0059,2025-05-03,10.3,79.05,114.39,166.45,0.909,167.63
A0059,2025-05-04,10.3,59.63,91.29,137.93,0.909,138.99
A0059,2025-05-05,10.3,56.03,83.03,122.8,0.909,123.7
A0059,2025-05-06,10.3,62.29,92.48,136.96,0.909,137.97
A0059,2025-05-07,10.3,61.86,95.55,145.19,0.909,146.32
A0059,2025-05-08,10.3,67.74,100.58,148.97,0.909,150.07
A0059,2025-05-09,10.3,74.33,107.7,156.86,0.909,157.98
A0059,2025-05-10,10.3,77.01,112.69,165.26,0.909,166.45
A0059,2025-05-11,10.3,49.83,76.14,114.91,0.909,115.79
A0059,2025-05-12,10.3,65.69,98.43,146.65,0.909,147.74
A0060,2025-04-29,3.6,68.54,95.51,135.31,0.556,101.04
A0060,2025-04-30,3.6,92.03,122.85,168.33,0.556,129.17
A0060,2025-05-01,3.6,62.73,87.28,123.49,0.556,92.31
A0060,2025-05-02,3.6,78.69,109.53,155.05,0.556,115.86
A0060,2025-05-03,3.6,83.59,116.36,164.7,0.556,123.07
A0060,2025-05-04,3.6,71.01,97.61,136.85,0.556,103.06
A0060,2025-05-05,3.6,60.53,82.86,115.81,0.556,87.43
A0060,2025-05-06,3.6,67.89,95.1,135.25,0.556,100.68
A0060,2025-05-07,3.6,69.51,95.92,134.91,0.556,101.34
A0060,2025-05-08,3.6,80.9,111.72,157.2,0.556,118.04
A0060,2025-05-09,3.6,80.81,112.86,160.14,0.556,119.43
A0060,2025-05-10,3.6,84.06,116.32,163.91,0.556,122.93
A0060,2025-05-11,3.6,54.66,78.62,114.0,0.556,83.54
A0060,2025-05-12,3.6,76.63,104.81,146.38,0.556,110.58
A0061,2025-04-29,12.3,50.84,70.81,102.82,0.909,103.54
A0061,2025-04-30,12.3,73.03,106.54,160.24,0.909,161.46
A0061,2025-05-01,12.3,46.56,66.34,98.03,0.909,98.75
A0061,2025-05-02,12.3,59.0,81.25,116.91,0.909,117.72
A0061,2025-05-03,12.3,59.76,81.51,116.37,0.909,117.16
A0061,2025-05-04,12.3,60.08,87.29,130.88,0.909,131.88
A0061,2025-05-05,12.3,51.0,71.38,104.04,0.909,104.78
A0061,2025-05-06,12.3,50.75,70.55,102.28,0.909,103.0
A0061,2025-05-07,12.3,54.65,75.52,108.97,0.909,109.73
A0061,2025-05-08,12.3,57.09,80.01,116.75,0.909,117.58
A0061,2025-05-09,12.3,56.2,77.96,112.82,0.909,113.61
A0061,2025-05-10,12.3,59.09,80.99,116.1,0.909,116.89
A0061,2025-05-11,12.3,48.39,67.33,97.69,0.909,98.38
A0061,2025-05-12,12.3,55.31,77.71,113.61,0.909,114.42
A0062,2025-04-29,12.3,51.3,71.48,109.76,0.909,110.63
A0062,2025-04-30,12.3,64.77,87.35,130.18,0.909,131.15
A0062,2025-05-01,12.3,44.62,61.95,94.83,0.909,95.58
A0062,2025-05-02,12.3,56.54,77.4,116.95,0.909,117.85
A0062,2025-05-03,12.3,60.43,82.2,123.49,0.909,124.43
A0062,2025-05-04,12.3,52.04,71.22,107.61,0.909,108.44
A0062,2025-05-05,12.3,46.6,63.53,95.63,0.909,96.36
A0062,2025-05-06,12.3,51.32,71.33,109.28,0.909,110.14
A0062,2025-05-07,12.3,54.14,74.39,112.79,0.909,113.66
A0062,2025-05-08,12.3,56.7,78.49,119.82,0.909,120.76
A0062,2025-05-09,12.3,54.85,75.29,114.07,0.909,114.95
A0062,2025-05-10,12.3,60.5,82.36,123.8,0.909,124.74
A0062,2025-05-11,12.3,46.08,63.33,96.04,0.909,96.79
A0062,2025-05-12,12.3,53.98,73.67,111.01,0.909,111.86
A0063,2025-04-29,305.1,14.9,24.5,38.76,0.909,39.08
A0063,2025-04-30,305.1,23.79,38.71,60.87,0.909,61.37
A0063,2025-05-01,305.1,14.43,24.1,38.46,0.909,38.79
A0063,2025-05-02,305.1,21.02,34.07,53.44,0.909,53.88
A0063,2025-05-03,305.1,21.58,35.01,54.95,0.909,55.4
A0063,2025-05-04,305.1,15.6,25.0,38.96,0.909,39.28
A0063,2025-05-05,305.1,15.5,25.43,40.18,0.909,40.51
A0063,2025-05-06,305.1,14.96,24.56,38.81,0.909,39.14
A0063,2025-05-07,305.1,17.18,27.66,43.24,0.909,43.59
A0063,2025-05-08,305.1,19.78,31.89,49.88,0.909,50.29
A0063,2025-05-09,305.1,21.03,34.06,53.42,0.909,53.86
A0063,2025-05-10,305.1,22.04,35.49,55.45,0.909,55.91
A0063,2025-05-11,305.1,12.69,20.07,31.04,0.909,31.28
A0063,2025-05-12,305.1,18.92,30.5,47.69,0.909,48.08
A0064,2025-04-29,2.5,59.17,82.21,119.05,0.556,87.32
A0064,2025-04-30,2.5,78.26,108.02,155.63,0.556,114.64
A0064,2025-05-01,2.5,52.46,70.87,100.32,0.556,74.96
A0064,2025-05-02,2.5,71.34,98.41,141.71,0.556,104.43
A0064,2025-05-03,2.5,71.58,97.92,140.06,0.556,103.77
A0064,2025-05-04,2.5,60.62,81.76,115.57,0.556,86.46
A0064,2025-05-05,2.5,83.57,111.11,155.16,0.556,117.23
A0064,2025-05-06,2.5,89.75,124.37,179.74,0.556,132.06
A0064,2025-05-07,2.5,89.62,124.85,181.19,0.556,132.67
A0064,2025-05-08,2.5,97.79,136.04,197.21,0.556,144.53
A0064,2025-05-09,2.5,103.81,144.87,210.53,0.556,153.99
A0064,2025-05-10,2.5,106.05,145.25,207.94,0.556,153.95
A0064,2025-05-11,2.5,70.34,97.42,140.73,0.556,103.43
A0064,2025-05-12,2.5,56.2,79.71,117.31,0.556,84.93
A0065,2025-04-29,25.1,11.1,15.74,24.12,0.909,24.31
A0065,2025-04-30,25.1,17.64,23.07,32.89,0.909,33.11
A0065,2025-05-01,25.1,10.97,15.67,24.15,0.909,24.35
A0065,2025-05-02,25.1,15.26,21.48,32.71,0.909,32.97
A0065,2025-05-03,25.1,15.23,22.25,34.94,0.909,35.23
A0065,2025-05-04,25.1,13.74,18.69,27.65,0.909,27.85
A0065,2025-05-05,25.1,11.63,16.55,25.42,0.909,25.63
A0065,2025-05-06,25.1,11.29,16.12,24.85,0.909,25.04
A0065,2025-05-07,25.1,13.35,18.0,26.41,0.909,26.6
A0065,2025-05-08,25.1,14.58,20.1,30.08,0.909,30.3
A0065,2025-05-09,25.1,15.47,21.91,33.54,0.909,33.8
A0065,2025-05-10,25.1,16.1,23.3,36.31,0.909,36.6
A0065,2025-05-11,25.1,10.62,15.66,24.75,0.909,24.96
A0065,2025-05-12,25.1,13.59,18.99,28.73,0.909,28.96
A0066,2025-04-29,6.4,50.53,73.23,108.3,0.556,78.1
A0066,2025-04-30,6.4,60.07,85.66,125.2,0.556,91.15
A0066,2025-05-01,6.4,48.36,70.27,104.14,0.556,74.98
A0066,2025-05-02,6.4,66.93,95.22,138.94,0.556,101.29
A0066,2025-05-03,6.4,68.63,96.32,139.11,0.556,102.26
A0066,2025-05-04,6.4,51.27,72.97,106.5,0.556,77.63
A0066,2025-05-05,6.4,52.25,73.32,105.9,0.556,77.85
A0066,2025-05-06,6.4,56.04,78.53,113.28,0.556,83.35
A0066,2025-05-07,6.4,57.07,79.76,114.82,0.556,84.63
A0066,2025-05-08,6.4,62.74,89.45,130.73,0.556,95.19
A0066,2025-05-09,6.4,70.1,97.48,139.79,0.556,103.36
A0066,2025-05-10,6.4,71.23,99.3,142.68,0.556,105.33
A0066,2025-05-11,6.4,47.65,66.63,95.96,0.556,70.71
A0066,2025-05-12,6.4,62.14,86.47,124.06,0.556,91.69
A0067,2025-04-29,5.8,224.37,322.82,485.4,0.556,345.4
A0067,2025-04-30,5.8,274.33,421.01,663.25,0.556,454.65
A0067,2025-05-01,5.8,191.6,271.42,403.24,0.556,289.73
A0067,2025-05-02,5.8,49.54,71.77,108.47,0.556,76.86
A0067,2025-05-03,5.8,44.76,64.82,97.96,0.556,69.43
A0067,2025-05-04,5.8,40.79,60.85,93.96,0.556,65.44
A0067,2025-05-05,5.8,38.9,55.64,83.3,0.556,59.48
A0067,2025-05-06,5.8,39.48,56.6,84.88,0.556,60.53
A0067,2025-05-07,5.8,41.96,61.22,93.03,0.556,65.64
A0067,2025-05-08,5.8,47.79,67.22,99.33,0.556,71.68
A0067,2025-05-09,5.8,57.42,79.23,115.24,0.556,84.23
A0067,2025-05-10,5.8,51.18,71.97,106.3,0.556,76.74
A0067,2025-05-11,5.8,37.04,54.13,82.34,0.556,58.04
A0067,2025-05-12,5.8,45.2,65.21,98.26,0.556,69.8
A0068,2025-04-29,29.4,14.15,21.37,35.15,0.909,35.46
A0068,2025-04-30,29.4,19.65,33.22,59.08,0.909,59.67
A0068,2025-05-01,29.4,12.71,20.43,35.16,0.909,35.49
A0068,2025-05-02,29.4,17.89,30.44,54.35,0.909,54.89
A0068,2025-05-03,29.4,17.82,29.3,51.18,0.909,51.68
A0068,2025-05-04,29.4,15.43,25.79,45.55,0.909,46.0
A0068,2025-05-05,29.4,13.85,24.67,45.3,0.909,45.77
A0068,2025-05-06,29.4,14.07,21.42,35.44,0.909,35.76
A0068,2025-05-07,29.4,15.57,28.42,52.92,0.909,53.48
A0068,2025-05-08,29.4,16.65,28.18,50.17,0.909,50.67
A0068,2025-05-09,29.4,18.17,29.78,51.91,0.909,52.41
A0068,2025-05-10,29.4,19.1,32.52,58.1,0.909,58.68
A0068,2025-05-11,29.4,13.09,23.99,44.76,0.909,45.23
A0068,2025-05-12,29.4,16.42,28.25,50.8,0.909,51.31
A0069,2025-04-29,437.1,3.39,7.25,13.72,0.909,13.86
A0069,2025-04-30,437.1,4.7,8.88,15.89,0.909,16.05
A0069,2025-05-01,437.1,3.88,8.53,16.33,0.909,16.51
A0069,2025-05-02,437.1,4.93,9.54,17.27,0.909,17.45
A0069,2025-05-03,437.1,4.49,9.32,17.4,0.909,17.59
A0069,2025-05-04,437.1,2.73,5.68,10.62,0.909,10.73
A0069,2025-05-05,437.1,3.95,7.72,14.06,0.909,14.2
A0069,2025-05-06,437.1,4.28,8.13,14.57,0.909,14.72
A0069,2025-05-07,437.1,8.7,13.74,22.18,0.909,22.37
A0069,2025-05-08,437.1,9.47,15.63,25.95,0.909,26.19
A0069,2025-05-09,437.1,11.27,18.35,30.22,0.909,30.49
A0069,2025-05-10,437.1,10.51,16.88,27.56,0.909,27.8
A0069,2025-05-11,437.1,4.73,8.25,14.16,0.909,14.29
A0069,2025-05-12,437.1,8.81,14.44,23.88,0.909,24.09
A0070,2025-04-29,34.1,9.62,13.15,18.32,0.909,18.44
A0070,2025-04-30,34.1,7.98,10.94,15.28,0.909,15.38
A0070,2025-05-01,34.1,5.18,7.99,12.11,0.909,12.21
A0070,2025-05-02,34.1,7.68,11.44,16.96,0.909,17.08
A0070,2025-05-03,34.1,8.21,10.87,14.78,0.909,14.86
A0070,2025-05-04,34.1,5.96,8.55,12.34,0.909,12.43
A0070,2025-05-05,34.1,6.08,9.12,13.57,0.909,13.67
A0070,2025-05-06,34.1,5.31,8.86,14.07,0.909,14.19
A0070,2025-05-07,34.1,7.12,10.04,14.33,0.909,14.42
A0070,2025-05-08,34.1,7.53,10.27,14.27,0.909,14.36
A0070,2025-05-09,34.1,7.47,11.49,17.38,0.909,17.51
A0070,2025-05-10,34.1,9.13,11.7,15.47,0.909,15.55
A0070,2025-05-11,34.1,5.65,8.3,12.19,0.909,12.27
A0070,2025-05-12,34.1,7.42,10.55,15.12,0.909,15.22
A0071,2025-04-29,304.0,17.95,46.99,96.74,0.909,97.88
A0071,2025-04-30,304.0,26.07,63.29,129.36,0.909,130.87
A0071,2025-05-01,304.0,17.01,44.12,91.27,0.909,92.34
A0071,2025-05-02,304.0,23.46,57.23,116.15,0.909,117.49
A0071,2025-05-03,304.0,23.57,57.04,115.64,0.909,116.98
A0071,2025-05-04,304.0,22.03,55.22,113.88,0.909,115.21
A0071,2025-05-05,304.0,18.07,46.02,95.08,0.909,96.19
A0071,2025-05-06,304.0,18.91,48.03,98.7,0.909,99.85
A0071,2025-05-07,304.0,21.06,51.75,105.64,0.909,106.87
A0071,2025-05-08,304.0,22.48,54.81,111.8,0.909,113.1
A0071,2025-05-09,304.0,23.97,57.69,117.04,0.909,118.38
A0071,2025-05-10,304.0,25.1,59.48,120.25,0.909,121.63
A0071,2025-05-11,304.0,18.31,46.67,96.15,0.909,97.28
A0071,2025-05-12,304.0,21.75,53.17,108.62,0.909,109.88
A0072,2025-04-29,11.7,85.91,125.87,192.07,0.909,193.58
A0072,2025-04-30,11.7,110.42,156.54,232.95,0.909,234.69
A0072,2025-05-01,11.7,72.64,102.22,151.24,0.909,152.35
A0072,2025-05-02,11.7,93.03,134.45,203.08,0.909,204.64
A0072,2025-05-03,11.7,94.85,140.14,215.18,0.909,216.89
A0072,2025-05-04,11.7,93.07,131.45,195.02,0.909,196.47
A0072,2025-05-05,11.7,78.74,112.12,167.44,0.909,168.69
A0072,2025-05-06,11.7,83.95,124.12,190.69,0.909,192.2
A0072,2025-05-07,11.7,86.34,128.52,198.42,0.909,200.01
A0072,2025-05-08,11.7,93.51,136.58,207.93,0.909,209.55
A0072,2025-05-09,11.7,91.11,132.92,202.2,0.909,203.77
A0072,2025-05-10,11.7,96.65,142.02,217.19,0.909,218.9
A0072,2025-05-11,11.7,77.81,114.72,175.88,0.909,177.27
A0072,2025-05-12,11.7,92.66,135.75,207.16,0.909,208.78
A0073,2025-04-29,403.5,106.28,140.12,195.15,0.909,196.4
A0073,2025-04-30,403.5,68.25,89.05,122.87,0.909,123.64
A0073,2025-05-01,403.5,42.36,58.67,85.18,0.909,85.78
A0073,2025-05-02,403.5,63.0,86.17,123.86,0.909,124.72
A0073,2025-05-03,403.5,63.82,87.11,124.97,0.909,125.83
A0073,2025-05-04,403.5,65.7,82.8,110.59,0.909,111.22
A0073,2025-05-05,403.5,54.58,71.91,100.08,0.909,100.72
A0073,2025-05-06,403.5,55.55,75.95,109.12,0.909,109.88
A0073,2025-05-07,403.5,59.31,79.54,112.43,0.909,113.17
A0073,2025-05-08,403.5,64.45,85.8,120.52,0.909,121.31
A0073,2025-05-09,403.5,112.8,145.45,198.53,0.909,199.74
A0073,2025-05-10,403.5,116.65,150.22,204.8,0.909,206.05
A0073,2025-05-11,403.5,87.81,112.58,152.84,0.909,153.76
A0073,2025-05-12,403.5,57.0,77.38,110.52,0.909,111.27
A0074,2025-04-29,12.8,27.26,40.61,59.74,0.909,60.17
A0074,2025-04-30,12.8,35.57,52.08,75.72,0.909,76.25
A0074,2025-05-01,12.8,25.15,37.62,55.47,0.909,55.87
A0074,2025-05-02,12.8,34.01,49.42,71.48,0.909,71.98
A0074,2025-05-03,12.8,32.29,48.04,70.59,0.909,71.1
A0074,2025-05-04,12.8,28.91,43.22,63.71,0.909,64.17
A0074,2025-05-05,12.8,27.65,41.14,60.46,0.909,60.9
A0074,2025-05-06,12.8,27.41,40.81,59.99,0.909,60.42
A0074,2025-05-07,12.8,30.43,44.69,65.1,0.909,65.56
A0074,2025-05-08,12.8,31.86,47.01,68.69,0.909,69.18
A0074,2025-05-09,12.8,33.11,48.63,70.85,0.909,71.36
A0074,2025-05-10,12.8,32.53,48.25,70.75,0.909,71.26
A0074,2025-05-11,12.8,27.11,40.23,59.0,0.909,59.43
A0074,2025-05-12,12.8,31.38,46.75,68.77,0.909,69.27
A0075,2025-04-29,323.5,12.17,18.41,28.13,0.909,28.35
A0075,2025-04-30,323.5,19.18,29.28,45.0,0.909,45.36
A0075,2025-05-01,323.5,11.57,20.23,33.71,0.909,34.01
A0075,2025-05-02,323.5,15.21,26.3,43.56,0.909,43.96
A0075,2025-05-03,323.5,15.27,24.18,38.06,0.909,38.37
A0075,2025-05-04,323.5,14.71,23.15,36.29,0.909,36.59
A0075,2025-05-05,323.5,11.44,19.14,31.11,0.909,31.38
A0075,2025-05-06,323.5,12.41,18.74,28.59,0.909,28.81
A0075,2025-05-07,323.5,14.45,22.88,36.01,0.909,36.31
A0075,2025-05-08,323.5,15.13,25.58,41.84,0.909,42.21
A0075,2025-05-09,323.5,15.2,26.3,43.57,0.909,43.96
A0075,2025-05-10,323.5,15.89,25.05,39.3,0.909,39.62
A0075,2025-05-11,323.5,25.7,44.02,72.52,0.909,73.16
A0075,2025-05-12,323.5,32.13,51.62,81.94,0.909,82.63
A0076,2025-04-29,29.8,7.89,14.02,23.8,0.909,24.02
A0076,2025-04-30,29.8,10.91,20.48,35.74,0.909,36.09
A0076,2025-05-01,29.8,6.55,12.98,23.23,0.909,23.46
A0076,2025-05-02,29.8,12.19,17.55,26.09,0.909,26.28
A0076,2025-05-03,29.8,23.33,48.03,87.4,0.909,88.3
A0076,2025-05-04,29.8,17.5,38.85,72.88,0.909,73.66
A0076,2025-05-05,29.8,16.59,34.43,62.87,0.909,63.52
A0076,2025-05-06,29.8,17.66,39.0,73.03,0.909,73.8
A0076,2025-05-07,29.8,19.74,42.64,79.14,0.909,79.97
A0076,2025-05-08,29.8,7.32,15.17,27.69,0.909,27.97
A0076,2025-05-09,29.8,10.97,16.68,25.77,0.909,25.98
A0076,2025-05-10,29.8,10.27,17.64,29.38,0.909,29.65
A0076,2025-05-11,29.8,5.87,11.7,21.01,0.909,21.22
A0076,2025-05-12,29.8,8.75,14.67,24.11,0.909,24.32
A0077,2025-04-29,6.4,107.11,138.47,177.39,0.556,143.88
A0077,2025-04-30,6.4,130.41,167.39,213.27,0.556,173.76
A0077,2025-05-01,6.4,92.04,129.7,176.43,0.556,136.19
A0077,2025-05-02,6.4,126.32,168.71,221.3,0.556,176.01
A0077,2025-05-03,6.4,125.08,171.42,228.91,0.556,179.41
A0077,2025-05-04,6.4,90.16,124.33,166.71,0.556,130.21
A0077,2025-05-05,6.4,79.96,114.53,157.42,0.556,120.49
A0077,2025-05-06,6.4,102.32,133.46,172.09,0.556,138.82
A0077,2025-05-07,6.4,98.2,135.69,182.21,0.556,142.15
A0077,2025-05-08,6.4,118.01,155.71,202.48,0.556,162.2
A0077,2025-05-09,6.4,137.23,179.43,231.79,0.556,186.7
A0077,2025-05-10,6.4,133.09,179.25,236.51,0.556,187.2
A0077,2025-05-11,6.4,72.25,105.86,147.55,0.556,111.65
A0077,2025-05-12,6.4,106.97,141.71,184.81,0.556,147.7
A0078,2025-04-29,368.7,36.76,50.16,69.14,0.909,69.57
A0078,2025-04-30,368.7,52.18,71.32,98.42,0.909,99.04
A0078,2025-05-01,368.7,32.76,44.77,61.78,0.909,62.16
A0078,2025-05-02,368.7,45.57,62.3,85.99,0.909,86.53
A0078,2025-05-03,368.7,46.44,63.05,86.56,0.909,87.1
A0078,2025-05-04,368.7,44.91,61.77,85.65,0.909,86.19
A0078,2025-05-05,368.7,37.87,53.7,76.12,0.909,76.63
A0078,2025-05-06,368.7,39.02,52.41,71.36,0.909,71.79
A0078,2025-05-07,368.7,42.21,56.28,76.2,0.909,76.65
A0078,2025-05-08,368.7,43.05,55.95,74.22,0.909,74.64
A0078,2025-05-09,368.7,44.54,60.63,83.42,0.909,83.93
A0078,2025-05-10,368.7,47.71,65.12,89.77,0.909,90.33
A0078,2025-05-11,368.7,38.06,51.89,71.48,0.909,71.92
A0078,2025-05-12,368.7,41.58,57.35,79.68,0.909,80.19
A0079,2025-04-29,35.0,15.83,25.1,39.17,0.909,39.49
A0079,2025-04-30,35.0,24.08,35.86,53.74,0.909,54.15
A0079,2025-05-01,35.0,15.7,25.66,40.78,0.909,41.12
A0079,2025-05-02,35.0,21.59,34.2,53.34,0.909,53.78
A0079,2025-05-03,35.0,21.88,34.84,54.52,0.909,54.97
A0079,2025-05-04,35.0,18.21,26.94,40.19,0.909,40.49
A0079,2025-05-05,35.0,16.53,27.47,44.09,0.909,44.46
A0079,2025-05-06,35.0,16.58,25.98,40.24,0.909,40.56
A0079,2025-05-07,35.0,18.66,30.08,47.42,0.909,47.81
A0079,2025-05-08,35.0,20.41,32.02,49.66,0.909,50.06
A0079,2025-05-09,35.0,22.11,34.2,52.55,0.909,52.97
A0079,2025-05-10,35.0,22.38,36.22,57.23,0.909,57.7
A0079,2025-05-11,35.0,14.02,22.99,36.61,0.909,36.92
A0079,2025-05-12,35.0,18.99,30.35,47.59,0.909,47.98
A0080,2025-04-29,2.8,32.43,46.85,68.21,0.556,49.82
A0080,2025-04-30,2.8,45.38,62.16,87.01,0.556,65.61
A0080,2025-05-01,2.8,28.05,41.11,60.45,0.556,43.8
A0080,2025-05-02,2.8,37.01,52.99,76.64,0.556,56.27
A0080,2025-05-03,2.8,72.48,103.56,149.58,0.556,109.95
A0080,2025-05-04,2.8,58.89,82.31,116.96,0.556,87.12
A0080,2025-05-05,2.8,53.16,77.03,112.35,0.556,81.93
A0080,2025-05-06,2.8,54.91,81.22,120.17,0.556,86.63
A0080,2025-05-07,2.8,30.06,44.55,66.01,0.556,47.53
A0080,2025-05-08,2.8,32.0,47.88,71.39,0.556,51.15
A0080,2025-05-09,2.8,33.88,49.97,73.8,0.556,53.28
A0080,2025-05-10,2.8,38.69,55.65,80.76,0.556,59.14
A0080,2025-05-11,2.8,26.01,37.63,54.83,0.556,40.02
A0080,2025-05-12,2.8,36.64,51.79,74.21,0.556,54.9
A0081,2025-04-29,2.5,61.88,89.25,134.16,0.556,95.48
A0081,2025-04-30,2.5,67.69,97.65,146.82,0.556,104.48
A0081,2025-05-01,2.5,56.86,81.04,120.72,0.556,86.55
A0081,2025-05-02,2.5,64.18,90.72,134.28,0.556,96.77
A0081,2025-05-03,2.5,68.59,98.2,146.79,0.556,104.94
A0081,2025-05-04,2.5,51.18,72.37,107.15,0.556,77.2
A0081,2025-05-05,2.5,51.4,76.46,117.58,0.556,82.17
A0081,2025-05-06,2.5,61.41,88.57,133.14,0.556,94.76
A0081,2025-05-07,2.5,59.22,84.26,125.35,0.556,89.97
A0081,2025-05-08,2.5,68.92,96.19,140.95,0.556,102.41
A0081,2025-05-09,2.5,66.79,92.88,135.69,0.556,98.82
A0081,2025-05-10,2.5,68.03,97.77,146.57,0.556,104.55
A0081,2025-05-11,2.5,46.28,64.38,94.1,0.556,68.51
A0081,2025-05-12,2.5,64.34,91.48,136.02,0.556,97.66
A0082,2025-04-29,333.3,1.31,11.16,31.17,0.909,31.63
A0082,2025-04-30,333.3,4.63,20.53,53.49,0.909,54.23
A0082,2025-05-01,333.3,2.11,12.42,34.2,0.909,34.69
A0082,2025-05-02,333.3,4.88,20.49,51.38,0.909,52.08
A0082,2025-05-03,333.3,5.45,22.12,54.28,0.909,55.01
A0082,2025-05-04,333.3,4.84,20.52,51.47,0.909,52.17
A0082,2025-05-05,333.3,4.6,19.04,47.16,0.909,47.8
A0082,2025-05-06,333.3,4.1,18.38,45.45,0.909,46.07
A0082,2025-05-07,333.3,6.67,24.2,57.23,0.909,57.98
A0082,2025-05-08,333.3,7.31,25.93,61.45,0.909,62.26
A0082,2025-05-09,333.3,7.97,27.95,65.3,0.909,66.15
A0082,2025-05-10,333.3,9.5,31.2,71.72,0.909,72.64
A0082,2025-05-11,333.3,5.78,20.58,49.57,0.909,50.23
A0082,2025-05-12,333.3,7.11,24.77,58.48,0.909,59.24
A0083,2025-04-29,356.3,32.27,42.52,60.88,0.909,61.3
A0083,2025-04-30,356.3,43.2,55.22,76.76,0.909,77.25
A0083,2025-05-01,356.3,29.77,38.99,55.52,0.909,55.9
A0083,2025-05-02,356.3,38.17,50.0,71.17,0.909,71.65
A0083,2025-05-03,356.3,37.34,49.11,70.19,0.909,70.67
A0083,2025-05-04,356.3,35.92,46.49,65.43,0.909,65.86
A0083,2025-05-05,356.3,30.93,40.69,58.16,0.909,58.56
A0083,2025-05-06,356.3,31.4,41.64,60.0,0.909,60.41
A0083,2025-05-07,356.3,33.14,43.4,61.78,0.909,62.2
A0083,2025-05-08,356.3,36.83,47.58,66.84,0.909,67.28
A0083,2025-05-09,356.3,38.49,49.9,70.34,0.909,70.8
A0083,2025-05-10,356.3,38.33,50.52,72.37,0.909,72.86
A0083,2025-05-11,356.3,30.1,39.57,56.54,0.909,56.93
A0083,2025-05-12,356.3,35.96,46.4,65.11,0.909,65.54
A0084,2025-04-29,425.0,3.51,6.68,11.93,0.909,12.05
A0084,2025-04-30,425.0,4.48,8.75,15.84,0.909,16.0
A0084,2025-05-01,425.0,3.53,6.52,11.46,0.909,11.57
A0084,2025-05-02,425.0,5.02,9.74,17.54,0.909,17.72
A0084,2025-05-03,425.0,5.16,10.1,18.29,0.909,18.47
A0084,2025-05-04,425.0,2.78,5.79,10.78,0.909,10.89
A0084,2025-05-05,425.0,3.79,6.99,12.28,0.909,12.4
A0084,2025-05-06,425.0,3.59,6.76,12.01,0.909,12.13
A0084,2025-05-07,425.0,4.33,7.65,13.14,0.909,13.27
A0084,2025-05-08,425.0,4.98,9.0,15.66,0.909,15.81
A0084,2025-05-09,425.0,4.87,9.59,17.39,0.909,17.57
A0084,2025-05-10,425.0,5.5,10.45,18.63,0.909,18.82
A0084,2025-05-11,425.0,3.57,6.12,10.34,0.909,10.43
A0084,2025-05-12,425.0,4.57,8.46,14.9,0.909,15.04
A0085,2025-04-29,395.6,9.59,33.89,77.6,0.909,78.59
A0085,2025-04-30,395.6,17.56,52.33,116.4,0.909,117.86
A0085,2025-05-01,395.6,11.79,37.64,83.81,0.909,84.86
A0085,2025-05-02,395.6,18.56,52.83,114.54,0.909,115.94
A0085,2025-05-03,395.6,20.07,55.16,118.35,0.909,119.79
A0085,2025-05-04,395.6,16.88,49.33,107.21,0.909,108.52
A0085,2025-05-05,395.6,14.78,43.24,93.53,0.909,94.67
A0085,2025-05-06,395.6,16.1,45.91,98.91,0.909,100.12
A0085,2025-05-07,395.6,18.42,50.15,106.98,0.909,108.27
A0085,2025-05-08,395.6,19.89,53.43,114.1,0.909,115.47
A0085,2025-05-09,395.6,21.85,57.14,121.28,0.909,122.74
A0085,2025-05-10,395.6,64.82,151.64,325.78,0.909,329.74
A0085,2025-05-11,395.6,40.36,99.84,210.31,0.909,212.82
A0085,2025-05-12,395.6,54.62,126.97,276.14,0.909,279.53
A0086,2025-04-29,10.0,28.0,39.97,58.36,0.909,58.78
A0086,2025-04-30,10.0,36.38,49.96,70.84,0.909,71.32
A0086,2025-05-01,10.0,26.0,38.37,57.4,0.909,57.83
A0086,2025-05-02,10.0,30.73,44.01,64.43,0.909,64.89
A0086,2025-05-03,10.0,30.8,42.87,61.43,0.909,61.85
A0086,2025-05-04,10.0,30.22,42.41,61.14,0.909,61.56
A0086,2025-05-05,10.0,26.97,38.53,56.31,0.909,56.71
A0086,2025-05-06,10.0,27.88,39.95,58.5,0.909,58.92
A0086,2025-05-07,10.0,28.54,40.03,57.71,0.909,58.11
A0086,2025-05-08,10.0,31.01,45.18,66.95,0.909,67.45
A0086,2025-05-09,10.0,31.05,44.65,65.56,0.909,66.04
A0086,2025-05-10,10.0,31.34,43.32,61.73,0.909,62.15
A0086,2025-05-11,10.0,25.02,36.12,53.2,0.909,53.58
A0086,2025-05-12,10.0,30.85,43.74,63.57,0.909,64.02
A0087,2025-04-29,35.6,19.03,30.35,48.76,0.909,49.18
A0087,2025-04-30,35.6,29.46,45.84,72.49,0.909,73.1
A0087,2025-05-01,35.6,18.73,27.98,43.02,0.909,43.36
A0087,2025-05-02,35.6,27.48,45.26,74.17,0.909,74.82
A0087,2025-05-03,35.6,27.46,44.26,71.59,0.909,72.21
A0087,2025-05-04,35.6,25.2,38.5,60.11,0.909,60.6
A0087,2025-05-05,35.6,21.64,33.28,52.21,0.909,52.64
A0087,2025-05-06,35.6,21.52,33.05,51.82,0.909,52.25
A0087,2025-05-07,35.6,23.37,40.42,68.14,0.909,68.77
A0087,2025-05-08,35.6,26.19,42.83,69.88,0.909,70.5
A0087,2025-05-09,35.6,29.54,45.97,72.69,0.909,73.3
A0087,2025-05-10,35.6,29.46,48.8,80.25,0.909,80.96
A0087,2025-05-11,35.6,19.41,34.41,58.81,0.909,59.36
A0087,2025-05-12,35.6,24.85,39.81,64.13,0.909,64.69
A0088,2025-04-29,6.4,26.33,37.63,55.7,0.556,40.14
A0088,2025-04-30,6.4,34.87,52.19,79.9,0.556,56.04
A0088,2025-05-01,6.4,23.78,33.96,50.26,0.556,36.23
A0088,2025-05-02,6.4,33.04,47.22,69.91,0.556,50.37
A0088,2025-05-03,6.4,32.68,45.5,66.0,0.556,48.34
A0088,2025-05-04,6.4,26.97,39.8,60.32,0.556,42.65
A0088,2025-05-05,6.4,24.99,35.81,53.12,0.556,38.21
A0088,2025-05-06,6.4,26.87,38.07,55.99,0.556,40.56
A0088,2025-05-07,6.4,29.06,40.44,58.64,0.556,42.96
A0088,2025-05-08,6.4,30.71,43.09,62.88,0.556,45.84
A0088,2025-05-09,6.4,32.69,46.44,68.43,0.556,49.49
A0088,2025-05-10,6.4,33.22,46.24,67.07,0.556,49.13
A0088,2025-05-11,6.4,23.53,32.74,47.47,0.556,34.79
A0088,2025-05-12,6.4,29.44,41.65,61.17,0.556,44.36
A0089,2025-04-29,7.1,10.59,17.36,27.53,0.556,18.78
A0089,2025-04-30,7.1,15.03,24.18,37.92,0.556,26.09
A0089,2025-05-01,7.1,9.75,15.68,24.56,0.556,16.91
A0089,2025-05-02,7.1,14.2,23.05,36.33,0.556,24.89
A0089,2025-05-03,7.1,14.41,22.83,35.46,0.556,24.58
A0089,2025-05-04,7.1,11.97,18.89,29.27,0.556,20.33
A0089,2025-05-05,7.1,9.95,15.44,23.68,0.556,16.58
A0089,2025-05-06,7.1,10.97,17.79,28.01,0.556,19.21
A0089,2025-05-07,7.1,11.06,17.89,28.15,0.556,19.32
A0089,2025-05-08,7.1,12.81,21.01,33.31,0.556,22.72
A0089,2025-05-09,7.1,14.63,23.6,37.06,0.556,25.47
A0089,2025-05-10,7.1,14.66,23.06,35.66,0.556,24.81
A0089,2025-05-11,7.1,8.99,14.54,22.87,0.556,15.7
A0089,2025-05-12,7.1,12.25,19.47,30.32,0.556,20.98
A0090,2025-04-29,371.6,2.31,4.88,9.11,0.909,9.21
A0090,2025-04-30,371.6,3.61,7.34,13.48,0.909,13.62
A0090,2025-05-01,371.6,2.24,4.92,9.32,0.909,9.42
A0090,2025-05-02,371.6,3.06,6.68,12.65,0.909,12.78
A0090,2025-05-03,371.6,3.45,6.87,12.52,0.909,12.65
A0090,2025-05-04,371.6,2.63,5.3,9.7,0.909,9.8
A0090,2025-05-05,371.6,2.49,5.49,10.44,0.909,10.55
A0090,2025-05-06,371.6,2.56,5.19,9.52,0.909,9.62
A0090,2025-05-07,371.6,2.82,6.14,11.61,0.909,11.74
A0090,2025-05-08,371.6,3.0,6.08,11.15,0.909,11.26
A0090,2025-05-09,371.6,3.26,7.05,13.29,0.909,13.43
A0090,2025-05-10,371.6,3.77,7.24,12.96,0.909,13.09
A0090,2025-05-11,371.6,2.43,5.16,9.66,0.909,9.76
A0090,2025-05-12,371.6,2.96,6.21,11.56,0.909,11.68
A0091,2025-04-29,26.1,9.55,15.01,23.82,0.909,24.02
A0091,2025-04-30,26.1,12.94,22.33,37.5,0.909,37.85
A0091,2025-05-01,26.1,9.05,14.46,23.2,0.909,23.4
A0091,2025-05-02,26.1,12.41,19.59,31.2,0.909,31.46
A0091,2025-05-03,26.1,12.04,19.35,31.18,0.909,31.45
A0091,2025-05-04,26.1,9.71,16.68,27.94,0.909,28.19
A0091,2025-05-05,26.1,9.45,15.36,24.91,0.909,25.13
A0091,2025-05-06,26.1,9.46,15.0,23.97,0.909,24.17
A0091,2025-05-07,26.1,10.45,17.54,29.0,0.909,29.26
A0091,2025-05-08,26.1,11.65,18.38,29.24,0.909,29.49
A0091,2025-05-09,26.1,12.84,19.65,30.67,0.909,30.92
A0091,2025-05-10,26.1,12.92,20.84,33.64,0.909,33.93
A0091,2025-05-11,26.1,8.4,14.47,24.26,0.909,24.48
A0091,2025-05-12,26.1,11.45,17.78,28.0,0.909,28.23
A0092,2025-04-29,7.3,48.03,109.63,221.53,0.556,125.17
A0092,2025-04-30,7.3,71.83,153.83,309.23,0.556,175.41
A0092,2025-05-01,7.3,44.39,101.49,203.94,0.556,115.72
A0092,2025-05-02,7.3,63.65,136.6,272.31,0.556,155.45
A0092,2025-05-03,7.3,66.03,139.63,277.34,0.556,158.76
A0092,2025-05-04,7.3,55.63,123.4,247.91,0.556,140.69
A0092,2025-05-05,7.3,46.68,105.59,211.62,0.556,120.32
A0092,2025-05-06,7.3,50.91,112.84,225.3,0.556,128.46
A0092,2025-05-07,7.3,55.16,119.92,238.15,0.556,136.34
A0092,2025-05-08,7.3,60.07,129.72,258.51,0.556,147.61
A0092,2025-05-09,7.3,63.86,136.2,271.11,0.556,154.93
A0092,2025-05-10,7.3,66.38,140.03,277.68,0.556,159.15
A0092,2025-05-11,7.3,40.92,95.56,192.15,0.556,108.97
A0092,2025-05-12,7.3,57.58,124.95,248.85,0.556,142.15
A0093,2025-04-29,2.5,56.56,76.97,110.37,0.556,81.61
A0093,2025-04-30,2.5,67.34,90.27,127.82,0.556,95.49
A0093,2025-05-01,2.5,51.45,70.9,102.74,0.556,75.32
A0093,2025-05-02,2.5,65.8,90.48,130.88,0.556,96.09
A0093,2025-05-03,2.5,69.21,94.39,135.61,0.556,100.12
A0093,2025-05-04,2.5,53.46,72.99,104.94,0.556,77.43
A0093,2025-05-05,2.5,53.42,71.92,102.2,0.556,76.12
A0093,2025-05-06,2.5,57.27,77.72,111.19,0.556,82.37
A0093,2025-05-07,2.5,56.79,76.85,109.67,0.556,81.41
A0093,2025-05-08,2.5,63.87,87.06,125.0,0.556,92.33
A0093,2025-05-09,2.5,66.24,91.14,131.9,0.556,96.8
A0093,2025-05-10,2.5,68.65,93.7,134.69,0.556,99.39
A0093,2025-05-11,2.5,45.24,63.07,92.26,0.556,67.13
A0093,2025-05-12,2.5,62.95,84.07,118.64,0.556,88.87
A0094,2025-04-29,8.3,18.97,29.14,44.35,0.556,31.25
A0094,2025-04-30,8.3,28.2,41.72,61.95,0.556,44.53
A0094,2025-05-01,8.3,17.9,28.48,44.32,0.556,30.68
A0094,2025-05-02,8.3,23.77,37.41,57.8,0.556,40.24
A0094,2025-05-03,8.3,24.75,37.83,57.4,0.556,40.55
A0094,2025-05-04,8.3,22.45,33.83,50.84,0.556,36.19
A0094,2025-05-05,8.3,17.93,27.95,42.93,0.556,30.03
A0094,2025-05-06,8.3,19.19,29.46,44.83,0.556,31.59
A0094,2025-05-07,8.3,19.91,30.12,45.39,0.556,32.24
A0094,2025-05-08,8.3,22.76,35.29,54.03,0.556,37.89
A0094,2025-05-09,8.3,23.53,37.44,58.25,0.556,40.33
A0094,2025-05-10,8.3,25.31,38.38,57.93,0.556,41.1
A0094,2025-05-11,8.3,16.76,26.43,40.88,0.556,28.43
A0094,2025-05-12,8.3,20.97,32.33,49.31,0.556,34.69
A0095,2025-04-29,10.1,36.47,55.99,87.87,0.909,88.59
A0095,2025-04-30,10.1,47.96,69.25,104.04,0.909,104.83
A0095,2025-05-01,10.1,33.87,48.92,73.5,0.909,74.06
A0095,2025-05-02,10.1,39.89,60.33,93.72,0.909,94.48
A0095,2025-05-03,10.1,41.31,60.85,92.76,0.909,93.49
A0095,2025-05-04,10.1,41.37,59.28,88.54,0.909,89.2
A0095,2025-05-05,10.1,33.25,50.22,77.95,0.909,78.58
A0095,2025-05-06,10.1,35.96,55.31,86.91,0.909,87.63
A0095,2025-05-07,10.1,36.52,56.29,88.57,0.909,89.31
A0095,2025-05-08,10.1,41.76,61.83,94.62,0.909,95.36
A0095,2025-05-09,10.1,39.64,59.72,92.53,0.909,93.28
A0095,2025-05-10,10.1,40.85,60.39,92.31,0.909,93.03
A0095,2025-05-11,10.1,33.55,49.96,76.77,0.909,77.38
A0095,2025-05-12,10.1,38.08,58.82,92.69,0.909,93.46
A0096,2025-04-29,11.8,71.1,103.38,150.13,0.909,151.19
A0096,2025-04-30,11.8,90.8,128.29,182.57,0.909,183.81
A0096,2025-05-01,11.8,63.55,89.89,128.02,0.909,128.89
A0096,2025-05-02,11.8,76.85,111.03,160.53,0.909,161.65
A0096,2025-05-03,11.8,78.71,114.81,167.08,0.909,168.27
A0096,2025-05-04,11.8,44.49,66.93,99.43,0.909,100.16
A0096,2025-05-05,11.8,37.26,55.71,82.42,0.909,83.03
A0096,2025-05-06,11.8,42.94,64.7,96.2,0.909,96.91
A0096,2025-05-07,11.8,44.83,67.13,99.43,0.909,100.17
A0096,2025-05-08,11.8,50.5,74.13,108.34,0.909,109.11
A0096,2025-05-09,11.8,52.23,75.33,108.78,0.909,109.54
A0096,2025-05-10,11.8,52.04,76.31,111.46,0.909,112.26
A0096,2025-05-11,11.8,41.55,61.76,91.01,0.909,91.68
A0096,2025-05-12,11.8,52.4,75.98,110.13,0.909,110.9
A0097,2025-04-29,26.6,13.42,19.33,29.97,0.909,30.21
A0097,2025-04-30,26.6,18.53,29.09,48.06,0.909,48.5
A0097,2025-05-01,26.6,12.99,17.13,24.57,0.909,24.74
A0097,2025-05-02,26.6,18.19,26.18,40.55,0.909,40.87
A0097,2025-05-03,26.6,18.02,25.87,39.99,0.909,40.31
A0097,2025-05-04,26.6,13.74,21.18,34.57,0.909,34.87
A0097,2025-05-05,26.6,13.6,19.06,28.9,0.909,29.12
A0097,2025-05-06,26.6,13.93,19.91,30.67,0.909,30.91
A0097,2025-05-07,26.6,15.38,22.37,34.93,0.909,35.22
A0097,2025-05-08,26.6,16.71,23.77,36.47,0.909,36.76
A0097,2025-05-09,26.6,28.37,39.02,58.17,0.909,58.61
A0097,2025-05-10,26.6,27.41,38.76,59.16,0.909,59.62
A0097,2025-05-11,26.6,16.04,24.17,38.79,0.909,39.12
A0097,2025-05-12,26.6,14.09,21.44,34.66,0.909,34.96
A0098,2025-04-29,33.3,22.77,29.53,40.74,0.909,40.99
A0098,2025-04-30,33.3,37.1,43.03,52.87,0.909,53.09
A0098,2025-05-01,33.3,22.73,27.02,34.14,0.909,34.3
A0098,2025-05-02,33.3,31.28,39.6,53.4,0.909,53.72
A0098,2025-05-03,33.3,31.53,39.57,52.92,0.909,53.22
A0098,2025-05-04,33.3,28.31,34.07,43.62,0.909,43.84
A0098,2025-05-05,33.3,24.12,29.63,38.78,0.909,38.99
A0098,2025-05-06,33.3,22.92,29.9,41.48,0.909,41.74
A0098,2025-05-07,33.3,26.72,34.68,47.89,0.909,48.19
A0098,2025-05-08,33.3,28.97,36.47,48.92,0.909,49.21
A0098,2025-05-09,33.3,30.65,39.27,53.59,0.909,53.92
A0098,2025-05-10,33.3,32.69,41.27,55.52,0.909,55.85
A0098,2025-05-11,33.3,19.58,27.84,41.56,0.909,41.88
A0098,2025-05-12,33.3,26.98,34.32,46.5,0.909,46.78
A0099,2025-04-29,409.4,15.95,49.75,109.49,0.909,110.84
A0099,2025-04-30,409.4,13.43,40.9,92.57,0.909,93.74
A0099,2025-05-01,409.4,7.19,25.02,58.34,0.909,59.1
A0099,2025-05-02,409.4,12.6,38.76,85.72,0.909,86.78
A0099,2025-05-03,409.4,13.19,40.17,88.06,0.909,89.15
A0099,2025-05-04,409.4,11.7,37.8,84.51,0.909,85.57
A0099,2025-05-05,409.4,10.94,33.81,74.9,0.909,75.84
A0099,2025-05-06,409.4,10.49,33.63,74.45,0.909,75.38
A0099,2025-05-07,409.4,13.39,39.41,85.57,0.909,86.62
A0099,2025-05-08,409.4,14.55,42.14,91.66,0.909,92.79
A0099,2025-05-09,409.4,15.66,44.49,96.06,0.909,97.23
A0099,2025-05-10,409.4,17.3,47.57,101.72,0.909,102.95
A0099,2025-05-11,409.4,11.53,34.27,75.36,0.909,76.29
A0099,2025-05-12,409.4,13.72,39.51,85.98,0.909,87.03
A0100,2025-04-29,373.6,51.96,71.19,101.6,0.909,102.29
A0100,2025-04-30,373.6,69.2,93.94,133.06,0.909,133.95
A0100,2025-05-01,373.6,44.85,61.69,88.32,0.909,88.93
A0100,2025-05-02,373.6,60.36,84.03,121.48,0.909,122.33
A0100,2025-05-03,373.6,61.63,84.68,121.14,0.909,121.97
A0100,2025-05-04,373.6,59.33,82.35,118.77,0.909,119.6
A0100,2025-05-05,373.6,48.74,66.95,95.75,0.909,96.4
A0100,2025-05-06,373.6,51.37,71.15,102.45,0.909,103.16
A0100,2025-05-07,373.6,53.14,73.6,105.96,0.909,106.69
A0100,2025-05-08,373.6,56.85,77.98,111.42,0.909,112.18
A0100,2025-05-09,373.6,58.9,82.12,118.84,0.909,119.68
A0100,2025-05-10,373.6,62.22,86.4,124.65,0.909,125.52
A0100,2025-05-11,373.6,49.19,70.83,105.05,0.909,105.83
A0100,2025-05-12,373.6,54.21,74.67,107.04,0.909,107.78
A0101,2025-04-29,26.9,0.0,4.6,15.84,0.909,16.1
A0101,2025-04-30,26.9,0.64,7.54,22.51,0.909,22.85
A0101,2025-05-01,26.9,0.07,4.83,16.66,0.909,16.93
A0101,2025-05-02,26.9,0.42,6.81,20.82,0.909,21.14
A0101,2025-05-03,26.9,0.42,7.07,21.26,0.909,21.59
A0101,2025-05-04,26.9,0.01,5.73,18.54,0.909,18.83
A0101,2025-05-05,26.9,0.07,5.66,18.34,0.909,18.63
A0101,2025-05-06,26.9,0.0,5.48,17.88,0.909,18.16
A0101,2025-05-07,26.9,0.17,6.53,20.0,0.909,20.3
A0101,2025-05-08,26.9,0.24,7.13,21.38,0.909,21.7
A0101,2025-05-09,26.9,0.49,8.07,23.26,0.909,23.61
A0101,2025-05-10,26.9,0.68,8.86,24.72,0.909,25.08
A0101,2025-05-11,26.9,0.0,6.15,19.06,0.909,19.35
A0101,2025-05-12,26.9,0.18,7.75,22.44,0.909,22.77
A0102,2025-04-29,424.0,23.85,32.98,48.82,0.909,49.18
A0102,2025-04-30,424.0,33.42,44.32,63.22,0.909,63.65
A0102,2025-05-01,424.0,21.18,29.64,44.32,0.909,44.65
A0102,2025-05-02,424.0,27.86,38.66,57.38,0.909,57.81
A0102,2025-05-03,424.0,28.52,39.61,58.82,0.909,59.26
A0102,2025-05-04,424.0,27.61,36.14,50.93,0.909,51.26
A0102,2025-05-05,424.0,23.01,32.71,49.52,0.909,49.9
A0102,2025-05-06,424.0,23.54,32.7,48.56,0.909,48.92
A0102,2025-05-07,424.0,25.71,35.31,51.95,0.909,52.32
A0102,2025-05-08,424.0,26.64,36.45,53.47,0.909,53.85
A0102,2025-05-09,424.0,27.56,38.24,56.76,0.909,57.18
A0102,2025-05-10,424.0,30.0,41.34,60.99,0.909,61.43
A0102,2025-05-11,424.0,22.93,30.9,44.71,0.909,45.02
A0102,2025-05-12,424.0,26.39,36.87,55.03,0.909,55.44
A0103,2025-04-29,3.4,62.9,97.62,150.41,0.556,104.95
A0103,2025-04-30,3.4,80.5,118.99,177.53,0.556,127.12
A0103,2025-05-01,3.4,50.5,79.09,122.58,0.556,85.13
A0103,2025-05-02,3.4,65.71,102.72,159.02,0.556,110.54
A0103,2025-05-03,3.4,81.94,123.12,185.77,0.556,131.82
A0103,2025-05-04,3.4,60.99,91.52,137.95,0.556,97.97
A0103,2025-05-05,3.4,54.34,83.73,128.43,0.556,89.94
A0103,2025-05-06,3.4,62.89,97.86,151.04,0.556,105.25
A0103,2025-05-07,3.4,66.43,100.02,151.12,0.556,107.12
A0103,2025-05-08,3.4,68.59,104.44,158.97,0.556,112.02
A0103,2025-05-09,3.4,65.38,103.37,161.14,0.556,111.39
A0103,2025-05-10,3.4,83.68,124.46,186.47,0.556,133.07
A0103,2025-05-11,3.4,48.96,76.94,119.5,0.556,82.85
A0103,2025-05-12,3.4,67.85,104.03,159.06,0.556,111.67
A0104,2025-04-29,5.7,24.38,38.13,59.98,0.556,41.16
A0104,2025-04-30,5.7,34.13,49.57,74.13,0.556,52.98
A0104,2025-05-01,5.7,22.26,33.16,50.5,0.556,35.57
A0104,2025-05-02,5.7,30.56,47.37,74.09,0.556,51.08
A0104,2025-05-03,5.7,30.3,47.24,74.18,0.556,50.98
A0104,2025-05-04,5.7,27.06,39.84,60.17,0.556,42.67
A0104,2025-05-05,5.7,23.8,35.48,54.05,0.556,38.06
A0104,2025-05-06,5.7,25.11,38.77,60.5,0.556,41.79
A0104,2025-05-07,5.7,28.12,41.87,63.73,0.556,44.91
A0104,2025-05-08,5.7,29.79,44.78,68.61,0.556,48.09
A0104,2025-05-09,5.7,30.65,47.02,73.04,0.556,50.63
A0104,2025-05-10,5.7,31.38,48.52,75.78,0.556,52.31
A0104,2025-05-11,5.7,23.66,34.95,52.9,0.556,37.44
A0104,2025-05-12,5.7,29.37,44.46,68.44,0.556,47.79
A0105,2025-04-29,303.7,14.69,21.52,33.31,0.909,33.58
A0105,2025-04-30,303.7,19.86,29.42,45.94,0.909,46.31
A0105,2025-05-01,303.7,13.46,19.33,29.47,0.909,29.7
A0105,2025-05-02,303.7,19.29,28.48,44.36,0.909,44.72
A0105,2025-05-03,303.7,20.34,30.13,47.04,0.909,47.43
A0105,2025-05-04,303.7,14.21,20.87,32.37,0.909,32.63
A0105,2025-05-05,303.7,15.09,21.61,32.88,0.909,33.13
A0105,2025-05-06,303.7,14.93,21.71,33.42,0.909,33.69
A0105,2025-05-07,303.7,16.56,24.35,37.81,0.909,38.11
A0105,2025-05-08,303.7,18.33,26.81,41.46,0.909,41.79
A0105,2025-05-09,303.7,18.93,27.96,43.55,0.909,43.91
A0105,2025-05-10,303.7,20.8,30.64,47.64,0.909,48.03
A0105,2025-05-11,303.7,12.75,18.38,28.11,0.909,28.33
A0105,2025-05-12,303.7,18.13,26.5,40.97,0.909,41.3
A0106,2025-04-29,7.3,17.59,28.46,44.69,0.556,30.71
A0106,2025-04-30,7.3,19.9,32.26,50.71,0.556,34.82
A0106,2025-05-01,7.3,17.68,29.45,47.04,0.556,31.9
A0106,2025-05-02,7.3,21.82,34.84,54.28,0.556,37.54
A0106,2025-05-03,7.3,21.25,34.44,54.16,0.556,37.18
A0106,2025-05-04,7.3,16.25,26.9,42.82,0.556,29.12
A0106,2025-05-05,7.3,17.22,28.11,44.39,0.556,30.37
A0106,2025-05-06,7.3,18.25,29.15,45.43,0.556,31.41
A0106,2025-05-07,7.3,17.69,27.8,42.91,0.556,29.9
A0106,2025-05-08,7.3,20.6,32.98,51.47,0.556,35.55
A0106,2025-05-09,7.3,22.53,35.6,55.12,0.556,38.31
A0106,2025-05-10,7.3,21.62,34.84,54.58,0.556,37.58
A0106,2025-05-11,7.3,14.89,24.2,38.09,0.556,26.13
A0106,2025-05-12,7.3,19.58,30.87,47.73,0.556,33.21
A0107,2025-04-29,413.2,9.67,16.37,26.88,0.909,27.12
A0107,2025-04-30,413.2,15.7,26.07,42.35,0.909,42.72
A0107,2025-05-01,413.2,10.17,17.17,28.15,0.909,28.4
A0107,2025-05-02,413.2,14.72,23.42,37.07,0.909,37.38
A0107,2025-05-03,413.2,15.2,23.94,37.68,0.909,37.99
A0107,2025-05-04,413.2,10.78,17.56,28.21,0.909,28.45
A0107,2025-05-05,413.2,10.35,17.02,27.49,0.909,27.73
A0107,2025-05-06,413.2,21.78,35.87,58.0,0.909,58.5
A0107,2025-05-07,413.2,23.78,38.24,60.93,0.909,61.45
A0107,2025-05-08,413.2,26.33,43.35,70.08,0.909,70.69
A0107,2025-05-09,413.2,28.76,47.17,76.08,0.909,76.74
A0107,2025-05-10,413.2,30.13,48.4,77.1,0.909,77.75
A0107,2025-05-11,413.2,6.48,11.69,19.87,0.909,20.06
A0107,2025-05-12,413.2,10.26,17.67,29.32,0.909,29.59
A0108,2025-04-29,3.2,152.69,213.74,316.62,0.556,228.03
A0108,2025-04-30,3.2,196.25,265.33,381.74,0.556,281.49
A0108,2025-05-01,3.2,135.8,192.99,289.38,0.556,206.38
A0108,2025-05-02,3.2,168.46,233.91,344.2,0.556,249.23
A0108,2025-05-03,3.2,185.05,252.33,365.71,0.556,268.07
A0108,2025-05-04,3.2,158.74,216.49,313.81,0.556,230.01
A0108,2025-05-05,3.2,130.36,184.2,274.92,0.556,196.8
A0108,2025-05-06,3.2,152.41,213.59,316.7,0.556,227.91
A0108,2025-05-07,3.2,149.88,207.87,305.59,0.556,221.44
A0108,2025-05-08,3.2,172.0,242.45,361.18,0.556,258.94
A0108,2025-05-09,3.2,169.24,235.75,347.83,0.556,251.31
A0108,2025-05-10,3.2,183.03,249.72,362.11,0.556,265.33
A0108,2025-05-11,3.2,120.33,170.52,255.1,0.556,182.27
A0108,2025-05-12,3.2,160.0,225.28,335.28,0.556,240.56
A0109,2025-04-29,5.4,37.52,54.14,78.3,0.556,57.5
A0109,2025-04-30,5.4,49.31,75.51,113.59,0.556,80.8
A0109,2025-05-01,5.4,33.63,49.49,72.56,0.556,52.7
A0109,2025-05-02,5.4,44.9,65.46,95.36,0.556,69.61
A0109,2025-05-03,5.4,44.19,64.97,95.18,0.556,69.17
A0109,2025-05-04,5.4,37.16,56.55,84.74,0.556,60.46
A0109,2025-05-05,5.4,35.29,51.03,73.92,0.556,54.21
A0109,2025-05-06,5.4,36.43,53.14,77.43,0.556,56.51
A0109,2025-05-07,5.4,37.87,54.84,79.51,0.556,58.26
A0109,2025-05-08,5.4,41.95,60.82,88.26,0.556,64.63
A0109,2025-05-09,5.4,44.28,64.9,94.88,0.556,69.07
A0109,2025-05-10,5.4,44.14,65.1,95.58,0.556,69.33
A0109,2025-05-11,5.4,31.53,46.08,67.22,0.556,49.01
A0109,2025-05-12,5.4,39.78,57.44,83.11,0.556,61.0
A0110,2025-04-29,4.9,16.4,25.79,41.51,0.556,27.97
A0110,2025-04-30,4.9,25.08,41.39,68.69,0.556,45.18
A0110,2025-05-01,4.9,14.84,23.31,37.5,0.556,25.28
A0110,2025-05-02,4.9,21.71,33.85,54.18,0.556,36.67
A0110,2025-05-03,4.9,21.78,33.42,52.9,0.556,36.12
A0110,2025-05-04,4.9,17.14,27.46,44.75,0.556,29.86
A0110,2025-05-05,4.9,16.39,25.09,39.66,0.556,27.11
A0110,2025-05-06,4.9,23.29,35.77,56.67,0.556,38.67
A0110,2025-05-07,4.9,26.23,40.64,64.78,0.556,43.99
A0110,2025-05-08,4.9,25.88,40.13,64.01,0.556,43.45
A0110,2025-05-09,4.9,27.27,43.3,70.15,0.556,47.03
A0110,2025-05-10,4.9,28.77,44.36,70.47,0.556,47.98
A0110,2025-05-11,4.9,13.72,21.51,34.56,0.556,23.33
A0110,2025-05-12,4.9,17.83,27.97,44.95,0.556,30.33
A0111,2025-04-29,13.2,138.28,188.52,285.03,0.909,287.22
A0111,2025-04-30,13.2,176.51,234.65,346.32,0.909,348.86
A0111,2025-05-01,13.2,120.4,161.91,241.64,0.909,243.45
A0111,2025-05-02,13.2,152.69,207.43,312.56,0.909,314.95
A0111,2025-05-03,13.2,154.09,204.67,301.81,0.909,304.02
A0111,2025-05-04,13.2,143.81,192.6,286.32,0.909,288.45
A0111,2025-05-05,13.2,123.44,170.11,259.75,0.909,261.79
A0111,2025-05-06,13.2,136.03,186.07,282.2,0.909,284.39
A0111,2025-05-07,13.2,147.4,201.3,304.83,0.909,307.18
A0111,2025-05-08,13.2,152.16,206.62,311.24,0.909,313.62
A0111,2025-05-09,13.2,149.59,203.61,307.38,0.909,309.74
A0111,2025-05-10,13.2,152.74,203.73,301.69,0.909,303.92
A0111,2025-05-11,13.2,124.52,170.42,258.57,0.909,260.57
A0111,2025-05-12,13.2,147.21,202.8,309.58,0.909,312.01
A0112,2025-04-29,25.0,11.37,21.97,38.06,0.909,38.42
A0112,2025-04-30,25.0,18.55,38.3,68.28,0.909,68.96
A0112,2025-05-01,25.0,11.5,19.93,32.72,0.909,33.02
A0112,2025-05-02,25.0,15.93,31.55,55.27,0.909,55.81
A0112,2025-05-03,25.0,16.8,30.85,52.18,0.909,52.66
A0112,2025-05-04,25.0,14.38,28.18,49.14,0.909,49.61
A0112,2025-05-05,25.0,13.07,23.75,39.97,0.909,40.34
A0112,2025-05-06,25.0,12.55,23.42,39.92,0.909,40.3
A0112,2025-05-07,25.0,15.32,31.29,55.52,0.909,56.07
A0112,2025-05-08,25.0,16.34,29.34,49.08,0.909,49.53
A0112,2025-05-09,25.0,16.68,31.32,53.55,0.909,54.05
A0112,2025-05-10,25.0,18.5,34.47,58.7,0.909,59.25
A0112,2025-05-11,25.0,12.28,25.42,45.36,0.909,45.81
A0112,2025-05-12,25.0,15.68,28.16,47.11,0.909,47.54
A0113,2025-04-29,27.0,4.94,19.68,45.89,0.909,46.49
A0113,2025-04-30,27.0,10.92,33.44,74.77,0.909,75.71
A0113,2025-05-01,27.0,5.57,19.94,46.73,0.909,47.33
A0113,2025-05-02,27.0,9.42,30.02,66.57,0.909,67.4
A0113,2025-05-03,27.0,9.59,30.23,66.78,0.909,67.61
A0113,2025-05-04,27.0,7.43,25.09,57.49,0.909,58.23
A0113,2025-05-05,27.0,6.69,22.55,51.71,0.909,52.37
A0113,2025-05-06,27.0,5.81,21.32,49.04,0.909,49.67
A0113,2025-05-07,27.0,8.67,27.12,60.47,0.909,61.23
A0113,2025-05-08,27.0,9.25,28.41,63.49,0.909,64.29
A0113,2025-05-09,27.0,10.04,30.52,67.48,0.909,68.32
A0113,2025-05-10,27.0,11.4,33.24,72.75,0.909,73.64
A0113,2025-05-11,27.0,6.2,20.73,47.95,0.909,48.56
A0113,2025-05-12,27.0,8.3,26.27,59.1,0.909,59.85
A0114,2025-04-29,347.5,12.61,19.97,31.34,0.909,31.59
A0114,2025-04-30,347.5,17.43,29.04,46.95,0.909,47.36
A0114,2025-05-01,347.5,12.15,18.96,29.48,0.909,29.71
A0114,2025-05-02,347.5,15.6,24.06,37.14,0.909,37.43
A0114,2025-05-03,347.5,14.99,24.17,38.33,0.909,38.65
A0114,2025-05-04,347.5,13.68,21.82,34.38,0.909,34.67
A0114,2025-05-05,347.5,12.12,19.58,31.09,0.909,31.35
A0114,2025-05-06,347.5,13.05,20.46,31.92,0.909,32.18
A0114,2025-05-07,347.5,14.25,23.24,37.11,0.909,37.43
A0114,2025-05-08,347.5,15.16,24.11,37.92,0.909,38.23
A0114,2025-05-09,347.5,16.59,25.01,38.01,0.909,38.31
A0114,2025-05-10,347.5,15.8,25.57,40.64,0.909,40.98
A0114,2025-05-11,347.5,73.31,123.43,200.79,0.909,202.54
A0114,2025-05-12,347.5,93.82,148.09,231.85,0.909,233.75
A0115,2025-04-29,3.5,65.7,93.2,136.02,0.556,99.15
A0115,2025-04-30,3.5,80.81,113.92,165.47,0.556,121.08
A0115,2025-05-01,3.5,59.32,82.87,119.55,0.556,87.97
A0115,2025-05-02,3.5,73.73,103.51,149.88,0.556,109.95
A0115,2025-05-03,3.5,80.79,113.99,165.69,0.556,121.17
A0115,2025-05-04,3.5,61.98,87.15,126.35,0.556,92.6
A0115,2025-05-05,3.5,58.05,81.82,118.84,0.556,86.97
A0115,2025-05-06,3.5,65.2,92.64,135.37,0.556,98.58
A0115,2025-05-07,3.5,65.99,94.06,137.75,0.556,100.12
A0115,2025-05-08,3.5,73.83,102.36,146.79,0.556,108.53
A0115,2025-05-09,3.5,75.64,105.32,151.53,0.556,111.74
A0115,2025-05-10,3.5,79.82,113.01,164.69,0.556,120.19
A0115,2025-05-11,3.5,51.13,73.39,108.04,0.556,78.2
A0115,2025-05-12,3.5,70.15,97.32,139.63,0.556,103.2
A0116,2025-04-29,26.9,13.6,20.05,32.53,0.909,32.82
A0116,2025-04-30,26.9,40.34,57.43,90.45,0.909,91.21
A0116,2025-05-01,26.9,26.43,34.83,51.06,0.909,51.43
A0116,2025-05-02,26.9,38.07,49.95,72.94,0.909,73.46
A0116,2025-05-03,26.9,38.87,50.48,72.93,0.909,73.44
A0116,2025-05-04,26.9,32.03,45.49,71.5,0.909,72.09
A0116,2025-05-05,26.9,31.96,41.62,60.29,0.909,60.72
A0116,2025-05-06,26.9,30.78,41.85,63.26,0.909,63.74
A0116,2025-05-07,26.9,35.3,47.41,70.82,0.909,71.35
A0116,2025-05-08,26.9,14.4,22.23,37.37,0.909,37.71
A0116,2025-05-09,26.9,16.02,23.74,38.67,0.909,39.01
A0116,2025-05-10,26.9,18.83,26.76,42.09,0.909,42.44
A0116,2025-05-11,26.9,12.32,18.51,30.46,0.909,30.73
A0116,2025-05-12,26.9,16.26,23.34,37.03,0.909,37.35
A0117,2025-04-29,12.3,30.87,74.33,150.35,0.909,152.07
A0117,2025-04-30,12.3,42.47,96.38,192.51,0.909,194.69
A0117,2025-05-01,12.3,28.99,70.74,141.98,0.909,143.6
A0117,2025-05-02,12.3,39.41,89.89,178.87,0.909,180.9
A0117,2025-05-03,12.3,40.97,91.87,182.06,0.909,184.11
A0117,2025-05-04,12.3,35.96,83.73,167.51,0.909,169.41
A0117,2025-05-05,12.3,31.44,74.73,149.38,0.909,151.08
A0117,2025-05-06,12.3,34.24,79.29,158.13,0.909,159.92
A0117,2025-05-07,12.3,36.07,82.18,163.16,0.909,165.0
A0117,2025-05-08,12.3,38.64,87.81,174.44,0.909,176.41
A0117,2025-05-09,12.3,40.92,91.66,181.86,0.909,183.91
A0117,2025-05-10,12.3,42.16,93.35,184.49,0.909,186.56
A0117,2025-05-11,12.3,29.45,70.87,142.04,0.909,143.66
A0117,2025-05-12,12.3,38.16,86.41,171.48,0.909,173.41
A0118,2025-04-29,4.4,11.51,18.42,29.04,0.556,19.9
A0118,2025-04-30,4.4,15.53,23.3,35.24,0.556,24.96
A0118,2025-05-01,4.4,10.09,15.31,23.33,0.556,16.43
A0118,2025-05-02,4.4,14.59,22.27,34.06,0.556,23.91
A0118,2025-05-03,4.4,15.49,23.42,35.6,0.556,25.11
A0118,2025-05-04,4.4,11.11,16.78,25.48,0.556,17.99
A0118,2025-05-05,4.4,11.19,17.33,26.76,0.556,18.64
A0118,2025-05-06,4.4,12.04,18.94,29.52,0.556,20.41
A0118,2025-05-07,4.4,13.53,20.77,31.88,0.556,22.31
A0118,2025-05-08,4.4,14.14,21.68,33.25,0.556,23.28
A0118,2025-05-09,4.4,14.77,22.45,34.25,0.556,24.09
A0118,2025-05-10,4.4,15.8,23.64,35.69,0.556,25.32
A0118,2025-05-11,4.4,9.91,15.2,23.34,0.556,16.33
A0118,2025-05-12,4.4,13.92,21.88,34.11,0.556,23.58
A0119,2025-04-29,26.6,7.45,11.88,18.6,0.909,18.75
A0119,2025-04-30,26.6,11.73,19.14,30.38,0.909,30.64
A0119,2025-05-01,26.6,7.58,11.84,18.32,0.909,18.47
A0119,2025-05-02,26.6,10.49,16.16,24.76,0.909,24.96
A0119,2025-05-03,26.6,10.33,16.18,25.06,0.909,25.26
A0119,2025-05-04,26.6,8.81,14.29,22.6,0.909,22.79
A0119,2025-05-05,26.6,7.72,13.23,21.6,0.909,21.79
A0119,2025-05-06,26.6,7.47,11.85,18.51,0.909,18.66
A0119,2025-05-07,26.6,8.65,14.28,22.83,0.909,23.03
A0119,2025-05-08,26.6,9.65,14.49,21.84,0.909,22.0
A0119,2025-05-09,26.6,10.65,15.87,23.78,0.909,23.96
A0119,2025-05-10,26.6,10.67,16.94,26.45,0.909,26.67
A0119,2025-05-11,26.6,7.12,11.51,18.17,0.909,18.32
A0119,2025-05-12,26.6,9.23,14.79,23.25,0.909,23.44
A0120,2025-04-29,26.0,15.51,23.48,37.21,0.909,37.52
A0120,2025-04-30,26.0,22.36,36.35,60.46,0.909,61.01
A0120,2025-05-01,26.0,15.78,23.52,36.86,0.909,37.16
A0120,2025-05-02,26.0,22.3,36.59,61.2,0.909,61.76
A0120,2025-05-03,26.0,22.05,36.19,60.56,0.909,61.11
A0120,2025-05-04,26.0,19.32,28.26,43.68,0.909,44.03
A0120,2025-05-05,26.0,16.9,25.76,41.03,0.909,41.38
A0120,2025-05-06,26.0,17.0,25.27,39.51,0.909,39.84
A0120,2025-05-07,26.0,19.04,30.45,50.13,0.909,50.57
A0120,2025-05-08,26.0,21.12,33.26,54.19,0.909,54.66
A0120,2025-05-09,26.0,23.5,36.89,59.96,0.909,60.49
A0120,2025-05-10,26.0,23.3,38.87,65.69,0.909,66.3
A0120,2025-05-11,26.0,15.56,24.11,38.84,0.909,39.17
A0120,2025-05-12,26.0,19.91,31.13,50.48,0.909,50.92
A0121,2025-04-29,376.5,13.7,20.45,31.5,0.909,31.75
A0121,2025-04-30,376.5,17.78,26.75,41.45,0.909,41.78
A0121,2025-05-01,376.5,13.3,20.69,32.77,0.909,33.05
A0121,2025-05-02,376.5,18.99,28.53,44.13,0.909,44.48
A0121,2025-05-03,376.5,17.72,26.67,41.32,0.909,41.66
A0121,2025-05-04,376.5,13.57,19.79,29.97,0.909,30.2
A0121,2025-05-05,376.5,13.46,20.43,31.85,0.909,32.11
A0121,2025-05-06,376.5,13.63,20.32,31.26,0.909,31.51
A0121,2025-05-07,376.5,14.18,21.59,33.73,0.909,34.0
A0121,2025-05-08,376.5,16.87,26.02,40.98,0.909,41.32
A0121,2025-05-09,376.5,18.9,28.2,43.43,0.909,43.77
A0121,2025-05-10,376.5,17.93,26.94,41.69,0.909,42.03
A0121,2025-05-11,376.5,11.46,16.7,25.28,0.909,25.47
A0121,2025-05-12,376.5,15.66,23.71,36.88,0.909,37.18
A0122,2025-04-29,35.0,28.88,41.32,60.72,0.909,61.16
A0122,2025-04-30,35.0,83.24,123.53,186.35,0.909,187.78
A0122,2025-05-01,35.0,58.57,87.23,131.92,0.909,132.93
A0122,2025-05-02,35.0,80.34,123.36,190.43,0.909,191.96
A0122,2025-05-03,35.0,79.55,121.02,185.65,0.909,187.12
A0122,2025-05-04,35.0,61.67,88.82,131.14,0.909,132.1
A0122,2025-05-05,35.0,61.15,94.72,147.05,0.909,148.24
A0122,2025-05-06,35.0,23.28,35.61,54.82,0.909,55.26
A0122,2025-05-07,35.0,27.57,42.65,66.15,0.909,66.68
A0122,2025-05-08,35.0,30.3,43.92,65.15,0.909,65.63
A0122,2025-05-09,35.0,34.83,50.47,74.84,0.909,75.4
A0122,2025-05-10,35.0,36.04,53.22,80.01,0.909,80.62
A0122,2025-05-11,35.0,26.2,36.52,52.6,0.909,52.97
A0122,2025-05-12,35.0,32.51,46.26,67.71,0.909,68.19
A0123,2025-04-29,3.5,62.02,84.67,119.11,0.556,89.45
A0123,2025-04-30,3.5,93.62,129.2,183.31,0.556,136.72
A0123,2025-05-01,3.5,56.51,77.81,110.21,0.556,82.31
A0123,2025-05-02,3.5,73.59,100.49,141.41,0.556,106.18
A0123,2025-05-03,3.5,77.57,106.23,149.81,0.556,112.28
A0123,2025-05-04,3.5,62.4,87.61,125.94,0.556,92.93
A0123,2025-05-05,3.5,29.75,42.98,63.08,0.556,45.77
A0123,2025-05-06,3.5,31.99,45.17,65.2,0.556,47.95
A0123,2025-05-07,3.5,34.36,48.09,68.97,0.556,50.99
A0123,2025-05-08,3.5,39.54,54.93,78.33,0.556,58.18
A0123,2025-05-09,3.5,42.51,58.25,82.2,0.556,61.58
A0123,2025-05-10,3.5,44.89,61.44,86.61,0.556,64.93
A0123,2025-05-11,3.5,30.1,40.92,57.37,0.556,43.2
A0123,2025-05-12,3.5,40.59,56.14,79.78,0.556,59.42
A0124,2025-04-29,341.0,5.65,21.86,49.38,0.909,50.01
A0124,2025-04-30,341.0,10.65,31.91,69.53,0.909,70.38
A0124,2025-05-01,341.0,10.9,33.69,70.22,0.909,71.05
A0124,2025-05-02,341.0,16.32,43.01,89.92,0.909,90.98
A0124,2025-05-03,341.0,16.98,43.37,90.75,0.909,91.82
A0124,2025-05-04,341.0,10.53,31.93,67.11,0.909,67.91
A0124,2025-05-05,341.0,9.38,29.73,62.75,0.909,63.5
A0124,2025-05-06,341.0,9.87,30.5,64.08,0.909,64.84
A0124,2025-05-07,341.0,6.14,20.55,47.2,0.909,47.81
A0124,2025-05-08,341.0,8.14,24.77,55.69,0.909,56.39
A0124,2025-05-09,341.0,10.04,28.65,63.18,0.909,63.97
A0124,2025-05-10,341.0,11.1,30.78,66.96,0.909,67.78
A0124,2025-05-11,341.0,4.72,18.9,43.62,0.909,44.18
A0124,2025-05-12,341.0,8.75,27.12,59.67,0.909,60.41
A0125,2025-04-29,5.9,20.49,30.75,44.71,0.556,32.69
A0125,2025-04-30,5.9,29.29,42.35,60.11,0.556,44.82
A0125,2025-05-01,5.9,18.67,26.96,38.23,0.556,28.52
A0125,2025-05-02,5.9,26.01,38.47,55.42,0.556,40.82
A0125,2025-05-03,5.9,25.49,37.12,52.95,0.556,39.32
A0125,2025-05-04,5.9,22.28,32.65,46.75,0.556,34.61
A0125,2025-05-05,5.9,19.69,28.46,40.38,0.556,30.12
A0125,2025-05-06,5.9,20.76,30.97,44.85,0.556,32.9
A0125,2025-05-07,5.9,23.01,33.05,46.71,0.556,34.95
A0125,2025-05-08,5.9,25.03,35.78,50.41,0.556,37.82
A0125,2025-05-09,5.9,25.63,38.0,54.83,0.556,40.34
A0125,2025-05-10,5.9,26.01,37.61,53.38,0.556,39.8
A0125,2025-05-11,5.9,19.07,27.46,38.87,0.556,29.04
A0125,2025-05-12,5.9,23.66,34.25,48.66,0.556,36.25
A0126,2025-04-29,27.9,10.45,16.33,23.64,0.909,23.81
A0126,2025-04-30,27.9,15.21,26.01,39.42,0.909,39.72
A0126,2025-05-01,27.9,10.31,16.25,23.63,0.909,23.8
A0126,2025-05-02,27.9,15.51,22.56,31.31,0.909,31.51
A0126,2025-05-03,27.9,13.75,22.16,32.59,0.909,32.83
A0126,2025-05-04,27.9,11.43,21.22,33.38,0.909,33.65
A0126,2025-05-05,27.9,11.58,16.88,23.46,0.909,23.61
A0126,2025-05-06,27.9,10.75,16.89,24.51,0.909,24.69
A0126,2025-05-07,27.9,14.21,19.63,26.37,0.909,26.52
A0126,2025-05-08,27.9,13.41,21.93,32.51,0.909,32.76
A0126,2025-05-09,27.9,15.39,22.5,31.33,0.909,31.53
A0126,2025-05-10,27.9,15.41,24.0,34.68,0.909,34.92
A0126,2025-05-11,27.9,11.03,17.11,24.65,0.909,24.82
A0126,2025-05-12,27.9,12.97,19.98,28.69,0.909,28.89
A0127,2025-04-29,32.2,15.17,23.24,37.47,0.909,37.79
A0127,2025-04-30,32.2,20.91,38.51,69.59,0.909,70.29
A0127,2025-05-01,32.2,14.98,22.58,36.0,0.909,36.3
A0127,2025-05-02,32.2,20.66,32.4,53.13,0.909,53.61
A0127,2025-05-03,32.2,20.08,32.12,53.38,0.909,53.87
A0127,2025-05-04,32.2,17.28,29.93,52.27,0.909,52.78
A0127,2025-05-05,32.2,14.86,25.92,45.46,0.909,45.91
A0127,2025-05-06,32.2,15.61,23.71,38.01,0.909,38.34
A0127,2025-05-07,32.2,16.74,29.24,51.32,0.909,51.83
A0127,2025-05-08,32.2,19.3,30.19,49.43,0.909,49.87
A0127,2025-05-09,32.2,21.27,32.24,51.59,0.909,52.03
A0127,2025-05-10,32.2,20.92,34.41,58.23,0.909,58.77
A0127,2025-05-11,32.2,13.65,24.33,43.17,0.909,43.6
A0127,2025-05-12,32.2,17.02,29.44,51.37,0.909,51.86
A0128,2025-04-29,10.8,28.19,82.93,186.64,0.909,189.0
A0128,2025-04-30,10.8,49.21,128.96,283.92,0.909,287.44
A0128,2025-05-01,10.8,33.01,91.08,196.75,0.909,199.15
A0128,2025-05-02,10.8,51.46,129.69,277.38,0.909,280.74
A0128,2025-05-03,10.8,57.72,140.54,296.94,0.909,300.49
A0128,2025-05-04,10.8,52.26,130.38,276.12,0.909,279.43
A0128,2025-05-05,10.8,42.95,109.25,229.91,0.909,232.66
A0128,2025-05-06,10.8,101.97,238.04,519.36,0.909,525.76
A0128,2025-05-07,10.8,111.06,249.88,553.01,0.909,559.9
A0128,2025-05-08,10.8,116.36,262.22,592.64,0.909,600.15
A0128,2025-05-09,10.8,119.92,268.07,616.45,0.909,624.37
A0128,2025-05-10,10.8,52.09,114.91,245.58,0.909,248.55
A0128,2025-05-11,10.8,33.58,82.53,175.78,0.909,177.9
A0128,2025-05-12,10.8,50.44,116.69,244.39,0.909,247.29
A0129,2025-04-29,2.7,48.29,64.98,87.68,0.556,68.14
A0129,2025-04-30,2.7,64.36,80.26,101.87,0.556,83.26
A0129,2025-05-01,2.7,45.1,62.23,85.51,0.556,65.47
A0129,2025-05-02,2.7,57.72,75.66,100.06,0.556,79.05
A0129,2025-05-03,2.7,60.21,79.7,106.2,0.556,83.38
A0129,2025-05-04,2.7,48.73,61.72,79.38,0.556,64.18
A0129,2025-05-05,2.7,49.36,67.25,91.57,0.556,70.63
A0129,2025-05-06,2.7,47.37,63.81,86.17,0.556,66.92
A0129,2025-05-07,2.7,52.26,68.61,90.83,0.556,71.7
A0129,2025-05-08,2.7,53.15,70.49,94.05,0.556,73.76
A0129,2025-05-09,2.7,54.08,71.41,94.95,0.556,74.68
A0129,2025-05-10,2.7,60.98,80.66,107.39,0.556,84.37
A0129,2025-05-11,2.7,41.6,54.14,71.19,0.556,56.51
A0129,2025-05-12,2.7,53.32,71.13,95.34,0.556,74.49
A0130,2025-04-29,4.2,0.94,10.95,28.29,0.556,13.36
A0130,2025-04-30,4.2,2.46,15.34,37.54,0.556,18.42
A0130,2025-05-01,4.2,0.9,11.0,28.51,0.556,13.43
A0130,2025-05-02,4.2,2.29,14.94,36.52,0.556,17.94
A0130,2025-05-03,4.2,2.57,15.46,37.43,0.556,18.51
A0130,2025-05-04,4.2,1.07,11.97,30.5,0.556,14.54
A0130,2025-05-05,4.2,4.29,21.72,47.42,0.556,25.29
A0130,2025-05-06,4.2,4.6,21.24,46.84,0.556,24.8
A0130,2025-05-07,4.2,5.75,22.95,50.65,0.556,26.8
A0130,2025-05-08,4.2,6.17,23.53,52.72,0.556,27.58
A0130,2025-05-09,4.2,7.62,26.29,58.79,0.556,30.81
A0130,2025-05-10,4.2,8.18,27.12,60.11,0.556,31.7
A0130,2025-05-11,4.2,0.34,7.95,22.48,0.556,9.97
A0130,2025-05-12,4.2,1.76,11.34,29.5,0.556,13.86
A0131,2025-04-29,28.3,25.66,37.95,55.3,0.909,55.7
A0131,2025-04-30,28.3,42.97,85.33,145.16,0.909,146.52
A0131,2025-05-01,28.3,34.91,59.15,93.37,0.909,94.14
A0131,2025-05-02,28.3,44.86,76.52,121.22,0.909,122.23
A0131,2025-05-03,28.3,43.29,76.43,123.24,0.909,124.31
A0131,2025-05-04,28.3,22.99,38.07,59.35,0.909,59.84
A0131,2025-05-05,28.3,24.36,36.16,52.81,0.909,53.19
A0131,2025-05-06,28.3,26.24,38.43,55.65,0.909,56.04
A0131,2025-05-07,28.3,29.15,43.88,64.69,0.909,65.16
A0131,2025-05-08,28.3,33.38,48.52,69.9,0.909,70.39
A0131,2025-05-09,28.3,36.15,50.64,71.1,0.909,71.57
A0131,2025-05-10,28.3,35.74,52.89,77.1,0.909,77.65
A0131,2025-05-11,28.3,25.29,37.19,53.99,0.909,54.37
A0131,2025-05-12,28.3,32.86,45.9,64.31,0.909,64.73
A0132,2025-04-29,334.4,11.59,21.26,34.04,0.909,34.33
A0132,2025-04-30,334.4,16.94,29.2,45.41,0.909,45.78
A0132,2025-05-01,334.4,11.46,19.51,30.14,0.909,30.38
A0132,2025-05-02,334.4,16.3,28.49,44.62,0.909,44.99
A0132,2025-05-03,334.4,17.13,30.44,48.05,0.909,48.45
A0132,2025-05-04,334.4,11.89,20.41,31.68,0.909,31.93
A0132,2025-05-05,334.4,11.59,19.93,30.95,0.909,31.2
A0132,2025-05-06,334.4,11.73,21.37,34.12,0.909,34.41
A0132,2025-05-07,334.4,13.33,23.35,36.59,0.909,36.89
A0132,2025-05-08,334.4,15.62,27.08,42.22,0.909,42.57
A0132,2025-05-09,334.4,16.14,28.24,44.26,0.909,44.62
A0132,2025-05-10,334.4,17.39,30.72,48.36,0.909,48.76
A0132,2025-05-11,334.4,10.74,18.0,27.62,0.909,27.84
A0132,2025-05-12,334.4,14.41,25.17,39.4,0.909,39.72
A0133,2025-04-29,213.7,0.0,6.73,21.26,0.909,21.59
A0133,2025-04-30,213.7,0.71,10.74,31.01,0.909,31.47
A0133,2025-05-01,213.7,0.45,8.64,25.37,0.909,25.75
A0133,2025-05-02,213.7,1.85,13.02,35.16,0.909,35.67
A0133,2025-05-03,213.7,2.67,14.61,38.21,0.909,38.74
A0133,2025-05-04,213.7,1.62,12.24,32.82,0.909,33.29
A0133,2025-05-05,213.7,1.94,12.45,33.0,0.909,33.47
A0133,2025-05-06,213.7,2.32,13.5,34.93,0.909,35.42
A0133,2025-05-07,213.7,3.45,16.17,40.25,0.909,40.79
A0133,2025-05-08,213.7,4.33,18.51,45.18,0.909,45.79
A0133,2025-05-09,213.7,5.64,21.54,51.25,0.909,51.93
A0133,2025-05-10,213.7,6.31,22.92,53.63,0.909,54.33
A0133,2025-05-11,213.7,2.78,14.97,37.0,0.909,37.5
A0133,2025-05-12,213.7,4.88,19.98,47.34,0.909,47.96
A0134,2025-04-29,7.1,17.78,26.32,37.33,0.556,27.85
A0134,2025-04-30,7.1,25.15,37.45,53.29,0.556,39.65
A0134,2025-05-01,7.1,16.12,23.54,33.11,0.556,24.87
A0134,2025-05-02,7.1,22.88,35.69,52.2,0.556,37.99
A0134,2025-05-03,7.1,21.3,31.58,44.83,0.556,33.42
A0134,2025-05-04,7.1,19.22,29.42,42.57,0.556,31.25
A0134,2025-05-05,7.1,16.6,24.77,35.28,0.556,26.23
A0134,2025-05-06,7.1,17.28,25.82,36.84,0.556,27.35
A0134,2025-05-07,7.1,18.47,27.27,38.61,0.556,28.84
A0134,2025-05-08,7.1,20.99,31.16,44.28,0.556,32.99
A0134,2025-05-09,7.1,23.05,35.71,52.02,0.556,37.97
A0134,2025-05-10,7.1,21.83,32.29,45.76,0.556,34.16
A0134,2025-05-11,7.1,15.29,23.46,33.99,0.556,24.93
A0134,2025-05-12,7.1,20.26,30.25,43.12,0.556,32.04
A0135,2025-04-29,343.9,11.63,21.6,38.31,0.909,38.69
A0135,2025-04-30,343.9,17.79,32.55,57.26,0.909,57.82
A0135,2025-05-01,343.9,10.94,20.86,37.47,0.909,37.84
A0135,2025-05-02,343.9,15.2,28.18,49.92,0.909,50.42
A0135,2025-05-03,343.9,15.47,29.56,53.18,0.909,53.71
A0135,2025-05-04,343.9,14.38,27.49,49.44,0.909,49.94
A0135,2025-05-05,343.9,8.52,16.26,29.23,0.909,29.52
A0135,2025-05-06,343.9,8.06,14.96,26.52,0.909,26.78
A0135,2025-05-07,343.9,9.43,17.77,31.74,0.909,32.06
A0135,2025-05-08,343.9,10.74,19.75,34.83,0.909,35.17
A0135,2025-05-09,343.9,12.41,20.83,34.93,0.909,35.25
A0135,2025-05-10,343.9,13.4,23.93,41.57,0.909,41.97
A0135,2025-05-11,343.9,8.92,17.0,30.53,0.909,30.84
A0135,2025-05-12,343.9,11.45,19.98,34.27,0.909,34.6
A0136,2025-04-29,5.8,15.55,24.56,38.18,0.556,26.45
A0136,2025-04-30,5.8,21.64,29.78,42.1,0.556,31.49
A0136,2025-05-01,5.8,13.92,20.31,29.97,0.556,21.65
A0136,2025-05-02,5.8,20.13,31.5,48.7,0.556,33.89
A0136,2025-05-03,5.8,19.5,29.32,44.16,0.556,31.38
A0136,2025-05-04,5.8,17.76,25.35,36.84,0.556,26.95
A0136,2025-05-05,5.8,15.82,23.55,35.23,0.556,25.17
A0136,2025-05-06,5.8,16.18,25.22,38.88,0.556,27.11
A0136,2025-05-07,5.8,17.08,25.23,37.55,0.556,26.94
A0136,2025-05-08,5.8,18.05,26.97,40.46,0.556,28.85
A0136,2025-05-09,5.8,20.38,31.68,48.78,0.556,34.06
A0136,2025-05-10,5.8,19.99,29.96,45.04,0.556,32.05
A0136,2025-05-11,5.8,14.46,22.2,33.9,0.556,23.83
A0136,2025-05-12,5.8,18.11,27.63,42.03,0.556,29.63
A0137,2025-04-29,411.2,44.85,59.4,81.26,0.909,81.76
A0137,2025-04-30,411.2,59.24,78.31,106.94,0.909,107.6
A0137,2025-05-01,411.2,40.33,51.58,68.47,0.909,68.85
A0137,2025-05-02,411.2,52.21,69.43,95.29,0.909,95.88
A0137,2025-05-03,411.2,52.07,68.89,94.16,0.909,94.73
A0137,2025-05-04,411.2,49.55,64.26,86.33,0.909,86.84
A0137,2025-05-05,411.2,53.97,70.43,95.13,0.909,95.69
A0137,2025-05-06,411.2,52.59,69.74,95.48,0.909,96.07
A0137,2025-05-07,411.2,55.59,73.07,99.31,0.909,99.91
A0137,2025-05-08,411.2,56.53,73.26,98.36,0.909,98.93
A0137,2025-05-09,411.2,58.77,79.28,110.09,0.909,110.79
A0137,2025-05-10,411.2,60.57,80.14,109.52,0.909,110.18
A0137,2025-05-11,411.2,40.33,53.27,72.69,0.909,73.13
A0137,2025-05-12,411.2,47.31,63.8,88.56,0.909,89.12
A0138,2025-04-29,26.5,13.46,20.72,33.46,0.909,33.75
A0138,2025-04-30,26.5,23.1,29.45,40.59,0.909,40.84
A0138,2025-05-01,26.5,13.92,20.09,30.91,0.909,31.16
A0138,2025-05-02,26.5,19.39,27.65,42.13,0.909,42.46
A0138,2025-05-03,26.5,19.3,27.64,42.25,0.909,42.58
A0138,2025-05-04,26.5,18.39,24.03,33.9,0.909,34.13
A0138,2025-05-05,26.5,13.87,22.0,36.23,0.909,36.55
A0138,2025-05-06,26.5,13.46,20.84,33.78,0.909,34.07
A0138,2025-05-07,26.5,15.94,24.1,38.4,0.909,38.72
A0138,2025-05-08,26.5,18.74,25.41,37.1,0.909,37.37
A0138,2025-05-09,26.5,20.05,27.59,40.8,0.909,41.1
A0138,2025-05-10,26.5,20.45,29.71,45.95,0.909,46.32
A0138,2025-05-11,26.5,13.28,20.43,32.96,0.909,33.25
A0138,2025-05-12,26.5,17.06,24.64,37.92,0.909,38.23
A0139,2025-04-29,331.1,10.66,19.94,35.08,0.909,35.43
A0139,2025-04-30,331.1,14.66,30.38,56.02,0.909,56.6
A0139,2025-05-01,331.1,10.48,18.28,31.0,0.909,31.29
A0139,2025-05-02,331.1,14.19,25.13,42.99,0.909,43.39
A0139,2025-05-03,331.1,14.06,25.7,44.67,0.909,45.11
A0139,2025-05-04,331.1,11.62,24.05,44.32,0.909,44.78
A0139,2025-05-05,331.1,11.34,19.82,33.65,0.909,33.96
A0139,2025-05-06,331.1,10.95,20.5,36.07,0.909,36.42
A0139,2025-05-07,331.1,12.64,23.66,41.64,0.909,42.05
A0139,2025-05-08,331.1,13.85,24.59,42.11,0.909,42.5
A0139,2025-05-09,331.1,14.71,25.04,41.89,0.909,42.27
A0139,2025-05-10,331.1,15.32,28.19,49.19,0.909,49.66
A0139,2025-05-11,331.1,16.4,31.21,55.38,0.909,55.93
A0139,2025-05-12,331.1,18.78,31.92,53.36,0.909,53.84
A0140,2025-04-29,316.7,10.11,17.66,28.23,0.909,28.47
A0140,2025-04-30,316.7,13.44,22.43,35.02,0.909,35.31
A0140,2025-05-01,316.7,10.1,18.35,29.91,0.909,30.17
A0140,2025-05-02,316.7,13.58,23.37,37.09,0.909,37.41
A0140,2025-05-03,316.7,13.66,24.23,39.02,0.909,39.36
A0140,2025-05-04,316.7,10.67,18.15,28.64,0.909,28.88
A0140,2025-05-05,316.7,9.8,17.62,28.57,0.909,28.82
A0140,2025-05-06,316.7,10.73,18.45,29.28,0.909,29.52
A0140,2025-05-07,316.7,11.29,20.15,32.57,0.909,32.85
A0140,2025-05-08,316.7,13.26,23.56,38.0,0.909,38.32
A0140,2025-05-09,316.7,14.48,24.36,38.2,0.909,38.51
A0140,2025-05-10,316.7,14.3,25.2,40.48,0.909,40.83
A0140,2025-05-11,316.7,9.31,17.31,28.52,0.909,28.78
A0140,2025-05-12,316.7,12.17,20.98,33.34,0.909,33.62
A0141,2025-04-29,35.7,9.9,15.21,23.89,0.909,24.09
A0141,2025-04-30,35.7,14.61,25.18,42.48,0.909,42.87
A0141,2025-05-01,35.7,9.1,14.04,22.13,0.909,22.31
A0141,2025-05-02,35.7,12.95,20.37,32.51,0.909,32.78
A0141,2025-05-03,35.7,13.35,19.72,30.12,0.909,30.36
A0141,2025-05-04,35.7,11.05,17.5,28.04,0.909,28.28
A0141,2025-05-05,35.7,9.55,15.56,25.38,0.909,25.6
A0141,2025-05-06,35.7,10.36,15.62,24.22,0.909,24.41
A0141,2025-05-07,35.7,11.04,17.93,29.19,0.909,29.45
A0141,2025-05-08,35.7,12.08,18.77,29.7,0.909,29.95
A0141,2025-05-09,35.7,13.69,20.59,31.86,0.909,32.12
A0141,2025-05-10,35.7,13.7,20.49,31.58,0.909,31.83
A0141,2025-05-11,35.7,8.34,12.99,20.6,0.909,20.77
A0141,2025-05-12,35.7,11.66,18.59,29.92,0.909,30.18
A0142,2025-04-29,316.5,3.84,9.37,16.43,0.909,16.59
A0142,2025-04-30,316.5,5.85,14.47,25.49,0.909,25.74
A0142,2025-05-01,316.5,3.92,9.88,17.49,0.909,17.66
A0142,2025-05-02,316.5,5.11,11.85,20.48,0.909,20.67
A0142,2025-05-03,316.5,5.54,12.13,20.57,0.909,20.76
A0142,2025-05-04,316.5,4.27,10.91,19.42,0.909,19.61
A0142,2025-05-05,316.5,3.93,9.83,17.38,0.909,17.55
A0142,2025-05-06,316.5,4.07,9.66,16.82,0.909,16.98
A0142,2025-05-07,316.5,4.61,11.48,20.26,0.909,20.46
A0142,2025-05-08,316.5,4.84,11.68,20.41,0.909,20.61
A0142,2025-05-09,316.5,5.34,11.85,20.18,0.909,20.37
A0142,2025-05-10,316.5,5.71,12.73,21.71,0.909,21.91
A0142,2025-05-11,316.5,3.37,9.37,17.05,0.909,17.22
A0142,2025-05-12,316.5,11.08,22.59,37.31,0.909,37.65
A0143,2025-04-29,10.2,69.03,85.33,108.15,0.909,108.67
A0143,2025-04-30,10.2,81.74,100.34,126.36,0.909,126.96
A0143,2025-05-01,10.2,70.21,91.42,121.11,0.909,121.78
A0143,2025-05-02,10.2,79.09,96.71,121.36,0.909,121.92
A0143,2025-05-03,10.2,80.1,98.47,124.17,0.909,124.75
A0143,2025-05-04,10.2,69.3,84.26,105.21,0.909,105.68
A0143,2025-05-05,10.2,70.37,88.17,113.08,0.909,113.64
A0143,2025-05-06,10.2,71.35,87.68,110.52,0.909,111.04
A0143,2025-05-07,10.2,73.19,91.74,117.69,0.909,118.28
A0143,2025-05-08,10.2,80.42,101.35,130.64,0.909,131.31
A0143,2025-05-09,10.2,81.57,99.53,124.67,0.909,125.24
A0143,2025-05-10,10.2,80.25,98.32,123.61,0.909,124.19
A0143,2025-05-11,10.2,61.67,76.65,97.61,0.909,98.09
A0143,2025-05-12,10.2,232.55,287.93,365.45,0.909,367.21
A0144,2025-04-29,301.2,9.31,15.58,25.4,0.909,25.62
A0144,2025-04-30,301.2,14.8,22.96,35.75,0.909,36.04
A0144,2025-05-01,301.2,8.75,15.08,24.99,0.909,25.22
A0144,2025-05-02,301.2,11.77,19.58,31.81,0.909,32.09
A0144,2025-05-03,301.2,12.65,20.25,32.14,0.909,32.41
A0144,2025-05-04,301.2,10.32,15.3,23.1,0.909,23.28
A0144,2025-05-05,301.2,8.44,14.18,23.18,0.909,23.39
A0144,2025-05-06,301.2,9.79,16.02,25.78,0.909,26.0
A0144,2025-05-07,301.2,9.26,15.56,25.42,0.909,25.64
A0144,2025-05-08,301.2,10.99,17.66,28.09,0.909,28.33
A0144,2025-05-09,301.2,13.06,21.48,34.67,0.909,34.97
A0144,2025-05-10,301.2,12.87,19.94,31.0,0.909,31.25
A0144,2025-05-11,301.2,6.22,10.18,16.39,0.909,16.53
A0144,2025-05-12,301.2,10.42,16.95,27.19,0.909,27.43
A0145,2025-04-29,14.0,71.81,83.95,95.56,0.909,95.83
A0145,2025-04-30,14.0,88.76,104.42,119.41,0.909,119.75
A0145,2025-05-01,14.0,62.3,81.39,99.66,0.909,100.07
A0145,2025-05-02,14.0,80.94,95.52,109.47,0.909,109.79
A0145,2025-05-03,14.0,82.26,96.58,110.27,0.909,110.58
A0145,2025-05-04,14.0,77.62,90.36,102.56,0.909,102.84
A0145,2025-05-05,14.0,64.27,79.2,93.49,0.909,93.81
A0145,2025-05-06,14.0,73.4,85.49,97.07,0.909,97.33
A0145,2025-05-07,14.0,71.7,87.66,102.92,0.909,103.27
A0145,2025-05-08,14.0,79.38,98.01,115.85,0.909,116.25
A0145,2025-05-09,14.0,83.37,98.65,113.27,0.909,113.6
A0145,2025-05-10,14.0,82.32,96.02,109.12,0.909,109.42
A0145,2025-05-11,14.0,61.41,73.97,86.0,0.909,86.27
A0145,2025-05-12,14.0,77.65,93.14,107.96,0.909,108.29
A0146,2025-04-29,35.4,8.32,14.96,25.69,0.909,25.94
A0146,2025-04-30,35.4,7.39,18.99,37.73,0.909,38.16
A0146,2025-05-01,35.4,6.01,11.64,20.74,0.909,20.94
A0146,2025-05-02,35.4,7.79,16.09,29.51,0.909,29.81
A0146,2025-05-03,35.4,7.93,15.99,29.01,0.909,29.31
A0146,2025-05-04,35.4,6.57,14.72,27.89,0.909,28.19
A0146,2025-05-05,35.4,6.33,12.95,23.64,0.909,23.88
A0146,2025-05-06,35.4,5.93,11.76,21.18,0.909,21.39
A0146,2025-05-07,35.4,7.06,14.55,26.66,0.909,26.93
A0146,2025-05-08,35.4,8.13,14.9,25.84,0.909,26.09
A0146,2025-05-09,35.4,8.24,15.86,28.19,0.909,28.47
A0146,2025-05-10,35.4,8.96,17.7,31.83,0.909,32.15
A0146,2025-05-11,35.4,6.17,12.21,21.95,0.909,22.18
A0146,2025-05-12,35.4,7.44,14.41,25.67,0.909,25.93
A0147,2025-04-29,8.3,18.76,26.37,40.36,0.556,28.31
A0147,2025-04-30,8.3,25.15,36.86,58.4,0.556,39.85
A0147,2025-05-01,8.3,18.14,25.92,40.24,0.556,27.91
A0147,2025-05-02,8.3,23.42,32.79,50.02,0.556,35.18
A0147,2025-05-03,8.3,22.69,32.83,51.47,0.556,35.42
A0147,2025-05-04,8.3,19.46,28.48,45.08,0.556,30.79
A0147,2025-05-05,8.3,18.24,26.02,40.31,0.556,28.0
A0147,2025-05-06,8.3,19.25,26.83,40.76,0.556,28.77
A0147,2025-05-07,8.3,19.9,28.1,43.18,0.556,30.19
A0147,2025-05-08,8.3,22.77,31.95,48.84,0.556,34.3
A0147,2025-05-09,8.3,24.57,33.8,50.78,0.556,36.16
A0147,2025-05-10,8.3,22.96,33.21,52.05,0.556,35.82
A0147,2025-05-11,8.3,16.52,23.53,36.42,0.556,25.32
A0147,2025-05-12,8.3,21.48,30.07,45.88,0.556,32.27
A0148,2025-04-29,367.4,17.67,25.12,36.81,0.909,37.07
A0148,2025-04-30,367.4,24.77,36.44,54.75,0.909,55.17
A0148,2025-05-01,367.4,15.57,21.62,31.11,0.909,31.33
A0148,2025-05-02,367.4,22.0,30.16,42.96,0.909,43.25
A0148,2025-05-03,367.4,22.26,30.6,43.7,0.909,43.99
A0148,2025-05-04,367.4,20.09,28.69,42.18,0.909,42.49
A0148,2025-05-05,367.4,16.94,23.21,33.04,0.909,33.26
A0148,2025-05-06,367.4,17.46,24.95,36.7,0.909,36.97
A0148,2025-05-07,367.4,19.19,27.34,40.14,0.909,40.43
A0148,2025-05-08,367.4,20.73,30.15,44.93,0.909,45.27
A0148,2025-05-09,367.4,21.26,29.35,42.04,0.909,42.32
A0148,2025-05-10,367.4,23.26,31.89,45.43,0.909,45.74
A0148,2025-05-11,367.4,16.64,23.69,34.75,0.909,35.0
A0148,2025-05-12,367.4,19.66,27.76,40.49,0.909,40.78
A0149,2025-04-29,14.0,23.11,33.57,49.0,0.909,49.35
A0149,2025-04-30,14.0,30.0,43.35,63.05,0.909,63.5
A0149,2025-05-01,14.0,20.63,30.81,45.83,0.909,46.17
A0149,2025-05-02,14.0,26.27,38.34,56.14,0.909,56.55
A0149,2025-05-03,14.0,40.0,56.64,81.17,0.909,81.73
A0149,2025-05-04,14.0,35.04,50.32,72.86,0.909,73.37
A0149,2025-05-05,14.0,33.62,49.33,72.49,0.909,73.02
A0149,2025-05-06,14.0,32.49,47.7,70.12,0.909,70.63
A0149,2025-05-07,14.0,33.25,49.43,73.3,0.909,73.84
A0149,2025-05-08,14.0,35.01,52.19,77.52,0.909,78.1
A0149,2025-05-09,14.0,24.06,35.94,53.46,0.909,53.86
A0149,2025-05-10,14.0,25.16,36.57,53.4,0.909,53.78
A0149,2025-05-11,14.0,19.18,28.19,41.47,0.909,41.77
A0149,2025-05-12,14.0,25.25,36.98,54.29,0.909,54.68
A0150,2025-04-29,154.9,11.92,20.09,31.98,0.909,32.25
A0150,2025-04-30,154.9,16.59,28.21,45.12,0.909,45.5
A0150,2025-05-01,154.9,10.04,15.56,23.59,0.909,23.77
A0150,2025-05-02,154.9,16.07,26.05,40.57,0.909,40.9
A0150,2025-05-03,154.9,16.02,25.91,40.3,0.909,40.62
A0150,2025-05-04,154.9,11.69,20.04,32.18,0.909,32.45
A0150,2025-05-05,154.9,11.9,18.2,27.37,0.909,27.58
A0150,2025-05-06,154.9,12.86,20.99,32.8,0.909,33.07
A0150,2025-05-07,154.9,15.17,24.38,37.78,0.909,38.08
A0150,2025-05-08,154.9,14.41,22.96,35.4,0.909,35.68
A0150,2025-05-09,154.9,16.36,26.22,40.56,0.909,40.88
A0150,2025-05-10,154.9,16.47,26.37,40.78,0.909,41.11
A0150,2025-05-11,154.9,11.74,18.66,28.73,0.909,28.96
A0150,2025-05-12,154.9,14.58,23.16,35.65,0.909,35.93
A0151,2025-04-29,179.2,12.15,18.47,28.88,0.909,29.12
A0151,2025-04-30,179.2,17.32,23.31,33.2,0.909,33.42
A0151,2025-05-01,179.2,12.03,17.83,27.38,0.909,27.6
A0151,2025-05-02,179.2,15.03,22.38,34.49,0.909,34.77
A0151,2025-05-03,179.2,16.24,24.02,36.84,0.909,37.13
A0151,2025-05-04,179.2,13.58,18.81,27.43,0.909,27.62
A0151,2025-05-05,179.2,12.05,17.8,27.3,0.909,27.51
A0151,2025-05-06,179.2,12.69,18.98,29.35,0.909,29.58
A0151,2025-05-07,179.2,13.99,20.19,30.41,0.909,30.64
A0151,2025-05-08,179.2,15.37,22.21,33.48,0.909,33.73
A0151,2025-05-09,179.2,15.25,22.52,34.49,0.909,34.76
A0151,2025-05-10,179.2,16.29,24.1,36.98,0.909,37.27
A0151,2025-05-11,179.2,11.2,16.47,25.16,0.909,25.36
A0151,2025-05-12,179.2,13.91,20.32,30.89,0.909,31.13
A0152,2025-04-29,24.8,11.87,18.01,25.78,0.909,25.96
A0152,2025-04-30,24.8,19.15,27.41,37.87,0.909,38.11
A0152,2025-05-01,24.8,12.08,16.84,22.86,0.909,23.0
A0152,2025-05-02,24.8,16.46,24.7,35.15,0.909,35.39
A0152,2025-05-03,24.8,16.28,25.08,36.22,0.909,36.47
A0152,2025-05-04,24.8,15.26,20.58,27.32,0.909,27.47
A0152,2025-05-05,24.8,12.96,18.29,25.04,0.909,25.19
A0152,2025-05-06,24.8,12.1,18.22,25.97,0.909,26.15
A0152,2025-05-07,24.8,14.38,22.1,31.88,0.909,32.1
A0152,2025-05-08,24.8,15.81,23.1,32.33,0.909,32.54
A0152,2025-05-09,24.8,16.65,24.71,34.93,0.909,35.16
A0152,2025-05-10,24.8,17.59,26.77,38.41,0.909,38.67
A0152,2025-05-11,24.8,12.01,17.22,23.83,0.909,23.98
A0152,2025-05-12,24.8,15.23,21.88,30.3,0.909,30.49
A0153,2025-04-29,10.5,13.62,23.61,40.01,0.909,40.39
A0153,2025-04-30,10.5,14.84,28.3,50.41,0.909,50.91
A0153,2025-05-01,10.5,13.03,21.05,34.22,0.909,34.52
A0153,2025-05-02,10.5,17.2,27.58,44.64,0.909,45.03
A0153,2025-05-03,10.5,16.94,27.69,45.37,0.909,45.77
A0153,2025-05-04,10.5,13.19,25.34,45.3,0.909,45.75
A0153,2025-05-05,10.5,14.43,24.25,40.4,0.909,40.77
A0153,2025-05-06,10.5,15.25,25.24,41.66,0.909,42.03
A0153,2025-05-07,10.5,15.42,25.97,43.3,0.909,43.7
A0153,2025-05-08,10.5,17.09,27.63,44.94,0.909,45.33
A0153,2025-05-09,10.5,18.07,28.5,45.63,0.909,46.02
A0153,2025-05-10,10.5,17.46,28.18,45.8,0.909,46.2
A0153,2025-05-11,10.5,23.62,38.44,62.79,0.909,63.35
A0153,2025-05-12,10.5,30.21,48.22,77.82,0.909,78.49
A0154,2025-04-29,24.6,15.68,47.18,102.86,0.909,104.12
A0154,2025-04-30,24.6,33.42,60.82,109.25,0.909,110.35
A0154,2025-05-01,24.6,13.04,46.05,104.4,0.909,105.73
A0154,2025-05-02,24.6,11.85,71.13,175.9,0.909,178.28
A0154,2025-05-03,24.6,26.64,57.12,110.99,0.909,112.21
A0154,2025-05-04,24.6,23.9,51.75,100.97,0.909,102.09
A0154,2025-05-05,24.6,15.2,51.09,114.52,0.909,115.96
A0154,2025-05-06,24.6,16.22,48.31,105.01,0.909,106.3
A0154,2025-05-07,24.6,24.37,51.48,99.4,0.909,100.49
A0154,2025-05-08,24.6,22.44,57.12,118.41,0.909,119.81
A0154,2025-05-09,24.6,12.86,69.77,170.34,0.909,172.62
A0154,2025-05-10,24.6,28.18,61.08,119.24,0.909,120.57
A0154,2025-05-11,24.6,16.91,46.26,98.13,0.909,99.3
A0154,2025-05-12,24.6,20.82,54.71,114.62,0.909,115.98
A0155,2025-04-29,2.7,133.53,185.48,269.18,0.556,197.11
A0155,2025-04-30,2.7,170.3,226.21,316.28,0.556,238.72
A0155,2025-05-01,2.7,122.55,172.42,252.75,0.556,183.58
A0155,2025-05-02,2.7,62.13,87.42,128.17,0.556,93.08
A0155,2025-05-03,2.7,69.13,96.9,141.63,0.556,103.11
A0155,2025-05-04,2.7,56.35,76.27,108.34,0.556,80.72
A0155,2025-05-05,2.7,54.62,76.2,110.95,0.556,81.02
A0155,2025-05-06,2.7,60.91,84.74,123.13,0.556,90.07
A0155,2025-05-07,2.7,61.56,85.0,122.76,0.556,90.24
A0155,2025-05-08,2.7,70.39,96.94,139.7,0.556,102.88
A0155,2025-05-09,2.7,71.51,96.86,137.7,0.556,102.53
A0155,2025-05-10,2.7,76.25,103.98,148.66,0.556,110.19
A0155,2025-05-11,2.7,48.24,67.01,97.24,0.556,71.21
A0155,2025-05-12,2.7,67.98,91.91,130.45,0.556,97.26
A0156,2025-04-29,26.0,8.11,13.48,21.73,0.909,21.92
A0156,2025-04-30,26.0,11.55,18.75,29.8,0.909,30.05
A0156,2025-05-01,26.0,7.99,11.49,16.87,0.909,16.99
A0156,2025-05-02,26.0,11.94,18.51,28.61,0.909,28.84
A0156,2025-05-03,26.0,11.03,18.21,29.24,0.909,29.49
A0156,2025-05-04,26.0,9.07,13.83,21.15,0.909,21.32
A0156,2025-05-05,26.0,8.98,13.4,20.19,0.909,20.34
A0156,2025-05-06,26.0,8.75,14.1,22.33,0.909,22.51
A0156,2025-05-07,26.0,10.2,16.73,26.77,0.909,26.99
A0156,2025-05-08,26.0,11.0,17.07,26.41,0.909,26.62
A0156,2025-05-09,26.0,12.42,18.62,28.14,0.909,28.36
A0156,2025-05-10,26.0,12.17,19.91,31.81,0.909,32.08
A0156,2025-05-11,26.0,8.39,12.93,19.91,0.909,20.06
A0156,2025-05-12,26.0,10.97,16.88,25.96,0.909,26.17
A0157,2025-04-29,35.6,30.36,42.63,61.76,0.909,62.19
A0157,2025-04-30,35.6,70.89,92.41,125.96,0.909,126.73
A0157,2025-05-01,35.6,49.38,59.08,74.21,0.909,74.55
A0157,2025-05-02,35.6,64.14,80.45,105.88,0.909,106.46
A0157,2025-05-03,35.6,63.67,78.93,102.72,0.909,103.26
A0157,2025-05-04,35.6,52.61,63.67,80.91,0.909,81.3
A0157,2025-05-05,35.6,50.38,60.43,76.1,0.909,76.46
A0157,2025-05-06,35.6,25.04,37.08,55.84,0.909,56.27
A0157,2025-05-07,35.6,28.66,44.08,68.12,0.909,68.67
A0157,2025-05-08,35.6,32.08,47.56,71.7,0.909,72.25
A0157,2025-05-09,35.6,35.93,51.29,75.23,0.909,75.77
A0157,2025-05-10,35.6,37.24,52.92,77.39,0.909,77.94
A0157,2025-05-11,35.6,27.25,35.52,48.41,0.909,48.71
A0157,2025-05-12,35.6,34.29,47.58,68.3,0.909,68.77
A0158,2025-04-29,6.7,12.84,20.9,32.52,0.556,22.52
A0158,2025-04-30,6.7,15.68,23.19,34.0,0.556,24.69
A0158,2025-05-01,6.7,11.82,19.18,29.78,0.556,20.66
A0158,2025-05-02,6.7,15.94,25.9,40.23,0.556,27.89
A0158,2025-05-03,6.7,15.84,26.26,41.26,0.556,28.34
A0158,2025-05-04,6.7,12.51,19.2,28.82,0.556,20.54
A0158,2025-05-05,6.7,11.82,19.72,31.1,0.556,21.3
A0158,2025-05-06,6.7,20.58,31.16,46.38,0.556,33.27
A0158,2025-05-07,6.7,20.08,30.22,44.83,0.556,32.25
A0158,2025-05-08,6.7,20.84,31.96,47.96,0.556,34.18
A0158,2025-05-09,6.7,15.37,25.59,40.29,0.556,27.63
A0158,2025-05-10,6.7,18.21,29.27,45.18,0.556,31.48
A0158,2025-05-11,6.7,12.44,20.26,31.52,0.556,21.83
A0158,2025-05-12,6.7,15.91,25.19,38.54,0.556,27.04
A0159,2025-04-29,318.2,8.19,14.13,24.07,0.909,24.3
A0159,2025-04-30,318.2,12.3,20.82,35.08,0.909,35.41
A0159,2025-05-01,318.2,8.41,14.78,25.45,0.909,25.7
A0159,2025-05-02,318.2,11.89,20.31,34.41,0.909,34.73
A0159,2025-05-03,318.2,12.76,21.44,35.96,0.909,36.29
A0159,2025-05-04,318.2,8.29,14.2,24.1,0.909,24.33
A0159,2025-05-05,318.2,9.08,15.38,25.93,0.909,26.17
A0159,2025-05-06,318.2,8.76,14.71,24.67,0.909,24.89
A0159,2025-05-07,318.2,10.04,16.56,27.46,0.909,27.71
A0159,2025-05-08,318.2,11.16,19.39,33.18,0.909,33.5
A0159,2025-05-09,318.2,12.05,20.5,34.66,0.909,34.98
A0159,2025-05-10,318.2,12.99,21.66,36.16,0.909,36.49
A0159,2025-05-11,318.2,7.83,12.74,20.97,0.909,21.16
A0159,2025-05-12,318.2,10.47,18.03,30.69,0.909,30.98
A0160,2025-04-29,29.1,10.5,16.94,26.18,0.909,26.39
A0160,2025-04-30,29.1,15.62,25.23,39.03,0.909,39.34
A0160,2025-05-01,29.1,10.4,16.39,24.99,0.909,25.19
A0160,2025-05-02,29.1,14.79,23.53,36.07,0.909,36.36
A0160,2025-05-03,29.1,23.54,38.87,60.86,0.909,61.36
A0160,2025-05-04,29.1,18.23,30.97,49.25,0.909,49.67
A0160,2025-05-05,29.1,17.07,27.76,43.09,0.909,43.44
A0160,2025-05-06,29.1,16.84,27.53,42.86,0.909,43.21
A0160,2025-05-07,29.1,18.63,30.93,48.58,0.909,48.98
A0160,2025-05-08,29.1,20.17,33.84,53.45,0.909,53.9
A0160,2025-05-09,29.1,23.19,36.93,56.63,0.909,57.08
A0160,2025-05-10,29.1,13.26,23.06,37.12,0.909,37.44
A0160,2025-05-11,29.1,8.48,14.93,24.17,0.909,24.38
A0160,2025-05-12,29.1,11.37,18.91,29.71,0.909,29.96
A0161,2025-04-29,4.6,32.02,47.32,70.15,0.556,50.49
A0161,2025-04-30,4.6,42.11,62.12,91.97,0.556,66.26
A0161,2025-05-01,4.6,28.01,41.38,61.31,0.556,44.14
A0161,2025-05-02,4.6,41.95,62.09,92.12,0.556,66.26
A0161,2025-05-03,4.6,39.32,59.71,90.12,0.556,63.93
A0161,2025-05-04,4.6,31.86,45.65,66.21,0.556,48.5
A0161,2025-05-05,4.6,29.49,43.54,64.5,0.556,46.45
A0161,2025-05-06,4.6,32.28,47.74,70.8,0.556,50.94
A0161,2025-05-07,4.6,33.33,50.13,75.19,0.556,53.61
A0161,2025-05-08,4.6,36.54,55.0,82.53,0.556,58.82
A0161,2025-05-09,4.6,42.71,63.26,93.89,0.556,67.51
A0161,2025-05-10,4.6,39.71,60.07,90.44,0.556,64.29
A0161,2025-05-11,4.6,25.93,38.55,57.37,0.556,41.16
A0161,2025-05-12,4.6,36.03,53.83,80.39,0.556,57.52
A0162,2025-04-29,4.2,14.25,18.72,25.18,0.556,19.62
A0162,2025-04-30,4.2,17.36,21.94,28.55,0.556,22.86
A0162,2025-05-01,4.2,13.72,18.76,26.03,0.556,19.77
A0162,2025-05-02,4.2,18.23,24.53,33.61,0.556,25.79
A0162,2025-05-03,4.2,17.79,22.68,29.73,0.556,23.66
A0162,2025-05-04,4.2,12.87,16.36,21.38,0.556,17.05
A0162,2025-05-05,4.2,14.08,18.42,24.67,0.556,19.28
A0162,2025-05-06,4.2,14.62,19.13,25.64,0.556,20.03
A0162,2025-05-07,4.2,15.57,20.05,26.51,0.556,20.95
A0162,2025-05-08,4.2,16.66,21.48,28.43,0.556,22.44
A0162,2025-05-09,4.2,18.69,25.43,35.15,0.556,26.78
A0162,2025-05-10,4.2,17.97,22.64,29.37,0.556,23.57
A0162,2025-05-11,4.2,12.13,15.68,20.8,0.556,16.39
A0162,2025-05-12,4.2,16.42,20.86,27.27,0.556,21.75
A0163,2025-04-29,27.2,18.49,29.65,47.44,0.909,47.84
A0163,2025-04-30,27.2,29.34,39.67,56.13,0.909,56.5
A0163,2025-05-01,27.2,17.73,26.86,41.41,0.909,41.74
A0163,2025-05-02,27.2,24.99,39.64,63.0,0.909,63.53
A0163,2025-05-03,27.2,24.81,39.8,63.69,0.909,64.23
A0163,2025-05-04,27.2,23.34,33.24,49.02,0.909,49.37
A0163,2025-05-05,27.2,19.49,32.28,52.67,0.909,53.13
A0163,2025-05-06,27.2,18.61,29.56,47.01,0.909,47.41
A0163,2025-05-07,27.2,21.23,34.87,56.61,0.909,57.11
A0163,2025-05-08,27.2,23.46,35.81,55.49,0.909,55.94
A0163,2025-05-09,27.2,25.21,38.52,59.73,0.909,60.21
A0163,2025-05-10,27.2,26.02,42.97,69.99,0.909,70.6
A0163,2025-05-11,27.2,18.25,29.92,48.52,0.909,48.95
A0163,2025-05-12,27.2,22.3,35.87,57.5,0.909,57.99
A0164,2025-04-29,11.5,125.36,175.89,259.46,0.909,261.36
A0164,2025-04-30,11.5,167.98,225.16,319.73,0.909,321.87
A0164,2025-05-01,11.5,112.34,155.59,227.12,0.909,228.74
A0164,2025-05-02,11.5,137.5,190.87,279.15,0.909,281.16
A0164,2025-05-03,11.5,148.15,209.07,309.84,0.909,312.13
A0164,2025-05-04,11.5,138.85,184.73,260.61,0.909,262.34
A0164,2025-05-05,11.5,119.19,166.59,244.98,0.909,246.77
A0164,2025-05-06,11.5,128.34,178.88,262.49,0.909,264.39
A0164,2025-05-07,11.5,138.78,195.99,290.59,0.909,292.74
A0164,2025-05-08,11.5,146.43,202.78,295.97,0.909,298.09
A0164,2025-05-09,11.5,138.79,192.05,280.13,0.909,282.14
A0164,2025-05-10,11.5,150.19,211.24,312.21,0.909,314.51
A0164,2025-05-11,11.5,115.21,161.18,237.21,0.909,238.94
A0164,2025-05-12,11.5,144.93,203.99,301.66,0.909,303.88
A0165,2025-04-29,6.7,17.03,45.52,94.78,0.556,52.36
A0165,2025-04-30,6.7,24.32,60.16,123.82,0.556,69.0
A0165,2025-05-01,6.7,16.07,43.13,89.93,0.556,49.63
A0165,2025-05-02,6.7,22.63,55.96,114.54,0.556,64.09
A0165,2025-05-03,6.7,23.31,56.66,115.61,0.556,64.85
A0165,2025-05-04,6.7,19.53,50.42,104.66,0.556,57.96
A0165,2025-05-05,6.7,17.75,45.99,95.3,0.556,52.84
A0165,2025-05-06,6.7,18.72,47.75,98.57,0.556,54.81
A0165,2025-05-07,6.7,20.39,50.58,103.74,0.556,57.96
A0165,2025-05-08,6.7,45.58,100.68,200.14,0.556,114.5
A0165,2025-05-09,6.7,50.76,108.64,218.54,0.556,123.91
A0165,2025-05-10,6.7,53.15,112.06,225.6,0.556,127.83
A0165,2025-05-11,6.7,34.65,79.22,158.32,0.556,90.21
A0165,2025-05-12,6.7,18.38,44.23,93.32,0.556,51.05
A0166,2025-04-29,32.8,21.36,29.6,44.12,0.909,44.45
A0166,2025-04-30,32.8,28.21,38.51,56.66,0.909,57.07
A0166,2025-05-01,32.8,20.29,28.74,43.61,0.909,43.95
A0166,2025-05-02,32.8,26.94,38.23,58.1,0.909,58.56
A0166,2025-05-03,32.8,27.1,38.66,59.03,0.909,59.49
A0166,2025-05-04,32.8,22.68,31.19,46.18,0.909,46.52
A0166,2025-05-05,32.8,21.32,30.12,45.62,0.909,45.98
A0166,2025-05-06,32.8,21.13,29.59,44.48,0.909,44.82
A0166,2025-05-07,32.8,23.12,33.28,51.18,0.909,51.59
A0166,2025-05-08,32.8,25.71,36.78,56.28,0.909,56.73
A0166,2025-05-09,32.8,26.99,38.32,58.26,0.909,58.72
A0166,2025-05-10,32.8,27.85,40.0,61.4,0.909,61.89
A0166,2025-05-11,32.8,19.27,28.64,45.16,0.909,45.53
A0166,2025-05-12,32.8,24.95,35.02,52.75,0.909,53.16
A0167,2025-04-29,354.6,29.04,39.24,54.5,0.909,54.84
A0167,2025-04-30,354.6,38.3,50.57,68.92,0.909,69.34
A0167,2025-05-01,354.6,32.23,42.49,57.84,0.909,58.19
A0167,2025-05-02,354.6,43.0,57.12,78.25,0.909,78.73
A0167,2025-05-03,354.6,44.51,58.6,79.69,0.909,80.17
A0167,2025-05-04,354.6,37.04,45.82,58.96,0.909,59.26
A0167,2025-05-05,354.6,33.44,43.54,58.67,0.909,59.01
A0167,2025-05-06,354.6,33.16,43.23,58.31,0.909,58.65
A0167,2025-05-07,354.6,27.99,38.75,54.85,0.909,55.21
A0167,2025-05-08,354.6,35.91,48.16,66.49,0.909,66.91
A0167,2025-05-09,354.6,46.7,60.34,80.75,0.909,81.22
A0167,2025-05-10,354.6,40.46,54.74,76.1,0.909,76.58
A0167,2025-05-11,354.6,21.98,29.65,41.13,0.909,41.39
A0167,2025-05-12,354.6,34.88,46.17,63.06,0.909,63.45
A0168,2025-04-29,9.8,175.62,245.71,359.19,0.556,261.47
A0168,2025-04-30,9.8,93.44,129.75,188.54,0.556,137.92
A0168,2025-05-01,9.8,61.0,88.18,132.19,0.556,94.29
A0168,2025-05-02,9.8,80.42,116.9,175.95,0.556,125.1
A0168,2025-05-03,9.8,82.15,118.16,176.44,0.556,126.25
A0168,2025-05-04,9.8,82.13,112.5,161.68,0.556,119.33
A0168,2025-05-05,9.8,69.5,100.41,150.44,0.556,107.36
A0168,2025-05-06,9.8,72.36,105.24,158.46,0.556,112.63
A0168,2025-05-07,9.8,78.54,114.4,172.45,0.556,122.46
A0168,2025-05-08,9.8,85.28,121.1,179.08,0.556,129.15
A0168,2025-05-09,9.8,81.46,117.45,175.71,0.556,125.54
A0168,2025-05-10,9.8,86.83,122.97,181.47,0.556,131.09
A0168,2025-05-11,9.8,70.16,99.6,147.27,0.556,106.22
A0168,2025-05-12,9.8,87.03,125.69,188.26,0.556,134.38
A0169,2025-04-29,8.4,15.73,26.3,46.13,0.556,29.05
A0169,2025-04-30,8.4,20.2,31.41,52.42,0.556,34.33
A0169,2025-05-01,8.4,14.89,24.94,43.8,0.556,27.56
A0169,2025-05-02,8.4,19.83,31.87,54.44,0.556,35.0
A0169,2025-05-03,8.4,20.26,33.76,59.07,0.556,37.27
A0169,2025-05-04,8.4,16.28,26.01,44.26,0.556,28.54
A0169,2025-05-05,8.4,15.28,25.17,43.71,0.556,27.75
A0169,2025-05-06,8.4,16.37,26.91,46.67,0.556,29.65
A0169,2025-05-07,8.4,17.66,28.28,48.19,0.556,31.04
A0169,2025-05-08,8.4,19.99,32.22,55.16,0.556,35.41
A0169,2025-05-09,8.4,19.86,31.6,53.63,0.556,34.66
A0169,2025-05-10,8.4,20.95,34.63,60.29,0.556,38.2
A0169,2025-05-11,8.4,14.63,23.81,41.01,0.556,26.19
A0169,2025-05-12,8.4,19.21,30.66,52.12,0.556,33.64
A0170,2025-04-29,32.5,37.67,57.83,87.25,0.909,87.92
A0170,2025-04-30,32.5,53.2,85.53,132.7,0.909,133.77
A0170,2025-05-01,32.5,35.51,55.43,84.49,0.909,85.15
A0170,2025-05-02,32.5,49.95,78.45,120.03,0.909,120.97
A0170,2025-05-03,32.5,48.64,74.13,111.32,0.909,112.16
A0170,2025-05-04,32.5,43.51,68.87,105.87,0.909,106.71
A0170,2025-05-05,32.5,37.46,59.21,90.95,0.909,91.67
A0170,2025-05-06,32.5,38.06,58.48,88.29,0.909,88.96
A0170,2025-05-07,32.5,41.54,65.91,101.48,0.909,102.29
A0170,2025-05-08,32.5,45.28,72.04,111.08,0.909,111.97
A0170,2025-05-09,32.5,49.03,75.18,113.33,0.909,114.2
A0170,2025-05-10,32.5,49.27,78.24,120.51,0.909,121.48
A0170,2025-05-11,32.5,34.75,56.98,89.4,0.909,90.14
A0170,2025-05-12,32.5,41.77,64.67,98.08,0.909,98.84
A0171,2025-04-29,6.7,21.97,32.69,50.04,0.556,35.1
A0171,2025-04-30,6.7,26.6,38.13,56.76,0.556,40.72
A0171,2025-05-01,6.7,18.5,26.4,39.18,0.556,28.18
A0171,2025-05-02,6.7,27.05,40.4,61.98,0.556,43.39
A0171,2025-05-03,6.7,25.71,38.4,58.92,0.556,41.25
A0171,2025-05-04,6.7,21.63,30.48,44.78,0.556,32.46
A0171,2025-05-05,6.7,20.13,29.05,43.46,0.556,31.05
A0171,2025-05-06,6.7,22.12,32.94,50.43,0.556,35.37
A0171,2025-05-07,6.7,22.27,33.95,52.83,0.556,36.57
A0171,2025-05-08,6.7,24.08,34.98,52.6,0.556,37.43
A0171,2025-05-09,6.7,27.65,40.93,62.4,0.556,43.91
A0171,2025-05-10,6.7,26.09,38.97,59.79,0.556,41.86
A0171,2025-05-11,6.7,18.55,27.81,42.77,0.556,29.89
A0171,2025-05-12,6.7,24.55,35.99,54.49,0.556,38.56
A0172,2025-04-29,7.7,13.94,22.61,36.61,0.556,24.56
A0172,2025-04-30,7.7,19.06,29.04,45.15,0.556,31.27
A0172,2025-05-01,7.7,11.87,19.42,31.6,0.556,21.11
A0172,2025-05-02,7.7,17.43,27.84,44.64,0.556,30.17
A0172,2025-05-03,7.7,18.38,29.74,48.08,0.556,32.29
A0172,2025-05-04,7.7,14.76,23.41,37.36,0.556,25.34
A0172,2025-05-05,7.7,13.12,20.67,32.84,0.556,22.36
A0172,2025-05-06,7.7,14.76,23.5,37.62,0.556,25.46
A0172,2025-05-07,7.7,15.02,23.18,36.35,0.556,25.01
A0172,2025-05-08,7.7,16.13,26.68,43.72,0.556,29.05
A0172,2025-05-09,7.7,17.92,28.52,45.64,0.556,30.9
A0172,2025-05-10,7.7,18.67,30.01,48.31,0.556,32.55
A0172,2025-05-11,7.7,11.73,19.47,31.96,0.556,21.2
A0172,2025-05-12,7.7,16.51,26.1,41.59,0.556,28.25
A0173,2025-04-29,12.1,55.72,76.85,110.03,0.909,110.78
A0173,2025-04-30,12.1,68.95,90.34,123.93,0.909,124.7
A0173,2025-05-01,12.1,48.5,66.63,95.11,0.909,95.75
A0173,2025-05-02,12.1,61.98,84.45,119.75,0.909,120.55
A0173,2025-05-03,12.1,64.75,86.43,120.48,0.909,121.26
A0173,2025-05-04,12.1,56.78,75.05,103.76,0.909,104.41
A0173,2025-05-05,12.1,52.93,74.45,108.26,0.909,109.03
A0173,2025-05-06,12.1,178.58,239.37,334.86,0.909,337.03
A0173,2025-05-07,12.1,189.37,251.82,349.91,0.909,352.14
A0173,2025-05-08,12.1,196.57,258.19,354.99,0.909,357.19
A0173,2025-05-09,12.1,205.6,270.41,372.2,0.909,374.52
A0173,2025-05-10,12.1,215.86,278.07,375.77,0.909,377.99
A0173,2025-05-11,12.1,162.22,215.43,299.01,0.909,300.91
A0173,2025-05-12,12.1,50.2,74.39,112.39,0.909,113.25
A0174,2025-04-29,32.7,19.06,28.01,43.42,0.909,43.77
A0174,2025-04-30,32.7,25.89,37.01,56.16,0.909,56.6
A0174,2025-05-01,32.7,18.28,27.92,44.52,0.909,44.89
A0174,2025-05-02,32.7,24.16,36.09,56.62,0.909,57.09
A0174,2025-05-03,32.7,24.6,35.85,55.21,0.909,55.65
A0174,2025-05-04,32.7,20.28,29.6,45.64,0.909,46.01
A0174,2025-05-05,32.7,18.46,28.67,46.23,0.909,46.63
A0174,2025-05-06,32.7,19.63,28.61,44.06,0.909,44.41
A0174,2025-05-07,32.7,21.71,32.31,50.55,0.909,50.96
A0174,2025-05-08,32.7,24.05,35.24,54.49,0.909,54.93
A0174,2025-05-09,32.7,24.99,36.38,55.96,0.909,56.41
A0174,2025-05-10,32.7,25.82,37.9,58.68,0.909,59.15
A0174,2025-05-11,32.7,17.79,27.19,43.35,0.909,43.72
A0174,2025-05-12,32.7,22.54,32.97,50.93,0.909,51.34
A0175,2025-04-29,405.6,9.01,15.27,25.84,0.909,26.08
A0175,2025-04-30,405.6,14.34,24.29,41.08,0.909,41.46
A0175,2025-05-01,405.6,7.87,11.96,18.87,0.909,19.02
A0175,2025-05-02,405.6,11.72,18.65,30.35,0.909,30.61
A0175,2025-05-03,405.6,12.62,20.48,33.76,0.909,34.06
A0175,2025-05-04,405.6,11.57,19.12,31.86,0.909,32.15
A0175,2025-05-05,405.6,8.57,13.47,21.74,0.909,21.93
A0175,2025-05-06,405.6,9.52,15.8,26.39,0.909,26.63
A0175,2025-05-07,405.6,10.52,17.5,29.27,0.909,29.54
A0175,2025-05-08,405.6,11.19,17.87,29.14,0.909,29.4
A0175,2025-05-09,405.6,11.87,18.31,29.16,0.909,29.41
A0175,2025-05-10,405.6,13.47,21.77,35.77,0.909,36.09
A0175,2025-05-11,405.6,8.95,14.54,23.96,0.909,24.17
A0175,2025-05-12,405.6,11.04,17.85,29.34,0.909,29.6
A0176,2025-04-29,32.5,10.46,15.88,25.25,0.909,25.46
A0176,2025-04-30,32.5,16.38,26.99,45.31,0.909,45.72
A0176,2025-05-01,32.5,10.47,15.19,23.34,0.909,23.53
A0176,2025-05-02,32.5,14.65,22.84,36.98,0.909,37.3
A0176,2025-05-03,32.5,14.38,22.11,35.45,0.909,35.76
A0176,2025-05-04,32.5,12.81,19.89,32.13,0.909,32.41
A0176,2025-05-05,32.5,11.33,17.33,27.69,0.909,27.92
A0176,2025-05-06,32.5,10.37,15.85,25.32,0.909,25.54
A0176,2025-05-07,32.5,12.22,20.3,34.25,0.909,34.57
A0176,2025-05-08,32.5,13.4,21.16,34.57,0.909,34.87
A0176,2025-05-09,32.5,14.54,22.07,35.07,0.909,35.37
A0176,2025-05-10,32.5,15.23,23.9,38.87,0.909,39.21
A0176,2025-05-11,32.5,10.38,16.51,27.09,0.909,27.33
A0176,2025-05-12,32.5,12.27,19.64,32.36,0.909,32.65
A0177,2025-04-29,414.7,7.24,14.31,25.02,0.909,25.27
A0177,2025-04-30,414.7,11.4,20.12,33.34,0.909,33.64
A0177,2025-05-01,414.7,6.33,11.26,18.73,0.909,18.9
A0177,2025-05-02,414.7,9.38,17.41,29.58,0.909,29.86
A0177,2025-05-03,414.7,9.35,17.94,30.98,0.909,31.27
A0177,2025-05-04,414.7,8.52,16.74,29.22,0.909,29.5
A0177,2025-05-05,414.7,7.05,13.65,23.67,0.909,23.9
A0177,2025-05-06,414.7,7.21,14.25,24.93,0.909,25.18
A0177,2025-05-07,414.7,8.6,16.81,29.26,0.909,29.54
A0177,2025-05-08,414.7,26.11,48.98,83.65,0.909,84.43
A0177,2025-05-09,414.7,30.34,52.06,84.97,0.909,85.72
A0177,2025-05-10,414.7,34.85,63.57,107.09,0.909,108.08
A0177,2025-05-11,414.7,21.89,45.45,81.16,0.909,81.97
A0177,2025-05-12,414.7,28.79,53.11,89.97,0.909,90.8
A0178,2025-04-29,13.4,46.7,70.86,115.3,0.909,116.31
A0178,2025-04-30,13.4,63.85,90.9,140.66,0.909,141.79
A0178,2025-05-01,13.4,44.02,65.52,105.08,0.909,105.98
A0178,2025-05-02,13.4,54.47,81.0,129.82,0.909,130.93
A0178,2025-05-03,13.4,53.89,80.42,129.22,0.909,130.33
A0178,2025-05-04,13.4,45.48,68.94,112.08,0.909,113.06
A0178,2025-05-05,13.4,23.67,36.57,60.31,0.909,60.85
A0178,2025-05-06,13.4,23.7,37.83,63.83,0.909,64.42
A0178,2025-05-07,13.4,27.91,42.1,68.18,0.909,68.78
A0178,2025-05-08,13.4,30.56,45.92,74.18,0.909,74.83
A0178,2025-05-09,13.4,30.87,46.65,75.67,0.909,76.33
A0178,2025-05-10,13.4,31.68,46.91,74.92,0.909,75.56
A0178,2025-05-11,13.4,27.61,40.65,64.63,0.909,65.17
A0178,2025-05-12,13.4,32.95,48.05,75.82,0.909,76.45
A0179,2025-04-29,293.0,2.08,12.76,32.73,0.909,33.18
A0179,2025-04-30,293.0,5.25,21.21,51.13,0.909,51.81
A0179,2025-05-01,293.0,2.02,12.56,32.61,0.909,33.06
A0179,2025-05-02,293.0,3.94,18.51,44.62,0.909,45.21
A0179,2025-05-03,293.0,3.95,18.73,44.84,0.909,45.43
A0179,2025-05-04,293.0,3.21,16.22,40.35,0.909,40.89
A0179,2025-05-05,293.0,2.92,15.02,37.38,0.909,37.89
A0179,2025-05-06,293.0,2.32,14.11,35.36,0.909,35.84
A0179,2025-05-07,293.0,4.05,17.78,42.78,0.909,43.34
A0179,2025-05-08,293.0,4.23,18.35,44.28,0.909,44.87
A0179,2025-05-09,293.0,4.58,19.7,46.89,0.909,47.51
A0179,2025-05-10,293.0,5.49,21.65,50.72,0.909,51.38
A0179,2025-05-11,293.0,3.13,14.53,36.3,0.909,36.8
A0179,2025-05-12,293.0,3.92,17.33,42.06,0.909,42.62
A0180,2025-04-29,188.0,5.41,21.71,49.1,0.909,49.72
A0180,2025-04-30,188.0,9.8,31.07,68.01,0.909,68.85
A0180,2025-05-01,188.0,5.59,21.67,48.95,0.909,49.57
A0180,2025-05-02,188.0,9.0,29.24,63.94,0.909,64.73
A0180,2025-05-03,188.0,9.58,30.07,65.36,0.909,66.16
A0180,2025-05-04,188.0,6.87,24.73,55.21,0.909,55.91
A0180,2025-05-05,188.0,6.26,23.08,51.68,0.909,52.33
A0180,2025-05-06,188.0,6.62,23.87,53.15,0.909,53.82
A0180,2025-05-07,188.0,7.73,26.01,57.28,0.909,57.99
A0180,2025-05-08,188.0,8.56,27.97,61.29,0.909,62.05
A0180,2025-05-09,188.0,9.81,30.4,66.11,0.909,66.92
A0180,2025-05-10,188.0,10.3,31.14,67.38,0.909,68.2
A0180,2025-05-11,188.0,5.26,20.83,47.29,0.909,47.89
A0180,2025-05-12,188.0,8.13,26.95,59.24,0.909,59.97
A0181,2025-04-29,5.8,44.19,68.4,108.51,0.556,73.97
A0181,2025-04-30,5.8,63.24,87.05,126.52,0.556,92.53
A0181,2025-05-01,5.8,36.2,55.34,87.03,0.556,59.74
A0181,2025-05-02,5.8,52.38,80.39,126.81,0.556,86.84
A0181,2025-05-03,5.8,53.0,82.07,130.25,0.556,88.76
A0181,2025-05-04,5.8,49.17,71.69,109.01,0.556,76.88
A0181,2025-05-05,5.8,39.27,59.35,92.62,0.556,63.97
A0181,2025-05-06,5.8,43.56,67.73,107.78,0.556,73.29
A0181,2025-05-07,5.8,47.17,68.6,104.1,0.556,73.53
A0181,2025-05-08,5.8,48.94,73.92,115.3,0.556,79.66
A0181,2025-05-09,5.8,51.5,79.27,125.29,0.556,85.66
A0181,2025-05-10,5.8,54.49,83.71,132.12,0.556,90.43
A0181,2025-05-11,5.8,38.9,59.46,93.52,0.556,64.19
A0181,2025-05-12,5.8,49.39,74.17,115.22,0.556,79.87
A0182,2025-04-29,27.9,20.19,32.07,51.52,0.909,51.97
A0182,2025-04-30,27.9,29.53,47.15,76.01,0.909,76.66
A0182,2025-05-01,27.9,19.01,29.34,46.24,0.909,46.62
A0182,2025-05-02,27.9,26.64,41.94,66.99,0.909,67.56
A0182,2025-05-03,27.9,27.24,41.88,65.86,0.909,66.41
A0182,2025-05-04,27.9,25.03,36.53,55.36,0.909,55.79
A0182,2025-05-05,27.9,20.74,32.08,50.63,0.909,51.06
A0182,2025-05-06,27.9,21.01,33.05,52.78,0.909,53.23
A0182,2025-05-07,27.9,22.7,38.25,63.73,0.909,64.3
A0182,2025-05-08,27.9,25.28,39.88,63.79,0.909,64.33
A0182,2025-05-09,27.9,26.74,41.07,64.54,0.909,65.07
A0182,2025-05-10,27.9,28.3,44.74,71.66,0.909,72.27
A0182,2025-05-11,27.9,19.89,31.23,49.79,0.909,50.22
A0182,2025-05-12,27.9,24.19,36.7,57.19,0.909,57.65
A0183,2025-04-29,34.5,14.76,23.29,33.55,0.909,33.78
A0183,2025-04-30,34.5,19.21,31.27,45.78,0.909,46.11
A0183,2025-05-01,34.5,14.16,20.02,27.07,0.909,27.23
A0183,2025-05-02,34.5,26.6,39.49,55.01,0.909,55.36
A0183,2025-05-03,34.5,26.2,38.6,53.53,0.909,53.87
A0183,2025-05-04,34.5,20.88,32.17,45.76,0.909,46.07
A0183,2025-05-05,34.5,20.13,29.34,40.42,0.909,40.67
A0183,2025-05-06,34.5,13.21,21.82,32.17,0.909,32.4
A0183,2025-05-07,34.5,14.88,23.54,33.96,0.909,34.2
A0183,2025-05-08,34.5,16.58,25.59,36.42,0.909,36.66
A0183,2025-05-09,34.5,19.08,28.82,40.54,0.909,40.81
A0183,2025-05-10,34.5,20.07,30.28,42.55,0.909,42.83
A0183,2025-05-11,34.5,13.7,21.15,30.1,0.909,30.31
A0183,2025-05-12,34.5,17.56,26.21,36.61,0.909,36.84
A0184,2025-04-29,390.0,78.47,108.52,160.74,0.909,161.93
A0184,2025-04-30,390.0,102.35,133.64,188.0,0.909,189.23
A0184,2025-05-01,390.0,65.69,88.33,127.67,0.909,128.57
A0184,2025-05-02,390.0,87.12,122.46,183.86,0.909,185.25
A0184,2025-05-03,390.0,92.06,125.92,184.76,0.909,186.1
A0184,2025-05-04,390.0,82.93,109.35,155.25,0.909,156.3
A0184,2025-05-05,390.0,73.71,101.79,150.6,0.909,151.7
A0184,2025-05-06,390.0,77.92,108.08,160.5,0.909,161.69
A0184,2025-05-07,390.0,80.93,111.32,164.13,0.909,165.33
A0184,2025-05-08,390.0,161.13,220.21,322.84,0.909,325.17
A0184,2025-05-09,390.0,175.55,243.33,361.09,0.909,363.77
A0184,2025-05-10,390.0,185.07,251.13,365.91,0.909,368.51
A0184,2025-05-11,390.0,121.19,171.91,260.02,0.909,262.03
A0184,2025-05-12,390.0,72.86,106.83,165.85,0.909,167.19
A0185,2025-04-29,321.9,13.26,22.75,37.92,0.909,38.26
A0185,2025-04-30,321.9,19.76,32.65,53.28,0.909,53.75
A0185,2025-05-01,321.9,12.8,23.54,40.74,0.909,41.13
A0185,2025-05-02,321.9,17.91,30.64,51.02,0.909,51.49
A0185,2025-05-03,321.9,18.33,31.77,53.28,0.909,53.77
A0185,2025-05-04,321.9,16.9,28.09,46.0,0.909,46.4
A0185,2025-05-05,321.9,14.9,25.29,41.92,0.909,42.29
A0185,2025-05-06,321.9,15.16,24.84,40.34,0.909,40.69
A0185,2025-05-07,321.9,18.64,32.01,53.4,0.909,53.88
A0185,2025-05-08,321.9,18.89,32.19,53.48,0.909,53.96
A0185,2025-05-09,321.9,18.37,30.5,49.92,0.909,50.36
A0185,2025-05-10,321.9,21.25,36.22,60.17,0.909,60.72
A0185,2025-05-11,321.9,16.39,28.99,49.16,0.909,49.62
A0185,2025-05-12,321.9,17.42,28.06,45.07,0.909,45.46
A0186,2025-04-29,5.3,39.65,58.16,88.38,0.556,62.36
A0186,2025-04-30,5.3,52.09,74.12,110.07,0.556,79.11
A0186,2025-05-01,5.3,33.77,48.81,73.37,0.556,52.23
A0186,2025-05-02,5.3,47.99,70.67,107.68,0.556,75.81
A0186,2025-05-03,5.3,49.34,71.18,106.82,0.556,76.13
A0186,2025-05-04,5.3,38.08,54.09,80.22,0.556,57.72
A0186,2025-05-05,5.3,37.0,52.62,78.12,0.556,56.16
A0186,2025-05-06,5.3,40.13,58.38,88.15,0.556,62.51
A0186,2025-05-07,5.3,42.48,60.93,91.04,0.556,65.11
A0186,2025-05-08,5.3,44.79,65.03,98.06,0.556,69.61
A0186,2025-05-09,5.3,47.96,69.74,105.3,0.556,74.68
A0186,2025-05-10,5.3,50.18,72.37,108.59,0.556,77.4
A0186,2025-05-11,5.3,30.9,44.34,66.27,0.556,47.38
A0186,2025-05-12,5.3,45.15,64.02,94.81,0.556,68.3
A0187,2025-04-29,179.9,17.24,24.23,35.51,0.909,35.76
A0187,2025-04-30,179.9,23.45,32.37,46.77,0.909,47.1
A0187,2025-05-01,179.9,15.56,21.48,31.03,0.909,31.25
A0187,2025-05-02,179.9,20.46,28.42,41.27,0.909,41.56
A0187,2025-05-03,179.9,21.23,29.16,41.95,0.909,42.25
A0187,2025-05-04,179.9,18.49,25.63,37.16,0.909,37.42
A0187,2025-05-05,179.9,16.04,22.01,31.65,0.909,31.87
A0187,2025-05-06,179.9,17.09,24.07,35.34,0.909,35.6
A0187,2025-05-07,179.9,18.0,25.37,37.25,0.909,37.52
A0187,2025-05-08,179.9,19.96,27.54,39.77,0.909,40.05
A0187,2025-05-09,179.9,20.16,28.11,40.93,0.909,41.22
A0187,2025-05-10,179.9,21.32,29.25,42.05,0.909,42.34
A0187,2025-05-11,179.9,14.89,21.15,31.26,0.909,31.49
A0187,2025-05-12,179.9,18.86,25.9,37.26,0.909,37.51
A0188,2025-04-29,7.2,28.14,42.37,63.17,0.556,45.26
A0188,2025-04-30,7.2,39.32,56.84,82.47,0.556,60.4
A0188,2025-05-01,7.2,24.64,37.1,55.33,0.556,39.63
A0188,2025-05-02,7.2,32.37,48.68,72.52,0.556,51.99
A0188,2025-05-03,7.2,33.73,50.73,75.59,0.556,54.18
A0188,2025-05-04,7.2,30.84,45.29,66.43,0.556,48.23
A0188,2025-05-05,7.2,26.17,39.52,59.04,0.556,42.23
A0188,2025-05-06,7.2,28.12,42.3,63.03,0.556,45.18
A0188,2025-05-07,7.2,27.96,41.37,60.98,0.556,44.09
A0188,2025-05-08,7.2,30.89,46.22,68.65,0.556,49.34
A0188,2025-05-09,7.2,32.67,48.73,72.22,0.556,51.99
A0188,2025-05-10,7.2,34.14,51.32,76.45,0.556,54.81
A0188,2025-05-11,7.2,23.32,35.17,52.5,0.556,37.58
A0188,2025-05-12,7.2,30.81,46.09,68.44,0.556,49.19
A0189,2025-04-29,27.8,8.23,14.16,24.27,0.909,24.5
A0189,2025-04-30,27.8,11.51,21.02,37.24,0.909,37.6
A0189,2025-05-01,27.8,8.19,13.96,23.8,0.909,24.03
A0189,2025-05-02,27.8,29.47,56.02,101.29,0.909,102.32
A0189,2025-05-03,27.8,30.94,53.58,92.18,0.909,93.06
A0189,2025-05-04,27.8,24.37,43.54,76.22,0.909,76.97
A0189,2025-05-05,27.8,7.5,14.88,27.46,0.909,27.75
A0189,2025-05-06,27.8,7.26,13.26,23.48,0.909,23.72
A0189,2025-05-07,27.8,8.68,17.39,32.26,0.909,32.6
A0189,2025-05-08,27.8,10.09,17.65,30.52,0.909,30.82
A0189,2025-05-09,27.8,11.69,19.92,33.95,0.909,34.27
A0189,2025-05-10,27.8,11.79,20.21,34.58,0.909,34.91
A0189,2025-05-11,27.8,7.92,14.33,25.27,0.909,25.52
A0189,2025-05-12,27.8,10.29,18.1,31.43,0.909,31.74
A0190,2025-04-29,26.0,29.18,35.71,45.24,0.909,45.46
A0190,2025-04-30,26.0,118.98,146.06,185.55,0.909,186.45
A0190,2025-05-01,26.0,81.6,106.31,142.32,0.909,143.14
A0190,2025-05-02,26.0,122.4,148.35,186.18,0.909,187.04
A0190,2025-05-03,26.0,122.64,151.85,194.45,0.909,195.42
A0190,2025-05-04,26.0,101.06,126.0,162.36,0.909,163.19
A0190,2025-05-05,26.0,87.38,113.29,151.07,0.909,151.93
A0190,2025-05-06,26.0,27.44,33.8,43.06,0.909,43.27
A0190,2025-05-07,26.0,33.75,40.06,49.25,0.909,49.46
A0190,2025-05-08,26.0,36.96,45.05,56.85,0.909,57.11
A0190,2025-05-09,26.0,41.96,49.36,60.14,0.909,60.39
A0190,2025-05-10,26.0,43.09,52.72,66.76,0.909,67.08
A0190,2025-05-11,26.0,32.24,38.17,46.81,0.909,47.0
A0190,2025-05-12,26.0,39.54,47.43,58.95,0.909,59.21
A0191,2025-04-29,10.2,60.84,85.41,130.3,0.909,131.32
A0191,2025-04-30,10.2,75.52,110.93,175.6,0.909,177.07
A0191,2025-05-01,10.2,52.49,73.77,112.64,0.909,113.52
A0191,2025-05-02,10.2,65.83,92.69,141.73,0.909,142.84
A0191,2025-05-03,10.2,65.14,89.98,135.36,0.909,136.39
A0191,2025-05-04,10.2,62.78,92.57,146.98,0.909,148.22
A0191,2025-05-05,10.2,54.78,76.57,116.38,0.909,117.28
A0191,2025-05-06,10.2,61.74,86.27,131.08,0.909,132.1
A0191,2025-05-07,10.2,63.66,89.04,135.38,0.909,136.44
A0191,2025-05-08,10.2,64.83,89.95,135.82,0.909,136.87
A0191,2025-05-09,10.2,66.33,92.96,141.62,0.909,142.72
A0191,2025-05-10,10.2,66.16,91.1,136.64,0.909,137.68
A0191,2025-05-11,10.2,53.0,75.38,116.26,0.909,117.19
A0191,2025-05-12,10.2,65.73,90.64,136.13,0.909,137.16
A0192,2025-04-29,303.9,23.89,33.78,48.42,0.909,48.75
A0192,2025-04-30,303.9,32.26,44.65,63.0,0.909,63.41
A0192,2025-05-01,303.9,22.28,31.97,46.3,0.909,46.63
A0192,2025-05-02,303.9,29.01,40.83,58.34,0.909,58.74
A0192,2025-05-03,303.9,39.52,54.66,77.08,0.909,77.58
A0192,2025-05-04,303.9,34.69,48.44,68.8,0.909,69.27
A0192,2025-05-05,303.9,30.16,43.39,62.99,0.909,63.43
A0192,2025-05-06,303.9,34.49,49.43,71.54,0.909,72.04
A0192,2025-05-07,303.9,49.0,70.59,102.56,0.909,103.28
A0192,2025-05-08,303.9,51.62,73.7,106.4,0.909,107.14
A0192,2025-05-09,303.9,25.76,37.86,55.78,0.909,56.19
A0192,2025-05-10,303.9,26.57,37.95,54.81,0.909,55.19
A0192,2025-05-11,303.9,19.35,29.16,43.7,0.909,44.03
A0192,2025-05-12,303.9,24.93,35.69,51.63,0.909,51.99
A0193,2025-04-29,7.2,29.49,48.45,82.28,0.556,53.15
A0193,2025-04-30,7.2,38.39,60.41,99.7,0.556,65.87
A0193,2025-05-01,7.2,26.12,45.72,80.69,0.556,50.58
A0193,2025-05-02,7.2,35.4,61.38,107.73,0.556,67.82
A0193,2025-05-03,7.2,33.7,55.83,95.31,0.556,61.31
A0193,2025-05-04,7.2,31.2,48.64,79.77,0.556,52.97
A0193,2025-05-05,7.2,28.34,46.19,78.03,0.556,50.61
A0193,2025-05-06,7.2,29.09,47.56,80.52,0.556,52.14
A0193,2025-05-07,7.2,29.99,48.9,82.63,0.556,53.58
A0193,2025-05-08,7.2,33.13,57.43,100.79,0.556,63.45
A0193,2025-05-09,7.2,36.74,60.85,103.86,0.556,66.82
A0193,2025-05-10,7.2,35.05,58.65,100.76,0.556,64.5
A0193,2025-05-11,7.2,26.7,41.91,69.04,0.556,45.68
A0193,2025-05-12,7.2,35.15,54.23,88.27,0.556,58.96
A0194,2025-04-29,4.7,60.89,94.55,147.26,0.556,101.87
A0194,2025-04-30,4.7,7.85,20.31,39.83,0.556,23.02
A0194,2025-05-01,4.7,7.3,17.0,32.19,0.556,19.11
A0194,2025-05-02,4.7,10.55,23.5,43.77,0.556,26.32
A0194,2025-05-03,4.7,13.5,25.86,45.2,0.556,28.55
A0194,2025-05-04,4.7,7.78,17.52,32.75,0.556,19.63
A0194,2025-05-05,4.7,10.96,20.18,34.61,0.556,22.19
A0194,2025-05-06,4.7,14.77,24.31,39.24,0.556,26.38
A0194,2025-05-07,4.7,14.63,25.3,41.99,0.556,27.61
A0194,2025-05-08,4.7,14.73,26.42,44.73,0.556,28.97
A0194,2025-05-09,4.7,17.14,30.06,50.29,0.556,32.87
A0194,2025-05-10,4.7,17.42,29.66,48.81,0.556,32.32
A0194,2025-05-11,4.7,8.87,17.33,30.56,0.556,19.17
A0194,2025-05-12,4.7,17.93,28.62,45.35,0.556,30.94
A0195,2025-04-29,28.6,16.82,24.64,35.81,0.909,36.06
A0195,2025-04-30,28.6,24.47,35.9,52.23,0.909,52.6
A0195,2025-05-01,28.6,15.36,23.45,35.01,0.909,35.27
A0195,2025-05-02,28.6,22.08,33.26,49.23,0.909,49.59
A0195,2025-05-03,28.6,21.27,32.86,49.4,0.909,49.77
A0195,2025-05-04,28.6,25.88,38.3,56.03,0.909,56.43
A0195,2025-05-05,28.6,23.57,35.61,52.8,0.909,53.19
A0195,2025-05-06,28.6,22.15,33.33,49.29,0.909,49.65
A0195,2025-05-07,28.6,24.99,39.96,61.33,0.909,61.81
A0195,2025-05-08,28.6,25.26,40.15,61.4,0.909,61.88
A0195,2025-05-09,28.6,28.59,43.99,65.99,0.909,66.49
A0195,2025-05-10,28.6,29.51,46.76,71.39,0.909,71.95
A0195,2025-05-11,28.6,14.37,23.61,36.8,0.909,37.1
A0195,2025-05-12,28.6,18.21,27.9,41.73,0.909,42.05
A0196,2025-04-29,31.8,8.32,12.38,18.42,0.909,18.56
A0196,2025-04-30,31.8,13.91,18.72,25.89,0.909,26.05
A0196,2025-05-01,31.8,7.54,11.27,16.83,0.909,16.96
A0196,2025-05-02,31.8,10.51,16.17,24.61,0.909,24.8
A0196,2025-05-03,31.8,11.14,16.56,24.64,0.909,24.83
A0196,2025-05-04,31.8,10.26,14.44,20.66,0.909,20.8
A0196,2025-05-05,31.8,7.82,12.36,19.14,0.909,19.3
A0196,2025-05-06,31.8,8.17,12.2,18.21,0.909,18.35
A0196,2025-05-07,31.8,8.98,13.59,20.47,0.909,20.62
A0196,2025-05-08,31.8,9.91,14.61,21.63,0.909,21.79
A0196,2025-05-09,31.8,10.73,15.98,23.82,0.909,24.0
A0196,2025-05-10,31.8,11.54,17.39,26.12,0.909,26.32
A0196,2025-05-11,31.8,6.73,10.8,16.86,0.909,17.0
A0196,2025-05-12,31.8,9.67,14.57,21.88,0.909,22.05
A0197,2025-04-29,26.3,11.49,17.63,27.26,0.909,27.48
A0197,2025-04-30,26.3,16.66,27.62,44.81,0.909,45.2
A0197,2025-05-01,26.3,10.94,16.97,26.43,0.909,26.64
A0197,2025-05-02,26.3,14.75,22.38,34.35,0.909,34.63
A0197,2025-05-03,26.3,15.47,23.53,36.17,0.909,36.46
A0197,2025-05-04,26.3,13.13,20.52,32.13,0.909,32.4
A0197,2025-05-05,26.3,11.53,17.8,27.65,0.909,27.87
A0197,2025-05-06,26.3,11.71,18.02,27.92,0.909,28.14
A0197,2025-05-07,26.3,12.88,20.52,32.52,0.909,32.79
A0197,2025-05-08,26.3,14.18,22.18,34.72,0.909,35.01
A0197,2025-05-09,26.3,14.94,22.7,34.87,0.909,35.15
A0197,2025-05-10,26.3,16.01,24.38,37.5,0.909,37.8
A0197,2025-05-11,26.3,10.27,16.68,26.74,0.909,26.97
A0197,2025-05-12,26.3,13.3,20.6,32.05,0.909,32.31
A0198,2025-04-29,5.2,12.34,19.8,30.17,0.556,21.24
A0198,2025-04-30,5.2,17.34,26.7,39.69,0.556,28.5
A0198,2025-05-01,5.2,10.82,17.18,26.03,0.556,18.41
A0198,2025-05-02,5.2,15.53,25.09,38.38,0.556,26.94
A0198,2025-05-03,5.2,16.89,26.25,39.24,0.556,28.05
A0198,2025-05-04,5.2,13.33,20.67,30.86,0.556,22.09
A0198,2025-05-05,5.2,11.54,18.01,27.0,0.556,19.26
A0198,2025-05-06,5.2,12.69,20.03,30.23,0.556,21.45
A0198,2025-05-07,5.2,13.46,20.78,30.96,0.556,22.2
A0198,2025-05-08,5.2,14.38,22.84,34.57,0.556,24.47
A0198,2025-05-09,5.2,15.51,24.61,37.24,0.556,26.36
A0198,2025-05-10,5.2,17.53,27.1,40.39,0.556,28.94
A0198,2025-05-11,5.2,10.7,16.57,24.73,0.556,17.7
A0198,2025-05-12,5.2,13.58,21.23,31.85,0.556,22.71
A0199,2025-04-29,27.5,14.67,22.83,35.88,0.909,36.18
A0199,2025-04-30,27.5,21.52,33.53,52.75,0.909,53.19
A0199,2025-05-01,27.5,14.68,23.32,37.16,0.909,37.47
A0199,2025-05-02,27.5,20.28,31.79,50.21,0.909,50.62
A0199,2025-05-03,27.5,19.97,31.44,49.81,0.909,50.22
A0199,2025-05-04,27.5,17.33,26.41,40.95,0.909,41.29
A0199,2025-05-05,27.5,15.31,24.47,39.14,0.909,39.48
A0199,2025-05-06,27.5,15.27,23.67,37.11,0.909,37.42
A0199,2025-05-07,27.5,17.38,28.05,45.13,0.909,45.52
A0199,2025-05-08,27.5,18.95,29.57,46.56,0.909,46.95
A0199,2025-05-09,27.5,20.54,32.31,51.14,0.909,51.57
A0199,2025-05-10,27.5,20.63,32.68,51.97,0.909,52.41
A0199,2025-05-11,27.5,14.62,24.12,39.33,0.909,39.68
A0199,2025-05-12,27.5,17.89,27.91,43.94,0.909,44.3
A0200,2025-04-29,4.7,12.53,20.99,36.33,0.556,23.12
A0200,2025-04-30,4.7,15.97,28.21,50.37,0.556,31.28
A0200,2025-05-01,4.7,11.75,18.38,30.41,0.556,20.05
A0200,2025-05-02,4.7,17.26,28.21,48.04,0.556,30.97
A0200,2025-05-03,4.7,18.78,30.46,51.62,0.556,33.4
A0200,2025-05-04,4.7,12.74,21.49,37.35,0.556,23.69
A0200,2025-05-05,4.7,13.96,22.08,36.81,0.556,24.13
A0200,2025-05-06,4.7,14.79,23.26,38.61,0.556,25.39
A0200,2025-05-07,4.7,16.84,26.78,44.8,0.556,29.29
A0200,2025-05-08,4.7,17.87,27.32,44.45,0.556,29.7
A0200,2025-05-09,4.7,18.56,29.45,49.18,0.556,32.19
A0200,2025-05-10,4.7,20.04,31.89,53.34,0.556,34.87
A0200,2025-05-11,4.7,13.34,21.09,35.12,0.556,23.04
A0200,2025-05-12,4.7,18.04,28.16,46.49,0.556,30.7
A0201,2025-04-29,5.6,14.57,22.89,34.63,0.556,24.52
A0201,2025-04-30,5.6,20.55,30.68,44.99,0.556,32.67
A0201,2025-05-01,5.6,13.2,20.99,31.98,0.556,22.51
A0201,2025-05-02,5.6,19.4,30.64,46.52,0.556,32.84
A0201,2025-05-03,5.6,19.26,30.19,45.63,0.556,32.33
A0201,2025-05-04,5.6,14.7,21.59,31.31,0.556,22.94
A0201,2025-05-05,5.6,13.58,21.22,32.01,0.556,22.72
A0201,2025-05-06,5.6,14.32,22.67,34.47,0.556,24.31
A0201,2025-05-07,5.6,15.95,25.54,39.09,0.556,27.42
A0201,2025-05-08,5.6,16.72,26.39,40.05,0.556,28.29
A0201,2025-05-09,5.6,19.37,30.67,46.63,0.556,32.88
A0201,2025-05-10,5.6,19.34,30.3,45.77,0.556,32.44
A0201,2025-05-11,5.6,11.91,18.63,28.12,0.556,19.95
A0201,2025-05-12,5.6,16.18,25.26,38.1,0.556,27.05
A0202,2025-04-29,6.3,67.29,99.01,153.07,0.556,106.52
A0202,2025-04-30,6.3,88.17,129.85,200.89,0.556,139.72
A0202,2025-05-01,6.3,59.91,82.9,122.1,0.556,88.35
A0202,2025-05-02,6.3,78.78,114.69,175.9,0.556,123.19
A0202,2025-05-03,6.3,77.21,111.25,169.29,0.556,119.31
A0202,2025-05-04,6.3,68.65,101.51,157.51,0.556,109.29
A0202,2025-05-05,6.3,32.36,46.5,70.59,0.556,49.84
A0202,2025-05-06,6.3,36.68,54.15,83.92,0.556,58.28
A0202,2025-05-07,6.3,38.41,56.52,87.4,0.556,60.81
A0202,2025-05-08,6.3,44.66,62.67,93.38,0.556,66.94
A0202,2025-05-09,6.3,49.52,68.75,101.53,0.556,73.3
A0202,2025-05-10,6.3,49.04,68.38,101.35,0.556,72.96
A0202,2025-05-11,6.3,35.7,50.28,75.14,0.556,53.73
A0202,2025-05-12,6.3,46.01,63.63,93.67,0.556,67.8
A0203,2025-04-29,10.4,37.25,53.81,79.34,0.909,79.92
A0203,2025-04-30,10.4,46.13,65.4,95.13,0.909,95.8
A0203,2025-05-01,10.4,33.73,50.29,75.83,0.909,76.41
A0203,2025-05-02,10.4,42.51,63.48,95.82,0.909,96.55
A0203,2025-05-03,10.4,44.58,65.95,98.92,0.909,99.67
A0203,2025-05-04,10.4,37.83,55.81,83.54,0.909,84.17
A0203,2025-05-05,10.4,34.28,51.87,79.01,0.909,79.63
A0203,2025-05-06,10.4,37.76,54.32,79.86,0.909,80.45
A0203,2025-05-07,10.4,37.56,55.39,82.87,0.909,83.5
A0203,2025-05-08,10.4,42.41,62.99,94.73,0.909,95.45
A0203,2025-05-09,10.4,43.6,64.51,96.77,0.909,97.5
A0203,2025-05-10,10.4,44.56,66.02,99.13,0.909,99.88
A0203,2025-05-11,10.4,31.62,48.7,75.04,0.909,75.64
A0203,2025-05-12,10.4,40.99,61.38,92.84,0.909,93.56
A0204,2025-04-29,297.8,7.87,15.09,26.24,0.909,26.5
A0204,2025-04-30,297.8,11.18,22.14,39.09,0.909,39.47
A0204,2025-05-01,297.8,7.83,16.72,30.47,0.909,30.78
A0204,2025-05-02,297.8,10.84,21.1,36.97,0.909,37.33
A0204,2025-05-03,297.8,10.71,21.09,37.15,0.909,37.52
A0204,2025-05-04,297.8,8.81,18.17,32.64,0.909,32.97
A0204,2025-05-05,297.8,7.91,16.15,28.89,0.909,29.18
A0204,2025-05-06,297.8,8.11,15.64,27.29,0.909,27.56
A0204,2025-05-07,297.8,9.51,20.49,37.46,0.909,37.84
A0204,2025-05-08,297.8,10.23,21.73,39.51,0.909,39.91
A0204,2025-05-09,297.8,11.26,21.24,36.68,0.909,37.03
A0204,2025-05-10,297.8,11.74,23.16,40.8,0.909,41.2
A0204,2025-05-11,297.8,8.14,18.75,35.15,0.909,35.53
A0204,2025-05-12,297.8,9.54,18.44,32.21,0.909,32.53
A0205,2025-04-29,433.8,8.36,27.13,60.93,0.909,61.7
A0205,2025-04-30,433.8,15.36,43.04,94.58,0.909,95.75
A0205,2025-05-01,433.8,8.39,26.04,59.18,0.909,59.93
A0205,2025-05-02,433.8,13.3,38.1,83.02,0.909,84.04
A0205,2025-05-03,433.8,13.29,37.94,82.48,0.909,83.49
A0205,2025-05-04,433.8,11.39,33.68,75.21,0.909,76.15
A0205,2025-05-05,433.8,10.3,30.05,66.93,0.909,67.77
A0205,2025-05-06,433.8,9.17,28.4,63.43,0.909,64.22
A0205,2025-05-07,433.8,12.31,34.55,75.46,0.909,76.39
A0205,2025-05-08,433.8,12.98,36.2,79.36,0.909,80.34
A0205,2025-05-09,433.8,13.99,38.64,83.99,0.909,85.02
A0205,2025-05-10,433.8,15.53,41.67,89.89,0.909,90.98
A0205,2025-05-11,433.8,10.22,29.17,64.97,0.909,65.79
A0205,2025-05-12,433.8,11.81,33.49,73.8,0.909,74.72
A0206,2025-04-29,27.5,7.75,13.08,21.8,0.909,22.0
A0206,2025-04-30,27.5,11.57,22.56,40.57,0.909,40.98
A0206,2025-05-01,27.5,7.29,12.77,21.73,0.909,21.94
A0206,2025-05-02,27.5,11.05,18.38,30.37,0.909,30.65
A0206,2025-05-03,27.5,10.96,18.36,30.48,0.909,30.76
A0206,2025-05-04,27.5,8.49,15.68,27.45,0.909,27.71
A0206,2025-05-05,27.5,8.15,14.61,25.2,0.909,25.44
A0206,2025-05-06,27.5,7.88,13.29,22.15,0.909,22.36
A0206,2025-05-07,27.5,9.66,17.29,29.8,0.909,30.08
A0206,2025-05-08,27.5,10.08,17.13,28.69,0.909,28.95
A0206,2025-05-09,27.5,10.91,18.09,29.85,0.909,30.12
A0206,2025-05-10,27.5,11.98,20.05,33.26,0.909,33.56
A0206,2025-05-11,27.5,7.59,13.83,24.06,0.909,24.3
A0206,2025-05-12,27.5,9.56,16.53,27.95,0.909,28.21
A0207,2025-04-29,34.0,22.74,34.36,50.8,0.909,51.18
A0207,2025-04-30,34.0,32.59,47.75,69.2,0.909,69.69
A0207,2025-05-01,34.0,22.07,31.55,44.96,0.909,45.27
A0207,2025-05-02,34.0,29.24,46.25,70.32,0.909,70.86
A0207,2025-05-03,34.0,28.92,46.36,71.05,0.909,71.61
A0207,2025-05-04,34.0,26.87,39.81,58.13,0.909,58.54
A0207,2025-05-05,34.0,22.94,36.2,54.97,0.909,55.4
A0207,2025-05-06,34.0,23.03,34.84,51.55,0.909,51.93
A0207,2025-05-07,34.0,24.75,40.63,63.11,0.909,63.62
A0207,2025-05-08,34.0,27.85,43.01,64.46,0.909,64.95
A0207,2025-05-09,34.0,30.38,46.11,68.37,0.909,68.88
A0207,2025-05-10,34.0,30.31,50.14,78.19,0.909,78.83
A0207,2025-05-11,34.0,21.29,35.79,56.33,0.909,56.79
A0207,2025-05-12,34.0,26.11,41.93,64.33,0.909,64.84
A0208,2025-04-29,9.8,23.83,37.18,55.87,0.556,39.77
A0208,2025-04-30,9.8,31.14,51.57,80.18,0.556,55.54
A0208,2025-05-01,9.8,18.99,30.68,47.06,0.556,32.96
A0208,2025-05-02,9.8,26.28,42.18,64.46,0.556,45.28
A0208,2025-05-03,9.8,125.44,194.97,292.34,0.556,208.49
A0208,2025-05-04,9.8,121.98,200.92,311.49,0.556,216.28
A0208,2025-05-05,9.8,107.44,163.14,241.16,0.556,173.98
A0208,2025-05-06,9.8,114.19,174.14,258.12,0.556,185.81
A0208,2025-05-07,9.8,21.19,34.84,53.96,0.556,37.5
A0208,2025-05-08,9.8,21.56,36.78,58.1,0.556,39.74
A0208,2025-05-09,9.8,22.56,38.54,60.91,0.556,41.65
A0208,2025-05-10,9.8,25.6,41.09,62.78,0.556,44.1
A0208,2025-05-11,9.8,21.5,34.77,53.35,0.556,37.35
A0208,2025-05-12,9.8,26.31,41.35,62.41,0.556,44.27
A0209,2025-04-29,390.0,14.55,22.73,35.08,0.909,35.36
A0209,2025-04-30,390.0,22.68,33.48,49.78,0.909,50.15
A0209,2025-05-01,390.0,13.64,20.48,30.81,0.909,31.04
A0209,2025-05-02,390.0,20.65,31.4,47.63,0.909,48.0
A0209,2025-05-03,390.0,21.64,33.13,50.48,0.909,50.88
A0209,2025-05-04,390.0,15.65,23.74,35.97,0.909,36.25
A0209,2025-05-05,390.0,14.65,21.68,32.31,0.909,32.55
A0209,2025-05-06,390.0,14.77,22.84,35.03,0.909,35.31
A0209,2025-05-07,390.0,16.59,25.66,39.34,0.909,39.65
A0209,2025-05-08,390.0,20.07,30.95,47.39,0.909,47.77
A0209,2025-05-09,390.0,20.63,31.01,46.69,0.909,47.04
A0209,2025-05-10,390.0,22.1,33.72,51.28,0.909,51.68
A0209,2025-05-11,390.0,12.75,19.62,29.99,0.909,30.23
A0209,2025-05-12,390.0,18.27,27.8,42.2,0.909,42.52
A0210,2025-04-29,6.3,52.5,71.87,101.7,0.556,76.01
A0210,2025-04-30,6.3,67.64,90.57,125.89,0.556,95.48
A0210,2025-05-01,6.3,45.99,60.29,82.31,0.556,63.35
A0210,2025-05-02,6.3,63.52,86.75,122.53,0.556,91.72
A0210,2025-05-03,6.3,62.59,84.05,117.1,0.556,88.64
A0210,2025-05-04,6.3,55.9,75.34,105.28,0.556,79.5
A0210,2025-05-05,6.3,50.27,68.43,96.4,0.556,72.32
A0210,2025-05-06,6.3,53.79,73.05,102.7,0.556,77.16
A0210,2025-05-07,6.3,55.01,74.6,104.78,0.556,78.79
A0210,2025-05-08,6.3,58.38,77.56,107.1,0.556,81.66
A0210,2025-05-09,6.3,63.77,86.67,121.95,0.556,91.57
A0210,2025-05-10,6.3,62.35,83.9,117.08,0.556,88.51
A0210,2025-05-11,6.3,70.38,94.83,132.48,0.556,100.06
A0210,2025-05-12,6.3,85.65,117.33,166.1,0.556,124.1
A0211,2025-04-29,173.4,14.36,21.99,32.83,0.909,33.08
A0211,2025-04-30,173.4,17.96,26.3,38.17,0.909,38.44
A0211,2025-05-01,173.4,13.19,19.94,29.53,0.909,29.74
A0211,2025-05-02,173.4,17.88,26.11,37.8,0.909,38.07
A0211,2025-05-03,173.4,18.41,28.17,42.05,0.909,42.36
A0211,2025-05-04,173.4,26.94,39.15,56.52,0.909,56.91
A0211,2025-05-05,173.4,25.07,38.23,56.95,0.909,57.37
A0211,2025-05-06,173.4,26.4,41.12,62.05,0.909,62.53
A0211,2025-05-07,173.4,27.72,42.76,64.14,0.909,64.63
A0211,2025-05-08,173.4,29.86,45.98,68.9,0.909,69.42
A0211,2025-05-09,173.4,32.8,48.64,71.15,0.909,71.66
A0211,2025-05-10,173.4,34.79,53.69,80.57,0.909,81.18
A0211,2025-05-11,173.4,9.78,15.77,24.29,0.909,24.49
A0211,2025-05-12,173.4,13.94,21.85,33.09,0.909,33.34
A0212,2025-04-29,422.8,2.77,15.93,39.05,0.909,39.57
A0212,2025-04-30,422.8,7.05,26.66,61.91,0.909,62.71
A0212,2025-05-01,422.8,3.55,17.26,41.86,0.909,42.42
A0212,2025-05-02,422.8,6.24,24.59,56.54,0.909,57.26
A0212,2025-05-03,422.8,6.6,25.28,57.66,0.909,58.39
A0212,2025-05-04,422.8,5.87,23.0,53.7,0.909,54.39
A0212,2025-05-05,422.8,4.77,19.87,46.76,0.909,47.37
A0212,2025-05-06,422.8,4.63,19.88,46.62,0.909,47.23
A0212,2025-05-07,422.8,6.31,23.34,53.5,0.909,54.18
A0212,2025-05-08,422.8,6.67,24.36,55.91,0.909,56.62
A0212,2025-05-09,422.8,7.43,26.18,59.47,0.909,60.22
A0212,2025-05-10,422.8,8.27,27.9,62.71,0.909,63.5
A0212,2025-05-11,422.8,4.89,19.09,45.11,0.909,45.7
A0212,2025-05-12,422.8,6.24,23.03,53.02,0.909,53.7
A0213,2025-04-29,366.3,21.41,33.61,50.41,0.909,50.79
A0213,2025-04-30,366.3,28.87,42.7,61.73,0.909,62.16
A0213,2025-05-01,366.3,19.64,30.99,46.62,0.909,46.98
A0213,2025-05-02,366.3,25.27,39.02,57.95,0.909,58.38
A0213,2025-05-03,366.3,26.54,40.64,60.06,0.909,60.5
A0213,2025-05-04,366.3,22.86,33.52,48.2,0.909,48.54
A0213,2025-05-05,366.3,20.41,32.62,49.42,0.909,49.8
A0213,2025-05-06,366.3,21.27,33.56,50.48,0.909,50.87
A0213,2025-05-07,366.3,29.82,45.88,67.98,0.909,68.48
A0213,2025-05-08,366.3,31.27,48.17,71.44,0.909,71.97
A0213,2025-05-09,366.3,32.07,48.99,72.28,0.909,72.81
A0213,2025-05-10,366.3,25.68,40.21,60.21,0.909,60.67
A0213,2025-05-11,366.3,17.65,28.2,42.73,0.909,43.06
A0213,2025-05-12,366.3,22.93,36.26,54.61,0.909,55.02
A0214,2025-04-29,8.1,123.21,129.76,146.36,0.556,132.07
A0214,2025-04-30,8.1,160.48,166.55,181.95,0.556,168.69
A0214,2025-05-01,8.1,31.65,38.77,56.84,0.556,41.28
A0214,2025-05-02,8.1,42.94,49.32,65.47,0.556,51.56
A0214,2025-05-03,8.1,57.48,65.55,86.0,0.556,68.39
A0214,2025-05-04,8.1,31.2,36.45,49.79,0.556,38.31
A0214,2025-05-05,8.1,37.86,45.36,64.37,0.556,48.0
A0214,2025-05-06,8.1,47.57,54.03,70.4,0.556,56.3
A0214,2025-05-07,8.1,41.31,47.54,63.32,0.556,49.73
A0214,2025-05-08,8.1,53.9,60.97,78.87,0.556,63.45
A0214,2025-05-09,8.1,61.88,68.27,84.45,0.556,70.51
A0214,2025-05-10,8.1,73.21,81.06,100.99,0.556,83.83
A0214,2025-05-11,8.1,26.93,32.0,44.85,0.556,33.78
A0214,2025-05-12,8.1,59.44,67.11,86.56,0.556,69.81
A0215,2025-04-29,10.9,39.18,52.55,72.63,0.909,73.09
A0215,2025-04-30,10.9,46.47,59.64,79.44,0.909,79.89
A0215,2025-05-01,10.9,34.89,46.52,63.98,0.909,64.38
A0215,2025-05-02,10.9,41.14,53.5,72.08,0.909,72.5
A0215,2025-05-03,10.9,43.23,54.92,72.5,0.909,72.9
A0215,2025-05-04,10.9,38.01,48.8,65.0,0.909,65.37
A0215,2025-05-05,10.9,37.71,50.88,70.65,0.909,71.1
A0215,2025-05-06,10.9,39.03,52.15,71.87,0.909,72.32
A0215,2025-05-07,10.9,40.22,53.07,72.37,0.909,72.81
A0215,2025-05-08,10.9,43.23,57.71,79.47,0.909,79.97
A0215,2025-05-09,10.9,40.91,52.76,70.55,0.909,70.95
A0215,2025-05-10,10.9,43.98,55.79,73.53,0.909,73.94
A0215,2025-05-11,10.9,33.66,43.6,58.52,0.909,58.86
A0215,2025-05-12,10.9,44.94,60.16,83.02,0.909,83.54
A0216,2025-04-29,5.2,23.87,37.48,58.04,0.556,40.33
A0216,2025-04-30,5.2,30.38,48.81,76.66,0.556,52.68
A0216,2025-05-01,5.2,22.21,34.4,52.82,0.556,36.96
A0216,2025-05-02,5.2,27.74,44.52,69.89,0.556,48.04
A0216,2025-05-03,5.2,28.63,44.13,67.57,0.556,47.39
A0216,2025-05-04,5.2,24.64,39.04,60.8,0.556,42.06
A0216,2025-05-05,5.2,23.24,37.08,58.0,0.556,39.98
A0216,2025-05-06,5.2,24.84,38.4,58.9,0.556,41.25
A0216,2025-05-07,5.2,24.1,38.01,59.03,0.556,40.93
A0216,2025-05-08,5.2,27.42,42.42,65.09,0.556,45.57
A0216,2025-05-09,5.2,29.5,45.94,70.8,0.556,49.39
A0216,2025-05-10,5.2,29.38,45.2,69.12,0.556,48.52
A0216,2025-05-11,5.2,20.3,32.11,49.96,0.556,34.59
A0216,2025-05-12,5.2,28.55,44.18,67.8,0.556,47.46
A0217,2025-04-29,7.2,62.56,90.8,138.84,0.556,97.47
A0217,2025-04-30,7.2,80.53,118.86,184.04,0.556,127.91
A0217,2025-05-01,7.2,52.11,75.56,115.44,0.556,81.1
A0217,2025-05-02,7.2,81.3,119.3,183.94,0.556,128.28
A0217,2025-05-03,7.2,77.38,113.04,173.68,0.556,121.46
A0217,2025-05-04,7.2,62.28,93.02,145.31,0.556,100.28
A0217,2025-05-05,7.2,57.34,84.48,130.64,0.556,90.89
A0217,2025-05-06,7.2,60.16,88.35,136.31,0.556,95.01
A0217,2025-05-07,7.2,66.9,98.69,152.75,0.556,106.19
A0217,2025-05-08,7.2,70.05,100.96,153.54,0.556,108.27
A0217,2025-05-09,7.2,78.12,115.33,178.62,0.556,124.12
A0217,2025-05-10,7.2,79.91,116.62,179.06,0.556,125.29
A0217,2025-05-11,7.2,58.16,85.55,132.12,0.556,92.02
A0217,2025-05-12,7.2,68.56,100.68,155.31,0.556,108.27
A0218,2025-04-29,399.8,13.24,21.8,36.51,0.909,36.85
A0218,2025-04-30,399.8,18.76,31.3,52.83,0.909,53.32
A0218,2025-05-01,399.8,12.08,18.78,30.28,0.909,30.54
A0218,2025-05-02,399.8,17.15,27.25,44.62,0.909,45.01
A0218,2025-05-03,399.8,16.55,26.76,44.29,0.909,44.68
A0218,2025-05-04,399.8,15.17,25.71,43.82,0.909,44.23
A0218,2025-05-05,399.8,13.3,21.24,34.87,0.909,35.18
A0218,2025-05-06,399.8,13.13,21.7,36.41,0.909,36.74
A0218,2025-05-07,399.8,15.24,25.01,41.81,0.909,42.19
A0218,2025-05-08,399.8,15.98,25.63,42.21,0.909,42.59
A0218,2025-05-09,399.8,17.1,26.44,42.48,0.909,42.84
A0218,2025-05-10,399.8,18.06,29.29,48.6,0.909,49.04
A0218,2025-05-11,399.8,13.81,22.93,38.59,0.909,38.94
A0218,2025-05-12,399.8,15.42,24.58,40.3,0.909,40.66
A0219,2025-04-29,2.4,76.73,109.52,159.37,0.556,116.44
A0219,2025-04-30,2.4,92.76,133.41,195.21,0.556,141.99
A0219,2025-05-01,2.4,72.53,101.42,145.36,0.556,107.53
A0219,2025-05-02,2.4,95.22,130.08,183.09,0.556,137.45
A0219,2025-05-03,2.4,102.51,144.13,207.43,0.556,152.92
A0219,2025-05-04,2.4,79.85,110.59,157.31,0.556,117.08
A0219,2025-05-05,2.4,78.37,107.37,151.48,0.556,113.5
A0219,2025-05-06,2.4,84.48,117.08,166.65,0.556,123.97
A0219,2025-05-07,2.4,88.76,122.74,174.4,0.556,129.91
A0219,2025-05-08,2.4,98.87,135.52,191.25,0.556,143.26
A0219,2025-05-09,2.4,96.67,131.14,183.56,0.556,138.42
A0219,2025-05-10,2.4,106.04,147.64,210.9,0.556,156.42
A0219,2025-05-11,2.4,73.22,99.89,140.44,0.556,105.52
A0219,2025-05-12,2.4,91.79,125.79,177.49,0.556,132.97
A0220,2025-04-29,11.4,72.52,99.71,146.34,0.909,147.4
A0220,2025-04-30,11.4,96.54,131.88,192.47,0.909,193.85
A0220,2025-05-01,11.4,61.09,83.87,122.93,0.909,123.81
A0220,2025-05-02,11.4,81.05,110.08,159.84,0.909,160.97
A0220,2025-05-03,11.4,81.17,111.85,164.44,0.909,165.64
A0220,2025-05-04,11.4,80.81,110.96,162.65,0.909,163.83
A0220,2025-05-05,11.4,69.34,95.22,139.6,0.909,140.6
A0220,2025-05-06,11.4,72.46,99.54,145.95,0.909,147.01
A0220,2025-05-07,11.4,74.51,102.84,151.42,0.909,152.53
A0220,2025-05-08,11.4,78.39,108.19,159.27,0.909,160.43
A0220,2025-05-09,11.4,80.8,109.5,158.7,0.909,159.82
A0220,2025-05-10,11.4,81.51,112.28,165.04,0.909,166.23
A0220,2025-05-11,11.4,68.89,94.49,138.36,0.909,139.36
A0220,2025-05-12,11.4,80.03,110.92,163.87,0.909,165.07
A0221,2025-04-29,7.2,24.14,40.24,68.35,0.556,44.14
A0221,2025-04-30,7.2,33.73,53.3,87.46,0.556,58.04
A0221,2025-05-01,7.2,21.07,35.06,59.48,0.556,38.45
A0221,2025-05-02,7.2,28.88,48.48,82.71,0.556,53.24
A0221,2025-05-03,7.2,28.96,48.84,83.56,0.556,53.66
A0221,2025-05-04,7.2,26.59,42.15,69.31,0.556,45.92
A0221,2025-05-05,7.2,82.26,122.74,193.42,0.556,132.56
A0221,2025-05-06,7.2,78.81,121.44,195.87,0.556,131.78
A0221,2025-05-07,7.2,81.15,126.8,206.49,0.556,137.87
A0221,2025-05-08,7.2,86.15,133.78,216.93,0.556,145.33
A0221,2025-05-09,7.2,98.68,149.43,238.02,0.556,161.74
A0221,2025-05-10,7.2,103.9,158.07,252.64,0.556,171.2
A0221,2025-05-11,7.2,28.65,49.68,86.39,0.556,54.78
A0221,2025-05-12,7.2,42.32,68.92,115.35,0.556,75.37
A0222,2025-04-29,310.5,21.9,31.57,47.99,0.909,48.36
A0222,2025-04-30,310.5,31.37,45.04,68.26,0.909,68.79
A0222,2025-05-01,310.5,21.66,33.45,53.48,0.909,53.93
A0222,2025-05-02,310.5,29.11,43.7,68.48,0.909,69.04
A0222,2025-05-03,310.5,29.95,45.47,71.83,0.909,72.43
A0222,2025-05-04,310.5,21.98,32.28,49.77,0.909,50.17
A0222,2025-05-05,310.5,22.42,33.97,53.6,0.909,54.04
A0222,2025-05-06,310.5,23.13,32.85,49.34,0.909,49.72
A0222,2025-05-07,310.5,24.84,35.83,54.49,0.909,54.92
A0222,2025-05-08,310.5,28.43,42.19,65.56,0.909,66.09
A0222,2025-05-09,310.5,30.75,45.52,70.61,0.909,71.18
A0222,2025-05-10,310.5,30.65,46.1,72.35,0.909,72.94
A0222,2025-05-11,310.5,18.49,27.46,42.69,0.909,43.04
A0222,2025-05-12,310.5,27.03,39.99,62.0,0.909,62.5
A0223,2025-04-29,28.3,5.25,11.05,20.1,0.909,20.31
A0223,2025-04-30,28.3,8.93,17.77,31.58,0.909,31.89
A0223,2025-05-01,28.3,5.05,9.57,16.65,0.909,16.81
A0223,2025-05-02,28.3,7.15,14.99,27.24,0.909,27.52
A0223,2025-05-03,28.3,7.53,15.57,28.15,0.909,28.43
A0223,2025-05-04,28.3,6.39,12.54,22.15,0.909,22.37
A0223,2025-05-05,28.3,5.62,11.32,20.22,0.909,20.43
A0223,2025-05-06,28.3,5.21,11.17,20.49,0.909,20.7
A0223,2025-05-07,28.3,6.6,14.57,27.02,0.909,27.31
A0223,2025-05-08,28.3,6.87,13.43,23.68,0.909,23.91
A0223,2025-05-09,28.3,7.31,15.06,27.17,0.909,27.45
A0223,2025-05-10,28.3,8.22,17.21,31.24,0.909,31.56
A0223,2025-05-11,28.3,4.93,11.49,21.74,0.909,21.97
A0223,2025-05-12,28.3,6.75,13.19,23.24,0.909,23.47
A0224,2025-04-29,12.9,68.4,97.88,146.69,0.909,147.8
A0224,2025-04-30,12.9,96.85,137.54,204.9,0.909,206.43
A0224,2025-05-01,12.9,59.87,86.21,129.81,0.909,130.8
A0224,2025-05-02,12.9,73.21,104.25,155.62,0.909,156.79
A0224,2025-05-03,12.9,76.92,108.6,161.03,0.909,162.22
A0224,2025-05-04,12.9,81.85,117.46,176.41,0.909,177.75
A0224,2025-05-05,12.9,62.7,90.08,135.41,0.909,136.44
A0224,2025-05-06,12.9,67.17,96.84,145.96,0.909,147.07
A0224,2025-05-07,12.9,70.16,100.29,150.16,0.909,151.29
A0224,2025-05-08,12.9,74.74,107.09,160.64,0.909,161.86
A0224,2025-05-09,12.9,72.84,104.3,156.37,0.909,157.55
A0224,2025-05-10,12.9,77.22,108.81,161.12,0.909,162.3
A0224,2025-05-11,12.9,62.77,91.06,137.89,0.909,138.96
A0224,2025-05-12,12.9,75.14,107.89,162.1,0.909,163.33
A0225,2025-04-29,6.8,93.49,123.54,174.55,0.556,130.62
A0225,2025-04-30,6.8,120.84,151.75,204.21,0.556,159.03
A0225,2025-05-01,6.8,80.88,105.21,146.53,0.556,110.95
A0225,2025-05-02,6.8,103.34,132.7,182.53,0.556,139.62
A0225,2025-05-03,6.8,107.41,138.09,190.17,0.556,145.32
A0225,2025-05-04,6.8,99.33,124.78,168.0,0.556,130.79
A0225,2025-05-05,6.8,84.78,109.19,150.63,0.556,114.95
A0225,2025-05-06,6.8,94.54,124.3,174.81,0.556,131.31
A0225,2025-05-07,6.8,92.23,117.36,160.01,0.556,123.28
A0225,2025-05-08,6.8,99.81,128.81,178.04,0.556,135.65
A0225,2025-05-09,6.8,104.52,133.36,182.33,0.556,140.16
A0225,2025-05-10,6.8,106.75,137.43,189.52,0.556,144.67
A0225,2025-05-11,6.8,77.38,98.17,133.46,0.556,103.07
A0225,2025-05-12,6.8,100.12,128.06,175.48,0.556,134.64
A0226,2025-04-29,6.7,63.25,89.46,131.93,0.556,95.35
A0226,2025-04-30,6.7,85.51,123.55,185.19,0.556,132.11
A0226,2025-05-01,6.7,55.13,76.25,110.49,0.556,81.01
A0226,2025-05-02,6.7,77.81,109.79,161.61,0.556,116.98
A0226,2025-05-03,6.7,76.58,108.13,159.25,0.556,115.23
A0226,2025-05-04,6.7,70.66,102.28,153.52,0.556,109.4
A0226,2025-05-05,6.7,56.1,78.61,115.1,0.556,83.68
A0226,2025-05-06,6.7,65.06,91.27,133.75,0.556,97.17
A0226,2025-05-07,6.7,66.3,94.39,139.91,0.556,100.71
A0226,2025-05-08,6.7,69.94,98.17,143.92,0.556,104.52
A0226,2025-05-09,6.7,80.41,112.12,163.51,0.556,119.26
A0226,2025-05-10,6.7,76.76,108.53,160.0,0.556,115.68
A0226,2025-05-11,6.7,55.78,80.5,120.55,0.556,86.06
A0226,2025-05-12,6.7,67.58,95.86,141.7,0.556,102.23
A0227,2025-04-29,13.1,91.71,126.58,181.63,0.909,182.89
A0227,2025-04-30,13.1,110.5,147.74,206.54,0.909,207.88
A0227,2025-05-01,13.1,81.75,111.29,157.96,0.909,159.02
A0227,2025-05-02,13.1,102.03,144.76,212.26,0.909,213.79
A0227,2025-05-03,13.1,102.29,139.8,199.05,0.909,200.4
A0227,2025-05-04,13.1,95.09,128.04,180.09,0.909,181.28
A0227,2025-05-05,13.1,88.13,121.84,175.08,0.909,176.29
A0227,2025-05-06,13.1,92.51,127.37,182.42,0.909,183.67
A0227,2025-05-07,13.1,97.15,133.08,189.82,0.909,191.11
A0227,2025-05-08,13.1,101.58,139.54,199.49,0.909,200.85
A0227,2025-05-09,13.1,101.48,144.3,211.92,0.909,213.45
A0227,2025-05-10,13.1,102.33,139.75,198.85,0.909,200.19
A0227,2025-05-11,13.1,84.42,116.51,167.2,0.909,168.35
A0227,2025-05-12,13.1,103.29,143.62,207.3,0.909,208.74
A0228,2025-04-29,5.8,11.98,19.94,31.03,0.556,21.48
A0228,2025-04-30,5.8,17.83,29.03,44.62,0.556,31.19
A0228,2025-05-01,5.8,11.06,19.95,32.34,0.556,21.67
A0228,2025-05-02,5.8,16.4,26.59,40.8,0.556,28.57
A0228,2025-05-03,5.8,16.74,26.38,39.81,0.556,28.25
A0228,2025-05-04,5.8,12.24,20.36,31.68,0.556,21.93
A0228,2025-05-05,5.8,12.73,22.06,35.05,0.556,23.86
A0228,2025-05-06,5.8,12.33,20.28,31.37,0.556,21.82
A0228,2025-05-07,5.8,15.74,23.99,35.48,0.556,25.59
A0228,2025-05-08,5.8,14.94,23.71,35.92,0.556,25.4
A0228,2025-05-09,5.8,15.46,25.82,40.24,0.556,27.82
A0228,2025-05-10,5.8,17.63,27.16,40.43,0.556,29.0
A0228,2025-05-11,5.8,11.84,18.04,26.69,0.556,19.24
A0228,2025-05-12,5.8,14.74,24.1,37.15,0.556,25.91
A0229,2025-04-29,26.1,5.22,9.7,15.89,0.909,16.03
A0229,2025-04-30,26.1,6.6,16.03,29.06,0.909,29.35
A0229,2025-05-01,26.1,5.2,9.56,15.58,0.909,15.72
A0229,2025-05-02,26.1,7.05,13.7,22.9,0.909,23.11
A0229,2025-05-03,26.1,6.79,13.54,22.89,0.909,23.1
A0229,2025-05-04,26.1,5.21,12.13,21.69,0.909,21.91
A0229,2025-05-05,26.1,5.21,10.38,17.52,0.909,17.68
A0229,2025-05-06,26.1,5.04,9.51,15.7,0.909,15.84
A0229,2025-05-07,26.1,5.43,11.64,20.23,0.909,20.42
A0229,2025-05-08,26.1,6.43,12.51,20.93,0.909,21.12
A0229,2025-05-09,26.1,6.92,13.25,21.99,0.909,22.19
A0229,2025-05-10,26.1,6.97,14.33,24.51,0.909,24.74
A0229,2025-05-11,26.1,4.63,10.14,17.75,0.909,17.93
A0229,2025-05-12,26.1,6.03,11.86,19.91,0.909,20.1
A0230,2025-04-29,326.4,2.74,7.14,13.78,0.909,13.93
A0230,2025-04-30,326.4,3.73,12.51,25.79,0.909,26.09
A0230,2025-05-01,326.4,2.98,7.45,14.21,0.909,14.36
A0230,2025-05-02,326.4,3.92,9.44,17.8,0.909,17.99
A0230,2025-05-03,326.4,3.7,9.55,18.38,0.909,18.58
A0230,2025-05-04,326.4,2.68,9.55,19.93,0.909,20.17
A0230,2025-05-05,326.4,3.21,8.53,16.58,0.909,16.76
A0230,2025-05-06,326.4,3.13,7.54,14.2,0.909,14.35
A0230,2025-05-07,326.4,3.9,9.23,17.28,0.909,17.46
A0230,2025-05-08,326.4,3.93,9.4,17.66,0.909,17.85
A0230,2025-05-09,326.4,4.19,9.17,16.69,0.909,16.86
A0230,2025-05-10,326.4,4.08,10.64,20.56,0.909,20.79
A0230,2025-05-11,326.4,3.11,8.05,15.53,0.909,15.7
A0230,2025-05-12,326.4,3.83,9.2,17.31,0.909,17.5
A0231,2025-04-29,24.9,43.65,53.81,71.02,0.909,71.41
A0231,2025-04-30,24.9,66.66,84.04,113.52,0.909,114.19
A0231,2025-05-01,24.9,38.17,49.94,69.88,0.909,70.34
A0231,2025-05-02,24.9,56.89,71.52,96.32,0.909,96.88
A0231,2025-05-03,24.9,55.26,69.7,94.19,0.909,94.75
A0231,2025-05-04,24.9,52.65,66.33,89.54,0.909,90.07
A0231,2025-05-05,24.9,40.6,54.68,78.54,0.909,79.09
A0231,2025-05-06,24.9,42.19,52.53,70.07,0.909,70.47
A0231,2025-05-07,24.9,48.15,61.75,84.82,0.909,85.34
A0231,2025-05-08,24.9,51.49,64.27,85.94,0.909,86.43
A0231,2025-05-09,24.9,54.26,68.38,92.31,0.909,92.86
A0231,2025-05-10,24.9,56.51,72.0,98.27,0.909,98.87
A0231,2025-05-11,24.9,40.02,52.26,73.01,0.909,73.48
A0231,2025-05-12,24.9,47.62,61.4,84.78,0.909,85.31
A0232,2025-04-29,5.6,4.72,23.53,61.86,0.556,28.86
A0232,2025-04-30,5.6,12.66,43.68,108.42,0.556,52.67
A0232,2025-05-01,5.6,10.21,35.27,83.6,0.556,41.98
A0232,2025-05-02,5.6,17.82,53.37,122.26,0.556,62.93
A0232,2025-05-03,5.6,20.96,59.34,132.72,0.556,69.53
A0232,2025-05-04,5.6,17.89,53.48,119.95,0.556,62.71
A0232,2025-05-05,5.6,16.88,49.26,109.25,0.556,57.59
A0232,2025-05-06,5.6,17.99,51.47,113.35,0.556,60.06
A0232,2025-05-07,5.6,20.78,56.75,123.48,0.556,66.02
A0232,2025-05-08,5.6,22.85,61.3,133.61,0.556,71.34
A0232,2025-05-09,5.6,25.43,66.29,143.37,0.556,76.99
A0232,2025-05-10,5.6,26.86,68.42,146.78,0.556,79.31
A0232,2025-05-11,5.6,15.99,45.76,99.98,0.556,53.29
A0232,2025-05-12,5.6,22.75,59.51,128.35,0.556,69.07
A0233,2025-04-29,4.4,13.38,37.74,78.94,0.556,43.46
A0233,2025-04-30,4.4,20.85,52.28,107.17,0.556,59.9
A0233,2025-05-01,4.4,12.38,35.26,74.1,0.556,40.65
A0233,2025-05-02,4.4,19.07,48.39,99.07,0.556,55.43
A0233,2025-05-03,4.4,19.71,49.1,100.31,0.556,56.21
A0233,2025-05-04,4.4,14.59,40.25,84.11,0.556,46.34
A0233,2025-05-05,4.4,13.38,37.21,77.89,0.556,42.86
A0233,2025-05-06,4.4,14.25,38.93,81.09,0.556,44.79
A0233,2025-05-07,4.4,16.08,42.15,87.09,0.556,48.39
A0233,2025-05-08,4.4,17.77,45.71,94.16,0.556,52.44
A0233,2025-05-09,4.4,19.64,49.05,100.45,0.556,56.19
A0233,2025-05-10,4.4,20.31,50.0,102.08,0.556,57.23
A0233,2025-05-11,4.4,11.22,33.17,70.26,0.556,38.32
A0233,2025-05-12,4.4,17.0,44.2,91.27,0.556,50.74
A0234,2025-04-29,403.6,3.37,8.23,16.36,0.909,16.54
A0234,2025-04-30,403.6,5.02,12.21,24.22,0.909,24.5
A0234,2025-05-01,403.6,3.32,7.9,15.55,0.909,15.72
A0234,2025-05-02,403.6,5.02,10.78,20.39,0.909,20.6
A0234,2025-05-03,403.6,5.09,11.03,20.95,0.909,21.17
A0234,2025-05-04,403.6,3.42,9.27,19.04,0.909,19.26
A0234,2025-05-05,403.6,3.76,8.7,16.93,0.909,17.12
A0234,2025-05-06,403.6,3.51,8.37,16.48,0.909,16.67
A0234,2025-05-07,403.6,4.38,10.29,20.15,0.909,20.37
A0234,2025-05-08,403.6,4.25,10.38,20.6,0.909,20.83
A0234,2025-05-09,403.6,4.86,10.24,19.23,0.909,19.43
A0234,2025-05-10,403.6,9.66,21.16,40.35,0.909,40.79
A0234,2025-05-11,403.6,5.95,15.13,30.45,0.909,30.8
A0234,2025-05-12,403.6,7.44,17.76,35.0,0.909,35.39
A0235,2025-04-29,345.1,9.75,17.35,28.54,0.909,28.8
A0235,2025-04-30,345.1,15.25,27.0,44.29,0.909,44.68
A0235,2025-05-01,345.1,9.72,17.13,28.03,0.909,28.27
A0235,2025-05-02,345.1,14.6,25.71,42.05,0.909,42.43
A0235,2025-05-03,345.1,14.55,24.82,39.93,0.909,40.28
A0235,2025-05-04,345.1,10.49,18.81,31.06,0.909,31.34
A0235,2025-05-05,345.1,9.89,16.99,27.42,0.909,27.66
A0235,2025-05-06,345.1,10.47,18.09,29.32,0.909,29.57
A0235,2025-05-07,345.1,11.16,19.53,31.84,0.909,32.12
A0235,2025-05-08,345.1,13.24,23.4,38.36,0.909,38.7
A0235,2025-05-09,345.1,15.43,26.66,43.18,0.909,43.55
A0235,2025-05-10,345.1,14.73,24.94,39.98,0.909,40.32
A0235,2025-05-11,345.1,8.01,14.6,24.28,0.909,24.5
A0235,2025-05-12,345.1,12.54,21.51,34.72,0.909,35.02
A0236,2025-04-29,24.0,9.92,17.3,28.23,0.909,28.48
A0236,2025-04-30,24.0,12.82,24.44,41.67,0.909,42.06
A0236,2025-05-01,24.0,8.53,14.55,23.48,0.909,23.68
A0236,2025-05-02,24.0,12.92,21.22,33.52,0.909,33.8
A0236,2025-05-03,24.0,12.11,21.24,34.78,0.909,35.09
A0236,2025-05-04,24.0,8.78,17.68,30.88,0.909,31.18
A0236,2025-05-05,24.0,8.96,16.66,28.06,0.909,28.32
A0236,2025-05-06,24.0,5.37,10.55,18.24,0.909,18.41
A0236,2025-05-07,24.0,6.55,12.63,21.66,0.909,21.86
A0236,2025-05-08,24.0,6.83,12.15,20.03,0.909,20.21
A0236,2025-05-09,24.0,8.49,14.09,22.41,0.909,22.6
A0236,2025-05-10,24.0,8.53,15.29,25.32,0.909,25.55
A0236,2025-05-11,24.0,5.71,11.02,18.91,0.909,19.09
A0236,2025-05-12,24.0,7.56,13.47,22.25,0.909,22.45
A0237,2025-04-29,432.7,0.37,10.31,28.43,0.909,28.84
A0237,2025-04-30,432.7,2.67,16.59,42.9,0.909,43.5
A0237,2025-05-01,432.7,1.09,11.74,31.53,0.909,31.98
A0237,2025-05-02,432.7,3.37,17.81,44.64,0.909,45.25
A0237,2025-05-03,432.7,4.5,20.14,49.14,0.909,49.8
A0237,2025-05-04,432.7,2.67,16.04,40.15,0.909,40.7
A0237,2025-05-05,432.7,2.97,16.54,40.85,0.909,41.4
A0237,2025-05-06,432.7,3.22,17.53,42.52,0.909,43.08
A0237,2025-05-07,432.7,4.53,20.66,48.63,0.909,49.26
A0237,2025-05-08,432.7,5.97,24.38,56.26,0.909,56.98
A0237,2025-05-09,432.7,7.63,28.02,63.49,0.909,64.3
A0237,2025-05-10,432.7,8.58,29.79,66.67,0.909,67.51
A0237,2025-05-11,432.7,3.58,18.24,43.26,0.909,43.82
A0237,2025-05-12,432.7,6.27,24.91,56.62,0.909,57.34
A0238,2025-04-29,402.8,58.98,82.73,116.31,0.909,117.07
A0238,2025-04-30,402.8,84.55,120.25,170.75,0.909,171.9
A0238,2025-05-01,402.8,52.09,73.94,104.84,0.909,105.54
A0238,2025-05-02,402.8,66.92,93.03,129.97,0.909,130.81
A0238,2025-05-03,402.8,71.84,99.83,139.43,0.909,140.33
A0238,2025-05-04,402.8,68.69,95.45,133.3,0.909,134.16
A0238,2025-05-05,402.8,55.94,76.83,106.38,0.909,107.05
A0238,2025-05-06,402.8,62.32,86.51,120.72,0.909,121.5
A0238,2025-05-07,402.8,63.61,87.58,121.48,0.909,122.25
A0238,2025-05-08,402.8,65.85,90.3,124.89,0.909,125.68
A0238,2025-05-09,402.8,68.1,95.04,133.14,0.909,134.0
A0238,2025-05-10,402.8,73.37,101.54,141.4,0.909,142.31
A0238,2025-05-11,402.8,54.6,76.45,107.35,0.909,108.05
A0238,2025-05-12,402.8,64.46,86.93,118.71,0.909,119.44
A0239,2025-04-29,319.2,10.61,18.73,30.47,0.909,30.74
A0239,2025-04-30,319.2,13.37,23.18,37.38,0.909,37.71
A0239,2025-05-01,319.2,10.13,17.34,27.77,0.909,28.01
A0239,2025-05-02,319.2,12.82,23.08,37.92,0.909,38.26
A0239,2025-05-03,319.2,13.04,23.73,39.19,0.909,39.54
A0239,2025-05-04,319.2,10.89,18.37,29.2,0.909,29.44
A0239,2025-05-05,319.2,10.37,18.86,31.14,0.909,31.42
A0239,2025-05-06,319.2,10.86,19.05,30.89,0.909,31.16
A0239,2025-05-07,319.2,11.66,21.44,35.59,0.909,35.91
A0239,2025-05-08,319.2,12.9,21.77,34.61,0.909,34.9
A0239,2025-05-09,319.2,13.34,23.24,37.58,0.909,37.91
A0239,2025-05-10,319.2,13.9,25.37,41.95,0.909,42.33
A0239,2025-05-11,319.2,17.1,29.51,47.47,0.909,47.88
A0239,2025-05-12,319.2,19.44,33.63,54.16,0.909,54.63
A0240,2025-04-29,24.1,9.37,29.39,65.01,0.909,65.82
A0240,2025-04-30,24.1,18.28,49.1,106.16,0.909,107.45
A0240,2025-05-01,24.1,10.05,29.28,65.14,0.909,65.95
A0240,2025-05-02,24.1,16.19,44.21,94.4,0.909,95.54
A0240,2025-05-03,24.1,16.17,43.99,93.75,0.909,94.88
A0240,2025-05-04,24.1,13.25,37.96,83.36,0.909,84.39
A0240,2025-05-05,24.1,11.61,32.89,72.06,0.909,72.95
A0240,2025-05-06,24.1,10.41,31.43,68.84,0.909,69.69
A0240,2025-05-07,24.1,14.4,39.19,84.09,0.909,85.11
A0240,2025-05-08,24.1,15.52,41.63,89.55,0.909,90.64
A0240,2025-05-09,24.1,16.45,44.0,93.93,0.909,95.06
A0240,2025-05-10,24.1,18.33,47.67,101.09,0.909,102.31
A0240,2025-05-11,24.1,10.71,30.67,67.46,0.909,68.29
A0240,2025-05-12,24.1,13.84,38.12,82.51,0.909,83.52
A0241,2025-04-29,409.1,44.77,59.72,85.85,0.909,86.45
A0241,2025-04-30,409.1,61.0,78.29,108.52,0.909,109.2
A0241,2025-05-01,409.1,40.78,54.23,77.74,0.909,78.28
A0241,2025-05-02,409.1,53.87,70.63,99.92,0.909,100.59
A0241,2025-05-03,409.1,54.62,71.82,101.9,0.909,102.58
A0241,2025-05-04,409.1,50.03,63.76,87.76,0.909,88.31
A0241,2025-05-05,409.1,41.91,55.54,79.37,0.909,79.91
A0241,2025-05-06,409.1,45.31,60.31,86.53,0.909,87.12
A0241,2025-05-07,409.1,47.22,62.31,88.7,0.909,89.3
A0241,2025-05-08,409.1,50.98,67.27,95.74,0.909,96.39
A0241,2025-05-09,409.1,168.8,223.8,319.93,0.909,322.12
A0241,2025-05-10,409.1,178.41,235.42,335.08,0.909,337.34
A0241,2025-05-11,409.1,126.66,168.65,242.03,0.909,243.7
A0241,2025-05-12,409.1,40.16,55.45,82.17,0.909,82.78
A0242,2025-04-29,5.8,71.53,98.41,144.44,0.556,104.81
A0242,2025-04-30,5.8,67.1,94.15,140.45,0.556,100.58
A0242,2025-05-01,5.8,54.17,74.39,109.0,0.556,79.2
A0242,2025-05-02,5.8,68.47,95.93,142.95,0.556,102.46
A0242,2025-05-03,5.8,69.42,97.15,144.61,0.556,103.74
A0242,2025-05-04,5.8,59.07,81.87,120.9,0.556,87.29
A0242,2025-05-05,5.8,53.43,72.91,106.28,0.556,77.55
A0242,2025-05-06,5.8,58.91,81.31,119.65,0.556,86.63
A0242,2025-05-07,5.8,57.11,79.14,116.86,0.556,84.38
A0242,2025-05-08,5.8,67.57,93.87,138.9,0.556,100.13
A0242,2025-05-09,5.8,71.15,98.65,145.72,0.556,105.19
A0242,2025-05-10,5.8,69.77,97.66,145.41,0.556,104.29
A0242,2025-05-11,5.8,48.29,68.27,102.5,0.556,73.03
A0242,2025-05-12,5.8,62.02,85.36,125.32,0.556,90.91
A0243,2025-04-29,296.5,18.14,33.23,48.34,0.909,48.69
A0243,2025-04-30,296.5,25.3,55.3,85.34,0.909,86.02
A0243,2025-05-01,296.5,16.01,31.76,47.54,0.909,47.9
A0243,2025-05-02,296.5,22.91,48.19,73.49,0.909,74.07
A0243,2025-05-03,296.5,25.11,44.63,64.17,0.909,64.61
A0243,2025-05-04,296.5,18.01,50.09,82.2,0.909,82.93
A0243,2025-05-05,296.5,19.12,35.46,51.82,0.909,52.19
A0243,2025-05-06,296.5,5.32,12.89,20.48,0.909,20.65
A0243,2025-05-07,296.5,7.49,15.69,23.9,0.909,24.09
A0243,2025-05-08,296.5,7.89,17.2,26.52,0.909,26.73
A0243,2025-05-09,296.5,8.01,19.52,31.03,0.909,31.29
A0243,2025-05-10,296.5,10.23,20.72,31.23,0.909,31.47
A0243,2025-05-11,296.5,7.85,17.21,26.58,0.909,26.79
A0243,2025-05-12,296.5,9.18,17.78,26.4,0.909,26.59
A0244,2025-04-29,5.8,51.31,69.75,105.74,0.556,74.74
A0244,2025-04-30,5.8,73.99,104.35,163.62,0.556,112.58
A0244,2025-05-01,5.8,47.67,63.32,93.88,0.556,67.57
A0244,2025-05-02,5.8,68.04,92.88,141.38,0.556,99.62
A0244,2025-05-03,5.8,67.88,91.3,137.02,0.556,97.65
A0244,2025-05-04,5.8,54.57,75.62,116.73,0.556,81.33
A0244,2025-05-05,5.8,48.69,65.14,97.26,0.556,69.61
A0244,2025-05-06,5.8,51.17,69.28,104.62,0.556,74.19
A0244,2025-05-07,5.8,56.96,79.08,122.25,0.556,85.07
A0244,2025-05-08,5.8,62.16,84.4,127.84,0.556,90.44
A0244,2025-05-09,5.8,66.42,90.38,137.14,0.556,96.87
A0244,2025-05-10,5.8,67.51,90.92,136.61,0.556,97.26
A0244,2025-05-11,5.8,42.83,58.59,89.35,0.556,62.86
A0244,2025-05-12,5.8,59.0,79.95,120.85,0.556,85.63
A0245,2025-04-29,7.6,19.33,25.71,34.75,0.556,26.97
A0245,2025-04-30,7.6,28.93,39.2,53.76,0.556,41.23
A0245,2025-05-01,7.6,16.89,22.69,30.92,0.556,23.83
A0245,2025-05-02,7.6,22.62,29.85,40.09,0.556,31.27
A0245,2025-05-03,7.6,23.5,31.2,42.11,0.556,32.71
A0245,2025-05-04,7.6,23.25,31.68,43.62,0.556,33.34
A0245,2025-05-05,7.6,17.6,23.48,31.8,0.556,24.63
A0245,2025-05-06,7.6,18.82,25.06,33.9,0.556,26.29
A0245,2025-05-07,7.6,20.48,27.39,37.18,0.556,28.75
A0245,2025-05-08,7.6,22.29,29.73,40.27,0.556,31.19
A0245,2025-05-09,7.6,21.83,29.06,39.3,0.556,30.48
A0245,2025-05-10,7.6,24.2,31.73,42.41,0.556,33.22
A0245,2025-05-11,7.6,17.54,23.22,31.28,0.556,24.34
A0245,2025-05-12,7.6,21.26,28.65,39.12,0.556,30.1
A0246,2025-04-29,364.8,4.11,9.18,18.49,0.909,18.7
A0246,2025-04-30,364.8,6.78,15.53,31.58,0.909,31.94
A0246,2025-05-01,364.8,4.44,8.63,16.31,0.909,16.49
A0246,2025-05-02,364.8,5.68,12.02,23.64,0.909,23.9
A0246,2025-05-03,364.8,5.95,12.58,24.71,0.909,24.99
A0246,2025-05-04,364.8,5.19,11.32,22.54,0.909,22.8
A0246,2025-05-05,364.8,4.61,9.74,19.15,0.909,19.37
A0246,2025-05-06,364.8,4.39,9.55,19.02,0.909,19.23
A0246,2025-05-07,364.8,5.41,12.17,24.57,0.909,24.85
A0246,2025-05-08,364.8,5.86,11.6,22.12,0.909,22.36
A0246,2025-05-09,364.8,5.89,11.93,23.0,0.909,23.25
A0246,2025-05-10,364.8,6.71,14.08,27.58,0.909,27.89
A0246,2025-05-11,364.8,4.5,10.23,20.73,0.909,20.97
A0246,2025-05-12,364.8,5.37,11.01,21.36,0.909,21.59
A0247,2025-04-29,302.8,10.85,21.48,38.6,0.909,38.99
A0247,2025-04-30,302.8,19.56,34.05,57.4,0.909,57.93
A0247,2025-05-01,302.8,12.62,22.72,38.99,0.909,39.36
A0247,2025-05-02,302.8,18.45,33.21,57.01,0.909,57.55
A0247,2025-05-03,302.8,19.3,35.81,62.41,0.909,63.01
A0247,2025-05-04,302.8,14.06,24.49,41.3,0.909,41.68
A0247,2025-05-05,302.8,13.22,22.8,38.24,0.909,38.59
A0247,2025-05-06,302.8,13.5,23.99,40.89,0.909,41.28
A0247,2025-05-07,302.8,15.34,26.97,45.71,0.909,46.14
A0247,2025-05-08,302.8,18.02,31.94,54.36,0.909,54.87
A0247,2025-05-09,302.8,21.07,35.31,58.26,0.909,58.78
A0247,2025-05-10,302.8,20.06,36.77,63.7,0.909,64.31
A0247,2025-05-11,302.8,10.45,18.86,32.42,0.909,32.73
A0247,2025-05-12,302.8,17.84,29.82,49.11,0.909,49.55
A0248,2025-04-29,11.9,46.16,58.1,76.45,0.909,76.86
A0248,2025-04-30,11.9,62.88,77.19,99.17,0.909,99.67
A0248,2025-05-01,11.9,40.89,50.65,65.65,0.909,65.99
A0248,2025-05-02,11.9,50.81,62.96,81.64,0.909,82.06
A0248,2025-05-03,11.9,51.68,62.67,79.55,0.909,79.94
A0248,2025-05-04,11.9,53.68,65.71,84.19,0.909,84.61
A0248,2025-05-05,11.9,43.32,52.77,67.29,0.909,67.62
A0248,2025-05-06,11.9,45.86,57.89,76.38,0.909,76.8
A0248,2025-05-07,11.9,44.63,55.46,72.1,0.909,72.48
A0248,2025-05-08,11.9,50.44,63.61,83.86,0.909,84.32
A0248,2025-05-09,11.9,51.31,64.08,83.71,0.909,84.16
A0248,2025-05-10,11.9,51.49,62.12,78.47,0.909,78.84
A0248,2025-05-11,11.9,40.49,50.6,66.14,0.909,66.49
A0248,2025-05-12,11.9,50.54,62.78,81.59,0.909,82.01
A0249,2025-04-29,333.9,10.93,20.64,36.62,0.909,36.99
A0249,2025-04-30,333.9,16.63,28.56,48.2,0.909,48.64
A0249,2025-05-01,333.9,9.58,17.51,30.55,0.909,30.85
A0249,2025-05-02,333.9,13.8,25.25,44.07,0.909,44.5
A0249,2025-05-03,333.9,13.5,25.34,44.82,0.909,45.27
A0249,2025-05-04,333.9,12.75,22.71,39.1,0.909,39.48
A0249,2025-05-05,333.9,10.88,20.44,36.17,0.909,36.53
A0249,2025-05-06,333.9,10.86,20.66,36.79,0.909,37.16
A0249,2025-05-07,333.9,12.82,23.81,41.88,0.909,42.29
A0249,2025-05-08,333.9,13.19,25.05,44.56,0.909,45.01
A0249,2025-05-09,333.9,13.67,24.8,43.11,0.909,43.53
A0249,2025-05-10,333.9,14.69,27.75,49.25,0.909,49.73
A0249,2025-05-11,333.9,10.95,21.23,38.14,0.909,38.52
A0249,2025-05-12,333.9,13.07,24.13,42.33,0.909,42.74
A0250,2025-04-29,30.2,14.88,21.08,30.78,0.909,31.0
A0250,2025-04-30,30.2,23.2,35.76,55.4,0.909,55.85
A0250,2025-05-01,30.2,13.9,20.25,30.17,0.909,30.39
A0250,2025-05-02,30.2,19.43,27.63,40.43,0.909,40.72
A0250,2025-05-03,30.2,19.92,28.76,42.59,0.909,42.9
A0250,2025-05-04,30.2,17.53,25.76,38.63,0.909,38.93
A0250,2025-05-05,30.2,14.96,21.92,32.8,0.909,33.04
A0250,2025-05-06,30.2,14.72,21.02,30.87,0.909,31.1
A0250,2025-05-07,30.2,17.59,25.99,39.12,0.909,39.41
A0250,2025-05-08,30.2,18.72,26.69,39.14,0.909,39.43
A0250,2025-05-09,30.2,18.68,26.84,39.59,0.909,39.88
A0250,2025-05-10,30.2,20.81,30.02,44.41,0.909,44.74
A0250,2025-05-11,30.2,14.42,21.1,31.54,0.909,31.77
A0250,2025-05-12,30.2,17.68,25.49,37.7,0.909,37.97
A0251,2025-04-29,144.3,13.67,20.27,29.04,0.909,29.24
A0251,2025-04-30,144.3,18.25,27.54,39.88,0.909,40.16
A0251,2025-05-01,144.3,12.32,18.64,27.04,0.909,27.23
A0251,2025-05-02,144.3,18.25,26.08,36.49,0.909,36.73
A0251,2025-05-03,144.3,17.83,27.07,39.35,0.909,39.63
A0251,2025-05-04,144.3,13.74,21.23,31.17,0.909,31.39
A0251,2025-05-05,144.3,13.37,20.33,29.58,0.909,29.79
A0251,2025-05-06,144.3,13.94,20.57,29.37,0.909,29.57
A0251,2025-05-07,144.3,15.37,22.74,32.53,0.909,32.76
A0251,2025-05-08,144.3,15.91,23.85,34.4,0.909,34.64
A0251,2025-05-09,144.3,18.52,26.41,36.89,0.909,37.12
A0251,2025-05-10,144.3,18.08,27.34,39.64,0.909,39.92
A0251,2025-05-11,144.3,12.06,18.53,27.13,0.909,27.32
A0251,2025-05-12,144.3,15.73,23.89,34.74,0.909,34.98
A0252,2025-04-29,31.3,15.4,22.34,32.45,0.909,32.67
A0252,2025-04-30,31.3,24.1,36.69,55.03,0.909,55.45
A0252,2025-05-01,31.3,15.09,22.32,32.84,0.909,33.08
A0252,2025-05-02,31.3,20.74,30.43,44.54,0.909,44.86
A0252,2025-05-03,31.3,20.42,30.09,44.16,0.909,44.48
A0252,2025-05-04,31.3,19.15,27.66,40.04,0.909,40.32
A0252,2025-05-05,31.3,15.88,23.96,35.74,0.909,36.0
A0252,2025-05-06,31.3,15.69,22.73,32.97,0.909,33.21
A0252,2025-05-07,31.3,17.58,26.58,39.68,0.909,39.98
A0252,2025-05-08,31.3,19.2,27.36,39.25,0.909,39.52
A0252,2025-05-09,31.3,21.09,30.44,44.06,0.909,44.37
A0252,2025-05-10,31.3,21.34,31.55,46.41,0.909,46.75
A0252,2025-05-11,31.3,14.54,21.53,31.71,0.909,31.94
A0252,2025-05-12,31.3,18.48,26.75,38.78,0.909,39.06
A0253,2025-04-29,387.7,46.64,72.82,110.73,0.909,111.59
A0253,2025-04-30,387.7,61.2,87.01,124.39,0.909,125.24
A0253,2025-05-01,387.7,42.23,62.96,92.96,0.909,93.65
A0253,2025-05-02,387.7,52.49,80.21,120.36,0.909,121.27
A0253,2025-05-03,387.7,54.49,84.22,127.27,0.909,128.25
A0253,2025-05-04,387.7,51.25,76.95,114.16,0.909,115.01
A0253,2025-05-05,387.7,44.86,69.39,104.91,0.909,105.72
A0253,2025-05-06,387.7,47.27,73.46,111.38,0.909,112.24
A0253,2025-05-07,387.7,48.15,73.27,109.65,0.909,110.47
A0253,2025-05-08,387.7,51.59,77.44,114.88,0.909,115.73
A0253,2025-05-09,387.7,53.41,80.28,119.19,0.909,120.08
A0253,2025-05-10,387.7,55.55,86.18,130.53,0.909,131.54
A0253,2025-05-11,387.7,42.0,67.25,103.81,0.909,104.65
A0253,2025-05-12,387.7,51.56,79.48,119.92,0.909,120.84
A0254,2025-04-29,379.4,153.24,206.69,272.32,0.909,273.81
A0254,2025-04-30,379.4,202.77,281.76,378.76,0.909,380.97
A0254,2025-05-01,379.4,143.47,191.54,250.57,0.909,251.92
A0254,2025-05-02,379.4,179.23,242.39,319.96,0.909,321.72
A0254,2025-05-03,379.4,114.08,165.78,229.27,0.909,230.71
A0254,2025-05-04,379.4,114.76,166.41,229.84,0.909,231.28
A0254,2025-05-05,379.4,98.92,138.4,186.88,0.909,187.99
A0254,2025-05-06,379.4,102.77,145.04,196.96,0.909,198.14
A0254,2025-05-07,379.4,113.27,159.51,216.3,0.909,217.59
A0254,2025-05-08,379.4,120.37,166.97,224.18,0.909,225.48
A0254,2025-05-09,379.4,123.71,171.83,230.93,0.909,232.27
A0254,2025-05-10,379.4,131.23,184.89,250.78,0.909,252.27
A0254,2025-05-11,379.4,102.78,145.08,197.02,0.909,198.2
A0254,2025-05-12,379.4,117.18,161.05,214.92,0.909,216.15
A0255,2025-04-29,3.1,4.45,19.6,45.36,0.556,23.18
A0255,2025-04-30,3.1,7.08,25.46,57.46,0.556,29.9
A0255,2025-05-01,3.1,4.2,19.06,44.22,0.556,22.55
A0255,2025-05-02,3.1,7.0,24.89,55.93,0.556,29.2
A0255,2025-05-03,3.1,7.58,25.66,57.26,0.556,30.05
A0255,2025-05-04,3.1,5.03,20.73,47.67,0.556,24.47
A0255,2025-05-05,3.1,4.95,20.21,46.43,0.556,23.85
A0255,2025-05-06,3.1,5.45,20.95,47.82,0.556,24.68
A0255,2025-05-07,3.1,6.34,22.49,50.76,0.556,26.41
A0255,2025-05-08,3.1,7.21,24.34,54.59,0.556,28.54
A0255,2025-05-09,3.1,8.26,26.23,58.34,0.556,30.69
A0255,2025-05-10,3.1,8.78,26.96,59.6,0.556,31.5
A0255,2025-05-11,3.1,4.49,18.59,43.04,0.556,21.99
A0255,2025-05-12,3.1,7.29,24.04,53.89,0.556,28.19
A0256,2025-04-29,31.2,11.19,18.04,28.43,0.909,28.67
A0256,2025-04-30,31.2,18.38,32.75,54.54,0.909,55.04
A0256,2025-05-01,31.2,10.59,16.69,25.95,0.909,26.16
A0256,2025-05-02,31.2,15.17,25.75,41.79,0.909,42.16
A0256,2025-05-03,31.2,15.75,26.04,41.65,0.909,42.0
A0256,2025-05-04,31.2,13.97,24.54,40.57,0.909,40.93
A0256,2025-05-05,31.2,11.81,18.67,29.06,0.909,29.3
A0256,2025-05-06,31.2,10.76,17.86,28.62,0.909,28.86
A0256,2025-05-07,31.2,13.79,24.48,40.68,0.909,41.05
A0256,2025-05-08,31.2,14.36,25.22,41.7,0.909,42.07
A0256,2025-05-09,31.2,14.75,24.85,40.16,0.909,40.51
A0256,2025-05-10,31.2,17.19,28.8,46.42,0.909,46.82
A0256,2025-05-11,31.2,11.4,21.1,35.8,0.909,36.13
A0256,2025-05-12,31.2,29.09,49.8,81.23,0.909,81.94
A0257,2025-04-29,3.4,10.24,31.4,67.35,0.556,36.39
A0257,2025-04-30,3.4,14.94,40.72,85.85,0.556,46.99
A0257,2025-05-01,3.4,9.65,30.07,64.65,0.556,34.87
A0257,2025-05-02,3.4,14.3,39.11,82.24,0.556,45.1
A0257,2025-05-03,3.4,15.05,40.05,83.85,0.556,46.13
A0257,2025-05-04,3.4,11.01,32.94,70.54,0.556,38.16
A0257,2025-05-05,3.4,10.31,31.21,66.92,0.556,36.17
A0257,2025-05-06,3.4,11.23,32.74,69.77,0.556,37.89
A0257,2025-05-07,3.4,12.44,34.81,73.62,0.556,40.2
A0257,2025-05-08,3.4,13.7,37.58,79.2,0.556,43.36
A0257,2025-05-09,3.4,15.09,40.03,83.95,0.556,46.13
A0257,2025-05-10,3.4,15.71,40.88,85.37,0.556,47.06
A0257,2025-05-11,3.4,8.93,28.32,61.25,0.556,32.9
A0257,2025-05-12,3.4,13.34,36.71,77.44,0.556,42.36
A0258,2025-04-29,34.2,0.0,3.76,14.69,0.909,14.94
A0258,2025-04-30,34.2,0.0,5.92,20.8,0.909,21.14
A0258,2025-05-01,34.2,0.0,5.29,18.41,0.909,18.71
A0258,2025-05-02,34.2,0.43,8.63,25.71,0.909,26.1
A0258,2025-05-03,34.2,0.96,9.95,28.26,0.909,28.67
A0258,2025-05-04,34.2,0.81,8.96,26.3,0.909,26.69
A0258,2025-05-05,34.2,0.98,9.05,26.16,0.909,26.55
A0258,2025-05-06,34.2,1.04,9.18,26.2,0.909,26.59
A0258,2025-05-07,34.2,2.01,11.99,31.82,0.909,32.27
A0258,2025-05-08,34.2,2.36,13.3,34.76,0.909,35.25
A0258,2025-05-09,34.2,3.1,15.46,39.01,0.909,39.55
A0258,2025-05-10,34.2,3.76,17.13,42.11,0.909,42.68
A0258,2025-05-11,34.2,1.89,11.13,29.74,0.909,30.16
A0258,2025-05-12,34.2,2.61,14.11,35.89,0.909,36.39
A0259,2025-04-29,5.5,18.5,29.14,44.57,0.556,31.28
A0259,2025-04-30,5.5,23.44,38.87,61.25,0.556,41.98
A0259,2025-05-01,5.5,16.4,26.2,40.42,0.556,28.18
A0259,2025-05-02,5.5,22.43,36.2,56.18,0.556,38.97
A0259,2025-05-03,5.5,22.45,35.22,53.74,0.556,37.79
A0259,2025-05-04,5.5,18.1,30.34,48.09,0.556,32.8
A0259,2025-05-05,5.5,17.78,27.99,42.8,0.556,30.05
A0259,2025-05-06,5.5,19.11,29.83,45.37,0.556,31.99
A0259,2025-05-07,5.5,20.13,31.4,47.76,0.556,33.67
A0259,2025-05-08,5.5,21.41,34.44,53.34,0.556,37.06
A0259,2025-05-09,5.5,22.69,36.55,56.67,0.556,39.35
A0259,2025-05-10,5.5,22.56,35.4,54.03,0.556,37.99
A0259,2025-05-11,5.5,16.98,27.03,41.6,0.556,29.05
A0259,2025-05-12,5.5,21.47,33.91,51.95,0.556,36.41
A0260,2025-04-29,35.6,14.72,22.74,35.47,0.909,35.76
A0260,2025-04-30,35.6,19.29,31.32,50.42,0.909,50.85
A0260,2025-05-01,35.6,13.93,22.21,35.37,0.909,35.67
A0260,2025-05-02,35.6,19.27,31.27,50.33,0.909,50.76
A0260,2025-05-03,35.6,19.55,31.73,51.08,0.909,51.52
A0260,2025-05-04,35.6,15.09,23.8,37.63,0.909,37.94
A0260,2025-05-05,35.6,14.67,24.55,40.23,0.909,40.58
A0260,2025-05-06,35.6,15.48,23.56,36.4,0.909,36.7
A0260,2025-05-07,35.6,16.83,28.48,46.98,0.909,47.4
A0260,2025-05-08,35.6,18.41,29.4,46.85,0.909,47.24
A0260,2025-05-09,35.6,19.93,31.55,50.02,0.909,50.43
A0260,2025-05-10,35.6,20.37,33.53,54.42,0.909,54.89
A0260,2025-05-11,35.6,13.15,22.26,36.72,0.909,37.05
A0260,2025-05-12,35.6,17.36,28.29,45.63,0.909,46.03
A0261,2025-04-29,31.9,10.14,16.73,26.91,0.909,27.15
A0261,2025-04-30,31.9,14.38,23.18,36.76,0.909,37.07
A0261,2025-05-01,31.9,8.96,13.96,21.66,0.909,21.84
A0261,2025-05-02,31.9,12.92,20.59,32.42,0.909,32.69
A0261,2025-05-03,31.9,13.01,20.68,32.52,0.909,32.79
A0261,2025-05-04,31.9,10.78,16.4,25.08,0.909,25.27
A0261,2025-05-05,31.9,9.9,16.09,25.63,0.909,25.85
A0261,2025-05-06,31.9,9.99,16.51,26.56,0.909,26.79
A0261,2025-05-07,31.9,11.44,19.88,32.9,0.909,33.2
A0261,2025-05-08,31.9,11.94,19.17,30.31,0.909,30.57
A0261,2025-05-09,31.9,12.94,20.09,31.11,0.909,31.37
A0261,2025-05-10,31.9,13.82,22.07,34.79,0.909,35.08
A0261,2025-05-11,31.9,8.75,14.15,22.48,0.909,22.67
A0261,2025-05-12,31.9,11.94,19.2,30.38,0.909,30.64
A0262,2025-04-29,292.2,6.51,11.91,21.12,0.909,21.33
A0262,2025-04-30,292.2,10.6,16.89,27.63,0.909,27.87
A0262,2025-05-01,292.2,6.15,10.84,18.83,0.909,19.01
A0262,2025-05-02,292.2,9.33,16.54,28.83,0.909,29.11
A0262,2025-05-03,292.2,9.42,16.74,29.22,0.909,29.5
A0262,2025-05-04,292.2,7.17,11.44,18.72,0.909,18.88
A0262,2025-05-05,292.2,6.68,11.62,20.05,0.909,20.24
A0262,2025-05-06,292.2,6.15,11.51,20.66,0.909,20.87
A0262,2025-05-07,292.2,7.6,13.5,23.57,0.909,23.79
A0262,2025-05-08,292.2,8.66,15.09,26.05,0.909,26.3
A0262,2025-05-09,292.2,8.76,15.86,27.98,0.909,28.25
A0262,2025-05-10,292.2,10.17,17.51,30.01,0.909,30.3
A0262,2025-05-11,292.2,6.06,10.05,16.85,0.909,17.0
A0262,2025-05-12,292.2,8.19,14.3,24.7,0.909,24.94
A0263,2025-04-29,4.9,28.36,42.73,64.95,0.556,45.81
A0263,2025-04-30,4.9,42.93,63.32,94.86,0.556,67.7
A0263,2025-05-01,4.9,26.74,38.89,57.69,0.556,41.5
A0263,2025-05-02,4.9,37.53,56.38,85.53,0.556,60.42
A0263,2025-05-03,4.9,38.03,57.4,87.35,0.556,61.56
A0263,2025-05-04,4.9,33.26,46.63,67.33,0.556,49.51
A0263,2025-05-05,4.9,27.37,40.59,61.04,0.556,43.43
A0263,2025-05-06,4.9,28.79,43.29,65.72,0.556,46.41
A0263,2025-05-07,4.9,31.29,47.82,73.4,0.556,51.37
A0263,2025-05-08,4.9,34.87,49.87,73.09,0.556,53.1
A0263,2025-05-09,4.9,36.57,55.48,84.73,0.556,59.54
A0263,2025-05-10,4.9,38.55,58.23,88.66,0.556,62.45
A0263,2025-05-11,4.9,24.45,36.41,54.92,0.556,38.98
A0263,2025-05-12,4.9,31.34,46.49,69.93,0.556,49.75
A0264,2025-04-29,31.3,5.74,11.66,20.27,0.909,20.47
A0264,2025-04-30,31.3,8.49,15.24,25.06,0.909,25.28
A0264,2025-05-01,31.3,5.72,10.65,17.83,0.909,17.99
A0264,2025-05-02,31.3,7.84,15.5,26.66,0.909,26.92
A0264,2025-05-03,31.3,8.02,14.83,24.74,0.909,24.97
A0264,2025-05-04,31.3,6.54,12.27,20.63,0.909,20.82
A0264,2025-05-05,31.3,5.51,11.35,19.87,0.909,20.06
A0264,2025-05-06,31.3,6.08,11.95,20.5,0.909,20.7
A0264,2025-05-07,31.3,6.48,13.1,22.76,0.909,22.98
A0264,2025-05-08,31.3,7.48,13.46,22.18,0.909,22.38
A0264,2025-05-09,31.3,8.3,15.58,26.18,0.909,26.42
A0264,2025-05-10,31.3,8.29,15.69,26.46,0.909,26.7
A0264,2025-05-11,31.3,4.85,10.72,19.29,0.909,19.48
A0264,2025-05-12,31.3,6.55,12.63,21.48,0.909,21.68
A0265,2025-04-29,33.5,0.25,7.48,22.86,0.909,23.21
A0265,2025-04-30,33.5,2.5,14.9,40.68,0.909,41.26
A0265,2025-05-01,33.5,1.06,9.01,26.58,0.909,26.98
A0265,2025-05-02,33.5,3.05,15.44,40.43,0.909,40.99
A0265,2025-05-03,33.5,3.55,16.91,43.11,0.909,43.71
A0265,2025-05-04,33.5,2.79,14.76,38.98,0.909,39.53
A0265,2025-05-05,33.5,2.7,13.9,36.35,0.909,36.86
A0265,2025-05-06,33.5,2.3,13.36,34.85,0.909,35.34
A0265,2025-05-07,33.5,4.43,18.59,45.51,0.909,46.12
A0265,2025-05-08,33.5,4.99,20.19,49.3,0.909,49.97
A0265,2025-05-09,33.5,5.67,22.41,53.56,0.909,54.27
A0265,2025-05-10,33.5,6.94,25.23,59.09,0.909,59.86
A0265,2025-05-11,33.5,3.47,15.01,37.85,0.909,38.37
A0265,2025-05-12,33.5,4.89,19.64,47.64,0.909,48.27
A0266,2025-04-29,27.4,18.76,24.08,32.25,0.909,32.43
A0266,2025-04-30,27.4,27.34,36.77,51.25,0.909,51.58
A0266,2025-05-01,27.4,16.85,24.25,35.6,0.909,35.86
A0266,2025-05-02,27.4,24.61,33.61,47.4,0.909,47.71
A0266,2025-05-03,27.4,24.45,32.52,44.9,0.909,45.18
A0266,2025-05-04,27.4,20.56,29.15,42.31,0.909,42.6
A0266,2025-05-05,27.4,18.89,25.58,35.84,0.909,36.08
A0266,2025-05-06,27.4,18.7,24.1,32.38,0.909,32.57
A0266,2025-05-07,27.4,21.6,28.19,38.29,0.909,38.52
A0266,2025-05-08,27.4,22.53,30.79,43.46,0.909,43.75
A0266,2025-05-09,27.4,24.05,33.36,47.64,0.909,47.97
A0266,2025-05-10,27.4,25.71,33.7,45.96,0.909,46.23
A0266,2025-05-11,27.4,17.53,24.41,34.96,0.909,35.2
A0266,2025-05-12,27.4,21.54,28.91,40.22,0.909,40.48
A0267,2025-04-29,348.7,8.3,15.08,25.64,0.909,25.88
A0267,2025-04-30,348.7,13.35,20.52,31.7,0.909,31.96
A0267,2025-05-01,348.7,7.7,15.4,27.41,0.909,27.68
A0267,2025-05-02,348.7,5.39,10.87,19.4,0.909,19.59
A0267,2025-05-03,348.7,6.06,12.0,21.25,0.909,21.46
A0267,2025-05-04,348.7,3.53,6.51,11.16,0.909,11.27
A0267,2025-05-05,348.7,3.64,8.1,15.04,0.909,15.2
A0267,2025-05-06,348.7,4.36,8.82,15.78,0.909,15.94
A0267,2025-05-07,348.7,4.98,9.68,17.02,0.909,17.18
A0267,2025-05-08,348.7,5.45,10.81,19.17,0.909,19.36
A0267,2025-05-09,348.7,6.5,12.61,22.14,0.909,22.35
A0267,2025-05-10,348.7,7.05,12.54,21.09,0.909,21.29
A0267,2025-05-11,348.7,3.76,6.96,11.94,0.909,12.06
A0267,2025-05-12,348.7,5.52,10.71,18.8,0.909,18.98
A0268,2025-04-29,312.7,3.59,7.58,14.4,0.909,14.55
A0268,2025-04-30,312.7,5.95,11.29,20.42,0.909,20.63
A0268,2025-05-01,312.7,3.55,7.24,13.55,0.909,13.69
A0268,2025-05-02,312.7,4.18,9.5,18.59,0.909,18.8
A0268,2025-05-03,312.7,5.04,10.02,18.53,0.909,18.72
A0268,2025-05-04,312.7,4.25,8.83,16.66,0.909,16.84
A0268,2025-05-05,312.7,4.0,8.51,16.2,0.909,16.38
A0268,2025-05-06,312.7,3.83,7.89,14.82,0.909,14.98
A0268,2025-05-07,312.7,4.56,9.37,17.59,0.909,17.78
A0268,2025-05-08,312.7,4.3,9.05,17.17,0.909,17.36
A0268,2025-05-09,312.7,4.34,9.73,18.94,0.909,19.15
A0268,2025-05-10,312.7,5.35,10.52,19.35,0.909,19.55
A0268,2025-05-11,312.7,3.49,8.19,16.21,0.909,16.39
A0268,2025-05-12,312.7,4.67,9.86,18.71,0.909,18.91
A0269,2025-04-29,324.9,8.45,12.9,20.64,0.909,20.82
A0269,2025-04-30,324.9,13.26,17.83,25.79,0.909,25.97
A0269,2025-05-01,324.9,8.78,11.91,17.37,0.909,17.5
A0269,2025-05-02,324.9,11.05,16.19,25.15,0.909,25.36
A0269,2025-05-03,324.9,11.22,15.76,23.66,0.909,23.84
A0269,2025-05-04,324.9,10.38,14.32,21.17,0.909,21.33
A0269,2025-05-05,324.9,8.72,12.0,17.73,0.909,17.86
A0269,2025-05-06,324.9,8.57,13.16,21.15,0.909,21.33
A0269,2025-05-07,324.9,9.72,13.93,21.27,0.909,21.44
A0269,2025-05-08,324.9,11.03,15.61,23.59,0.909,23.77
A0269,2025-05-09,324.9,11.11,16.52,25.94,0.909,26.16
A0269,2025-05-10,324.9,11.79,16.38,24.37,0.909,24.55
A0269,2025-05-11,324.9,7.95,12.15,19.46,0.909,19.62
A0269,2025-05-12,324.9,10.01,14.19,21.48,0.909,21.64
A0270,2025-04-29,33.7,13.83,21.11,33.26,0.909,33.54
A0270,2025-04-30,33.7,20.83,33.7,55.15,0.909,55.64
A0270,2025-05-01,33.7,12.55,19.27,30.47,0.909,30.73
A0270,2025-05-02,33.7,18.38,28.39,45.08,0.909,45.46
A0270,2025-05-03,33.7,18.52,28.74,45.79,0.909,46.17
A0270,2025-05-04,33.7,16.1,24.76,39.2,0.909,39.53
A0270,2025-05-05,33.7,13.9,21.86,35.14,0.909,35.44
A0270,2025-05-06,33.7,14.07,21.31,33.39,0.909,33.66
A0270,2025-05-07,33.7,16.21,25.85,41.92,0.909,42.28
A0270,2025-05-08,33.7,16.84,26.51,42.62,0.909,42.99
A0270,2025-05-09,33.7,18.07,27.53,43.3,0.909,43.66
A0270,2025-05-10,33.7,35.62,57.81,94.83,0.909,95.67
A0270,2025-05-11,33.7,22.1,36.95,61.71,0.909,62.27
A0270,2025-05-12,33.7,27.36,45.48,75.72,0.909,76.4
A0271,2025-04-29,28.0,15.46,24.1,38.81,0.909,39.14
A0271,2025-04-30,28.0,23.11,38.4,64.47,0.909,65.06
A0271,2025-05-01,28.0,14.76,21.59,33.23,0.909,33.49
A0271,2025-05-02,28.0,20.93,33.37,54.55,0.909,55.03
A0271,2025-05-03,28.0,20.6,33.21,54.72,0.909,55.2
A0271,2025-05-04,28.0,17.17,27.61,45.41,0.909,45.82
A0271,2025-05-05,28.0,10.88,16.29,25.51,0.909,25.72
A0271,2025-05-06,28.0,10.58,16.64,26.98,0.909,27.21
A0271,2025-05-07,28.0,13.08,20.5,33.13,0.909,33.42
A0271,2025-05-08,28.0,14.96,22.35,34.93,0.909,35.22
A0271,2025-05-09,28.0,15.96,23.54,36.45,0.909,36.75
A0271,2025-05-10,28.0,17.5,26.37,41.47,0.909,41.81
A0271,2025-05-11,28.0,12.02,17.57,27.03,0.909,27.24
A0271,2025-05-12,28.0,14.91,22.0,34.08,0.909,34.36
A0272,2025-04-29,6.6,26.54,38.88,58.4,0.556,41.59
A0272,2025-04-30,6.6,32.45,48.96,75.09,0.556,52.59
A0272,2025-05-01,6.6,22.72,33.45,50.43,0.556,35.8
A0272,2025-05-02,6.6,31.46,47.92,73.96,0.556,51.54
A0272,2025-05-03,6.6,31.52,47.57,72.98,0.556,51.1
A0272,2025-05-04,6.6,24.98,39.06,61.35,0.556,42.16
A0272,2025-05-05,6.6,24.37,36.94,56.84,0.556,39.7
A0272,2025-05-06,6.6,25.79,38.13,57.67,0.556,40.85
A0272,2025-05-07,6.6,27.94,40.74,61.0,0.556,43.55
A0272,2025-05-08,6.6,29.52,43.47,65.56,0.556,46.54
A0272,2025-05-09,6.6,30.66,47.06,73.0,0.556,50.66
A0272,2025-05-10,6.6,32.18,48.4,74.08,0.556,51.97
A0272,2025-05-11,6.6,23.94,35.92,54.89,0.556,38.55
A0272,2025-05-12,6.6,29.13,43.99,67.5,0.556,47.25
A0273,2025-04-29,428.9,14.35,22.21,32.47,0.909,32.7
A0273,2025-04-30,428.9,21.34,32.26,46.52,0.909,46.84
A0273,2025-05-01,428.9,14.15,22.38,33.14,0.909,33.39
A0273,2025-05-02,428.9,20.7,31.76,46.21,0.909,46.54
A0273,2025-05-03,428.9,20.54,31.68,46.22,0.909,46.55
A0273,2025-05-04,428.9,15.37,23.26,33.56,0.909,33.79
A0273,2025-05-05,428.9,14.46,22.67,33.4,0.909,33.65
A0273,2025-05-06,428.9,14.54,22.41,32.7,0.909,32.93
A0273,2025-05-07,428.9,16.08,24.98,36.6,0.909,36.87
A0273,2025-05-08,428.9,18.91,29.32,42.92,0.909,43.23
A0273,2025-05-09,428.9,21.19,32.33,46.87,0.909,47.2
A0273,2025-05-10,428.9,21.33,32.43,46.93,0.909,47.26
A0273,2025-05-11,428.9,11.99,18.87,27.86,0.909,28.07
A0273,2025-05-12,428.9,17.93,27.65,40.34,0.909,40.63
A0274,2025-04-29,437.8,15.54,23.79,36.31,0.909,36.6
A0274,2025-04-30,437.8,19.93,28.09,40.48,0.909,40.76
A0274,2025-05-01,437.8,16.68,25.73,39.47,0.909,39.78
A0274,2025-05-02,437.8,21.75,33.09,50.29,0.909,50.68
A0274,2025-05-03,437.8,21.73,33.34,50.95,0.909,51.35
A0274,2025-05-04,437.8,14.68,20.75,29.96,0.909,30.17
A0274,2025-05-05,437.8,15.59,24.14,37.12,0.909,37.42
A0274,2025-05-06,437.8,16.11,24.39,36.95,0.909,37.23
A0274,2025-05-07,437.8,16.95,25.56,38.63,0.909,38.92
A0274,2025-05-08,437.8,20.37,30.49,45.84,0.909,46.19
A0274,2025-05-09,437.8,22.87,34.27,51.57,0.909,51.97
A0274,2025-05-10,437.8,21.76,33.35,50.94,0.909,51.34
A0274,2025-05-11,437.8,12.4,18.82,28.57,0.909,28.79
A0274,2025-05-12,437.8,18.7,28.11,42.4,0.909,42.72
A0275,2025-04-29,8.3,80.7,107.42,155.78,0.556,114.14
A0275,2025-04-30,8.3,108.58,144.37,209.16,0.556,153.37
A0275,2025-05-01,8.3,72.23,95.98,138.97,0.556,101.95
A0275,2025-05-02,8.3,99.38,132.78,193.24,0.556,141.18
A0275,2025-05-03,8.3,99.7,133.9,195.82,0.556,142.5
A0275,2025-05-04,8.3,90.71,120.75,175.13,0.556,128.31
A0275,2025-05-05,8.3,71.81,95.6,138.65,0.556,101.58
A0275,2025-05-06,8.3,79.82,106.66,155.25,0.556,113.41
A0275,2025-05-07,8.3,87.04,115.26,166.35,0.556,122.35
A0275,2025-05-08,8.3,163.83,213.08,302.22,0.556,225.46
A0275,2025-05-09,8.3,145.93,193.28,278.98,0.556,205.18
A0275,2025-05-10,8.3,152.54,201.14,289.1,0.556,213.35
A0275,2025-05-11,8.3,107.98,143.26,207.13,0.556,152.13
A0275,2025-05-12,8.3,80.52,110.58,164.98,0.556,118.13
A0276,2025-04-29,296.5,15.1,25.63,41.09,0.909,41.44
A0276,2025-04-30,296.5,19.68,32.14,50.47,0.909,50.89
A0276,2025-05-01,296.5,13.84,24.18,39.38,0.909,39.73
A0276,2025-05-02,296.5,19.17,31.41,49.4,0.909,49.81
A0276,2025-05-03,296.5,8.95,16.49,27.58,0.909,27.84
A0276,2025-05-04,296.5,5.3,10.13,17.22,0.909,17.38
A0276,2025-05-05,296.5,6.76,12.4,20.69,0.909,20.88
A0276,2025-05-06,296.5,7.23,13.42,22.51,0.909,22.72
A0276,2025-05-07,296.5,7.97,14.17,23.29,0.909,23.5
A0276,2025-05-08,296.5,9.35,16.25,26.4,0.909,26.63
A0276,2025-05-09,296.5,10.53,18.15,29.34,0.909,29.59
A0276,2025-05-10,296.5,11.52,18.58,28.97,0.909,29.21
A0276,2025-05-11,296.5,6.99,11.28,17.59,0.909,17.73
A0276,2025-05-12,296.5,9.67,16.35,26.16,0.909,26.38
A0277,2025-04-29,5.5,35.88,57.14,91.89,0.556,61.97
A0277,2025-04-30,5.5,43.76,72.35,119.08,0.556,78.84
A0277,2025-05-01,5.5,30.45,52.44,88.39,0.556,57.44
A0277,2025-05-02,5.5,45.49,72.57,116.85,0.556,78.72
A0277,2025-05-03,5.5,47.1,74.61,119.57,0.556,80.85
A0277,2025-05-04,5.5,31.14,50.94,83.32,0.556,55.44
A0277,2025-05-05,5.5,33.96,56.86,94.28,0.556,62.06
A0277,2025-05-06,5.5,38.06,59.3,94.0,0.556,64.12
A0277,2025-05-07,5.5,39.73,64.8,105.79,0.556,70.5
A0277,2025-05-08,5.5,41.43,66.65,107.87,0.556,72.38
A0277,2025-05-09,5.5,46.44,73.67,118.16,0.556,79.85
A0277,2025-05-10,5.5,47.81,74.99,119.43,0.556,81.16
A0277,2025-05-11,5.5,29.3,47.16,76.35,0.556,51.22
A0277,2025-05-12,5.5,40.52,66.01,107.67,0.556,71.79
A0278,2025-04-29,3.5,6.81,24.93,55.11,0.556,29.12
A0278,2025-04-30,3.5,11.42,34.07,73.48,0.556,39.54
A0278,2025-05-01,3.5,6.42,23.89,52.96,0.556,27.93
A0278,2025-05-02,3.5,10.46,31.94,68.91,0.556,37.07
A0278,2025-05-03,3.5,11.25,33.01,70.82,0.556,38.26
A0278,2025-05-04,3.5,7.75,26.54,58.48,0.556,30.97
A0278,2025-05-05,3.5,7.27,25.28,55.64,0.556,29.5
A0278,2025-05-06,3.5,7.84,26.25,57.52,0.556,30.59
A0278,2025-05-07,3.5,69.21,158.64,334.33,0.556,183.04
A0278,2025-05-08,3.5,74.71,170.65,370.39,0.556,198.39
A0278,2025-05-09,3.5,80.98,183.03,405.15,0.556,213.88
A0278,2025-05-10,3.5,9.37,26.58,59.43,0.556,31.14
A0278,2025-05-11,3.5,4.38,17.88,41.78,0.556,21.2
A0278,2025-05-12,3.5,8.12,25.51,56.78,0.556,29.85
A0279,2025-04-29,407.1,5.93,11.0,19.31,0.909,19.5
A0279,2025-04-30,407.1,8.49,14.23,23.64,0.909,23.86
A0279,2025-05-01,407.1,6.56,11.62,19.92,0.909,20.11
A0279,2025-05-02,407.1,8.79,15.81,27.33,0.909,27.59
A0279,2025-05-03,407.1,8.68,15.66,27.11,0.909,27.37
A0279,2025-05-04,407.1,5.28,9.81,17.25,0.909,17.42
A0279,2025-05-05,407.1,6.33,11.22,19.22,0.909,19.41
A0279,2025-05-06,407.1,6.06,11.11,19.39,0.909,19.57
A0279,2025-05-07,407.1,7.34,12.66,21.4,0.909,21.6
A0279,2025-05-08,407.1,8.44,14.66,24.88,0.909,25.11
A0279,2025-05-09,407.1,9.22,16.17,27.57,0.909,27.82
A0279,2025-05-10,407.1,9.06,16.06,27.54,0.909,27.8
A0279,2025-05-11,407.1,5.44,9.62,16.47,0.909,16.62
A0279,2025-05-12,407.1,8.12,13.92,23.45,0.909,23.66
A0280,2025-04-29,32.4,14.08,21.67,34.31,0.909,34.59
A0280,2025-04-30,32.4,20.26,30.62,47.88,0.909,48.27
A0280,2025-05-01,32.4,13.08,18.75,28.18,0.909,28.4
A0280,2025-05-02,32.4,18.73,29.12,46.43,0.909,46.83
A0280,2025-05-03,32.4,19.08,29.6,47.12,0.909,47.51
A0280,2025-05-04,32.4,15.49,23.37,36.51,0.909,36.8
A0280,2025-05-05,32.4,14.1,21.1,32.75,0.909,33.01
A0280,2025-05-06,32.4,14.87,22.57,35.41,0.909,35.7
A0280,2025-05-07,32.4,15.98,26.03,42.78,0.909,43.16
A0280,2025-05-08,32.4,17.0,25.79,40.45,0.909,40.78
A0280,2025-05-09,32.4,19.7,29.97,47.09,0.909,47.48
A0280,2025-05-10,32.4,19.47,30.71,49.44,0.909,49.87
A0280,2025-05-11,32.4,11.84,20.28,34.34,0.909,34.66
A0280,2025-05-12,32.4,16.62,25.29,39.74,0.909,40.06
A0281,2025-04-29,351.7,83.62,116.25,173.11,0.909,174.4
A0281,2025-04-30,351.7,109.06,150.59,222.95,0.909,224.6
A0281,2025-05-01,351.7,76.26,106.55,159.34,0.909,160.54
A0281,2025-05-02,351.7,47.24,66.19,99.21,0.909,99.96
A0281,2025-05-03,351.7,50.32,68.4,99.91,0.909,100.62
A0281,2025-05-04,351.7,48.49,65.02,93.83,0.909,94.48
A0281,2025-05-05,351.7,42.27,58.75,87.45,0.909,88.1
A0281,2025-05-06,351.7,43.77,61.19,91.53,0.909,92.22
A0281,2025-05-07,351.7,47.65,65.43,96.41,0.909,97.12
A0281,2025-05-08,351.7,50.87,69.0,100.58,0.909,101.3
A0281,2025-05-09,351.7,52.31,71.44,104.78,0.909,105.54
A0281,2025-05-10,351.7,58.23,76.66,108.78,0.909,109.51
A0281,2025-05-11,351.7,45.02,60.22,86.7,0.909,87.3
A0281,2025-05-12,351.7,50.18,67.88,98.73,0.909,99.43
A0282,2025-04-29,4.8,2.82,18.47,43.48,0.556,21.94
A0282,2025-04-30,4.8,2.0,13.6,35.36,0.556,16.62
A0282,2025-05-01,4.8,0.73,10.07,27.49,0.556,12.49
A0282,2025-05-02,4.8,2.46,14.88,37.63,0.556,18.04
A0282,2025-05-03,4.8,3.24,16.56,40.75,0.556,19.92
A0282,2025-05-04,4.8,1.57,13.04,33.22,0.556,15.85
A0282,2025-05-05,4.8,2.0,13.92,34.8,0.556,16.82
A0282,2025-05-06,4.8,2.23,14.58,35.96,0.556,17.55
A0282,2025-05-07,4.8,3.12,16.56,39.81,0.556,19.79
A0282,2025-05-08,4.8,3.99,18.74,44.33,0.556,22.3
A0282,2025-05-09,4.8,5.15,21.16,49.21,0.556,25.06
A0282,2025-05-10,4.8,5.74,22.13,50.91,0.556,26.12
A0282,2025-05-11,4.8,2.3,14.35,35.15,0.556,17.24
A0282,2025-05-12,4.8,4.24,18.95,44.45,0.556,22.49
A0283,2025-04-29,27.3,30.28,74.03,150.48,0.909,152.22
A0283,2025-04-30,27.3,49.22,111.37,226.76,0.909,229.38
A0283,2025-05-01,27.3,29.78,70.5,144.2,0.909,145.88
A0283,2025-05-02,27.3,42.75,97.8,196.3,0.909,198.54
A0283,2025-05-03,27.3,42.1,96.23,193.05,0.909,195.25
A0283,2025-05-04,27.3,38.67,91.39,187.03,0.909,189.2
A0283,2025-05-05,27.3,31.71,74.77,152.18,0.909,153.94
A0283,2025-05-06,27.3,30.81,74.54,151.02,0.909,152.76
A0283,2025-05-07,27.3,36.32,84.16,169.49,0.909,171.43
A0283,2025-05-08,27.3,38.76,89.27,180.56,0.909,182.63
A0283,2025-05-09,27.3,40.85,93.9,189.11,0.909,191.27
A0283,2025-05-10,27.3,43.22,98.11,197.08,0.909,199.33
A0283,2025-05-11,27.3,28.96,70.41,143.37,0.909,145.03
A0283,2025-05-12,27.3,35.72,83.44,169.27,0.909,171.22
A0284,2025-04-29,400.0,86.89,111.17,150.63,0.909,151.53
A0284,2025-04-30,400.0,123.65,159.23,217.08,0.909,218.4
A0284,2025-05-01,400.0,77.36,97.71,130.78,0.909,131.53
A0284,2025-05-02,400.0,98.43,127.24,174.06,0.909,175.13
A0284,2025-05-03,400.0,99.9,129.73,178.22,0.909,179.32
A0284,2025-05-04,400.0,101.83,131.39,179.44,0.909,180.53
A0284,2025-05-05,400.0,81.68,104.58,141.8,0.909,142.65
A0284,2025-05-06,400.0,82.55,106.8,146.24,0.909,147.14
A0284,2025-05-07,400.0,88.29,114.21,156.33,0.909,157.29
A0284,2025-05-08,400.0,93.9,120.99,165.04,0.909,166.04
A0284,2025-05-09,400.0,93.08,120.72,165.64,0.909,166.66
A0284,2025-05-10,400.0,100.19,131.35,182.01,0.909,183.16
A0284,2025-05-11,400.0,78.87,102.56,141.06,0.909,141.94
A0284,2025-05-12,400.0,89.39,116.11,159.56,0.909,160.55
A0285,2025-04-29,145.7,16.07,24.87,38.82,0.909,39.14
A0285,2025-04-30,145.7,20.17,30.19,46.06,0.909,46.42
A0285,2025-05-01,145.7,13.87,21.31,33.1,0.909,33.37
A0285,2025-05-02,145.7,19.83,30.41,47.18,0.909,47.57
A0285,2025-05-03,145.7,18.81,30.42,48.83,0.909,49.25
A0285,2025-05-04,145.7,15.06,22.77,35.0,0.909,35.28
A0285,2025-05-05,145.7,14.8,22.39,34.42,0.909,34.69
A0285,2025-05-06,145.7,15.91,24.72,38.68,0.909,39.0
A0285,2025-05-07,145.7,17.3,27.02,42.43,0.909,42.78
A0285,2025-05-08,145.7,18.21,27.74,42.84,0.909,43.18
A0285,2025-05-09,145.7,51.09,75.41,113.98,0.909,114.86
A0285,2025-05-10,145.7,54.45,81.01,123.13,0.909,124.09
A0285,2025-05-11,145.7,33.9,51.25,78.77,0.909,79.4
A0285,2025-05-12,145.7,46.19,66.8,99.47,0.909,100.21
A0286,2025-04-29,298.3,6.08,11.62,20.1,0.909,20.3
A0286,2025-04-30,298.3,9.85,20.61,37.06,0.909,37.44
A0286,2025-05-01,298.3,5.87,10.34,17.17,0.909,17.33
A0286,2025-05-02,298.3,8.31,14.95,25.1,0.909,25.33
A0286,2025-05-03,298.3,7.99,14.3,23.95,0.909,24.17
A0286,2025-05-04,298.3,7.41,15.09,26.84,0.909,27.11
A0286,2025-05-05,298.3,6.35,11.32,18.93,0.909,19.11
A0286,2025-05-06,298.3,5.95,11.65,20.35,0.909,20.55
A0286,2025-05-07,298.3,7.62,14.3,24.51,0.909,24.74
A0286,2025-05-08,298.3,7.66,14.21,24.22,0.909,24.45
A0286,2025-05-09,298.3,8.03,14.59,24.64,0.909,24.87
A0286,2025-05-10,298.3,8.91,15.78,26.29,0.909,26.52
A0286,2025-05-11,298.3,6.59,12.95,22.68,0.909,22.9
A0286,2025-05-12,298.3,7.1,12.95,21.9,0.909,22.1
A0287,2025-04-29,6.0,45.83,59.03,82.9,0.556,62.35
A0287,2025-04-30,6.0,59.22,73.95,100.59,0.556,77.65
A0287,2025-05-01,6.0,42.15,53.67,74.5,0.556,56.57
A0287,2025-05-02,6.0,53.21,68.19,95.27,0.556,71.95
A0287,2025-05-03,6.0,55.23,70.69,98.66,0.556,74.58
A0287,2025-05-04,6.0,27.63,35.23,48.98,0.556,37.14
A0287,2025-05-05,6.0,24.44,32.01,45.7,0.556,33.91
A0287,2025-05-06,6.0,26.9,35.38,50.7,0.556,37.51
A0287,2025-05-07,6.0,28.78,36.68,50.97,0.556,38.66
A0287,2025-05-08,6.0,31.97,40.35,55.51,0.556,42.46
A0287,2025-05-09,6.0,33.7,43.49,61.18,0.556,45.95
A0287,2025-05-10,6.0,35.86,45.59,63.19,0.556,48.04
A0287,2025-05-11,6.0,27.88,34.89,47.57,0.556,36.65
A0287,2025-05-12,6.0,31.9,40.35,55.63,0.556,42.47
A0288,2025-04-29,4.5,8.7,14.01,23.03,0.556,15.26
A0288,2025-04-30,4.5,12.65,20.41,33.64,0.556,22.25
A0288,2025-05-01,4.5,8.76,13.46,21.48,0.556,14.58
A0288,2025-05-02,4.5,11.56,18.56,30.49,0.556,20.22
A0288,2025-05-03,4.5,11.32,17.92,29.15,0.556,19.48
A0288,2025-05-04,4.5,9.02,14.32,23.36,0.556,15.58
A0288,2025-05-05,4.5,8.45,13.71,22.67,0.556,14.95
A0288,2025-05-06,4.5,8.92,14.12,22.97,0.556,15.35
A0288,2025-05-07,4.5,34.92,57.26,95.28,0.556,62.54
A0288,2025-05-08,4.5,36.88,58.79,96.09,0.556,63.97
A0288,2025-05-09,4.5,42.65,69.17,114.32,0.556,75.44
A0288,2025-05-10,4.5,45.82,72.75,118.6,0.556,79.12
A0288,2025-05-11,4.5,24.34,40.14,67.04,0.556,43.88
A0288,2025-05-12,4.5,38.28,61.04,99.8,0.556,66.43
A0289,2025-04-29,28.5,13.88,23.76,39.69,0.909,40.05
A0289,2025-04-30,28.5,22.0,35.1,56.23,0.909,56.71
A0289,2025-05-01,28.5,13.97,23.49,38.84,0.909,39.19
A0289,2025-05-02,28.5,19.81,31.35,49.95,0.909,50.37
A0289,2025-05-03,28.5,19.48,31.63,51.21,0.909,51.66
A0289,2025-05-04,28.5,17.54,26.09,39.88,0.909,40.19
A0289,2025-05-05,28.5,14.5,24.91,41.69,0.909,42.07
A0289,2025-05-06,28.5,14.58,24.4,40.24,0.909,40.6
A0289,2025-05-07,28.5,25.19,42.24,69.72,0.909,70.34
A0289,2025-05-08,28.5,26.01,42.57,69.27,0.909,69.87
A0289,2025-05-09,28.5,29.34,42.38,63.42,0.909,63.9
A0289,2025-05-10,28.5,18.39,31.93,53.76,0.909,54.26
A0289,2025-05-11,28.5,13.14,22.08,36.49,0.909,36.82
A0289,2025-05-12,28.5,16.52,28.06,46.67,0.909,47.09
A0290,2025-04-29,6.3,216.69,288.92,376.9,0.556,301.14
A0290,2025-04-30,6.3,268.73,340.66,428.27,0.556,352.83
A0290,2025-05-01,6.3,193.83,249.2,316.63,0.556,258.56
A0290,2025-05-02,6.3,257.2,337.73,435.79,0.556,351.35
A0290,2025-05-03,6.3,251.58,328.3,421.73,0.556,341.27
A0290,2025-05-04,6.3,221.02,270.55,330.87,0.556,278.92
A0290,2025-05-05,6.3,197.63,256.98,329.26,0.556,267.02
A0290,2025-05-06,6.3,216.03,288.03,375.71,0.556,300.21
A0290,2025-05-07,6.3,215.03,282.65,364.99,0.556,294.08
A0290,2025-05-08,6.3,233.59,303.51,388.66,0.556,315.34
A0290,2025-05-09,6.3,255.65,335.56,432.88,0.556,349.07
A0290,2025-05-10,6.3,250.03,326.88,420.46,0.556,339.87
A0290,2025-05-11,6.3,178.01,224.42,280.94,0.556,232.27
A0290,2025-05-12,6.3,229.73,301.81,389.6,0.556,314.01
A0291,2025-04-29,331.9,40.45,60.46,91.47,0.909,92.17
A0291,2025-04-30,331.9,54.14,80.59,121.58,0.909,122.51
A0291,2025-05-01,331.9,37.71,56.4,85.34,0.909,86.0
A0291,2025-05-02,331.9,48.27,72.11,109.04,0.909,109.88
A0291,2025-05-03,331.9,49.06,72.54,108.91,0.909,109.74
A0291,2025-05-04,331.9,46.05,66.96,99.36,0.909,100.09
A0291,2025-05-05,331.9,39.39,58.69,88.6,0.909,89.28
A0291,2025-05-06,331.9,42.3,62.67,94.24,0.909,94.95
A0291,2025-05-07,331.9,43.7,65.27,98.68,0.909,99.44
A0291,2025-05-08,331.9,47.54,70.48,106.03,0.909,106.84
A0291,2025-05-09,331.9,48.51,72.63,109.99,0.909,110.84
A0291,2025-05-10,331.9,50.1,74.46,112.21,0.909,113.06
A0291,2025-05-11,331.9,39.46,59.3,90.05,0.909,90.75
A0291,2025-05-12,331.9,44.73,65.98,98.9,0.909,99.64
A0292,2025-04-29,11.9,19.95,32.53,50.63,0.909,51.04
A0292,2025-04-30,11.9,26.23,44.91,71.79,0.909,72.4
A0292,2025-05-01,11.9,17.89,30.56,48.78,0.909,49.19
A0292,2025-05-02,11.9,21.37,35.7,56.31,0.909,56.78
A0292,2025-05-03,11.9,23.85,39.04,60.9,0.909,61.39
A0292,2025-05-04,11.9,20.76,35.78,57.39,0.909,57.88
A0292,2025-05-05,11.9,18.33,31.75,51.06,0.909,51.5
A0292,2025-05-06,11.9,20.35,32.9,50.95,0.909,51.36
A0292,2025-05-07,11.9,21.61,36.03,56.79,0.909,57.26
A0292,2025-05-08,11.9,22.49,37.52,59.15,0.909,59.64
A0292,2025-05-09,11.9,21.62,35.8,56.21,0.909,56.67
A0292,2025-05-10,11.9,23.34,38.64,60.67,0.909,61.17
A0292,2025-05-11,11.9,17.68,30.22,48.27,0.909,48.68
A0292,2025-05-12,11.9,22.17,37.1,58.59,0.909,59.07
A0293,2025-04-29,366.1,75.87,102.76,147.46,0.909,148.48
A0293,2025-04-30,366.1,105.68,142.92,204.82,0.909,206.23
A0293,2025-05-01,366.1,113.55,149.71,209.83,0.909,211.19
A0293,2025-05-02,366.1,142.85,192.81,275.87,0.909,277.76
A0293,2025-05-03,366.1,144.3,196.17,282.42,0.909,284.38
A0293,2025-05-04,366.1,79.39,109.77,160.29,0.909,161.44
A0293,2025-05-05,366.1,62.0,84.8,122.72,0.909,123.58
A0293,2025-05-06,366.1,70.56,97.85,143.22,0.909,144.25
A0293,2025-05-07,366.1,73.78,101.1,146.53,0.909,147.56
A0293,2025-05-08,366.1,80.84,110.13,158.85,0.909,159.95
A0293,2025-05-09,366.1,84.6,114.57,164.4,0.909,165.53
A0293,2025-05-10,366.1,88.47,120.26,173.1,0.909,174.31
A0293,2025-05-11,366.1,69.88,96.26,140.12,0.909,141.12
A0293,2025-05-12,366.1,78.13,105.36,150.62,0.909,151.65
A0294,2025-04-29,303.7,13.89,20.51,33.12,0.909,33.41
A0294,2025-04-30,303.7,19.9,27.9,43.15,0.909,43.5
A0294,2025-05-01,303.7,13.06,19.24,31.02,0.909,31.29
A0294,2025-05-02,303.7,18.23,26.45,42.11,0.909,42.46
A0294,2025-05-03,303.7,18.72,27.66,44.71,0.909,45.1
A0294,2025-05-04,303.7,14.35,19.83,30.27,0.909,30.51
A0294,2025-05-05,303.7,13.99,20.28,32.27,0.909,32.54
A0294,2025-05-06,303.7,14.01,20.68,33.38,0.909,33.67
A0294,2025-05-07,303.7,15.17,22.54,36.59,0.909,36.9
A0294,2025-05-08,303.7,17.26,25.86,42.26,0.909,42.63
A0294,2025-05-09,303.7,18.7,27.06,42.99,0.909,43.35
A0294,2025-05-10,303.7,18.69,27.6,44.59,0.909,44.98
A0294,2025-05-11,303.7,10.98,16.3,26.43,0.909,26.66
A0294,2025-05-12,303.7,17.01,24.96,40.11,0.909,40.45
A0295,2025-04-29,5.9,5.76,11.29,19.66,0.556,12.45
A0295,2025-04-30,5.9,8.0,13.97,23.0,0.556,15.22
A0295,2025-05-01,5.9,5.12,9.74,16.73,0.556,10.71
A0295,2025-05-02,5.9,7.35,14.24,24.68,0.556,15.69
A0295,2025-05-03,5.9,7.04,13.36,22.92,0.556,14.69
A0295,2025-05-04,5.9,5.09,9.77,16.84,0.556,10.75
A0295,2025-05-05,5.9,5.21,10.17,17.66,0.556,11.21
A0295,2025-05-06,5.9,5.69,11.22,19.59,0.556,12.38
A0295,2025-05-07,5.9,6.34,12.03,20.63,0.556,13.22
A0295,2025-05-08,5.9,6.83,12.39,20.81,0.556,13.56
A0295,2025-05-09,5.9,7.72,14.7,25.26,0.556,16.16
A0295,2025-05-10,5.9,7.4,13.64,23.07,0.556,14.95
A0295,2025-05-11,5.9,4.76,9.25,16.05,0.556,10.2
A0295,2025-05-12,5.9,6.47,12.21,20.91,0.556,13.42
A0296,2025-04-29,33.8,0.0,6.02,20.1,0.909,20.42
A0296,2025-04-30,33.8,1.19,11.9,35.1,0.909,35.62
A0296,2025-05-01,33.8,0.66,8.07,24.77,0.909,25.15
A0296,2025-05-02,33.8,2.46,14.2,38.22,0.909,38.76
A0296,2025-05-03,33.8,3.14,15.87,41.2,0.909,41.77
A0296,2025-05-04,33.8,2.28,13.63,37.13,0.909,37.66
A0296,2025-05-05,33.8,2.61,13.6,35.92,0.909,36.43
A0296,2025-05-06,33.8,2.09,12.86,34.04,0.909,34.52
A0296,2025-05-07,33.8,4.37,18.39,45.36,0.909,45.97
A0296,2025-05-08,33.8,4.87,19.83,48.8,0.909,49.46
A0296,2025-05-09,33.8,5.56,22.19,53.37,0.909,54.08
A0296,2025-05-10,33.8,6.94,25.16,59.14,0.909,59.91
A0296,2025-05-11,33.8,3.39,14.89,37.84,0.909,38.36
A0296,2025-05-12,33.8,4.83,19.51,47.56,0.909,48.19
A0297,2025-04-29,307.5,18.06,30.25,48.93,0.909,49.36
A0297,2025-04-30,307.5,16.16,27.7,45.4,0.909,45.8
A0297,2025-05-01,307.5,21.29,37.35,61.98,0.909,62.54
A0297,2025-05-02,307.5,30.37,52.52,86.48,0.909,87.25
A0297,2025-05-03,307.5,32.94,58.17,96.87,0.909,97.74
A0297,2025-05-04,307.5,11.09,18.32,29.4,0.909,29.66
A0297,2025-05-05,307.5,13.02,21.57,34.69,0.909,34.99
A0297,2025-05-06,307.5,12.6,21.37,34.82,0.909,35.13
A0297,2025-05-07,307.5,15.12,24.39,38.59,0.909,38.92
A0297,2025-05-08,307.5,16.68,26.76,42.21,0.909,42.56
A0297,2025-05-09,307.5,18.03,30.17,48.79,0.909,49.21
A0297,2025-05-10,307.5,20.78,33.42,52.79,0.909,53.24
A0297,2025-05-11,307.5,13.83,19.32,27.75,0.909,27.94
A0297,2025-05-12,307.5,18.52,28.86,44.72,0.909,45.08
A0298,2025-04-29,6.6,9.16,15.06,23.84,0.556,16.28
A0298,2025-04-30,6.6,11.13,17.57,27.14,0.556,18.9
A0298,2025-05-01,6.6,9.89,18.12,30.36,0.556,19.82
A0298,2025-05-02,6.6,12.0,19.4,30.42,0.556,20.93
A0298,2025-05-03,6.6,12.29,21.43,35.02,0.556,23.31
A0298,2025-05-04,6.6,8.21,13.08,20.33,0.556,14.09
A0298,2025-05-05,6.6,9.92,17.9,29.76,0.556,19.54
A0298,2025-05-06,6.6,9.96,15.84,24.59,0.556,17.06
A0298,2025-05-07,6.6,10.57,17.03,26.65,0.556,18.37
A0298,2025-05-08,6.6,12.09,20.44,32.86,0.556,22.17
A0298,2025-05-09,6.6,12.92,20.17,30.96,0.556,21.67
A0298,2025-05-10,6.6,13.02,22.33,36.17,0.556,24.25
A0298,2025-05-11,6.6,7.88,12.75,19.99,0.556,13.76
A0298,2025-05-12,6.6,11.41,19.29,31.02,0.556,20.92
A0299,2025-04-29,7.7,3.37,17.34,41.21,0.556,20.65
A0299,2025-04-30,7.7,6.56,24.86,56.87,0.556,29.3
A0299,2025-05-01,7.7,3.61,17.51,41.56,0.556,20.85
A0299,2025-05-02,7.7,6.6,24.46,55.45,0.556,28.76
A0299,2025-05-03,7.7,7.12,25.16,56.6,0.556,29.53
A0299,2025-05-04,7.7,4.61,20.05,46.64,0.556,23.75
A0299,2025-05-05,7.7,4.52,19.27,44.8,0.556,22.82
A0299,2025-05-06,7.7,4.78,19.81,45.77,0.556,23.42
A0299,2025-05-07,7.7,5.91,21.99,49.98,0.556,25.88
A0299,2025-05-08,7.7,6.78,23.84,53.87,0.556,28.01
A0299,2025-05-09,7.7,8.03,26.28,58.64,0.556,30.77
A0299,2025-05-10,7.7,8.54,27.03,59.92,0.556,31.6
A0299,2025-05-11,7.7,4.05,17.68,41.44,0.556,20.98
A0299,2025-05-12,7.7,6.63,23.12,52.29,0.556,27.17
A0300,2025-04-29,6.3,24.51,38.79,60.53,0.556,41.81
A0300,2025-04-30,6.3,30.91,44.78,65.89,0.556,47.71
A0300,2025-05-01,6.3,22.23,36.38,57.93,0.556,39.37
A0300,2025-05-02,6.3,30.94,46.84,71.07,0.556,50.21
A0300,2025-05-03,6.3,30.07,46.19,70.73,0.556,49.6
A0300,2025-05-04,6.3,23.24,34.93,52.73,0.556,37.4
A0300,2025-05-05,6.3,23.2,36.56,56.89,0.556,39.38
A0300,2025-05-06,6.3,25.64,40.13,62.19,0.556,43.19
A0300,2025-05-07,6.3,26.51,39.5,59.28,0.556,42.24
A0300,2025-05-08,6.3,27.9,43.1,66.25,0.556,46.31
A0300,2025-05-09,6.3,31.96,48.33,73.26,0.556,51.79
A0300,2025-05-10,6.3,31.27,47.43,72.05,0.556,50.85
A0300,2025-05-11,6.3,21.48,33.33,51.38,0.556,35.84
A0300,2025-05-12,6.3,26.57,40.55,61.84,0.556,43.51
A0301,2025-04-29,24.7,6.8,12.32,21.22,0.909,21.43
A0301,2025-04-30,24.7,10.52,19.06,32.85,0.909,33.16
A0301,2025-05-01,24.7,6.74,12.72,22.36,0.909,22.58
A0301,2025-05-02,24.7,9.55,17.79,31.08,0.909,31.38
A0301,2025-05-03,24.7,9.78,17.72,30.52,0.909,30.81
A0301,2025-05-04,24.7,8.08,14.53,24.93,0.909,25.17
A0301,2025-05-05,24.7,7.39,13.99,24.64,0.909,24.88
A0301,2025-05-06,24.7,6.75,12.4,21.51,0.909,21.72
A0301,2025-05-07,24.7,8.23,16.43,29.66,0.909,29.96
A0301,2025-05-08,24.7,8.95,16.44,28.51,0.909,28.78
A0301,2025-05-09,24.7,9.29,17.0,29.45,0.909,29.73
A0301,2025-05-10,24.7,10.51,19.5,34.0,0.909,34.33
A0301,2025-05-11,24.7,6.85,13.84,25.11,0.909,25.37
A0301,2025-05-12,24.7,8.58,15.26,26.02,0.909,26.27
A0302,2025-04-29,10.1,50.87,70.69,102.73,0.909,103.46
A0302,2025-04-30,10.1,65.61,92.98,137.19,0.909,138.2
A0302,2025-05-01,10.1,46.6,63.52,90.86,0.909,91.49
A0302,2025-05-02,10.1,57.45,79.67,115.57,0.909,116.39
A0302,2025-05-03,10.1,56.32,77.93,112.85,0.909,113.64
A0302,2025-05-04,10.1,54.72,77.1,113.25,0.909,114.08
A0302,2025-05-05,10.1,47.61,65.41,94.16,0.909,94.81
A0302,2025-05-06,10.1,49.21,68.83,100.52,0.909,101.24
A0302,2025-05-07,10.1,50.35,71.45,105.55,0.909,106.32
A0302,2025-05-08,10.1,56.12,78.27,114.04,0.909,114.86
A0302,2025-05-09,10.1,56.15,77.87,112.98,0.909,113.78
A0302,2025-05-10,10.1,56.46,78.08,113.0,0.909,113.79
A0302,2025-05-11,10.1,45.76,63.76,92.85,0.909,93.51
A0302,2025-05-12,10.1,53.55,74.87,109.32,0.909,110.1
A0303,2025-04-29,369.7,12.05,19.16,30.96,0.909,31.22
A0303,2025-04-30,369.7,20.36,32.07,51.52,0.909,51.97
A0303,2025-05-01,369.7,11.65,18.32,29.38,0.909,29.63
A0303,2025-05-02,369.7,16.93,26.62,42.71,0.909,43.08
A0303,2025-05-03,369.7,16.93,27.08,43.94,0.909,44.32
A0303,2025-05-04,369.7,16.6,25.11,39.25,0.909,39.57
A0303,2025-05-05,369.7,13.72,21.32,33.94,0.909,34.23
A0303,2025-05-06,369.7,13.1,20.36,32.41,0.909,32.68
A0303,2025-05-07,369.7,16.03,25.75,41.88,0.909,42.25
A0303,2025-05-08,369.7,16.86,26.39,42.21,0.909,42.57
A0303,2025-05-09,369.7,17.29,26.76,42.46,0.909,42.82
A0303,2025-05-10,369.7,18.92,29.83,47.95,0.909,48.36
A0303,2025-05-11,369.7,14.14,22.26,35.75,0.909,36.05
A0303,2025-05-12,369.7,16.17,25.1,39.9,0.909,40.24
A0304,2025-04-29,9.7,38.45,53.01,75.18,0.556,56.09
A0304,2025-04-30,9.7,53.42,74.81,107.38,0.556,79.34
A0304,2025-05-01,9.7,33.53,45.88,64.67,0.556,48.49
A0304,2025-05-02,9.7,43.89,61.43,88.13,0.556,65.14
A0304,2025-05-03,9.7,45.6,63.61,91.04,0.556,67.42
A0304,2025-05-04,9.7,42.94,60.0,85.98,0.556,63.61
A0304,2025-05-05,9.7,36.63,50.66,72.02,0.556,53.63
A0304,2025-05-06,9.7,38.29,52.93,75.23,0.556,56.03
A0304,2025-05-07,9.7,41.94,59.58,86.43,0.556,63.31
A0304,2025-05-08,9.7,42.73,59.64,85.39,0.556,63.22
A0304,2025-05-09,9.7,43.97,61.77,88.86,0.556,65.53
A0304,2025-05-10,9.7,45.62,63.57,90.89,0.556,67.36
A0304,2025-05-11,9.7,35.38,50.61,73.79,0.556,53.83
A0304,2025-05-12,9.7,43.63,61.18,87.9,0.556,64.89
A0305,2025-04-29,384.1,6.13,10.21,17.04,0.909,17.2
A0305,2025-04-30,384.1,8.78,13.32,20.91,0.909,21.09
A0305,2025-05-01,384.1,5.93,9.5,15.47,0.909,15.61
A0305,2025-05-02,384.1,8.67,14.46,24.15,0.909,24.37
A0305,2025-05-03,384.1,9.22,14.79,24.11,0.909,24.32
A0305,2025-05-04,384.1,5.95,10.1,17.04,0.909,17.2
A0305,2025-05-05,384.1,5.73,9.24,15.11,0.909,15.25
A0305,2025-05-06,384.1,6.52,10.74,17.82,0.909,17.98
A0305,2025-05-07,384.1,6.35,9.65,15.16,0.909,15.29
A0305,2025-05-08,384.1,8.42,13.04,20.78,0.909,20.96
A0305,2025-05-09,384.1,9.54,16.01,26.85,0.909,27.1
A0305,2025-05-10,384.1,9.55,14.88,23.8,0.909,24.01
A0305,2025-05-11,384.1,5.19,8.86,15.01,0.909,15.15
A0305,2025-05-12,384.1,7.84,12.46,20.19,0.909,20.36
A0306,2025-04-29,6.8,88.83,128.55,192.52,0.556,137.43
A0306,2025-04-30,6.8,117.6,167.91,248.96,0.556,179.17
A0306,2025-05-01,6.8,82.27,119.99,180.76,0.556,128.43
A0306,2025-05-02,6.8,105.1,153.32,230.99,0.556,164.11
A0306,2025-05-03,6.8,101.85,147.35,220.65,0.556,157.53
A0306,2025-05-04,6.8,95.15,134.19,197.09,0.556,142.93
A0306,2025-05-05,6.8,85.75,123.72,184.88,0.556,132.21
A0306,2025-05-06,6.8,85.47,125.77,190.69,0.556,134.79
A0306,2025-05-07,6.8,89.78,128.18,190.03,0.556,136.77
A0306,2025-05-08,6.8,96.8,138.69,206.17,0.556,148.06
A0306,2025-05-09,6.8,101.86,151.42,231.27,0.556,162.51
A0306,2025-05-10,6.8,102.96,148.61,222.15,0.556,158.82
A0306,2025-05-11,6.8,79.64,114.04,169.45,0.556,121.73
A0306,2025-05-12,6.8,94.59,135.29,200.87,0.556,144.4
A0307,2025-04-29,34.7,12.6,18.64,28.3,0.909,28.51
A0307,2025-04-30,34.7,18.91,29.29,45.88,0.909,46.26
A0307,2025-05-01,34.7,11.45,17.79,27.92,0.909,28.15
A0307,2025-05-02,34.7,17.21,24.97,37.38,0.909,37.66
A0307,2025-05-03,34.7,16.55,24.62,37.54,0.909,37.83
A0307,2025-05-04,34.7,14.27,22.01,34.39,0.909,34.67
A0307,2025-05-05,34.7,12.45,18.81,29.0,0.909,29.23
A0307,2025-05-06,34.7,12.93,18.96,28.61,0.909,28.83
A0307,2025-05-07,34.7,14.62,22.02,33.85,0.909,34.12
A0307,2025-05-08,34.7,15.27,22.89,35.06,0.909,35.34
A0307,2025-05-09,34.7,17.06,24.43,36.21,0.909,36.48
A0307,2025-05-10,34.7,17.41,25.99,39.72,0.909,40.03
A0307,2025-05-11,34.7,11.66,17.86,27.79,0.909,28.01
A0307,2025-05-12,34.7,14.24,21.03,31.88,0.909,32.13
A0308,2025-04-29,199.5,13.05,19.03,28.92,0.909,29.15
A0308,2025-04-30,199.5,20.38,30.42,47.0,0.909,47.38
A0308,2025-05-01,199.5,12.92,19.94,31.51,0.909,31.77
A0308,2025-05-02,199.5,16.68,24.6,37.68,0.909,37.97
A0308,2025-05-03,199.5,17.58,25.36,38.22,0.909,38.51
A0308,2025-05-04,199.5,15.28,22.09,33.33,0.909,33.58
A0308,2025-05-05,199.5,12.82,19.11,29.5,0.909,29.73
A0308,2025-05-06,199.5,13.33,19.38,29.37,0.909,29.6
A0308,2025-05-07,199.5,15.08,22.29,34.17,0.909,34.44
A0308,2025-05-08,199.5,16.43,24.36,37.44,0.909,37.74
A0308,2025-05-09,199.5,17.05,25.17,38.57,0.909,38.88
A0308,2025-05-10,199.5,17.73,25.45,38.19,0.909,38.48
A0308,2025-05-11,199.5,11.75,17.38,26.69,0.909,26.91
A0308,2025-05-12,199.5,15.06,21.95,33.33,0.909,33.59
A0309,2025-04-29,24.6,30.32,42.64,64.09,0.909,64.57
A0309,2025-04-30,24.6,45.46,67.37,105.49,0.909,106.36
A0309,2025-05-01,24.6,26.69,37.29,55.73,0.909,56.15
A0309,2025-05-02,24.6,39.06,54.63,81.72,0.909,82.34
A0309,2025-05-03,24.6,37.99,54.67,83.68,0.909,84.34
A0309,2025-05-04,24.6,35.43,52.09,81.07,0.909,81.73
A0309,2025-05-05,24.6,29.93,43.68,67.61,0.909,68.15
A0309,2025-05-06,24.6,30.34,42.59,63.91,0.909,64.4
A0309,2025-05-07,24.6,34.37,49.01,74.47,0.909,75.05
A0309,2025-05-08,24.6,35.72,50.5,76.22,0.909,76.81
A0309,2025-05-09,24.6,38.77,53.27,78.52,0.909,79.09
A0309,2025-05-10,24.6,38.6,57.15,89.43,0.909,90.16
A0309,2025-05-11,24.6,27.24,40.57,63.75,0.909,64.28
A0309,2025-05-12,24.6,33.91,49.29,76.05,0.909,76.66
A0310,2025-04-29,323.7,8.3,34.34,77.42,0.909,78.4
A0310,2025-04-30,323.7,21.52,43.44,79.7,0.909,80.52
A0310,2025-05-01,323.7,7.28,35.45,82.04,0.909,83.09
A0310,2025-05-02,323.7,24.05,40.68,68.2,0.909,68.82
A0310,2025-05-03,323.7,18.53,43.32,84.32,0.909,85.25
A0310,2025-05-04,323.7,23.65,37.84,61.3,0.909,61.84
A0310,2025-05-05,323.7,16.54,38.53,74.89,0.909,75.72
A0310,2025-05-06,323.7,12.45,38.56,81.74,0.909,82.72
A0310,2025-05-07,323.7,18.94,40.55,76.3,0.909,77.11
A0310,2025-05-08,323.7,16.56,46.06,94.85,0.909,95.96
A0310,2025-05-09,323.7,26.64,42.98,69.99,0.909,70.6
A0310,2025-05-10,323.7,21.98,49.22,94.28,0.909,95.31
A0310,2025-05-11,323.7,20.82,36.03,61.18,0.909,61.76
A0310,2025-05-12,323.7,20.12,40.91,75.29,0.909,76.07
A0311,2025-04-29,11.5,11.54,19.26,30.46,0.909,30.71
A0311,2025-04-30,11.5,16.38,27.38,43.37,0.909,43.74
A0311,2025-05-01,11.5,9.38,16.32,26.38,0.909,26.61
A0311,2025-05-02,11.5,12.43,20.75,32.85,0.909,33.13
A0311,2025-05-03,11.5,13.63,22.98,36.57,0.909,36.88
A0311,2025-05-04,11.5,11.99,20.85,33.71,0.909,34.01
A0311,2025-05-05,11.5,9.93,17.03,27.33,0.909,27.56
A0311,2025-05-06,11.5,11.16,18.87,30.06,0.909,30.32
A0311,2025-05-07,11.5,12.21,20.84,33.38,0.909,33.66
A0311,2025-05-08,11.5,12.46,21.14,33.76,0.909,34.05
A0311,2025-05-09,11.5,12.28,20.62,32.73,0.909,33.0
A0311,2025-05-10,11.5,13.75,23.07,36.6,0.909,36.91
A0311,2025-05-11,11.5,9.77,17.26,28.15,0.909,28.4
A0311,2025-05-12,11.5,12.47,20.74,32.77,0.909,33.04
A0312,2025-04-29,35.3,28.72,43.58,67.7,0.909,68.25
A0312,2025-04-30,35.3,40.08,65.28,106.19,0.909,107.12
A0312,2025-05-01,35.3,26.74,39.95,61.38,0.909,61.87
A0312,2025-05-02,35.3,37.9,59.33,94.11,0.909,94.9
A0312,2025-05-03,35.3,36.6,58.01,92.76,0.909,93.55
A0312,2025-05-04,35.3,31.91,50.09,79.6,0.909,80.27
A0312,2025-05-05,35.3,28.49,43.47,67.78,0.909,68.34
A0312,2025-05-06,35.3,29.08,44.0,68.21,0.909,68.76
A0312,2025-05-07,35.3,32.72,51.61,82.26,0.909,82.96
A0312,2025-05-08,35.3,34.93,54.26,85.64,0.909,86.35
A0312,2025-05-09,35.3,37.88,57.91,90.41,0.909,91.15
A0312,2025-05-10,35.3,38.12,61.82,100.29,0.909,101.16
A0312,2025-05-11,35.3,27.39,43.08,68.53,0.909,69.11
A0312,2025-05-12,35.3,33.3,50.47,78.34,0.909,78.98
A0313,2025-04-29,13.3,22.17,32.47,48.92,0.909,49.3
A0313,2025-04-30,13.3,36.0,50.12,72.67,0.909,73.18
A0313,2025-05-01,13.3,19.77,28.36,42.09,0.909,42.4
A0313,2025-05-02,13.3,26.83,39.27,59.16,0.909,59.62
A0313,2025-05-03,13.3,26.77,38.5,57.24,0.909,57.67
A0313,2025-05-04,13.3,29.97,42.13,61.56,0.909,62.0
A0313,2025-05-05,13.3,21.81,31.2,46.21,0.909,46.55
A0313,2025-05-06,13.3,22.08,32.33,48.7,0.909,49.07
A0313,2025-05-07,13.3,23.82,33.97,50.2,0.909,50.56
A0313,2025-05-08,13.3,25.93,37.21,55.24,0.909,55.65
A0313,2025-05-09,13.3,26.4,38.73,58.44,0.909,58.88
A0313,2025-05-10,13.3,27.4,39.11,57.82,0.909,58.24
A0313,2025-05-11,13.3,21.75,31.17,46.23,0.909,46.57
A0313,2025-05-12,13.3,26.25,37.66,55.88,0.909,56.3
A0314,2025-04-29,6.0,22.33,33.71,50.73,0.556,36.08
A0314,2025-04-30,6.0,29.27,43.31,64.3,0.556,46.23
A0314,2025-05-01,6.0,19.94,29.54,43.89,0.556,31.53
A0314,2025-05-02,6.0,27.51,41.04,61.28,0.556,43.85
A0314,2025-05-03,6.0,27.58,40.8,60.55,0.556,43.54
A0314,2025-05-04,6.0,22.68,33.78,50.38,0.556,36.09
A0314,2025-05-05,6.0,21.44,32.21,48.32,0.556,34.45
A0314,2025-05-06,6.0,23.49,34.82,51.75,0.556,37.17
A0314,2025-05-07,6.0,24.43,36.15,53.68,0.556,38.59
A0314,2025-05-08,6.0,25.65,37.13,54.28,0.556,39.51
A0314,2025-05-09,6.0,28.81,42.15,62.08,0.556,44.92
A0314,2025-05-10,6.0,28.12,41.42,61.29,0.556,44.18
A0314,2025-05-11,6.0,20.05,29.64,43.98,0.556,31.63
A0314,2025-05-12,6.0,25.79,37.93,56.08,0.556,40.45
A0315,2025-04-29,2.6,42.61,61.86,90.87,0.556,65.89
A0315,2025-04-30,2.6,49.37,77.04,118.74,0.556,82.83
A0315,2025-05-01,2.6,34.14,49.46,72.55,0.556,52.67
A0315,2025-05-02,2.6,46.67,67.97,100.07,0.556,72.43
A0315,2025-05-03,2.6,47.75,71.06,106.19,0.556,75.94
A0315,2025-05-04,2.6,37.78,54.93,80.77,0.556,58.52
A0315,2025-05-05,2.6,37.35,51.74,73.43,0.556,54.75
A0315,2025-05-06,2.6,43.23,62.49,91.52,0.556,66.52
A0315,2025-05-07,2.6,42.32,61.66,90.81,0.556,65.71
A0315,2025-05-08,2.6,45.44,67.4,100.5,0.556,72.0
A0315,2025-05-09,2.6,47.36,68.75,100.99,0.556,73.23
A0315,2025-05-10,2.6,48.34,71.46,106.3,0.556,76.3
A0315,2025-05-11,2.6,31.55,45.14,65.61,0.556,47.98
A0315,2025-05-12,2.6,44.79,63.06,90.59,0.556,66.88
A0316,2025-04-29,5.2,22.37,33.85,52.26,0.556,36.4
A0316,2025-04-30,5.2,34.97,53.43,83.04,0.556,57.54
A0316,2025-05-01,5.2,19.31,29.22,45.11,0.556,31.42
A0316,2025-05-02,5.2,29.21,45.37,71.3,0.556,48.97
A0316,2025-05-03,5.2,30.64,46.43,71.76,0.556,49.95
A0316,2025-05-04,5.2,24.61,36.6,55.83,0.556,39.27
A0316,2025-05-05,5.2,21.77,32.47,49.64,0.556,34.86
A0316,2025-05-06,5.2,39.24,60.19,93.79,0.556,64.86
A0316,2025-05-07,5.2,43.21,68.56,109.22,0.556,74.2
A0316,2025-05-08,5.2,43.22,68.06,107.91,0.556,73.6
A0316,2025-05-09,5.2,48.04,77.32,124.28,0.556,83.84
A0316,2025-05-10,5.2,27.93,43.83,69.34,0.556,47.38
A0316,2025-05-11,5.2,17.2,26.99,42.7,0.556,29.18
A0316,2025-05-12,5.2,24.73,37.96,59.18,0.556,40.91
A0317,2025-04-29,5.6,165.2,220.04,298.29,0.556,230.91
A0317,2025-04-30,5.6,230.96,302.21,403.9,0.556,316.34
A0317,2025-05-01,5.6,144.58,191.76,259.09,0.556,201.11
A0317,2025-05-02,5.6,190.81,256.48,350.2,0.556,269.5
A0317,2025-05-03,5.6,192.12,258.83,354.02,0.556,272.05
A0317,2025-05-04,5.6,188.53,248.22,333.39,0.556,260.05
A0317,2025-05-05,5.6,159.55,214.51,292.95,0.556,225.41
A0317,2025-05-06,5.6,158.85,213.29,290.97,0.556,224.08
A0317,2025-05-07,5.6,167.32,222.63,301.57,0.556,233.6
A0317,2025-05-08,5.6,175.64,234.84,319.31,0.556,246.57
A0317,2025-05-09,5.6,183.56,247.66,339.14,0.556,260.37
A0317,2025-05-10,5.6,193.55,260.9,357.0,0.556,274.24
A0317,2025-05-11,5.6,144.65,191.92,259.38,0.556,201.29
A0317,2025-05-12,5.6,177.42,242.72,335.91,0.556,255.67
A0318,2025-04-29,4.7,16.13,24.91,37.94,0.556,26.72
A0318,2025-04-30,4.7,21.45,33.67,51.81,0.556,36.19
A0318,2025-05-01,4.7,15.27,22.93,34.3,0.556,24.51
A0318,2025-05-02,4.7,20.81,31.83,48.17,0.556,34.1
A0318,2025-05-03,4.7,21.16,32.7,49.82,0.556,35.08
A0318,2025-05-04,4.7,15.63,24.36,37.32,0.556,26.16
A0318,2025-05-05,4.7,15.46,23.79,36.15,0.556,25.51
A0318,2025-05-06,4.7,16.38,25.13,38.12,0.556,26.94
A0318,2025-05-07,4.7,54.89,83.96,127.09,0.556,89.95
A0318,2025-05-08,4.7,56.91,85.83,128.73,0.556,91.78
A0318,2025-05-09,4.7,64.76,98.6,148.81,0.556,105.58
A0318,2025-05-10,4.7,69.53,105.75,159.51,0.556,113.22
A0318,2025-05-11,4.7,11.8,18.95,29.57,0.556,20.43
A0318,2025-05-12,4.7,15.47,24.92,38.94,0.556,26.86
A0319,2025-04-29,7.1,95.69,131.66,194.03,0.556,140.32
A0319,2025-04-30,7.1,147.4,201.83,296.21,0.556,214.94
A0319,2025-05-01,7.1,90.11,126.99,190.93,0.556,135.87
A0319,2025-05-02,7.1,119.07,167.21,250.69,0.556,178.81
A0319,2025-05-03,7.1,118.28,164.02,243.33,0.556,175.04
A0319,2025-05-04,7.1,117.03,161.92,239.75,0.556,172.73
A0319,2025-05-05,7.1,94.61,132.28,197.6,0.556,141.35
A0319,2025-05-06,7.1,94.78,130.96,193.68,0.556,139.67
A0319,2025-05-07,7.1,99.7,137.64,203.4,0.556,146.77
A0319,2025-05-08,7.1,111.2,153.58,227.05,0.556,163.78
A0319,2025-05-09,7.1,119.85,167.18,249.24,0.556,178.58
A0319,2025-05-10,7.1,120.5,167.08,247.84,0.556,178.29
A0319,2025-05-11,7.1,85.72,119.53,178.14,0.556,127.67
A0319,2025-05-12,7.1,111.25,152.6,224.27,0.556,162.55
A0320,2025-04-29,339.6,6.98,12.27,21.47,0.909,21.68
A0320,2025-04-30,339.6,11.8,19.61,33.18,0.909,33.49
A0320,2025-05-01,339.6,7.24,12.09,20.51,0.909,20.7
A0320,2025-05-02,339.6,10.19,17.75,30.89,0.909,31.19
A0320,2025-05-03,339.6,10.81,18.54,31.96,0.909,32.26
A0320,2025-05-04,339.6,8.22,13.49,22.63,0.909,22.84
A0320,2025-05-05,339.6,7.39,12.54,21.48,0.909,21.68
A0320,2025-05-06,339.6,6.9,12.23,21.49,0.909,21.7
A0320,2025-05-07,339.6,8.38,14.57,25.31,0.909,25.55
A0320,2025-05-08,339.6,9.84,16.75,28.77,0.909,29.04
A0320,2025-05-09,339.6,10.11,17.82,31.21,0.909,31.52
A0320,2025-05-10,339.6,11.17,18.84,32.17,0.909,32.47
A0320,2025-05-11,339.6,6.64,11.23,19.21,0.909,19.39
A0320,2025-05-12,339.6,9.11,15.73,27.24,0.909,27.51
A0321,2025-04-29,3.0,24.97,61.6,124.79,0.556,70.38
A0321,2025-04-30,3.0,35.72,81.49,162.96,0.556,92.8
A0321,2025-05-01,3.0,23.03,57.99,117.26,0.556,66.22
A0321,2025-05-02,3.0,32.65,75.43,150.62,0.556,85.88
A0321,2025-05-03,3.0,34.23,77.52,154.2,0.556,88.17
A0321,2025-05-04,3.0,26.87,65.51,132.21,0.556,74.77
A0321,2025-05-05,3.0,24.79,61.02,122.99,0.556,69.63
A0321,2025-05-06,3.0,26.57,63.92,128.45,0.556,72.88
A0321,2025-05-07,3.0,28.62,67.23,134.42,0.556,76.56
A0321,2025-05-08,3.0,31.26,72.76,145.42,0.556,82.85
A0321,2025-05-09,3.0,33.51,76.56,152.71,0.556,87.13
A0321,2025-05-10,3.0,34.81,78.4,155.81,0.556,89.15
A0321,2025-05-11,3.0,21.36,54.8,111.27,0.556,62.64
A0321,2025-05-12,3.0,30.44,71.07,142.1,0.556,80.93
A0322,2025-04-29,170.7,37.22,57.43,87.41,0.909,88.09
A0322,2025-04-30,170.7,54.07,73.76,102.96,0.909,103.63
A0322,2025-05-01,170.7,17.51,28.44,44.65,0.909,45.02
A0322,2025-05-02,170.7,24.25,37.08,56.11,0.909,56.54
A0322,2025-05-03,170.7,28.13,42.18,63.02,0.909,63.5
A0322,2025-05-04,170.7,26.42,35.24,48.33,0.909,48.63
A0322,2025-05-05,170.7,21.71,32.64,48.86,0.909,49.23
A0322,2025-05-06,170.7,23.44,35.21,52.66,0.909,53.05
A0322,2025-05-07,170.7,25.31,37.16,54.75,0.909,55.15
A0322,2025-05-08,170.7,26.24,38.34,56.28,0.909,56.69
A0322,2025-05-09,170.7,27.94,40.87,60.05,0.909,60.49
A0322,2025-05-10,170.7,31.23,45.25,66.04,0.909,66.51
A0322,2025-05-11,170.7,19.85,29.01,42.6,0.909,42.91
A0322,2025-05-12,170.7,26.1,37.89,55.37,0.909,55.76
A0323,2025-04-29,26.4,5.9,10.13,17.03,0.909,17.19
A0323,2025-04-30,26.4,9.7,14.38,22.03,0.909,22.21
A0323,2025-05-01,26.4,5.72,10.08,17.2,0.909,17.36
A0323,2025-05-02,26.4,8.17,14.1,23.78,0.909,24.0
A0323,2025-05-03,26.4,8.4,14.17,23.6,0.909,23.81
A0323,2025-05-04,26.4,6.99,10.73,16.82,0.909,16.96
A0323,2025-05-05,26.4,6.25,11.75,20.73,0.909,20.94
A0323,2025-05-06,26.4,5.84,10.12,17.1,0.909,17.26
A0323,2025-05-07,26.4,7.6,14.0,24.46,0.909,24.7
A0323,2025-05-08,26.4,7.73,13.27,22.31,0.909,22.52
A0323,2025-05-09,26.4,7.92,13.64,22.97,0.909,23.18
A0323,2025-05-10,26.4,9.0,15.41,25.86,0.909,26.1
A0323,2025-05-11,26.4,5.97,10.98,19.16,0.909,19.35
A0323,2025-05-12,26.4,7.26,13.03,22.44,0.909,22.66
A0324,2025-04-29,24.4,23.93,46.11,82.81,0.909,83.64
A0324,2025-04-30,24.4,32.57,74.04,142.62,0.909,144.17
A0324,2025-05-01,24.4,9.13,16.51,28.7,0.909,28.98
A0324,2025-05-02,24.4,13.5,24.0,41.37,0.909,41.76
A0324,2025-05-03,24.4,12.95,23.86,41.9,0.909,42.31
A0324,2025-05-04,24.4,12.91,22.75,39.04,0.909,39.41
A0324,2025-05-05,24.4,12.0,19.76,32.61,0.909,32.9
A0324,2025-05-06,24.4,10.8,17.73,29.2,0.909,29.46
A0324,2025-05-07,24.4,13.25,23.37,40.1,0.909,40.48
A0324,2025-05-08,24.4,14.17,24.77,42.31,0.909,42.71
A0324,2025-05-09,24.4,15.91,25.77,42.07,0.909,42.44
A0324,2025-05-10,24.4,16.22,28.51,48.84,0.909,49.3
A0324,2025-05-11,24.4,11.68,21.18,36.9,0.909,37.26
A0324,2025-05-12,24.4,13.78,22.6,37.17,0.909,37.5
A0325,2025-04-29,5.4,7.26,12.3,20.88,0.556,13.49
A0325,2025-04-30,5.4,10.42,17.53,29.64,0.556,19.21
A0325,2025-05-01,5.4,6.45,11.37,19.75,0.556,12.54
A0325,2025-05-02,5.4,9.36,16.08,27.53,0.556,17.67
A0325,2025-05-03,5.4,8.82,15.16,25.95,0.556,16.66
A0325,2025-05-04,5.4,6.99,12.26,21.23,0.556,13.51
A0325,2025-05-05,5.4,7.03,12.61,22.11,0.556,13.93
A0325,2025-05-06,5.4,7.02,12.01,20.5,0.556,13.19
A0325,2025-05-07,5.4,8.29,13.93,23.53,0.556,15.26
A0325,2025-05-08,5.4,8.4,14.1,23.79,0.556,15.44
A0325,2025-05-09,5.4,9.55,16.05,27.1,0.556,17.58
A0325,2025-05-10,5.4,9.46,15.94,26.97,0.556,17.47
A0325,2025-05-11,5.4,6.0,10.35,17.76,0.556,11.38
A0325,2025-05-12,5.4,8.78,14.8,25.07,0.556,16.23
A0326,2025-04-29,4.4,9.36,15.25,23.96,0.556,16.46
A0326,2025-04-30,4.4,11.67,17.6,26.36,0.556,18.81
A0326,2025-05-01,4.4,8.66,12.88,19.11,0.556,13.74
A0326,2025-05-02,4.4,12.82,19.89,30.34,0.556,21.34
A0326,2025-05-03,4.4,12.32,20.72,33.15,0.556,22.45
A0326,2025-05-04,4.4,8.74,13.33,20.11,0.556,14.27
A0326,2025-05-05,4.4,8.87,13.58,20.55,0.556,14.55
A0326,2025-05-06,4.4,9.9,15.83,24.6,0.556,17.04
A0326,2025-05-07,4.4,9.95,15.96,24.85,0.556,17.19
A0326,2025-05-08,4.4,11.4,17.81,27.28,0.556,19.12
A0326,2025-05-09,4.4,14.09,21.24,31.82,0.556,22.71
A0326,2025-05-10,4.4,12.84,21.26,33.73,0.556,22.99
A0326,2025-05-11,4.4,7.65,12.4,19.43,0.556,13.38
A0326,2025-05-12,4.4,11.16,17.36,26.54,0.556,18.63
A0327,2025-04-29,26.6,8.5,13.43,20.66,0.909,20.83
A0327,2025-04-30,26.6,12.5,19.11,28.81,0.909,29.03
A0327,2025-05-01,26.6,7.99,12.35,18.74,0.909,18.88
A0327,2025-05-02,26.6,11.37,17.66,26.88,0.909,27.09
A0327,2025-05-03,26.6,11.12,17.9,27.84,0.909,28.07
A0327,2025-05-04,26.6,9.65,15.11,23.11,0.909,23.29
A0327,2025-05-05,26.6,8.58,13.18,19.91,0.909,20.06
A0327,2025-05-06,26.6,8.35,13.35,20.68,0.909,20.85
A0327,2025-05-07,26.6,9.48,15.06,23.24,0.909,23.43
A0327,2025-05-08,26.6,10.34,16.76,26.17,0.909,26.38
A0327,2025-05-09,26.6,11.13,17.22,26.14,0.909,26.35
A0327,2025-05-10,26.6,11.77,18.82,29.14,0.909,29.38
A0327,2025-05-11,26.6,7.81,12.77,20.06,0.909,20.22
A0327,2025-05-12,26.6,19.62,30.64,46.8,0.909,47.17
A0328,2025-04-29,26.2,26.89,38.71,53.56,0.909,53.9
A0328,2025-04-30,26.2,35.45,53.9,77.1,0.909,77.63
A0328,2025-05-01,26.2,24.97,33.81,44.93,0.909,45.18
A0328,2025-05-02,26.2,31.89,48.15,68.59,0.909,69.06
A0328,2025-05-03,26.2,33.92,49.34,68.73,0.909,69.17
A0328,2025-05-04,26.2,27.68,40.78,57.24,0.909,57.61
A0328,2025-05-05,26.2,25.05,35.76,49.21,0.909,49.52
A0328,2025-05-06,26.2,27.36,39.33,54.38,0.909,54.72
A0328,2025-05-07,26.2,29.73,43.95,61.84,0.909,62.25
A0328,2025-05-08,26.2,32.21,46.57,64.63,0.909,65.04
A0328,2025-05-09,26.2,31.95,47.7,67.51,0.909,67.96
A0328,2025-05-10,26.2,34.7,51.38,72.35,0.909,72.82
A0328,2025-05-11,26.2,23.16,35.05,50.01,0.909,50.35
A0328,2025-05-12,26.2,29.61,43.15,60.17,0.909,60.56
A0329,2025-04-29,390.8,5.87,11.04,18.94,0.909,19.12
A0329,2025-04-30,390.8,7.88,14.12,23.66,0.909,23.88
A0329,2025-05-01,390.8,5.55,11.01,19.38,0.909,19.57
A0329,2025-05-02,390.8,7.13,13.82,24.05,0.909,24.28
A0329,2025-05-03,390.8,7.77,14.96,25.95,0.909,26.2
A0329,2025-05-04,390.8,13.56,23.98,39.9,0.909,40.26
A0329,2025-05-05,390.8,13.5,25.1,42.84,0.909,43.24
A0329,2025-05-06,390.8,13.88,25.6,43.53,0.909,43.94
A0329,2025-05-07,390.8,15.28,26.72,44.21,0.909,44.6
A0329,2025-05-08,390.8,17.12,29.88,49.39,0.909,49.84
A0329,2025-05-09,390.8,19.16,35.1,59.47,0.909,60.03
A0329,2025-05-10,390.8,20.46,36.1,60.03,0.909,60.58
A0329,2025-05-11,390.8,2.87,6.78,12.77,0.909,12.91
A0329,2025-05-12,390.8,5.97,11.51,19.99,0.909,20.18
A0330,2025-04-29,5.8,126.45,181.63,271.69,0.556,194.14
A0330,2025-04-30,5.8,167.64,238.95,355.31,0.556,255.11
A0330,2025-05-01,5.8,111.66,159.92,238.68,0.556,170.86
A0330,2025-05-02,5.8,150.5,219.09,331.01,0.556,234.63
A0330,2025-05-03,5.8,151.29,217.09,324.45,0.556,232.0
A0330,2025-05-04,5.8,136.51,190.64,278.98,0.556,202.91
A0330,2025-05-05,5.8,117.71,167.01,247.44,0.556,178.18
A0330,2025-05-06,5.8,126.49,182.5,273.9,0.556,195.19
A0330,2025-05-07,5.8,131.54,189.44,283.92,0.556,202.56
A0330,2025-05-08,5.8,137.01,195.52,291.0,0.556,208.78
A0330,2025-05-09,5.8,147.66,218.29,333.54,0.556,234.3
A0330,2025-05-10,5.8,153.99,219.53,326.47,0.556,234.38
A0330,2025-05-11,5.8,112.03,160.34,239.19,0.556,171.29
A0330,2025-05-12,5.8,137.85,196.29,291.65,0.556,209.53
A0331,2025-04-29,6.7,60.28,85.04,124.55,0.556,90.53
A0331,2025-04-30,6.7,81.89,105.49,143.14,0.556,110.72
A0331,2025-05-01,6.7,52.97,75.97,112.67,0.556,81.07
A0331,2025-05-02,6.7,71.41,101.29,148.97,0.556,107.92
A0331,2025-05-03,6.7,72.28,100.81,146.33,0.556,107.13
A0331,2025-05-04,6.7,67.5,87.79,120.17,0.556,92.29
A0331,2025-05-05,6.7,54.0,74.98,108.46,0.556,79.63
A0331,2025-05-06,6.7,60.73,85.81,125.83,0.556,91.37
A0331,2025-05-07,6.7,62.36,85.65,122.81,0.556,90.81
A0331,2025-05-08,6.7,69.29,98.52,145.15,0.556,104.99
A0331,2025-05-09,6.7,71.19,101.99,151.15,0.556,108.82
A0331,2025-05-10,6.7,74.79,103.13,148.35,0.556,109.41
A0331,2025-05-11,6.7,53.95,75.08,108.81,0.556,79.77
A0331,2025-05-12,6.7,65.62,91.52,132.84,0.556,97.26
A0332,2025-04-29,24.3,8.63,13.89,23.6,0.909,23.82
A0332,2025-04-30,24.3,14.16,21.38,34.72,0.909,35.02
A0332,2025-05-01,24.3,8.51,13.17,21.79,0.909,21.99
A0332,2025-05-02,24.3,11.86,18.99,32.16,0.909,32.46
A0332,2025-05-03,24.3,12.65,19.91,33.33,0.909,33.63
A0332,2025-05-04,24.3,10.64,16.16,26.36,0.909,26.59
A0332,2025-05-05,24.3,8.92,14.39,24.49,0.909,24.72
A0332,2025-05-06,24.3,8.8,14.14,23.99,0.909,24.21
A0332,2025-05-07,24.3,10.93,17.31,29.08,0.909,29.35
A0332,2025-05-08,24.3,11.58,18.44,31.09,0.909,31.38
A0332,2025-05-09,24.3,11.74,18.65,31.4,0.909,31.69
A0332,2025-05-10,24.3,13.65,21.54,36.12,0.909,36.45
A0332,2025-05-11,24.3,8.7,14.19,24.34,0.909,24.57
A0332,2025-05-12,24.3,10.72,17.16,29.06,0.909,29.33
A0333,2025-04-29,24.3,24.11,34.11,51.35,0.909,51.74
A0333,2025-04-30,24.3,34.51,47.89,70.96,0.909,71.49
A0333,2025-05-01,24.3,22.05,29.44,42.19,0.909,42.48
A0333,2025-05-02,24.3,31.87,45.35,68.59,0.909,69.12
A0333,2025-05-03,24.3,30.78,44.24,67.43,0.909,67.96
A0333,2025-05-04,24.3,27.6,36.84,52.77,0.909,53.13
A0333,2025-05-05,24.3,22.98,32.35,48.49,0.909,48.85
A0333,2025-05-06,24.3,24.57,34.59,51.86,0.909,52.25
A0333,2025-05-07,24.3,26.85,40.24,63.33,0.909,63.85
A0333,2025-05-08,24.3,28.63,40.94,62.15,0.909,62.63
A0333,2025-05-09,24.3,32.69,45.22,66.82,0.909,67.31
A0333,2025-05-10,24.3,31.5,46.11,71.29,0.909,71.86
A0333,2025-05-11,24.3,21.8,31.09,47.11,0.909,47.47
A0333,2025-05-12,24.3,27.86,39.82,60.43,0.909,60.89
A0334,2025-04-29,3.6,55.06,80.23,118.32,0.556,85.52
A0334,2025-04-30,3.6,72.2,100.38,143.02,0.556,106.3
A0334,2025-05-01,3.6,51.31,74.91,110.61,0.556,79.87
A0334,2025-05-02,3.6,63.46,90.19,130.65,0.556,95.81
A0334,2025-05-03,3.6,65.78,95.59,140.69,0.556,101.85
A0334,2025-05-04,3.6,55.05,77.82,112.28,0.556,82.61
A0334,2025-05-05,3.6,51.74,74.79,109.67,0.556,79.64
A0334,2025-05-06,3.6,55.03,80.43,118.86,0.556,85.77
A0334,2025-05-07,3.6,57.72,81.68,117.93,0.556,86.71
A0334,2025-05-08,3.6,62.51,89.76,131.0,0.556,95.49
A0334,2025-05-09,3.6,63.36,90.77,132.25,0.556,96.53
A0334,2025-05-10,3.6,65.28,94.8,139.47,0.556,101.0
A0334,2025-05-11,3.6,46.39,67.38,99.13,0.556,71.79
A0334,2025-05-12,3.6,60.36,86.07,124.98,0.556,91.48
A0335,2025-04-29,6.9,182.28,266.6,403.16,0.556,285.57
A0335,2025-04-30,6.9,231.59,338.27,511.03,0.556,362.26
A0335,2025-05-01,6.9,159.75,232.7,350.83,0.556,249.1
A0335,2025-05-02,6.9,239.9,348.36,524.0,0.556,372.75
A0335,2025-05-03,6.9,238.95,339.2,501.55,0.556,361.75
A0335,2025-05-04,6.9,214.57,304.75,450.8,0.556,325.04
A0335,2025-05-05,6.9,182.25,270.24,412.75,0.556,290.04
A0335,2025-05-06,6.9,214.79,302.99,445.82,0.556,322.83
A0335,2025-05-07,6.9,57.65,85.18,129.78,0.556,91.38
A0335,2025-05-08,6.9,60.3,89.21,136.02,0.556,95.71
A0335,2025-05-09,6.9,70.97,104.51,158.81,0.556,112.05
A0335,2025-05-10,6.9,71.8,104.22,156.73,0.556,111.52
A0335,2025-05-11,6.9,54.24,77.57,115.35,0.556,82.82
A0335,2025-05-12,6.9,68.05,99.41,150.2,0.556,106.46
A0336,2025-04-29,3.4,13.68,23.47,35.67,0.556,25.16
A0336,2025-04-30,3.4,18.15,28.77,42.01,0.556,30.61
A0336,2025-05-01,3.4,12.72,19.0,26.82,0.556,20.08
A0336,2025-05-02,3.4,17.07,26.39,38.01,0.556,28.0
A0336,2025-05-03,3.4,18.27,27.82,39.74,0.556,29.48
A0336,2025-05-04,3.4,14.24,21.66,30.9,0.556,22.94
A0336,2025-05-05,3.4,13.17,20.49,29.62,0.556,21.76
A0336,2025-05-06,3.4,14.01,23.58,35.51,0.556,25.24
A0336,2025-05-07,3.4,14.49,23.59,34.95,0.556,25.17
A0336,2025-05-08,3.4,16.1,24.2,34.3,0.556,25.6
A0336,2025-05-09,3.4,17.31,26.12,37.11,0.556,27.65
A0336,2025-05-10,3.4,18.57,28.3,40.44,0.556,29.99
A0336,2025-05-11,3.4,11.58,17.84,25.64,0.556,18.92
A0336,2025-05-12,3.4,15.46,23.92,34.47,0.556,25.38
A0337,2025-04-29,361.1,3.4,8.4,16.33,0.909,16.51
A0337,2025-04-30,361.1,5.31,14.45,28.98,0.909,29.31
A0337,2025-05-01,361.1,3.25,8.82,17.68,0.909,17.88
A0337,2025-05-02,361.1,4.79,11.62,22.48,0.909,22.72
A0337,2025-05-03,361.1,5.16,12.11,23.16,0.909,23.42
A0337,2025-05-04,361.1,4.19,10.5,20.52,0.909,20.75
A0337,2025-05-05,361.1,3.86,8.91,16.95,0.909,17.14
A0337,2025-05-06,361.1,3.76,8.93,17.16,0.909,17.34
A0337,2025-05-07,361.1,4.28,11.5,22.97,0.909,23.23
A0337,2025-05-08,361.1,4.45,11.36,22.35,0.909,22.6
A0337,2025-05-09,361.1,4.87,11.2,21.27,0.909,21.5
A0337,2025-05-10,361.1,5.58,13.14,25.15,0.909,25.43
A0337,2025-05-11,361.1,3.48,9.15,18.17,0.909,18.38
A0337,2025-05-12,361.1,4.55,9.95,18.55,0.909,18.74
A0338,2025-04-29,13.6,35.58,54.78,81.46,0.909,82.06
A0338,2025-04-30,13.6,44.42,67.53,99.64,0.909,100.37
A0338,2025-05-01,13.6,31.5,47.56,69.9,0.909,70.4
A0338,2025-05-02,13.6,41.6,63.06,92.88,0.909,93.55
A0338,2025-05-03,13.6,41.49,63.11,93.15,0.909,93.83
A0338,2025-05-04,13.6,37.24,57.62,85.94,0.909,86.59
A0338,2025-05-05,13.6,33.92,52.12,77.41,0.909,77.99
A0338,2025-05-06,13.6,35.91,55.24,82.11,0.909,82.72
A0338,2025-05-07,13.6,37.64,58.08,86.49,0.909,87.13
A0338,2025-05-08,13.6,40.64,62.05,91.81,0.909,92.49
A0338,2025-05-09,13.6,41.94,63.75,94.06,0.909,94.75
A0338,2025-05-10,13.6,41.91,63.45,93.38,0.909,94.06
A0338,2025-05-11,13.6,33.83,53.0,79.63,0.909,80.23
A0338,2025-05-12,13.6,41.02,63.49,94.7,0.909,95.41
A0339,2025-04-29,12.7,40.91,59.32,91.26,0.909,91.99
A0339,2025-04-30,12.7,53.29,73.18,107.67,0.909,108.46
A0339,2025-05-01,12.7,35.39,51.96,80.71,0.909,81.36
A0339,2025-05-02,12.7,44.78,65.02,100.12,0.909,100.92
A0339,2025-05-03,12.7,45.72,65.75,100.5,0.909,101.29
A0339,2025-05-04,12.7,45.29,63.87,96.1,0.909,96.84
A0339,2025-05-05,12.7,37.48,54.71,84.61,0.909,85.29
A0339,2025-05-06,12.7,40.16,58.81,91.17,0.909,91.9
A0339,2025-05-07,12.7,42.15,60.26,91.68,0.909,92.4
A0339,2025-05-08,12.7,44.71,65.36,101.2,0.909,102.01
A0339,2025-05-09,12.7,43.49,64.41,100.72,0.909,101.55
A0339,2025-05-10,12.7,45.18,64.98,99.34,0.909,100.12
A0339,2025-05-11,12.7,38.1,56.31,87.92,0.909,88.64
A0339,2025-05-12,12.7,44.41,64.76,100.08,0.909,100.88
A0340,2025-04-29,313.5,12.78,20.67,31.76,0.909,32.02
A0340,2025-04-30,313.5,18.27,29.41,45.08,0.909,45.44
A0340,2025-05-01,313.5,12.26,20.22,31.42,0.909,31.67
A0340,2025-05-02,313.5,15.83,25.12,38.18,0.909,38.48
A0340,2025-05-03,313.5,16.17,25.76,39.24,0.909,39.55
A0340,2025-05-04,313.5,14.97,24.65,38.28,0.909,38.58
A0340,2025-05-05,313.5,13.54,22.8,35.83,0.909,36.13
A0340,2025-05-06,313.5,12.79,20.73,31.89,0.909,32.15
A0340,2025-05-07,313.5,14.88,24.13,37.13,0.909,37.43
A0340,2025-05-08,313.5,15.63,25.81,40.13,0.909,40.46
A0340,2025-05-09,313.5,15.32,24.09,36.42,0.909,36.7
A0340,2025-05-10,313.5,16.99,27.45,42.17,0.909,42.5
A0340,2025-05-11,313.5,13.11,22.0,34.51,0.909,34.79
A0340,2025-05-12,313.5,15.09,25.04,39.03,0.909,39.35
A0341,2025-04-29,6.2,36.68,54.96,80.88,0.556,58.56
A0341,2025-04-30,6.2,53.33,80.18,118.25,0.556,85.47
A0341,2025-05-01,6.2,32.1,47.88,70.26,0.556,50.99
A0341,2025-05-02,6.2,44.04,65.97,97.08,0.556,70.29
A0341,2025-05-03,6.2,44.07,66.58,98.49,0.556,71.01
A0341,2025-05-04,6.2,40.74,60.96,89.62,0.556,64.94
A0341,2025-05-05,6.2,35.05,52.78,77.92,0.556,56.27
A0341,2025-05-06,6.2,37.11,55.41,81.36,0.556,59.01
A0341,2025-05-07,6.2,39.76,58.85,85.91,0.556,62.61
A0341,2025-05-08,6.2,42.45,63.87,94.24,0.556,68.09
A0341,2025-05-09,6.2,44.09,66.01,97.09,0.556,70.32
A0341,2025-05-10,6.2,44.98,67.67,99.85,0.556,72.14
A0341,2025-05-11,6.2,32.4,48.8,72.05,0.556,52.03
A0341,2025-05-12,6.2,42.91,64.34,94.72,0.556,68.56
A0342,2025-04-29,375.1,44.16,64.04,90.76,0.909,91.36
A0342,2025-04-30,375.1,57.22,78.81,107.82,0.909,108.48
A0342,2025-05-01,375.1,39.4,55.42,76.94,0.909,77.43
A0342,2025-05-02,375.1,51.23,71.06,97.71,0.909,98.31
A0342,2025-05-03,375.1,53.31,75.35,104.96,0.909,105.64
A0342,2025-05-04,375.1,47.09,65.15,89.43,0.909,89.98
A0342,2025-05-05,375.1,41.68,58.62,81.39,0.909,81.9
A0342,2025-05-06,375.1,44.49,64.44,91.26,0.909,91.87
A0342,2025-05-07,375.1,46.26,64.66,89.38,0.909,89.94
A0342,2025-05-08,375.1,48.89,68.5,94.86,0.909,95.46
A0342,2025-05-09,375.1,51.31,70.92,97.25,0.909,97.85
A0342,2025-05-10,375.1,52.4,74.81,104.91,0.909,105.59
A0342,2025-05-11,375.1,39.75,56.01,77.87,0.909,78.37
A0342,2025-05-12,375.1,47.27,66.58,92.53,0.909,93.12
A0343,2025-04-29,27.3,14.78,23.97,37.12,0.909,37.42
A0343,2025-04-30,27.3,21.21,38.09,62.24,0.909,62.79
A0343,2025-05-01,27.3,14.01,21.6,32.47,0.909,32.71
A0343,2025-05-02,27.3,19.76,32.24,50.09,0.909,50.49
A0343,2025-05-03,27.3,18.92,32.61,52.18,0.909,52.63
A0343,2025-05-04,27.3,16.64,29.03,46.75,0.909,47.15
A0343,2025-05-05,27.3,15.02,25.66,40.88,0.909,41.22
A0343,2025-05-06,27.3,14.64,23.74,36.75,0.909,37.04
A0343,2025-05-07,27.3,17.17,30.45,49.43,0.909,49.86
A0343,2025-05-08,27.3,18.84,30.56,47.32,0.909,47.7
A0343,2025-05-09,27.3,19.76,31.19,47.53,0.909,47.9
A0343,2025-05-10,27.3,20.36,36.16,58.76,0.909,59.27
A0343,2025-05-11,27.3,14.35,25.49,41.43,0.909,41.79
A0343,2025-05-12,27.3,17.72,29.81,47.11,0.909,47.5
A0344,2025-04-29,31.3,9.07,14.53,24.62,0.909,24.85
A0344,2025-04-30,31.3,12.88,23.59,43.36,0.909,43.81
A0344,2025-05-01,31.3,8.97,13.84,22.83,0.909,23.03
A0344,2025-05-02,31.3,12.25,20.06,34.48,0.909,34.81
A0344,2025-05-03,31.3,11.94,19.53,33.56,0.909,33.87
A0344,2025-05-04,31.3,10.2,16.94,29.39,0.909,29.67
A0344,2025-05-05,31.3,9.28,14.89,25.24,0.909,25.48
A0344,2025-05-06,31.3,9.22,14.81,25.15,0.909,25.39
A0344,2025-05-07,31.3,10.09,18.19,33.17,0.909,33.51
A0344,2025-05-08,31.3,11.48,19.14,33.28,0.909,33.6
A0344,2025-05-09,31.3,12.82,20.39,34.38,0.909,34.69
A0344,2025-05-10,31.3,12.79,21.09,36.43,0.909,36.78
A0344,2025-05-11,31.3,8.4,14.61,26.07,0.909,26.33
A0344,2025-05-12,31.3,27.69,44.61,75.84,0.909,76.55
A0345,2025-04-29,31.1,34.44,46.27,66.18,0.909,66.64
A0345,2025-04-30,31.1,45.83,65.84,99.53,0.909,100.29
A0345,2025-05-01,31.1,31.31,41.81,59.49,0.909,59.9
A0345,2025-05-02,31.1,44.12,60.27,87.45,0.909,88.07
A0345,2025-05-03,31.1,42.86,59.56,87.69,0.909,88.33
A0345,2025-05-04,31.1,35.63,49.7,73.39,0.909,73.92
A0345,2025-05-05,31.1,33.82,46.89,68.91,0.909,69.41
A0345,2025-05-06,31.1,34.56,46.44,66.43,0.909,66.89
A0345,2025-05-07,31.1,37.77,52.57,77.49,0.909,78.05
A0345,2025-05-08,31.1,40.52,54.43,77.85,0.909,78.38
A0345,2025-05-09,31.1,43.0,58.6,84.87,0.909,85.46
A0345,2025-05-10,31.1,43.61,61.25,90.95,0.909,91.62
A0345,2025-05-11,31.1,31.13,42.97,62.89,0.909,63.34
A0345,2025-05-12,31.1,37.71,52.59,77.63,0.909,78.2
A0346,2025-04-29,4.3,23.84,36.65,57.32,0.556,39.52
A0346,2025-04-30,4.3,31.92,48.48,75.24,0.556,52.2
A0346,2025-05-01,4.3,14.15,22.88,36.97,0.556,24.83
A0346,2025-05-02,4.3,20.62,34.21,56.16,0.556,37.26
A0346,2025-05-03,4.3,22.11,35.65,57.54,0.556,38.69
A0346,2025-05-04,4.3,18.1,27.96,43.9,0.556,30.18
A0346,2025-05-05,4.3,17.78,27.14,42.25,0.556,29.24
A0346,2025-05-06,4.3,18.18,28.41,44.93,0.556,30.7
A0346,2025-05-07,4.3,20.3,31.26,48.97,0.556,33.72
A0346,2025-05-08,4.3,21.87,33.41,52.04,0.556,36.0
A0346,2025-05-09,4.3,22.73,35.99,57.41,0.556,38.96
A0346,2025-05-10,4.3,24.85,38.59,60.78,0.556,41.67
A0346,2025-05-11,4.3,16.94,25.38,39.03,0.556,27.28
A0346,2025-05-12,4.3,22.04,33.19,51.19,0.556,35.69
A0347,2025-04-29,308.8,4.96,9.09,14.78,0.909,14.91
A0347,2025-04-30,308.8,7.06,12.63,20.34,0.909,20.51
A0347,2025-05-01,308.8,5.31,9.63,15.61,0.909,15.74
A0347,2025-05-02,308.8,6.79,13.04,21.67,0.909,21.87
A0347,2025-05-03,308.8,7.27,14.38,24.19,0.909,24.42
A0347,2025-05-04,308.8,4.83,8.63,13.88,0.909,14.0
A0347,2025-05-05,308.8,5.26,9.91,16.34,0.909,16.48
A0347,2025-05-06,308.8,5.15,9.3,15.04,0.909,15.17
A0347,2025-05-07,308.8,5.75,10.08,16.06,0.909,16.19
A0347,2025-05-08,308.8,6.4,11.45,18.41,0.909,18.57
A0347,2025-05-09,308.8,7.14,13.49,22.26,0.909,22.46
A0347,2025-05-10,308.8,7.42,14.51,24.31,0.909,24.53
A0347,2025-05-11,308.8,4.78,8.04,12.55,0.909,12.65
A0347,2025-05-12,308.8,6.13,11.35,18.55,0.909,18.72
A0348,2025-04-29,385.6,34.1,54.15,86.37,0.909,87.1
A0348,2025-04-30,385.6,44.07,65.13,98.97,0.909,99.74
A0348,2025-05-01,385.6,32.9,53.47,86.54,0.909,87.29
A0348,2025-05-02,385.6,24.05,42.06,71.0,0.909,71.66
A0348,2025-05-03,385.6,25.66,43.52,72.21,0.909,72.86
A0348,2025-05-04,385.6,16.15,27.07,44.62,0.909,45.02
A0348,2025-05-05,385.6,18.56,32.6,55.15,0.909,55.66
A0348,2025-05-06,385.6,46.61,70.54,108.99,0.909,109.86
A0348,2025-05-07,385.6,48.95,75.02,116.89,0.909,117.85
A0348,2025-05-08,385.6,53.41,83.09,130.77,0.909,131.86
A0348,2025-05-09,385.6,56.4,88.66,140.5,0.909,141.68
A0348,2025-05-10,385.6,25.01,42.91,71.67,0.909,72.32
A0348,2025-05-11,385.6,13.18,24.1,41.66,0.909,42.06
A0348,2025-05-12,385.6,23.41,39.29,64.8,0.909,65.38
A0349,2025-04-29,3.3,40.39,57.82,84.33,0.556,61.5
A0349,2025-04-30,3.3,54.75,76.42,109.38,0.556,80.99
A0349,2025-05-01,3.3,34.79,47.85,67.73,0.556,50.61
A0349,2025-05-02,3.3,47.05,65.62,93.87,0.556,69.54
A0349,2025-05-03,3.3,48.45,69.03,100.35,0.556,73.38
A0349,2025-05-04,3.3,42.45,60.08,86.89,0.556,63.8
A0349,2025-05-05,3.3,35.31,49.35,70.7,0.556,52.31
A0349,2025-05-06,3.3,40.04,57.33,83.63,0.556,60.98
A0349,2025-05-07,3.3,39.8,55.8,80.14,0.556,59.18
A0349,2025-05-08,3.3,45.69,62.97,89.24,0.556,66.62
A0349,2025-05-09,3.3,47.68,66.01,93.89,0.556,69.88
A0349,2025-05-10,3.3,48.96,69.48,100.7,0.556,73.81
A0349,2025-05-11,3.3,31.89,45.58,66.4,0.556,48.47
A0349,2025-05-12,3.3,43.71,60.94,87.14,0.556,64.58
A0350,2025-04-29,5.3,0.73,9.66,26.06,0.556,11.94
A0350,2025-04-30,5.3,2.11,13.4,34.06,0.556,16.27
A0350,2025-05-01,5.3,0.69,9.9,26.57,0.556,12.22
A0350,2025-05-02,5.3,2.0,13.62,34.22,0.556,16.49
A0350,2025-05-03,5.3,2.31,14.34,35.49,0.556,17.28
A0350,2025-05-04,5.3,0.83,11.01,28.64,0.556,13.46
A0350,2025-05-05,5.3,1.06,11.49,29.53,0.556,13.99
A0350,2025-05-06,5.3,1.1,11.61,29.7,0.556,14.12
A0350,2025-05-07,5.3,1.68,12.88,32.19,0.556,15.56
A0350,2025-05-08,5.3,2.18,14.15,34.86,0.556,17.02
A0350,2025-05-09,5.3,2.95,15.76,38.13,0.556,18.87
A0350,2025-05-10,5.3,3.32,16.37,39.2,0.556,19.54
A0350,2025-05-11,5.3,0.96,10.94,28.18,0.556,13.33
A0350,2025-05-12,5.3,2.4,14.3,35.04,0.556,17.18
A0351,2025-04-29,185.4,28.75,39.39,57.71,0.909,58.13
A0351,2025-04-30,185.4,38.91,53.91,79.75,0.909,80.34
A0351,2025-05-01,185.4,25.25,34.43,50.24,0.909,50.6
A0351,2025-05-02,185.4,33.29,45.31,66.02,0.909,66.49
A0351,2025-05-03,185.4,34.74,47.38,69.14,0.909,69.64
A0351,2025-05-04,185.4,28.65,39.15,57.23,0.909,57.64
A0351,2025-05-05,185.4,25.83,35.12,51.12,0.909,51.48
A0351,2025-05-06,185.4,28.76,39.41,57.74,0.909,58.15
A0351,2025-05-07,185.4,30.3,41.79,61.57,0.909,62.02
A0351,2025-05-08,185.4,32.21,43.49,62.91,0.909,63.36
A0351,2025-05-09,185.4,33.27,45.3,66.03,0.909,66.5
A0351,2025-05-10,185.4,34.75,47.39,69.16,0.909,69.65
A0351,2025-05-11,185.4,23.9,32.64,47.69,0.909,48.03
A0351,2025-05-12,185.4,30.19,40.91,59.37,0.909,59.79
A0352,2025-04-29,386.0,37.9,51.56,71.84,0.909,72.3
A0352,2025-04-30,386.0,45.94,60.98,83.33,0.909,83.84
A0352,2025-05-01,386.0,33.45,47.2,67.64,0.909,68.1
A0352,2025-05-02,386.0,43.59,59.1,82.15,0.909,82.67
A0352,2025-05-03,386.0,42.98,59.71,84.55,0.909,85.12
A0352,2025-05-04,386.0,37.74,51.13,71.02,0.909,71.47
A0352,2025-05-05,386.0,35.3,49.28,70.04,0.909,70.52
A0352,2025-05-06,386.0,37.91,51.79,72.41,0.909,72.88
A0352,2025-05-07,386.0,38.82,52.78,73.53,0.909,74.0
A0352,2025-05-08,386.0,41.22,55.83,77.54,0.909,78.04
A0352,2025-05-09,386.0,43.95,59.85,83.47,0.909,84.01
A0352,2025-05-10,386.0,43.4,60.27,85.33,0.909,85.9
A0352,2025-05-11,386.0,34.18,47.75,67.9,0.909,68.36
A0352,2025-05-12,386.0,40.38,54.84,76.33,0.909,76.82
A0353,2025-04-29,5.0,12.82,21.91,36.45,0.556,23.93
A0353,2025-04-30,5.0,17.37,29.84,49.81,0.556,32.62
A0353,2025-05-01,5.0,12.54,22.82,39.28,0.556,25.11
A0353,2025-05-02,5.0,16.39,28.43,47.71,0.556,31.11
A0353,2025-05-03,5.0,17.76,30.39,50.6,0.556,33.2
A0353,2025-05-04,5.0,11.77,20.84,35.36,0.556,22.86
A0353,2025-05-05,5.0,13.89,24.21,40.72,0.556,26.5
A0353,2025-05-06,5.0,13.07,22.11,36.59,0.556,24.12
A0353,2025-05-07,5.0,14.51,24.33,40.06,0.556,26.52
A0353,2025-05-08,5.0,15.68,27.02,45.17,0.556,29.54
A0353,2025-05-09,5.0,17.03,28.72,47.42,0.556,31.32
A0353,2025-05-10,5.0,18.09,31.0,51.66,0.556,33.87
A0353,2025-05-11,5.0,11.32,18.85,30.89,0.556,20.52
A0353,2025-05-12,5.0,16.53,27.31,44.56,0.556,29.71
A0354,2025-04-29,28.7,7.04,11.73,18.95,0.909,19.11
A0354,2025-04-30,28.7,9.9,20.16,35.96,0.909,36.32
A0354,2025-05-01,28.7,7.31,12.35,20.12,0.909,20.3
A0354,2025-05-02,28.7,9.98,17.08,28.03,0.909,28.27
A0354,2025-05-03,28.7,10.21,17.14,27.81,0.909,28.06
A0354,2025-05-04,28.7,7.83,15.1,26.31,0.909,26.56
A0354,2025-05-05,28.7,7.55,12.85,21.02,0.909,21.21
A0354,2025-05-06,28.7,7.39,12.15,19.47,0.909,19.64
A0354,2025-05-07,28.7,8.82,15.42,25.57,0.909,25.81
A0354,2025-05-08,28.7,9.56,16.38,26.88,0.909,27.12
A0354,2025-05-09,28.7,9.63,16.53,27.15,0.909,27.4
A0354,2025-05-10,28.7,10.76,18.41,30.19,0.909,30.45
A0354,2025-05-11,28.7,7.03,13.11,22.46,0.909,22.67
A0354,2025-05-12,28.7,8.5,14.34,23.33,0.909,23.54
A0355,2025-04-29,309.3,8.25,14.35,24.19,0.909,24.42
A0355,2025-04-30,309.3,15.15,23.16,36.09,0.909,36.39
A0355,2025-05-01,309.3,8.77,14.15,22.84,0.909,23.03
A0355,2025-05-02,309.3,12.71,21.3,35.17,0.909,35.48
A0355,2025-05-03,309.3,13.09,21.61,35.37,0.909,35.68
A0355,2025-05-04,309.3,17.9,29.61,48.53,0.909,48.96
A0355,2025-05-05,309.3,17.18,29.42,49.19,0.909,49.64
A0355,2025-05-06,309.3,16.07,28.31,48.09,0.909,48.54
A0355,2025-05-07,309.3,19.37,32.38,53.4,0.909,53.88
A0355,2025-05-08,309.3,8.81,16.06,27.78,0.909,28.05
A0355,2025-05-09,309.3,9.75,17.95,31.2,0.909,31.5
A0355,2025-05-10,309.3,11.67,20.28,34.18,0.909,34.5
A0355,2025-05-11,309.3,6.85,11.46,18.9,0.909,19.07
A0355,2025-05-12,309.3,11.2,18.42,30.09,0.909,30.35
A0356,2025-04-29,3.0,62.43,92.05,141.84,0.556,98.97
A0356,2025-04-30,3.0,74.76,104.78,155.26,0.556,111.79
A0356,2025-05-01,3.0,53.27,77.97,119.49,0.556,83.73
A0356,2025-05-02,3.0,72.56,106.85,164.5,0.556,114.86
A0356,2025-05-03,3.0,73.68,107.99,165.69,0.556,116.01
A0356,2025-05-04,3.0,59.24,85.63,130.0,0.556,91.79
A0356,2025-05-05,3.0,56.31,83.41,128.97,0.556,89.74
A0356,2025-05-06,3.0,63.42,92.65,141.8,0.556,99.48
A0356,2025-05-07,3.0,61.4,89.29,136.17,0.556,95.8
A0356,2025-05-08,3.0,67.49,97.9,149.02,0.556,105.0
A0356,2025-05-09,3.0,74.76,108.16,164.32,0.556,115.96
A0356,2025-05-10,3.0,72.92,107.21,164.86,0.556,115.22
A0356,2025-05-11,3.0,78.66,115.72,178.01,0.556,124.37
A0356,2025-05-12,3.0,108.79,157.21,238.62,0.556,168.52
A0357,2025-04-29,437.2,10.38,16.86,27.6,0.909,27.85
A0357,2025-04-30,437.2,15.28,23.31,36.63,0.909,36.93
A0357,2025-05-01,437.2,9.72,15.38,24.75,0.909,24.96
A0357,2025-05-02,437.2,13.78,22.12,35.93,0.909,36.25
A0357,2025-05-03,437.2,15.28,23.7,37.63,0.909,37.95
A0357,2025-05-04,437.2,10.67,16.74,26.81,0.909,27.04
A0357,2025-05-05,437.2,10.81,16.58,26.15,0.909,26.36
A0357,2025-05-06,437.2,11.39,17.88,28.64,0.909,28.89
A0357,2025-05-07,437.2,12.61,19.21,30.16,0.909,30.41
A0357,2025-05-08,437.2,13.93,21.93,35.2,0.909,35.5
A0357,2025-05-09,437.2,14.36,22.73,36.6,0.909,36.92
A0357,2025-05-10,437.2,16.03,24.44,38.37,0.909,38.69
A0357,2025-05-11,437.2,9.24,14.59,23.45,0.909,23.65
A0357,2025-05-12,437.2,13.22,20.55,32.7,0.909,32.98
A0358,2025-04-29,396.8,23.37,34.15,50.44,0.909,50.81
A0358,2025-04-30,396.8,34.36,49.53,72.47,0.909,72.99
A0358,2025-05-01,396.8,22.89,34.82,52.85,0.909,53.26
A0358,2025-05-02,396.8,33.18,48.87,72.58,0.909,73.12
A0358,2025-05-03,396.8,34.0,50.1,74.44,0.909,74.99
A0358,2025-05-04,396.8,23.82,34.89,51.63,0.909,52.01
A0358,2025-05-05,396.8,24.5,36.59,54.85,0.909,55.27
A0358,2025-05-06,396.8,24.28,34.96,51.09,0.909,51.46
A0358,2025-05-07,396.8,28.31,40.2,58.17,0.909,58.58
A0358,2025-05-08,396.8,31.04,45.38,67.05,0.909,67.55
A0358,2025-05-09,396.8,32.4,47.68,70.79,0.909,71.31
A0358,2025-05-10,396.8,34.91,51.16,75.71,0.909,76.27
A0358,2025-05-11,396.8,21.08,30.07,43.65,0.909,43.96
A0358,2025-05-12,396.8,28.61,42.25,62.86,0.909,63.33
A0359,2025-04-29,153.6,44.19,65.32,94.83,0.909,95.5
A0359,2025-04-30,153.6,60.95,86.15,121.32,0.909,122.12
A0359,2025-05-01,153.6,39.91,57.4,81.81,0.909,82.37
A0359,2025-05-02,153.6,27.94,41.89,61.37,0.909,61.81
A0359,2025-05-03,153.6,29.11,43.51,63.61,0.909,64.06
A0359,2025-05-04,153.6,24.19,34.44,48.76,0.909,49.08
A0359,2025-05-05,153.6,21.91,31.24,44.26,0.909,44.56
A0359,2025-05-06,153.6,82.26,121.45,176.16,0.909,177.4
A0359,2025-05-07,153.6,89.88,131.77,190.24,0.909,191.57
A0359,2025-05-08,153.6,93.56,135.04,192.93,0.909,194.25
A0359,2025-05-09,153.6,26.3,40.36,59.98,0.909,60.43
A0359,2025-05-10,153.6,28.42,42.78,62.82,0.909,63.28
A0359,2025-05-11,153.6,20.01,29.61,43.0,0.909,43.3
A0359,2025-05-12,153.6,25.56,36.76,52.38,0.909,52.73
A0360,2025-04-29,385.5,7.16,14.85,30.01,0.909,30.35
A0360,2025-04-30,385.5,4.78,11.7,25.33,0.909,25.64
A0360,2025-05-01,385.5,2.46,6.22,13.61,0.909,13.78
A0360,2025-05-02,385.5,4.13,9.26,19.38,0.909,19.61
A0360,2025-05-03,385.5,4.21,10.02,21.45,0.909,21.71
A0360,2025-05-04,385.5,3.48,9.03,19.96,0.909,20.2
A0360,2025-05-05,385.5,2.99,7.47,16.31,0.909,16.51
A0360,2025-05-06,385.5,2.91,7.16,15.52,0.909,15.71
A0360,2025-05-07,385.5,3.67,8.46,17.88,0.909,18.09
A0360,2025-05-08,385.5,3.99,9.56,20.54,0.909,20.79
A0360,2025-05-09,385.5,4.42,9.31,18.94,0.909,19.16
A0360,2025-05-10,385.5,4.95,11.37,24.01,0.909,24.3
A0360,2025-05-11,385.5,3.2,7.86,17.03,0.909,17.24
A0360,2025-05-12,385.5,3.84,8.99,19.12,0.909,19.35
A0361,2025-04-29,26.3,11.13,22.25,40.55,0.909,40.97
A0361,2025-04-30,26.3,15.77,30.84,55.64,0.909,56.2
A0361,2025-05-01,26.3,10.19,20.0,36.14,0.909,36.5
A0361,2025-05-02,26.3,14.71,28.66,51.62,0.909,52.14
A0361,2025-05-03,26.3,15.62,30.79,55.75,0.909,56.32
A0361,2025-05-04,26.3,4.87,9.11,16.09,0.909,16.24
A0361,2025-05-05,26.3,4.56,8.53,15.07,0.909,15.22
A0361,2025-05-06,26.3,4.86,8.94,15.66,0.909,15.81
A0361,2025-05-07,26.3,5.63,10.62,18.82,0.909,19.01
A0361,2025-05-08,26.3,6.44,11.76,20.52,0.909,20.72
A0361,2025-05-09,26.3,6.82,11.7,19.73,0.909,19.91
A0361,2025-05-10,26.3,7.57,13.63,23.62,0.909,23.84
A0361,2025-05-11,26.3,4.46,8.55,15.27,0.909,15.42
A0361,2025-05-12,26.3,6.1,10.78,18.49,0.909,18.66
A0362,2025-04-29,382.4,7.4,24.83,55.94,0.909,56.65
A0362,2025-04-30,382.4,12.72,37.13,81.53,0.909,82.54
A0362,2025-05-01,382.4,7.72,24.58,55.63,0.909,56.33
A0362,2025-05-02,382.4,11.57,34.07,74.21,0.909,75.12
A0362,2025-05-03,382.4,11.67,34.08,74.04,0.909,74.94
A0362,2025-05-04,382.4,9.84,30.31,67.66,0.909,68.51
A0362,2025-05-05,382.4,8.69,26.65,59.59,0.909,60.34
A0362,2025-05-06,382.4,8.09,25.92,57.98,0.909,58.71
A0362,2025-05-07,382.4,10.45,30.67,67.15,0.909,67.98
A0362,2025-05-08,382.4,11.15,32.37,70.98,0.909,71.85
A0362,2025-05-09,382.4,11.99,34.18,74.34,0.909,75.25
A0362,2025-05-10,382.4,13.16,36.46,78.68,0.909,79.64
A0362,2025-05-11,382.4,8.67,26.18,58.5,0.909,59.24
A0362,2025-05-12,382.4,10.26,30.24,66.66,0.909,67.49
A0363,2025-04-29,35.5,11.7,16.79,27.42,0.909,27.66
A0363,2025-04-30,35.5,18.51,24.31,36.46,0.909,36.73
A0363,2025-05-01,35.5,12.3,16.54,25.42,0.909,25.62
A0363,2025-05-02,35.5,16.9,22.85,35.31,0.909,35.59
A0363,2025-05-03,35.5,16.7,21.93,32.87,0.909,33.12
A0363,2025-05-04,35.5,14.67,19.68,30.16,0.909,30.4
A0363,2025-05-05,35.5,12.55,17.59,28.15,0.909,28.39
A0363,2025-05-06,35.5,11.65,16.91,27.91,0.909,28.16
A0363,2025-05-07,35.5,13.78,19.38,31.11,0.909,31.37
A0363,2025-05-08,35.5,15.83,20.97,31.72,0.909,31.96
A0363,2025-05-09,35.5,17.2,22.74,34.33,0.909,34.59
A0363,2025-05-10,35.5,17.87,23.41,35.01,0.909,35.27
A0363,2025-05-11,35.5,11.23,16.39,27.19,0.909,27.44
A0363,2025-05-12,35.5,14.5,20.02,31.59,0.909,31.85
A0364,2025-04-29,35.2,14.34,20.77,30.57,0.909,30.79
A0364,2025-04-30,35.2,21.41,28.9,40.31,0.909,40.57
A0364,2025-05-01,35.2,14.9,20.35,28.64,0.909,28.83
A0364,2025-05-02,35.2,19.99,28.19,40.68,0.909,40.97
A0364,2025-05-03,35.2,20.64,27.67,38.38,0.909,38.62
A0364,2025-05-04,35.2,16.95,22.44,30.78,0.909,30.97
A0364,2025-05-05,35.2,15.02,21.05,30.24,0.909,30.45
A0364,2025-05-06,35.2,14.98,21.47,31.36,0.909,31.58
A0364,2025-05-07,35.2,16.86,24.78,36.83,0.909,37.1
A0364,2025-05-08,35.2,19.29,26.32,37.04,0.909,37.28
A0364,2025-05-09,35.2,20.58,28.74,41.17,0.909,41.45
A0364,2025-05-10,35.2,21.71,29.11,40.38,0.909,40.64
A0364,2025-05-11,35.2,13.5,19.52,28.69,0.909,28.9
A0364,2025-05-12,35.2,17.79,24.48,34.65,0.909,34.88
A0365,2025-04-29,5.9,49.86,67.06,102.16,0.556,71.94
A0365,2025-04-30,5.9,65.4,85.87,127.63,0.556,91.67
A0365,2025-05-01,5.9,41.88,57.31,88.79,0.556,61.69
A0365,2025-05-02,5.9,57.01,78.54,122.47,0.556,84.65
A0365,2025-05-03,5.9,60.22,81.5,124.91,0.556,87.53
A0365,2025-05-04,5.9,52.8,69.34,103.06,0.556,74.02
A0365,2025-05-05,5.9,44.69,60.25,91.99,0.556,64.66
A0365,2025-05-06,5.9,50.66,67.93,103.14,0.556,72.82
A0365,2025-05-07,5.9,52.32,69.83,105.54,0.556,74.79
A0365,2025-05-08,5.9,54.79,74.77,115.54,0.556,80.43
A0365,2025-05-09,5.9,58.41,80.02,124.08,0.556,86.14
A0365,2025-05-10,5.9,203.1,283.3,446.88,0.556,306.02
A0365,2025-05-11,5.9,145.44,201.32,315.29,0.556,217.15
A0365,2025-05-12,5.9,186.15,257.29,402.4,0.556,277.45
A0366,2025-04-29,301.6,17.62,26.75,41.71,0.909,42.05
A0366,2025-04-30,301.6,28.32,39.41,57.58,0.909,57.99
A0366,2025-05-01,301.6,17.87,27.25,42.62,0.909,42.97
A0366,2025-05-02,301.6,25.75,38.03,58.15,0.909,58.6
A0366,2025-05-03,301.6,26.37,38.84,59.27,0.909,59.73
A0366,2025-05-04,301.6,19.95,27.46,39.76,0.909,40.03
A0366,2025-05-05,301.6,18.14,27.55,42.96,0.909,43.31
A0366,2025-05-06,301.6,17.71,26.83,41.78,0.909,42.12
A0366,2025-05-07,301.6,20.25,30.61,47.59,0.909,47.97
A0366,2025-05-08,301.6,51.52,76.11,116.39,0.909,117.31
A0366,2025-05-09,301.6,54.1,78.69,118.98,0.909,119.89
A0366,2025-05-10,301.6,57.51,82.56,123.62,0.909,124.55
A0366,2025-05-11,301.6,29.82,44.16,67.66,0.909,68.2
A0366,2025-05-12,301.6,46.23,68.94,106.15,0.909,107.0
A0367,2025-04-29,11.2,44.6,67.29,102.14,0.909,102.93
A0367,2025-04-30,11.2,54.95,85.48,132.36,0.909,133.43
A0367,2025-05-01,11.2,39.61,59.66,90.45,0.909,91.15
A0367,2025-05-02,11.2,54.2,81.36,123.08,0.909,124.02
A0367,2025-05-03,11.2,58.22,82.93,120.89,0.909,121.75
A0367,2025-05-04,11.2,48.31,73.11,111.2,0.909,112.07
A0367,2025-05-05,11.2,48.14,69.14,101.38,0.909,102.12
A0367,2025-05-06,11.2,52.02,74.66,109.43,0.909,110.22
A0367,2025-05-07,11.2,55.68,79.9,117.09,0.909,117.94
A0367,2025-05-08,11.2,56.53,82.86,123.3,0.909,124.22
A0367,2025-05-09,11.2,56.6,83.68,125.28,0.909,126.22
A0367,2025-05-10,11.2,60.36,85.03,122.93,0.909,123.79
A0367,2025-05-11,11.2,46.84,67.54,99.34,0.909,100.07
A0367,2025-05-12,11.2,59.24,84.95,124.44,0.909,125.34
A0368,2025-04-29,6.6,126.5,172.68,246.3,0.556,182.91
A0368,2025-04-30,6.6,159.27,204.36,276.21,0.556,214.33
A0368,2025-05-01,6.6,111.9,151.46,214.5,0.556,160.22
A0368,2025-05-02,6.6,143.91,199.79,288.83,0.556,212.15
A0368,2025-05-03,6.6,153.9,212.28,305.32,0.556,225.2
A0368,2025-05-04,6.6,134.35,173.22,235.18,0.556,181.83
A0368,2025-05-05,6.6,110.3,149.18,211.14,0.556,157.78
A0368,2025-05-06,6.6,127.4,174.19,248.76,0.556,184.54
A0368,2025-05-07,6.6,127.21,170.01,238.23,0.556,179.49
A0368,2025-05-08,6.6,139.53,192.64,277.28,0.556,204.39
A0368,2025-05-09,6.6,144.41,202.11,294.07,0.556,214.88
A0368,2025-05-10,6.6,154.25,212.15,304.43,0.556,224.97
A0368,2025-05-11,6.6,105.98,145.15,207.58,0.556,153.82
A0368,2025-05-12,6.6,133.48,184.25,265.17,0.556,195.49
A0369,2025-04-29,359.0,95.64,127.1,178.39,0.909,179.55
A0369,2025-04-30,359.0,133.44,171.56,233.71,0.909,235.13
A0369,2025-05-01,359.0,79.57,98.44,129.21,0.909,129.91
A0369,2025-05-02,359.0,108.38,140.44,192.73,0.909,193.92
A0369,2025-05-03,359.0,113.28,148.21,205.16,0.909,206.46
A0369,2025-05-04,359.0,110.59,140.05,188.08,0.909,189.17
A0369,2025-05-05,359.0,85.4,107.75,144.19,0.909,145.02
A0369,2025-05-06,359.0,96.06,127.76,179.44,0.909,180.62
A0369,2025-05-07,359.0,97.47,129.98,183.0,0.909,184.21
A0369,2025-05-08,359.0,103.15,134.57,185.8,0.909,186.97
A0369,2025-05-09,359.0,109.43,141.45,193.65,0.909,194.83
A0369,2025-05-10,359.0,112.75,148.24,206.12,0.909,207.44
A0369,2025-05-11,359.0,84.97,112.18,156.54,0.909,157.55
A0369,2025-05-12,359.0,101.0,132.24,183.18,0.909,184.34
A0370,2025-04-29,6.5,45.56,52.29,70.5,0.556,54.82
A0370,2025-04-30,6.5,61.96,66.55,78.99,0.556,68.28
A0370,2025-05-01,6.5,40.03,46.45,63.86,0.556,48.87
A0370,2025-05-02,6.5,53.67,61.43,82.46,0.556,64.35
A0370,2025-05-03,6.5,55.08,61.81,80.03,0.556,64.34
A0370,2025-05-04,6.5,50.75,55.22,67.35,0.556,56.91
A0370,2025-05-05,6.5,40.52,47.15,65.09,0.556,49.64
A0370,2025-05-06,6.5,44.45,51.23,69.58,0.556,53.78
A0370,2025-05-07,6.5,47.69,52.26,64.63,0.556,53.98
A0370,2025-05-08,6.5,52.12,58.35,75.2,0.556,60.69
A0370,2025-05-09,6.5,53.37,61.61,83.92,0.556,64.71
A0370,2025-05-10,6.5,55.99,62.44,79.89,0.556,64.86
A0370,2025-05-11,6.5,40.13,44.66,56.91,0.556,46.36
A0370,2025-05-12,6.5,51.09,57.92,76.39,0.556,60.48
A0371,2025-04-29,5.7,8.72,14.12,23.38,0.556,15.41
A0371,2025-04-30,5.7,12.47,19.67,32.01,0.556,21.38
A0371,2025-05-01,5.7,8.14,13.58,22.89,0.556,14.87
A0371,2025-05-02,5.7,11.31,17.95,29.31,0.556,19.53
A0371,2025-05-03,5.7,11.16,18.1,30.0,0.556,19.75
A0371,2025-05-04,5.7,9.24,14.15,22.57,0.556,15.32
A0371,2025-05-05,5.7,8.68,14.48,24.41,0.556,15.86
A0371,2025-05-06,5.7,9.11,14.48,23.69,0.556,15.76
A0371,2025-05-07,5.7,9.92,15.85,25.99,0.556,17.26
A0371,2025-05-08,5.7,10.87,17.08,27.73,0.556,18.56
A0371,2025-05-09,5.7,19.51,28.86,44.86,0.556,31.08
A0371,2025-05-10,5.7,19.66,29.73,46.99,0.556,32.13
A0371,2025-05-11,5.7,11.51,17.55,27.9,0.556,18.99
A0371,2025-05-12,5.7,9.67,15.96,26.74,0.556,17.46
A0372,2025-04-29,31.5,0.68,8.88,24.21,0.909,24.56
A0372,2025-04-30,31.5,2.04,13.46,33.94,0.909,34.41
A0372,2025-05-01,31.5,0.82,9.39,25.38,0.909,25.75
A0372,2025-05-02,31.5,1.83,12.84,32.33,0.909,32.77
A0372,2025-05-03,31.5,1.94,13.19,32.9,0.909,33.35
A0372,2025-05-04,31.5,0.91,10.69,28.08,0.909,28.47
A0372,2025-05-05,31.5,0.9,10.16,26.89,0.909,27.27
A0372,2025-05-06,31.5,0.78,10.0,26.47,0.909,26.84
A0372,2025-05-07,31.5,1.35,11.63,29.67,0.909,30.08
A0372,2025-05-08,31.5,1.63,12.52,31.63,0.909,32.07
A0372,2025-05-09,31.5,2.07,13.68,33.91,0.909,34.37
A0372,2025-05-10,31.5,2.46,14.56,35.52,0.909,36.0
A0372,2025-05-11,31.5,0.77,9.64,25.67,0.909,26.03
A0372,2025-05-12,31.5,1.58,12.33,31.18,0.909,31.61
A0373,2025-04-29,6.0,9.37,15.79,26.44,0.556,17.27
A0373,2025-04-30,6.0,12.82,19.59,30.85,0.556,21.16
A0373,2025-05-01,6.0,8.46,13.73,22.48,0.556,14.94
A0373,2025-05-02,6.0,12.82,20.38,32.93,0.556,22.12
A0373,2025-05-03,6.0,12.99,20.58,33.19,0.556,22.33
A0373,2025-05-04,6.0,8.89,14.21,23.03,0.556,15.43
A0373,2025-05-05,6.0,9.48,15.78,26.25,0.556,17.24
A0373,2025-05-06,6.0,10.0,16.39,27.01,0.556,17.87
A0373,2025-05-07,6.0,10.66,17.37,28.52,0.556,18.92
A0373,2025-05-08,6.0,10.86,17.69,29.04,0.556,19.27
A0373,2025-05-09,6.0,14.18,21.74,34.28,0.556,23.48
A0373,2025-05-10,6.0,12.79,20.3,32.75,0.556,22.03
A0373,2025-05-11,6.0,7.63,12.8,21.38,0.556,13.99
A0373,2025-05-12,6.0,11.5,19.1,31.72,0.556,20.85
A0374,2025-04-29,3.0,52.9,75.12,114.21,0.556,80.54
A0374,2025-04-30,3.0,71.48,102.88,158.14,0.556,110.55
A0374,2025-05-01,3.0,50.12,67.95,99.33,0.556,72.31
A0374,2025-05-02,3.0,64.93,88.87,131.0,0.556,94.72
A0374,2025-05-03,3.0,66.71,93.59,140.88,0.556,100.15
A0374,2025-05-04,3.0,56.34,79.34,119.84,0.556,84.97
A0374,2025-05-05,3.0,49.51,69.07,103.49,0.556,73.85
A0374,2025-05-06,3.0,53.2,75.17,113.84,0.556,80.54
A0374,2025-05-07,3.0,54.07,76.92,117.13,0.556,82.5
A0374,2025-05-08,3.0,62.8,86.46,128.12,0.556,92.25
A0374,2025-05-09,3.0,65.97,89.43,130.73,0.556,95.17
A0374,2025-05-10,3.0,66.46,93.32,140.58,0.556,99.88
A0374,2025-05-11,3.0,43.83,61.47,92.51,0.556,65.78
A0374,2025-05-12,3.0,59.22,83.07,125.03,0.556,88.89
A0375,2025-04-29,10.9,14.12,22.53,36.86,0.909,37.18
A0375,2025-04-30,10.9,20.31,33.01,54.63,0.909,55.12
A0375,2025-05-01,10.9,12.62,20.08,32.78,0.909,33.07
A0375,2025-05-02,10.9,15.59,24.67,40.12,0.909,40.47
A0375,2025-05-03,10.9,16.68,26.01,41.9,0.909,42.26
A0375,2025-05-04,10.9,16.17,26.05,42.88,0.909,43.26
A0375,2025-05-05,10.9,13.82,21.59,34.82,0.909,35.12
A0375,2025-05-06,10.9,14.11,22.48,36.73,0.909,37.05
A0375,2025-05-07,10.9,15.14,24.13,39.43,0.909,39.78
A0375,2025-05-08,10.9,16.12,25.23,40.75,0.909,41.1
A0375,2025-05-09,10.9,15.69,24.63,39.86,0.909,40.21
A0375,2025-05-10,10.9,17.17,26.55,42.52,0.909,42.88
A0375,2025-05-11,10.9,12.9,20.45,33.31,0.909,33.6
A0375,2025-05-12,10.9,16.43,25.35,40.54,0.909,40.88
A0376,2025-04-29,32.6,13.9,22.76,36.82,0.909,37.14
A0376,2025-04-30,32.6,21.21,32.46,50.29,0.909,50.7
A0376,2025-05-01,32.6,12.83,23.97,41.63,0.909,42.03
A0376,2025-05-02,32.6,22.9,39.54,65.92,0.909,66.52
A0376,2025-05-03,32.6,22.44,38.92,65.06,0.909,65.65
A0376,2025-05-04,32.6,19.75,31.92,51.21,0.909,51.65
A0376,2025-05-05,32.6,11.27,24.54,45.56,0.909,46.04
A0376,2025-05-06,32.6,13.1,22.17,36.55,0.909,36.88
A0376,2025-05-07,32.6,14.83,28.26,49.54,0.909,50.02
A0376,2025-05-08,32.6,16.91,29.41,49.24,0.909,49.69
A0376,2025-05-09,32.6,18.04,29.71,48.21,0.909,48.63
A0376,2025-05-10,32.6,19.34,33.68,56.42,0.909,56.93
A0376,2025-05-11,32.6,13.18,24.89,43.47,0.909,43.89
A0376,2025-05-12,32.6,16.16,28.9,49.1,0.909,49.56
A0377,2025-04-29,5.1,27.71,39.68,55.89,0.556,41.93
A0377,2025-04-30,5.1,35.96,51.91,73.49,0.556,54.91
A0377,2025-05-01,5.1,25.26,37.0,52.88,0.556,39.2
A0377,2025-05-02,5.1,34.08,49.82,71.1,0.556,52.77
A0377,2025-05-03,5.1,34.01,48.6,68.35,0.556,51.34
A0377,2025-05-04,5.1,26.45,37.56,52.61,0.556,39.65
A0377,2025-05-05,5.1,27.22,38.96,54.84,0.556,41.17
A0377,2025-05-06,5.1,27.35,39.41,55.72,0.556,41.67
A0377,2025-05-07,5.1,29.65,43.17,61.46,0.556,45.71
A0377,2025-05-08,5.1,31.18,45.01,63.72,0.556,47.61
A0377,2025-05-09,5.1,33.58,49.6,71.28,0.556,52.61
A0377,2025-05-10,5.1,34.38,48.87,68.48,0.556,51.6
A0377,2025-05-11,5.1,22.98,33.06,46.71,0.556,34.96
A0377,2025-05-12,5.1,30.83,44.17,62.23,0.556,46.68
A0378,2025-04-29,408.1,8.66,28.1,61.51,0.909,62.27
A0378,2025-04-30,408.1,14.38,40.57,86.79,0.909,87.84
A0378,2025-05-01,408.1,8.32,26.52,58.5,0.909,59.23
A0378,2025-05-02,408.1,12.83,36.68,78.18,0.909,79.12
A0378,2025-05-03,408.1,13.07,36.84,78.37,0.909,79.31
A0378,2025-05-04,408.1,10.43,31.97,69.69,0.909,70.55
A0378,2025-05-05,408.1,9.64,29.22,63.64,0.909,64.42
A0378,2025-05-06,408.1,9.62,29.49,64.12,0.909,64.91
A0378,2025-05-07,408.1,11.47,33.02,70.83,0.909,71.69
A0378,2025-05-08,408.1,12.28,34.96,74.96,0.909,75.86
A0378,2025-05-09,408.1,13.46,37.21,79.17,0.909,80.12
A0378,2025-05-10,408.1,14.33,38.79,82.03,0.909,83.01
A0378,2025-05-11,408.1,8.88,27.61,60.46,0.909,61.2
A0378,2025-05-12,408.1,11.66,33.52,72.04,0.909,72.92
A0379,2025-04-29,6.0,59.42,83.52,123.27,0.556,89.04
A0379,2025-04-30,6.0,79.11,106.81,152.47,0.556,113.15
A0379,2025-05-01,6.0,52.28,71.5,103.19,0.556,75.9
A0379,2025-05-02,6.0,69.15,97.17,143.38,0.556,103.59
A0379,2025-05-03,6.0,40.89,61.31,94.99,0.556,65.99
A0379,2025-05-04,6.0,36.98,53.14,79.78,0.556,56.84
A0379,2025-05-05,6.0,54.22,73.86,106.25,0.556,78.36
A0379,2025-05-06,6.0,55.6,78.4,115.99,0.556,83.62
A0379,2025-05-07,6.0,59.09,81.26,117.82,0.556,86.34
A0379,2025-05-08,6.0,63.43,87.42,126.97,0.556,92.91
A0379,2025-05-09,6.0,42.52,61.88,93.81,0.556,66.32
A0379,2025-05-10,6.0,43.67,64.26,98.23,0.556,68.98
A0379,2025-05-11,6.0,31.58,45.65,68.85,0.556,48.87
A0379,2025-05-12,6.0,40.68,57.99,86.54,0.556,61.96
A0380,2025-04-29,11.9,43.01,61.79,88.96,0.909,89.57
A0380,2025-04-30,11.9,58.46,84.37,121.84,0.909,122.69
A0380,2025-05-01,11.9,36.72,50.54,70.54,0.909,71.0
A0380,2025-05-02,11.9,47.69,68.36,98.26,0.909,98.94
A0380,2025-05-03,11.9,47.02,68.17,98.77,0.909,99.46
A0380,2025-05-04,11.9,49.4,71.94,104.53,0.909,105.27
A0380,2025-05-05,11.9,40.93,57.11,80.52,0.909,81.06
A0380,2025-05-06,11.9,41.61,60.26,87.25,0.909,87.86
A0380,2025-05-07,11.9,44.25,62.57,89.05,0.909,89.65
A0380,2025-05-08,11.9,47.03,67.18,96.33,0.909,97.0
A0380,2025-05-09,11.9,47.27,67.59,96.99,0.909,97.65
A0380,2025-05-10,11.9,47.75,69.02,99.77,0.909,100.47
A0380,2025-05-11,11.9,40.58,58.05,83.32,0.909,83.89
A0380,2025-05-12,11.9,49.02,69.7,99.62,0.909,100.3
A0381,2025-04-29,8.3,78.43,111.6,159.21,0.556,118.22
A0381,2025-04-30,8.3,110.53,155.31,219.58,0.556,164.24
A0381,2025-05-01,8.3,72.18,103.5,148.45,0.556,109.74
A0381,2025-05-02,8.3,90.86,131.75,190.44,0.556,139.9
A0381,2025-05-03,8.3,94.28,135.18,193.87,0.556,143.33
A0381,2025-05-04,8.3,86.52,120.51,169.3,0.556,127.29
A0381,2025-05-05,8.3,68.09,95.89,135.78,0.556,101.43
A0381,2025-05-06,8.3,77.39,110.64,158.34,0.556,117.26
A0381,2025-05-07,8.3,76.6,109.97,157.86,0.556,116.62
A0381,2025-05-08,8.3,89.69,130.65,189.43,0.556,138.82
A0381,2025-05-09,8.3,92.46,133.39,192.12,0.556,141.54
A0381,2025-05-10,8.3,93.58,134.56,193.37,0.556,142.73
A0381,2025-05-11,8.3,61.23,87.97,126.34,0.556,93.3
A0381,2025-05-12,8.3,82.27,117.07,167.02,0.556,124.01
A0382,2025-04-29,25.2,3.6,7.19,11.98,0.909,12.09
A0382,2025-04-30,25.2,5.83,8.97,13.15,0.909,13.24
A0382,2025-05-01,25.2,3.69,6.62,10.53,0.909,10.62
A0382,2025-05-02,25.2,4.89,9.03,14.57,0.909,14.69
A0382,2025-05-03,25.2,5.09,9.76,15.99,0.909,16.13
A0382,2025-05-04,25.2,7.72,11.93,17.54,0.909,17.67
A0382,2025-05-05,25.2,7.21,11.83,17.99,0.909,18.13
A0382,2025-05-06,25.2,7.38,13.54,21.76,0.909,21.95
A0382,2025-05-07,25.2,8.2,14.92,23.88,0.909,24.09
A0382,2025-05-08,25.2,8.81,16.46,26.68,0.909,26.92
A0382,2025-05-09,25.2,10.51,17.44,26.69,0.909,26.9
A0382,2025-05-10,25.2,11.18,19.36,30.28,0.909,30.53
A0382,2025-05-11,25.2,8.44,15.13,24.05,0.909,24.25
A0382,2025-05-12,25.2,13.9,21.93,32.65,0.909,32.9
A0383,2025-04-29,26.3,7.9,14.93,26.64,0.909,26.9
A0383,2025-04-30,26.3,10.7,21.44,39.34,0.909,39.75
A0383,2025-05-01,26.3,8.02,16.63,30.95,0.909,31.28
A0383,2025-05-02,26.3,11.97,20.7,35.23,0.909,35.56
A0383,2025-05-03,26.3,11.36,19.51,33.09,0.909,33.39
A0383,2025-05-04,26.3,8.38,17.24,32.0,0.909,32.33
A0383,2025-05-05,26.3,8.56,16.63,30.06,0.909,30.37
A0383,2025-05-06,26.3,8.16,15.17,26.85,0.909,27.11
A0383,2025-05-07,26.3,9.41,18.21,32.88,0.909,33.21
A0383,2025-05-08,26.3,10.32,20.23,36.75,0.909,37.12
A0383,2025-05-09,26.3,12.25,20.39,33.95,0.909,34.26
A0383,2025-05-10,26.3,11.92,21.0,36.13,0.909,36.47
A0383,2025-05-11,26.3,7.59,15.76,29.37,0.909,29.68
A0383,2025-05-12,26.3,9.66,17.55,30.69,0.909,30.99
A0384,2025-04-29,26.9,18.53,28.13,42.83,0.909,43.16
A0384,2025-04-30,26.9,25.78,38.1,56.96,0.909,57.39
A0384,2025-05-01,26.9,17.25,26.68,41.12,0.909,41.45
A0384,2025-05-02,26.9,23.18,34.63,52.16,0.909,52.56
A0384,2025-05-03,26.9,23.05,35.05,53.43,0.909,53.84
A0384,2025-05-04,26.9,19.93,30.13,45.75,0.909,46.1
A0384,2025-05-05,26.9,18.16,26.58,39.46,0.909,39.75
A0384,2025-05-06,26.9,18.6,28.42,43.45,0.909,43.79
A0384,2025-05-07,26.9,20.47,30.23,45.17,0.909,45.51
A0384,2025-05-08,26.9,22.2,34.35,52.96,0.909,53.38
A0384,2025-05-09,26.9,23.62,35.3,53.17,0.909,53.57
A0384,2025-05-10,26.9,23.66,35.89,54.61,0.909,55.04
A0384,2025-05-11,26.9,16.13,25.42,39.66,0.909,39.98
A0384,2025-05-12,26.9,21.52,31.51,46.82,0.909,47.17
A0385,2025-04-29,379.4,15.77,24.25,36.83,0.909,37.12
A0385,2025-04-30,379.4,19.14,33.31,54.3,0.909,54.78
A0385,2025-05-01,379.4,15.41,24.11,37.0,0.909,37.29
A0385,2025-05-02,379.4,96.6,176.59,295.14,0.909,297.83
A0385,2025-05-03,379.4,108.12,196.74,328.09,0.909,331.08
A0385,2025-05-04,379.4,82.31,151.4,253.8,0.909,256.13
A0385,2025-05-05,379.4,14.32,22.74,35.22,0.909,35.5
A0385,2025-05-06,379.4,15.68,24.23,36.89,0.909,37.17
A0385,2025-05-07,379.4,15.1,24.56,38.57,0.909,38.89
A0385,2025-05-08,379.4,18.13,30.26,48.24,0.909,48.65
A0385,2025-05-09,379.4,21.93,33.85,51.51,0.909,51.92
A0385,2025-05-10,379.4,21.37,34.29,53.44,0.909,53.88
A0385,2025-05-11,379.4,13.26,21.19,32.95,0.909,33.21
A0385,2025-05-12,379.4,18.7,29.24,44.87,0.909,45.22
A0386,2025-04-29,32.8,7.62,13.51,22.84,0.909,23.05
A0386,2025-04-30,32.8,11.39,21.22,36.81,0.909,37.17
A0386,2025-05-01,32.8,7.92,13.15,21.45,0.909,21.64
A0386,2025-05-02,32.8,11.06,18.91,31.36,0.909,31.64
A0386,2025-05-03,32.8,10.35,18.44,31.29,0.909,31.58
A0386,2025-05-04,32.8,8.89,16.03,27.37,0.909,27.62
A0386,2025-05-05,32.8,8.14,13.86,22.95,0.909,23.16
A0386,2025-05-06,32.8,7.9,13.86,23.33,0.909,23.54
A0386,2025-05-07,32.8,8.89,15.98,27.24,0.909,27.49
A0386,2025-05-08,32.8,10.06,17.28,28.72,0.909,28.99
A0386,2025-05-09,32.8,11.19,18.6,30.36,0.909,30.63
A0386,2025-05-10,32.8,10.89,19.61,33.46,0.909,33.77
A0386,2025-05-11,32.8,7.08,13.04,22.5,0.909,22.71
A0386,2025-05-12,32.8,9.42,16.05,26.57,0.909,26.81
A0387,2025-04-29,30.6,38.28,57.92,89.6,0.909,90.32
A0387,2025-04-30,30.6,24.11,33.45,48.51,0.909,48.85
A0387,2025-05-01,30.6,14.24,21.47,33.12,0.909,33.39
A0387,2025-05-02,30.6,21.49,32.48,50.2,0.909,50.61
A0387,2025-05-03,30.6,22.78,33.46,50.67,0.909,51.06
A0387,2025-05-04,30.6,21.23,29.72,43.41,0.909,43.72
A0387,2025-05-05,30.6,17.94,26.81,41.11,0.909,41.43
A0387,2025-05-06,30.6,17.8,25.99,39.2,0.909,39.5
A0387,2025-05-07,30.6,20.73,29.26,43.01,0.909,43.33
A0387,2025-05-08,30.6,22.12,31.04,45.42,0.909,45.75
A0387,2025-05-09,30.6,22.91,34.04,51.98,0.909,52.39
A0387,2025-05-10,30.6,25.32,36.4,54.29,0.909,54.69
A0387,2025-05-11,30.6,17.48,26.16,40.15,0.909,40.47
A0387,2025-05-12,30.6,20.6,30.3,45.95,0.909,46.31
A0388,2025-04-29,27.8,17.61,24.95,38.6,0.909,38.91
A0388,2025-04-30,27.8,26.22,38.64,61.75,0.909,62.27
A0388,2025-05-01,27.8,16.33,23.15,35.83,0.909,36.11
A0388,2025-05-02,27.8,22.53,32.86,52.07,0.909,52.51
A0388,2025-05-03,27.8,23.18,33.21,51.86,0.909,52.28
A0388,2025-05-04,27.8,21.09,30.07,46.79,0.909,47.17
A0388,2025-05-05,27.8,18.19,25.93,40.33,0.909,40.65
A0388,2025-05-06,27.8,17.66,25.12,38.98,0.909,39.3
A0388,2025-05-07,27.8,19.88,29.76,48.15,0.909,48.57
A0388,2025-05-08,27.8,21.31,31.61,50.78,0.909,51.21
A0388,2025-05-09,27.8,22.35,32.38,51.05,0.909,51.48
A0388,2025-05-10,27.8,24.22,35.05,55.19,0.909,55.65
A0388,2025-05-11,27.8,16.74,25.07,40.57,0.909,40.92
A0388,2025-05-12,27.8,20.81,30.23,47.74,0.909,48.14
A0389,2025-04-29,35.2,28.79,37.11,50.56,0.909,50.87
A0389,2025-04-30,35.2,42.53,53.36,70.84,0.909,71.23
A0389,2025-05-01,35.2,27.53,33.22,42.39,0.909,42.6
A0389,2025-05-02,35.2,38.17,48.59,65.43,0.909,65.81
A0389,2025-05-03,35.2,37.56,47.87,64.5,0.909,64.88
A0389,2025-05-04,35.2,33.77,41.35,53.59,0.909,53.87
A0389,2025-05-05,35.2,29.67,37.18,49.29,0.909,49.57
A0389,2025-05-06,35.2,29.65,38.02,51.53,0.909,51.83
A0389,2025-05-07,35.2,34.22,43.21,57.72,0.909,58.05
A0389,2025-05-08,35.2,35.57,46.24,63.46,0.909,63.85
A0389,2025-05-09,35.2,38.19,48.52,65.21,0.909,65.59
A0389,2025-05-10,35.2,39.35,49.93,67.02,0.909,67.41
A0389,2025-05-11,35.2,28.65,35.55,46.68,0.909,46.94
A0389,2025-05-12,35.2,32.84,43.86,61.65,0.909,62.05
A0390,2025-04-29,306.5,73.67,109.01,167.59,0.909,168.92
A0390,2025-04-30,306.5,108.46,158.8,242.24,0.909,244.14
A0390,2025-05-01,306.5,70.23,104.7,161.83,0.909,163.13
A0390,2025-05-02,306.5,66.72,95.71,143.76,0.909,144.85
A0390,2025-05-03,306.5,71.99,102.1,152.01,0.909,153.14
A0390,2025-05-04,306.5,50.65,72.54,108.83,0.909,109.65
A0390,2025-05-05,306.5,45.2,65.77,99.86,0.909,100.63
A0390,2025-05-06,306.5,14.97,24.87,41.27,0.909,41.65
A0390,2025-05-07,306.5,16.71,27.5,45.38,0.909,45.79
A0390,2025-05-08,306.5,21.07,33.61,54.4,0.909,54.87
A0390,2025-05-09,306.5,23.72,36.66,58.11,0.909,58.6
A0390,2025-05-10,306.5,26.69,40.2,62.59,0.909,63.1
A0390,2025-05-11,306.5,14.76,22.84,36.23,0.909,36.53
A0390,2025-05-12,306.5,22.52,33.55,51.84,0.909,52.26
A0391,2025-04-29,27.7,7.83,12.83,21.8,0.909,22.01
A0391,2025-04-30,27.7,12.01,21.18,37.64,0.909,38.01
A0391,2025-05-01,27.7,7.74,12.45,20.91,0.909,21.1
A0391,2025-05-02,27.7,10.05,17.69,31.41,0.909,31.72
A0391,2025-05-03,27.7,10.2,18.0,32.01,0.909,32.33
A0391,2025-05-04,27.7,9.14,16.07,28.5,0.909,28.78
A0391,2025-05-05,27.7,7.91,13.73,24.18,0.909,24.41
A0391,2025-05-06,27.7,7.77,12.86,21.99,0.909,22.2
A0391,2025-05-07,27.7,9.08,15.87,28.07,0.909,28.35
A0391,2025-05-08,27.7,10.02,16.53,28.22,0.909,28.49
A0391,2025-05-09,27.7,10.02,17.11,29.83,0.909,30.12
A0391,2025-05-10,27.7,10.82,19.49,35.05,0.909,35.4
A0391,2025-05-11,27.7,7.39,13.3,23.92,0.909,24.16
A0391,2025-05-12,27.7,9.08,15.57,27.23,0.909,27.49
A0392,2025-04-29,4.6,14.34,23.58,37.62,0.556,25.53
A0392,2025-04-30,4.6,22.29,33.95,51.65,0.556,36.41
A0392,2025-05-01,4.6,13.12,20.86,32.6,0.556,22.49
A0392,2025-05-02,4.6,18.71,30.48,48.33,0.556,32.96
A0392,2025-05-03,4.6,19.29,31.71,50.56,0.556,34.33
A0392,2025-05-04,4.6,16.36,25.13,38.43,0.556,26.98
A0392,2025-05-05,4.6,13.86,22.42,35.4,0.556,24.22
A0392,2025-05-06,4.6,14.91,24.14,38.16,0.556,26.09
A0392,2025-05-07,4.6,17.0,26.75,41.54,0.556,28.8
A0392,2025-05-08,4.6,17.57,27.78,43.27,0.556,29.93
A0392,2025-05-09,4.6,19.17,30.78,48.41,0.556,33.23
A0392,2025-05-10,4.6,19.63,32.22,51.34,0.556,34.88
A0392,2025-05-11,4.6,13.32,21.09,32.87,0.556,22.72
A0392,2025-05-12,4.6,46.26,69.87,105.7,0.556,74.85
A0393,2025-04-29,330.4,0.04,6.77,20.46,0.909,20.77
A0393,2025-04-30,330.4,1.35,10.69,29.13,0.909,29.55
A0393,2025-05-01,330.4,0.21,7.24,21.75,0.909,22.08
A0393,2025-05-02,330.4,1.05,10.28,28.0,0.909,28.41
A0393,2025-05-03,330.4,1.36,11.12,29.54,0.909,29.96
A0393,2025-05-04,330.4,0.38,8.68,24.51,0.909,24.87
A0393,2025-05-05,330.4,0.5,8.98,25.04,0.909,25.41
A0393,2025-05-06,330.4,0.45,9.12,25.11,0.909,25.48
A0393,2025-05-07,330.4,0.88,10.42,27.61,0.909,28.0
A0393,2025-05-08,330.4,1.35,11.89,30.66,0.909,31.09
A0393,2025-05-09,330.4,2.06,13.65,34.17,0.909,34.64
A0393,2025-05-10,330.4,2.5,14.55,35.83,0.909,36.31
A0393,2025-05-11,330.4,0.78,9.84,26.35,0.909,26.73
A0393,2025-05-12,330.4,1.51,12.33,31.32,0.909,31.76
A0394,2025-04-29,313.8,5.25,9.51,16.34,0.909,16.49
A0394,2025-04-30,313.8,6.09,12.6,23.03,0.909,23.26
A0394,2025-05-01,313.8,4.8,9.31,16.53,0.909,16.7
A0394,2025-05-02,313.8,7.68,13.54,22.92,0.909,23.13
A0394,2025-05-03,313.8,7.31,13.61,23.69,0.909,23.92
A0394,2025-05-04,313.8,4.0,8.5,15.71,0.909,15.87
A0394,2025-05-05,313.8,5.43,10.49,18.6,0.909,18.79
A0394,2025-05-06,313.8,5.55,9.75,16.49,0.909,16.64
A0394,2025-05-07,313.8,5.69,10.6,18.46,0.909,18.63
A0394,2025-05-08,313.8,6.0,10.86,18.65,0.909,18.83
A0394,2025-05-09,313.8,8.4,14.35,23.88,0.909,24.1
A0394,2025-05-10,313.8,12.52,20.42,33.07,0.909,33.36
A0394,2025-05-11,313.8,6.05,10.51,17.65,0.909,17.81
A0394,2025-05-12,313.8,10.37,17.83,29.77,0.909,30.04
A0395,2025-04-29,213.5,10.39,16.26,25.88,0.909,26.1
A0395,2025-04-30,213.5,15.43,24.33,38.92,0.909,39.25
A0395,2025-05-01,213.5,8.99,13.38,20.58,0.909,20.74
A0395,2025-05-02,213.5,13.9,20.95,32.5,0.909,32.76
A0395,2025-05-03,213.5,14.42,21.93,34.22,0.909,34.5
A0395,2025-05-04,213.5,11.62,18.21,29.02,0.909,29.26
A0395,2025-05-05,213.5,9.99,14.62,22.2,0.909,22.38
A0395,2025-05-06,213.5,10.28,16.08,25.59,0.909,25.8
A0395,2025-05-07,213.5,12.13,18.73,29.57,0.909,29.81
A0395,2025-05-08,213.5,11.97,17.92,27.67,0.909,27.89
A0395,2025-05-09,213.5,13.3,20.16,31.39,0.909,31.64
A0395,2025-05-10,213.5,14.8,22.35,34.74,0.909,35.02
A0395,2025-05-11,213.5,9.98,15.14,23.6,0.909,23.79
A0395,2025-05-12,213.5,11.58,17.22,26.46,0.909,26.67
A0396,2025-04-29,35.5,9.1,14.82,24.6,0.909,24.82
A0396,2025-04-30,35.5,13.91,22.41,36.97,0.909,37.3
A0396,2025-05-01,35.5,8.78,13.97,22.87,0.909,23.08
A0396,2025-05-02,35.5,12.35,19.67,32.21,0.909,32.5
A0396,2025-05-03,35.5,12.41,20.0,33.01,0.909,33.31
A0396,2025-05-04,35.5,10.51,16.77,27.51,0.909,27.75
A0396,2025-05-05,35.5,9.02,15.26,25.95,0.909,26.19
A0396,2025-05-06,35.5,9.48,15.14,24.84,0.909,25.06
A0396,2025-05-07,35.5,10.36,17.63,30.08,0.909,30.37
A0396,2025-05-08,35.5,11.54,18.86,31.4,0.909,31.68
A0396,2025-05-09,35.5,12.86,19.56,31.03,0.909,31.29
A0396,2025-05-10,35.5,12.91,21.25,35.54,0.909,35.86
A0396,2025-05-11,35.5,7.84,13.45,23.06,0.909,23.28
A0396,2025-05-12,35.5,10.94,17.97,30.0,0.909,30.28
A0397,2025-04-29,31.3,84.52,123.48,175.79,0.909,176.97
A0397,2025-04-30,31.3,111.35,173.59,257.14,0.909,259.04
A0397,2025-05-01,31.3,74.51,110.43,158.65,0.909,159.75
A0397,2025-05-02,31.3,108.78,157.18,222.14,0.909,223.62
A0397,2025-05-03,31.3,111.5,160.71,226.76,0.909,228.26
A0397,2025-05-04,31.3,19.19,30.82,46.43,0.909,46.78
A0397,2025-05-05,31.3,32.76,51.6,76.88,0.909,77.46
A0397,2025-05-06,31.3,32.75,51.02,75.54,0.909,76.09
A0397,2025-05-07,31.3,36.67,58.42,87.62,0.909,88.28
A0397,2025-05-08,31.3,39.98,62.5,92.72,0.909,93.41
A0397,2025-05-09,31.3,45.62,67.3,96.4,0.909,97.06
A0397,2025-05-10,31.3,23.19,35.91,53.0,0.909,53.39
A0397,2025-05-11,31.3,16.26,26.12,39.36,0.909,39.66
A0397,2025-05-12,31.3,21.47,32.71,47.8,0.909,48.14
A0398,2025-04-29,34.7,21.53,33.08,50.98,0.909,51.39
A0398,2025-04-30,34.7,29.61,45.89,71.15,0.909,71.72
A0398,2025-05-01,34.7,19.27,30.5,47.92,0.909,48.32
A0398,2025-05-02,34.7,26.45,41.92,65.93,0.909,66.48
A0398,2025-05-03,34.7,27.09,43.26,68.35,0.909,68.92
A0398,2025-05-04,34.7,20.97,32.81,51.18,0.909,51.6
A0398,2025-05-05,34.7,12.76,21.81,35.86,0.909,36.17
A0398,2025-05-06,34.7,13.78,21.87,34.41,0.909,34.69
A0398,2025-05-07,34.7,16.44,27.3,44.16,0.909,44.54
A0398,2025-05-08,34.7,18.09,27.83,42.92,0.909,43.26
A0398,2025-05-09,34.7,19.45,29.82,45.9,0.909,46.27
A0398,2025-05-10,34.7,21.67,33.83,52.69,0.909,53.11
A0398,2025-05-11,34.7,13.91,22.27,35.22,0.909,35.52
A0398,2025-05-12,34.7,18.02,27.65,42.6,0.909,42.94
A0399,2025-04-29,4.6,35.04,52.64,81.91,0.556,56.7
A0399,2025-04-30,4.6,46.9,68.96,105.66,0.556,74.06
A0399,2025-05-01,4.6,30.63,45.06,69.05,0.556,48.39
A0399,2025-05-02,4.6,39.34,63.16,102.77,0.556,68.66
A0399,2025-05-03,4.6,41.74,64.48,102.31,0.556,69.73
A0399,2025-05-04,4.6,29.79,45.87,72.61,0.556,49.58
A0399,2025-05-05,4.6,30.76,46.85,73.61,0.556,50.57
A0399,2025-05-06,4.6,13.55,23.6,40.31,0.556,25.92
A0399,2025-05-07,4.6,16.34,26.83,44.29,0.556,29.26
A0399,2025-05-08,4.6,18.36,28.98,46.65,0.556,31.43
A0399,2025-05-09,4.6,20.03,33.58,56.11,0.556,36.71
A0399,2025-05-10,4.6,23.24,36.29,57.99,0.556,39.3
A0399,2025-05-11,4.6,16.0,24.1,37.59,0.556,25.98
A0399,2025-05-12,4.6,21.95,32.88,51.05,0.556,35.4
A0400,2025-04-29,8.0,50.21,67.49,97.71,0.556,71.69
A0400,2025-04-30,8.0,65.16,86.14,122.84,0.556,91.24
A0400,2025-05-01,8.0,41.99,58.6,87.64,0.556,62.64
A0400,2025-05-02,8.0,59.04,83.23,125.54,0.556,89.11
A0400,2025-05-03,8.0,60.94,84.3,125.15,0.556,89.97
A0400,2025-05-04,8.0,52.0,71.13,104.59,0.556,75.78
A0400,2025-05-05,8.0,45.59,61.96,90.6,0.556,65.94
A0400,2025-05-06,8.0,49.29,66.42,96.36,0.556,70.57
A0400,2025-05-07,8.0,53.06,71.09,102.64,0.556,75.48
A0400,2025-05-08,8.0,55.85,77.18,114.48,0.556,82.36
A0400,2025-05-09,8.0,57.2,80.73,121.86,0.556,86.44
A0400,2025-05-10,8.0,62.23,85.89,127.26,0.556,91.64
A0400,2025-05-11,8.0,44.32,60.96,90.05,0.556,65.0
A0400,2025-05-12,8.0,55.66,74.98,108.78,0.556,79.68
A0401,2025-04-29,400.9,102.06,134.98,190.87,0.909,192.14
A0401,2025-04-30,400.9,141.15,193.45,282.27,0.909,284.29
A0401,2025-05-01,400.9,86.26,110.38,151.34,0.909,152.27
A0401,2025-05-02,400.9,113.9,152.57,218.23,0.909,219.72
A0401,2025-05-03,400.9,119.38,160.62,230.66,0.909,232.25
A0401,2025-05-04,400.9,111.74,150.26,215.66,0.909,217.15
A0401,2025-05-05,400.9,91.51,121.02,171.14,0.909,172.28
A0401,2025-05-06,400.9,102.04,135.32,191.82,0.909,193.1
A0401,2025-05-07,400.9,107.91,144.21,205.86,0.909,207.26
A0401,2025-05-08,400.9,110.61,144.7,202.59,0.909,203.91
A0401,2025-05-09,400.9,112.86,151.96,218.35,0.909,219.86
A0401,2025-05-10,400.9,119.53,161.62,233.09,0.909,234.72
A0401,2025-05-11,400.9,91.31,123.08,177.03,0.909,178.25
A0401,2025-05-12,400.9,105.43,142.0,204.11,0.909,205.52
A0402,2025-04-29,407.8,20.11,33.56,54.04,0.909,54.51
A0402,2025-04-30,407.8,27.9,47.61,77.61,0.909,78.29
A0402,2025-05-01,407.8,19.13,32.13,51.93,0.909,52.38
A0402,2025-05-02,407.8,27.2,45.67,73.77,0.909,74.4
A0402,2025-05-03,407.8,26.79,42.98,67.61,0.909,68.17
A0402,2025-05-04,407.8,22.57,36.59,57.93,0.909,58.41
A0402,2025-05-05,407.8,21.19,35.14,56.37,0.909,56.85
A0402,2025-05-06,407.8,20.47,34.3,55.35,0.909,55.83
A0402,2025-05-07,407.8,24.95,43.2,70.99,0.909,71.62
A0402,2025-05-08,407.8,25.81,42.87,68.83,0.909,69.42
A0402,2025-05-09,407.8,26.28,44.17,71.39,0.909,72.01
A0402,2025-05-10,407.8,28.93,46.72,73.79,0.909,74.4
A0402,2025-05-11,407.8,21.95,36.84,59.5,0.909,60.02
A0402,2025-05-12,407.8,23.23,38.34,61.34,0.909,61.87
A0403,2025-04-29,394.1,4.77,11.73,21.3,0.909,21.52
A0403,2025-04-30,394.1,7.24,17.29,31.13,0.909,31.44
A0403,2025-05-01,394.1,4.26,10.69,19.53,0.909,19.73
A0403,2025-05-02,394.1,6.37,14.68,26.13,0.909,26.39
A0403,2025-05-03,394.1,6.25,14.51,25.88,0.909,26.13
A0403,2025-05-04,394.1,5.53,13.71,24.97,0.909,25.23
A0403,2025-05-05,394.1,5.05,12.53,22.81,0.909,23.04
A0403,2025-05-06,394.1,4.87,11.78,21.29,0.909,21.51
A0403,2025-05-07,394.1,5.79,13.35,23.74,0.909,23.98
A0403,2025-05-08,394.1,5.73,14.61,26.82,0.909,27.1
A0403,2025-05-09,394.1,6.35,14.0,24.53,0.909,24.77
A0403,2025-05-10,394.1,6.75,15.71,28.04,0.909,28.32
A0403,2025-05-11,394.1,4.78,11.43,20.57,0.909,20.78
A0403,2025-05-12,394.1,5.87,14.38,26.1,0.909,26.37
A0404,2025-04-29,293.5,65.06,87.44,124.72,0.909,125.57
A0404,2025-04-30,293.5,83.89,112.12,159.15,0.909,160.21
A0404,2025-05-01,293.5,56.66,75.48,106.84,0.909,107.55
A0404,2025-05-02,293.5,75.29,100.63,142.86,0.909,143.82
A0404,2025-05-03,293.5,78.81,104.45,147.17,0.909,148.14
A0404,2025-05-04,293.5,68.97,92.64,132.07,0.909,132.97
A0404,2025-05-05,293.5,59.39,78.98,111.61,0.909,112.35
A0404,2025-05-06,293.5,64.35,86.8,124.21,0.909,125.06
A0404,2025-05-07,293.5,67.36,90.47,128.98,0.909,129.85
A0404,2025-05-08,293.5,70.02,93.95,133.82,0.909,134.72
A0404,2025-05-09,293.5,73.01,98.17,140.07,0.909,141.03
A0404,2025-05-10,293.5,78.4,104.26,147.36,0.909,148.34
A0404,2025-05-11,293.5,58.39,78.65,112.4,0.909,113.17
A0404,2025-05-12,293.5,67.21,90.87,130.29,0.909,131.19
A0405,2025-04-29,399.3,8.8,14.17,21.58,0.909,21.75
A0405,2025-04-30,399.3,13.22,21.09,31.99,0.909,32.23
A0405,2025-05-01,399.3,8.42,12.64,18.47,0.909,18.6
A0405,2025-05-02,399.3,11.83,19.01,28.94,0.909,29.16
A0405,2025-05-03,399.3,11.59,17.17,24.91,0.909,25.08
A0405,2025-05-04,399.3,11.08,17.11,25.45,0.909,25.64
A0405,2025-05-05,399.3,9.47,15.81,24.58,0.909,24.78
A0405,2025-05-06,399.3,9.16,14.45,21.76,0.909,21.93
A0405,2025-05-07,399.3,10.65,16.81,25.32,0.909,25.52
A0405,2025-05-08,399.3,11.02,16.58,24.27,0.909,24.44
A0405,2025-05-09,399.3,11.72,18.37,27.57,0.909,27.78
A0405,2025-05-10,399.3,12.33,18.32,26.61,0.909,26.8
A0405,2025-05-11,399.3,9.52,14.5,21.38,0.909,21.54
A0405,2025-05-12,399.3,10.66,17.76,27.59,0.909,27.82
A0406,2025-04-29,349.3,11.74,21.6,35.15,0.909,35.46
A0406,2025-04-30,349.3,17.53,29.52,45.99,0.909,46.36
A0406,2025-05-01,349.3,11.21,21.34,35.27,0.909,35.58
A0406,2025-05-02,349.3,16.11,31.4,52.42,0.909,52.89
A0406,2025-05-03,349.3,15.67,30.66,51.24,0.909,51.71
A0406,2025-05-04,349.3,14.75,26.25,42.05,0.909,42.41
A0406,2025-05-05,349.3,12.52,24.37,40.66,0.909,41.03
A0406,2025-05-06,349.3,11.63,21.73,35.61,0.909,35.93
A0406,2025-05-07,349.3,13.95,27.5,46.12,0.909,46.55
A0406,2025-05-08,349.3,15.09,29.47,49.23,0.909,49.68
A0406,2025-05-09,349.3,16.05,31.45,52.61,0.909,53.09
A0406,2025-05-10,349.3,17.3,33.9,56.71,0.909,57.22
A0406,2025-05-11,349.3,13.11,27.46,47.18,0.909,47.63
A0406,2025-05-12,349.3,14.32,27.69,46.06,0.909,46.48
A0407,2025-04-29,382.2,48.99,65.72,94.3,0.909,94.95
A0407,2025-04-30,382.2,68.52,93.13,135.15,0.909,136.1
A0407,2025-05-01,382.2,42.38,55.17,77.01,0.909,77.51
A0407,2025-05-02,382.2,59.65,79.42,113.17,0.909,113.93
A0407,2025-05-03,382.2,60.09,79.9,113.73,0.909,114.49
A0407,2025-05-04,382.2,56.22,75.58,108.66,0.909,109.41
A0407,2025-05-05,382.2,47.76,62.33,87.22,0.909,87.79
A0407,2025-05-06,382.2,50.74,67.4,95.86,0.909,96.5
A0407,2025-05-07,382.2,56.0,74.72,106.68,0.909,107.4
A0407,2025-05-08,382.2,56.55,75.12,106.85,0.909,107.57
A0407,2025-05-09,382.2,117.75,157.88,226.4,0.909,227.96
A0407,2025-05-10,382.2,122.57,166.64,241.89,0.909,243.6
A0407,2025-05-11,382.2,83.2,118.02,177.47,0.909,178.83
A0407,2025-05-12,382.2,102.17,139.0,201.89,0.909,203.32
A0408,2025-04-29,26.9,17.85,27.19,41.89,0.909,42.23
A0408,2025-04-30,26.9,26.16,39.74,61.13,0.909,61.61
A0408,2025-05-01,26.9,16.04,25.11,39.39,0.909,39.72
A0408,2025-05-02,26.9,23.47,35.79,55.2,0.909,55.64
A0408,2025-05-03,26.9,22.93,35.99,56.56,0.909,57.03
A0408,2025-05-04,26.9,19.71,30.94,48.63,0.909,49.03
A0408,2025-05-05,26.9,17.76,28.54,45.53,0.909,45.92
A0408,2025-05-06,26.9,18.1,27.55,42.45,0.909,42.79
A0408,2025-05-07,26.9,20.04,30.24,46.3,0.909,46.67
A0408,2025-05-08,26.9,21.48,32.96,51.04,0.909,51.45
A0408,2025-05-09,26.9,23.69,35.28,53.52,0.909,53.93
A0408,2025-05-10,26.9,23.77,37.93,60.24,0.909,60.74
A0408,2025-05-11,26.9,16.26,25.82,40.88,0.909,41.22
A0408,2025-05-12,26.9,20.6,32.29,50.71,0.909,51.13
A0409,2025-04-29,6.9,12.44,46.08,117.5,0.556,56.0
A0409,2025-04-30,6.9,31.87,92.63,225.56,0.556,111.09
A0409,2025-05-01,6.9,23.59,68.39,158.05,0.556,80.84
A0409,2025-05-02,6.9,39.78,104.56,236.83,0.556,122.93
A0409,2025-05-03,6.9,45.84,115.25,255.75,0.556,134.77
A0409,2025-05-04,6.9,41.08,107.34,239.48,0.556,125.7
A0409,2025-05-05,6.9,35.15,90.96,199.2,0.556,105.99
A0409,2025-05-06,6.9,38.29,96.89,210.84,0.556,112.72
A0409,2025-05-07,6.9,44.12,107.42,231.42,0.556,124.64
A0409,2025-05-08,6.9,48.41,116.13,251.35,0.556,134.91
A0409,2025-05-09,6.9,52.79,124.25,267.41,0.556,144.14
A0409,2025-05-10,6.9,55.99,129.13,275.84,0.556,149.51
A0409,2025-05-11,6.9,33.65,85.29,182.79,0.556,98.84
A0409,2025-05-12,6.9,47.78,112.09,239.27,0.556,129.75
A0410,2025-04-29,7.0,7.94,28.22,61.58,0.556,32.86
A0410,2025-04-30,7.0,13.58,39.92,85.12,0.556,46.2
A0410,2025-05-01,7.0,7.64,26.91,58.88,0.556,31.35
A0410,2025-05-02,7.0,12.29,36.76,78.17,0.556,42.51
A0410,2025-05-03,7.0,12.86,37.39,79.24,0.556,43.2
A0410,2025-05-04,7.0,10.18,32.28,69.81,0.556,37.49
A0410,2025-05-05,7.0,8.69,28.77,62.41,0.556,33.44
A0410,2025-05-06,7.0,9.41,30.22,65.21,0.556,35.08
A0410,2025-05-07,7.0,10.99,33.06,70.65,0.556,38.28
A0410,2025-05-08,7.0,12.0,35.21,75.03,0.556,40.74
A0410,2025-05-09,7.0,13.49,38.05,80.5,0.556,43.95
A0410,2025-05-10,7.0,14.19,39.1,82.38,0.556,45.11
A0410,2025-05-11,7.0,7.96,26.94,58.85,0.556,31.37
A0410,2025-05-12,7.0,11.67,34.28,73.06,0.556,39.66
A0411,2025-04-29,13.1,45.02,63.8,93.19,0.909,93.86
A0411,2025-04-30,13.1,55.64,80.04,118.22,0.909,119.08
A0411,2025-05-01,13.1,40.18,55.76,80.13,0.909,80.69
A0411,2025-05-02,13.1,53.97,74.32,106.16,0.909,106.88
A0411,2025-05-03,13.1,54.0,75.76,109.81,0.909,110.58
A0411,2025-05-04,13.1,47.09,66.53,96.94,0.909,97.63
A0411,2025-05-05,13.1,43.43,60.41,86.99,0.909,87.6
A0411,2025-05-06,13.1,127.86,181.38,265.11,0.909,267.02
A0411,2025-05-07,13.1,136.63,196.48,290.12,0.909,292.25
A0411,2025-05-08,13.1,143.13,203.33,297.52,0.909,299.66
A0411,2025-05-09,13.1,152.29,210.58,301.77,0.909,303.84
A0411,2025-05-10,13.1,44.37,66.0,99.85,0.909,100.62
A0411,2025-05-11,13.1,35.51,53.11,80.66,0.909,81.29
A0411,2025-05-12,13.1,43.82,64.81,97.65,0.909,98.39
A0412,2025-04-29,3.5,28.13,43.24,63.33,0.556,46.03
A0412,2025-04-30,3.5,33.4,50.28,72.72,0.556,53.4
A0412,2025-05-01,3.5,24.11,36.31,52.53,0.556,38.56
A0412,2025-05-02,3.5,30.59,45.89,66.23,0.556,48.71
A0412,2025-05-03,3.5,32.83,49.74,72.23,0.556,52.87
A0412,2025-05-04,3.5,25.46,38.1,54.9,0.556,40.43
A0412,2025-05-05,3.5,25.41,38.74,56.46,0.556,41.2
A0412,2025-05-06,3.5,27.94,43.11,63.27,0.556,45.91
A0412,2025-05-07,3.5,28.04,42.35,61.39,0.556,45.0
A0412,2025-05-08,3.5,30.54,46.01,66.57,0.556,48.86
A0412,2025-05-09,3.5,30.59,46.06,66.63,0.556,48.92
A0412,2025-05-10,3.5,32.54,49.36,71.72,0.556,52.47
A0412,2025-05-11,3.5,22.58,34.02,49.23,0.556,36.13
A0412,2025-05-12,3.5,30.69,46.41,67.33,0.556,49.32
A0413,2025-04-29,7.4,13.14,22.39,36.27,0.556,24.32
A0413,2025-04-30,7.4,17.56,27.23,41.72,0.556,29.24
A0413,2025-05-01,7.4,12.59,19.97,31.03,0.556,21.5
A0413,2025-05-02,7.4,18.02,29.03,45.53,0.556,31.32
A0413,2025-05-03,7.4,17.48,29.07,46.43,0.556,31.48
A0413,2025-05-04,7.4,15.2,23.65,36.32,0.556,25.41
A0413,2025-05-05,7.4,13.31,21.4,33.51,0.556,23.08
A0413,2025-05-06,7.4,14.66,23.93,37.81,0.556,25.86
A0413,2025-05-07,7.4,15.27,24.25,37.7,0.556,26.11
A0413,2025-05-08,7.4,17.42,27.46,42.51,0.556,29.55
A0413,2025-05-09,7.4,32.3,54.76,88.43,0.556,59.44
A0413,2025-05-10,7.4,32.57,56.54,92.46,0.556,61.53
A0413,2025-05-11,7.4,21.6,38.12,62.89,0.556,41.56
A0413,2025-05-12,7.4,27.33,47.92,78.79,0.556,52.21
A0414,2025-04-29,2.9,32.12,45.78,68.41,0.556,48.92
A0414,2025-04-30,2.9,41.78,58.53,86.28,0.556,62.38
A0414,2025-05-01,2.9,29.15,41.6,62.24,0.556,44.47
A0414,2025-05-02,2.9,37.69,52.98,78.32,0.556,56.5
A0414,2025-05-03,2.9,40.43,57.94,86.95,0.556,61.97
A0414,2025-05-04,2.9,34.14,48.1,71.25,0.556,51.32
A0414,2025-05-05,2.9,30.21,43.99,66.83,0.556,47.16
A0414,2025-05-06,2.9,32.86,46.54,69.21,0.556,49.69
A0414,2025-05-07,2.9,33.98,47.87,70.89,0.556,51.06
A0414,2025-05-08,2.9,36.97,52.18,77.38,0.556,55.68
A0414,2025-05-09,2.9,38.19,53.59,79.12,0.556,57.14
A0414,2025-05-10,2.9,41.25,58.69,87.59,0.556,62.7
A0414,2025-05-11,2.9,28.32,40.44,60.52,0.556,43.23
A0414,2025-05-12,2.9,35.75,51.97,78.86,0.556,55.71
A0415,2025-04-29,5.8,11.93,19.15,30.57,0.556,20.74
A0415,2025-04-30,5.8,16.03,26.41,42.82,0.556,28.69
A0415,2025-05-01,5.8,21.37,34.15,54.36,0.556,36.96
A0415,2025-05-02,5.8,29.36,48.06,77.64,0.556,52.17
A0415,2025-05-03,5.8,29.72,50.64,83.72,0.556,55.24
A0415,2025-05-04,5.8,19.89,33.63,55.36,0.556,36.65
A0415,2025-05-05,5.8,22.01,35.6,57.09,0.556,38.58
A0415,2025-05-06,5.8,21.96,35.73,57.51,0.556,38.76
A0415,2025-05-07,5.8,12.17,20.88,34.64,0.556,22.79
A0415,2025-05-08,5.8,12.92,21.68,35.53,0.556,23.61
A0415,2025-05-09,5.8,15.13,25.07,40.78,0.556,27.25
A0415,2025-05-10,5.8,15.54,26.62,44.14,0.556,29.06
A0415,2025-05-11,5.8,10.71,17.3,27.72,0.556,18.75
A0415,2025-05-12,5.8,13.89,22.38,35.8,0.556,24.24
A0416,2025-04-29,419.9,57.87,79.44,112.15,0.909,112.89
A0416,2025-04-30,419.9,80.28,104.08,140.18,0.909,141.0
A0416,2025-05-01,419.9,49.76,65.72,89.91,0.909,90.46
A0416,2025-05-02,419.9,66.43,89.8,125.24,0.909,126.05
A0416,2025-05-03,419.9,65.21,89.45,126.19,0.909,127.03
A0416,2025-05-04,419.9,66.03,86.13,116.61,0.909,117.31
A0416,2025-05-05,419.9,52.42,70.1,96.91,0.909,97.52
A0416,2025-05-06,419.9,56.57,78.46,111.65,0.909,112.4
A0416,2025-05-07,419.9,58.02,79.09,111.04,0.909,111.77
A0416,2025-05-08,419.9,61.81,83.1,115.37,0.909,116.11
A0416,2025-05-09,419.9,66.36,89.7,125.07,0.909,125.88
A0416,2025-05-10,419.9,66.72,91.62,129.38,0.909,130.24
A0416,2025-05-11,419.9,51.8,71.21,100.65,0.909,101.32
A0416,2025-05-12,419.9,60.44,81.53,113.5,0.909,114.23
A0417,2025-04-29,157.1,16.6,25.15,40.07,0.909,40.41
A0417,2025-04-30,157.1,26.25,40.98,66.66,0.909,67.24
A0417,2025-05-01,157.1,13.83,21.92,36.04,0.909,36.36
A0417,2025-05-02,157.1,18.71,28.82,46.46,0.909,46.86
A0417,2025-05-03,157.1,20.47,30.66,48.44,0.909,48.84
A0417,2025-05-04,157.1,18.17,27.66,44.23,0.909,44.6
A0417,2025-05-05,157.1,14.98,22.63,35.99,0.909,36.29
A0417,2025-05-06,157.1,16.29,24.92,39.99,0.909,40.33
A0417,2025-05-07,157.1,18.35,28.05,44.97,0.909,45.36
A0417,2025-05-08,157.1,18.15,27.68,44.3,0.909,44.67
A0417,2025-05-09,157.1,18.46,28.79,46.82,0.909,47.23
A0417,2025-05-10,157.1,20.83,30.99,48.7,0.909,49.1
A0417,2025-05-11,157.1,14.09,21.5,34.42,0.909,34.71
A0417,2025-05-12,157.1,18.08,26.67,41.65,0.909,41.99
A0418,2025-04-29,30.8,14.79,21.59,32.14,0.909,32.38
A0418,2025-04-30,30.8,23.14,32.15,46.14,0.909,46.46
A0418,2025-05-01,30.8,49.87,83.98,136.93,0.909,138.14
A0418,2025-05-02,30.8,77.72,119.18,183.55,0.909,185.01
A0418,2025-05-03,30.8,82.26,123.72,188.11,0.909,189.57
A0418,2025-05-04,30.8,70.0,97.74,140.81,0.909,141.78
A0418,2025-05-05,30.8,12.4,20.93,34.18,0.909,34.48
A0418,2025-05-06,30.8,12.3,19.28,30.13,0.909,30.38
A0418,2025-05-07,30.8,15.87,25.37,40.11,0.909,40.44
A0418,2025-05-08,30.8,17.7,26.64,40.51,0.909,40.82
A0418,2025-05-09,30.8,18.33,27.56,41.9,0.909,42.23
A0418,2025-05-10,30.8,20.85,30.95,46.63,0.909,46.98
A0418,2025-05-11,30.8,15.25,22.51,33.78,0.909,34.03
A0418,2025-05-12,30.8,17.87,26.56,40.05,0.909,40.36
A0419,2025-04-29,9.9,26.53,41.87,63.65,0.556,44.89
A0419,2025-04-30,9.9,33.19,51.52,77.58,0.556,55.14
A0419,2025-05-01,9.9,22.7,33.39,48.59,0.556,35.5
A0419,2025-05-02,9.9,29.15,45.46,68.62,0.556,48.67
A0419,2025-05-03,9.9,29.91,45.37,67.33,0.556,48.42
A0419,2025-05-04,9.9,27.86,43.56,65.85,0.556,46.65
A0419,2025-05-05,9.9,24.38,37.07,55.09,0.556,39.57
A0419,2025-05-06,9.9,27.15,42.62,64.59,0.556,45.67
A0419,2025-05-07,9.9,27.11,41.76,62.57,0.556,44.65
A0419,2025-05-08,9.9,29.3,44.29,65.59,0.556,47.25
A0419,2025-05-09,9.9,30.6,47.3,71.02,0.556,50.59
A0419,2025-05-10,9.9,29.75,45.08,66.85,0.556,48.1
A0419,2025-05-11,9.9,25.1,38.97,58.67,0.556,41.7
A0419,2025-05-12,9.9,29.4,45.56,68.52,0.556,48.75
A0420,2025-04-29,9.6,161.88,222.34,316.92,0.556,235.48
A0420,2025-04-30,9.6,465.8,653.06,946.01,0.556,693.75
A0420,2025-05-01,9.6,323.89,439.16,619.48,0.556,464.2
A0420,2025-05-02,9.6,422.88,568.4,796.04,0.556,600.02
A0420,2025-05-03,9.6,168.55,233.05,333.94,0.556,247.06
A0420,2025-05-04,9.6,162.59,235.99,350.81,0.556,251.94
A0420,2025-05-05,9.6,138.25,195.5,285.07,0.556,207.95
A0420,2025-05-06,9.6,150.18,210.61,305.13,0.556,223.74
A0420,2025-05-07,9.6,164.31,227.61,326.63,0.556,241.36
A0420,2025-05-08,9.6,176.96,244.84,351.01,0.556,259.58
A0420,2025-05-09,9.6,171.94,237.72,340.62,0.556,252.01
A0420,2025-05-10,9.6,605.18,841.18,1210.35,0.556,892.45
A0420,2025-05-11,9.6,550.42,762.76,1094.92,0.556,808.89
A0420,2025-05-12,9.6,647.51,910.29,1321.35,0.556,967.38
A0421,2025-04-29,5.9,45.2,72.03,105.45,0.556,76.67
A0421,2025-04-30,5.9,57.19,90.0,130.86,0.556,95.67
A0421,2025-05-01,5.9,41.61,64.61,93.26,0.556,68.59
A0421,2025-05-02,5.9,52.67,85.05,125.39,0.556,90.65
A0421,2025-05-03,5.9,55.99,88.84,129.76,0.556,94.52
A0421,2025-05-04,5.9,21.92,38.62,59.43,0.556,41.51
A0421,2025-05-05,5.9,22.05,36.78,55.13,0.556,39.32
A0421,2025-05-06,5.9,24.43,41.47,62.69,0.556,44.41
A0421,2025-05-07,5.9,26.28,42.78,63.33,0.556,45.63
A0421,2025-05-08,5.9,30.45,50.23,74.88,0.556,53.65
A0421,2025-05-09,5.9,31.59,52.4,78.32,0.556,56.0
A0421,2025-05-10,5.9,33.76,54.36,80.02,0.556,57.92
A0421,2025-05-11,5.9,24.36,39.07,57.41,0.556,41.62
A0421,2025-05-12,5.9,30.71,49.2,72.22,0.556,52.4
A0422,2025-04-29,3.4,49.79,72.68,108.25,0.556,77.62
A0422,2025-04-30,3.4,65.25,92.82,135.66,0.556,98.77
A0422,2025-05-01,3.4,44.86,66.64,100.49,0.556,71.35
A0422,2025-05-02,3.4,56.9,84.19,126.6,0.556,90.08
A0422,2025-05-03,3.4,60.52,87.54,129.52,0.556,93.37
A0422,2025-05-04,3.4,49.56,71.55,105.72,0.556,76.29
A0422,2025-05-05,3.4,45.53,68.37,103.85,0.556,73.3
A0422,2025-05-06,3.4,49.7,72.3,107.41,0.556,77.17
A0422,2025-05-07,3.4,49.38,71.04,104.69,0.556,75.71
A0422,2025-05-08,3.4,55.52,81.06,120.75,0.556,86.57
A0422,2025-05-09,3.4,57.25,83.74,124.9,0.556,89.45
A0422,2025-05-10,3.4,59.99,87.19,129.46,0.556,93.06
A0422,2025-05-11,3.4,38.96,56.55,83.88,0.556,60.35
A0422,2025-05-12,3.4,54.51,79.88,119.31,0.556,85.36
A0423,2025-04-29,318.7,7.86,12.84,20.7,0.909,20.88
A0423,2025-04-30,318.7,9.56,16.55,27.56,0.909,27.81
A0423,2025-05-01,318.7,7.48,13.58,23.2,0.909,23.41
A0423,2025-05-02,318.7,10.41,17.24,27.99,0.909,28.23
A0423,2025-05-03,318.7,9.77,17.44,29.52,0.909,29.79
A0423,2025-05-04,318.7,6.92,11.96,19.89,0.909,20.07
A0423,2025-05-05,318.7,12.03,22.21,38.26,0.909,38.62
A0423,2025-05-06,318.7,11.48,20.01,33.44,0.909,33.75
A0423,2025-05-07,318.7,12.27,21.02,34.82,0.909,35.13
A0423,2025-05-08,318.7,13.53,24.1,40.74,0.909,41.12
A0423,2025-05-09,318.7,9.05,15.98,26.88,0.909,27.13
A0423,2025-05-10,318.7,9.15,16.78,28.8,0.909,29.08
A0423,2025-05-11,318.7,6.22,10.35,16.85,0.909,17.0
A0423,2025-05-12,318.7,8.85,14.94,24.55,0.909,24.77
A0424,2025-04-29,2.5,53.03,73.82,106.91,0.556,78.41
A0424,2025-04-30,2.5,68.15,90.79,126.84,0.556,95.8
A0424,2025-05-01,2.5,48.32,65.41,92.64,0.556,69.19
A0424,2025-05-02,2.5,60.73,82.95,118.32,0.556,87.86
A0424,2025-05-03,2.5,65.27,88.74,126.12,0.556,93.93
A0424,2025-05-04,2.5,53.28,69.89,96.33,0.556,73.56
A0424,2025-05-05,2.5,51.02,68.58,96.54,0.556,72.46
A0424,2025-05-06,2.5,53.99,74.81,107.97,0.556,79.42
A0424,2025-05-07,2.5,56.71,77.81,111.41,0.556,82.48
A0424,2025-05-08,2.5,60.85,83.89,120.58,0.556,88.99
A0424,2025-05-09,2.5,63.3,85.74,121.48,0.556,90.71
A0424,2025-05-10,2.5,64.56,87.85,124.96,0.556,93.01
A0424,2025-05-11,2.5,45.11,61.01,86.34,0.556,64.53
A0424,2025-05-12,2.5,60.45,82.28,117.05,0.556,87.11
A0425,2025-04-29,35.0,9.5,31.37,68.73,0.909,69.58
A0425,2025-04-30,35.0,18.89,51.88,110.55,0.909,111.88
A0425,2025-05-01,35.0,10.61,32.35,70.64,0.909,71.51
A0425,2025-05-02,35.0,16.7,46.59,98.39,0.909,99.57
A0425,2025-05-03,35.0,17.22,47.26,99.51,0.909,100.7
A0425,2025-05-04,35.0,14.27,41.64,89.7,0.909,90.79
A0425,2025-05-05,35.0,11.43,34.17,73.88,0.909,74.78
A0425,2025-05-06,35.0,11.47,35.09,75.48,0.909,76.39
A0425,2025-05-07,35.0,14.62,41.12,87.23,0.909,88.28
A0425,2025-05-08,35.0,15.73,43.59,92.61,0.909,93.72
A0425,2025-05-09,35.0,17.26,46.86,98.78,0.909,99.96
A0425,2025-05-10,35.0,18.6,49.32,103.41,0.909,104.64
A0425,2025-05-11,35.0,10.08,31.33,68.25,0.909,69.09
A0425,2025-05-12,35.0,14.39,40.82,86.92,0.909,87.97
A0426,2025-04-29,150.8,19.81,28.92,42.01,0.909,42.31
A0426,2025-04-30,150.8,27.98,40.96,59.62,0.909,60.04
A0426,2025-05-01,150.8,17.6,26.71,39.79,0.909,40.09
A0426,2025-05-02,150.8,25.26,36.09,51.63,0.909,51.98
A0426,2025-05-03,150.8,26.96,38.55,55.19,0.909,55.57
A0426,2025-05-04,150.8,22.21,32.83,48.1,0.909,48.45
A0426,2025-05-05,150.8,20.13,29.99,44.14,0.909,44.46
A0426,2025-05-06,150.8,21.77,30.89,43.99,0.909,44.29
A0426,2025-05-07,150.8,24.6,34.01,47.52,0.909,47.83
A0426,2025-05-08,150.8,24.08,33.81,47.77,0.909,48.09
A0426,2025-05-09,150.8,24.9,35.75,51.33,0.909,51.69
A0426,2025-05-10,150.8,27.41,38.98,55.58,0.909,55.96
A0426,2025-05-11,150.8,20.12,28.69,40.98,0.909,41.26
A0426,2025-05-12,150.8,22.99,33.32,48.14,0.909,48.48
A0427,2025-04-29,29.9,46.06,76.04,126.81,0.909,127.96
A0427,2025-04-30,29.9,61.21,101.51,169.75,0.909,171.3
A0427,2025-05-01,29.9,42.74,62.26,95.32,0.909,96.07
A0427,2025-05-02,29.9,61.43,103.27,174.11,0.909,175.72
A0427,2025-05-03,29.9,61.94,100.96,167.02,0.909,168.52
A0427,2025-05-04,29.9,49.14,82.03,137.71,0.909,138.98
A0427,2025-05-05,29.9,16.82,24.02,36.21,0.909,36.49
A0427,2025-05-06,29.9,15.87,23.72,37.03,0.909,37.33
A0427,2025-05-07,29.9,20.15,29.46,45.22,0.909,45.58
A0427,2025-05-08,29.9,22.15,31.59,47.58,0.909,47.94
A0427,2025-05-09,29.9,23.87,33.87,50.8,0.909,51.19
A0427,2025-05-10,29.9,25.78,36.89,55.7,0.909,56.12
A0427,2025-05-11,29.9,19.35,27.55,41.42,0.909,41.74
A0427,2025-05-12,29.9,22.8,33.1,50.54,0.909,50.93
A0428,2025-04-29,11.6,45.83,67.14,98.79,0.909,99.51
A0428,2025-04-30,11.6,61.04,86.26,123.72,0.909,124.57
A0428,2025-05-01,11.6,42.63,63.31,94.0,0.909,94.7
A0428,2025-05-02,11.6,57.42,81.96,118.4,0.909,119.23
A0428,2025-05-03,11.6,51.92,75.97,111.68,0.909,112.49
A0428,2025-05-04,11.6,98.59,136.93,193.85,0.909,195.14
A0428,2025-05-05,11.6,87.94,129.96,192.36,0.909,193.78
A0428,2025-05-06,11.6,88.58,127.6,185.53,0.909,186.85
A0428,2025-05-07,11.6,93.21,134.87,196.74,0.909,198.14
A0428,2025-05-08,11.6,46.72,68.79,101.55,0.909,102.29
A0428,2025-05-09,11.6,53.54,78.5,115.57,0.909,116.41
A0428,2025-05-10,11.6,49.05,73.04,108.67,0.909,109.48
A0428,2025-05-11,11.6,40.6,60.98,91.24,0.909,91.93
A0428,2025-05-12,11.6,48.07,72.35,108.39,0.909,109.21
A0429,2025-04-29,5.0,12.89,19.54,30.98,0.556,21.13
A0429,2025-04-30,5.0,19.93,28.53,43.32,0.556,30.59
A0429,2025-05-01,5.0,10.72,15.9,24.81,0.556,17.14
A0429,2025-05-02,5.0,15.54,24.08,38.75,0.556,26.11
A0429,2025-05-03,5.0,15.52,22.87,35.52,0.556,24.63
A0429,2025-05-04,5.0,13.78,20.42,31.84,0.556,22.01
A0429,2025-05-05,5.0,12.01,17.96,28.17,0.556,19.37
A0429,2025-05-06,5.0,12.88,19.46,30.79,0.556,21.04
A0429,2025-05-07,5.0,14.94,22.4,35.22,0.556,24.18
A0429,2025-05-08,5.0,28.71,41.42,63.28,0.556,44.46
A0429,2025-05-09,5.0,31.06,46.26,72.4,0.556,49.89
A0429,2025-05-10,5.0,30.93,44.29,67.28,0.556,47.49
A0429,2025-05-11,5.0,18.83,29.3,47.3,0.556,31.8
A0429,2025-05-12,5.0,27.79,41.2,64.26,0.556,44.4
A0430,2025-04-29,5.1,60.94,86.56,131.85,0.556,92.85
A0430,2025-04-30,5.1,87.68,120.51,178.54,0.556,128.57
A0430,2025-05-01,5.1,51.74,72.7,109.76,0.556,77.85
A0430,2025-05-02,5.1,79.68,109.53,162.3,0.556,116.86
A0430,2025-05-03,5.1,77.13,103.67,150.58,0.556,110.18
A0430,2025-05-04,5.1,72.53,97.68,142.15,0.556,103.86
A0430,2025-05-05,5.1,62.01,83.03,120.19,0.556,88.19
A0430,2025-05-06,5.1,66.6,92.38,137.96,0.556,98.71
A0430,2025-05-07,5.1,70.8,97.07,143.52,0.556,103.53
A0430,2025-05-08,5.1,73.31,101.33,150.87,0.556,108.21
A0430,2025-05-09,5.1,80.34,110.28,163.21,0.556,117.63
A0430,2025-05-10,5.1,79.46,106.29,153.73,0.556,112.88
A0430,2025-05-11,5.1,58.51,80.73,120.02,0.556,86.19
A0430,2025-05-12,5.1,73.47,98.79,143.55,0.556,105.0
A0431,2025-04-29,361.5,39.19,53.59,73.88,0.909,74.35
A0431,2025-04-30,361.5,53.86,72.4,98.54,0.909,99.13
A0431,2025-05-01,361.5,34.45,46.23,62.84,0.909,63.21
A0431,2025-05-02,361.5,46.55,61.17,81.77,0.909,82.24
A0431,2025-05-03,361.5,45.2,61.04,83.38,0.909,83.89
A0431,2025-05-04,361.5,44.94,59.93,81.06,0.909,81.54
A0431,2025-05-05,361.5,37.48,50.7,69.33,0.909,69.76
A0431,2025-05-06,361.5,39.25,53.77,74.23,0.909,74.7
A0431,2025-05-07,361.5,42.36,56.71,76.93,0.909,77.39
A0431,2025-05-08,361.5,44.59,59.09,79.54,0.909,80.0
A0431,2025-05-09,361.5,46.54,60.96,81.28,0.909,81.74
A0431,2025-05-10,361.5,46.6,63.03,86.18,0.909,86.71
A0431,2025-05-11,361.5,37.95,51.04,69.5,0.909,69.92
A0431,2025-05-12,361.5,42.58,57.24,77.91,0.909,78.38
A0432,2025-04-29,5.9,34.28,44.41,60.04,0.556,46.58
A0432,2025-04-30,5.9,48.1,62.4,84.48,0.556,65.46
A0432,2025-05-01,5.9,32.8,43.51,60.05,0.556,45.81
A0432,2025-05-02,5.9,40.87,53.89,74.02,0.556,56.69
A0432,2025-05-03,5.9,90.28,119.86,165.53,0.556,126.2
A0432,2025-05-04,5.9,76.59,99.87,135.82,0.556,104.86
A0432,2025-05-05,5.9,67.03,88.34,121.25,0.556,92.91
A0432,2025-05-06,5.9,68.32,89.87,123.16,0.556,94.49
A0432,2025-05-07,5.9,31.69,42.21,58.46,0.556,44.47
A0432,2025-05-08,5.9,36.65,48.78,67.51,0.556,51.38
A0432,2025-05-09,5.9,37.21,50.28,70.47,0.556,53.08
A0432,2025-05-10,5.9,41.41,55.29,76.72,0.556,58.27
A0432,2025-05-11,5.9,28.96,37.78,51.39,0.556,39.67
A0432,2025-05-12,5.9,37.06,48.04,64.98,0.556,50.39
A0433,2025-04-29,171.0,20.48,32.45,47.62,0.909,47.97
A0433,2025-04-30,171.0,24.94,39.96,59.0,0.909,59.43
A0433,2025-05-01,171.0,17.2,26.17,37.55,0.909,37.8
A0433,2025-05-02,171.0,23.41,37.06,54.37,0.909,54.76
A0433,2025-05-03,171.0,25.74,41.66,61.84,0.909,62.3
A0433,2025-05-04,171.0,18.72,29.78,43.8,0.909,44.12
A0433,2025-05-05,171.0,17.22,26.57,38.41,0.909,38.68
A0433,2025-05-06,171.0,20.6,32.48,47.54,0.909,47.88
A0433,2025-05-07,171.0,21.58,34.65,51.21,0.909,51.58
A0433,2025-05-08,171.0,22.78,35.35,51.28,0.909,51.64
A0433,2025-05-09,171.0,23.8,37.19,54.16,0.909,54.55
A0433,2025-05-10,171.0,25.64,41.67,61.97,0.909,62.43
A0433,2025-05-11,171.0,16.58,26.35,38.73,0.909,39.01
A0433,2025-05-12,171.0,21.21,32.93,47.78,0.909,48.12
A0434,2025-04-29,7.6,5.76,12.0,20.15,0.556,13.13
A0434,2025-04-30,7.6,7.76,15.14,24.77,0.556,16.48
A0434,2025-05-01,7.6,4.99,10.51,17.7,0.556,11.51
A0434,2025-05-02,7.6,6.73,14.61,24.9,0.556,16.04
A0434,2025-05-03,7.6,7.69,15.47,25.61,0.556,16.88
A0434,2025-05-04,7.6,5.39,11.47,19.39,0.556,12.57
A0434,2025-05-05,7.6,5.18,10.8,18.14,0.556,11.82
A0434,2025-05-06,7.6,5.98,12.31,20.57,0.556,13.46
A0434,2025-05-07,7.6,6.16,12.54,20.86,0.556,13.69
A0434,2025-05-08,7.6,6.65,14.0,23.58,0.556,15.33
A0434,2025-05-09,7.6,7.25,15.38,25.99,0.556,16.86
A0434,2025-05-10,7.6,8.18,15.93,26.03,0.556,17.33
A0434,2025-05-11,7.6,4.54,10.33,17.87,0.556,11.37
A0434,2025-05-12,7.6,6.68,13.56,22.54,0.556,14.81
A0435,2025-04-29,25.8,32.63,44.28,63.5,0.909,63.93
A0435,2025-04-30,25.8,36.07,50.97,75.55,0.909,76.11
A0435,2025-05-01,25.8,26.4,32.85,43.49,0.909,43.73
A0435,2025-05-02,25.8,35.61,47.46,67.02,0.909,67.47
A0435,2025-05-03,25.8,35.53,48.3,69.37,0.909,69.85
A0435,2025-05-04,25.8,33.93,45.04,63.38,0.909,63.8
A0435,2025-05-05,25.8,29.56,38.11,52.22,0.909,52.54
A0435,2025-05-06,25.8,28.6,38.45,54.7,0.909,55.07
A0435,2025-05-07,25.8,32.15,43.77,62.94,0.909,63.38
A0435,2025-05-08,25.8,36.3,46.48,63.29,0.909,63.67
A0435,2025-05-09,25.8,37.12,49.19,69.12,0.909,69.57
A0435,2025-05-10,25.8,39.67,53.08,75.2,0.909,75.7
A0435,2025-05-11,25.8,27.69,38.41,56.11,0.909,56.51
A0435,2025-05-12,25.8,32.83,43.95,62.31,0.909,62.73
A0436,2025-04-29,24.0,8.0,13.04,21.53,0.909,21.72
A0436,2025-04-30,24.0,12.51,21.14,35.66,0.909,35.99
A0436,2025-05-01,24.0,7.67,11.76,18.64,0.909,18.8
A0436,2025-05-02,24.0,10.31,17.56,29.76,0.909,30.04
A0436,2025-05-03,24.0,10.53,17.66,29.65,0.909,29.92
A0436,2025-05-04,24.0,9.3,15.64,26.32,0.909,26.56
A0436,2025-05-05,24.0,8.01,13.2,21.95,0.909,22.15
A0436,2025-05-06,24.0,7.79,12.81,21.25,0.909,21.44
A0436,2025-05-07,24.0,9.33,16.2,27.77,0.909,28.03
A0436,2025-05-08,24.0,9.86,16.58,27.89,0.909,28.15
A0436,2025-05-09,24.0,10.31,16.78,27.68,0.909,27.92
A0436,2025-05-10,24.0,11.07,19.05,32.47,0.909,32.78
A0436,2025-05-11,24.0,7.46,12.8,21.79,0.909,21.99
A0436,2025-05-12,24.0,9.12,15.54,26.36,0.909,26.61
A0437,2025-04-29,31.8,11.6,19.35,34.3,0.909,34.64
A0437,2025-04-30,31.8,17.01,31.58,59.72,0.909,60.35
A0437,2025-05-01,31.8,11.44,19.86,36.13,0.909,36.5
A0437,2025-05-02,31.8,15.63,26.56,47.69,0.909,48.17
A0437,2025-05-03,31.8,15.61,27.18,49.54,0.909,50.05
A0437,2025-05-04,31.8,13.48,24.92,47.01,0.909,47.52
A0437,2025-05-05,31.8,11.85,20.9,38.39,0.909,38.79
A0437,2025-05-06,31.8,11.71,19.68,35.06,0.909,35.41
A0437,2025-05-07,31.8,13.46,23.77,43.7,0.909,44.15
A0437,2025-05-08,31.8,15.09,26.46,48.43,0.909,48.93
A0437,2025-05-09,31.8,16.11,26.49,46.55,0.909,47.0
A0437,2025-05-10,31.8,16.66,29.64,54.72,0.909,55.29
A0437,2025-05-11,31.8,11.07,21.11,40.51,0.909,40.96
A0437,2025-05-12,31.8,14.27,24.05,42.95,0.909,43.38
A0438,2025-04-29,34.3,20.19,29.96,46.38,0.909,46.75
A0438,2025-04-30,34.3,32.44,46.38,69.81,0.909,70.34
A0438,2025-05-01,34.3,18.64,29.09,46.66,0.909,47.06
A0438,2025-05-02,34.3,26.15,39.4,61.68,0.909,62.18
A0438,2025-05-03,34.3,26.73,41.13,65.33,0.909,65.88
A0438,2025-05-04,34.3,25.77,35.59,52.11,0.909,52.48
A0438,2025-05-05,34.3,20.02,30.79,48.89,0.909,49.31
A0438,2025-05-06,34.3,20.14,30.18,47.05,0.909,47.43
A0438,2025-05-07,34.3,23.04,36.91,60.22,0.909,60.75
A0438,2025-05-08,34.3,24.78,38.73,62.19,0.909,62.73
A0438,2025-05-09,34.3,25.91,38.56,59.83,0.909,60.31
A0438,2025-05-10,34.3,27.58,43.55,70.38,0.909,70.99
A0438,2025-05-11,34.3,19.01,30.08,48.69,0.909,49.11
A0438,2025-05-12,34.3,22.93,34.72,54.54,0.909,54.99
A0439,2025-04-29,5.2,26.99,66.03,134.58,0.556,75.55
A0439,2025-04-30,5.2,40.42,92.49,186.87,0.556,105.6
A0439,2025-05-01,5.2,25.35,61.86,126.02,0.556,70.77
A0439,2025-05-02,5.2,36.1,82.86,166.15,0.556,94.43
A0439,2025-05-03,5.2,36.66,83.15,166.36,0.556,94.71
A0439,2025-05-04,5.2,31.82,75.61,153.62,0.556,86.45
A0439,2025-05-05,5.2,27.37,65.6,133.02,0.556,74.96
A0439,2025-05-06,5.2,28.84,68.58,138.59,0.556,78.3
A0439,2025-05-07,5.2,31.47,73.05,146.76,0.556,83.29
A0439,2025-05-08,5.2,34.06,78.33,157.57,0.556,89.33
A0439,2025-05-09,5.2,36.84,83.48,167.27,0.556,95.12
A0439,2025-05-10,5.2,37.89,84.82,169.35,0.556,96.56
A0439,2025-05-11,5.2,25.27,61.98,125.95,0.556,70.86
A0439,2025-05-12,5.2,32.84,75.6,152.11,0.556,86.23
A0440,2025-04-29,24.9,15.06,24.3,40.97,0.909,41.35
A0440,2025-04-30,24.9,22.13,35.92,60.83,0.909,61.39
A0440,2025-05-01,24.9,14.12,23.66,40.88,0.909,41.27
A0440,2025-05-02,24.9,20.23,33.63,57.83,0.909,58.38
A0440,2025-05-03,24.9,19.54,33.96,60.0,0.909,60.59
A0440,2025-05-04,24.9,17.34,27.87,46.9,0.909,47.33
A0440,2025-05-05,24.9,15.46,27.85,50.24,0.909,50.75
A0440,2025-05-06,24.9,15.38,24.79,41.79,0.909,42.18
A0440,2025-05-07,24.9,17.11,30.07,53.47,0.909,54.0
A0440,2025-05-08,24.9,18.71,29.96,50.28,0.909,50.74
A0440,2025-05-09,24.9,21.04,33.82,56.92,0.909,57.45
A0440,2025-05-10,24.9,20.84,37.08,66.43,0.909,67.1
A0440,2025-05-11,24.9,14.03,25.16,45.27,0.909,45.73
A0440,2025-05-12,24.9,18.21,30.35,52.29,0.909,52.79
A0441,2025-04-29,2.6,17.72,48.67,98.76,0.556,55.63
A0441,2025-04-30,2.6,26.3,63.74,130.79,0.556,73.06
A0441,2025-05-01,2.6,7.0,23.1,51.98,0.556,27.11
A0441,2025-05-02,2.6,11.73,32.59,70.48,0.556,37.85
A0441,2025-05-03,2.6,12.94,35.01,74.74,0.556,40.53
A0441,2025-05-04,2.6,9.55,29.52,64.2,0.556,34.34
A0441,2025-05-05,2.6,9.41,29.09,62.9,0.556,33.79
A0441,2025-05-06,2.6,10.41,30.87,66.22,0.556,35.78
A0441,2025-05-07,2.6,11.7,33.12,70.4,0.556,38.3
A0441,2025-05-08,2.6,13.08,36.07,76.26,0.556,41.65
A0441,2025-05-09,2.6,14.53,38.62,81.22,0.556,44.54
A0441,2025-05-10,2.6,15.24,39.61,82.91,0.556,45.63
A0441,2025-05-11,2.6,8.55,27.35,59.29,0.556,31.78
A0441,2025-05-12,2.6,12.97,35.58,75.22,0.556,41.09
A0442,2025-04-29,10.1,55.19,76.98,110.41,0.909,111.16
A0442,2025-04-30,10.1,74.17,103.3,147.98,0.909,149.0
A0442,2025-05-01,10.1,110.47,147.85,205.19,0.909,206.5
A0442,2025-05-02,10.1,134.82,192.18,280.19,0.909,282.19
A0442,2025-05-03,10.1,139.83,195.93,281.98,0.909,283.94
A0442,2025-05-04,10.1,125.09,178.76,261.1,0.909,262.97
A0442,2025-05-05,10.1,43.83,62.82,91.96,0.909,92.63
A0442,2025-05-06,10.1,47.33,68.8,101.73,0.909,102.48
A0442,2025-05-07,10.1,51.67,76.16,113.75,0.909,114.6
A0442,2025-05-08,10.1,59.15,81.36,115.44,0.909,116.21
A0442,2025-05-09,10.1,62.04,84.78,119.66,0.909,120.45
A0442,2025-05-10,10.1,64.88,88.29,124.21,0.909,125.02
A0442,2025-05-11,10.1,50.19,68.82,97.39,0.909,98.04
A0442,2025-05-12,10.1,63.38,87.46,124.4,0.909,125.24
A0443,2025-04-29,12.1,25.28,37.84,55.98,0.909,56.39
A0443,2025-04-30,12.1,32.87,47.91,69.6,0.909,70.09
A0443,2025-05-01,12.1,22.83,35.74,54.36,0.909,54.79
A0443,2025-05-02,12.1,28.42,41.73,60.92,0.909,61.36
A0443,2025-05-03,12.1,29.38,42.17,60.63,0.909,61.05
A0443,2025-05-04,12.1,26.78,40.25,59.67,0.909,60.12
A0443,2025-05-05,12.1,24.16,36.91,55.31,0.909,55.72
A0443,2025-05-06,12.1,25.32,38.07,56.48,0.909,56.89
A0443,2025-05-07,12.1,25.78,37.72,54.93,0.909,55.33
A0443,2025-05-08,12.1,27.77,42.34,63.36,0.909,63.84
A0443,2025-05-09,12.1,28.38,42.19,62.12,0.909,62.57
A0443,2025-05-10,12.1,28.93,41.59,59.86,0.909,60.28
A0443,2025-05-11,12.1,22.53,34.68,52.2,0.909,52.6
A0443,2025-05-12,12.1,27.43,41.45,61.68,0.909,62.14
A0444,2025-04-29,3.6,46.7,66.4,99.09,0.556,70.94
A0444,2025-04-30,3.6,60.99,89.08,135.72,0.556,95.56
A0444,2025-05-01,3.6,42.79,59.6,87.51,0.556,63.48
A0444,2025-05-02,3.6,55.71,77.41,113.45,0.556,82.42
A0444,2025-05-03,3.6,56.01,78.82,116.69,0.556,84.08
A0444,2025-05-04,3.6,47.03,68.41,103.91,0.556,73.34
A0444,2025-05-05,3.6,43.54,61.64,91.71,0.556,65.82
A0444,2025-05-06,3.6,45.64,65.02,97.2,0.556,69.49
A0444,2025-05-07,3.6,46.64,66.17,98.58,0.556,70.67
A0444,2025-05-08,3.6,53.01,73.79,108.29,0.556,78.58
A0444,2025-05-09,3.6,54.91,75.81,110.5,0.556,80.62
A0444,2025-05-10,3.6,56.14,79.15,117.37,0.556,84.46
A0444,2025-05-11,3.6,38.42,53.97,79.8,0.556,57.56
A0444,2025-05-12,3.6,51.26,72.03,106.53,0.556,76.82
A0445,2025-04-29,12.3,94.78,195.15,383.31,0.909,387.59
A0445,2025-04-30,12.3,128.55,254.08,500.21,0.909,505.81
A0445,2025-05-01,12.3,84.56,175.39,342.95,0.909,346.76
A0445,2025-05-02,12.3,112.69,223.81,436.23,0.909,441.05
A0445,2025-05-03,12.3,117.59,230.3,448.09,0.909,453.04
A0445,2025-05-04,12.3,109.18,217.95,428.13,0.909,432.91
A0445,2025-05-05,12.3,91.34,186.24,364.94,0.909,369.0
A0445,2025-05-06,12.3,100.35,200.8,392.41,0.909,396.76
A0445,2025-05-07,12.3,104.26,206.69,402.5,0.909,406.95
A0445,2025-05-08,12.3,111.14,220.84,431.82,0.909,436.61
A0445,2025-05-09,12.3,112.94,223.34,437.14,0.909,442.0
A0445,2025-05-10,12.3,117.84,230.95,450.92,0.909,455.92
A0445,2025-05-11,12.3,86.88,179.43,352.61,0.909,356.55
A0445,2025-05-12,12.3,108.95,216.6,424.23,0.909,428.95
A0446,2025-04-29,5.1,36.07,55.89,88.87,0.556,60.47
A0446,2025-04-30,5.1,44.31,69.33,110.98,0.556,75.11
A0446,2025-05-01,5.1,34.09,52.6,83.41,0.556,56.88
A0446,2025-05-02,5.1,46.71,71.12,111.75,0.556,76.76
A0446,2025-05-03,5.1,44.17,67.63,106.69,0.556,73.05
A0446,2025-05-04,5.1,35.38,54.94,87.5,0.556,59.46
A0446,2025-05-05,5.1,36.99,56.47,88.89,0.556,60.97
A0446,2025-05-06,5.1,39.95,59.91,93.15,0.556,64.53
A0446,2025-05-07,5.1,41.81,62.01,95.64,0.556,66.68
A0446,2025-05-08,5.1,43.95,65.54,101.48,0.556,70.53
A0446,2025-05-09,5.1,49.36,73.94,114.87,0.556,79.63
A0446,2025-05-10,5.1,46.03,69.67,109.02,0.556,75.13
A0446,2025-05-11,5.1,34.14,51.38,80.08,0.556,55.37
A0446,2025-05-12,5.1,43.52,65.19,101.27,0.556,70.2
A0447,2025-04-29,324.7,49.35,68.16,98.14,0.909,98.82
A0447,2025-04-30,324.7,64.25,85.11,118.35,0.909,119.11
A0447,2025-05-01,324.7,43.0,58.04,82.02,0.909,82.56
A0447,2025-05-02,324.7,54.38,72.44,101.24,0.909,101.89
A0447,2025-05-03,324.7,60.43,84.07,121.75,0.909,122.6
A0447,2025-05-04,324.7,52.6,70.27,98.44,0.909,99.08
A0447,2025-05-05,324.7,44.11,60.92,87.7,0.909,88.31
A0447,2025-05-06,324.7,50.69,69.72,100.06,0.909,100.75
A0447,2025-05-07,324.7,53.33,73.64,106.02,0.909,106.76
A0447,2025-05-08,324.7,54.83,73.79,104.02,0.909,104.71
A0447,2025-05-09,324.7,56.0,74.45,103.85,0.909,104.51
A0447,2025-05-10,324.7,60.68,84.43,122.29,0.909,123.15
A0447,2025-05-11,324.7,45.09,63.25,92.22,0.909,92.87
A0447,2025-05-12,324.7,53.1,72.54,103.53,0.909,104.24
A0448,2025-04-29,407.0,24.37,33.13,50.92,0.909,51.33
A0448,2025-04-30,407.0,32.09,43.78,67.53,0.909,68.07
A0448,2025-05-01,407.0,20.41,26.77,39.68,0.909,39.97
A0448,2025-05-02,407.0,28.49,38.64,59.26,0.909,59.73
A0448,2025-05-03,407.0,28.48,38.73,59.54,0.909,60.01
A0448,2025-05-04,407.0,25.98,35.91,56.08,0.909,56.54
A0448,2025-05-05,407.0,21.41,28.5,42.89,0.909,43.22
A0448,2025-05-06,407.0,24.66,33.41,51.2,0.909,51.6
A0448,2025-05-07,407.0,26.64,36.13,55.4,0.909,55.84
A0448,2025-05-08,407.0,27.6,36.9,55.79,0.909,56.22
A0448,2025-05-09,407.0,28.7,38.48,58.35,0.909,58.8
A0448,2025-05-10,407.0,29.33,40.0,61.65,0.909,62.15
A0448,2025-05-11,407.0,22.25,30.89,48.43,0.909,48.83
A0448,2025-05-12,407.0,26.31,35.19,53.21,0.909,53.62
A0449,2025-04-29,30.3,10.56,16.66,25.57,0.909,25.77
A0449,2025-04-30,30.3,15.84,22.27,31.63,0.909,31.84
A0449,2025-05-01,30.3,10.08,15.83,24.21,0.909,24.4
A0449,2025-05-02,30.3,14.06,21.08,31.32,0.909,31.55
A0449,2025-05-03,30.3,13.69,21.41,32.65,0.909,32.91
A0449,2025-05-04,30.3,12.27,17.52,25.17,0.909,25.35
A0449,2025-05-05,30.3,10.63,17.74,28.11,0.909,28.34
A0449,2025-05-06,30.3,10.07,16.24,25.23,0.909,25.43
A0449,2025-05-07,30.3,11.94,19.52,30.56,0.909,30.82
A0449,2025-05-08,30.3,13.07,19.95,29.99,0.909,30.22
A0449,2025-05-09,30.3,13.53,20.28,30.12,0.909,30.34
A0449,2025-05-10,30.3,14.43,22.81,35.02,0.909,35.3
A0449,2025-05-11,30.3,10.16,16.38,25.45,0.909,25.65
A0449,2025-05-12,30.3,12.0,19.31,29.98,0.909,30.22
A0450,2025-04-29,5.0,68.9,100.17,149.05,0.556,106.96
A0450,2025-04-30,5.0,110.37,157.43,231.01,0.556,167.65
A0450,2025-05-01,5.0,57.95,84.81,126.82,0.556,90.65
A0450,2025-05-02,5.0,86.2,124.96,185.56,0.556,133.37
A0450,2025-05-03,5.0,92.96,134.66,199.86,0.556,143.72
A0450,2025-05-04,5.0,79.51,112.76,164.74,0.556,119.97
A0450,2025-05-05,5.0,61.62,88.01,129.28,0.556,93.74
A0450,2025-05-06,5.0,68.0,99.4,148.49,0.556,106.21
A0450,2025-05-07,5.0,77.45,108.71,157.59,0.556,115.49
A0450,2025-05-08,5.0,79.84,114.6,168.96,0.556,122.15
A0450,2025-05-09,5.0,82.63,121.32,181.82,0.556,129.72
A0450,2025-05-10,5.0,93.83,135.85,201.56,0.556,144.98
A0450,2025-05-11,5.0,58.04,82.26,120.12,0.556,87.52
A0450,2025-05-12,5.0,77.63,109.98,160.56,0.556,117.0
A0451,2025-04-29,5.6,27.14,39.15,55.92,0.556,41.48
A0451,2025-04-30,5.6,40.86,58.57,83.32,0.556,62.01
A0451,2025-05-01,5.6,24.6,34.55,48.45,0.556,36.48
A0451,2025-05-02,5.6,37.15,53.62,76.63,0.556,56.81
A0451,2025-05-03,5.6,36.55,51.88,73.3,0.556,54.85
A0451,2025-05-04,5.6,30.58,42.97,60.27,0.556,45.37
A0451,2025-05-05,5.6,26.25,36.43,50.65,0.556,38.4
A0451,2025-05-06,5.6,27.25,39.4,56.38,0.556,41.76
A0451,2025-05-07,5.6,30.88,44.47,63.44,0.556,47.1
A0451,2025-05-08,5.6,33.53,47.82,67.79,0.556,50.59
A0451,2025-05-09,5.6,36.5,53.46,77.16,0.556,56.75
A0451,2025-05-10,5.6,36.76,52.0,73.28,0.556,54.95
A0451,2025-05-11,5.6,25.37,36.16,51.24,0.556,38.26
A0451,2025-05-12,5.6,31.66,44.83,63.23,0.556,47.39
A0452,2025-04-29,28.6,13.63,20.3,31.63,0.909,31.88
A0452,2025-04-30,28.6,21.11,28.57,41.23,0.909,41.52
A0452,2025-05-01,28.6,13.05,17.74,25.71,0.909,25.89
A0452,2025-05-02,28.6,18.49,27.79,43.57,0.909,43.93
A0452,2025-05-03,28.6,18.97,28.35,44.26,0.909,44.63
A0452,2025-05-04,28.6,16.32,21.43,30.11,0.909,30.3
A0452,2025-05-05,28.6,14.13,19.78,29.38,0.909,29.59
A0452,2025-05-06,28.6,14.18,21.07,32.75,0.909,33.02
A0452,2025-05-07,28.6,16.51,25.69,41.27,0.909,41.63
A0452,2025-05-08,28.6,17.55,26.18,40.82,0.909,41.15
A0452,2025-05-09,28.6,18.6,27.96,43.85,0.909,44.21
A0452,2025-05-10,28.6,20.02,30.04,47.03,0.909,47.42
A0452,2025-05-11,28.6,13.19,19.92,31.34,0.909,31.6
A0452,2025-05-12,28.6,16.65,24.67,38.27,0.909,38.58
A0453,2025-04-29,315.4,11.28,18.39,27.79,0.909,28.0
A0453,2025-04-30,315.4,14.71,24.61,37.72,0.909,38.01
A0453,2025-05-01,315.4,11.04,18.23,27.75,0.909,27.96
A0453,2025-05-02,315.4,14.71,24.38,37.17,0.909,37.46
A0453,2025-05-03,315.4,15.64,26.17,40.09,0.909,40.41
A0453,2025-05-04,315.4,10.68,17.29,26.04,0.909,26.24
A0453,2025-05-05,315.4,10.69,18.03,27.73,0.909,27.95
A0453,2025-05-06,315.4,11.68,18.75,28.11,0.909,28.32
A0453,2025-05-07,315.4,12.0,20.55,31.86,0.909,32.12
A0453,2025-05-08,315.4,14.25,23.12,34.85,0.909,35.12
A0453,2025-05-09,315.4,15.63,25.42,38.37,0.909,38.66
A0453,2025-05-10,315.4,15.96,26.17,39.67,0.909,39.97
A0453,2025-05-11,315.4,8.76,14.51,22.11,0.909,22.28
A0453,2025-05-12,315.4,13.65,22.44,34.07,0.909,34.33
A0454,2025-04-29,6.0,68.89,100.84,148.75,0.556,107.5
A0454,2025-04-30,6.0,96.29,137.83,200.11,0.556,146.48
A0454,2025-05-01,6.0,63.34,93.04,137.56,0.556,99.22
A0454,2025-05-02,6.0,83.9,123.66,183.29,0.556,131.95
A0454,2025-05-03,6.0,85.18,125.47,185.88,0.556,133.86
A0454,2025-05-04,6.0,76.61,109.52,158.85,0.556,116.37
A0454,2025-05-05,6.0,64.19,93.58,137.65,0.556,99.7
A0454,2025-05-06,6.0,66.93,98.68,146.29,0.556,105.29
A0454,2025-05-07,6.0,71.59,105.97,157.52,0.556,113.13
A0454,2025-05-08,6.0,78.81,116.47,172.93,0.556,124.31
A0454,2025-05-09,6.0,81.15,119.98,178.21,0.556,128.07
A0454,2025-05-10,6.0,85.58,126.34,187.44,0.556,134.82
A0454,2025-05-11,6.0,58.24,85.9,127.36,0.556,91.66
A0454,2025-05-12,6.0,74.36,109.38,161.89,0.556,116.67
A0455,2025-04-29,30.1,3.15,6.5,12.36,0.909,12.5
A0455,2025-04-30,30.1,5.04,10.33,19.61,0.909,19.83
A0455,2025-05-01,30.1,3.15,5.9,10.73,0.909,10.84
A0455,2025-05-02,30.1,4.49,9.35,17.86,0.909,18.06
A0455,2025-05-03,30.1,4.76,9.48,17.74,0.909,17.93
A0455,2025-05-04,30.1,3.41,7.45,14.53,0.909,14.69
A0455,2025-05-05,30.1,3.68,6.94,12.64,0.909,12.77
A0455,2025-05-06,30.1,3.18,6.65,12.73,0.909,12.87
A0455,2025-05-07,30.1,4.28,8.38,15.56,0.909,15.73
A0455,2025-05-08,30.1,4.35,8.35,15.35,0.909,15.5
A0455,2025-05-09,30.1,4.41,9.37,18.05,0.909,18.25
A0455,2025-05-10,30.1,5.35,10.41,19.28,0.909,19.49
A0455,2025-05-11,30.1,3.45,7.43,14.41,0.909,14.57
A0455,2025-05-12,30.1,4.32,8.18,14.93,0.909,15.08
A0456,2025-04-29,35.9,19.54,29.06,44.23,0.909,44.58
A0456,2025-04-30,35.9,29.56,46.48,73.43,0.909,74.04
A0456,2025-05-01,35.9,17.47,27.08,42.39,0.909,42.74
A0456,2025-05-02,35.9,25.68,40.82,64.94,0.909,65.49
A0456,2025-05-03,35.9,25.42,40.32,64.05,0.909,64.59
A0456,2025-05-04,35.9,22.95,34.47,52.82,0.909,53.24
A0456,2025-05-05,35.9,19.29,29.97,46.98,0.909,47.37
A0456,2025-05-06,35.9,19.45,29.09,44.44,0.909,44.79
A0456,2025-05-07,35.9,22.6,36.53,58.72,0.909,59.23
A0456,2025-05-08,35.9,23.92,36.82,57.37,0.909,57.84
A0456,2025-05-09,35.9,25.39,39.83,62.83,0.909,63.36
A0456,2025-05-10,35.9,27.26,43.59,69.6,0.909,70.19
A0456,2025-05-11,35.9,18.71,29.63,47.03,0.909,47.42
A0456,2025-05-12,35.9,22.62,34.38,53.11,0.909,53.54
A0457,2025-04-29,385.8,0.0,3.1,13.37,0.909,13.61
A0457,2025-04-30,385.8,0.0,5.17,19.12,0.909,19.44
A0457,2025-05-01,385.8,0.0,4.33,16.47,0.909,16.74
A0457,2025-05-02,385.8,0.21,7.07,22.49,0.909,22.84
A0457,2025-05-03,385.8,0.57,8.02,24.35,0.909,24.72
A0457,2025-05-04,385.8,0.35,6.93,22.3,0.909,22.65
A0457,2025-05-05,385.8,0.52,6.84,21.82,0.909,22.16
A0457,2025-05-06,385.8,0.49,6.73,21.41,0.909,21.75
A0457,2025-05-07,385.8,1.36,9.03,26.16,0.909,26.55
A0457,2025-05-08,385.8,1.61,10.12,28.73,0.909,29.15
A0457,2025-05-09,385.8,2.09,11.91,32.28,0.909,32.74
A0457,2025-05-10,385.8,2.71,13.59,35.45,0.909,35.95
A0457,2025-05-11,385.8,1.38,8.93,25.6,0.909,25.98
A0457,2025-05-12,385.8,1.88,11.31,30.66,0.909,31.1
A0458,2025-04-29,33.4,9.33,14.54,24.21,0.909,24.43
A0458,2025-04-30,33.4,13.71,21.57,36.15,0.909,36.48
A0458,2025-05-01,33.4,8.95,14.32,24.28,0.909,24.51
A0458,2025-05-02,33.4,12.24,19.34,32.52,0.909,32.82
A0458,2025-05-03,33.4,12.9,20.11,33.49,0.909,33.79
A0458,2025-05-04,33.4,10.28,15.9,26.33,0.909,26.57
A0458,2025-05-05,33.4,9.33,14.52,24.15,0.909,24.37
A0458,2025-05-06,33.4,9.65,14.94,24.75,0.909,24.97
A0458,2025-05-07,33.4,10.94,17.34,29.22,0.909,29.49
A0458,2025-05-08,33.4,11.79,18.66,31.42,0.909,31.71
A0458,2025-05-09,33.4,12.49,19.48,32.46,0.909,32.75
A0458,2025-05-10,33.4,13.55,21.1,35.12,0.909,35.44
A0458,2025-05-11,33.4,8.58,13.77,23.4,0.909,23.62
A0458,2025-05-12,33.4,11.13,17.05,28.03,0.909,28.28
A0459,2025-04-29,32.4,4.82,8.4,14.05,0.909,14.18
A0459,2025-04-30,32.4,7.11,13.02,22.34,0.909,22.55
A0459,2025-05-01,32.4,5.02,7.89,12.41,0.909,12.51
A0459,2025-05-02,32.4,6.79,11.77,19.61,0.909,19.79
A0459,2025-05-03,32.4,6.85,11.39,18.53,0.909,18.69
A0459,2025-05-04,32.4,5.41,9.93,17.07,0.909,17.23
A0459,2025-05-05,32.4,5.05,9.08,15.43,0.909,15.57
A0459,2025-05-06,32.4,4.91,8.39,13.88,0.909,14.0
A0459,2025-05-07,32.4,5.64,9.86,16.51,0.909,16.66
A0459,2025-05-08,32.4,6.23,10.37,16.89,0.909,17.04
A0459,2025-05-09,32.4,6.74,11.34,18.6,0.909,18.77
A0459,2025-05-10,32.4,6.91,11.8,19.5,0.909,19.68
A0459,2025-05-11,32.4,4.73,8.32,13.97,0.909,14.1
A0459,2025-05-12,32.4,5.69,10.3,17.57,0.909,17.73
A0460,2025-04-29,393.9,5.08,11.25,20.59,0.909,20.8
A0460,2025-04-30,393.9,4.88,12.42,23.82,0.909,24.08
A0460,2025-05-01,393.9,5.69,12.98,24.01,0.909,24.26
A0460,2025-05-02,393.9,24.83,44.53,74.29,0.909,74.97
A0460,2025-05-03,393.9,27.84,48.0,78.45,0.909,79.14
A0460,2025-05-04,393.9,15.56,29.59,50.77,0.909,51.26
A0460,2025-05-05,393.9,20.07,36.21,60.6,0.909,61.15
A0460,2025-05-06,393.9,20.13,34.94,57.3,0.909,57.8
A0460,2025-05-07,393.9,22.66,37.69,60.39,0.909,60.91
A0460,2025-05-08,393.9,25.04,43.46,71.29,0.909,71.92
A0460,2025-05-09,393.9,5.98,14.5,27.38,0.909,27.67
A0460,2025-05-10,393.9,5.93,14.29,26.92,0.909,27.2
A0460,2025-05-11,393.9,3.59,8.83,16.75,0.909,16.93
A0460,2025-05-12,393.9,6.57,13.84,24.82,0.909,25.07
A0461,2025-04-29,24.6,8.91,15.26,25.62,0.909,25.86
A0461,2025-04-30,24.6,12.97,21.89,36.42,0.909,36.75
A0461,2025-05-01,24.6,9.28,17.25,30.25,0.909,30.55
A0461,2025-05-02,24.6,12.55,21.16,35.2,0.909,35.51
A0461,2025-05-03,24.6,12.37,21.27,35.76,0.909,36.09
A0461,2025-05-04,24.6,10.35,17.9,30.2,0.909,30.48
A0461,2025-05-05,24.6,9.7,18.22,32.1,0.909,32.41
A0461,2025-05-06,24.6,8.73,14.98,25.17,0.909,25.4
A0461,2025-05-07,24.6,10.78,20.32,35.86,0.909,36.21
A0461,2025-05-08,24.6,11.8,21.09,36.23,0.909,36.57
A0461,2025-05-09,24.6,12.34,20.17,32.94,0.909,33.23
A0461,2025-05-10,24.6,13.29,23.69,40.66,0.909,41.05
A0461,2025-05-11,24.6,9.0,17.13,30.37,0.909,30.67
A0461,2025-05-12,24.6,10.9,18.84,31.8,0.909,32.1
A0462,2025-04-29,29.0,8.43,13.78,21.09,0.909,21.25
A0462,2025-04-30,29.0,20.79,28.94,40.08,0.909,40.34
A0462,2025-05-01,29.0,14.59,20.55,28.69,0.909,28.87
A0462,2025-05-02,29.0,19.65,30.11,44.4,0.909,44.72
A0462,2025-05-03,29.0,10.5,17.1,26.12,0.909,26.33
A0462,2025-05-04,29.0,8.49,12.99,19.13,0.909,19.27
A0462,2025-05-05,29.0,7.95,12.8,19.41,0.909,19.56
A0462,2025-05-06,29.0,29.24,41.67,58.65,0.909,59.03
A0462,2025-05-07,29.0,33.72,47.19,65.59,0.909,66.0
A0462,2025-05-08,29.0,35.26,49.4,68.71,0.909,69.15
A0462,2025-05-09,29.0,42.76,58.67,80.38,0.909,80.88
A0462,2025-05-10,29.0,9.78,16.7,26.14,0.909,26.36
A0462,2025-05-11,29.0,5.98,10.87,17.54,0.909,17.69
A0462,2025-05-12,29.0,8.97,15.1,23.47,0.909,23.66
A0463,2025-04-29,32.6,21.92,30.4,44.36,0.909,44.67
A0463,2025-04-30,32.6,32.26,48.43,75.03,0.909,75.63
A0463,2025-05-01,32.6,21.01,28.42,40.6,0.909,40.88
A0463,2025-05-02,32.6,28.93,40.05,58.35,0.909,58.76
A0463,2025-05-03,32.6,28.17,40.07,59.65,0.909,60.1
A0463,2025-05-04,32.6,25.83,37.07,55.58,0.909,56.0
A0463,2025-05-05,32.6,22.36,31.18,45.69,0.909,46.02
A0463,2025-05-06,32.6,21.94,30.52,44.65,0.909,44.97
A0463,2025-05-07,32.6,25.04,35.74,53.34,0.909,53.74
A0463,2025-05-08,32.6,27.14,37.64,54.92,0.909,55.32
A0463,2025-05-09,32.6,28.77,39.69,57.65,0.909,58.06
A0463,2025-05-10,32.6,29.27,41.93,62.78,0.909,63.25
A0463,2025-05-11,32.6,21.09,30.26,45.33,0.909,45.68
A0463,2025-05-12,32.6,25.61,36.1,53.36,0.909,53.75
A0464,2025-04-29,2.4,156.09,227.44,348.32,0.556,244.23
A0464,2025-04-30,2.4,210.83,304.93,464.35,0.556,327.07
A0464,2025-05-01,2.4,134.01,190.91,287.31,0.556,204.3
A0464,2025-05-02,2.4,174.04,248.51,374.69,0.556,266.04
A0464,2025-05-03,2.4,187.78,269.24,407.26,0.556,288.41
A0464,2025-05-04,2.4,165.91,239.81,365.01,0.556,257.2
A0464,2025-05-05,2.4,129.91,188.83,288.65,0.556,202.69
A0464,2025-05-06,2.4,154.1,225.8,347.27,0.556,242.67
A0464,2025-05-07,2.4,158.92,226.39,340.7,0.556,242.27
A0464,2025-05-08,2.4,172.28,244.51,366.89,0.556,261.51
A0464,2025-05-09,2.4,170.6,246.16,374.18,0.556,263.94
A0464,2025-05-10,2.4,190.26,271.3,408.62,0.556,290.37
A0464,2025-05-11,2.4,124.98,182.26,279.3,0.556,195.74
A0464,2025-05-12,2.4,168.67,240.96,363.45,0.556,257.98
A0465,2025-04-29,5.6,190.43,274.94,407.93,0.556,293.41
A0465,2025-04-30,5.6,275.74,388.42,565.75,0.556,413.05
A0465,2025-05-01,5.6,161.76,233.06,345.26,0.556,248.64
A0465,2025-05-02,5.6,217.61,319.59,480.08,0.556,341.88
A0465,2025-05-03,5.6,249.12,363.45,543.36,0.556,388.43
A0465,2025-05-04,5.6,214.8,309.65,458.92,0.556,330.39
A0465,2025-05-05,5.6,162.19,238.09,357.52,0.556,254.67
A0465,2025-05-06,5.6,184.54,268.01,399.35,0.556,286.25
A0465,2025-05-07,5.6,197.69,283.94,419.66,0.556,302.79
A0465,2025-05-08,5.6,209.41,300.63,444.16,0.556,320.56
A0465,2025-05-09,5.6,211.53,309.63,464.01,0.556,331.07
A0465,2025-05-10,5.6,253.18,369.09,551.48,0.556,394.42
A0465,2025-05-11,5.6,151.2,223.12,336.3,0.556,238.84
A0465,2025-05-12,5.6,209.23,300.67,444.55,0.556,320.65
A0466,2025-04-29,5.2,7.2,12.15,20.73,0.556,13.34
A0466,2025-04-30,5.2,9.4,15.97,27.36,0.556,17.55
A0466,2025-05-01,5.2,6.44,11.05,19.04,0.556,12.16
A0466,2025-05-02,5.2,8.52,15.48,27.55,0.556,17.16
A0466,2025-05-03,5.2,9.15,15.07,25.34,0.556,16.49
A0466,2025-05-04,5.2,6.54,11.12,19.07,0.556,12.23
A0466,2025-05-05,5.2,7.0,11.82,20.16,0.556,12.98
A0466,2025-05-06,5.2,7.43,12.38,20.96,0.556,13.57
A0466,2025-05-07,5.2,8.0,13.29,22.46,0.556,14.56
A0466,2025-05-08,5.2,8.4,14.48,25.02,0.556,15.94
A0466,2025-05-09,5.2,8.72,15.81,28.09,0.556,17.51
A0466,2025-05-10,5.2,9.38,15.19,25.26,0.556,16.59
A0466,2025-05-11,5.2,5.85,9.74,16.49,0.556,10.67
A0466,2025-05-12,5.2,8.63,14.67,25.13,0.556,16.12
A0467,2025-04-29,10.5,35.98,52.7,77.07,0.909,77.62
A0467,2025-04-30,10.5,51.39,76.28,112.53,0.909,113.35
A0467,2025-05-01,10.5,34.74,51.89,76.86,0.909,77.42
A0467,2025-05-02,10.5,44.71,63.85,91.72,0.909,92.36
A0467,2025-05-03,10.5,44.98,66.52,97.89,0.909,98.6
A0467,2025-05-04,10.5,42.9,62.8,91.77,0.909,92.43
A0467,2025-05-05,10.5,35.87,54.01,80.44,0.909,81.04
A0467,2025-05-06,10.5,37.81,54.72,79.36,0.909,79.92
A0467,2025-05-07,10.5,37.77,55.97,82.49,0.909,83.1
A0467,2025-05-08,10.5,43.16,62.31,90.2,0.909,90.84
A0467,2025-05-09,10.5,45.65,65.41,94.19,0.909,94.85
A0467,2025-05-10,10.5,44.61,65.9,96.9,0.909,97.6
A0467,2025-05-11,10.5,31.66,48.12,72.1,0.909,72.64
A0467,2025-05-12,10.5,40.61,60.58,89.67,0.909,90.33
A0468,2025-04-29,3.1,38.45,56.81,81.15,0.556,60.19
A0468,2025-04-30,3.1,48.58,68.8,95.62,0.556,72.53
A0468,2025-05-01,3.1,31.39,45.44,64.07,0.556,48.03
A0468,2025-05-02,3.1,89.94,131.45,186.49,0.556,139.09
A0468,2025-05-03,3.1,96.16,140.45,199.17,0.556,148.6
A0468,2025-05-04,3.1,74.31,105.53,146.93,0.556,111.28
A0468,2025-05-05,3.1,70.83,101.41,141.95,0.556,107.04
A0468,2025-05-06,3.1,76.05,115.13,166.94,0.556,122.33
A0468,2025-05-07,3.1,31.8,50.33,74.9,0.556,53.74
A0468,2025-05-08,3.1,35.12,54.78,80.84,0.556,58.4
A0468,2025-05-09,3.1,37.05,55.81,80.7,0.556,59.27
A0468,2025-05-10,3.1,43.68,64.23,91.47,0.556,68.01
A0468,2025-05-11,3.1,28.19,41.14,58.3,0.556,43.52
A0468,2025-05-12,3.1,40.69,58.58,82.3,0.556,61.88
A0469,2025-04-29,2.4,56.88,81.93,121.13,0.556,87.38
A0469,2025-04-30,2.4,77.92,108.69,156.83,0.556,115.38
A0469,2025-05-01,2.4,46.92,67.27,99.12,0.556,71.7
A0469,2025-05-02,2.4,63.59,90.49,132.55,0.556,96.33
A0469,2025-05-03,2.4,65.19,92.42,135.02,0.556,98.34
A0469,2025-05-04,2.4,61.45,86.05,124.53,0.556,91.39
A0469,2025-05-05,2.4,47.64,69.04,102.5,0.556,73.68
A0469,2025-05-06,2.4,54.31,79.28,118.35,0.556,84.71
A0469,2025-05-07,2.4,56.22,81.65,121.42,0.556,87.17
A0469,2025-05-08,2.4,60.62,86.47,126.9,0.556,92.08
A0469,2025-05-09,2.4,60.91,87.94,130.22,0.556,93.81
A0469,2025-05-10,2.4,65.69,92.73,135.02,0.556,98.6
A0469,2025-05-11,2.4,45.04,65.64,97.88,0.556,70.12
A0469,2025-05-12,2.4,58.23,84.7,126.11,0.556,90.46
A0470,2025-04-29,4.9,36.03,54.04,83.27,0.556,58.1
A0470,2025-04-30,4.9,49.41,70.94,105.91,0.556,75.8
A0470,2025-05-01,4.9,30.07,44.58,68.15,0.556,47.85
A0470,2025-05-02,4.9,42.91,66.68,105.28,0.556,72.04
A0470,2025-05-03,4.9,42.45,64.31,99.8,0.556,69.24
A0470,2025-05-04,4.9,40.97,58.82,87.82,0.556,62.85
A0470,2025-05-05,4.9,31.98,47.36,72.34,0.556,50.83
A0470,2025-05-06,4.9,35.49,53.59,83.0,0.556,57.68
A0470,2025-05-07,4.9,38.93,58.45,90.14,0.556,62.85
A0470,2025-05-08,4.9,40.72,61.26,94.61,0.556,65.89
A0470,2025-05-09,4.9,42.48,66.24,104.83,0.556,71.6
A0470,2025-05-10,4.9,43.76,65.8,101.6,0.556,70.77
A0470,2025-05-11,4.9,33.88,50.77,78.2,0.556,54.58
A0470,2025-05-12,4.9,40.58,60.86,93.79,0.556,65.43
A0471,2025-04-29,2.4,98.58,247.91,552.19,0.556,290.17
A0471,2025-04-30,2.4,42.11,101.99,223.41,0.556,118.85
A0471,2025-05-01,2.4,24.78,67.06,145.85,0.556,78.0
A0471,2025-05-02,2.4,83.43,199.43,438.05,0.556,232.57
A0471,2025-05-03,2.4,94.64,219.49,483.66,0.556,256.18
A0471,2025-05-04,2.4,72.94,176.14,379.87,0.556,204.43
A0471,2025-05-05,2.4,60.31,149.92,319.37,0.556,173.45
A0471,2025-05-06,2.4,32.37,79.48,170.37,0.556,92.1
A0471,2025-05-07,2.4,38.1,91.22,192.49,0.556,105.29
A0471,2025-05-08,2.4,45.99,109.47,229.4,0.556,126.13
A0471,2025-05-09,2.4,52.12,121.94,253.24,0.556,140.17
A0471,2025-05-10,2.4,57.35,131.73,271.05,0.556,151.08
A0471,2025-05-11,2.4,32.07,83.86,173.81,0.556,96.36
A0471,2025-05-12,2.4,50.8,119.38,244.78,0.556,136.8
A0472,2025-04-29,31.1,20.2,32.34,52.18,0.909,52.63
A0472,2025-04-30,31.1,27.82,43.16,68.23,0.909,68.8
A0472,2025-05-01,31.1,18.95,30.48,49.32,0.909,49.75
A0472,2025-05-02,31.1,25.34,42.97,71.76,0.909,72.42
A0472,2025-05-03,31.1,25.44,43.08,71.9,0.909,72.56
A0472,2025-05-04,31.1,22.24,35.99,58.45,0.909,58.96
A0472,2025-05-05,31.1,20.16,34.92,59.03,0.909,59.58
A0472,2025-05-06,31.1,20.36,32.73,52.95,0.909,53.41
A0472,2025-05-07,31.1,22.18,37.56,62.69,0.909,63.27
A0472,2025-05-08,31.1,24.19,39.78,65.26,0.909,65.84
A0472,2025-05-09,31.1,26.01,42.72,70.01,0.909,70.63
A0472,2025-05-10,31.1,26.67,46.46,78.79,0.909,79.53
A0472,2025-05-11,31.1,18.55,33.68,58.39,0.909,58.95
A0472,2025-05-12,31.1,23.23,39.07,64.95,0.909,65.54
A0473,2025-04-29,5.2,14.64,23.92,38.68,0.556,25.97
A0473,2025-04-30,5.2,20.84,35.37,58.5,0.556,38.58
A0473,2025-05-01,5.2,13.02,20.95,33.57,0.556,22.7
A0473,2025-05-02,5.2,20.23,33.04,53.4,0.556,35.86
A0473,2025-05-03,5.2,19.21,31.07,49.95,0.556,33.69
A0473,2025-05-04,5.2,13.06,22.64,37.88,0.556,24.76
A0473,2025-05-05,5.2,14.36,22.93,36.55,0.556,24.82
A0473,2025-05-06,5.2,15.23,24.45,39.13,0.556,26.49
A0473,2025-05-07,5.2,18.06,28.83,45.96,0.556,31.21
A0473,2025-05-08,5.2,17.95,29.34,47.46,0.556,31.85
A0473,2025-05-09,5.2,20.44,33.21,53.52,0.556,36.03
A0473,2025-05-10,5.2,19.48,31.21,49.87,0.556,33.8
A0473,2025-05-11,5.2,12.78,20.36,32.43,0.556,22.04
A0473,2025-05-12,5.2,17.9,29.03,46.74,0.556,31.49
A0474,2025-04-29,30.6,11.5,17.48,28.5,0.909,28.75
A0474,2025-04-30,30.6,23.12,35.15,57.31,0.909,57.81
A0474,2025-05-01,30.6,14.81,23.31,38.98,0.909,39.33
A0474,2025-05-02,30.6,20.57,32.85,55.46,0.909,55.98
A0474,2025-05-03,30.6,14.2,23.59,40.88,0.909,41.28
A0474,2025-05-04,30.6,12.81,19.67,32.3,0.909,32.58
A0474,2025-05-05,30.6,11.44,18.54,31.62,0.909,31.92
A0474,2025-05-06,30.6,10.55,16.53,27.54,0.909,27.79
A0474,2025-05-07,30.6,12.82,20.69,35.18,0.909,35.5
A0474,2025-05-08,30.6,14.51,22.48,37.16,0.909,37.49
A0474,2025-05-09,30.6,15.05,22.77,36.98,0.909,37.3
A0474,2025-05-10,30.6,16.33,26.85,46.2,0.909,46.64
A0474,2025-05-11,30.6,11.56,18.27,30.61,0.909,30.89
A0474,2025-05-12,30.6,13.73,21.4,35.52,0.909,35.85
A0475,2025-04-29,34.8,15.66,23.7,35.71,0.909,35.98
A0475,2025-04-30,34.8,23.56,33.29,47.83,0.909,48.16
A0475,2025-05-01,34.8,15.28,22.14,32.38,0.909,32.62
A0475,2025-05-02,34.8,21.47,33.11,50.49,0.909,50.89
A0475,2025-05-03,34.8,20.76,32.29,49.5,0.909,49.89
A0475,2025-05-04,34.8,18.19,25.63,36.74,0.909,37.0
A0475,2025-05-05,34.8,16.8,25.52,38.54,0.909,38.84
A0475,2025-05-06,34.8,16.17,24.32,36.49,0.909,36.76
A0475,2025-05-07,34.8,18.61,29.83,46.57,0.909,46.95
A0475,2025-05-08,34.8,19.84,30.87,47.33,0.909,47.7
A0475,2025-05-09,34.8,21.93,33.03,49.6,0.909,49.98
A0475,2025-05-10,34.8,21.71,34.86,54.5,0.909,54.94
A0475,2025-05-11,34.8,15.12,24.23,37.83,0.909,38.14
A0475,2025-05-12,34.8,18.9,29.16,44.48,0.909,44.82
A0476,2025-04-29,27.3,13.96,19.34,28.69,0.909,28.9
A0476,2025-04-30,27.3,20.62,26.19,35.88,0.909,36.1
A0476,2025-05-01,27.3,12.7,18.31,28.07,0.909,28.29
A0476,2025-05-02,27.3,18.1,26.23,40.37,0.909,40.69
A0476,2025-05-03,27.3,17.78,25.13,37.9,0.909,38.2
A0476,2025-05-04,27.3,16.3,21.16,29.62,0.909,29.81
A0476,2025-05-05,27.3,14.43,20.23,30.31,0.909,30.54
A0476,2025-05-06,27.3,13.55,19.08,28.7,0.909,28.91
A0476,2025-05-07,27.3,16.55,22.53,32.94,0.909,33.18
A0476,2025-05-08,27.3,17.2,23.69,34.97,0.909,35.23
A0476,2025-05-09,27.3,17.45,25.47,39.44,0.909,39.76
A0476,2025-05-10,27.3,19.01,26.65,39.92,0.909,40.23
A0476,2025-05-11,27.3,13.77,19.41,29.21,0.909,29.44
A0476,2025-05-12,27.3,17.0,23.19,33.95,0.909,34.2
A0477,2025-04-29,5.5,36.89,53.66,81.66,0.556,57.55
A0477,2025-04-30,5.5,46.14,68.11,104.81,0.556,73.21
A0477,2025-05-01,5.5,33.5,48.11,72.52,0.556,51.5
A0477,2025-05-02,5.5,46.15,66.67,100.96,0.556,71.43
A0477,2025-05-03,5.5,43.8,62.91,94.84,0.556,67.34
A0477,2025-05-04,5.5,38.27,56.11,85.92,0.556,60.25
A0477,2025-05-05,5.5,35.06,50.5,76.29,0.556,54.08
A0477,2025-05-06,5.5,37.12,54.05,82.35,0.556,57.98
A0477,2025-05-07,5.5,38.08,54.53,82.01,0.556,58.34
A0477,2025-05-08,5.5,40.77,59.14,89.82,0.556,63.4
A0477,2025-05-09,5.5,46.88,67.72,102.52,0.556,72.55
A0477,2025-05-10,5.5,43.94,63.18,95.32,0.556,67.64
A0477,2025-05-11,5.5,33.18,48.44,73.92,0.556,51.98
A0477,2025-05-12,5.5,40.82,58.78,88.79,0.556,62.95
A0478,2025-04-29,203.4,17.82,25.56,37.43,0.909,37.7
A0478,2025-04-30,203.4,21.85,32.16,47.97,0.909,48.33
A0478,2025-05-01,203.4,17.42,24.38,35.05,0.909,35.29
A0478,2025-05-02,203.4,23.5,32.72,46.86,0.909,47.18
A0478,2025-05-03,203.4,23.69,33.1,47.52,0.909,47.85
A0478,2025-05-04,203.4,16.71,24.86,37.35,0.909,37.64
A0478,2025-05-05,203.4,16.52,23.53,34.29,0.909,34.53
A0478,2025-05-06,203.4,18.1,25.72,37.41,0.909,37.67
A0478,2025-05-07,203.4,19.43,27.69,40.36,0.909,40.65
A0478,2025-05-08,203.4,21.65,29.27,40.96,0.909,41.22
A0478,2025-05-09,203.4,23.86,32.7,46.26,0.909,46.57
A0478,2025-05-10,203.4,23.24,32.75,47.34,0.909,47.67
A0478,2025-05-11,203.4,14.8,21.12,30.81,0.909,31.03
A0478,2025-05-12,203.4,76.55,102.14,141.39,0.909,142.28
A0479,2025-04-29,30.8,17.4,26.08,38.76,0.909,39.05
A0479,2025-04-30,30.8,25.56,43.71,70.22,0.909,70.82
A0479,2025-05-01,30.8,16.95,24.61,35.8,0.909,36.05
A0479,2025-05-02,30.8,24.02,36.64,55.07,0.909,55.49
A0479,2025-05-03,30.8,23.79,35.74,53.2,0.909,53.6
A0479,2025-05-04,30.8,37.14,58.07,88.65,0.909,89.35
A0479,2025-05-05,30.8,37.36,53.45,76.94,0.909,77.48
A0479,2025-05-06,30.8,35.44,51.26,74.36,0.909,74.88
A0479,2025-05-07,30.8,38.44,61.74,95.78,0.909,96.56
A0479,2025-05-08,30.8,39.54,60.73,91.69,0.909,92.39
A0479,2025-05-09,30.8,48.14,68.86,99.13,0.909,99.81
A0479,2025-05-10,30.8,49.47,73.23,107.94,0.909,108.73
A0479,2025-05-11,30.8,13.02,22.24,35.71,0.909,36.02
A0479,2025-05-12,30.8,17.64,28.55,44.47,0.909,44.84
A0480,2025-04-29,28.0,19.42,29.06,44.55,0.909,44.9
A0480,2025-04-30,28.0,29.52,47.48,76.33,0.909,76.98
A0480,2025-05-01,28.0,19.24,26.62,38.48,0.909,38.75
A0480,2025-05-02,28.0,26.48,40.66,63.42,0.909,63.94
A0480,2025-05-03,28.0,25.76,40.76,64.85,0.909,65.4
A0480,2025-05-04,28.0,23.17,37.81,61.31,0.909,61.84
A0480,2025-05-05,28.0,20.12,28.23,41.26,0.909,41.56
A0480,2025-05-06,28.0,19.69,29.54,45.36,0.909,45.72
A0480,2025-05-07,28.0,22.99,34.76,53.66,0.909,54.09
A0480,2025-05-08,28.0,24.84,36.55,55.35,0.909,55.78
A0480,2025-05-09,28.0,26.63,39.77,60.86,0.909,61.34
A0480,2025-05-10,28.0,27.16,43.2,68.96,0.909,69.54
A0480,2025-05-11,28.0,18.87,29.57,46.74,0.909,47.13
A0480,2025-05-12,28.0,23.59,34.6,52.28,0.909,52.68
A0481,2025-04-29,28.3,17.04,27.64,41.82,0.909,42.14
A0481,2025-04-30,28.3,25.4,41.86,63.88,0.909,64.38
A0481,2025-05-01,28.3,16.26,23.03,32.08,0.909,32.28
A0481,2025-05-02,28.3,24.24,39.26,59.36,0.909,59.82
A0481,2025-05-03,28.3,22.79,36.85,55.68,0.909,56.11
A0481,2025-05-04,28.3,20.81,33.31,50.05,0.909,50.43
A0481,2025-05-05,28.3,18.05,27.76,40.76,0.909,41.06
A0481,2025-05-06,28.3,31.53,49.93,74.54,0.909,75.1
A0481,2025-05-07,28.3,35.27,58.37,89.28,0.909,89.98
A0481,2025-05-08,28.3,34.47,57.23,87.69,0.909,88.38
A0481,2025-05-09,28.3,40.29,64.02,95.77,0.909,96.49
A0481,2025-05-10,28.3,42.73,70.63,107.97,0.909,108.82
A0481,2025-05-11,28.3,28.93,48.93,75.7,0.909,76.31
A0481,2025-05-12,28.3,17.01,29.98,47.33,0.909,47.72
A0482,2025-04-29,335.9,12.41,19.81,31.4,0.909,31.66
A0482,2025-04-30,335.9,18.75,31.31,50.98,0.909,51.43
A0482,2025-05-01,335.9,11.7,18.45,29.02,0.909,29.26
A0482,2025-05-02,335.9,17.94,29.2,46.85,0.909,47.26
A0482,2025-05-03,335.9,18.72,29.9,47.42,0.909,47.81
A0482,2025-05-04,335.9,12.62,20.64,33.2,0.909,33.49
A0482,2025-05-05,335.9,12.89,19.72,30.41,0.909,30.65
A0482,2025-05-06,335.9,13.05,20.46,32.05,0.909,32.32
A0482,2025-05-07,335.9,14.73,23.28,36.68,0.909,36.98
A0482,2025-05-08,335.9,16.32,25.98,41.12,0.909,41.46
A0482,2025-05-09,335.9,17.9,29.2,46.9,0.909,47.3
A0482,2025-05-10,335.9,18.87,30.03,47.51,0.909,47.91
A0482,2025-05-11,335.9,10.91,17.15,26.93,0.909,27.15
A0482,2025-05-12,335.9,15.42,24.08,37.64,0.909,37.95
A0483,2025-04-29,6.0,25.22,36.97,57.13,0.556,39.77
A0483,2025-04-30,6.0,35.54,50.54,76.28,0.556,54.11
A0483,2025-05-01,6.0,21.93,31.69,48.44,0.556,34.02
A0483,2025-05-02,6.0,30.8,44.56,68.18,0.556,47.84
A0483,2025-05-03,6.0,31.21,44.64,67.69,0.556,47.84
A0483,2025-05-04,6.0,28.4,40.4,61.0,0.556,43.26
A0483,2025-05-05,6.0,22.96,32.97,50.16,0.556,35.36
A0483,2025-05-06,6.0,25.37,37.26,57.66,0.556,40.09
A0483,2025-05-07,6.0,26.53,37.6,56.61,0.556,40.24
A0483,2025-05-08,6.0,28.55,40.96,62.25,0.556,43.91
A0483,2025-05-09,6.0,30.38,44.47,68.66,0.556,47.83
A0483,2025-05-10,6.0,31.98,45.38,68.39,0.556,48.58
A0483,2025-05-11,6.0,22.91,33.02,50.36,0.556,35.43
A0483,2025-05-12,6.0,27.32,39.28,59.79,0.556,42.13
A0484,2025-04-29,167.0,5.21,8.97,13.99,0.909,14.1
A0484,2025-04-30,167.0,6.98,12.1,18.97,0.909,19.12
A0484,2025-05-01,167.0,5.24,8.58,13.05,0.909,13.15
A0484,2025-05-02,167.0,6.85,10.83,16.17,0.909,16.29
A0484,2025-05-03,167.0,7.24,11.75,17.8,0.909,17.94
A0484,2025-05-04,167.0,4.95,8.6,13.49,0.909,13.6
A0484,2025-05-05,167.0,5.26,8.8,13.53,0.909,13.64
A0484,2025-05-06,167.0,5.6,9.32,14.3,0.909,14.41
A0484,2025-05-07,167.0,6.01,10.32,16.08,0.909,16.21
A0484,2025-05-08,167.0,6.6,10.64,16.04,0.909,16.17
A0484,2025-05-09,167.0,7.32,11.22,16.43,0.909,16.55
A0484,2025-05-10,167.0,7.24,11.78,17.87,0.909,18.0
A0484,2025-05-11,167.0,4.41,7.58,11.82,0.909,11.91
A0484,2025-05-12,167.0,9.45,13.89,19.83,0.909,19.96
A0485,2025-04-29,4.8,14.29,22.07,32.69,0.556,23.54
A0485,2025-04-30,4.8,21.89,32.52,47.04,0.556,34.54
A0485,2025-05-01,4.8,12.97,20.11,29.87,0.556,21.47
A0485,2025-05-02,4.8,19.08,30.83,46.87,0.556,33.05
A0485,2025-05-03,4.8,19.53,31.1,46.9,0.556,33.3
A0485,2025-05-04,4.8,16.21,24.36,35.49,0.556,25.91
A0485,2025-05-05,4.8,14.05,21.63,31.99,0.556,23.07
A0485,2025-05-06,4.8,14.21,22.03,32.71,0.556,23.52
A0485,2025-05-07,4.8,15.84,24.72,36.85,0.556,26.41
A0485,2025-05-08,4.8,16.99,26.31,39.04,0.556,28.08
A0485,2025-05-09,4.8,19.25,31.15,47.39,0.556,33.4
A0485,2025-05-10,4.8,19.56,31.1,46.85,0.556,33.28
A0485,2025-05-11,4.8,12.49,19.8,29.77,0.556,21.18
A0485,2025-05-12,4.8,16.93,26.14,38.72,0.556,27.89
A0486,2025-04-29,12.7,77.2,109.66,160.24,0.909,161.39
A0486,2025-04-30,12.7,96.79,134.98,194.51,0.909,195.86
A0486,2025-05-01,12.7,65.78,93.05,135.56,0.909,136.52
A0486,2025-05-02,12.7,84.71,121.55,178.97,0.909,180.28
A0486,2025-05-03,12.7,89.89,126.8,184.32,0.909,185.63
A0486,2025-05-04,12.7,83.21,117.7,171.47,0.909,172.69
A0486,2025-05-05,12.7,68.09,96.1,139.76,0.909,140.76
A0486,2025-05-06,12.7,76.53,109.16,160.01,0.909,161.17
A0486,2025-05-07,12.7,183.76,265.93,394.01,0.909,396.92
A0486,2025-05-08,12.7,195.56,286.36,427.88,0.909,431.1
A0486,2025-05-09,12.7,197.25,284.83,421.34,0.909,424.45
A0486,2025-05-10,12.7,212.27,298.99,434.15,0.909,437.22
A0486,2025-05-11,12.7,158.96,235.94,355.91,0.909,358.64
A0486,2025-05-12,12.7,195.42,283.42,420.58,0.909,423.7
A0487,2025-04-29,12.3,43.65,60.98,89.64,0.909,90.3
A0487,2025-04-30,12.3,51.52,73.61,110.13,0.909,110.96
A0487,2025-05-01,12.3,37.74,49.6,69.2,0.909,69.64
A0487,2025-05-02,12.3,48.99,67.76,98.8,0.909,99.51
A0487,2025-05-03,12.3,50.89,69.62,100.57,0.909,101.28
A0487,2025-05-04,12.3,43.65,62.77,94.36,0.909,95.08
A0487,2025-05-05,12.3,39.36,52.85,75.15,0.909,75.66
A0487,2025-05-06,12.3,44.04,61.6,90.63,0.909,91.29
A0487,2025-05-07,12.3,44.51,62.66,92.67,0.909,93.35
A0487,2025-05-08,12.3,48.37,67.24,98.43,0.909,99.13
A0487,2025-05-09,12.3,49.67,69.01,100.98,0.909,101.7
A0487,2025-05-10,12.3,49.92,68.55,99.33,0.909,100.03
A0487,2025-05-11,12.3,39.37,56.8,85.6,0.909,86.26
A0487,2025-05-12,12.3,46.64,65.56,96.85,0.909,97.56
A0488,2025-04-29,7.0,15.01,25.07,40.2,0.556,27.17
A0488,2025-04-30,7.0,21.25,35.43,56.74,0.556,38.39
A0488,2025-05-01,7.0,13.5,21.68,33.98,0.556,23.39
A0488,2025-05-02,7.0,19.55,32.3,51.45,0.556,34.96
A0488,2025-05-03,7.0,19.0,31.37,49.97,0.556,33.95
A0488,2025-05-04,7.0,16.51,27.77,44.69,0.556,30.12
A0488,2025-05-05,7.0,14.15,22.14,34.16,0.556,23.81
A0488,2025-05-06,7.0,15.11,25.17,40.29,0.556,27.27
A0488,2025-05-07,7.0,16.86,27.43,43.31,0.556,29.64
A0488,2025-05-08,7.0,18.61,30.8,49.13,0.556,33.35
A0488,2025-05-09,7.0,19.16,31.8,50.81,0.556,34.44
A0488,2025-05-10,7.0,19.39,31.91,50.71,0.556,34.52
A0488,2025-05-11,7.0,14.82,24.09,38.01,0.556,26.02
A0488,2025-05-12,7.0,17.14,27.51,43.08,0.556,29.67
A0489,2025-04-29,2.4,40.38,54.94,79.57,0.556,58.36
A0489,2025-04-30,2.4,48.15,63.24,88.76,0.556,66.78
A0489,2025-05-01,2.4,34.32,45.33,63.97,0.556,47.92
A0489,2025-05-02,2.4,47.45,64.14,92.37,0.556,68.06
A0489,2025-05-03,2.4,49.48,68.08,99.54,0.556,72.45
A0489,2025-05-04,2.4,73.81,99.39,142.68,0.556,105.4
A0489,2025-05-05,2.4,72.17,99.2,144.92,0.556,105.55
A0489,2025-05-06,2.4,75.06,104.04,153.08,0.556,110.85
A0489,2025-05-07,2.4,79.93,110.87,163.22,0.556,118.14
A0489,2025-05-08,2.4,84.4,115.39,167.8,0.556,122.67
A0489,2025-05-09,2.4,89.39,121.95,177.04,0.556,129.6
A0489,2025-05-10,2.4,44.71,63.44,95.14,0.556,67.84
A0489,2025-05-11,2.4,29.77,41.9,62.43,0.556,44.75
A0489,2025-05-12,2.4,41.97,58.74,87.11,0.556,62.68
A0490,2025-04-29,6.1,22.03,33.36,57.94,0.556,36.77
A0490,2025-04-30,6.1,28.92,51.58,100.76,0.556,58.41
A0490,2025-05-01,6.1,21.17,36.3,69.13,0.556,40.86
A0490,2025-05-02,6.1,27.88,42.86,75.35,0.556,47.37
A0490,2025-05-03,6.1,28.87,51.34,100.11,0.556,58.11
A0490,2025-05-04,6.1,25.1,56.3,123.99,0.556,65.7
A0490,2025-05-05,6.1,22.42,34.86,61.86,0.556,38.61
A0490,2025-05-06,6.1,9.56,15.43,28.17,0.556,17.2
A0490,2025-05-07,6.1,10.57,17.57,32.76,0.556,19.68
A0490,2025-05-08,6.1,12.04,20.74,39.62,0.556,23.36
A0490,2025-05-09,6.1,15.04,22.61,39.03,0.556,24.89
A0490,2025-05-10,6.1,15.11,26.86,52.36,0.556,30.4
A0490,2025-05-11,6.1,11.37,22.47,46.55,0.556,25.81
A0490,2025-05-12,6.1,14.75,21.57,36.35,0.556,23.62
A0491,2025-04-29,28.8,16.92,45.0,96.09,0.909,97.25
A0491,2025-04-30,28.8,28.68,70.67,149.07,0.909,150.86
A0491,2025-05-01,28.8,17.46,44.54,95.39,0.909,96.55
A0491,2025-05-02,28.8,25.83,63.96,133.18,0.909,134.75
A0491,2025-05-03,28.8,25.65,63.35,131.71,0.909,133.26
A0491,2025-05-04,28.8,21.14,55.07,117.43,0.909,118.85
A0491,2025-05-05,28.8,18.56,47.42,100.68,0.909,101.89
A0491,2025-05-06,28.8,17.16,45.78,97.13,0.909,98.3
A0491,2025-05-07,28.8,21.31,53.94,112.94,0.909,114.28
A0491,2025-05-08,28.8,23.09,57.85,121.59,0.909,123.04
A0491,2025-05-09,28.8,24.56,60.94,127.3,0.909,128.81
A0491,2025-05-10,28.8,26.36,64.4,133.9,0.909,135.47
A0491,2025-05-11,28.8,16.32,43.13,92.09,0.909,93.2
A0491,2025-05-12,28.8,20.47,52.45,110.86,0.909,112.19
A0492,2025-04-29,330.0,4.81,10.93,19.77,0.909,19.97
A0492,2025-04-30,330.0,9.17,17.12,28.6,0.909,28.86
A0492,2025-05-01,330.0,5.17,12.14,22.2,0.909,22.43
A0492,2025-05-02,330.0,7.31,15.87,28.21,0.909,28.5
A0492,2025-05-03,330.0,12.37,22.58,37.3,0.909,37.63
A0492,2025-05-04,330.0,8.87,16.17,26.71,0.909,26.95
A0492,2025-05-05,330.0,8.6,16.3,27.4,0.909,27.65
A0492,2025-05-06,330.0,4.87,11.03,19.92,0.909,20.13
A0492,2025-05-07,330.0,6.11,12.79,22.44,0.909,22.65
A0492,2025-05-08,330.0,7.41,15.46,27.07,0.909,27.34
A0492,2025-05-09,330.0,7.73,16.42,28.96,0.909,29.24
A0492,2025-05-10,330.0,9.02,17.29,29.22,0.909,29.49
A0492,2025-05-11,330.0,4.71,10.0,17.63,0.909,17.8
A0492,2025-05-12,330.0,8.33,15.42,25.65,0.909,25.88
A0493,2025-04-29,200.8,1.38,11.75,31.07,0.909,31.51
A0493,2025-04-30,200.8,3.89,17.94,44.53,0.909,45.14
A0493,2025-05-01,200.8,2.28,13.63,34.7,0.909,35.17
A0493,2025-05-02,200.8,4.76,20.0,47.75,0.909,48.38
A0493,2025-05-03,200.8,5.59,21.66,50.67,0.909,51.33
A0493,2025-05-04,200.8,3.66,17.66,42.4,0.909,42.96
A0493,2025-05-05,200.8,3.78,17.51,41.84,0.909,42.39
A0493,2025-05-06,200.8,4.01,18.07,42.82,0.909,43.38
A0493,2025-05-07,200.8,5.02,20.14,46.87,0.909,47.48
A0493,2025-05-08,200.8,5.73,21.85,50.51,0.909,51.16
A0493,2025-05-09,200.8,6.89,24.19,55.22,0.909,55.92
A0493,2025-05-10,200.8,7.33,24.82,56.25,0.909,56.97
A0493,2025-05-11,200.8,3.4,16.2,38.88,0.909,39.4
A0493,2025-05-12,200.8,5.58,21.22,49.02,0.909,49.65
A0494,2025-04-29,12.9,39.01,62.02,94.95,0.909,95.69
A0494,2025-04-30,12.9,53.58,88.71,138.98,0.909,140.12
A0494,2025-05-01,12.9,33.77,54.69,84.63,0.909,85.31
A0494,2025-05-02,12.9,43.59,69.33,106.16,0.909,106.99
A0494,2025-05-03,12.9,44.5,69.7,105.75,0.909,106.57
A0494,2025-05-04,12.9,43.09,71.92,113.17,0.909,114.11
A0494,2025-05-05,12.9,35.86,58.64,91.23,0.909,91.97
A0494,2025-05-06,12.9,39.22,62.19,95.05,0.909,95.8
A0494,2025-05-07,12.9,40.33,63.23,96.0,0.909,96.74
A0494,2025-05-08,12.9,42.23,67.13,102.75,0.909,103.56
A0494,2025-05-09,12.9,43.67,69.29,105.96,0.909,106.79
A0494,2025-05-10,12.9,44.52,69.74,105.83,0.909,106.65
A0494,2025-05-11,12.9,34.68,55.8,86.02,0.909,86.71
A0494,2025-05-12,12.9,42.43,68.17,104.99,0.909,105.83
A0495,2025-04-29,5.8,27.75,43.01,63.01,0.556,45.79
A0495,2025-04-30,5.8,38.35,62.03,93.07,0.556,66.34
A0495,2025-05-01,5.8,26.01,40.93,60.49,0.556,43.65
A0495,2025-05-02,5.8,27.61,44.81,67.36,0.556,47.94
A0495,2025-05-03,5.8,29.09,45.63,67.33,0.556,48.65
A0495,2025-05-04,5.8,22.14,34.67,51.1,0.556,36.95
A0495,2025-05-05,5.8,20.64,32.66,48.44,0.556,34.86
A0495,2025-05-06,5.8,22.45,34.36,49.97,0.556,36.52
A0495,2025-05-07,5.8,23.94,37.61,55.53,0.556,40.1
A0495,2025-05-08,5.8,27.03,40.89,59.06,0.556,43.42
A0495,2025-05-09,5.8,30.51,47.85,70.6,0.556,51.01
A0495,2025-05-10,5.8,30.95,47.52,69.25,0.556,50.54
A0495,2025-05-11,5.8,18.13,28.38,41.83,0.556,30.25
A0495,2025-05-12,5.8,25.62,39.38,57.44,0.556,41.89
A0496,2025-04-29,2.5,58.53,85.17,123.5,0.556,90.5
A0496,2025-04-30,2.5,76.31,101.65,138.12,0.556,106.72
A0496,2025-05-01,2.5,51.33,74.4,107.6,0.556,79.01
A0496,2025-05-02,2.5,68.52,98.28,141.1,0.556,104.23
A0496,2025-05-03,2.5,72.32,104.13,149.89,0.556,110.48
A0496,2025-05-04,2.5,81.66,107.62,144.98,0.556,112.81
A0496,2025-05-05,2.5,76.19,106.22,149.41,0.556,112.22
A0496,2025-05-06,2.5,78.08,111.61,159.85,0.556,118.31
A0496,2025-05-07,2.5,79.7,114.22,163.9,0.556,121.12
A0496,2025-05-08,2.5,85.03,120.85,172.38,0.556,128.01
A0496,2025-05-09,2.5,92.04,129.76,184.04,0.556,137.3
A0496,2025-05-10,2.5,96.26,135.95,193.07,0.556,143.89
A0496,2025-05-11,2.5,43.22,65.2,96.83,0.556,69.59
A0496,2025-05-12,2.5,60.11,88.07,128.3,0.556,93.66
A0497,2025-04-29,2.9,44.66,73.34,122.86,0.556,80.22
A0497,2025-04-30,2.9,54.88,77.45,116.41,0.556,82.86
A0497,2025-05-01,2.9,39.23,62.63,103.02,0.556,68.24
A0497,2025-05-02,2.9,52.09,82.38,134.69,0.556,89.65
A0497,2025-05-03,2.9,57.33,86.59,137.11,0.556,93.61
A0497,2025-05-04,2.9,41.93,61.27,94.67,0.556,65.91
A0497,2025-05-05,2.9,40.16,63.69,104.32,0.556,69.34
A0497,2025-05-06,2.9,47.97,76.94,126.96,0.556,83.89
A0497,2025-05-07,2.9,47.65,71.85,113.64,0.556,77.66
A0497,2025-05-08,2.9,52.27,79.9,127.61,0.556,86.53
A0497,2025-05-09,2.9,54.52,85.82,139.85,0.556,93.32
A0497,2025-05-10,2.9,57.76,86.59,136.39,0.556,93.51
A0497,2025-05-11,2.9,64.57,100.31,162.0,0.556,108.87
A0497,2025-05-12,2.9,88.6,134.32,213.25,0.556,145.28
A0498,2025-04-29,33.0,8.16,13.68,22.35,0.909,22.55
A0498,2025-04-30,33.0,11.77,21.09,35.72,0.909,36.06
A0498,2025-05-01,33.0,7.21,13.56,23.53,0.909,23.76
A0498,2025-05-02,33.0,10.32,18.98,32.57,0.909,32.88
A0498,2025-05-03,33.0,10.28,18.18,30.58,0.909,30.86
A0498,2025-05-04,33.0,8.6,15.47,26.26,0.909,26.5
A0498,2025-05-05,33.0,7.93,14.83,25.66,0.909,25.9
A0498,2025-05-06,33.0,7.94,13.49,22.2,0.909,22.4
A0498,2025-05-07,33.0,9.14,16.44,27.89,0.909,28.15
A0498,2025-05-08,33.0,9.62,16.62,27.62,0.909,27.87
A0498,2025-05-09,33.0,10.29,18.6,31.64,0.909,31.94
A0498,2025-05-10,33.0,10.89,19.45,32.9,0.909,33.21
A0498,2025-05-11,33.0,7.19,13.38,23.1,0.909,23.33
A0498,2025-05-12,33.0,9.47,16.23,26.84,0.909,27.08
A0499,2025-04-29,26.1,5.07,19.26,44.43,0.909,45.0
A0499,2025-04-30,26.1,10.19,31.17,68.59,0.909,69.44
A0499,2025-05-01,26.1,5.86,20.13,46.17,0.909,46.76
A0499,2025-05-02,26.1,9.23,28.68,62.72,0.909,63.49
A0499,2025-05-03,26.1,9.46,28.99,63.17,0.909,63.94
A0499,2025-05-04,26.1,7.13,24.22,54.63,0.909,55.32
A0499,2025-05-05,26.1,6.13,21.01,47.88,0.909,48.49
A0499,2025-05-06,26.1,5.74,20.67,47.01,0.909,47.61
A0499,2025-05-07,26.1,7.73,24.87,55.13,0.909,55.82
A0499,2025-05-08,26.1,8.47,26.6,58.85,0.909,59.58
A0499,2025-05-09,26.1,9.34,28.45,62.29,0.909,63.06
A0499,2025-05-10,26.1,10.32,30.39,65.95,0.909,66.75
A0499,2025-05-11,26.1,5.39,19.16,44.15,0.909,44.72
A0499,2025-05-12,26.1,7.56,24.68,55.06,0.909,55.75
A0500,2025-04-29,321.5,17.25,26.6,42.34,0.909,42.69
A0500,2025-04-30,321.5,27.99,40.67,62.01,0.909,62.49
A0500,2025-05-01,321.5,17.63,28.97,48.05,0.909,48.48
A0500,2025-05-02,321.5,24.73,38.55,61.82,0.909,62.34
A0500,2025-05-03,321.5,26.72,40.66,64.12,0.909,64.65
A0500,2025-05-04,321.5,19.12,28.51,44.32,0.909,44.68
A0500,2025-05-05,321.5,19.42,30.29,48.58,0.909,49.0
A0500,2025-05-06,321.5,17.46,26.81,42.55,0.909,42.91
A0500,2025-05-07,321.5,20.96,31.35,48.85,0.909,49.24
A0500,2025-05-08,321.5,23.25,35.97,57.38,0.909,57.86
A0500,2025-05-09,321.5,24.34,38.15,61.39,0.909,61.92
A0500,2025-05-10,321.5,26.81,40.77,64.25,0.909,64.78
A0500,2025-05-11,321.5,15.71,23.82,37.48,0.909,37.79
A0500,2025-05-12,321.5,40.96,61.6,96.33,0.909,97.12
A0501,2025-04-29,11.1,147.25,207.99,292.19,0.909,294.11
A0501,2025-04-30,11.1,188.1,260.58,361.05,0.909,363.34
A0501,2025-05-01,11.1,132.61,187.54,263.7,0.909,265.43
A0501,2025-05-02,11.1,163.83,235.27,334.33,0.909,336.58
A0501,2025-05-03,11.1,164.31,232.75,327.63,0.909,329.79
A0501,2025-05-04,11.1,162.79,225.92,313.45,0.909,315.44
A0501,2025-05-05,11.1,137.39,198.7,283.71,0.909,285.64
A0501,2025-05-06,11.1,146.08,207.55,292.77,0.909,294.7
A0501,2025-05-07,11.1,265.53,382.44,544.53,0.909,548.21
A0501,2025-05-08,11.1,279.35,400.31,567.99,0.909,571.81
A0501,2025-05-09,11.1,288.17,418.89,600.12,0.909,604.24
A0501,2025-05-10,11.1,289.73,410.89,578.85,0.909,582.67
A0501,2025-05-11,11.1,118.32,179.47,264.25,0.909,266.18
A0501,2025-05-12,11.1,150.82,224.23,326.01,0.909,328.32
A0502,2025-04-29,24.4,3.43,16.07,39.13,0.909,39.66
A0502,2025-04-30,24.4,8.43,28.64,65.67,0.909,66.51
A0502,2025-05-01,24.4,4.57,17.94,43.12,0.909,43.69
A0502,2025-05-02,24.4,7.81,26.84,60.76,0.909,61.54
A0502,2025-05-03,24.4,8.17,27.52,61.84,0.909,62.62
A0502,2025-05-04,24.4,6.45,23.43,54.53,0.909,55.23
A0502,2025-05-05,24.4,5.54,20.22,47.37,0.909,47.99
A0502,2025-05-06,24.4,4.86,19.22,45.19,0.909,45.78
A0502,2025-05-07,24.4,7.26,24.36,55.32,0.909,56.02
A0502,2025-05-08,24.4,7.93,25.92,58.92,0.909,59.67
A0502,2025-05-09,24.4,8.66,27.86,62.55,0.909,63.34
A0502,2025-05-10,24.4,9.92,30.43,67.53,0.909,68.37
A0502,2025-05-11,24.4,5.22,18.65,44.07,0.909,44.64
A0502,2025-05-12,24.4,7.2,24.08,55.09,0.909,55.79
A0503,2025-04-29,392.1,92.47,119.47,161.8,0.909,162.76
A0503,2025-04-30,392.1,121.07,151.27,198.61,0.909,199.69
A0503,2025-05-01,392.1,82.35,103.52,136.7,0.909,137.46
A0503,2025-05-02,392.1,108.72,138.53,185.26,0.909,186.33
A0503,2025-05-03,392.1,108.37,141.12,192.47,0.909,193.63
A0503,2025-05-04,392.1,102.85,128.86,169.63,0.909,170.55
A0503,2025-05-05,392.1,87.76,113.11,152.86,0.909,153.77
A0503,2025-05-06,392.1,91.36,118.5,161.05,0.909,162.02
A0503,2025-05-07,392.1,93.74,122.31,167.1,0.909,168.12
A0503,2025-05-08,392.1,100.91,129.75,174.97,0.909,176.0
A0503,2025-05-09,392.1,107.13,136.33,182.1,0.909,183.15
A0503,2025-05-10,392.1,108.03,141.97,195.18,0.909,196.39
A0503,2025-05-11,392.1,83.25,108.99,149.35,0.909,150.27
A0503,2025-05-12,392.1,97.23,127.52,175.0,0.909,176.08
A0504,2025-04-29,407.3,2.95,7.82,14.74,0.909,14.9
A0504,2025-04-30,407.3,3.95,11.29,21.74,0.909,21.97
A0504,2025-05-01,407.3,3.11,8.61,16.43,0.909,16.61
A0504,2025-05-02,407.3,3.6,11.25,22.13,0.909,22.37
A0504,2025-05-03,407.3,4.4,12.07,22.99,0.909,23.23
A0504,2025-05-04,407.3,2.29,7.27,14.35,0.909,14.51
A0504,2025-05-05,407.3,3.41,8.48,15.69,0.909,15.85
A0504,2025-05-06,407.3,3.43,8.26,15.12,0.909,15.28
A0504,2025-05-07,407.3,3.66,9.07,16.76,0.909,16.94
A0504,2025-05-08,407.3,3.83,10.85,20.84,0.909,21.07
A0504,2025-05-09,407.3,4.18,11.63,22.22,0.909,22.46
A0504,2025-05-10,407.3,4.81,12.56,23.58,0.909,23.83
A0504,2025-05-11,407.3,2.76,6.62,12.1,0.909,12.23
A0504,2025-05-12,407.3,4.18,10.14,18.61,0.909,18.8
A0505,2025-04-29,10.3,48.7,126.82,280.88,0.909,284.38
A0505,2025-04-30,10.3,73.1,177.35,399.87,0.909,404.93
A0505,2025-05-01,10.3,49.51,126.65,282.42,0.909,285.96
A0505,2025-05-02,10.3,68.05,161.58,363.59,0.909,368.18
A0505,2025-05-03,10.3,74.42,173.38,388.01,0.909,392.88
A0505,2025-05-04,10.3,31.58,78.09,170.54,0.909,172.64
A0505,2025-05-05,10.3,29.06,72.93,156.48,0.909,158.38
A0505,2025-05-06,10.3,34.17,83.63,177.71,0.909,179.84
A0505,2025-05-07,10.3,38.92,93.37,195.99,0.909,198.33
A0505,2025-05-08,10.3,43.62,104.41,218.58,0.909,221.18
A0505,2025-05-09,10.3,47.82,112.22,233.79,0.909,236.55
A0505,2025-05-10,10.3,50.23,116.0,240.11,0.909,242.93
A0505,2025-05-11,10.3,32.16,81.46,169.66,0.909,171.67
A0505,2025-05-12,10.3,44.62,104.99,217.13,0.909,219.68
A0506,2025-04-29,10.1,26.79,66.18,137.45,0.909,139.07
A0506,2025-04-30,10.1,37.42,87.16,179.14,0.909,181.23
A0506,2025-05-01,10.1,25.51,63.49,130.75,0.909,132.28
A0506,2025-05-02,10.1,34.81,81.41,166.01,0.909,167.93
A0506,2025-05-03,10.1,36.1,83.04,168.54,0.909,170.49
A0506,2025-05-04,10.1,30.31,73.17,150.03,0.909,151.77
A0506,2025-05-05,10.1,27.42,66.84,136.74,0.909,138.33
A0506,2025-05-06,10.1,29.21,69.85,142.57,0.909,144.22
A0506,2025-05-07,10.1,31.09,72.95,148.2,0.909,149.91
A0506,2025-05-08,10.1,33.17,77.77,158.22,0.909,160.05
A0506,2025-05-09,10.1,35.39,81.7,165.91,0.909,167.82
A0506,2025-05-10,10.1,36.32,82.91,167.63,0.909,169.56
A0506,2025-05-11,10.1,24.32,60.85,124.83,0.909,126.29
A0506,2025-05-12,10.1,32.18,75.4,153.15,0.909,154.91
A0507,2025-04-29,3.2,40.79,58.29,88.23,0.556,62.45
A0507,2025-04-30,3.2,53.22,78.82,122.61,0.556,84.9
A0507,2025-05-01,3.2,36.7,51.43,76.62,0.556,54.93
A0507,2025-05-02,3.2,46.56,64.78,95.95,0.556,69.11
A0507,2025-05-03,3.2,48.91,69.16,103.79,0.556,73.97
A0507,2025-05-04,3.2,39.41,58.0,89.8,0.556,62.42
A0507,2025-05-05,3.2,75.95,102.25,147.24,0.556,108.5
A0507,2025-05-06,3.2,79.74,111.11,164.78,0.556,118.57
A0507,2025-05-07,3.2,77.83,108.37,160.6,0.556,115.62
A0507,2025-05-08,3.2,85.61,121.0,181.53,0.556,129.41
A0507,2025-05-09,3.2,90.75,123.71,180.08,0.556,131.54
A0507,2025-05-10,3.2,92.94,128.89,190.37,0.556,137.43
A0507,2025-05-11,3.2,26.65,40.9,65.26,0.556,44.28
A0507,2025-05-12,3.2,78.07,110.74,166.6,0.556,118.5
A0508,2025-04-29,7.0,33.01,49.28,74.61,0.556,52.8
A0508,2025-04-30,7.0,45.24,68.72,105.27,0.556,73.8
A0508,2025-05-01,7.0,30.47,43.59,64.01,0.556,46.42
A0508,2025-05-02,7.0,43.37,63.41,94.61,0.556,67.75
A0508,2025-05-03,7.0,42.42,60.55,88.78,0.556,64.47
A0508,2025-05-04,7.0,39.71,58.43,87.58,0.556,62.48
A0508,2025-05-05,7.0,33.42,49.27,73.95,0.556,52.7
A0508,2025-05-06,7.0,34.72,50.88,76.05,0.556,54.38
A0508,2025-05-07,7.0,35.76,52.26,77.94,0.556,55.83
A0508,2025-05-08,7.0,39.44,57.62,85.91,0.556,61.55
A0508,2025-05-09,7.0,44.18,63.81,94.36,0.556,68.05
A0508,2025-05-10,7.0,42.81,61.34,90.2,0.556,65.35
A0508,2025-05-11,7.0,30.83,45.68,68.8,0.556,48.89
A0508,2025-05-12,7.0,129.48,193.8,293.94,0.556,207.71
A0509,2025-04-29,35.6,7.11,13.07,22.57,0.909,22.79
A0509,2025-04-30,35.6,10.97,18.68,30.98,0.909,31.26
A0509,2025-05-01,35.6,6.94,12.74,21.99,0.909,22.21
A0509,2025-05-02,35.6,10.05,17.9,30.44,0.909,30.73
A0509,2025-05-03,35.6,10.39,17.9,29.9,0.909,30.17
A0509,2025-05-04,35.6,4.12,8.26,14.88,0.909,15.03
A0509,2025-05-05,35.6,3.76,7.2,12.7,0.909,12.83
A0509,2025-05-06,35.6,3.63,7.21,12.92,0.909,13.05
A0509,2025-05-07,35.6,4.12,8.14,14.57,0.909,14.71
A0509,2025-05-08,35.6,4.76,9.33,16.62,0.909,16.79
A0509,2025-05-09,35.6,5.11,9.43,16.34,0.909,16.5
A0509,2025-05-10,35.6,5.52,10.19,17.64,0.909,17.8
A0509,2025-05-11,35.6,3.51,7.3,13.35,0.909,13.49
A0509,2025-05-12,35.6,4.67,8.77,15.31,0.909,15.46
A0510,2025-04-29,374.9,81.5,108.15,149.54,0.909,150.48
A0510,2025-04-30,374.9,119.72,152.84,204.3,0.909,205.47
A0510,2025-05-01,374.9,73.26,100.23,142.12,0.909,143.07
A0510,2025-05-02,374.9,94.36,124.29,170.78,0.909,171.84
A0510,2025-05-03,374.9,98.04,128.86,176.74,0.909,177.83
A0510,2025-05-04,374.9,99.49,126.68,168.92,0.909,169.88
A0510,2025-05-05,374.9,78.57,104.26,144.16,0.909,145.07
A0510,2025-05-06,374.9,77.9,105.03,147.17,0.909,148.12
A0510,2025-05-07,374.9,82.36,109.11,150.66,0.909,151.61
A0510,2025-05-08,374.9,86.87,115.56,160.14,0.909,161.15
A0510,2025-05-09,374.9,91.35,121.7,168.86,0.909,169.93
A0510,2025-05-10,374.9,98.06,129.22,177.64,0.909,178.74
A0510,2025-05-11,374.9,75.86,100.31,138.28,0.909,139.15
A0510,2025-05-12,374.9,85.93,112.66,154.19,0.909,155.13
A0511,2025-04-29,12.2,103.24,146.86,209.24,0.909,210.66
A0511,2025-04-30,12.2,124.54,179.51,258.11,0.909,259.9
A0511,2025-05-01,12.2,96.39,142.95,209.53,0.909,211.04
A0511,2025-05-02,12.2,117.69,169.54,243.69,0.909,245.37
A0511,2025-05-03,12.2,115.51,163.3,231.64,0.909,233.19
A0511,2025-05-04,12.2,106.05,151.95,217.58,0.909,219.07
A0511,2025-05-05,12.2,103.31,151.33,219.99,0.909,221.55
A0511,2025-05-06,12.2,103.58,147.36,209.96,0.909,211.38
A0511,2025-05-07,12.2,108.63,156.8,225.68,0.909,227.24
A0511,2025-05-08,12.2,115.78,166.28,238.49,0.909,240.13
A0511,2025-05-09,12.2,118.42,170.74,245.55,0.909,247.25
A0511,2025-05-10,12.2,117.18,164.85,233.0,0.909,234.55
A0511,2025-05-11,12.2,93.18,135.45,195.88,0.909,197.25
A0511,2025-05-12,12.2,119.17,170.26,243.32,0.909,244.98
A0512,2025-04-29,437.6,4.37,8.75,16.48,0.909,16.65
A0512,2025-04-30,437.6,6.28,11.72,21.33,0.909,21.55
A0512,2025-05-01,437.6,4.07,9.01,17.74,0.909,17.94
A0512,2025-05-02,437.6,6.03,11.88,22.22,0.909,22.46
A0512,2025-05-03,437.6,6.24,12.32,23.05,0.909,23.3
A0512,2025-05-04,437.6,4.31,9.21,17.87,0.909,18.07
A0512,2025-05-05,437.6,4.77,9.13,16.85,0.909,17.02
A0512,2025-05-06,437.6,4.52,8.95,16.76,0.909,16.94
A0512,2025-05-07,437.6,5.81,10.81,19.62,0.909,19.82
A0512,2025-05-08,437.6,5.59,10.92,20.34,0.909,20.56
A0512,2025-05-09,437.6,6.0,11.81,22.08,0.909,22.31
A0512,2025-05-10,437.6,6.74,13.11,24.37,0.909,24.62
A0512,2025-05-11,437.6,4.46,9.41,18.14,0.909,18.34
A0512,2025-05-12,437.6,5.92,10.29,18.01,0.909,18.18
A0513,2025-04-29,2.5,25.44,38.23,58.5,0.556,41.05
A0513,2025-04-30,2.5,32.21,47.16,70.85,0.556,50.45
A0513,2025-05-01,2.5,22.24,32.55,48.89,0.556,34.82
A0513,2025-05-02,2.5,29.28,43.26,65.41,0.556,46.33
A0513,2025-05-03,2.5,30.78,45.58,69.04,0.556,48.84
A0513,2025-05-04,2.5,24.26,35.36,52.96,0.556,37.81
A0513,2025-05-05,2.5,23.93,35.03,52.61,0.556,37.47
A0513,2025-05-06,2.5,25.72,38.54,58.87,0.556,41.36
A0513,2025-05-07,2.5,27.32,40.58,61.61,0.556,43.5
A0513,2025-05-08,2.5,28.05,40.86,61.17,0.556,43.68
A0513,2025-05-09,2.5,28.8,42.92,65.3,0.556,46.03
A0513,2025-05-10,2.5,31.08,45.79,69.12,0.556,49.03
A0513,2025-05-11,2.5,21.95,32.23,48.52,0.556,34.49
A0513,2025-05-12,2.5,27.71,40.77,61.47,0.556,43.64
A0514,2025-04-29,348.7,5.8,11.74,20.07,0.909,20.26
A0514,2025-04-30,348.7,8.27,15.12,24.72,0.909,24.94
A0514,2025-05-01,348.7,5.66,11.48,19.64,0.909,19.83
A0514,2025-05-02,348.7,7.73,14.73,24.53,0.909,24.76
A0514,2025-05-03,348.7,8.05,15.55,26.05,0.909,26.29
A0514,2025-05-04,348.7,5.94,11.58,19.48,0.909,19.66
A0514,2025-05-05,348.7,5.94,12.62,21.97,0.909,22.18
A0514,2025-05-06,348.7,5.85,11.78,20.09,0.909,20.28
A0514,2025-05-07,348.7,6.77,13.3,22.44,0.909,22.65
A0514,2025-05-08,348.7,7.2,13.67,22.74,0.909,22.95
A0514,2025-05-09,348.7,14.09,23.76,37.31,0.909,37.62
A0514,2025-05-10,348.7,15.76,27.41,43.73,0.909,44.1
A0514,2025-05-11,348.7,9.94,17.84,28.91,0.909,29.17
A0514,2025-05-12,348.7,12.84,22.81,36.79,0.909,37.1
A0515,2025-04-29,393.3,62.2,86.03,126.86,0.909,127.79
A0515,2025-04-30,393.3,79.42,103.76,145.43,0.909,146.38
A0515,2025-05-01,393.3,54.69,74.94,109.61,0.909,110.4
A0515,2025-05-02,393.3,72.94,99.13,143.97,0.909,144.99
A0515,2025-05-03,393.3,75.6,101.69,146.36,0.909,147.38
A0515,2025-05-04,393.3,63.72,83.25,116.71,0.909,117.47
A0515,2025-05-05,393.3,57.08,77.94,113.68,0.909,114.49
A0515,2025-05-06,393.3,63.68,87.82,129.17,0.909,130.11
A0515,2025-05-07,393.3,65.32,88.97,129.48,0.909,130.4
A0515,2025-05-08,393.3,67.77,92.37,134.51,0.909,135.47
A0515,2025-05-09,393.3,74.08,100.83,146.67,0.909,147.71
A0515,2025-05-10,393.3,74.67,100.98,146.04,0.909,147.07
A0515,2025-05-11,393.3,55.21,75.51,110.27,0.909,111.06
A0515,2025-05-12,393.3,65.7,89.23,129.52,0.909,130.44
A0516,2025-04-29,13.8,133.52,200.8,304.7,0.909,307.06
A0516,2025-04-30,13.8,182.55,266.8,396.89,0.909,399.85
A0516,2025-05-01,13.8,24.55,40.83,65.97,0.909,66.54
A0516,2025-05-02,13.8,37.44,54.28,80.29,0.909,80.88
A0516,2025-05-03,13.8,42.5,61.4,90.59,0.909,91.26
A0516,2025-05-04,13.8,47.45,66.66,96.33,0.909,97.01
A0516,2025-05-05,13.8,31.03,49.33,77.6,0.909,78.24
A0516,2025-05-06,13.8,36.0,52.75,78.62,0.909,79.2
A0516,2025-05-07,13.8,37.12,54.28,80.79,0.909,81.39
A0516,2025-05-08,13.8,40.33,58.86,87.48,0.909,88.13
A0516,2025-05-09,13.8,41.94,58.43,83.9,0.909,84.48
A0516,2025-05-10,13.8,47.22,66.19,95.49,0.909,96.16
A0516,2025-05-11,13.8,31.93,47.92,72.62,0.909,73.18
A0516,2025-05-12,13.8,40.69,60.66,91.5,0.909,92.2
A0517,2025-04-29,394.5,10.1,17.57,31.05,0.909,31.35
A0517,2025-04-30,394.5,15.17,26.66,47.35,0.909,47.82
A0517,2025-05-01,394.5,9.99,17.66,31.49,0.909,31.8
A0517,2025-05-02,394.5,13.2,22.19,38.37,0.909,38.74
A0517,2025-05-03,394.5,13.29,22.72,39.7,0.909,40.09
A0517,2025-05-04,394.5,12.09,21.01,37.09,0.909,37.46
A0517,2025-05-05,394.5,10.71,19.13,34.32,0.909,34.66
A0517,2025-05-06,394.5,10.09,17.68,31.35,0.909,31.66
A0517,2025-05-07,394.5,12.32,21.56,38.2,0.909,38.58
A0517,2025-05-08,394.5,12.92,21.78,37.74,0.909,38.1
A0517,2025-05-09,394.5,12.84,21.09,35.94,0.909,36.28
A0517,2025-05-10,394.5,14.69,25.43,44.78,0.909,45.22
A0517,2025-05-11,394.5,10.75,18.99,33.83,0.909,34.17
A0517,2025-05-12,394.5,12.19,20.22,34.69,0.909,35.02
A0518,2025-04-29,5.0,20.32,32.62,49.1,0.556,34.91
A0518,2025-04-30,5.0,27.08,41.81,61.53,0.556,44.54
A0518,2025-05-01,5.0,17.68,26.64,38.63,0.556,28.3
A0518,2025-05-02,5.0,25.74,41.43,62.44,0.556,44.34
A0518,2025-05-03,5.0,25.36,39.81,59.16,0.556,42.5
A0518,2025-05-04,5.0,21.1,31.7,45.91,0.556,33.68
A0518,2025-05-05,5.0,19.57,29.02,41.69,0.556,30.78
A0518,2025-05-06,5.0,20.56,32.91,49.45,0.556,35.21
A0518,2025-05-07,5.0,22.07,35.48,53.46,0.556,37.98
A0518,2025-05-08,5.0,23.73,37.04,54.88,0.556,39.52
A0518,2025-05-09,5.0,25.62,41.58,62.96,0.556,44.55
A0518,2025-05-10,5.0,25.46,39.77,58.93,0.556,42.43
A0518,2025-05-11,5.0,17.93,27.98,41.44,0.556,29.85
A0518,2025-05-12,5.0,23.54,36.38,53.57,0.556,38.77
A0519,2025-04-29,361.8,10.98,17.88,31.18,0.909,31.48
A0519,2025-04-30,361.8,15.67,24.93,42.74,0.909,43.14
A0519,2025-05-01,361.8,10.84,17.72,30.97,0.909,31.27
A0519,2025-05-02,361.8,14.14,22.53,38.69,0.909,39.05
A0519,2025-05-03,361.8,14.17,22.39,38.23,0.909,38.59
A0519,2025-05-04,361.8,12.5,19.8,33.87,0.909,34.19
A0519,2025-05-05,361.8,11.57,18.93,33.1,0.909,33.43
A0519,2025-05-06,361.8,11.46,18.46,31.93,0.909,32.24
A0519,2025-05-07,361.8,12.61,21.15,37.59,0.909,37.96
A0519,2025-05-08,361.8,13.17,20.78,35.41,0.909,35.75
A0519,2025-05-09,361.8,14.65,22.57,37.81,0.909,38.16
A0519,2025-05-10,361.8,15.05,23.96,41.13,0.909,41.52
A0519,2025-05-11,361.8,10.46,17.65,31.48,0.909,31.8
A0519,2025-05-12,361.8,12.77,19.96,33.8,0.909,34.11
A0520,2025-04-29,14.0,76.88,112.83,171.84,0.909,173.18
A0520,2025-04-30,14.0,293.48,444.94,693.52,0.909,699.17
A0520,2025-05-01,14.0,213.29,325.21,508.9,0.909,513.07
A0520,2025-05-02,14.0,272.08,399.95,609.8,0.909,614.57
A0520,2025-05-03,14.0,74.33,116.89,186.76,0.909,188.34
A0520,2025-05-04,14.0,77.7,119.21,187.33,0.909,188.88
A0520,2025-05-05,14.0,66.68,105.33,168.78,0.909,170.22
A0520,2025-05-06,14.0,71.8,107.74,166.73,0.909,168.07
A0520,2025-05-07,14.0,80.69,120.52,185.88,0.909,187.37
A0520,2025-05-08,14.0,83.68,125.73,194.76,0.909,196.33
A0520,2025-05-09,14.0,84.52,126.24,194.71,0.909,196.27
A0520,2025-05-10,14.0,88.15,130.72,200.59,0.909,202.18
A0520,2025-05-11,14.0,73.61,108.03,164.53,0.909,165.82
A0520,2025-05-12,14.0,86.48,130.06,201.58,0.909,203.2
A0521,2025-04-29,13.2,21.05,32.0,49.42,0.909,49.82
A0521,2025-04-30,13.2,25.03,40.6,65.39,0.909,65.95
A0521,2025-05-01,13.2,18.6,29.38,46.55,0.909,46.94
A0521,2025-05-02,13.2,22.95,35.87,56.43,0.909,56.9
A0521,2025-05-03,13.2,22.43,35.9,57.34,0.909,57.83
A0521,2025-05-04,13.2,20.11,33.2,54.05,0.909,54.52
A0521,2025-05-05,13.2,18.66,29.64,47.1,0.909,47.5
A0521,2025-05-06,13.2,20.69,31.73,49.3,0.909,49.7
A0521,2025-05-07,13.2,20.83,32.87,52.04,0.909,52.47
A0521,2025-05-08,13.2,23.03,36.1,56.91,0.909,57.38
A0521,2025-05-09,13.2,23.99,37.21,58.27,0.909,58.74
A0521,2025-05-10,13.2,22.62,35.99,57.27,0.909,57.75
A0521,2025-05-11,13.2,17.62,28.61,46.1,0.909,46.5
A0521,2025-05-12,13.2,22.81,35.78,56.43,0.909,56.9
A0522,2025-04-29,26.5,26.93,40.28,59.2,0.909,59.63
A0522,2025-04-30,26.5,36.65,55.26,81.61,0.909,82.21
A0522,2025-05-01,26.5,7.9,13.03,20.29,0.909,20.46
A0522,2025-05-02,26.5,11.56,20.77,33.84,0.909,34.13
A0522,2025-05-03,26.5,11.66,20.65,33.39,0.909,33.68
A0522,2025-05-04,26.5,8.78,15.59,25.25,0.909,25.46
A0522,2025-05-05,26.5,8.48,14.37,22.71,0.909,22.9
A0522,2025-05-06,26.5,9.71,16.2,25.39,0.909,25.6
A0522,2025-05-07,26.5,10.77,19.41,31.65,0.909,31.93
A0522,2025-05-08,26.5,11.98,20.01,31.38,0.909,31.64
A0522,2025-05-09,26.5,14.22,22.99,35.41,0.909,35.69
A0522,2025-05-10,26.5,13.66,23.23,36.79,0.909,37.1
A0522,2025-05-11,26.5,8.03,15.37,25.78,0.909,26.01
A0522,2025-05-12,26.5,11.54,19.45,30.65,0.909,30.91
A0523,2025-04-29,35.1,12.38,20.22,32.22,0.909,32.49
A0523,2025-04-30,35.1,18.43,30.53,49.06,0.909,49.48
A0523,2025-05-01,35.1,12.01,19.22,30.28,0.909,30.53
A0523,2025-05-02,35.1,17.07,26.5,40.95,0.909,41.28
A0523,2025-05-03,35.1,16.49,28.18,46.08,0.909,46.49
A0523,2025-05-04,35.1,21.83,33.97,52.57,0.909,52.99
A0523,2025-05-05,35.1,19.9,30.15,45.84,0.909,46.2
A0523,2025-05-06,35.1,17.78,29.61,47.74,0.909,48.15
A0523,2025-05-07,35.1,19.62,35.96,60.98,0.909,61.55
A0523,2025-05-08,35.1,19.11,37.72,66.23,0.909,66.88
A0523,2025-05-09,35.1,13.96,23.3,37.6,0.909,37.93
A0523,2025-05-10,35.1,15.33,28.38,48.36,0.909,48.81
A0523,2025-05-11,35.1,10.74,19.75,33.54,0.909,33.86
A0523,2025-05-12,35.1,28.55,42.74,64.47,0.909,64.97
A0524,2025-04-29,3.4,17.26,28.21,44.93,0.556,30.53
A0524,2025-04-30,3.4,21.81,36.07,57.83,0.556,39.09
A0524,2025-05-01,3.4,15.49,25.87,41.72,0.556,28.07
A0524,2025-05-02,3.4,19.85,32.02,50.61,0.556,34.6
A0524,2025-05-03,3.4,21.05,34.94,56.15,0.556,37.89
A0524,2025-05-04,3.4,15.74,26.71,43.46,0.556,29.03
A0524,2025-05-05,3.4,16.04,26.89,43.46,0.556,29.19
A0524,2025-05-06,3.4,18.31,29.18,45.78,0.556,31.48
A0524,2025-05-07,3.4,18.46,29.93,47.46,0.556,32.37
A0524,2025-05-08,3.4,19.43,31.54,50.05,0.556,34.11
A0524,2025-05-09,3.4,22.07,34.05,52.35,0.556,36.59
A0524,2025-05-10,3.4,21.45,35.35,56.57,0.556,38.3
A0524,2025-05-11,3.4,13.71,22.87,36.84,0.556,24.81
A0524,2025-05-12,3.4,20.33,32.41,50.86,0.556,34.97
A0525,2025-04-29,12.6,27.43,39.75,58.22,0.909,58.64
A0525,2025-04-30,12.6,35.62,53.0,79.05,0.909,79.65
A0525,2025-05-01,12.6,24.44,34.84,50.42,0.909,50.77
A0525,2025-05-02,12.6,32.66,46.04,66.09,0.909,66.54
A0525,2025-05-03,12.6,31.27,44.57,64.5,0.909,64.95
A0525,2025-05-04,12.6,27.98,45.12,70.8,0.909,71.39
A0525,2025-05-05,12.6,25.08,37.68,56.57,0.909,57.0
A0525,2025-05-06,12.6,27.27,39.32,57.38,0.909,57.79
A0525,2025-05-07,12.6,28.74,41.7,61.13,0.909,61.57
A0525,2025-05-08,12.6,31.23,43.72,62.45,0.909,62.87
A0525,2025-05-09,12.6,33.61,46.22,65.11,0.909,65.54
A0525,2025-05-10,12.6,32.04,45.58,65.86,0.909,66.32
A0525,2025-05-11,12.6,24.46,37.03,55.87,0.909,56.3
A0525,2025-05-12,12.6,30.82,44.95,66.13,0.909,66.61
A0526,2025-04-29,7.9,27.41,44.43,68.56,0.556,47.79
A0526,2025-04-30,7.9,39.64,58.32,84.79,0.556,62.0
A0526,2025-05-01,7.9,24.46,40.37,62.92,0.556,43.5
A0526,2025-05-02,7.9,33.65,54.15,83.21,0.556,58.19
A0526,2025-05-03,7.9,34.56,55.04,84.06,0.556,59.07
A0526,2025-05-04,7.9,33.83,48.05,68.2,0.556,50.84
A0526,2025-05-05,7.9,25.88,40.28,60.69,0.556,43.12
A0526,2025-05-06,7.9,28.41,45.84,70.54,0.556,49.27
A0526,2025-05-07,7.9,29.93,46.86,70.87,0.556,50.2
A0526,2025-05-08,7.9,33.5,52.74,80.0,0.556,56.52
A0526,2025-05-09,7.9,33.36,55.02,85.72,0.556,59.29
A0526,2025-05-10,7.9,36.05,56.27,84.93,0.556,60.25
A0526,2025-05-11,7.9,25.33,39.81,60.34,0.556,42.66
A0526,2025-05-12,7.9,31.58,48.49,72.46,0.556,51.82
A0527,2025-04-29,32.8,9.02,13.74,21.53,0.909,21.71
A0527,2025-04-30,32.8,14.97,21.11,31.24,0.909,31.47
A0527,2025-05-01,32.8,9.15,14.46,23.22,0.909,23.42
A0527,2025-05-02,32.8,12.44,18.78,29.26,0.909,29.5
A0527,2025-05-03,32.8,12.56,19.18,30.1,0.909,30.35
A0527,2025-05-04,32.8,12.19,17.23,25.57,0.909,25.76
A0527,2025-05-05,32.8,10.48,16.65,26.83,0.909,27.06
A0527,2025-05-06,32.8,9.8,14.55,22.4,0.909,22.57
A0527,2025-05-07,32.8,11.49,17.18,26.58,0.909,26.79
A0527,2025-05-08,32.8,12.28,18.17,27.91,0.909,28.13
A0527,2025-05-09,32.8,12.84,18.87,28.83,0.909,29.06
A0527,2025-05-10,32.8,13.7,20.94,32.9,0.909,33.17
A0527,2025-05-11,32.8,9.7,14.7,22.97,0.909,23.15
A0527,2025-05-12,32.8,11.8,17.84,27.81,0.909,28.03
A0528,2025-04-29,28.1,11.17,18.47,27.66,0.909,27.87
A0528,2025-04-30,28.1,16.35,28.66,44.15,0.909,44.51
A0528,2025-05-01,28.1,10.98,16.69,23.88,0.909,24.04
A0528,2025-05-02,28.1,15.43,24.58,36.09,0.909,36.35
A0528,2025-05-03,28.1,15.02,24.89,37.31,0.909,37.6
A0528,2025-05-04,28.1,12.88,21.27,31.82,0.909,32.06
A0528,2025-05-05,28.1,12.04,18.54,26.71,0.909,26.9
A0528,2025-05-06,28.1,12.1,19.42,28.62,0.909,28.83
A0528,2025-05-07,28.1,13.25,21.83,32.63,0.909,32.87
A0528,2025-05-08,28.1,14.07,23.2,34.7,0.909,34.96
A0528,2025-05-09,28.1,16.32,25.38,36.79,0.909,37.05
A0528,2025-05-10,28.1,15.69,26.04,39.07,0.909,39.37
A0528,2025-05-11,28.1,9.83,16.94,25.88,0.909,26.09
A0528,2025-05-12,28.1,14.21,22.39,32.68,0.909,32.92
A0529,2025-04-29,194.8,31.23,44.01,83.96,0.909,84.87
A0529,2025-04-30,194.8,39.85,56.06,106.76,0.909,107.91
A0529,2025-05-01,194.8,29.36,42.64,84.16,0.909,85.1
A0529,2025-05-02,194.8,39.43,55.09,104.06,0.909,105.17
A0529,2025-05-03,194.8,39.25,56.39,110.01,0.909,111.23
A0529,2025-05-04,194.8,30.15,44.24,88.3,0.909,89.3
A0529,2025-05-05,194.8,30.23,46.96,99.28,0.909,100.46
A0529,2025-05-06,194.8,32.45,45.32,85.53,0.909,86.45
A0529,2025-05-07,194.8,34.5,50.43,100.26,0.909,101.39
A0529,2025-05-08,194.8,36.82,50.38,92.79,0.909,93.75
A0529,2025-05-09,194.8,41.47,56.67,104.21,0.909,105.29
A0529,2025-05-10,194.8,39.83,57.65,113.38,0.909,114.64
A0529,2025-05-11,194.8,27.14,41.6,86.82,0.909,87.85
A0529,2025-05-12,194.8,110.13,141.33,238.91,0.909,241.12
A0530,2025-04-29,4.8,8.93,14.29,26.17,0.556,15.94
A0530,2025-04-30,4.8,10.93,15.54,25.79,0.556,16.97
A0530,2025-05-01,4.8,8.86,13.3,23.15,0.556,14.67
A0530,2025-05-02,4.8,12.55,19.48,34.85,0.556,21.61
A0530,2025-05-03,4.8,12.66,19.24,33.82,0.556,21.26
A0530,2025-05-04,4.8,8.33,12.4,21.46,0.556,13.66
A0530,2025-05-05,4.8,9.66,14.98,26.79,0.556,16.62
A0530,2025-05-06,4.8,10.06,15.39,27.23,0.556,17.04
A0530,2025-05-07,4.8,10.42,15.03,25.26,0.556,16.45
A0530,2025-05-08,4.8,11.36,15.98,26.24,0.556,17.41
A0530,2025-05-09,4.8,13.89,20.76,36.0,0.556,22.88
A0530,2025-05-10,4.8,12.97,19.55,34.16,0.556,21.58
A0530,2025-05-11,4.8,8.37,12.37,21.27,0.556,13.61
A0530,2025-05-12,4.8,11.65,17.12,29.25,0.556,18.8
A0531,2025-04-29,5.7,45.89,65.63,98.66,0.556,70.22
A0531,2025-04-30,5.7,61.71,89.08,134.89,0.556,95.45
A0531,2025-05-01,5.7,39.43,57.92,88.85,0.556,62.22
A0531,2025-05-02,5.7,201.97,314.2,501.95,0.556,340.28
A0531,2025-05-03,5.7,216.46,334.81,532.79,0.556,362.31
A0531,2025-05-04,5.7,233.54,385.18,638.87,0.556,420.42
A0531,2025-05-05,5.7,223.17,363.81,599.1,0.556,396.49
A0531,2025-05-06,5.7,229.96,364.53,589.66,0.556,395.8
A0531,2025-05-07,5.7,157.65,234.87,364.05,0.556,252.81
A0531,2025-05-08,5.7,43.16,66.37,105.2,0.556,71.76
A0531,2025-05-09,5.7,45.84,71.04,113.2,0.556,76.9
A0531,2025-05-10,5.7,51.55,78.8,124.38,0.556,85.13
A0531,2025-05-11,5.7,35.74,54.12,84.88,0.556,58.4
A0531,2025-05-12,5.7,48.24,71.96,111.65,0.556,77.47
A0532,2025-04-29,2.9,100.96,136.9,200.57,0.556,145.74
A0532,2025-04-30,2.9,129.4,174.67,254.86,0.556,185.81
A0532,2025-05-01,2.9,91.36,124.16,182.27,0.556,132.24
A0532,2025-05-02,2.9,116.67,157.33,229.36,0.556,167.33
A0532,2025-05-03,2.9,126.86,169.55,245.19,0.556,180.06
A0532,2025-05-04,2.9,98.83,132.82,193.03,0.556,141.18
A0532,2025-05-05,2.9,90.25,123.75,183.1,0.556,131.99
A0532,2025-05-06,2.9,100.67,136.43,199.79,0.556,145.23
A0532,2025-05-07,2.9,103.3,141.14,208.18,0.556,150.45
A0532,2025-05-08,2.9,113.98,152.25,220.04,0.556,161.66
A0532,2025-05-09,2.9,115.81,155.81,226.68,0.556,165.65
A0532,2025-05-10,2.9,126.2,169.15,245.23,0.556,179.71
A0532,2025-05-11,2.9,78.53,107.16,157.89,0.556,114.21
A0532,2025-05-12,2.9,107.18,145.02,212.06,0.556,154.33
A0533,2025-04-29,371.2,0.01,4.73,16.23,0.909,16.49
A0533,2025-04-30,371.2,0.74,8.49,24.78,0.909,25.15
A0533,2025-05-01,371.2,0.09,5.07,17.32,0.909,17.6
A0533,2025-05-02,371.2,0.48,7.52,22.48,0.909,22.82
A0533,2025-05-03,371.2,0.49,7.9,23.15,0.909,23.5
A0533,2025-05-04,371.2,0.17,6.62,20.7,0.909,21.02
A0533,2025-05-05,371.2,0.25,6.34,19.95,0.909,20.26
A0533,2025-05-06,371.2,0.04,6.03,19.22,0.909,19.51
A0533,2025-05-07,371.2,0.54,7.63,22.49,0.909,22.83
A0533,2025-05-08,371.2,0.57,8.2,23.92,0.909,24.28
A0533,2025-05-09,371.2,0.78,9.28,26.08,0.909,26.46
A0533,2025-05-10,371.2,1.08,10.32,28.05,0.909,28.46
A0533,2025-05-11,371.2,0.2,6.92,20.96,0.909,21.28
A0533,2025-05-12,371.2,0.52,8.76,24.87,0.909,25.24
A0534,2025-04-29,33.2,32.29,48.12,71.81,0.909,72.35
A0534,2025-04-30,33.2,47.16,74.32,115.0,0.909,115.92
A0534,2025-05-01,33.2,30.11,48.47,75.96,0.909,76.58
A0534,2025-05-02,33.2,41.07,68.0,108.32,0.909,109.24
A0534,2025-05-03,33.2,38.92,67.05,109.17,0.909,110.12
A0534,2025-05-04,33.2,38.92,56.95,83.97,0.909,84.58
A0534,2025-05-05,33.2,42.58,67.05,103.68,0.909,104.51
A0534,2025-05-06,33.2,43.32,61.07,87.65,0.909,88.25
A0534,2025-05-07,33.2,44.16,71.99,113.68,0.909,114.63
A0534,2025-05-08,33.2,47.03,72.48,110.6,0.909,111.47
A0534,2025-05-09,33.2,52.79,81.14,123.61,0.909,124.57
A0534,2025-05-10,33.2,52.31,87.26,139.59,0.909,140.78
A0534,2025-05-11,33.2,25.34,43.88,71.64,0.909,72.27
A0534,2025-05-12,33.2,33.15,55.72,89.52,0.909,90.29
A0535,2025-04-29,369.3,16.55,24.23,36.25,0.909,36.52
A0535,2025-04-30,369.3,24.5,34.96,51.31,0.909,51.68
A0535,2025-05-01,369.3,15.5,24.22,37.85,0.909,38.16
A0535,2025-05-02,369.3,23.01,34.29,51.92,0.909,52.32
A0535,2025-05-03,369.3,24.0,35.32,53.01,0.909,53.41
A0535,2025-05-04,369.3,16.85,24.41,36.23,0.909,36.5
A0535,2025-05-05,369.3,16.31,24.23,36.62,0.909,36.9
A0535,2025-05-06,369.3,16.89,24.67,36.83,0.909,37.11
A0535,2025-05-07,369.3,19.26,28.14,42.03,0.909,42.34
A0535,2025-05-08,369.3,21.02,31.75,48.51,0.909,48.89
A0535,2025-05-09,369.3,23.0,34.64,52.83,0.909,53.25
A0535,2025-05-10,369.3,24.04,35.26,52.79,0.909,53.19
A0535,2025-05-11,369.3,13.87,20.92,31.93,0.909,32.18
A0535,2025-05-12,369.3,19.34,28.62,43.11,0.909,43.44
A0536,2025-04-29,309.2,12.87,22.52,36.42,0.909,36.74
A0536,2025-04-30,309.2,18.96,30.75,47.73,0.909,48.12
A0536,2025-05-01,309.2,12.19,21.48,34.88,0.909,35.18
A0536,2025-05-02,309.2,16.16,27.71,44.34,0.909,44.72
A0536,2025-05-03,309.2,16.94,29.41,47.38,0.909,47.79
A0536,2025-05-04,309.2,15.27,26.07,41.62,0.909,41.97
A0536,2025-05-05,309.2,13.04,23.29,38.05,0.909,38.39
A0536,2025-05-06,309.2,13.19,22.78,36.59,0.909,36.91
A0536,2025-05-07,309.2,15.33,25.84,41.0,0.909,41.34
A0536,2025-05-08,309.2,15.91,27.07,43.16,0.909,43.53
A0536,2025-05-09,309.2,15.98,26.67,42.07,0.909,42.42
A0536,2025-05-10,309.2,18.32,31.96,51.61,0.909,52.05
A0536,2025-05-11,309.2,13.19,23.31,37.89,0.909,38.22
A0536,2025-05-12,309.2,14.5,25.03,40.21,0.909,40.55
A0537,2025-04-29,171.3,20.18,28.56,43.09,0.909,43.42
A0537,2025-04-30,171.3,28.99,42.49,65.91,0.909,66.45
A0537,2025-05-01,171.3,16.76,24.1,36.85,0.909,37.14
A0537,2025-05-02,171.3,23.89,34.8,53.73,0.909,54.16
A0537,2025-05-03,171.3,25.25,36.42,55.79,0.909,56.23
A0537,2025-05-04,171.3,21.25,30.8,47.35,0.909,47.73
A0537,2025-05-05,171.3,18.56,26.08,39.14,0.909,39.43
A0537,2025-05-06,171.3,20.3,28.77,43.47,0.909,43.8
A0537,2025-05-07,171.3,22.83,32.64,49.65,0.909,50.04
A0537,2025-05-08,171.3,22.39,32.28,49.43,0.909,49.82
A0537,2025-05-09,171.3,23.93,35.15,54.59,0.909,55.03
A0537,2025-05-10,171.3,25.21,36.32,55.58,0.909,56.02
A0537,2025-05-11,171.3,18.27,26.24,40.07,0.909,40.38
A0537,2025-05-12,171.3,22.85,32.17,48.32,0.909,48.69
A0538,2025-04-29,200.5,34.23,50.71,77.77,0.909,78.39
A0538,2025-04-30,200.5,47.99,70.95,108.64,0.909,109.5
A0538,2025-05-01,200.5,30.54,43.27,64.16,0.909,64.63
A0538,2025-05-02,200.5,40.24,59.26,90.51,0.909,91.22
A0538,2025-05-03,200.5,44.98,65.29,98.63,0.909,99.38
A0538,2025-05-04,200.5,38.46,56.52,86.17,0.909,86.84
A0538,2025-05-05,200.5,32.26,45.42,67.03,0.909,67.52
A0538,2025-05-06,200.5,34.46,51.0,78.16,0.909,78.78
A0538,2025-05-07,200.5,37.71,55.69,85.21,0.909,85.88
A0538,2025-05-08,200.5,39.65,57.39,86.51,0.909,87.17
A0538,2025-05-09,200.5,39.64,58.86,90.42,0.909,91.13
A0538,2025-05-10,200.5,43.86,64.11,97.34,0.909,98.09
A0538,2025-05-11,200.5,30.95,46.25,71.36,0.909,71.93
A0538,2025-05-12,200.5,39.3,56.17,83.88,0.909,84.51
A0539,2025-04-29,5.6,220.63,307.13,457.47,0.556,328.01
A0539,2025-04-30,5.6,276.88,377.56,552.54,0.556,401.87
A0539,2025-05-01,5.6,182.97,261.52,398.02,0.556,280.48
A0539,2025-05-02,5.6,521.25,775.72,1217.96,0.556,837.14
A0539,2025-05-03,5.6,541.85,792.0,1226.72,0.556,852.38
A0539,2025-05-04,5.6,419.4,625.93,984.86,0.556,675.78
A0539,2025-05-05,5.6,411.17,595.2,915.01,0.556,639.62
A0539,2025-05-06,5.6,183.22,270.9,423.27,0.556,292.06
A0539,2025-05-07,5.6,192.01,281.2,436.2,0.556,302.73
A0539,2025-05-08,5.6,218.27,314.87,482.74,0.556,338.18
A0539,2025-05-09,5.6,220.98,332.4,526.03,0.556,359.29
A0539,2025-05-10,5.6,248.07,357.67,548.13,0.556,384.12
A0539,2025-05-11,5.6,172.69,258.02,406.31,0.556,278.61
A0539,2025-05-12,5.6,231.15,325.82,490.34,0.556,348.67
A0540,2025-04-29,3.2,37.2,59.25,85.89,0.556,62.95
A0540,2025-04-30,3.2,49.89,79.23,114.68,0.556,84.15
A0540,2025-05-01,3.2,33.93,52.65,75.27,0.556,55.79
A0540,2025-05-02,3.2,44.09,69.04,99.19,0.556,73.23
A0540,2025-05-03,3.2,45.83,74.02,108.07,0.556,78.75
A0540,2025-05-04,3.2,39.7,61.13,87.02,0.556,64.73
A0540,2025-05-05,3.2,36.17,56.26,80.53,0.556,59.63
A0540,2025-05-06,3.2,37.59,60.14,87.38,0.556,63.92
A0540,2025-05-07,3.2,37.7,58.68,84.03,0.556,62.2
A0540,2025-05-08,3.2,41.69,64.09,91.15,0.556,67.85
A0540,2025-05-09,3.2,45.19,71.36,102.97,0.556,75.75
A0540,2025-05-10,3.2,45.7,73.65,107.43,0.556,78.35
A0540,2025-05-11,3.2,30.41,48.87,71.17,0.556,51.97
A0540,2025-05-12,3.2,42.76,65.75,93.53,0.556,69.61
A0541,2025-04-29,166.8,11.57,21.61,35.8,0.909,36.13
A0541,2025-04-30,166.8,17.29,32.84,54.83,0.909,55.33
A0541,2025-05-01,166.8,10.45,16.97,26.2,0.909,26.41
A0541,2025-05-02,166.8,13.9,25.07,40.87,0.909,41.23
A0541,2025-05-03,166.8,16.85,28.83,45.76,0.909,46.14
A0541,2025-05-04,166.8,14.38,25.86,42.08,0.909,42.45
A0541,2025-05-05,166.8,10.88,17.34,26.47,0.909,26.68
A0541,2025-05-06,166.8,14.43,24.69,39.19,0.909,39.52
A0541,2025-05-07,166.8,15.4,25.65,40.14,0.909,40.47
A0541,2025-05-08,166.8,17.25,27.69,42.43,0.909,42.77
A0541,2025-05-09,166.8,15.43,27.24,43.92,0.909,44.3
A0541,2025-05-10,166.8,18.19,29.99,46.68,0.909,47.05
A0541,2025-05-11,166.8,11.75,20.9,33.83,0.909,34.12
A0541,2025-05-12,166.8,14.75,24.04,37.17,0.909,37.46
A0542,2025-04-29,10.5,21.58,33.78,54.78,0.909,55.26
A0542,2025-04-30,10.5,26.46,42.79,70.86,0.909,71.5
A0542,2025-05-01,10.5,23.04,36.42,59.43,0.909,59.95
A0542,2025-05-02,10.5,28.98,43.07,67.29,0.909,67.84
A0542,2025-05-03,10.5,28.26,41.61,64.58,0.909,65.1
A0542,2025-05-04,10.5,23.23,36.3,58.77,0.909,59.28
A0542,2025-05-05,10.5,24.15,35.96,56.29,0.909,56.75
A0542,2025-05-06,10.5,24.88,37.22,58.45,0.909,58.93
A0542,2025-05-07,10.5,26.68,39.68,62.04,0.909,62.54
A0542,2025-05-08,10.5,28.82,43.07,67.58,0.909,68.14
A0542,2025-05-09,10.5,30.92,45.46,70.48,0.909,71.05
A0542,2025-05-10,10.5,28.57,41.76,64.45,0.909,64.96
A0542,2025-05-11,10.5,22.09,33.59,53.37,0.909,53.82
A0542,2025-05-12,10.5,27.95,40.55,62.21,0.909,62.7
A0543,2025-04-29,5.8,15.71,23.99,36.66,0.556,25.75
A0543,2025-04-30,5.8,39.21,54.36,77.54,0.556,57.58
A0543,2025-05-01,5.8,24.07,34.78,51.17,0.556,37.06
A0543,2025-05-02,5.8,35.36,51.88,77.15,0.556,55.39
A0543,2025-05-03,5.8,35.27,50.93,74.87,0.556,54.25
A0543,2025-05-04,5.8,27.82,39.52,57.41,0.556,42.0
A0543,2025-05-05,5.8,13.78,21.64,33.67,0.556,23.31
A0543,2025-05-06,5.8,15.46,23.77,36.48,0.556,25.54
A0543,2025-05-07,5.8,16.59,25.09,38.08,0.556,26.89
A0543,2025-05-08,5.8,19.25,28.26,42.05,0.556,30.18
A0543,2025-05-09,5.8,22.78,33.94,51.0,0.556,36.31
A0543,2025-05-10,5.8,22.63,33.1,49.12,0.556,35.33
A0543,2025-05-11,5.8,14.11,21.11,31.81,0.556,22.6
A0543,2025-05-12,5.8,19.42,28.68,42.84,0.556,30.65
A0544,2025-04-29,2.5,64.39,93.17,143.12,0.556,100.11
A0544,2025-04-30,2.5,80.21,112.16,167.61,0.556,119.86
A0544,2025-05-01,2.5,59.96,85.64,130.22,0.556,91.84
A0544,2025-05-02,2.5,99.75,136.69,200.79,0.556,145.59
A0544,2025-05-03,2.5,104.69,143.9,211.95,0.556,153.35
A0544,2025-05-04,2.5,82.31,110.71,159.99,0.556,117.55
A0544,2025-05-05,2.5,81.15,114.63,172.74,0.556,122.71
A0544,2025-05-06,2.5,57.07,85.84,135.76,0.556,92.77
A0544,2025-05-07,2.5,56.49,85.39,135.55,0.556,92.36
A0544,2025-05-08,2.5,66.22,98.39,154.22,0.556,106.15
A0544,2025-05-09,2.5,72.65,102.88,155.33,0.556,110.16
A0544,2025-05-10,2.5,76.25,108.19,163.63,0.556,115.89
A0544,2025-05-11,2.5,49.86,71.41,108.81,0.556,76.6
A0544,2025-05-12,2.5,72.21,104.35,160.12,0.556,112.09
A0545,2025-04-29,6.7,313.26,427.2,607.6,0.556,452.26
A0545,2025-04-30,6.7,420.29,546.55,746.45,0.556,574.31
A0545,2025-05-01,6.7,259.33,355.36,507.41,0.556,376.48
A0545,2025-05-02,6.7,358.59,494.6,709.93,0.556,524.51
A0545,2025-05-03,6.7,354.56,491.09,707.26,0.556,521.11
A0545,2025-05-04,6.7,327.28,430.86,594.86,0.556,453.64
A0545,2025-05-05,6.7,265.79,375.83,550.06,0.556,400.03
A0545,2025-05-06,6.7,297.07,410.1,589.05,0.556,434.95
A0545,2025-05-07,6.7,301.8,412.69,588.26,0.556,437.08
A0545,2025-05-08,6.7,322.41,437.87,620.68,0.556,463.26
A0545,2025-05-09,6.7,349.21,481.41,690.7,0.556,510.48
A0545,2025-05-10,6.7,351.38,489.62,708.49,0.556,520.02
A0545,2025-05-11,6.7,242.05,332.73,476.31,0.556,352.67
A0545,2025-05-12,6.7,315.57,440.63,638.63,0.556,468.13
A0546,2025-04-29,386.5,7.77,12.81,21.26,0.909,21.45
A0546,2025-04-30,386.5,12.16,18.5,29.14,0.909,29.38
A0546,2025-05-01,386.5,7.64,13.12,22.3,0.909,22.51
A0546,2025-05-02,386.5,10.73,18.01,30.22,0.909,30.5
A0546,2025-05-03,386.5,11.5,19.03,31.66,0.909,31.94
A0546,2025-05-04,386.5,8.12,13.68,23.01,0.909,23.22
A0546,2025-05-05,386.5,8.43,13.64,22.37,0.909,22.57
A0546,2025-05-06,386.5,7.67,12.69,21.11,0.909,21.3
A0546,2025-05-07,386.5,9.9,15.52,24.95,0.909,25.17
A0546,2025-05-08,386.5,10.39,16.5,26.74,0.909,26.97
A0546,2025-05-09,386.5,10.39,17.64,29.8,0.909,30.07
A0546,2025-05-10,386.5,11.91,19.43,32.04,0.909,32.33
A0546,2025-05-11,386.5,7.89,12.83,21.13,0.909,21.32
A0546,2025-05-12,386.5,10.19,15.9,25.47,0.909,25.69
A0547,2025-04-29,300.1,9.43,16.35,28.99,0.909,29.27
A0547,2025-04-30,300.1,14.01,23.3,40.24,0.909,40.63
A0547,2025-05-01,300.1,9.19,15.06,25.78,0.909,26.02
A0547,2025-05-02,300.1,12.91,21.51,37.2,0.909,37.56
A0547,2025-05-03,300.1,12.66,21.02,36.3,0.909,36.64
A0547,2025-05-04,300.1,10.86,18.44,32.26,0.909,32.57
A0547,2025-05-05,300.1,10.13,17.22,30.16,0.909,30.46
A0547,2025-05-06,300.1,9.57,16.57,29.35,0.909,29.64
A0547,2025-05-07,300.1,11.78,20.83,37.35,0.909,37.73
A0547,2025-05-08,300.1,11.89,20.04,34.93,0.909,35.27
A0547,2025-05-09,300.1,13.0,21.02,35.66,0.909,35.99
A0547,2025-05-10,300.1,13.78,22.94,39.66,0.909,40.04
A0547,2025-05-11,300.1,9.82,17.55,31.68,0.909,32.0
A0547,2025-05-12,300.1,11.46,19.52,34.23,0.909,34.56
A0548,2025-04-29,294.2,3.22,16.47,40.13,0.909,40.67
A0548,2025-04-30,294.2,6.27,25.07,58.56,0.909,59.32
A0548,2025-05-01,294.2,3.26,16.72,40.77,0.909,41.31
A0548,2025-05-02,294.2,5.61,23.41,54.17,0.909,54.87
A0548,2025-05-03,294.2,5.69,23.65,54.41,0.909,55.11
A0548,2025-05-04,294.2,4.65,21.52,50.83,0.909,51.49
A0548,2025-05-05,294.2,4.16,19.19,45.46,0.909,46.05
A0548,2025-05-06,294.2,3.74,18.68,44.33,0.909,44.92
A0548,2025-05-07,294.2,5.4,22.18,51.2,0.909,51.86
A0548,2025-05-08,294.2,5.88,23.38,53.97,0.909,54.66
A0548,2025-05-09,294.2,6.43,24.86,56.78,0.909,57.5
A0548,2025-05-10,294.2,7.47,26.96,60.78,0.909,61.55
A0548,2025-05-11,294.2,4.66,19.65,46.21,0.909,46.81
A0548,2025-05-12,294.2,5.78,22.55,52.1,0.909,52.77
A0549,2025-04-29,161.9,28.65,40.07,61.97,0.909,62.47
A0549,2025-04-30,161.9,39.82,55.81,86.48,0.909,87.18
A0549,2025-05-01,161.9,24.7,35.48,56.16,0.909,56.63
A0549,2025-05-02,161.9,33.98,47.36,73.04,0.909,73.62
A0549,2025-05-03,161.9,34.07,48.52,76.22,0.909,76.85
A0549,2025-05-04,161.9,30.2,42.24,65.35,0.909,65.88
A0549,2025-05-05,161.9,26.05,36.52,56.61,0.909,57.06
A0549,2025-05-06,161.9,28.22,39.64,61.55,0.909,62.05
A0549,2025-05-07,161.9,31.26,43.38,66.64,0.909,67.16
A0549,2025-05-08,161.9,31.94,44.4,68.32,0.909,68.86
A0549,2025-05-09,161.9,32.89,46.29,72.01,0.909,72.59
A0549,2025-05-10,161.9,34.73,49.16,76.84,0.909,77.47
A0549,2025-05-11,161.9,25.66,35.59,54.64,0.909,55.07
A0549,2025-05-12,161.9,30.39,41.99,64.26,0.909,64.76
A0550,2025-04-29,392.3,7.42,13.29,21.93,0.909,22.12
A0550,2025-04-30,392.3,11.97,18.99,29.33,0.909,29.56
A0550,2025-05-01,392.3,7.35,13.49,22.53,0.909,22.73
A0550,2025-05-02,392.3,9.91,17.76,29.31,0.909,29.57
A0550,2025-05-03,392.3,11.03,18.88,30.43,0.909,30.69
A0550,2025-05-04,392.3,8.82,13.41,20.17,0.909,20.32
A0550,2025-05-05,392.3,7.97,13.99,22.85,0.909,23.05
A0550,2025-05-06,392.3,8.0,13.83,22.42,0.909,22.61
A0550,2025-05-07,392.3,9.02,15.52,25.08,0.909,25.3
A0550,2025-05-08,392.3,9.97,16.68,26.55,0.909,26.77
A0550,2025-05-09,392.3,10.11,18.11,29.87,0.909,30.14
A0550,2025-05-10,392.3,11.73,19.24,30.29,0.909,30.54
A0550,2025-05-11,392.3,6.87,10.99,17.04,0.909,17.18
A0550,2025-05-12,392.3,9.7,16.43,26.32,0.909,26.55
A0551,2025-04-29,405.2,15.0,22.17,34.09,0.909,34.36
A0551,2025-04-30,405.2,20.71,29.86,45.11,0.909,45.46
A0551,2025-05-01,405.2,14.29,21.5,33.5,0.909,33.77
A0551,2025-05-02,405.2,19.33,28.28,43.18,0.909,43.52
A0551,2025-05-03,405.2,19.25,27.9,42.29,0.909,42.62
A0551,2025-05-04,405.2,17.12,24.9,37.87,0.909,38.16
A0551,2025-05-05,405.2,15.85,23.5,36.23,0.909,36.52
A0551,2025-05-06,405.2,15.09,22.41,34.59,0.909,34.87
A0551,2025-05-07,405.2,17.57,26.04,40.15,0.909,40.47
A0551,2025-05-08,405.2,18.44,27.55,42.72,0.909,43.07
A0551,2025-05-09,405.2,18.77,27.34,41.6,0.909,41.92
A0551,2025-05-10,405.2,20.82,30.27,46.0,0.909,46.36
A0551,2025-05-11,405.2,15.87,23.71,36.76,0.909,37.06
A0551,2025-05-12,405.2,42.86,59.64,87.58,0.909,88.21
A0552,2025-04-29,4.7,15.29,24.12,42.14,0.556,26.62
A0552,2025-04-30,4.7,20.06,31.97,56.28,0.556,35.35
A0552,2025-05-01,4.7,14.45,22.05,37.55,0.556,24.2
A0552,2025-05-02,4.7,21.32,30.33,48.7,0.556,32.88
A0552,2025-05-03,4.7,20.53,31.21,52.99,0.556,34.23
A0552,2025-05-04,4.7,14.99,22.99,39.3,0.556,25.25
A0552,2025-05-05,4.7,15.29,21.84,35.19,0.556,23.69
A0552,2025-05-06,4.7,15.95,24.88,43.11,0.556,27.41
A0552,2025-05-07,4.7,17.0,25.71,43.47,0.556,28.17
A0552,2025-05-08,4.7,18.38,28.11,47.94,0.556,30.86
A0552,2025-05-09,4.7,22.42,31.59,50.31,0.556,34.19
A0552,2025-05-10,4.7,20.56,31.29,53.2,0.556,34.34
A0552,2025-05-11,4.7,12.73,19.36,32.89,0.556,21.24
A0552,2025-05-12,4.7,17.92,25.77,41.8,0.556,28.0
A0553,2025-04-29,13.8,83.65,108.97,159.48,0.909,160.63
A0553,2025-04-30,13.8,106.1,142.32,214.58,0.909,216.22
A0553,2025-05-01,13.8,79.36,102.32,148.11,0.909,149.15
A0553,2025-05-02,13.8,93.77,121.7,177.4,0.909,178.67
A0553,2025-05-03,13.8,89.94,114.65,163.94,0.909,165.06
A0553,2025-05-04,13.8,89.9,120.34,181.05,0.909,182.43
A0553,2025-05-05,13.8,81.09,106.5,157.2,0.909,158.36
A0553,2025-05-06,13.8,83.93,109.22,159.67,0.909,160.82
A0553,2025-05-07,13.8,87.33,114.35,168.25,0.909,169.48
A0553,2025-05-08,13.8,94.39,121.38,175.21,0.909,176.43
A0553,2025-05-09,13.8,95.92,123.44,178.34,0.909,179.59
A0553,2025-05-10,13.8,89.45,114.49,164.43,0.909,165.56
A0553,2025-05-11,13.8,76.81,101.19,149.81,0.909,150.92
A0553,2025-05-12,13.8,95.18,123.46,179.86,0.909,181.14
A0554,2025-04-29,10.1,50.39,73.88,108.27,0.909,109.05
A0554,2025-04-30,10.1,66.07,96.64,141.39,0.909,142.41
A0554,2025-05-01,10.1,43.0,61.21,87.87,0.909,88.48
A0554,2025-05-02,10.1,57.3,83.02,120.68,0.909,121.53
A0554,2025-05-03,10.1,57.63,81.64,116.78,0.909,117.58
A0554,2025-05-04,10.1,54.74,80.08,117.18,0.909,118.03
A0554,2025-05-05,10.1,46.05,65.54,94.08,0.909,94.73
A0554,2025-05-06,10.1,50.12,73.78,108.4,0.909,109.19
A0554,2025-05-07,10.1,52.36,76.37,111.52,0.909,112.32
A0554,2025-05-08,10.1,56.89,83.18,121.68,0.909,122.55
A0554,2025-05-09,10.1,56.43,82.55,120.79,0.909,121.66
A0554,2025-05-10,10.1,58.35,82.31,117.39,0.909,118.19
A0554,2025-05-11,10.1,45.99,67.97,100.14,0.909,100.87
A0554,2025-05-12,10.1,54.92,80.17,117.13,0.909,117.97
A0555,2025-04-29,405.8,103.98,130.28,178.69,0.909,179.79
A0555,2025-04-30,405.8,143.53,176.95,238.49,0.909,239.89
A0555,2025-05-01,405.8,93.34,116.95,160.41,0.909,161.4
A0555,2025-05-02,405.8,120.53,151.54,208.62,0.909,209.91
A0555,2025-05-03,405.8,121.24,154.32,215.22,0.909,216.6
A0555,2025-05-04,405.8,118.34,143.86,190.84,0.909,191.9
A0555,2025-05-05,405.8,100.07,126.75,175.87,0.909,176.99
A0555,2025-05-06,405.8,99.36,125.93,174.84,0.909,175.95
A0555,2025-05-07,405.8,108.29,138.99,195.51,0.909,196.8
A0555,2025-05-08,405.8,113.9,144.13,199.8,0.909,201.06
A0555,2025-05-09,405.8,113.89,144.31,200.3,0.909,201.57
A0555,2025-05-10,405.8,121.72,156.14,219.49,0.909,220.93
A0555,2025-05-11,405.8,97.64,122.61,168.56,0.909,169.6
A0555,2025-05-12,405.8,107.54,137.82,193.57,0.909,194.84
A0556,2025-04-29,32.5,6.42,10.39,16.83,0.909,16.98
A0556,2025-04-30,32.5,9.23,15.44,25.48,0.909,25.71
A0556,2025-05-01,32.5,5.96,10.3,17.31,0.909,17.47
A0556,2025-05-02,32.5,8.8,14.57,23.9,0.909,24.12
A0556,2025-05-03,32.5,8.59,14.78,24.79,0.909,25.02
A0556,2025-05-04,32.5,7.0,11.57,18.96,0.909,19.13
A0556,2025-05-05,32.5,6.84,10.71,16.97,0.909,17.11
A0556,2025-05-06,32.5,6.38,10.43,16.99,0.909,17.13
A0556,2025-05-07,32.5,7.72,12.7,20.74,0.909,20.93
A0556,2025-05-08,32.5,7.55,13.39,22.84,0.909,23.05
A0556,2025-05-09,32.5,8.44,14.08,23.21,0.909,23.42
A0556,2025-05-10,32.5,9.04,15.44,25.78,0.909,26.02
A0556,2025-05-11,32.5,6.31,10.31,16.79,0.909,16.94
A0556,2025-05-12,32.5,7.94,12.74,20.49,0.909,20.67
A0557,2025-04-29,28.1,30.66,45.98,66.19,0.909,66.65
A0557,2025-04-30,28.1,43.65,70.46,105.85,0.909,106.65
A0557,2025-05-01,28.1,28.61,41.43,58.35,0.909,58.74
A0557,2025-05-02,28.1,37.25,59.44,88.73,0.909,89.39
A0557,2025-05-03,28.1,37.71,60.04,89.51,0.909,90.18
A0557,2025-05-04,28.1,35.47,54.27,79.09,0.909,79.65
A0557,2025-05-05,28.1,29.86,45.58,66.34,0.909,66.81
A0557,2025-05-06,28.1,30.81,46.4,66.97,0.909,67.44
A0557,2025-05-07,28.1,33.14,55.43,84.85,0.909,85.52
A0557,2025-05-08,28.1,35.0,56.78,85.52,0.909,86.17
A0557,2025-05-09,28.1,37.69,58.96,87.03,0.909,87.66
A0557,2025-05-10,28.1,38.36,63.2,95.97,0.909,96.72
A0557,2025-05-11,28.1,27.91,46.15,70.21,0.909,70.76
A0557,2025-05-12,28.1,34.18,54.07,80.33,0.909,80.93
A0558,2025-04-29,7.2,37.74,54.13,74.96,0.556,57.02
A0558,2025-04-30,7.2,46.88,63.67,85.01,0.556,66.63
A0558,2025-05-01,7.2,33.55,48.39,67.24,0.556,51.01
A0558,2025-05-02,7.2,45.98,65.55,90.42,0.556,69.01
A0558,2025-05-03,7.2,45.15,65.16,90.59,0.556,68.69
A0558,2025-05-04,7.2,37.62,51.18,68.4,0.556,53.57
A0558,2025-05-05,7.2,36.0,50.88,69.79,0.556,53.51
A0558,2025-05-06,7.2,37.45,54.04,75.13,0.556,56.97
A0558,2025-05-07,7.2,38.31,55.14,76.53,0.556,58.11
A0558,2025-05-08,7.2,41.9,60.66,84.51,0.556,63.98
A0558,2025-05-09,7.2,45.86,65.96,91.49,0.556,69.51
A0558,2025-05-10,7.2,45.6,65.54,90.88,0.556,69.06
A0558,2025-05-11,7.2,32.97,47.18,65.24,0.556,49.69
A0558,2025-05-12,7.2,41.95,59.59,82.01,0.556,62.7
A0559,2025-04-29,343.5,17.75,29.41,43.9,0.909,44.23
A0559,2025-04-30,343.5,25.83,41.85,61.76,0.909,62.21
A0559,2025-05-01,343.5,18.24,32.51,50.26,0.909,50.67
A0559,2025-05-02,343.5,25.16,41.38,61.54,0.909,62.0
A0559,2025-05-03,343.5,26.24,42.89,63.58,0.909,64.05
A0559,2025-05-04,343.5,17.96,28.85,42.39,0.909,42.7
A0559,2025-05-05,343.5,18.21,30.4,45.55,0.909,45.9
A0559,2025-05-06,343.5,18.44,30.12,44.65,0.909,44.98
A0559,2025-05-07,343.5,20.39,33.09,48.89,0.909,49.25
A0559,2025-05-08,343.5,23.55,39.59,59.54,0.909,59.99
A0559,2025-05-09,343.5,25.04,41.36,61.64,0.909,62.1
A0559,2025-05-10,343.5,26.36,42.94,63.56,0.909,64.03
A0559,2025-05-11,343.5,15.32,24.7,36.35,0.909,36.62
A0559,2025-05-12,343.5,21.1,34.34,50.79,0.909,51.16
A0560,2025-04-29,329.1,262.59,341.64,462.63,0.909,465.38
A0560,2025-04-30,329.1,155.61,203.6,277.04,0.909,278.71
A0560,2025-05-01,329.1,98.96,128.73,174.3,0.909,175.34
A0560,2025-05-02,329.1,131.38,174.23,239.81,0.909,241.3
A0560,2025-05-03,329.1,135.22,180.14,248.87,0.909,250.43
A0560,2025-05-04,329.1,137.16,173.59,229.35,0.909,230.61
A0560,2025-05-05,329.1,113.47,146.68,197.51,0.909,198.66
A0560,2025-05-06,329.1,115.23,152.97,210.71,0.909,212.03
A0560,2025-05-07,329.1,124.72,164.84,226.25,0.909,227.64
A0560,2025-05-08,329.1,132.73,172.39,233.08,0.909,234.45
A0560,2025-05-09,329.1,136.81,178.93,243.38,0.909,244.84
A0560,2025-05-10,329.1,141.58,188.26,259.7,0.909,261.33
A0560,2025-05-11,329.1,111.32,144.73,195.86,0.909,197.02
A0560,2025-05-12,329.1,128.89,167.61,226.87,0.909,228.22
A0561,2025-04-29,3.2,36.29,48.15,67.62,0.556,50.85
A0561,2025-04-30,3.2,45.87,63.32,91.98,0.556,67.3
A0561,2025-05-01,3.2,32.1,41.1,55.89,0.556,43.16
A0561,2025-05-02,3.2,42.99,57.03,80.08,0.556,60.23
A0561,2025-05-03,3.2,44.18,57.38,79.05,0.556,60.39
A0561,2025-05-04,3.2,38.6,48.91,65.84,0.556,51.26
A0561,2025-05-05,3.2,84.22,108.6,148.64,0.556,114.16
A0561,2025-05-06,3.2,85.7,119.55,175.15,0.556,127.27
A0561,2025-05-07,3.2,90.79,129.59,193.3,0.556,138.44
A0561,2025-05-08,3.2,100.87,137.45,197.53,0.556,145.8
A0561,2025-05-09,3.2,106.23,146.47,212.55,0.556,155.64
A0561,2025-05-10,3.2,114.37,151.29,211.94,0.556,159.72
A0561,2025-05-11,3.2,25.01,33.36,47.07,0.556,35.27
A0561,2025-05-12,3.2,33.07,44.05,62.08,0.556,46.56
A0562,2025-04-29,5.1,15.65,26.21,43.15,0.556,28.57
A0562,2025-04-30,5.1,23.05,39.67,66.31,0.556,43.37
A0562,2025-05-01,5.1,13.28,21.04,33.48,0.556,22.77
A0562,2025-05-02,5.1,14.48,23.56,38.11,0.556,25.58
A0562,2025-05-03,5.1,13.95,23.57,39.0,0.556,25.71
A0562,2025-05-04,5.1,11.86,18.37,28.81,0.556,19.82
A0562,2025-05-05,5.1,10.01,15.14,23.36,0.556,16.28
A0562,2025-05-06,5.1,11.18,18.16,29.33,0.556,19.71
A0562,2025-05-07,5.1,12.16,20.71,34.41,0.556,22.61
A0562,2025-05-08,5.1,13.81,21.88,34.81,0.556,23.67
A0562,2025-05-09,5.1,16.69,26.06,41.1,0.556,28.15
A0562,2025-05-10,5.1,15.29,24.85,40.17,0.556,26.98
A0562,2025-05-11,5.1,9.46,15.27,24.6,0.556,16.57
A0562,2025-05-12,5.1,13.5,20.73,32.32,0.556,22.34
A0563,2025-04-29,316.9,85.17,115.99,160.68,0.909,161.69
A0563,2025-04-30,316.9,111.15,147.8,200.94,0.909,202.15
A0563,2025-05-01,316.9,73.68,96.76,130.24,0.909,131.0
A0563,2025-05-02,316.9,95.4,129.79,179.65,0.909,180.78
A0563,2025-05-03,316.9,99.46,134.07,184.27,0.909,185.41
A0563,2025-05-04,316.9,89.84,117.93,158.66,0.909,159.59
A0563,2025-05-05,316.9,79.64,106.92,146.47,0.909,147.37
A0563,2025-05-06,316.9,85.55,116.57,161.55,0.909,162.57
A0563,2025-05-07,316.9,85.89,117.04,162.22,0.909,163.24
A0563,2025-05-08,316.9,89.47,120.18,164.72,0.909,165.73
A0563,2025-05-09,316.9,96.4,130.6,180.2,0.909,181.33
A0563,2025-05-10,316.9,99.43,134.92,186.38,0.909,187.55
A0563,2025-05-11,316.9,72.22,98.31,136.15,0.909,137.01
A0563,2025-05-12,316.9,87.62,119.84,166.58,0.909,167.64
A0564,2025-04-29,28.2,15.62,23.42,38.61,0.909,38.96
A0564,2025-04-30,28.2,23.44,38.78,68.68,0.909,69.36
A0564,2025-05-01,28.2,50.2,73.03,117.53,0.909,118.54
A0564,2025-05-02,28.2,71.67,115.73,201.62,0.909,203.57
A0564,2025-05-03,28.2,76.16,116.81,196.03,0.909,197.83
A0564,2025-05-04,28.2,15.83,25.26,43.64,0.909,44.06
A0564,2025-05-05,28.2,13.89,21.6,36.63,0.909,36.97
A0564,2025-05-06,28.2,13.71,21.68,37.22,0.909,37.57
A0564,2025-05-07,28.2,16.6,27.69,49.3,0.909,49.79
A0564,2025-05-08,28.2,18.24,27.6,45.83,0.909,46.25
A0564,2025-05-09,28.2,19.55,30.86,52.9,0.909,53.4
A0564,2025-05-10,28.2,21.2,33.55,57.63,0.909,58.17
A0564,2025-05-11,28.2,14.66,23.13,39.62,0.909,40.0
A0564,2025-05-12,28.2,18.27,27.21,44.62,0.909,45.02
A0565,2025-04-29,13.5,60.27,85.51,129.5,0.909,130.5
A0565,2025-04-30,13.5,78.77,109.16,162.13,0.909,163.33
A0565,2025-05-01,13.5,52.5,73.83,111.0,0.909,111.84
A0565,2025-05-02,13.5,70.31,97.92,146.05,0.909,147.14
A0565,2025-05-03,13.5,68.96,96.06,143.29,0.909,144.36
A0565,2025-05-04,13.5,66.06,90.91,134.23,0.909,135.21
A0565,2025-05-05,13.5,57.82,80.11,118.96,0.909,119.84
A0565,2025-05-06,13.5,60.67,86.04,130.25,0.909,131.26
A0565,2025-05-07,13.5,61.48,87.95,134.08,0.909,135.13
A0565,2025-05-08,13.5,67.03,95.49,145.09,0.909,146.21
A0565,2025-05-09,13.5,70.71,98.74,147.59,0.909,148.7
A0565,2025-05-10,13.5,69.27,96.23,143.22,0.909,144.28
A0565,2025-05-11,13.5,55.02,77.88,117.72,0.909,118.63
A0565,2025-05-12,13.5,67.77,95.61,144.11,0.909,145.21
A0566,2025-04-29,11.2,78.4,110.3,159.44,0.909,160.56
A0566,2025-04-30,11.2,93.83,135.85,200.56,0.909,202.03
A0566,2025-05-01,11.2,71.27,100.86,146.43,0.909,147.47
A0566,2025-05-02,11.2,96.02,129.21,180.34,0.909,181.5
A0566,2025-05-03,11.2,93.47,127.27,179.32,0.909,180.51
A0566,2025-05-04,11.2,74.3,106.89,157.09,0.909,158.23
A0566,2025-05-05,11.2,75.02,103.76,148.0,0.909,149.01
A0566,2025-05-06,11.2,82.11,114.37,164.06,0.909,165.19
A0566,2025-05-07,11.2,82.84,115.24,165.15,0.909,166.28
A0566,2025-05-08,11.2,86.53,120.77,173.51,0.909,174.71
A0566,2025-05-09,11.2,92.43,126.6,179.22,0.909,180.42
A0566,2025-05-10,11.2,90.24,123.71,175.27,0.909,176.45
A0566,2025-05-11,11.2,67.16,95.48,139.11,0.909,140.1
A0566,2025-05-12,11.2,80.21,112.31,161.76,0.909,162.89
A0567,2025-04-29,33.2,5.02,8.9,16.02,0.909,16.18
A0567,2025-04-30,33.2,6.64,13.15,25.09,0.909,25.36
A0567,2025-05-01,33.2,5.07,8.9,15.93,0.909,16.09
A0567,2025-05-02,33.2,6.98,13.0,24.05,0.909,24.3
A0567,2025-05-03,33.2,6.66,12.11,22.12,0.909,22.34
A0567,2025-05-04,33.2,5.21,10.11,19.1,0.909,19.3
A0567,2025-05-05,33.2,5.28,10.31,19.55,0.909,19.76
A0567,2025-05-06,33.2,5.19,9.05,16.14,0.909,16.31
A0567,2025-05-07,33.2,5.43,11.52,22.69,0.909,22.95
A0567,2025-05-08,33.2,6.39,11.78,21.68,0.909,21.91
A0567,2025-05-09,33.2,7.18,12.73,22.92,0.909,23.15
A0567,2025-05-10,33.2,7.04,13.2,24.51,0.909,24.77
A0567,2025-05-11,33.2,4.67,9.53,18.45,0.909,18.66
A0567,2025-05-12,33.2,5.98,11.46,21.51,0.909,21.74
A0568,2025-04-29,12.4,16.42,27.34,43.43,0.909,43.79
A0568,2025-04-30,12.4,19.15,32.33,51.74,0.909,52.19
A0568,2025-05-01,12.4,14.37,24.3,38.93,0.909,39.26
A0568,2025-05-02,12.4,18.81,30.85,48.61,0.909,49.01
A0568,2025-05-03,12.4,18.19,29.31,45.69,0.909,46.07
A0568,2025-05-04,12.4,15.6,26.8,43.29,0.909,43.66
A0568,2025-05-05,12.4,15.62,26.48,42.48,0.909,42.85
A0568,2025-05-06,12.4,17.68,28.44,44.29,0.909,44.65
A0568,2025-05-07,12.4,17.75,29.33,46.4,0.909,46.79
A0568,2025-05-08,12.4,18.21,30.47,48.52,0.909,48.94
A0568,2025-05-09,12.4,19.67,31.31,48.45,0.909,48.84
A0568,2025-05-10,12.4,18.53,29.76,46.3,0.909,46.67
A0568,2025-05-11,12.4,13.84,23.54,37.83,0.909,38.16
A0568,2025-05-12,12.4,18.36,30.77,49.06,0.909,49.47
A0569,2025-04-29,5.5,4.21,8.36,14.81,0.556,9.26
A0569,2025-04-30,5.5,5.77,10.82,18.67,0.556,11.91
A0569,2025-05-01,5.5,3.56,6.77,11.76,0.556,7.46
A0569,2025-05-02,5.5,5.33,10.27,17.96,0.556,11.34
A0569,2025-05-03,5.5,5.87,10.85,18.59,0.556,11.92
A0569,2025-05-04,5.5,3.73,7.69,13.85,0.556,8.55
A0569,2025-05-05,5.5,4.09,8.11,14.35,0.556,8.97
A0569,2025-05-06,5.5,4.48,8.59,14.97,0.556,9.48
A0569,2025-05-07,5.5,4.8,9.01,15.55,0.556,9.92
A0569,2025-05-08,5.5,4.77,8.73,14.88,0.556,9.58
A0569,2025-05-09,5.5,5.65,10.46,17.94,0.556,11.5
A0569,2025-05-10,5.5,6.05,11.09,18.9,0.556,12.17
A0569,2025-05-11,5.5,3.24,6.61,11.85,0.556,7.34
A0569,2025-05-12,5.5,5.17,9.76,16.88,0.556,10.74
A0570,2025-04-29,4.5,20.18,33.88,62.41,0.556,37.84
A0570,2025-04-30,4.5,30.93,43.73,70.39,0.556,47.44
A0570,2025-05-01,4.5,18.88,28.82,49.54,0.556,31.7
A0570,2025-05-02,4.5,28.36,45.69,81.76,0.556,50.7
A0570,2025-05-03,4.5,26.69,46.74,88.47,0.556,52.53
A0570,2025-05-04,4.5,22.0,33.55,57.61,0.556,36.89
A0570,2025-05-05,4.5,19.79,32.48,58.89,0.556,36.15
A0570,2025-05-06,4.5,22.06,36.04,65.15,0.556,40.08
A0570,2025-05-07,4.5,25.38,38.85,66.89,0.556,42.74
A0570,2025-05-08,4.5,26.5,40.19,68.71,0.556,44.15
A0570,2025-05-09,4.5,29.27,47.1,84.22,0.556,52.25
A0570,2025-05-10,4.5,27.98,48.18,90.24,0.556,54.02
A0570,2025-05-11,4.5,17.25,30.11,56.89,0.556,33.83
A0570,2025-05-12,4.5,25.13,40.76,73.3,0.556,45.28
A0571,2025-04-29,34.5,3.46,16.79,39.31,0.909,39.82
A0571,2025-04-30,34.5,6.99,24.6,55.13,0.909,55.82
A0571,2025-05-01,34.5,3.6,16.43,38.61,0.909,39.12
A0571,2025-05-02,34.5,6.37,22.91,51.25,0.909,51.89
A0571,2025-05-03,34.5,6.64,23.18,51.67,0.909,52.32
A0571,2025-05-04,34.5,9.4,31.19,65.27,0.909,66.05
A0571,2025-05-05,34.5,8.92,29.18,62.11,0.909,62.85
A0571,2025-05-06,34.5,8.83,28.35,60.71,0.909,61.45
A0571,2025-05-07,34.5,10.27,30.68,65.57,0.909,66.36
A0571,2025-05-08,34.5,10.75,31.76,68.63,0.909,69.46
A0571,2025-05-09,34.5,12.75,35.65,76.95,0.909,77.89
A0571,2025-05-10,34.5,13.39,36.94,79.02,0.909,79.98
A0571,2025-05-11,34.5,2.06,11.57,29.35,0.909,29.75
A0571,2025-05-12,34.5,4.33,16.6,39.42,0.909,39.94
A0572,2025-04-29,308.7,0.61,6.4,19.73,0.909,20.03
A0572,2025-04-30,308.7,1.75,10.28,28.64,0.909,29.06
A0572,2025-05-01,308.7,0.58,6.63,20.49,0.909,20.81
A0572,2025-05-02,308.7,1.34,9.43,26.38,0.909,26.76
A0572,2025-05-03,308.7,1.27,9.73,26.85,0.909,27.24
A0572,2025-05-04,308.7,0.55,8.08,23.61,0.909,23.96
A0572,2025-05-05,308.7,0.6,7.63,22.47,0.909,22.81
A0572,2025-05-06,308.7,0.36,7.3,21.64,0.909,21.97
A0572,2025-05-07,308.7,0.96,9.21,25.54,0.909,25.91
A0572,2025-05-08,308.7,1.05,9.93,27.23,0.909,27.62
A0572,2025-05-09,308.7,1.22,10.84,29.01,0.909,29.42
A0572,2025-05-10,308.7,1.63,12.1,31.45,0.909,31.89
A0572,2025-05-11,308.7,0.42,8.18,23.29,0.909,23.63
A0572,2025-05-12,308.7,0.92,10.21,27.63,0.909,28.02
A0573,2025-04-29,377.2,7.26,14.52,25.53,0.909,25.78
A0573,2025-04-30,377.2,10.79,24.42,45.04,0.909,45.51
A0573,2025-05-01,377.2,7.13,14.71,26.2,0.909,26.46
A0573,2025-05-02,377.2,9.92,18.77,32.17,0.909,32.48
A0573,2025-05-03,377.2,9.49,18.39,31.87,0.909,32.18
A0573,2025-05-04,377.2,8.3,17.9,32.43,0.909,32.76
A0573,2025-05-05,377.2,7.43,15.63,28.04,0.909,28.32
A0573,2025-05-06,377.2,7.39,14.85,26.14,0.909,26.39
A0573,2025-05-07,377.2,8.55,17.54,31.15,0.909,31.46
A0573,2025-05-08,377.2,8.85,17.76,31.24,0.909,31.55
A0573,2025-05-09,377.2,9.92,18.73,32.07,0.909,32.37
A0573,2025-05-10,377.2,10.03,19.62,34.14,0.909,34.47
A0573,2025-05-11,377.2,7.22,15.42,27.83,0.909,28.11
A0573,2025-05-12,377.2,8.35,16.79,29.56,0.909,29.85
A0574,2025-04-29,3.6,27.4,53.49,95.82,0.556,59.37
A0574,2025-04-30,3.6,38.5,79.33,145.56,0.556,88.53
A0574,2025-05-01,3.6,28.7,48.15,79.69,0.556,52.53
A0574,2025-05-02,3.6,41.94,69.25,113.54,0.556,75.4
A0574,2025-05-03,3.6,46.56,77.85,128.62,0.556,84.9
A0574,2025-05-04,3.6,33.94,61.69,106.71,0.556,67.94
A0574,2025-05-05,3.6,34.54,56.84,93.02,0.556,61.86
A0574,2025-05-06,3.6,56.33,86.71,135.98,0.556,93.55
A0574,2025-05-07,3.6,56.98,87.39,136.73,0.556,94.24
A0574,2025-05-08,3.6,58.91,89.67,139.57,0.556,96.6
A0574,2025-05-09,3.6,63.25,94.66,145.63,0.556,101.74
A0574,2025-05-10,3.6,66.75,103.65,163.5,0.556,111.96
A0574,2025-05-11,3.6,26.41,46.03,77.86,0.556,50.45
A0574,2025-05-12,3.6,38.23,65.49,109.72,0.556,71.63
A0575,2025-04-29,311.8,5.08,11.68,21.93,0.909,22.17
A0575,2025-04-30,311.8,7.42,15.2,27.28,0.909,27.56
A0575,2025-05-01,311.8,4.78,10.04,18.21,0.909,18.4
A0575,2025-05-02,311.8,6.66,14.51,26.68,0.909,26.96
A0575,2025-05-03,311.8,6.63,15.05,28.1,0.909,28.4
A0575,2025-05-04,311.8,5.23,12.71,24.32,0.909,24.58
A0575,2025-05-05,311.8,4.98,11.89,22.63,0.909,22.88
A0575,2025-05-06,311.8,5.14,11.65,21.76,0.909,21.99
A0575,2025-05-07,311.8,5.96,13.38,24.9,0.909,25.17
A0575,2025-05-08,311.8,6.23,13.44,24.62,0.909,24.88
A0575,2025-05-09,311.8,6.85,13.95,24.97,0.909,25.22
A0575,2025-05-10,311.8,7.25,16.85,31.75,0.909,32.09
A0575,2025-05-11,311.8,4.82,12.15,23.53,0.909,23.78
A0575,2025-05-12,311.8,5.8,13.19,24.66,0.909,24.92
A0576,2025-04-29,308.3,54.83,77.15,108.53,0.909,109.24
A0576,2025-04-30,308.3,72.82,103.04,145.52,0.909,146.48
A0576,2025-05-01,308.3,47.55,64.32,87.89,0.909,88.43
A0576,2025-05-02,308.3,61.11,83.89,115.9,0.909,116.63
A0576,2025-05-03,308.3,45.31,62.85,87.53,0.909,88.09
A0576,2025-05-04,308.3,43.78,61.43,86.25,0.909,86.81
A0576,2025-05-05,308.3,36.43,49.34,67.49,0.909,67.9
A0576,2025-05-06,308.3,40.53,56.49,78.93,0.909,79.44
A0576,2025-05-07,308.3,66.08,92.95,130.74,0.909,131.59
A0576,2025-05-08,308.3,67.33,93.4,130.05,0.909,130.88
A0576,2025-05-09,308.3,71.31,97.77,134.97,0.909,135.81
A0576,2025-05-10,308.3,71.48,99.93,139.92,0.909,140.83
A0576,2025-05-11,308.3,53.34,76.49,109.04,0.909,109.78
A0576,2025-05-12,308.3,61.53,85.32,118.76,0.909,119.52
A0577,2025-04-29,4.4,27.1,45.31,68.93,0.556,48.59
A0577,2025-04-30,4.4,44.08,70.19,104.06,0.556,74.9
A0577,2025-05-01,4.4,24.57,41.1,62.54,0.556,44.08
A0577,2025-05-02,4.4,16.69,29.5,46.11,0.556,31.81
A0577,2025-05-03,4.4,17.82,29.27,44.13,0.556,31.33
A0577,2025-05-04,4.4,16.85,25.84,37.51,0.556,27.46
A0577,2025-05-05,4.4,13.63,22.38,33.74,0.556,23.96
A0577,2025-05-06,4.4,14.38,24.7,38.1,0.556,26.56
A0577,2025-05-07,4.4,15.72,26.71,40.96,0.556,28.69
A0577,2025-05-08,4.4,18.42,29.54,43.97,0.556,31.55
A0577,2025-05-09,4.4,20.1,33.23,50.25,0.556,35.59
A0577,2025-05-10,4.4,20.88,32.13,46.73,0.556,34.16
A0577,2025-05-11,4.4,13.22,20.58,30.12,0.556,21.9
A0577,2025-05-12,4.4,18.06,28.23,41.41,0.556,30.06
A0578,2025-04-29,296.5,6.24,12.52,22.54,0.909,22.77
A0578,2025-04-30,296.5,8.61,17.22,30.95,0.909,31.26
A0578,2025-05-01,296.5,6.02,11.5,20.25,0.909,20.44
A0578,2025-05-02,296.5,30.15,54.33,92.88,0.909,93.76
A0578,2025-05-03,296.5,33.42,60.53,103.74,0.909,104.73
A0578,2025-05-04,296.5,28.58,48.38,79.93,0.909,80.64
A0578,2025-05-05,296.5,25.15,42.53,70.22,0.909,70.85
A0578,2025-05-06,296.5,29.81,48.54,78.38,0.909,79.06
A0578,2025-05-07,296.5,6.71,14.92,27.99,0.909,28.29
A0578,2025-05-08,296.5,7.33,15.85,29.42,0.909,29.73
A0578,2025-05-09,296.5,7.53,15.54,28.31,0.909,28.6
A0578,2025-05-10,296.5,8.14,18.06,33.88,0.909,34.24
A0578,2025-05-11,296.5,5.95,13.01,24.25,0.909,24.51
A0578,2025-05-12,296.5,7.27,14.57,26.22,0.909,26.49
A0579,2025-04-29,5.4,14.69,23.61,37.02,0.556,25.47
A0579,2025-04-30,5.4,20.87,34.1,53.99,0.556,36.86
A0579,2025-05-01,5.4,12.75,20.59,32.38,0.556,22.23
A0579,2025-05-02,5.4,19.57,32.48,51.91,0.556,35.18
A0579,2025-05-03,5.4,20.44,32.67,51.06,0.556,35.22
A0579,2025-05-04,5.4,13.88,24.32,40.03,0.556,26.5
A0579,2025-05-05,5.4,14.62,24.42,39.15,0.556,26.46
A0579,2025-05-06,5.4,15.61,24.49,37.85,0.556,26.35
A0579,2025-05-07,5.4,18.02,28.44,44.12,0.556,30.62
A0579,2025-05-08,5.4,17.3,27.2,42.09,0.556,29.27
A0579,2025-05-09,5.4,19.79,32.71,52.14,0.556,35.41
A0579,2025-05-10,5.4,20.31,32.43,50.66,0.556,34.96
A0579,2025-05-11,5.4,12.75,21.35,34.27,0.556,23.14
A0579,2025-05-12,5.4,18.19,29.92,47.57,0.556,32.37
A0580,2025-04-29,12.1,34.9,50.31,75.75,0.909,76.33
A0580,2025-04-30,12.1,45.81,67.66,103.71,0.909,104.53
A0580,2025-05-01,12.1,30.53,44.12,66.54,0.909,67.05
A0580,2025-05-02,12.1,38.73,55.24,82.47,0.909,83.09
A0580,2025-05-03,12.1,40.49,57.59,85.81,0.909,86.46
A0580,2025-05-04,12.1,36.49,53.9,82.62,0.909,83.27
A0580,2025-05-05,12.1,32.64,47.03,70.76,0.909,71.3
A0580,2025-05-06,12.1,34.98,50.49,76.1,0.909,76.68
A0580,2025-05-07,12.1,35.97,52.72,80.37,0.909,81.0
A0580,2025-05-08,12.1,38.09,55.05,83.04,0.909,83.67
A0580,2025-05-09,12.1,38.47,55.25,82.94,0.909,83.56
A0580,2025-05-10,12.1,39.9,56.92,85.01,0.909,85.65
A0580,2025-05-11,12.1,30.97,45.88,70.48,0.909,71.04
A0580,2025-05-12,12.1,37.86,54.64,82.33,0.909,82.96
A0581,2025-04-29,330.6,15.74,23.7,36.25,0.909,36.53
A0581,2025-04-30,330.6,21.36,30.94,46.02,0.909,46.37
A0581,2025-05-01,330.6,15.45,25.05,40.19,0.909,40.53
A0581,2025-05-02,330.6,21.31,32.86,51.07,0.909,51.48
A0581,2025-05-03,330.6,22.02,33.85,52.48,0.909,52.9
A0581,2025-05-04,330.6,14.9,22.06,33.33,0.909,33.59
A0581,2025-05-05,330.6,16.64,25.51,39.48,0.909,39.8
A0581,2025-05-06,330.6,16.43,24.43,37.01,0.909,37.3
A0581,2025-05-07,330.6,17.65,26.45,40.31,0.909,40.62
A0581,2025-05-08,330.6,20.02,31.03,48.37,0.909,48.77
A0581,2025-05-09,330.6,22.01,33.66,52.01,0.909,52.43
A0581,2025-05-10,330.6,22.45,34.26,52.86,0.909,53.28
A0581,2025-05-11,330.6,12.84,19.66,30.41,0.909,30.65
A0581,2025-05-12,330.6,19.64,29.42,44.83,0.909,45.18
A0582,2025-04-29,32.5,2.17,13.84,34.19,0.909,34.65
A0582,2025-04-30,32.5,5.78,22.7,53.0,0.909,53.69
A0582,2025-05-01,32.5,2.5,14.07,34.91,0.909,35.38
A0582,2025-05-02,32.5,4.57,20.14,46.98,0.909,47.59
A0582,2025-05-03,32.5,4.73,20.45,47.45,0.909,48.06
A0582,2025-05-04,32.5,3.82,17.73,42.71,0.909,43.28
A0582,2025-05-05,32.5,3.0,15.33,37.4,0.909,37.9
A0582,2025-05-06,32.5,2.56,14.85,36.24,0.909,36.72
A0582,2025-05-07,32.5,4.33,18.51,43.58,0.909,44.14
A0582,2025-05-08,32.5,4.62,19.17,45.16,0.909,45.75
A0582,2025-05-09,32.5,5.12,20.71,48.12,0.909,48.74
A0582,2025-05-10,32.5,6.03,22.53,51.66,0.909,52.33
A0582,2025-05-11,32.5,3.06,14.55,35.76,0.909,36.24
A0582,2025-05-12,32.5,4.27,18.12,42.95,0.909,43.52
A0583,2025-04-29,30.1,13.68,21.69,34.06,0.909,34.34
A0583,2025-04-30,30.1,19.42,34.82,58.61,0.909,59.15
A0583,2025-05-01,30.1,13.63,19.55,28.7,0.909,28.9
A0583,2025-05-02,30.1,18.82,29.61,46.28,0.909,46.66
A0583,2025-05-03,30.1,18.51,29.41,46.23,0.909,46.61
A0583,2025-05-04,30.1,16.51,25.71,39.91,0.909,40.23
A0583,2025-05-05,30.1,14.89,22.15,33.37,0.909,33.63
A0583,2025-05-06,30.1,13.85,22.08,34.78,0.909,35.06
A0583,2025-05-07,30.1,15.45,26.76,44.2,0.909,44.6
A0583,2025-05-08,30.1,17.64,26.91,41.21,0.909,41.54
A0583,2025-05-09,30.1,18.86,29.43,45.73,0.909,46.1
A0583,2025-05-10,30.1,19.55,31.54,50.05,0.909,50.47
A0583,2025-05-11,30.1,13.32,21.78,34.82,0.909,35.12
A0583,2025-05-12,30.1,17.26,26.1,39.76,0.909,40.07
A0584,2025-04-29,333.9,8.99,14.4,24.26,0.909,24.48
A0584,2025-04-30,333.9,13.06,20.86,35.08,0.909,35.4
A0584,2025-05-01,333.9,8.83,15.48,27.58,0.909,27.85
A0584,2025-05-02,333.9,12.4,18.93,30.82,0.909,31.09
A0584,2025-05-03,333.9,11.85,18.68,31.11,0.909,31.39
A0584,2025-05-04,333.9,10.1,17.14,29.99,0.909,30.28
A0584,2025-05-05,333.9,23.88,43.54,79.37,0.909,80.18
A0584,2025-05-06,333.9,23.52,39.81,69.49,0.909,70.17
A0584,2025-05-07,333.9,27.08,45.71,79.64,0.909,80.41
A0584,2025-05-08,333.9,27.38,47.67,84.65,0.909,85.49
A0584,2025-05-09,333.9,10.86,16.91,27.94,0.909,28.19
A0584,2025-05-10,333.9,11.3,18.78,32.4,0.909,32.71
A0584,2025-05-11,333.9,8.0,14.3,25.78,0.909,26.04
A0584,2025-05-12,333.9,9.69,15.79,26.89,0.909,27.14
A0585,2025-04-29,2.7,49.48,71.94,105.35,0.556,76.59
A0585,2025-04-30,2.7,60.5,87.8,128.41,0.556,93.44
A0585,2025-05-01,2.7,43.94,62.06,89.01,0.556,65.8
A0585,2025-05-02,2.7,59.69,83.48,118.87,0.556,88.4
A0585,2025-05-03,2.7,61.07,87.5,126.82,0.556,92.96
A0585,2025-05-04,2.7,48.01,69.55,101.57,0.556,73.99
A0585,2025-05-05,2.7,48.26,68.26,98.02,0.556,72.4
A0585,2025-05-06,2.7,51.01,73.25,106.33,0.556,77.84
A0585,2025-05-07,2.7,51.05,72.07,103.35,0.556,76.42
A0585,2025-05-08,2.7,55.68,78.42,112.23,0.556,83.11
A0585,2025-05-09,2.7,61.81,85.23,120.06,0.556,90.06
A0585,2025-05-10,2.7,60.85,87.21,126.42,0.556,92.66
A0585,2025-05-11,2.7,40.44,57.51,82.89,0.556,61.03
A0585,2025-05-12,2.7,55.86,79.54,114.76,0.556,84.43
A0586,2025-04-29,5.5,30.8,45.11,68.15,0.556,48.31
A0586,2025-04-30,5.5,36.52,52.07,77.1,0.556,55.54
A0586,2025-05-01,5.5,26.92,38.39,56.87,0.556,40.96
A0586,2025-05-02,5.5,36.04,52.41,78.79,0.556,56.08
A0586,2025-05-03,5.5,37.4,53.67,79.86,0.556,57.3
A0586,2025-05-04,5.5,30.06,42.73,63.15,0.556,45.57
A0586,2025-05-05,5.5,27.87,39.5,58.24,0.556,42.11
A0586,2025-05-06,5.5,31.59,46.06,69.37,0.556,49.3
A0586,2025-05-07,5.5,31.2,44.7,66.44,0.556,47.72
A0586,2025-05-08,5.5,35.18,50.5,75.19,0.556,53.93
A0586,2025-05-09,5.5,36.77,53.4,80.18,0.556,57.12
A0586,2025-05-10,5.5,37.57,54.01,80.5,0.556,57.69
A0586,2025-05-11,5.5,26.91,38.99,58.46,0.556,41.7
A0586,2025-05-12,5.5,33.0,47.06,69.72,0.556,50.21
A0587,2025-04-29,416.6,17.65,28.51,45.11,0.909,45.49
A0587,2025-04-30,416.6,27.73,43.78,68.31,0.909,68.87
A0587,2025-05-01,416.6,17.33,28.73,46.16,0.909,46.55
A0587,2025-05-02,416.6,25.14,40.21,63.24,0.909,63.77
A0587,2025-05-03,416.6,24.9,40.51,64.38,0.909,64.92
A0587,2025-05-04,416.6,18.99,30.49,48.06,0.909,48.46
A0587,2025-05-05,416.6,17.42,27.85,43.79,0.909,44.15
A0587,2025-05-06,416.6,17.71,28.65,45.38,0.909,45.76
A0587,2025-05-07,416.6,20.32,32.85,52.01,0.909,52.45
A0587,2025-05-08,416.6,23.27,37.89,60.24,0.909,60.75
A0587,2025-05-09,416.6,25.47,40.8,64.23,0.909,64.76
A0587,2025-05-10,416.6,25.51,41.09,64.9,0.909,65.44
A0587,2025-05-11,416.6,15.16,25.12,40.35,0.909,40.69
A0587,2025-05-12,416.6,63.42,90.47,131.82,0.909,132.76
A0588,2025-04-29,437.7,0.0,5.7,18.32,0.909,18.61
A0588,2025-04-30,437.7,0.72,8.83,25.45,0.909,25.83
A0588,2025-05-01,437.7,0.18,6.29,19.93,0.909,20.24
A0588,2025-05-02,437.7,0.87,9.14,25.92,0.909,26.3
A0588,2025-05-03,437.7,1.16,9.9,27.33,0.909,27.73
A0588,2025-05-04,437.7,0.26,7.6,22.47,0.909,22.8
A0588,2025-05-05,437.7,0.54,8.09,23.44,0.909,23.79
A0588,2025-05-06,437.7,0.52,8.27,23.6,0.909,23.95
A0588,2025-05-07,437.7,0.92,9.62,26.2,0.909,26.57
A0588,2025-05-08,437.7,1.34,10.99,29.11,0.909,29.52
A0588,2025-05-09,437.7,2.03,12.75,32.63,0.909,33.08
A0588,2025-05-10,437.7,2.42,13.6,34.13,0.909,34.6
A0588,2025-05-11,437.7,0.84,9.09,24.95,0.909,25.31
A0588,2025-05-12,437.7,1.5,11.55,29.96,0.909,30.38
A0589,2025-04-29,11.4,37.29,55.04,84.44,0.909,85.1
A0589,2025-04-30,11.4,51.73,79.65,125.91,0.909,126.96
A0589,2025-05-01,11.4,36.21,55.25,86.78,0.909,87.5
A0589,2025-05-02,11.4,41.78,62.8,97.64,0.909,98.44
A0589,2025-05-03,11.4,43.14,63.31,96.72,0.909,97.48
A0589,2025-05-04,11.4,41.38,63.93,101.29,0.909,102.14
A0589,2025-05-05,11.4,36.49,55.07,85.84,0.909,86.54
A0589,2025-05-06,11.4,37.36,55.06,84.39,0.909,85.06
A0589,2025-05-07,11.4,40.81,60.2,92.34,0.909,93.07
A0589,2025-05-08,11.4,42.32,63.68,99.06,0.909,99.86
A0589,2025-05-09,11.4,42.5,63.42,98.09,0.909,98.88
A0589,2025-05-10,11.4,43.51,63.67,97.07,0.909,97.83
A0589,2025-05-11,11.4,34.95,52.43,81.38,0.909,82.04
A0589,2025-05-12,11.4,42.26,62.33,95.59,0.909,96.35
A0590,2025-04-29,381.0,9.5,17.65,30.07,0.909,30.35
A0590,2025-04-30,381.0,15.35,24.12,37.48,0.909,37.79
A0590,2025-05-01,381.0,8.94,16.5,28.02,0.909,28.28
A0590,2025-05-02,381.0,12.56,23.07,39.1,0.909,39.47
A0590,2025-05-03,381.0,13.09,24.09,40.85,0.909,41.23
A0590,2025-05-04,381.0,11.71,19.69,31.86,0.909,32.13
A0590,2025-05-05,381.0,9.63,18.25,31.39,0.909,31.69
A0590,2025-05-06,381.0,9.71,18.18,31.09,0.909,31.39
A0590,2025-05-07,381.0,11.75,22.43,38.71,0.909,39.07
A0590,2025-05-08,381.0,12.12,21.77,36.47,0.909,36.8
A0590,2025-05-09,381.0,12.55,22.42,37.45,0.909,37.79
A0590,2025-05-10,381.0,13.96,25.79,43.8,0.909,44.21
A0590,2025-05-11,381.0,9.88,20.36,36.31,0.909,36.68
A0590,2025-05-12,381.0,11.65,21.32,36.06,0.909,36.39
A0591,2025-04-29,13.2,91.21,125.43,184.78,0.909,186.13
A0591,2025-04-30,13.2,111.13,156.26,234.54,0.909,236.32
A0591,2025-05-01,13.2,78.09,106.47,155.69,0.909,156.81
A0591,2025-05-02,13.2,97.04,130.45,188.4,0.909,189.71
A0591,2025-05-03,13.2,96.48,129.59,187.01,0.909,188.31
A0591,2025-05-04,13.2,87.75,121.85,180.99,0.909,182.34
A0591,2025-05-05,13.2,80.14,112.35,168.23,0.909,169.5
A0591,2025-05-06,13.2,90.51,124.35,183.03,0.909,184.37
A0591,2025-05-07,13.2,90.93,127.38,190.59,0.909,192.02
A0591,2025-05-08,13.2,96.89,131.99,192.86,0.909,194.24
A0591,2025-05-09,13.2,98.14,130.73,187.26,0.909,188.55
A0591,2025-05-10,13.2,95.71,128.93,186.57,0.909,187.87
A0591,2025-05-11,13.2,74.05,102.27,151.22,0.909,152.33
A0591,2025-05-12,13.2,95.32,132.33,196.52,0.909,197.98
A0592,2025-04-29,4.5,6.22,13.36,23.2,0.556,14.72
A0592,2025-04-30,4.5,7.3,17.33,31.17,0.556,19.25
A0592,2025-05-01,4.5,7.18,14.69,25.06,0.556,16.13
A0592,2025-05-02,4.5,8.85,17.52,29.48,0.556,19.18
A0592,2025-05-03,4.5,8.97,17.83,30.06,0.556,19.53
A0592,2025-05-04,4.5,5.06,12.15,21.94,0.556,13.51
A0592,2025-05-05,4.5,7.19,14.49,24.57,0.556,15.89
A0592,2025-05-06,4.5,7.33,14.38,24.11,0.556,15.73
A0592,2025-05-07,4.5,8.66,16.28,26.79,0.556,17.74
A0592,2025-05-08,4.5,9.37,17.87,29.61,0.556,19.5
A0592,2025-05-09,4.5,9.55,18.04,29.75,0.556,19.67
A0592,2025-05-10,4.5,9.55,18.4,30.61,0.556,20.1
A0592,2025-05-11,4.5,6.84,12.39,20.05,0.556,13.45
A0592,2025-05-12,4.5,9.13,17.12,28.15,0.556,18.65
A0593,2025-04-29,193.0,22.7,34.4,50.52,0.909,50.88
A0593,2025-04-30,193.0,30.84,47.18,69.68,0.909,70.19
A0593,2025-05-01,193.0,19.01,27.72,39.71,0.909,39.98
A0593,2025-05-02,193.0,25.18,36.23,51.44,0.909,51.78
A0593,2025-05-03,193.0,25.41,36.9,52.72,0.909,53.08
A0593,2025-05-04,193.0,21.76,32.29,46.8,0.909,47.13
A0593,2025-05-05,193.0,19.85,27.76,38.66,0.909,38.91
A0593,2025-05-06,193.0,23.18,34.97,51.21,0.909,51.58
A0593,2025-05-07,193.0,23.55,34.59,49.8,0.909,50.14
A0593,2025-05-08,193.0,25.56,38.3,55.84,0.909,56.24
A0593,2025-05-09,193.0,25.64,36.89,52.38,0.909,52.73
A0593,2025-05-10,193.0,26.12,37.56,53.31,0.909,53.67
A0593,2025-05-11,193.0,18.24,26.49,37.85,0.909,38.11
A0593,2025-05-12,193.0,23.91,34.31,48.63,0.909,48.95
A0594,2025-04-29,357.4,9.87,16.71,27.8,0.909,28.05
A0594,2025-04-30,357.4,13.75,23.75,39.97,0.909,40.34
A0594,2025-05-01,357.4,8.77,13.98,22.43,0.909,22.62
A0594,2025-05-02,357.4,11.98,20.07,33.19,0.909,33.49
A0594,2025-05-03,357.4,12.45,21.29,35.63,0.909,35.95
A0594,2025-05-04,357.4,11.21,18.8,31.12,0.909,31.4
A0594,2025-05-05,357.4,9.63,15.6,25.29,0.909,25.51
A0594,2025-05-06,357.4,10.01,16.89,28.04,0.909,28.3
A0594,2025-05-07,357.4,11.48,20.56,35.29,0.909,35.62
A0594,2025-05-08,357.4,11.52,19.95,33.62,0.909,33.93
A0594,2025-05-09,357.4,11.84,19.46,31.82,0.909,32.1
A0594,2025-05-10,357.4,13.38,23.11,38.89,0.909,39.24
A0594,2025-05-11,357.4,10.02,17.43,29.43,0.909,29.7
A0594,2025-05-12,357.4,10.96,18.31,30.23,0.909,30.5
A0595,2025-04-29,3.5,59.73,79.08,115.18,0.556,84.09
A0595,2025-04-30,3.5,68.74,94.83,143.51,0.556,101.59
A0595,2025-05-01,3.5,54.86,68.02,92.59,0.556,71.43
A0595,2025-05-02,3.5,69.41,90.74,130.54,0.556,96.27
A0595,2025-05-03,3.5,76.0,100.13,145.15,0.556,106.38
A0595,2025-05-04,3.5,52.72,72.29,108.79,0.556,77.36
A0595,2025-05-05,3.5,53.88,70.1,100.36,0.556,74.3
A0595,2025-05-06,3.5,60.97,80.05,115.65,0.556,85.0
A0595,2025-05-07,3.5,60.27,79.96,116.69,0.556,85.06
A0595,2025-05-08,3.5,68.58,88.1,124.52,0.556,93.16
A0595,2025-05-09,3.5,72.37,92.98,131.43,0.556,98.32
A0595,2025-05-10,3.5,75.88,100.26,145.75,0.556,106.58
A0595,2025-05-11,3.5,45.26,60.62,89.27,0.556,64.6
A0595,2025-05-12,3.5,64.88,85.8,124.83,0.556,91.22
A0596,2025-04-29,6.0,15.25,48.66,106.46,0.556,56.69
A0596,2025-04-30,6.0,24.95,70.04,149.67,0.556,81.1
A0596,2025-05-01,6.0,16.55,50.73,108.55,0.556,58.76
A0596,2025-05-02,6.0,25.78,70.15,147.11,0.556,80.84
A0596,2025-05-03,6.0,27.83,73.23,151.97,0.556,84.17
A0596,2025-05-04,6.0,23.04,64.54,135.3,0.556,74.37
A0596,2025-05-05,6.0,19.86,56.75,118.92,0.556,65.39
A0596,2025-05-06,6.0,22.18,60.83,126.71,0.556,69.98
A0596,2025-05-07,6.0,24.72,65.03,134.36,0.556,74.66
A0596,2025-05-08,6.0,27.21,70.04,144.69,0.556,80.41
A0596,2025-05-09,6.0,29.7,74.4,153.04,0.556,85.32
A0596,2025-05-10,6.0,31.05,76.2,155.9,0.556,87.27
A0596,2025-05-11,6.0,18.73,52.88,110.65,0.556,60.9
A0596,2025-05-12,6.0,26.8,67.97,139.88,0.556,77.95
A0597,2025-04-29,25.1,4.42,7.66,12.95,0.909,13.07
A0597,2025-04-30,25.1,7.45,11.19,17.28,0.909,17.41
A0597,2025-05-01,25.1,4.24,7.77,13.52,0.909,13.65
A0597,2025-05-02,25.1,5.95,10.02,16.65,0.909,16.8
A0597,2025-05-03,25.1,6.17,10.03,16.3,0.909,16.45
A0597,2025-05-04,25.1,5.41,8.73,14.12,0.909,14.24
A0597,2025-05-05,25.1,4.45,8.08,14.0,0.909,14.14
A0597,2025-05-06,25.1,4.17,7.39,12.63,0.909,12.75
A0597,2025-05-07,25.1,4.96,8.84,15.16,0.909,15.3
A0597,2025-05-08,25.1,5.36,9.4,15.98,0.909,16.13
A0597,2025-05-09,25.1,18.04,31.43,53.23,0.909,53.73
A0597,2025-05-10,25.1,20.61,35.12,58.73,0.909,59.27
A0597,2025-05-11,25.1,10.08,22.01,41.43,0.909,41.87
A0597,2025-05-12,25.1,16.57,29.46,50.45,0.909,50.92
A0598,2025-04-29,298.6,15.09,23.25,34.97,0.909,35.23
A0598,2025-04-30,298.6,22.99,35.36,53.09,0.909,53.5
A0598,2025-05-01,298.6,14.51,22.92,35.0,0.909,35.27
A0598,2025-05-02,298.6,21.52,33.52,50.73,0.909,51.12
A0598,2025-05-03,298.6,21.1,32.74,49.45,0.909,49.83
A0598,2025-05-04,298.6,16.19,25.11,37.93,0.909,38.22
A0598,2025-05-05,298.6,15.75,23.89,35.57,0.909,35.84
A0598,2025-05-06,298.6,35.62,53.32,78.71,0.909,79.29
A0598,2025-05-07,298.6,38.37,57.13,84.04,0.909,84.65
A0598,2025-05-08,298.6,42.59,67.8,103.96,0.909,104.79
A0598,2025-05-09,298.6,40.65,65.83,101.97,0.909,102.8
A0598,2025-05-10,298.6,41.16,65.71,100.93,0.909,101.73
A0598,2025-05-11,298.6,22.5,37.21,58.3,0.909,58.78
A0598,2025-05-12,298.6,14.7,24.83,39.37,0.909,39.7
A0599,2025-04-29,354.6,112.76,151.27,213.9,0.909,215.32
A0599,2025-04-30,354.6,147.18,192.14,265.25,0.909,266.92
A0599,2025-05-01,354.6,101.58,134.98,189.29,0.909,190.53
A0599,2025-05-02,354.6,130.19,174.17,245.7,0.909,247.32
A0599,2025-05-03,354.6,368.03,517.69,761.07,0.909,766.6
A0599,2025-05-04,354.6,326.5,462.31,683.14,0.909,688.16
A0599,2025-05-05,354.6,305.85,425.1,619.0,0.909,623.41
A0599,2025-05-06,354.6,312.73,441.53,650.98,0.909,655.74
A0599,2025-05-07,354.6,318.49,442.69,644.65,0.909,649.24
A0599,2025-05-08,354.6,320.95,458.55,682.3,0.909,687.38
A0599,2025-05-09,354.6,352.67,497.2,732.23,0.909,737.57
A0599,2025-05-10,354.6,106.88,153.89,230.34,0.909,232.07
A0599,2025-05-11,354.6,84.42,122.79,185.18,0.909,186.6
A0599,2025-05-12,354.6,104.0,144.08,209.25,0.909,210.73
A0600,2025-04-29,175.0,41.16,57.55,84.11,0.909,84.71
A0600,2025-04-30,175.0,56.11,78.15,113.85,0.909,114.66
A0600,2025-05-01,175.0,37.8,52.84,77.21,0.909,77.76
A0600,2025-05-02,175.0,48.13,65.74,94.27,0.909,94.92
A0600,2025-05-03,175.0,49.79,68.81,99.62,0.909,100.32
A0600,2025-05-04,175.0,43.51,58.67,83.22,0.909,83.78
A0600,2025-05-05,175.0,40.23,55.55,80.37,0.909,80.93
A0600,2025-05-06,175.0,41.39,57.63,83.94,0.909,84.54
A0600,2025-05-07,175.0,44.52,62.11,90.59,0.909,91.24
A0600,2025-05-08,175.0,45.49,62.25,89.39,0.909,90.01
A0600,2025-05-09,175.0,47.52,64.64,92.38,0.909,93.01
A0600,2025-05-10,175.0,49.83,69.07,100.23,0.909,100.93
A0600,2025-05-11,175.0,35.37,47.87,68.1,0.909,68.56
A0600,2025-05-12,175.0,44.64,60.95,87.37,0.909,87.97
A0601,2025-04-29,10.5,106.33,266.33,655.65,0.909,664.5
A0601,2025-04-30,10.5,157.45,366.67,944.09,0.909,957.21
A0601,2025-05-01,10.5,87.94,234.35,592.88,0.909,601.02
A0601,2025-05-02,10.5,19.84,51.46,116.24,0.909,117.71
A0601,2025-05-03,10.5,22.83,58.04,127.91,0.909,129.5
A0601,2025-05-04,10.5,19.03,53.2,117.27,0.909,118.72
A0601,2025-05-05,10.5,18.64,52.16,112.86,0.909,114.24
A0601,2025-05-06,10.5,21.97,59.23,126.81,0.909,128.35
A0601,2025-05-07,10.5,25.21,65.61,138.98,0.909,140.64
A0601,2025-05-08,10.5,28.2,72.5,153.28,0.909,155.11
A0601,2025-05-09,10.5,31.17,77.97,164.4,0.909,166.36
A0601,2025-05-10,10.5,32.66,80.05,167.76,0.909,169.75
A0601,2025-05-11,10.5,19.35,54.16,115.1,0.909,116.49
A0601,2025-05-12,10.5,28.09,71.14,149.36,0.909,151.14
A0602,2025-04-29,33.7,12.48,19.42,31.93,0.909,32.21
A0602,2025-04-30,33.7,21.09,32.21,52.26,0.909,52.71
A0602,2025-05-01,33.7,11.65,18.4,30.58,0.909,30.85
A0602,2025-05-02,33.7,18.84,29.64,49.12,0.909,49.56
A0602,2025-05-03,33.7,18.26,29.15,48.8,0.909,49.24
A0602,2025-05-04,33.7,17.79,25.6,39.68,0.909,40.0
A0602,2025-05-05,33.7,14.65,22.68,37.18,0.909,37.5
A0602,2025-05-06,33.7,13.76,21.01,34.09,0.909,34.38
A0602,2025-05-07,33.7,17.1,27.26,45.57,0.909,45.99
A0602,2025-05-08,33.7,17.66,27.56,45.42,0.909,45.82
A0602,2025-05-09,33.7,19.11,29.36,47.86,0.909,48.28
A0602,2025-05-10,33.7,20.42,32.52,54.36,0.909,54.86
A0602,2025-05-11,33.7,14.53,22.72,37.5,0.909,37.84
A0602,2025-05-12,33.7,17.14,26.58,43.61,0.909,44.0
A0603,2025-04-29,402.5,0.0,5.02,17.71,0.909,18.0
A0603,2025-04-30,402.5,0.22,9.1,27.98,0.909,28.41
A0603,2025-05-01,402.5,0.2,7.34,22.86,0.909,23.21
A0603,2025-05-02,402.5,1.32,11.57,32.2,0.909,32.67
A0603,2025-05-03,402.5,2.0,13.07,35.07,0.909,35.57
A0603,2025-05-04,402.5,1.56,11.83,32.42,0.909,32.89
A0603,2025-05-05,402.5,1.76,11.7,31.67,0.909,32.13
A0603,2025-05-06,402.5,1.84,12.1,32.24,0.909,32.7
A0603,2025-05-07,402.5,3.11,15.37,38.8,0.909,39.33
A0603,2025-05-08,402.5,3.7,17.16,42.74,0.909,43.32
A0603,2025-05-09,402.5,4.62,19.48,47.29,0.909,47.93
A0603,2025-05-10,402.5,5.44,21.35,50.74,0.909,51.41
A0603,2025-05-11,402.5,2.79,14.25,35.97,0.909,36.46
A0603,2025-05-12,402.5,4.1,18.18,44.06,0.909,44.65
A0604,2025-04-29,391.9,2.64,6.45,12.38,0.909,12.52
A0604,2025-04-30,391.9,4.22,11.24,22.21,0.909,22.45
A0604,2025-05-01,391.9,2.61,6.37,12.24,0.909,12.37
A0604,2025-05-02,391.9,3.79,8.63,16.19,0.909,16.36
A0604,2025-05-03,391.9,3.84,8.88,16.75,0.909,16.93
A0604,2025-05-04,391.9,2.96,8.86,18.08,0.909,18.29
A0604,2025-05-05,391.9,3.05,7.62,14.76,0.909,14.92
A0604,2025-05-06,391.9,2.73,6.55,12.5,0.909,12.64
A0604,2025-05-07,391.9,3.71,9.17,17.69,0.909,17.89
A0604,2025-05-08,391.9,3.85,9.17,17.46,0.909,17.65
A0604,2025-05-09,391.9,3.98,8.27,14.96,0.909,15.11
A0604,2025-05-10,391.9,4.44,10.18,19.15,0.909,19.35
A0604,2025-05-11,391.9,3.05,8.0,15.74,0.909,15.91
A0604,2025-05-12,391.9,3.67,8.62,16.36,0.909,16.53
A0605,2025-04-29,6.4,12.03,20.78,34.38,0.556,22.67
A0605,2025-04-30,6.4,15.04,25.82,42.55,0.556,28.14
A0605,2025-05-01,6.4,11.7,20.0,32.91,0.556,21.8
A0605,2025-05-02,6.4,14.34,24.1,39.26,0.556,26.21
A0605,2025-05-03,6.4,15.24,25.58,41.63,0.556,27.81
A0605,2025-05-04,6.4,11.74,19.86,32.46,0.556,21.61
A0605,2025-05-05,6.4,11.82,20.18,33.15,0.556,21.98
A0605,2025-05-06,6.4,12.35,21.12,34.74,0.556,23.01
A0605,2025-05-07,6.4,20.09,35.48,59.37,0.556,38.8
A0605,2025-05-08,6.4,20.9,36.84,61.6,0.556,40.28
A0605,2025-05-09,6.4,22.31,38.17,62.79,0.556,41.59
A0605,2025-05-10,6.4,22.72,40.1,67.09,0.556,43.85
A0605,2025-05-11,6.4,15.72,28.03,47.14,0.556,30.68
A0605,2025-05-12,6.4,19.34,34.28,57.47,0.556,37.5
A0606,2025-04-29,194.1,1.75,12.67,32.19,0.909,32.63
A0606,2025-04-30,194.1,3.64,17.56,42.6,0.909,43.17
A0606,2025-05-01,194.1,1.7,12.97,32.72,0.909,33.17
A0606,2025-05-02,194.1,3.65,17.8,42.58,0.909,43.14
A0606,2025-05-03,194.1,4.11,18.65,44.05,0.909,44.63
A0606,2025-05-04,194.1,2.37,15.04,36.75,0.909,37.24
A0606,2025-05-05,194.1,2.53,15.07,36.63,0.909,37.12
A0606,2025-05-06,194.1,2.78,15.56,37.53,0.909,38.03
A0606,2025-05-07,194.1,3.59,17.13,40.57,0.909,41.11
A0606,2025-05-08,194.1,4.19,18.46,43.38,0.909,43.95
A0606,2025-05-09,194.1,10.52,33.38,71.97,0.909,72.85
A0606,2025-05-10,194.1,10.84,32.89,71.06,0.909,71.92
A0606,2025-05-11,194.1,5.37,21.61,47.11,0.909,47.69
A0606,2025-05-12,194.1,8.27,26.99,59.1,0.909,59.83
A0607,2025-04-29,33.4,24.71,35.55,53.54,0.909,53.95
A0607,2025-04-30,33.4,37.0,53.36,80.48,0.909,81.1
A0607,2025-05-01,33.4,24.17,34.16,50.73,0.909,51.11
A0607,2025-05-02,33.4,33.42,46.69,68.72,0.909,69.22
A0607,2025-05-03,33.4,33.58,46.9,69.0,0.909,69.5
A0607,2025-05-04,33.4,30.46,42.78,63.2,0.909,63.67
A0607,2025-05-05,33.4,26.07,38.32,58.65,0.909,59.11
A0607,2025-05-06,33.4,26.13,37.04,55.13,0.909,55.55
A0607,2025-05-07,33.4,27.73,41.83,65.21,0.909,65.74
A0607,2025-05-08,33.4,31.63,43.66,63.61,0.909,64.07
A0607,2025-05-09,33.4,34.48,46.69,66.93,0.909,67.39
A0607,2025-05-10,33.4,33.72,49.38,75.36,0.909,75.95
A0607,2025-05-11,33.4,22.28,34.35,54.36,0.909,54.81
A0607,2025-05-12,33.4,30.24,41.91,61.28,0.909,61.72
A0608,2025-04-29,29.6,33.28,59.16,106.63,0.909,107.71
A0608,2025-04-30,29.6,46.24,81.0,144.74,0.909,146.19
A0608,2025-05-01,29.6,34.57,70.83,137.35,0.909,138.86
A0608,2025-05-02,29.6,43.62,76.23,136.04,0.909,137.4
A0608,2025-05-03,29.6,41.84,75.7,137.79,0.909,139.2
A0608,2025-05-04,29.6,39.44,76.12,143.39,0.909,144.92
A0608,2025-05-05,29.6,35.1,69.59,132.83,0.909,134.27
A0608,2025-05-06,29.6,32.78,58.16,104.7,0.909,105.76
A0608,2025-05-07,29.6,37.97,73.89,139.77,0.909,141.27
A0608,2025-05-08,29.6,41.39,79.43,149.22,0.909,150.8
A0608,2025-05-09,29.6,42.63,73.62,130.44,0.909,131.73
A0608,2025-05-10,29.6,43.48,79.82,146.47,0.909,147.98
A0608,2025-05-11,29.6,33.82,70.77,138.53,0.909,140.07
A0608,2025-05-12,29.6,37.34,70.43,131.12,0.909,132.5
A0609,2025-04-29,6.3,21.45,33.8,55.69,0.556,36.84
A0609,2025-04-30,6.3,30.58,45.13,70.92,0.556,48.71
A0609,2025-05-01,6.3,18.45,29.02,47.77,0.556,31.63
A0609,2025-05-02,6.3,26.77,41.93,68.82,0.556,45.67
A0609,2025-05-03,6.3,26.24,41.33,68.08,0.556,45.04
A0609,2025-05-04,6.3,23.71,36.27,58.53,0.556,39.36
A0609,2025-05-05,6.3,19.74,30.77,50.32,0.556,33.49
A0609,2025-05-06,6.3,20.99,33.44,55.51,0.556,36.51
A0609,2025-05-07,6.3,21.06,32.03,51.48,0.556,34.73
A0609,2025-05-08,6.3,23.79,37.36,61.43,0.556,40.71
A0609,2025-05-09,6.3,27.35,42.77,70.11,0.556,46.57
A0609,2025-05-10,6.3,27.19,42.28,69.04,0.556,46.0
A0609,2025-05-11,6.3,17.93,28.52,47.29,0.556,31.13
A0609,2025-05-12,6.3,24.33,37.54,60.96,0.556,40.79
A0610,2025-04-29,10.3,35.58,54.66,78.19,0.909,78.72
A0610,2025-04-30,10.3,46.73,67.89,93.98,0.909,94.57
A0610,2025-05-01,10.3,30.01,45.12,63.75,0.909,64.17
A0610,2025-05-02,10.3,37.88,58.66,84.29,0.909,84.87
A0610,2025-05-03,10.3,38.84,56.6,78.51,0.909,79.0
A0610,2025-05-04,10.3,39.62,58.43,81.61,0.909,82.14
A0610,2025-05-05,10.3,33.87,52.03,74.43,0.909,74.94
A0610,2025-05-06,10.3,34.23,53.44,77.12,0.909,77.66
A0610,2025-05-07,10.3,35.5,55.19,79.46,0.909,80.01
A0610,2025-05-08,10.3,36.96,55.83,79.09,0.909,79.62
A0610,2025-05-09,10.3,36.8,57.86,83.82,0.909,84.41
A0610,2025-05-10,10.3,38.91,56.68,78.58,0.909,79.08
A0610,2025-05-11,10.3,31.16,49.49,72.1,0.909,72.61
A0610,2025-05-12,10.3,39.59,60.8,86.94,0.909,87.54
A0611,2025-04-29,339.3,13.35,17.41,22.91,0.909,23.03
A0611,2025-04-30,339.3,21.0,27.53,36.37,0.909,36.57
A0611,2025-05-01,339.3,10.86,18.95,29.92,0.909,30.17
A0611,2025-05-02,339.3,15.85,25.35,38.24,0.909,38.53
A0611,2025-05-03,339.3,27.28,33.7,42.41,0.909,42.6
A0611,2025-05-04,339.3,23.8,29.61,37.49,0.909,37.67
A0611,2025-05-05,339.3,19.8,26.21,34.9,0.909,35.1
A0611,2025-05-06,339.3,19.19,23.25,28.76,0.909,28.88
A0611,2025-05-07,339.3,22.0,28.57,37.48,0.909,37.68
A0611,2025-05-08,339.3,12.83,21.2,32.56,0.909,32.81
A0611,2025-05-09,339.3,13.42,22.61,35.08,0.909,35.36
A0611,2025-05-10,339.3,17.12,23.9,33.09,0.909,33.3
A0611,2025-05-11,339.3,12.44,18.39,26.44,0.909,26.63
A0611,2025-05-12,339.3,14.46,20.64,29.02,0.909,29.21
A0612,2025-04-29,30.5,15.96,23.43,35.66,0.909,35.94
A0612,2025-04-30,30.5,22.97,38.49,63.94,0.909,64.52
A0612,2025-05-01,30.5,14.6,20.64,30.54,0.909,30.77
A0612,2025-05-02,30.5,21.07,32.07,50.11,0.909,50.52
A0612,2025-05-03,30.5,20.84,31.72,49.55,0.909,49.95
A0612,2025-05-04,30.5,18.43,29.19,46.83,0.909,47.23
A0612,2025-05-05,30.5,16.66,24.74,37.98,0.909,38.28
A0612,2025-05-06,30.5,16.29,23.74,35.96,0.909,36.23
A0612,2025-05-07,30.5,18.97,29.57,46.94,0.909,47.34
A0612,2025-05-08,30.5,19.94,30.05,46.61,0.909,46.99
A0612,2025-05-09,30.5,20.76,30.94,47.63,0.909,48.01
A0612,2025-05-10,30.5,22.28,34.35,54.15,0.909,54.6
A0612,2025-05-11,30.5,16.32,24.96,39.11,0.909,39.44
A0612,2025-05-12,30.5,19.19,29.31,45.89,0.909,46.27
A0613,2025-04-29,433.7,11.62,15.69,23.56,0.909,23.73
A0613,2025-04-30,433.7,16.47,23.94,38.37,0.909,38.69
A0613,2025-05-01,433.7,10.71,14.22,21.0,0.909,21.15
A0613,2025-05-02,433.7,14.84,19.51,28.53,0.909,28.74
A0613,2025-05-03,433.7,15.29,20.02,29.18,0.909,29.39
A0613,2025-05-04,433.7,13.76,17.61,25.06,0.909,25.22
A0613,2025-05-05,433.7,11.71,15.11,21.68,0.909,21.83
A0613,2025-05-06,433.7,11.73,15.87,23.87,0.909,24.05
A0613,2025-05-07,433.7,13.24,18.22,27.84,0.909,28.06
A0613,2025-05-08,433.7,13.84,18.84,28.5,0.909,28.72
A0613,2025-05-09,433.7,14.37,19.23,28.64,0.909,28.85
A0613,2025-05-10,433.7,15.76,20.43,29.45,0.909,29.65
A0613,2025-05-11,433.7,11.69,14.91,21.14,0.909,21.29
A0613,2025-05-12,433.7,13.37,17.58,25.73,0.909,25.91
A0614,2025-04-29,416.9,10.29,17.09,28.95,0.909,29.22
A0614,2025-04-30,416.9,14.74,25.14,43.3,0.909,43.71
A0614,2025-05-01,416.9,10.18,16.87,28.55,0.909,28.81
A0614,2025-05-02,416.9,14.96,24.55,41.28,0.909,41.66
A0614,2025-05-03,416.9,14.95,25.56,44.06,0.909,44.48
A0614,2025-05-04,416.9,9.39,16.31,28.37,0.909,28.65
A0614,2025-05-05,416.9,10.38,16.88,28.21,0.909,28.47
A0614,2025-05-06,416.9,10.9,17.68,29.51,0.909,29.78
A0614,2025-05-07,416.9,11.77,19.51,33.03,0.909,33.33
A0614,2025-05-08,416.9,13.5,22.61,38.5,0.909,38.87
A0614,2025-05-09,416.9,15.91,25.42,42.02,0.909,42.4
A0614,2025-05-10,416.9,14.87,25.51,44.08,0.909,44.5
A0614,2025-05-11,416.9,8.27,13.83,23.55,0.909,23.77
A0614,2025-05-12,416.9,12.98,21.02,35.05,0.909,35.37
A0615,2025-04-29,370.0,6.69,14.56,25.6,0.909,25.85
A0615,2025-04-30,370.0,8.79,21.6,39.57,0.909,39.98
A0615,2025-05-01,370.0,6.76,12.57,20.73,0.909,20.91
A0615,2025-05-02,370.0,8.66,19.33,34.3,0.909,34.64
A0615,2025-05-03,370.0,8.73,18.79,32.91,0.909,33.23
A0615,2025-05-04,370.0,6.84,17.97,33.59,0.909,33.95
A0615,2025-05-05,370.0,7.13,14.79,25.56,0.909,25.8
A0615,2025-05-06,370.0,6.68,14.54,25.58,0.909,25.83
A0615,2025-05-07,370.0,7.81,16.97,29.82,0.909,30.11
A0615,2025-05-08,370.0,8.32,17.85,31.23,0.909,31.53
A0615,2025-05-09,370.0,8.88,18.55,32.12,0.909,32.43
A0615,2025-05-10,370.0,9.29,20.59,36.46,0.909,36.82
A0615,2025-05-11,370.0,6.56,15.61,28.31,0.909,28.6
A0615,2025-05-12,370.0,8.14,17.5,30.65,0.909,30.95
A0616,2025-04-29,302.4,7.64,13.42,22.23,0.909,22.43
A0616,2025-04-30,302.4,9.05,16.64,28.23,0.909,28.49
A0616,2025-05-01,302.4,7.61,14.17,24.17,0.909,24.4
A0616,2025-05-02,302.4,10.41,17.95,29.45,0.909,29.71
A0616,2025-05-03,302.4,9.85,17.96,30.32,0.909,30.6
A0616,2025-05-04,302.4,6.37,11.75,19.96,0.909,20.15
A0616,2025-05-05,302.4,7.32,13.5,22.93,0.909,23.14
A0616,2025-05-06,302.4,7.77,13.53,22.32,0.909,22.52
A0616,2025-05-07,302.4,7.88,14.61,24.88,0.909,25.11
A0616,2025-05-08,302.4,9.49,17.38,29.43,0.909,29.7
A0616,2025-05-09,302.4,11.26,18.75,30.17,0.909,30.43
A0616,2025-05-10,302.4,10.22,18.34,30.73,0.909,31.02
A0616,2025-05-11,302.4,5.53,10.36,17.72,0.909,17.89
A0616,2025-05-12,302.4,9.0,16.19,27.15,0.909,27.4
A0617,2025-04-29,10.3,13.82,20.7,32.3,0.909,32.57
A0617,2025-04-30,10.3,19.02,28.91,45.59,0.909,45.97
A0617,2025-05-01,10.3,11.82,17.88,28.09,0.909,28.32
A0617,2025-05-02,10.3,15.65,23.46,36.62,0.909,36.92
A0617,2025-05-03,10.3,15.82,23.86,37.43,0.909,37.74
A0617,2025-05-04,10.3,15.76,24.02,37.96,0.909,38.27
A0617,2025-05-05,10.3,13.22,20.09,31.68,0.909,31.94
A0617,2025-05-06,10.3,13.73,20.51,31.95,0.909,32.21
A0617,2025-05-07,10.3,15.08,22.7,35.56,0.909,35.86
A0617,2025-05-08,10.3,15.24,23.16,36.52,0.909,36.82
A0617,2025-05-09,10.3,15.3,22.87,35.63,0.909,35.92
A0617,2025-05-10,10.3,16.37,24.46,38.1,0.909,38.41
A0617,2025-05-11,10.3,12.99,19.46,30.36,0.909,30.6
A0617,2025-05-12,10.3,16.2,24.5,38.51,0.909,38.83
A0618,2025-04-29,26.7,16.68,26.89,42.39,0.909,42.75
A0618,2025-04-30,26.7,22.9,35.22,53.93,0.909,54.36
A0618,2025-05-01,26.7,15.07,23.18,35.51,0.909,35.79
A0618,2025-05-02,26.7,20.81,32.74,50.86,0.909,51.27
A0618,2025-05-03,26.7,21.74,34.02,52.67,0.909,53.1
A0618,2025-05-04,26.7,17.72,27.01,41.12,0.909,41.44
A0618,2025-05-05,26.7,16.28,25.14,38.59,0.909,38.9
A0618,2025-05-06,26.7,16.59,26.8,42.32,0.909,42.67
A0618,2025-05-07,26.7,18.61,30.08,47.5,0.909,47.9
A0618,2025-05-08,26.7,19.96,30.87,47.44,0.909,47.81
A0618,2025-05-09,26.7,20.49,31.9,49.23,0.909,49.63
A0618,2025-05-10,26.7,22.72,35.87,55.84,0.909,56.29
A0618,2025-05-11,26.7,14.99,24.14,38.04,0.909,38.35
A0618,2025-05-12,26.7,19.42,29.47,44.74,0.909,45.09
A0619,2025-04-29,10.2,28.97,44.42,67.16,0.909,67.68
A0619,2025-04-30,10.2,39.45,57.74,84.64,0.909,85.25
A0619,2025-05-01,10.2,25.74,40.38,61.93,0.909,62.42
A0619,2025-05-02,10.2,31.98,49.98,76.47,0.909,77.08
A0619,2025-05-03,10.2,119.02,177.57,263.71,0.909,265.67
A0619,2025-05-04,10.2,104.87,154.34,227.15,0.909,228.8
A0619,2025-05-05,10.2,108.13,156.75,228.29,0.909,229.91
A0619,2025-05-06,10.2,104.25,154.99,229.65,0.909,231.35
A0619,2025-05-07,10.2,113.1,170.01,253.74,0.909,255.65
A0619,2025-05-08,10.2,26.61,44.7,71.33,0.909,71.94
A0619,2025-05-09,10.2,25.95,43.86,70.21,0.909,70.8
A0619,2025-05-10,10.2,29.2,47.01,73.22,0.909,73.81
A0619,2025-05-11,10.2,24.3,38.65,59.76,0.909,60.24
A0619,2025-05-12,10.2,32.61,49.67,74.78,0.909,75.35
A0620,2025-04-29,11.4,5.52,24.89,59.39,0.909,60.17
A0620,2025-04-30,11.4,11.43,38.53,88.63,0.909,89.77
A0620,2025-05-01,11.4,7.54,28.65,65.8,0.909,66.65
A0620,2025-05-02,11.4,13.08,41.23,92.14,0.909,93.3
A0620,2025-05-03,11.4,14.74,44.07,97.21,0.909,98.42
A0620,2025-05-04,11.4,11.04,36.55,81.48,0.909,82.5
A0620,2025-05-05,11.4,10.52,34.63,76.92,0.909,77.88
A0620,2025-05-06,11.4,11.34,36.16,79.95,0.909,80.95
A0620,2025-05-07,11.4,12.98,39.25,86.03,0.909,87.09
A0620,2025-05-08,11.4,14.45,42.68,93.39,0.909,94.54
A0620,2025-05-09,11.4,16.29,46.19,100.57,0.909,101.81
A0620,2025-05-10,11.4,17.0,47.16,102.09,0.909,103.34
A0620,2025-05-11,11.4,9.05,30.66,68.32,0.909,69.17
A0620,2025-05-12,11.4,13.98,41.03,89.41,0.909,90.51
A0621,2025-04-29,392.3,71.41,104.67,158.88,0.909,160.11
A0621,2025-04-30,392.3,12.49,21.61,36.47,0.909,36.81
A0621,2025-05-01,392.3,8.2,16.29,29.49,0.909,29.79
A0621,2025-05-02,392.3,12.39,21.48,36.3,0.909,36.64
A0621,2025-05-03,392.3,16.0,26.4,43.36,0.909,43.74
A0621,2025-05-04,392.3,10.06,16.06,25.84,0.909,26.07
A0621,2025-05-05,392.3,12.68,19.92,31.73,0.909,31.99
A0621,2025-05-06,392.3,15.24,23.01,35.67,0.909,35.96
A0621,2025-05-07,392.3,14.62,21.95,33.91,0.909,34.18
A0621,2025-05-08,392.3,14.45,23.4,37.97,0.909,38.3
A0621,2025-05-09,392.3,15.52,25.23,41.06,0.909,41.42
A0621,2025-05-10,392.3,18.29,27.92,43.61,0.909,43.97
A0621,2025-05-11,392.3,10.19,15.19,23.34,0.909,23.52
A0621,2025-05-12,392.3,15.06,23.56,37.42,0.909,37.73
A0622,2025-04-29,24.3,8.0,12.81,21.64,0.909,21.85
A0622,2025-04-30,24.3,14.61,19.94,29.7,0.909,29.93
A0622,2025-05-01,24.3,7.65,12.58,21.65,0.909,21.85
A0622,2025-05-02,24.3,10.97,16.56,26.81,0.909,27.05
A0622,2025-05-03,24.3,11.21,17.77,29.8,0.909,30.08
A0622,2025-05-04,24.3,10.94,15.41,23.62,0.909,23.8
A0622,2025-05-05,24.3,8.01,13.54,23.68,0.909,23.91
A0622,2025-05-06,24.3,7.92,12.65,21.35,0.909,21.54
A0622,2025-05-07,24.3,9.13,15.13,26.14,0.909,26.39
A0622,2025-05-08,24.3,10.53,16.06,26.21,0.909,26.44
A0622,2025-05-09,24.3,11.05,16.19,25.62,0.909,25.84
A0622,2025-05-10,24.3,11.65,18.92,32.27,0.909,32.57
A0622,2025-05-11,24.3,7.51,12.33,21.18,0.909,21.39
A0622,2025-05-12,24.3,9.52,14.9,24.78,0.909,25.0
A0623,2025-04-29,5.3,47.88,64.79,90.77,0.556,68.4
A0623,2025-04-30,5.3,63.01,85.96,121.2,0.556,90.86
A0623,2025-05-01,5.3,42.23,58.17,82.65,0.556,61.57
A0623,2025-05-02,5.3,61.22,83.31,117.24,0.556,88.03
A0623,2025-05-03,5.3,58.13,79.26,111.71,0.556,83.77
A0623,2025-05-04,5.3,50.11,68.94,97.86,0.556,72.96
A0623,2025-05-05,5.3,46.05,61.76,85.88,0.556,65.11
A0623,2025-05-06,5.3,47.45,64.5,90.69,0.556,68.14
A0623,2025-05-07,5.3,51.75,68.53,94.31,0.556,72.11
A0623,2025-05-08,5.3,53.28,72.53,102.1,0.556,76.64
A0623,2025-05-09,5.3,59.99,82.45,116.96,0.556,87.25
A0623,2025-05-10,5.3,59.37,80.47,112.89,0.556,84.98
A0623,2025-05-11,5.3,44.41,59.99,83.91,0.556,63.31
A0623,2025-05-12,5.3,52.16,70.15,97.78,0.556,73.99
A0624,2025-04-29,14.0,52.86,77.36,118.64,0.909,119.58
A0624,2025-04-30,14.0,68.87,95.85,141.3,0.909,142.33
A0624,2025-05-01,14.0,44.92,64.25,96.8,0.909,97.54
A0624,2025-05-02,14.0,54.41,80.58,124.69,0.909,125.69
A0624,2025-05-03,14.0,63.27,91.4,138.8,0.909,139.88
A0624,2025-05-04,14.0,58.74,82.27,121.9,0.909,122.8
A0624,2025-05-05,14.0,164.71,228.9,337.05,0.909,339.51
A0624,2025-05-06,14.0,175.83,254.03,385.78,0.909,388.78
A0624,2025-05-07,14.0,219.43,323.99,500.14,0.909,504.15
A0624,2025-05-08,14.0,155.48,220.42,329.83,0.909,332.32
A0624,2025-05-09,14.0,160.37,222.43,327.0,0.909,329.38
A0624,2025-05-10,14.0,177.84,242.49,351.4,0.909,353.88
A0624,2025-05-11,14.0,131.27,185.55,277.0,0.909,279.08
A0624,2025-05-12,14.0,168.16,230.3,335.0,0.909,337.38
A0625,2025-04-29,12.0,41.37,61.06,90.21,0.909,90.87
A0625,2025-04-30,12.0,53.47,79.7,118.55,0.909,119.44
A0625,2025-05-01,12.0,36.84,56.86,86.51,0.909,87.18
A0625,2025-05-02,12.0,46.03,68.56,101.92,0.909,102.68
A0625,2025-05-03,12.0,46.61,69.08,102.36,0.909,103.12
A0625,2025-05-04,12.0,43.75,66.15,99.34,0.909,100.09
A0625,2025-05-05,12.0,38.87,60.65,92.91,0.909,93.65
A0625,2025-05-06,12.0,41.01,60.64,89.7,0.909,90.36
A0625,2025-05-07,12.0,43.81,66.29,99.59,0.909,100.35
A0625,2025-05-08,12.0,45.88,68.04,100.85,0.909,101.6
A0625,2025-05-09,12.0,45.57,67.95,101.08,0.909,101.83
A0625,2025-05-10,12.0,47.31,69.81,103.14,0.909,103.9
A0625,2025-05-11,12.0,38.81,58.64,88.0,0.909,88.67
A0625,2025-05-12,12.0,45.18,68.58,103.23,0.909,104.02
A0626,2025-04-29,6.1,21.2,33.44,52.68,0.556,36.11
A0626,2025-04-30,6.1,28.98,40.59,58.85,0.556,43.13
A0626,2025-05-01,6.1,18.67,31.2,50.89,0.556,33.93
A0626,2025-05-02,6.1,24.74,39.15,61.79,0.556,42.3
A0626,2025-05-03,6.1,25.77,41.63,66.55,0.556,45.09
A0626,2025-05-04,6.1,22.8,32.67,48.18,0.556,34.83
A0626,2025-05-05,6.1,19.4,31.47,50.43,0.556,34.1
A0626,2025-05-06,6.1,20.76,32.97,52.16,0.556,35.64
A0626,2025-05-07,6.1,23.0,35.4,54.88,0.556,38.1
A0626,2025-05-08,6.1,24.58,38.84,61.25,0.556,41.95
A0626,2025-05-09,6.1,24.09,38.17,60.29,0.556,41.24
A0626,2025-05-10,6.1,26.52,42.6,67.85,0.556,46.1
A0626,2025-05-11,6.1,19.58,29.9,46.11,0.556,32.15
A0626,2025-05-12,6.1,23.68,36.9,57.67,0.556,39.78
A0627,2025-04-29,376.8,16.48,25.73,40.96,0.909,41.31
A0627,2025-04-30,376.8,20.39,30.24,46.46,0.909,46.83
A0627,2025-05-01,376.8,16.97,26.37,41.85,0.909,42.2
A0627,2025-05-02,376.8,21.72,32.45,50.12,0.909,50.52
A0627,2025-05-03,376.8,24.1,36.56,57.06,0.909,57.53
A0627,2025-05-04,376.8,15.81,22.45,33.4,0.909,33.65
A0627,2025-05-05,376.8,17.12,26.37,41.6,0.909,41.95
A0627,2025-05-06,376.8,17.15,26.22,41.16,0.909,41.5
A0627,2025-05-07,376.8,17.91,26.97,41.89,0.909,42.23
A0627,2025-05-08,376.8,20.58,30.46,46.73,0.909,47.1
A0627,2025-05-09,376.8,22.22,33.06,50.91,0.909,51.32
A0627,2025-05-10,376.8,23.53,35.41,54.99,0.909,55.43
A0627,2025-05-11,376.8,13.78,19.51,28.94,0.909,29.16
A0627,2025-05-12,376.8,19.68,29.8,46.46,0.909,46.84
A0628,2025-04-29,388.9,3.93,9.77,19.77,0.909,20.0
A0628,2025-04-30,388.9,7.2,13.39,24.0,0.909,24.24
A0628,2025-05-01,388.9,13.99,30.65,59.18,0.909,59.83
A0628,2025-05-02,388.9,19.98,43.03,82.53,0.909,83.42
A0628,2025-05-03,388.9,21.4,46.03,88.23,0.909,89.19
A0628,2025-05-04,388.9,19.32,39.48,74.01,0.909,74.79
A0628,2025-05-05,388.9,3.36,9.58,20.24,0.909,20.48
A0628,2025-05-06,388.9,3.09,8.98,19.08,0.909,19.31
A0628,2025-05-07,388.9,4.06,11.11,23.19,0.909,23.46
A0628,2025-05-08,388.9,4.72,11.4,22.85,0.909,23.11
A0628,2025-05-09,388.9,5.19,11.13,21.32,0.909,21.55
A0628,2025-05-10,388.9,5.59,13.45,26.91,0.909,27.22
A0628,2025-05-11,388.9,3.31,9.73,20.73,0.909,20.98
A0628,2025-05-12,388.9,4.6,11.45,23.19,0.909,23.46
A0629,2025-04-29,2.7,29.09,46.51,76.27,0.556,50.64
A0629,2025-04-30,2.7,33.46,50.96,80.85,0.556,55.11
A0629,2025-05-01,2.7,28.37,41.62,64.25,0.556,44.76
A0629,2025-05-02,2.7,37.68,56.31,88.15,0.556,60.74
A0629,2025-05-03,2.7,40.09,59.09,91.57,0.556,63.6
A0629,2025-05-04,2.7,30.22,43.35,65.78,0.556,46.46
A0629,2025-05-05,2.7,87.02,117.76,170.29,0.556,125.06
A0629,2025-05-06,2.7,96.36,133.99,198.29,0.556,142.92
A0629,2025-05-07,2.7,98.82,133.94,193.93,0.556,142.27
A0629,2025-05-08,2.7,33.45,50.06,78.44,0.556,54.0
A0629,2025-05-09,2.7,37.22,55.87,87.74,0.556,60.3
A0629,2025-05-10,2.7,37.4,56.32,88.64,0.556,60.8
A0629,2025-05-11,2.7,25.64,37.78,58.53,0.556,40.66
A0629,2025-05-12,2.7,36.86,54.1,83.55,0.556,58.19
A0630,2025-04-29,391.1,4.11,9.76,16.99,0.909,17.16
A0630,2025-04-30,391.1,6.53,12.5,20.14,0.909,20.31
A0630,2025-05-01,391.1,3.89,7.49,12.11,0.909,12.21
A0630,2025-05-02,391.1,5.26,11.02,18.38,0.909,18.55
A0630,2025-05-03,391.1,6.09,12.84,21.48,0.909,21.67
A0630,2025-05-04,391.1,4.98,10.4,17.32,0.909,17.48
A0630,2025-05-05,391.1,4.24,8.3,13.48,0.909,13.59
A0630,2025-05-06,391.1,4.19,9.89,17.18,0.909,17.35
A0630,2025-05-07,391.1,5.21,10.95,18.28,0.909,18.44
A0630,2025-05-08,391.1,5.25,11.03,18.42,0.909,18.59
A0630,2025-05-09,391.1,5.04,10.52,17.53,0.909,17.69
A0630,2025-05-10,391.1,6.46,13.48,22.45,0.909,22.66
A0630,2025-05-11,391.1,4.46,9.78,16.57,0.909,16.72
A0630,2025-05-12,391.1,5.06,10.87,18.31,0.909,18.48
A0631,2025-04-29,305.9,12.93,20.8,34.89,0.909,35.21
A0631,2025-04-30,305.9,21.82,34.15,56.24,0.909,56.74
A0631,2025-05-01,305.9,11.84,19.43,33.02,0.909,33.33
A0631,2025-05-02,305.9,17.13,28.04,47.58,0.909,48.02
A0631,2025-05-03,305.9,18.37,29.16,48.49,0.909,48.93
A0631,2025-05-04,305.9,14.77,23.56,39.31,0.909,39.66
A0631,2025-05-05,305.9,13.2,21.07,35.16,0.909,35.48
A0631,2025-05-06,305.9,13.09,20.89,34.85,0.909,35.17
A0631,2025-05-07,305.9,15.43,23.92,39.12,0.909,39.47
A0631,2025-05-08,305.9,16.87,26.97,45.06,0.909,45.47
A0631,2025-05-09,305.9,16.59,27.22,46.27,0.909,46.7
A0631,2025-05-10,305.9,18.87,29.78,49.3,0.909,49.74
A0631,2025-05-11,305.9,11.5,18.01,29.68,0.909,29.94
A0631,2025-05-12,305.9,16.24,25.77,42.84,0.909,43.23
A0632,2025-04-29,33.5,14.88,32.8,63.6,0.909,64.3
A0632,2025-04-30,33.5,19.48,41.42,79.14,0.909,80.0
A0632,2025-05-01,33.5,10.46,19.28,34.44,0.909,34.79
A0632,2025-05-02,33.5,14.97,26.46,46.21,0.909,46.66
A0632,2025-05-03,33.5,38.09,64.39,109.62,0.909,110.64
A0632,2025-05-04,33.5,30.63,58.85,107.36,0.909,108.46
A0632,2025-05-05,33.5,29.11,61.07,116.01,0.909,117.26
A0632,2025-05-06,33.5,29.9,55.66,99.94,0.909,100.95
A0632,2025-05-07,33.5,32.7,58.98,104.17,0.909,105.2
A0632,2025-05-08,33.5,32.42,57.11,99.56,0.909,100.53
A0632,2025-05-09,33.5,38.19,64.84,110.65,0.909,111.69
A0632,2025-05-10,33.5,14.4,26.13,46.29,0.909,46.74
A0632,2025-05-11,33.5,10.49,20.21,36.92,0.909,37.3
A0632,2025-05-12,33.5,13.12,24.26,43.43,0.909,43.86
A0633,2025-04-29,33.4,14.82,21.38,31.37,0.909,31.59
A0633,2025-04-30,33.4,20.96,32.19,49.25,0.909,49.64
A0633,2025-05-01,33.4,13.72,21.55,33.44,0.909,33.71
A0633,2025-05-02,33.4,19.27,29.12,44.11,0.909,44.45
A0633,2025-05-03,33.4,18.92,28.31,42.59,0.909,42.92
A0633,2025-05-04,33.4,16.36,25.7,39.89,0.909,40.22
A0633,2025-05-05,33.4,14.19,22.7,35.65,0.909,35.95
A0633,2025-05-06,33.4,14.83,21.47,31.58,0.909,31.81
A0633,2025-05-07,33.4,16.37,24.57,37.05,0.909,37.34
A0633,2025-05-08,33.4,18.47,26.77,39.39,0.909,39.68
A0633,2025-05-09,33.4,19.72,28.45,41.74,0.909,42.04
A0633,2025-05-10,33.4,19.83,30.14,45.81,0.909,46.17
A0633,2025-05-11,33.4,13.69,21.03,32.19,0.909,32.44
A0633,2025-05-12,33.4,17.56,25.44,37.42,0.909,37.69
A0634,2025-04-29,5.6,85.1,130.43,201.95,0.556,140.37
A0634,2025-04-30,5.6,107.28,160.62,244.76,0.556,172.31
A0634,2025-05-01,5.6,76.7,110.67,164.26,0.556,118.11
A0634,2025-05-02,5.6,102.53,157.1,243.19,0.556,169.06
A0634,2025-05-03,5.6,48.47,80.37,130.69,0.556,87.36
A0634,2025-05-04,5.6,42.46,70.71,115.27,0.556,76.9
A0634,2025-05-05,5.6,41.43,65.29,102.93,0.556,70.52
A0634,2025-05-06,5.6,46.33,74.5,118.93,0.556,80.67
A0634,2025-05-07,5.6,48.54,74.64,115.8,0.556,80.35
A0634,2025-05-08,5.6,54.2,84.03,131.08,0.556,90.56
A0634,2025-05-09,5.6,59.66,93.67,147.31,0.556,101.12
A0634,2025-05-10,5.6,59.78,91.85,142.44,0.556,98.87
A0634,2025-05-11,5.6,43.85,68.74,108.01,0.556,74.2
A0634,2025-05-12,5.6,55.08,85.56,133.64,0.556,92.24
A0635,2025-04-29,403.4,24.47,32.97,49.81,0.909,50.19
A0635,2025-04-30,403.4,34.72,46.89,70.98,0.909,71.53
A0635,2025-05-01,403.4,21.7,29.27,44.29,0.909,44.63
A0635,2025-05-02,403.4,29.65,39.31,58.45,0.909,58.88
A0635,2025-05-03,403.4,28.8,39.34,60.21,0.909,60.69
A0635,2025-05-04,403.4,27.85,37.42,56.38,0.909,56.82
A0635,2025-05-05,403.4,23.1,31.2,47.25,0.909,47.62
A0635,2025-05-06,403.4,24.75,33.35,50.38,0.909,50.77
A0635,2025-05-07,403.4,27.07,37.1,56.97,0.909,57.42
A0635,2025-05-08,403.4,28.46,37.65,55.88,0.909,56.29
A0635,2025-05-09,403.4,30.05,39.47,58.14,0.909,58.57
A0635,2025-05-10,403.4,29.72,40.71,62.49,0.909,62.99
A0635,2025-05-11,403.4,23.33,32.02,49.24,0.909,49.63
A0635,2025-05-12,403.4,26.72,35.55,53.04,0.909,53.43
A0636,2025-04-29,4.3,8.4,14.32,24.38,0.556,15.72
A0636,2025-04-30,4.3,13.22,19.84,31.08,0.556,21.4
A0636,2025-05-01,4.3,7.79,13.04,21.96,0.556,14.28
A0636,2025-05-02,4.3,11.22,19.77,34.3,0.556,21.79
A0636,2025-05-03,4.3,11.54,19.36,32.65,0.556,21.21
A0636,2025-05-04,4.3,9.75,14.71,23.14,0.556,15.88
A0636,2025-05-05,4.3,8.63,14.21,23.68,0.556,15.52
A0636,2025-05-06,4.3,8.47,14.43,24.55,0.556,15.83
A0636,2025-05-07,4.3,9.72,16.24,27.33,0.556,17.78
A0636,2025-05-08,4.3,10.06,16.9,28.52,0.556,18.51
A0636,2025-05-09,4.3,11.34,19.88,34.39,0.556,21.9
A0636,2025-05-10,4.3,12.01,19.94,33.4,0.556,21.81
A0636,2025-05-11,4.3,7.61,12.64,21.19,0.556,13.83
A0636,2025-05-12,4.3,37.55,55.49,85.97,0.556,59.72
A0637,2025-04-29,8.0,81.66,114.52,169.32,0.556,122.13
A0637,2025-04-30,8.0,98.85,136.04,198.08,0.556,144.66
A0637,2025-05-01,8.0,78.61,109.82,161.88,0.556,117.05
A0637,2025-05-02,8.0,100.15,141.61,210.77,0.556,151.21
A0637,2025-05-03,8.0,99.84,142.53,213.75,0.556,152.42
A0637,2025-05-04,8.0,83.1,113.99,165.51,0.556,121.14
A0637,2025-05-05,8.0,74.02,102.63,150.37,0.556,109.26
A0637,2025-05-06,8.0,82.54,115.55,170.61,0.556,123.2
A0637,2025-05-07,8.0,81.91,114.95,170.06,0.556,122.6
A0637,2025-05-08,8.0,95.8,134.67,199.51,0.556,143.67
A0637,2025-05-09,8.0,103.63,145.3,214.79,0.556,154.95
A0637,2025-05-10,8.0,99.34,142.11,213.44,0.556,152.01
A0637,2025-05-11,8.0,67.11,95.56,143.0,0.556,102.15
A0637,2025-05-12,8.0,89.62,124.07,181.52,0.556,132.05
A0638,2025-04-29,29.8,3.0,6.15,10.63,0.909,10.73
A0638,2025-04-30,29.8,4.52,9.22,15.89,0.909,16.04
A0638,2025-05-01,29.8,3.01,6.89,12.4,0.909,12.52
A0638,2025-05-02,29.8,3.94,8.56,15.11,0.909,15.26
A0638,2025-05-03,29.8,4.09,8.27,14.2,0.909,14.34
A0638,2025-05-04,29.8,3.1,6.31,10.87,0.909,10.98
A0638,2025-05-05,29.8,3.22,7.25,12.97,0.909,13.1
A0638,2025-05-06,29.8,3.23,6.49,11.12,0.909,11.23
A0638,2025-05-07,29.8,3.64,7.95,14.06,0.909,14.2
A0638,2025-05-08,29.8,3.87,7.86,13.53,0.909,13.66
A0638,2025-05-09,29.8,4.19,8.89,15.57,0.909,15.72
A0638,2025-05-10,29.8,4.47,8.89,15.18,0.909,15.32
A0638,2025-05-11,29.8,2.91,6.41,11.39,0.909,11.5
A0638,2025-05-12,29.8,3.71,7.57,13.06,0.909,13.19
A0639,2025-04-29,11.9,145.78,205.73,295.02,0.909,297.05
A0639,2025-04-30,11.9,191.17,258.97,359.96,0.909,362.25
A0639,2025-05-01,11.9,123.86,170.99,241.18,0.909,242.77
A0639,2025-05-02,11.9,167.2,231.91,328.28,0.909,330.47
A0639,2025-05-03,11.9,169.42,230.86,322.35,0.909,324.43
A0639,2025-05-04,11.9,165.62,225.72,315.24,0.909,317.27
A0639,2025-05-05,11.9,129.48,179.43,253.83,0.909,255.52
A0639,2025-05-06,11.9,144.19,204.42,294.12,0.909,296.16
A0639,2025-05-07,11.9,147.53,209.06,300.69,0.909,302.77
A0639,2025-05-08,11.9,156.39,222.64,321.31,0.909,323.55
A0639,2025-05-09,11.9,167.08,232.11,328.96,0.909,331.16
A0639,2025-05-10,11.9,168.31,229.8,321.37,0.909,323.46
A0639,2025-05-11,11.9,130.94,187.25,271.12,0.909,273.02
A0639,2025-05-12,11.9,157.36,224.19,323.71,0.909,325.98
A0640,2025-04-29,2.6,91.03,127.11,179.82,0.556,134.43
A0640,2025-04-30,2.6,109.67,155.46,222.35,0.556,164.75
A0640,2025-05-01,2.6,79.72,111.75,158.55,0.556,118.25
A0640,2025-05-02,2.6,98.55,136.99,193.17,0.556,144.8
A0640,2025-05-03,2.6,102.38,145.33,208.08,0.556,154.04
A0640,2025-05-04,2.6,81.97,114.67,162.46,0.556,121.31
A0640,2025-05-05,2.6,62.65,87.77,124.46,0.556,92.86
A0640,2025-05-06,2.6,66.29,93.63,133.57,0.556,99.17
A0640,2025-05-07,2.6,69.36,96.63,136.47,0.556,102.16
A0640,2025-05-08,2.6,75.45,104.48,146.9,0.556,110.37
A0640,2025-05-09,2.6,81.65,110.61,152.93,0.556,116.49
A0640,2025-05-10,2.6,83.49,116.25,164.1,0.556,122.89
A0640,2025-05-11,2.6,58.9,79.57,109.77,0.556,83.76
A0640,2025-05-12,2.6,79.16,107.42,148.71,0.556,113.15
A0641,2025-04-29,5.6,26.66,37.44,52.34,0.556,39.51
A0641,2025-04-30,5.6,38.52,52.29,71.29,0.556,54.92
A0641,2025-05-01,5.6,22.68,30.5,41.29,0.556,32.0
A0641,2025-05-02,5.6,33.22,45.7,62.94,0.556,48.09
A0641,2025-05-03,5.6,34.86,48.08,66.34,0.556,50.62
A0641,2025-05-04,5.6,29.54,38.89,51.79,0.556,40.68
A0641,2025-05-05,5.6,25.24,34.63,47.6,0.556,36.43
A0641,2025-05-06,5.6,27.99,38.88,53.9,0.556,40.96
A0641,2025-05-07,5.6,28.38,39.33,54.44,0.556,41.42
A0641,2025-05-08,5.6,29.45,39.31,52.91,0.556,41.2
A0641,2025-05-09,5.6,34.39,46.75,63.83,0.556,49.13
A0641,2025-05-10,5.6,35.12,48.5,66.98,0.556,51.07
A0641,2025-05-11,5.6,21.55,29.53,40.55,0.556,31.06
A0641,2025-05-12,5.6,29.82,40.82,56.01,0.556,42.93
A0642,2025-04-29,7.0,36.85,55.46,80.01,0.556,58.87
A0642,2025-04-30,7.0,48.42,70.97,100.69,0.556,75.1
A0642,2025-05-01,7.0,32.37,50.08,73.43,0.556,53.33
A0642,2025-05-02,7.0,43.73,66.34,96.16,0.556,70.49
A0642,2025-05-03,7.0,45.91,69.64,100.93,0.556,73.99
A0642,2025-05-04,7.0,38.98,57.14,81.08,0.556,60.46
A0642,2025-05-05,7.0,34.5,52.41,76.04,0.556,55.69
A0642,2025-05-06,7.0,36.83,55.64,80.44,0.556,59.09
A0642,2025-05-07,7.0,38.81,58.74,85.02,0.556,62.39
A0642,2025-05-08,7.0,41.61,63.56,92.49,0.556,67.57
A0642,2025-05-09,7.0,43.23,66.3,96.73,0.556,70.53
A0642,2025-05-10,7.0,45.59,69.32,100.6,0.556,73.66
A0642,2025-05-11,7.0,31.53,48.86,71.72,0.556,52.04
A0642,2025-05-12,7.0,39.81,60.69,88.22,0.556,64.52
A0643,2025-04-29,332.7,4.93,10.9,20.24,0.909,20.45
A0643,2025-04-30,332.7,6.02,15.04,29.16,0.909,29.48
A0643,2025-05-01,332.7,4.99,10.08,18.05,0.909,18.23
A0643,2025-05-02,332.7,6.4,13.41,24.4,0.909,24.65
A0643,2025-05-03,332.7,6.95,14.13,25.38,0.909,25.63
A0643,2025-05-04,332.7,3.31,8.8,17.4,0.909,17.59
A0643,2025-05-05,332.7,5.68,10.76,18.7,0.909,18.88
A0643,2025-05-06,332.7,5.36,11.25,20.46,0.909,20.67
A0643,2025-05-07,332.7,6.04,12.33,22.18,0.909,22.4
A0643,2025-05-08,332.7,6.43,12.45,21.87,0.909,22.09
A0643,2025-05-09,332.7,7.07,14.26,25.52,0.909,25.78
A0643,2025-05-10,332.7,7.41,14.23,24.91,0.909,25.15
A0643,2025-05-11,332.7,4.11,8.02,14.14,0.909,14.28
A0643,2025-05-12,332.7,7.25,13.36,22.92,0.909,23.14
A0644,2025-04-29,5.3,24.9,34.74,51.1,0.556,37.01
A0644,2025-04-30,5.3,33.59,46.4,67.72,0.556,49.36
A0644,2025-05-01,5.3,20.66,27.98,40.16,0.556,29.67
A0644,2025-05-02,5.3,30.64,43.48,64.84,0.556,46.45
A0644,2025-05-03,5.3,30.83,43.59,64.85,0.556,46.55
A0644,2025-05-04,5.3,27.42,37.77,55.0,0.556,40.16
A0644,2025-05-05,5.3,23.48,32.01,46.21,0.556,33.98
A0644,2025-05-06,5.3,24.61,34.32,50.49,0.556,36.57
A0644,2025-05-07,5.3,26.95,38.18,56.87,0.556,40.78
A0644,2025-05-08,5.3,28.33,40.13,59.77,0.556,42.86
A0644,2025-05-09,5.3,29.51,41.78,62.2,0.556,44.61
A0644,2025-05-10,5.3,31.71,44.84,66.7,0.556,47.88
A0644,2025-05-11,5.3,23.17,32.32,47.56,0.556,34.44
A0644,2025-05-12,5.3,27.9,39.3,58.27,0.556,41.94
A0645,2025-04-29,31.0,11.74,17.54,28.12,0.909,28.36
A0645,2025-04-30,31.0,17.22,24.12,36.71,0.909,37.0
A0645,2025-05-01,31.0,11.94,16.64,25.22,0.909,25.41
A0645,2025-05-02,31.0,15.88,23.04,36.12,0.909,36.42
A0645,2025-05-03,31.0,15.91,23.9,38.49,0.909,38.82
A0645,2025-05-04,31.0,12.4,17.78,27.61,0.909,27.83
A0645,2025-05-05,31.0,12.37,17.76,27.59,0.909,27.81
A0645,2025-05-06,31.0,12.01,17.78,28.33,0.909,28.57
A0645,2025-05-07,31.0,14.38,20.25,30.96,0.909,31.2
A0645,2025-05-08,31.0,14.75,21.76,34.56,0.909,34.85
A0645,2025-05-09,31.0,16.22,23.14,35.77,0.909,36.06
A0645,2025-05-10,31.0,16.18,24.53,39.77,0.909,40.12
A0645,2025-05-11,31.0,22.98,31.55,47.18,0.909,47.53
A0645,2025-05-12,31.0,32.13,43.81,65.13,0.909,65.62
A0646,2025-04-29,24.6,0.0,5.91,18.92,0.909,19.21
A0646,2025-04-30,24.6,0.5,10.18,29.37,0.909,29.81
A0646,2025-05-01,24.6,0.31,7.87,23.44,0.909,23.79
A0646,2025-05-02,24.6,0.55,8.62,25.34,0.909,25.72
A0646,2025-05-03,24.6,0.95,9.58,27.21,0.909,27.61
A0646,2025-05-04,24.6,3.09,18.34,44.25,0.909,44.84
A0646,2025-05-05,24.6,3.5,18.78,45.46,0.909,46.07
A0646,2025-05-06,24.6,3.35,18.48,44.31,0.909,44.89
A0646,2025-05-07,24.6,5.24,22.44,52.72,0.909,53.41
A0646,2025-05-08,24.6,5.74,23.23,55.7,0.909,56.44
A0646,2025-05-09,24.6,1.51,10.07,27.97,0.909,28.38
A0646,2025-05-10,24.6,2.3,11.8,31.39,0.909,31.83
A0646,2025-05-11,24.6,0.85,7.64,22.55,0.909,22.88
A0646,2025-05-12,24.6,1.97,10.94,29.54,0.909,29.96
A0647,2025-04-29,346.5,41.75,58.62,80.69,0.909,81.19
A0647,2025-04-30,346.5,57.01,83.56,118.32,0.909,119.11
A0647,2025-05-01,346.5,38.52,53.85,73.91,0.909,74.36
A0647,2025-05-02,346.5,49.3,69.52,95.98,0.909,96.58
A0647,2025-05-03,346.5,48.55,70.19,98.52,0.909,99.17
A0647,2025-05-04,346.5,47.72,68.5,95.7,0.909,96.32
A0647,2025-05-05,346.5,40.09,56.23,77.35,0.909,77.83
A0647,2025-05-06,346.5,41.67,58.78,81.18,0.909,81.69
A0647,2025-05-07,346.5,42.85,62.5,88.22,0.909,88.8
A0647,2025-05-08,346.5,47.54,67.65,93.96,0.909,94.56
A0647,2025-05-09,346.5,49.77,69.84,96.12,0.909,96.71
A0647,2025-05-10,346.5,49.47,72.03,101.57,0.909,102.24
A0647,2025-05-11,346.5,38.76,56.72,80.22,0.909,80.76
A0647,2025-05-12,346.5,45.78,64.46,88.91,0.909,89.47
A0648,2025-04-29,300.9,40.88,98.27,205.88,0.909,208.33
A0648,2025-04-30,300.9,65.74,148.58,312.66,0.909,316.39
A0648,2025-05-01,300.9,38.45,91.21,189.72,0.909,191.96
A0648,2025-05-02,300.9,56.33,127.38,262.3,0.909,265.37
A0648,2025-05-03,300.9,57.1,127.91,262.62,0.909,265.68
A0648,2025-05-04,300.9,51.96,119.46,248.56,0.909,251.49
A0648,2025-05-05,300.9,42.54,98.72,203.62,0.909,206.01
A0648,2025-05-06,300.9,44.48,103.06,212.28,0.909,214.76
A0648,2025-05-07,300.9,49.66,112.09,229.78,0.909,232.46
A0648,2025-05-08,300.9,52.16,117.78,242.73,0.909,245.57
A0648,2025-05-09,300.9,54.97,123.49,253.76,0.909,256.72
A0648,2025-05-10,300.9,57.15,126.9,259.65,0.909,262.67
A0648,2025-05-11,300.9,39.35,92.99,191.62,0.909,193.86
A0648,2025-05-12,300.9,48.21,109.61,225.18,0.909,227.81
A0649,2025-04-29,207.0,22.68,36.01,64.13,0.909,64.77
A0649,2025-04-30,207.0,28.8,41.95,69.7,0.909,70.33
A0649,2025-05-01,207.0,20.74,30.7,51.72,0.909,52.19
A0649,2025-05-02,207.0,26.69,40.73,70.34,0.909,71.02
A0649,2025-05-03,207.0,11.04,17.43,30.92,0.909,31.22
A0649,2025-05-04,207.0,7.98,12.8,22.96,0.909,23.19
A0649,2025-05-05,207.0,8.47,13.48,24.05,0.909,24.29
A0649,2025-05-06,207.0,10.71,16.74,29.47,0.909,29.76
A0649,2025-05-07,207.0,11.77,17.67,30.11,0.909,30.39
A0649,2025-05-08,207.0,12.93,19.15,32.26,0.909,32.56
A0649,2025-05-09,207.0,14.55,20.83,34.07,0.909,34.37
A0649,2025-05-10,207.0,14.44,20.88,34.46,0.909,34.77
A0649,2025-05-11,207.0,9.31,13.95,23.73,0.909,23.95
A0649,2025-05-12,207.0,12.46,18.53,31.34,0.909,31.63
A0650,2025-04-29,2.9,59.49,92.13,137.26,0.556,98.39
A0650,2025-04-30,2.9,84.3,122.68,175.79,0.556,130.06
A0650,2025-05-01,2.9,49.61,76.36,113.38,0.556,81.51
A0650,2025-05-02,2.9,66.12,102.29,152.31,0.556,109.24
A0650,2025-05-03,2.9,72.11,111.22,165.31,0.556,118.73
A0650,2025-05-04,2.9,64.18,92.37,131.36,0.556,97.78
A0650,2025-05-05,2.9,53.78,81.61,120.1,0.556,86.96
A0650,2025-05-06,2.9,57.87,90.58,135.83,0.556,96.87
A0650,2025-05-07,2.9,59.17,92.57,138.77,0.556,98.98
A0650,2025-05-08,2.9,64.49,100.64,150.65,0.556,107.59
A0650,2025-05-09,2.9,63.77,100.26,150.75,0.556,107.28
A0650,2025-05-10,2.9,72.76,111.65,165.44,0.556,119.12
A0650,2025-05-11,2.9,116.47,176.68,259.96,0.556,188.25
A0650,2025-05-12,2.9,168.71,249.62,361.54,0.556,265.17
A0651,2025-04-29,24.9,53.88,78.38,116.42,0.909,117.28
A0651,2025-04-30,24.9,69.68,116.91,190.25,0.909,191.91
A0651,2025-05-01,24.9,46.41,67.83,101.08,0.909,101.83
A0651,2025-05-02,24.9,34.39,54.18,84.9,0.909,85.6
A0651,2025-05-03,24.9,32.21,54.16,88.23,0.909,89.01
A0651,2025-05-04,24.9,29.03,50.59,84.07,0.909,84.83
A0651,2025-05-05,24.9,27.55,44.3,70.28,0.909,70.87
A0651,2025-05-06,24.9,27.93,40.52,60.06,0.909,60.51
A0651,2025-05-07,24.9,31.05,49.74,78.75,0.909,79.41
A0651,2025-05-08,24.9,34.73,53.4,82.38,0.909,83.04
A0651,2025-05-09,24.9,39.21,57.31,85.4,0.909,86.04
A0651,2025-05-10,24.9,37.72,62.85,101.88,0.909,102.77
A0651,2025-05-11,24.9,26.85,46.21,76.27,0.909,76.95
A0651,2025-05-12,24.9,32.69,53.6,86.06,0.909,86.79
A0652,2025-04-29,366.6,10.15,17.88,26.95,0.909,27.16
A0652,2025-04-30,366.6,12.65,31.21,53.01,0.909,53.51
A0652,2025-05-01,366.6,9.97,15.78,22.6,0.909,22.75
A0652,2025-05-02,366.6,12.73,22.2,33.31,0.909,33.56
A0652,2025-05-03,366.6,12.39,23.26,36.01,0.909,36.3
A0652,2025-05-04,366.6,12.01,21.99,33.71,0.909,33.97
A0652,2025-05-05,366.6,11.1,17.9,25.88,0.909,26.06
A0652,2025-05-06,366.6,10.36,18.09,27.17,0.909,27.37
A0652,2025-05-07,366.6,10.83,22.59,36.41,0.909,36.72
A0652,2025-05-08,366.6,12.5,22.93,35.16,0.909,35.44
A0652,2025-05-09,366.6,13.43,22.66,33.49,0.909,33.74
A0652,2025-05-10,366.6,13.51,25.64,39.88,0.909,40.21
A0652,2025-05-11,366.6,10.1,18.44,28.24,0.909,28.46
A0652,2025-05-12,366.6,12.93,21.28,31.1,0.909,31.32
A0653,2025-04-29,10.7,94.12,131.95,197.72,0.909,199.22
A0653,2025-04-30,10.7,118.27,168.01,254.51,0.909,256.48
A0653,2025-05-01,10.7,86.03,120.29,179.85,0.909,181.2
A0653,2025-05-02,10.7,99.17,143.78,221.35,0.909,223.11
A0653,2025-05-03,10.7,102.94,149.21,229.67,0.909,231.5
A0653,2025-05-04,10.7,95.61,135.87,205.87,0.909,207.46
A0653,2025-05-05,10.7,90.62,129.61,197.39,0.909,198.93
A0653,2025-05-06,10.7,94.83,132.28,197.4,0.909,198.88
A0653,2025-05-07,10.7,98.51,142.65,219.4,0.909,221.14
A0653,2025-05-08,10.7,105.88,151.16,229.89,0.909,231.68
A0653,2025-05-09,10.7,99.66,143.19,218.86,0.909,220.58
A0653,2025-05-10,10.7,102.88,149.45,230.4,0.909,232.24
A0653,2025-05-11,10.7,86.39,122.11,184.2,0.909,185.62
A0653,2025-05-12,10.7,104.52,151.5,233.19,0.909,235.05
A0654,2025-04-29,187.1,20.38,33.33,52.74,0.909,53.18
A0654,2025-04-30,187.1,25.79,40.07,61.5,0.909,61.99
A0654,2025-05-01,187.1,17.62,28.26,44.22,0.909,44.59
A0654,2025-05-02,187.1,22.39,36.4,57.41,0.909,57.89
A0654,2025-05-03,187.1,24.29,39.17,61.48,0.909,61.99
A0654,2025-05-04,187.1,19.07,30.32,47.18,0.909,47.56
A0654,2025-05-05,187.1,17.38,27.52,42.73,0.909,43.07
A0654,2025-05-06,187.1,20.27,33.12,52.39,0.909,52.83
A0654,2025-05-07,187.1,36.39,58.54,91.75,0.909,92.51
A0654,2025-05-08,187.1,36.69,58.9,92.19,0.909,92.95
A0654,2025-05-09,187.1,37.53,59.29,91.92,0.909,92.66
A0654,2025-05-10,187.1,33.62,54.13,84.89,0.909,85.58
A0654,2025-05-11,187.1,22.87,37.59,59.67,0.909,60.18
A0654,2025-05-12,187.1,28.55,45.18,70.12,0.909,70.68
A0655,2025-04-29,202.3,15.76,24.39,38.08,0.909,38.39
A0655,2025-04-30,202.3,22.55,33.57,51.03,0.909,51.42
A0655,2025-05-01,202.3,12.76,19.97,31.39,0.909,31.65
A0655,2025-05-02,202.3,18.22,27.81,42.99,0.909,43.33
A0655,2025-05-03,202.3,18.91,29.79,47.05,0.909,47.44
A0655,2025-05-04,202.3,16.06,24.45,37.74,0.909,38.04
A0655,2025-05-05,202.3,14.78,22.0,33.45,0.909,33.71
A0655,2025-05-06,202.3,14.8,23.51,37.32,0.909,37.63
A0655,2025-05-07,202.3,17.34,26.4,40.76,0.909,41.09
A0655,2025-05-08,202.3,16.95,26.57,41.82,0.909,42.16
A0655,2025-05-09,202.3,17.09,26.9,42.45,0.909,42.8
A0655,2025-05-10,202.3,19.81,30.6,47.69,0.909,48.08
A0655,2025-05-11,202.3,14.11,21.66,33.63,0.909,33.91
A0655,2025-05-12,202.3,17.44,26.32,40.38,0.909,40.7
A0656,2025-04-29,7.2,93.38,130.03,183.94,0.556,137.51
A0656,2025-04-30,7.2,114.62,157.54,220.7,0.556,166.31
A0656,2025-05-01,7.2,81.92,115.17,164.11,0.556,121.97
A0656,2025-05-02,7.2,111.63,153.73,215.67,0.556,162.33
A0656,2025-05-03,7.2,113.84,157.68,222.18,0.556,166.63
A0656,2025-05-04,7.2,96.64,135.23,192.01,0.556,143.12
A0656,2025-05-05,7.2,82.99,116.18,165.02,0.556,122.96
A0656,2025-05-06,7.2,93.57,130.92,185.9,0.556,138.56
A0656,2025-05-07,7.2,91.89,125.91,175.98,0.556,132.87
A0656,2025-05-08,7.2,103.73,144.5,204.5,0.556,152.84
A0656,2025-05-09,7.2,112.74,156.76,221.54,0.556,165.76
A0656,2025-05-10,7.2,113.55,156.99,220.9,0.556,165.86
A0656,2025-05-11,7.2,81.22,115.54,166.05,0.556,122.56
A0656,2025-05-12,7.2,101.81,141.87,200.82,0.556,150.06
A0657,2025-04-29,414.4,2.54,13.79,36.68,0.909,37.2
A0657,2025-04-30,414.4,6.83,25.46,63.91,0.909,64.79
A0657,2025-05-01,414.4,3.57,15.72,40.81,0.909,41.38
A0657,2025-05-02,414.4,7.06,25.69,61.6,0.909,62.41
A0657,2025-05-03,414.4,7.72,27.41,64.54,0.909,65.39
A0657,2025-05-04,414.4,6.82,25.01,60.46,0.909,61.26
A0657,2025-05-05,414.4,6.48,22.96,54.87,0.909,55.59
A0657,2025-05-06,414.4,5.65,21.52,51.63,0.909,52.31
A0657,2025-05-07,414.4,8.62,27.88,64.47,0.909,65.3
A0657,2025-05-08,414.4,9.23,29.5,68.54,0.909,69.42
A0657,2025-05-09,414.4,9.85,31.32,71.95,0.909,72.88
A0657,2025-05-10,414.4,11.51,34.77,78.82,0.909,79.82
A0657,2025-05-11,414.4,7.19,22.92,54.28,0.909,55.0
A0657,2025-05-12,414.4,8.61,27.39,63.74,0.909,64.57
A0658,2025-04-29,379.7,2.99,7.45,13.5,0.909,13.64
A0658,2025-04-30,379.7,5.24,11.19,19.26,0.909,19.45
A0658,2025-05-01,379.7,2.72,7.52,14.02,0.909,14.17
A0658,2025-05-02,379.7,4.61,10.14,17.64,0.909,17.81
A0658,2025-05-03,379.7,2.46,7.55,14.44,0.909,14.6
A0658,2025-05-04,379.7,1.66,5.07,9.69,0.909,9.8
A0658,2025-05-05,379.7,1.57,5.17,10.06,0.909,10.17
A0658,2025-05-06,379.7,1.72,5.66,11.02,0.909,11.14
A0658,2025-05-07,379.7,2.14,6.18,11.66,0.909,11.79
A0658,2025-05-08,379.7,2.27,7.0,13.4,0.909,13.55
A0658,2025-05-09,379.7,3.21,8.31,15.22,0.909,15.38
A0658,2025-05-10,379.7,3.0,7.83,14.38,0.909,14.53
A0658,2025-05-11,379.7,1.59,4.42,8.25,0.909,8.34
A0658,2025-05-12,379.7,2.56,6.7,12.3,0.909,12.43
A0659,2025-04-29,33.6,18.71,28.05,42.9,0.909,43.24
A0659,2025-04-30,33.6,26.66,42.6,67.94,0.909,68.51
A0659,2025-05-01,33.6,18.18,25.68,37.61,0.909,37.88
A0659,2025-05-02,33.6,25.67,37.8,57.07,0.909,57.51
A0659,2025-05-03,33.6,25.18,37.49,57.06,0.909,57.5
A0659,2025-05-04,33.6,20.8,31.42,48.3,0.909,48.68
A0659,2025-05-05,33.6,18.25,27.34,41.78,0.909,42.11
A0659,2025-05-06,33.6,20.06,29.32,44.05,0.909,44.39
A0659,2025-05-07,33.6,21.91,33.01,50.65,0.909,51.05
A0659,2025-05-08,33.6,23.58,34.34,51.44,0.909,51.83
A0659,2025-05-09,33.6,27.13,38.58,56.78,0.909,57.19
A0659,2025-05-10,33.6,25.49,38.56,59.34,0.909,59.81
A0659,2025-05-11,33.6,16.53,24.84,38.04,0.909,38.35
A0659,2025-05-12,33.6,22.6,33.44,50.68,0.909,51.07
A0660,2025-04-29,349.8,56.14,75.55,103.03,0.909,103.66
A0660,2025-04-30,349.8,78.78,100.34,130.87,0.909,131.56
A0660,2025-05-01,349.8,49.31,64.31,85.54,0.909,86.03
A0660,2025-05-02,349.8,67.06,89.57,121.44,0.909,122.16
A0660,2025-05-03,349.8,68.02,89.07,118.88,0.909,119.56
A0660,2025-05-04,349.8,66.25,83.55,108.05,0.909,108.61
A0660,2025-05-05,349.8,52.97,69.01,91.73,0.909,92.24
A0660,2025-05-06,349.8,56.83,76.4,104.11,0.909,104.74
A0660,2025-05-07,349.8,59.46,78.83,106.25,0.909,106.87
A0660,2025-05-08,349.8,62.84,83.35,112.39,0.909,113.05
A0660,2025-05-09,349.8,66.26,88.81,120.75,0.909,121.48
A0660,2025-05-10,349.8,194.82,244.41,314.63,0.909,316.23
A0660,2025-05-11,349.8,129.73,168.35,223.03,0.909,224.27
A0660,2025-05-12,349.8,172.06,217.27,281.29,0.909,282.74
A0661,2025-04-29,7.5,28.21,43.78,66.09,0.556,46.88
A0661,2025-04-30,7.5,40.67,58.88,84.98,0.556,62.51
A0661,2025-05-01,7.5,24.88,38.4,57.76,0.556,41.08
A0661,2025-05-02,7.5,34.49,52.75,78.91,0.556,56.38
A0661,2025-05-03,7.5,35.54,54.71,82.17,0.556,58.52
A0661,2025-05-04,7.5,31.46,47.33,70.07,0.556,50.49
A0661,2025-05-05,7.5,26.85,40.99,61.27,0.556,43.81
A0661,2025-05-06,7.5,28.68,44.11,66.22,0.556,47.18
A0661,2025-05-07,7.5,31.45,46.68,68.5,0.556,49.71
A0661,2025-05-08,7.5,33.57,50.99,75.96,0.556,54.46
A0661,2025-05-09,7.5,34.25,52.03,77.51,0.556,55.57
A0661,2025-05-10,7.5,36.58,56.0,83.83,0.556,59.87
A0661,2025-05-11,7.5,25.35,39.01,58.58,0.556,41.73
A0661,2025-05-12,7.5,31.67,48.27,72.06,0.556,51.57
A0662,2025-04-29,27.9,8.03,10.83,15.36,0.909,15.46
A0662,2025-04-30,27.9,10.99,16.66,25.83,0.909,26.04
A0662,2025-05-01,27.9,7.54,10.24,14.59,0.909,14.69
A0662,2025-05-02,27.9,10.97,14.09,19.13,0.909,19.25
A0662,2025-05-03,27.9,10.52,14.33,20.48,0.909,20.62
A0662,2025-05-04,27.9,9.06,11.18,14.61,0.909,14.69
A0662,2025-05-05,27.9,7.46,11.27,17.42,0.909,17.56
A0662,2025-05-06,27.9,7.98,10.75,15.22,0.909,15.32
A0662,2025-05-07,27.9,9.11,13.08,19.5,0.909,19.64
A0662,2025-05-08,27.9,10.37,12.84,16.83,0.909,16.92
A0662,2025-05-09,27.9,10.58,13.67,18.66,0.909,18.77
A0662,2025-05-10,27.9,11.31,15.01,20.99,0.909,21.12
A0662,2025-05-11,27.9,8.07,9.66,12.25,0.909,12.3
A0662,2025-05-12,27.9,9.21,12.92,18.9,0.909,19.04
A0663,2025-04-29,32.8,12.32,20.95,34.76,0.909,35.07
A0663,2025-04-30,32.8,18.1,28.36,44.75,0.909,45.12
A0663,2025-05-01,32.8,10.82,22.67,41.64,0.909,42.07
A0663,2025-05-02,32.8,17.0,27.86,45.23,0.909,45.62
A0663,2025-05-03,32.8,16.93,27.36,44.03,0.909,44.41
A0663,2025-05-04,32.8,13.91,24.47,41.37,0.909,41.75
A0663,2025-05-05,32.8,12.07,24.19,43.57,0.909,44.01
A0663,2025-05-06,32.8,12.2,21.11,35.37,0.909,35.69
A0663,2025-05-07,32.8,14.99,24.72,40.27,0.909,40.62
A0663,2025-05-08,32.8,15.39,27.06,45.72,0.909,46.14
A0663,2025-05-09,32.8,16.36,27.91,46.38,0.909,46.8
A0663,2025-05-10,32.8,18.3,28.73,45.4,0.909,45.78
A0663,2025-05-11,32.8,12.09,23.46,41.64,0.909,42.05
A0663,2025-05-12,32.8,14.6,26.59,45.77,0.909,46.21
A0664,2025-04-29,419.2,21.96,31.49,44.93,0.909,45.23
A0664,2025-04-30,419.2,30.24,43.87,63.1,0.909,63.53
A0664,2025-05-01,419.2,20.14,28.29,39.79,0.909,40.05
A0664,2025-05-02,419.2,25.56,37.0,53.14,0.909,53.5
A0664,2025-05-03,419.2,26.87,38.79,55.61,0.909,55.99
A0664,2025-05-04,419.2,24.8,35.23,49.94,0.909,50.27
A0664,2025-05-05,419.2,20.79,29.97,42.93,0.909,43.22
A0664,2025-05-06,419.2,22.33,31.76,45.05,0.909,45.35
A0664,2025-05-07,419.2,23.11,33.92,49.16,0.909,49.51
A0664,2025-05-08,419.2,25.44,35.59,49.9,0.909,50.23
A0664,2025-05-09,419.2,26.42,37.3,52.63,0.909,52.98
A0664,2025-05-10,419.2,27.76,40.23,57.82,0.909,58.22
A0664,2025-05-11,419.2,20.61,29.41,41.82,0.909,42.1
A0664,2025-05-12,419.2,24.38,34.47,48.7,0.909,49.02
A0665,2025-04-29,334.9,2.18,12.84,32.16,0.909,32.6
A0665,2025-04-30,334.9,4.89,20.01,47.05,0.909,47.67
A0665,2025-05-01,334.9,2.65,13.61,33.84,0.909,34.3
A0665,2025-05-02,334.9,4.33,18.36,43.19,0.909,43.75
A0665,2025-05-03,334.9,4.52,18.66,43.64,0.909,44.2
A0665,2025-05-04,334.9,3.46,16.1,38.96,0.909,39.48
A0665,2025-05-05,334.9,2.98,14.39,35.3,0.909,35.77
A0665,2025-05-06,334.9,2.85,14.21,34.81,0.909,35.28
A0665,2025-05-07,334.9,3.83,16.48,39.23,0.909,39.75
A0665,2025-05-08,334.9,4.16,17.42,41.33,0.909,41.88
A0665,2025-05-09,334.9,4.78,18.8,44.01,0.909,44.58
A0665,2025-05-10,334.9,5.3,19.86,45.95,0.909,46.55
A0665,2025-05-11,334.9,2.88,13.51,33.45,0.909,33.91
A0665,2025-05-12,334.9,3.84,16.52,39.48,0.909,40.0
A0666,2025-04-29,362.9,36.32,49.78,70.57,0.909,71.05
A0666,2025-04-30,362.9,56.84,80.13,116.13,0.909,116.95
A0666,2025-05-01,362.9,41.7,56.14,78.46,0.909,78.97
A0666,2025-05-02,362.9,52.69,72.65,103.51,0.909,104.21
A0666,2025-05-03,362.9,51.3,71.12,101.76,0.909,102.46
A0666,2025-05-04,362.9,36.53,49.93,70.65,0.909,71.12
A0666,2025-05-05,362.9,34.42,46.98,66.4,0.909,66.84
A0666,2025-05-06,362.9,34.85,48.49,69.57,0.909,70.05
A0666,2025-05-07,362.9,37.23,52.01,74.84,0.909,75.36
A0666,2025-05-08,362.9,40.49,55.24,78.04,0.909,78.56
A0666,2025-05-09,362.9,44.76,60.75,85.46,0.909,86.02
A0666,2025-05-10,362.9,44.71,60.81,85.7,0.909,86.26
A0666,2025-05-11,362.9,34.77,47.02,65.96,0.909,66.39
A0666,2025-05-12,362.9,40.76,55.32,77.82,0.909,78.33
A0667,2025-04-29,11.7,9.85,30.72,66.42,0.909,67.23
A0667,2025-04-30,11.7,13.96,39.08,83.15,0.909,84.15
A0667,2025-05-01,11.7,9.12,28.98,62.85,0.909,63.62
A0667,2025-05-02,11.7,13.22,37.12,78.72,0.909,79.66
A0667,2025-05-03,11.7,13.8,37.77,79.78,0.909,80.74
A0667,2025-05-04,11.7,10.95,32.63,70.27,0.909,71.12
A0667,2025-05-05,11.7,10.25,30.82,66.38,0.909,67.18
A0667,2025-05-06,11.7,11.08,32.17,68.93,0.909,69.76
A0667,2025-05-07,11.7,12.12,33.93,72.19,0.909,73.06
A0667,2025-05-08,11.7,13.04,36.06,76.51,0.909,77.43
A0667,2025-05-09,11.7,14.29,38.3,80.82,0.909,81.78
A0667,2025-05-10,11.7,14.79,38.99,81.94,0.909,82.92
A0667,2025-05-11,11.7,9.47,28.95,62.6,0.909,63.36
A0667,2025-05-12,11.7,13.06,35.77,75.82,0.909,76.73
A0668,2025-04-29,6.0,24.05,34.38,50.01,0.556,36.55
A0668,2025-04-30,6.0,30.29,42.01,59.74,0.556,44.48
A0668,2025-05-01,6.0,21.88,31.04,44.91,0.556,32.97
A0668,2025-05-02,6.0,29.54,41.48,59.54,0.556,43.99
A0668,2025-05-03,6.0,29.62,42.04,60.83,0.556,44.65
A0668,2025-05-04,6.0,24.47,34.82,50.47,0.556,36.99
A0668,2025-05-05,6.0,22.05,31.19,45.01,0.556,33.11
A0668,2025-05-06,6.0,23.6,33.92,49.55,0.556,36.09
A0668,2025-05-07,6.0,24.34,34.44,49.73,0.556,36.57
A0668,2025-05-08,6.0,27.39,38.92,56.37,0.556,41.35
A0668,2025-05-09,6.0,29.46,41.26,59.11,0.556,43.74
A0668,2025-05-10,6.0,29.26,41.77,60.71,0.556,44.4
A0668,2025-05-11,6.0,19.57,28.7,42.5,0.556,30.62
A0668,2025-05-12,6.0,25.9,36.84,53.38,0.556,39.13
A0669,2025-04-29,6.6,48.07,68.17,95.76,0.556,72.0
A0669,2025-04-30,6.6,58.1,80.23,110.62,0.556,84.45
A0669,2025-05-01,6.6,43.87,62.05,87.02,0.556,65.52
A0669,2025-05-02,6.6,58.38,81.73,113.78,0.556,86.18
A0669,2025-05-03,6.6,62.5,88.24,123.56,0.556,93.14
A0669,2025-05-04,6.6,47.92,67.06,93.34,0.556,70.71
A0669,2025-05-05,6.6,44.26,61.7,85.64,0.556,65.02
A0669,2025-05-06,6.6,48.1,68.27,95.97,0.556,72.12
A0669,2025-05-07,6.6,48.84,68.75,96.08,0.556,72.54
A0669,2025-05-08,6.6,55.11,78.16,109.8,0.556,82.55
A0669,2025-05-09,6.6,57.4,80.91,113.18,0.556,85.39
A0669,2025-05-10,6.6,62.42,88.17,123.53,0.556,93.08
A0669,2025-05-11,6.6,42.12,60.13,84.86,0.556,63.57
A0669,2025-05-12,6.6,51.77,72.43,100.8,0.556,76.37
A0670,2025-04-29,5.7,42.17,61.48,91.01,0.556,65.58
A0670,2025-04-30,5.7,53.06,80.09,121.45,0.556,85.84
A0670,2025-05-01,5.7,38.12,53.75,77.66,0.556,57.07
A0670,2025-05-02,5.7,50.07,73.07,108.26,0.556,77.96
A0670,2025-05-03,5.7,50.28,72.83,107.33,0.556,77.62
A0670,2025-05-04,5.7,43.4,64.26,96.16,0.556,68.69
A0670,2025-05-05,5.7,40.8,58.97,86.76,0.556,62.83
A0670,2025-05-06,5.7,42.5,61.69,91.04,0.556,65.77
A0670,2025-05-07,5.7,43.55,63.0,92.75,0.556,67.13
A0670,2025-05-08,5.7,46.78,66.7,97.16,0.556,70.93
A0670,2025-05-09,5.7,49.79,72.14,106.33,0.556,76.89
A0670,2025-05-10,5.7,50.99,74.13,109.52,0.556,79.04
A0670,2025-05-11,5.7,39.15,55.72,81.08,0.556,59.25
A0670,2025-05-12,5.7,45.8,66.58,98.37,0.556,71.0
A0671,2025-04-29,34.2,13.17,22.62,37.61,0.909,37.95
A0671,2025-04-30,34.2,19.7,39.66,71.31,0.909,72.03
A0671,2025-05-01,34.2,12.81,19.94,31.24,0.909,31.5
A0671,2025-05-02,34.2,18.21,32.0,53.85,0.909,54.35
A0671,2025-05-03,34.2,17.6,31.81,54.34,0.909,54.86
A0671,2025-05-04,34.2,15.33,27.95,47.95,0.909,48.41
A0671,2025-05-05,34.2,13.92,23.88,39.68,0.909,40.03
A0671,2025-05-06,34.2,13.39,22.97,38.16,0.909,38.5
A0671,2025-05-07,34.2,15.81,30.05,52.64,0.909,53.15
A0671,2025-05-08,34.2,17.45,28.97,47.23,0.909,47.65
A0671,2025-05-09,34.2,18.87,31.66,51.94,0.909,52.4
A0671,2025-05-10,34.2,18.55,34.9,60.82,0.909,61.41
A0671,2025-05-11,34.2,12.79,23.83,41.33,0.909,41.73
A0671,2025-05-12,34.2,16.45,27.95,46.18,0.909,46.6
A0672,2025-04-29,32.4,9.14,15.39,24.26,0.909,24.46
A0672,2025-04-30,32.4,13.75,23.1,36.37,0.909,36.67
A0672,2025-05-01,32.4,8.87,15.68,25.34,0.909,25.55
A0672,2025-05-02,32.4,12.42,21.77,35.05,0.909,35.35
A0672,2025-05-03,32.4,12.78,20.9,32.42,0.909,32.68
A0672,2025-05-04,32.4,10.65,17.29,26.72,0.909,26.93
A0672,2025-05-05,32.4,9.16,16.52,26.96,0.909,27.2
A0672,2025-05-06,32.4,9.52,15.96,25.1,0.909,25.3
A0672,2025-05-07,32.4,10.37,18.08,29.01,0.909,29.26
A0672,2025-05-08,32.4,11.91,19.5,30.27,0.909,30.51
A0672,2025-05-09,32.4,12.92,22.57,36.27,0.909,36.58
A0672,2025-05-10,32.4,13.21,21.87,34.16,0.909,34.44
A0672,2025-05-11,32.4,8.18,15.01,24.71,0.909,24.93
A0672,2025-05-12,32.4,11.39,18.79,29.29,0.909,29.53
A0673,2025-04-29,4.3,6.91,11.87,20.55,0.556,13.07
A0673,2025-04-30,4.3,9.44,18.13,33.35,0.556,20.24
A0673,2025-05-01,4.3,6.66,10.84,18.16,0.556,11.86
A0673,2025-05-02,4.3,8.99,15.1,25.79,0.556,16.58
A0673,2025-05-03,4.3,8.68,14.32,24.19,0.556,15.69
A0673,2025-05-04,4.3,6.37,12.08,22.07,0.556,13.47
A0673,2025-05-05,4.3,6.87,11.24,18.88,0.556,12.3
A0673,2025-05-06,4.3,7.18,12.15,20.85,0.556,13.36
A0673,2025-05-07,4.3,8.0,13.42,22.92,0.556,14.74
A0673,2025-05-08,4.3,9.04,14.68,24.56,0.556,16.05
A0673,2025-05-09,4.3,9.52,15.71,26.55,0.556,17.22
A0673,2025-05-10,4.3,9.06,14.63,24.39,0.556,15.99
A0673,2025-05-11,4.3,6.03,10.19,17.47,0.556,11.2
A0673,2025-05-12,4.3,9.13,14.56,24.07,0.556,15.88
A0674,2025-04-29,2.6,61.03,86.5,127.64,0.556,92.21
A0674,2025-04-30,2.6,84.54,112.84,158.58,0.556,119.2
A0674,2025-05-01,2.6,51.07,72.44,106.98,0.556,77.24
A0674,2025-05-02,2.6,65.48,93.71,139.32,0.556,100.05
A0674,2025-05-03,2.6,70.58,101.2,150.66,0.556,108.07
A0674,2025-05-04,2.6,60.78,83.63,120.54,0.556,88.75
A0674,2025-05-05,2.6,29.4,45.04,70.32,0.556,48.55
A0674,2025-05-06,2.6,33.15,50.56,78.7,0.556,54.47
A0674,2025-05-07,2.6,38.67,55.67,83.14,0.556,59.49
A0674,2025-05-08,2.6,41.42,60.23,90.62,0.556,64.45
A0674,2025-05-09,2.6,44.05,63.44,94.77,0.556,67.79
A0674,2025-05-10,2.6,49.38,70.2,103.85,0.556,74.88
A0674,2025-05-11,2.6,33.82,48.05,71.05,0.556,51.25
A0674,2025-05-12,2.6,44.77,63.64,94.12,0.556,67.87
A0675,2025-04-29,2.7,46.24,65.64,94.3,0.556,69.62
A0675,2025-04-30,2.7,62.52,93.36,138.9,0.556,99.68
A0675,2025-05-01,2.7,40.96,57.23,81.24,0.556,60.56
A0675,2025-05-02,2.7,53.28,73.49,103.33,0.556,77.64
A0675,2025-05-03,2.7,56.15,79.21,113.27,0.556,83.94
A0675,2025-05-04,2.7,45.28,66.03,96.67,0.556,70.29
A0675,2025-05-05,2.7,41.41,58.51,83.77,0.556,62.02
A0675,2025-05-06,2.7,46.91,66.28,94.89,0.556,70.26
A0675,2025-05-07,2.7,48.62,68.79,98.57,0.556,72.93
A0675,2025-05-08,2.7,51.28,71.43,101.18,0.556,75.56
A0675,2025-05-09,2.7,54.11,74.38,104.31,0.556,78.54
A0675,2025-05-10,2.7,54.57,77.46,111.28,0.556,82.16
A0675,2025-05-11,2.7,36.67,51.87,74.31,0.556,54.99
A0675,2025-05-12,2.7,49.88,69.96,99.61,0.556,74.07
A0676,2025-04-29,12.5,122.04,176.78,262.19,0.909,264.13
A0676,2025-04-30,12.5,156.75,236.76,361.62,0.909,364.45
A0676,2025-05-01,12.5,110.54,157.59,230.99,0.909,232.66
A0676,2025-05-02,12.5,133.46,192.25,284.0,0.909,286.09
A0676,2025-05-03,12.5,135.72,193.44,283.52,0.909,285.56
A0676,2025-05-04,12.5,131.85,197.86,300.86,0.909,303.2
A0676,2025-05-05,12.5,111.55,161.55,239.56,0.909,241.33
A0676,2025-05-06,12.5,120.42,174.63,259.24,0.909,261.16
A0676,2025-05-07,12.5,125.86,183.93,274.53,0.909,276.59
A0676,2025-05-08,12.5,134.52,192.79,283.71,0.909,285.77
A0676,2025-05-09,12.5,199.31,275.37,394.07,0.909,396.76
A0676,2025-05-10,12.5,205.22,282.59,403.32,0.909,406.07
A0676,2025-05-11,12.5,159.6,224.38,325.48,0.909,327.77
A0676,2025-05-12,12.5,119.83,178.74,270.67,0.909,272.76
A0677,2025-04-29,326.0,22.12,31.61,45.69,0.909,46.01
A0677,2025-04-30,326.0,30.04,45.88,69.37,0.909,69.91
A0677,2025-05-01,326.0,18.68,27.15,39.72,0.909,40.01
A0677,2025-05-02,326.0,25.79,37.34,54.48,0.909,54.87
A0677,2025-05-03,326.0,25.87,37.13,53.84,0.909,54.22
A0677,2025-05-04,326.0,24.26,35.42,51.98,0.909,52.36
A0677,2025-05-05,326.0,20.12,28.72,41.47,0.909,41.76
A0677,2025-05-06,326.0,21.8,31.54,46.0,0.909,46.33
A0677,2025-05-07,326.0,23.49,35.39,53.04,0.909,53.44
A0677,2025-05-08,326.0,24.42,35.69,52.4,0.909,52.78
A0677,2025-05-09,326.0,26.08,37.57,54.63,0.909,55.02
A0677,2025-05-10,326.0,26.7,38.32,55.55,0.909,55.94
A0677,2025-05-11,326.0,20.84,30.41,44.61,0.909,44.94
A0677,2025-05-12,326.0,24.12,34.44,49.76,0.909,50.11
A0678,2025-04-29,2.6,40.38,47.16,57.13,0.556,48.54
A0678,2025-04-30,2.6,52.51,59.88,70.7,0.556,61.38
A0678,2025-05-01,2.6,36.81,44.95,56.92,0.556,46.61
A0678,2025-05-02,2.6,47.64,54.71,65.1,0.556,56.15
A0678,2025-05-03,2.6,50.43,57.97,69.05,0.556,59.51
A0678,2025-05-04,2.6,40.86,46.12,53.85,0.556,47.19
A0678,2025-05-05,2.6,39.67,45.68,54.51,0.556,46.9
A0678,2025-05-06,2.6,40.51,47.25,57.17,0.556,48.63
A0678,2025-05-07,2.6,41.98,48.81,58.86,0.556,50.21
A0678,2025-05-08,2.6,46.17,54.57,66.93,0.556,56.29
A0678,2025-05-09,2.6,47.32,54.52,65.1,0.556,55.99
A0678,2025-05-10,2.6,49.78,56.95,67.5,0.556,58.42
A0678,2025-05-11,2.6,33.15,37.89,44.85,0.556,38.85
A0678,2025-05-12,2.6,45.03,51.49,61.0,0.556,52.81
A0679,2025-04-29,6.4,72.78,101.0,147.39,0.556,107.44
A0679,2025-04-30,6.4,95.33,125.41,174.86,0.556,132.28
A0679,2025-05-01,6.4,63.26,87.98,128.61,0.556,93.62
A0679,2025-05-02,6.4,88.17,123.84,182.48,0.556,131.98
A0679,2025-05-03,6.4,82.77,117.48,174.54,0.556,125.4
A0679,2025-05-04,6.4,80.66,106.66,149.42,0.556,112.6
A0679,2025-05-05,6.4,65.06,90.0,131.01,0.556,95.7
A0679,2025-05-06,6.4,70.66,99.22,146.18,0.556,105.75
A0679,2025-05-07,6.4,72.8,100.82,146.89,0.556,107.22
A0679,2025-05-08,6.4,80.13,111.52,163.14,0.556,118.69
A0679,2025-05-09,6.4,86.7,123.05,182.82,0.556,131.35
A0679,2025-05-10,6.4,84.49,119.2,176.25,0.556,127.12
A0679,2025-05-11,6.4,64.73,90.43,132.67,0.556,96.3
A0679,2025-05-12,6.4,78.2,109.01,159.67,0.556,116.05
A0680,2025-04-29,2.8,44.58,65.37,99.27,0.556,70.08
A0680,2025-04-30,2.8,53.3,76.77,115.05,0.556,82.09
A0680,2025-05-01,2.8,38.2,54.89,82.12,0.556,58.68
A0680,2025-05-02,2.8,46.96,66.46,98.26,0.556,70.88
A0680,2025-05-03,2.8,51.93,75.21,113.19,0.556,80.49
A0680,2025-05-04,2.8,41.16,60.15,91.12,0.556,64.45
A0680,2025-05-05,2.8,37.32,53.96,81.1,0.556,57.73
A0680,2025-05-06,2.8,44.89,65.44,98.95,0.556,70.09
A0680,2025-05-07,2.8,44.14,64.6,97.96,0.556,69.23
A0680,2025-05-08,2.8,49.71,71.22,106.3,0.556,76.09
A0680,2025-05-09,2.8,49.43,68.4,99.34,0.556,72.7
A0680,2025-05-10,2.8,52.89,76.32,114.53,0.556,81.63
A0680,2025-05-11,2.8,33.73,49.83,76.1,0.556,53.48
A0680,2025-05-12,2.8,48.95,69.42,102.8,0.556,74.05
A0681,2025-04-29,29.7,12.79,18.98,29.42,0.909,29.66
A0681,2025-04-30,29.7,19.82,28.25,42.46,0.909,42.78
A0681,2025-05-01,29.7,12.02,17.05,25.54,0.909,25.73
A0681,2025-05-02,29.7,17.48,25.21,38.24,0.909,38.54
A0681,2025-05-03,29.7,17.3,24.83,37.51,0.909,37.8
A0681,2025-05-04,29.7,15.01,21.84,33.36,0.909,33.62
A0681,2025-05-05,29.7,13.18,19.54,30.26,0.909,30.5
A0681,2025-05-06,29.7,13.19,19.18,29.29,0.909,29.52
A0681,2025-05-07,29.7,16.01,22.88,34.46,0.909,34.72
A0681,2025-05-08,29.7,16.56,22.91,33.62,0.909,33.87
A0681,2025-05-09,29.7,17.94,24.63,35.9,0.909,36.16
A0681,2025-05-10,29.7,18.39,26.64,40.54,0.909,40.86
A0681,2025-05-11,29.7,12.84,18.21,27.28,0.909,27.49
A0681,2025-05-12,29.7,15.74,22.5,33.88,0.909,34.14
A0682,2025-04-29,13.5,109.59,149.64,221.24,0.909,222.86
A0682,2025-04-30,13.5,136.48,189.88,285.36,0.909,287.53
A0682,2025-05-01,13.5,93.5,126.33,185.02,0.909,186.36
A0682,2025-05-02,13.5,120.29,163.16,239.82,0.909,241.56
A0682,2025-05-03,13.5,119.89,163.39,241.18,0.909,242.95
A0682,2025-05-04,13.5,119.11,164.71,246.23,0.909,248.08
A0682,2025-05-05,13.5,95.72,128.87,188.13,0.909,189.48
A0682,2025-05-06,13.5,110.34,150.57,222.5,0.909,224.13
A0682,2025-05-07,13.5,110.56,149.42,218.9,0.909,220.48
A0682,2025-05-08,13.5,120.82,165.55,245.54,0.909,247.36
A0682,2025-05-09,13.5,122.46,166.12,244.19,0.909,245.96
A0682,2025-05-10,13.5,120.23,163.36,240.49,0.909,242.24
A0682,2025-05-11,13.5,98.03,133.95,198.17,0.909,199.63
A0682,2025-05-12,13.5,120.95,164.02,241.03,0.909,242.78
A0683,2025-04-29,35.3,6.69,11.52,19.27,0.909,19.45
A0683,2025-04-30,35.3,10.31,18.03,30.41,0.909,30.7
A0683,2025-05-01,35.3,6.67,13.76,25.12,0.909,25.38
A0683,2025-05-02,35.3,9.59,16.78,28.3,0.909,28.56
A0683,2025-05-03,35.3,9.31,16.63,28.38,0.909,28.65
A0683,2025-05-04,35.3,7.8,14.14,24.29,0.909,24.52
A0683,2025-05-05,35.3,6.62,13.91,25.62,0.909,25.88
A0683,2025-05-06,35.3,6.79,11.71,19.6,0.909,19.78
A0683,2025-05-07,35.3,7.66,14.21,24.7,0.909,24.94
A0683,2025-05-08,35.3,9.0,15.42,25.72,0.909,25.95
A0683,2025-05-09,35.3,9.8,16.38,26.95,0.909,27.19
A0683,2025-05-10,35.3,9.78,17.84,30.77,0.909,31.06
A0683,2025-05-11,35.3,6.13,11.93,21.21,0.909,21.42
A0683,2025-05-12,35.3,8.14,14.19,23.9,0.909,24.12
A0684,2025-04-29,3.2,10.22,32.23,69.91,0.556,37.46
A0684,2025-04-30,3.2,15.71,43.32,92.05,0.556,50.09
A0684,2025-05-01,3.2,10.04,31.64,68.29,0.556,36.73
A0684,2025-05-02,3.2,15.18,41.72,88.18,0.556,48.18
A0684,2025-05-03,3.2,16.12,42.96,90.29,0.556,49.53
A0684,2025-05-04,3.2,11.74,35.11,75.26,0.556,40.68
A0684,2025-05-05,3.2,11.32,33.82,72.41,0.556,39.18
A0684,2025-05-06,3.2,30.95,74.42,149.63,0.556,84.87
A0684,2025-05-07,3.2,34.1,78.36,158.74,0.556,89.52
A0684,2025-05-08,3.2,34.47,79.37,163.09,0.556,91.0
A0684,2025-05-09,3.2,14.07,36.48,78.83,0.556,42.36
A0684,2025-05-10,3.2,15.13,38.79,82.8,0.556,44.9
A0684,2025-05-11,3.2,8.62,27.35,60.05,0.556,31.89
A0684,2025-05-12,3.2,13.63,37.29,79.35,0.556,43.13
A0685,2025-04-29,395.5,6.82,13.35,24.01,0.909,24.25
A0685,2025-04-30,395.5,9.33,16.56,28.36,0.909,28.63
A0685,2025-05-01,395.5,6.7,13.02,23.34,0.909,23.57
A0685,2025-05-02,395.5,9.09,17.07,30.07,0.909,30.37
A0685,2025-05-03,395.5,9.08,17.78,31.98,0.909,32.3
A0685,2025-05-04,395.5,7.47,14.17,25.1,0.909,25.34
A0685,2025-05-05,395.5,7.56,15.84,29.35,0.909,29.65
A0685,2025-05-06,395.5,6.5,13.0,23.61,0.909,23.85
A0685,2025-05-07,395.5,7.72,15.54,28.31,0.909,28.6
A0685,2025-05-08,395.5,8.39,15.65,27.5,0.909,27.77
A0685,2025-05-09,395.5,8.84,16.09,27.92,0.909,28.19
A0685,2025-05-10,395.5,9.83,19.47,35.19,0.909,35.55
A0685,2025-05-11,395.5,6.68,13.71,25.19,0.909,25.45
A0685,2025-05-12,395.5,8.39,16.48,29.7,0.909,30.0
A0686,2025-04-29,188.0,8.71,14.58,22.82,0.909,23.01
A0686,2025-04-30,188.0,11.79,20.02,31.57,0.909,31.83
A0686,2025-05-01,188.0,7.91,12.54,19.05,0.909,19.19
A0686,2025-05-02,188.0,11.29,17.69,26.66,0.909,26.86
A0686,2025-05-03,188.0,11.14,18.16,28.0,0.909,28.23
A0686,2025-05-04,188.0,9.02,14.75,22.79,0.909,22.97
A0686,2025-05-05,188.0,8.34,13.05,19.65,0.909,19.8
A0686,2025-05-06,188.0,8.85,14.73,22.98,0.909,23.17
A0686,2025-05-07,188.0,9.4,15.64,24.4,0.909,24.6
A0686,2025-05-08,188.0,10.04,16.05,24.49,0.909,24.69
A0686,2025-05-09,188.0,11.59,18.02,27.04,0.909,27.25
A0686,2025-05-10,188.0,11.34,18.33,28.15,0.909,28.37
A0686,2025-05-11,188.0,7.31,11.97,18.52,0.909,18.67
A0686,2025-05-12,188.0,9.67,15.42,23.5,0.909,23.68
A0687,2025-04-29,3.1,31.27,76.8,156.18,0.556,87.82
A0687,2025-04-30,3.1,46.97,106.51,213.74,0.556,121.4
A0687,2025-05-01,3.1,30.5,75.08,151.45,0.556,85.69
A0687,2025-05-02,3.1,43.62,99.18,198.21,0.556,112.94
A0687,2025-05-03,3.1,46.47,103.27,205.38,0.556,117.46
A0687,2025-05-04,3.1,37.27,88.09,177.15,0.556,100.46
A0687,2025-05-05,3.1,32.24,78.05,156.87,0.556,89.0
A0687,2025-05-06,3.1,35.52,83.51,167.18,0.556,95.13
A0687,2025-05-07,3.1,38.42,88.17,175.56,0.556,100.3
A0687,2025-05-08,3.1,42.65,96.75,192.86,0.556,110.09
A0687,2025-05-09,3.1,45.48,101.49,202.16,0.556,115.47
A0687,2025-05-10,3.1,47.74,104.84,207.94,0.556,119.16
A0687,2025-05-11,3.1,28.16,70.32,141.96,0.556,80.27
A0687,2025-05-12,3.1,41.28,93.84,186.96,0.556,106.77
A0688,2025-04-29,25.4,9.07,14.19,23.25,0.909,23.46
A0688,2025-04-30,25.4,6.28,12.88,24.55,0.909,24.82
A0688,2025-05-01,25.4,3.93,7.18,12.91,0.909,13.04
A0688,2025-05-02,25.4,6.16,11.49,20.9,0.909,21.12
A0688,2025-05-03,25.4,6.06,10.99,19.7,0.909,19.89
A0688,2025-05-04,25.4,4.92,10.04,19.11,0.909,19.31
A0688,2025-05-05,25.4,4.46,8.46,15.52,0.909,15.68
A0688,2025-05-06,25.4,4.11,7.92,14.65,0.909,14.8
A0688,2025-05-07,25.4,5.12,9.91,18.37,0.909,18.56
A0688,2025-05-08,25.4,5.75,10.2,18.07,0.909,18.25
A0688,2025-05-09,25.4,6.54,11.23,19.53,0.909,19.72
A0688,2025-05-10,25.4,6.76,12.38,22.32,0.909,22.54
A0688,2025-05-11,25.4,4.41,8.5,15.72,0.909,15.88
A0688,2025-05-12,25.4,5.56,9.81,17.32,0.909,17.5
A0689,2025-04-29,30.5,8.68,13.39,20.92,0.909,21.09
A0689,2025-04-30,30.5,12.99,19.83,30.74,0.909,30.99
A0689,2025-05-01,30.5,8.35,12.93,20.25,0.909,20.42
A0689,2025-05-02,30.5,11.51,17.22,26.35,0.909,26.56
A0689,2025-05-03,30.5,11.0,17.3,27.36,0.909,27.58
A0689,2025-05-04,30.5,10.04,15.2,23.45,0.909,23.64
A0689,2025-05-05,30.5,8.77,14.27,23.06,0.909,23.26
A0689,2025-05-06,30.5,8.51,13.19,20.68,0.909,20.85
A0689,2025-05-07,30.5,9.76,15.31,24.18,0.909,24.38
A0689,2025-05-08,30.5,10.8,16.36,25.24,0.909,25.44
A0689,2025-05-09,30.5,11.29,16.48,24.77,0.909,24.96
A0689,2025-05-10,30.5,11.63,18.46,29.38,0.909,29.63
A0689,2025-05-11,30.5,8.22,12.55,19.45,0.909,19.61
A0689,2025-05-12,30.5,9.82,15.55,24.7,0.909,24.91
A0690,2025-04-29,322.4,6.08,11.18,18.17,0.909,18.33
A0690,2025-04-30,322.4,9.21,15.13,23.25,0.909,23.44
A0690,2025-05-01,322.4,5.42,10.19,16.74,0.909,16.89
A0690,2025-05-02,322.4,7.87,13.98,22.36,0.909,22.55
A0690,2025-05-03,322.4,7.8,13.94,22.37,0.909,22.56
A0690,2025-05-04,322.4,6.72,11.58,18.25,0.909,18.4
A0690,2025-05-05,322.4,5.73,10.65,17.4,0.909,17.56
A0690,2025-05-06,322.4,5.93,11.09,18.17,0.909,18.33
A0690,2025-05-07,322.4,7.14,13.01,21.08,0.909,21.26
A0690,2025-05-08,322.4,7.16,13.24,21.59,0.909,21.78
A0690,2025-05-09,322.4,7.55,13.37,21.37,0.909,21.55
A0690,2025-05-10,322.4,8.17,14.59,23.4,0.909,23.6
A0690,2025-05-11,322.4,5.76,10.77,17.64,0.909,17.8
A0690,2025-05-12,322.4,6.82,12.51,20.32,0.909,20.5
A0691,2025-04-29,6.1,38.39,59.45,95.43,0.556,64.44
A0691,2025-04-30,6.1,58.99,82.71,123.24,0.556,88.34
A0691,2025-05-01,6.1,36.13,52.34,80.05,0.556,56.19
A0691,2025-05-02,6.1,48.24,74.24,118.66,0.556,80.41
A0691,2025-05-03,6.1,49.87,74.87,117.58,0.556,80.8
A0691,2025-05-04,6.1,49.73,70.8,106.78,0.556,75.79
A0691,2025-05-05,6.1,37.23,53.3,80.77,0.556,57.12
A0691,2025-05-06,6.1,40.11,60.97,96.63,0.556,65.93
A0691,2025-05-07,6.1,42.69,62.4,96.08,0.556,67.08
A0691,2025-05-08,6.1,47.42,70.91,111.05,0.556,76.49
A0691,2025-05-09,6.1,48.7,73.77,116.6,0.556,79.72
A0691,2025-05-10,6.1,51.9,77.3,120.69,0.556,83.33
A0691,2025-05-11,6.1,36.6,53.94,83.56,0.556,58.06
A0691,2025-05-12,6.1,46.38,67.86,104.55,0.556,72.95
A0692,2025-04-29,4.6,10.81,17.6,29.61,0.556,19.27
A0692,2025-04-30,4.6,16.84,25.32,40.34,0.556,27.41
A0692,2025-05-01,4.6,9.15,15.61,27.06,0.556,17.2
A0692,2025-05-02,4.6,13.44,21.77,36.52,0.556,23.82
A0692,2025-05-03,4.6,13.83,21.87,36.11,0.556,23.85
A0692,2025-05-04,4.6,22.0,32.17,50.17,0.556,34.67
A0692,2025-05-05,4.6,19.99,31.45,51.73,0.556,34.26
A0692,2025-05-06,4.6,20.79,33.09,54.85,0.556,36.11
A0692,2025-05-07,4.6,10.84,18.19,31.22,0.556,20.0
A0692,2025-05-08,4.6,10.62,18.47,32.37,0.556,20.4
A0692,2025-05-09,4.6,12.03,20.4,35.22,0.556,22.46
A0692,2025-05-10,4.6,13.22,21.23,35.39,0.556,23.19
A0692,2025-05-11,4.6,8.32,13.33,22.21,0.556,14.57
A0692,2025-05-12,4.6,12.94,20.32,33.4,0.556,22.14
A0693,2025-04-29,6.0,43.82,63.89,93.68,0.556,68.02
A0693,2025-04-30,6.0,56.25,77.83,109.86,0.556,82.27
A0693,2025-05-01,6.0,39.89,58.37,85.81,0.556,62.18
A0693,2025-05-02,6.0,52.91,78.03,115.34,0.556,83.21
A0693,2025-05-03,6.0,50.64,73.63,107.77,0.556,78.37
A0693,2025-05-04,6.0,46.26,64.29,91.04,0.556,68.0
A0693,2025-05-05,6.0,91.76,128.67,183.49,0.556,136.29
A0693,2025-05-06,6.0,96.86,137.07,196.77,0.556,145.36
A0693,2025-05-07,6.0,96.72,136.42,195.36,0.556,144.61
A0693,2025-05-08,6.0,102.14,145.76,210.54,0.556,154.76
A0693,2025-05-09,6.0,118.86,169.56,244.85,0.556,180.02
A0693,2025-05-10,6.0,115.18,160.71,228.3,0.556,170.09
A0693,2025-05-11,6.0,32.87,50.8,77.42,0.556,54.49
A0693,2025-05-12,6.0,44.13,65.85,98.11,0.556,70.33
A0694,2025-04-29,423.0,11.85,20.05,32.86,0.909,33.15
A0694,2025-04-30,423.0,17.15,28.1,45.21,0.909,45.59
A0694,2025-05-01,423.0,11.69,18.84,30.01,0.909,30.26
A0694,2025-05-02,423.0,15.07,24.29,38.69,0.909,39.02
A0694,2025-05-03,423.0,16.13,24.21,36.84,0.909,37.13
A0694,2025-05-04,423.0,14.03,22.1,34.7,0.909,34.99
A0694,2025-05-05,423.0,12.26,20.54,33.47,0.909,33.76
A0694,2025-05-06,423.0,12.24,20.51,33.44,0.909,33.73
A0694,2025-05-07,423.0,14.05,23.26,37.67,0.909,37.99
A0694,2025-05-08,423.0,14.93,24.09,38.42,0.909,38.74
A0694,2025-05-09,423.0,14.75,23.71,37.72,0.909,38.04
A0694,2025-05-10,423.0,16.59,25.1,38.41,0.909,38.71
A0694,2025-05-11,423.0,12.07,19.55,31.24,0.909,31.51
A0694,2025-05-12,423.0,13.6,22.89,37.4,0.909,37.73
A0695,2025-04-29,2.6,18.57,29.26,45.83,0.556,31.56
A0695,2025-04-30,2.6,25.43,38.79,59.48,0.556,41.66
A0695,2025-05-01,2.6,16.26,25.29,39.29,0.556,27.24
A0695,2025-05-02,2.6,21.99,34.09,52.84,0.556,36.7
A0695,2025-05-03,2.6,23.28,35.65,54.82,0.556,38.32
A0695,2025-05-04,2.6,18.58,28.63,44.19,0.556,30.79
A0695,2025-05-05,2.6,17.47,26.36,40.13,0.556,28.27
A0695,2025-05-06,2.6,18.18,28.88,45.46,0.556,31.18
A0695,2025-05-07,2.6,19.83,30.59,47.25,0.556,32.9
A0695,2025-05-08,2.6,21.11,33.09,51.63,0.556,35.66
A0695,2025-05-09,2.6,21.44,33.61,52.46,0.556,36.23
A0695,2025-05-10,2.6,23.64,35.89,54.88,0.556,38.53
A0695,2025-05-11,2.6,15.77,24.45,37.9,0.556,26.32
A0695,2025-05-12,2.6,20.8,31.58,48.29,0.556,33.9
A0696,2025-04-29,347.7,3.32,9.62,19.38,0.909,19.6
A0696,2025-04-30,347.7,7.5,13.97,23.99,0.909,24.22
A0696,2025-05-01,347.7,3.34,8.71,17.03,0.909,17.22
A0696,2025-05-02,347.7,5.84,12.53,22.89,0.909,23.12
A0696,2025-05-03,347.7,5.49,13.26,25.3,0.909,25.57
A0696,2025-05-04,347.7,4.5,9.34,16.86,0.909,17.03
A0696,2025-05-05,347.7,4.28,9.58,17.79,0.909,17.98
A0696,2025-05-06,347.7,3.26,9.5,19.17,0.909,19.39
A0696,2025-05-07,347.7,5.69,11.08,19.43,0.909,19.62
A0696,2025-05-08,347.7,4.99,11.57,21.77,0.909,22.0
A0696,2025-05-09,347.7,5.22,12.25,23.14,0.909,23.39
A0696,2025-05-10,347.7,6.23,13.47,24.69,0.909,24.94
A0696,2025-05-11,347.7,4.97,8.92,15.04,0.909,15.18
A0696,2025-05-12,347.7,5.56,12.27,22.66,0.909,22.89
A0697,2025-04-29,2.6,71.75,101.16,146.57,0.556,107.46
A0697,2025-04-30,2.6,88.93,124.71,179.97,0.556,132.39
A0697,2025-05-01,2.6,61.91,86.69,124.95,0.556,92.0
A0697,2025-05-02,2.6,83.72,118.21,171.48,0.556,125.61
A0697,2025-05-03,2.6,85.68,122.74,179.98,0.556,130.69
A0697,2025-05-04,2.6,72.68,103.48,151.05,0.556,110.09
A0697,2025-05-05,2.6,65.24,91.74,132.66,0.556,97.42
A0697,2025-05-06,2.6,72.72,102.01,147.25,0.556,108.3
A0697,2025-05-07,2.6,74.67,104.97,151.76,0.556,111.47
A0697,2025-05-08,2.6,82.29,115.02,165.55,0.556,122.03
A0697,2025-05-09,2.6,83.49,117.7,170.54,0.556,125.04
A0697,2025-05-10,2.6,87.8,124.91,182.22,0.556,132.87
A0697,2025-05-11,2.6,62.46,88.93,129.81,0.556,94.61
A0697,2025-05-12,2.6,79.83,113.03,164.31,0.556,120.15
A0698,2025-04-29,6.7,11.58,18.12,29.36,0.556,19.68
A0698,2025-04-30,6.7,15.69,25.08,41.21,0.556,27.32
A0698,2025-05-01,6.7,10.02,14.98,23.52,0.556,16.17
A0698,2025-05-02,6.7,15.09,22.49,35.21,0.556,24.26
A0698,2025-05-03,6.7,14.28,20.98,32.5,0.556,22.58
A0698,2025-05-04,6.7,11.78,19.16,31.84,0.556,20.92
A0698,2025-05-05,6.7,10.33,15.77,25.11,0.556,17.07
A0698,2025-05-06,6.7,11.68,18.14,29.25,0.556,19.69
A0698,2025-05-07,6.7,12.38,18.87,30.04,0.556,20.43
A0698,2025-05-08,6.7,13.59,20.5,32.37,0.556,22.15
A0698,2025-05-09,6.7,15.06,22.17,34.4,0.556,23.87
A0698,2025-05-10,6.7,14.81,21.63,33.35,0.556,23.26
A0698,2025-05-11,6.7,10.03,15.49,24.87,0.556,16.79
A0698,2025-05-12,6.7,12.69,19.42,31.0,0.556,21.03
A0699,2025-04-29,26.9,4.8,8.45,14.59,0.909,14.73
A0699,2025-04-30,26.9,7.43,13.46,23.59,0.909,23.82
A0699,2025-05-01,26.9,4.79,8.01,13.43,0.909,13.55
A0699,2025-05-02,26.9,6.08,10.19,17.09,0.909,17.25
A0699,2025-05-03,26.9,6.28,10.59,17.85,0.909,18.01
A0699,2025-05-04,26.9,5.66,10.13,17.66,0.909,17.83
A0699,2025-05-05,26.9,5.14,8.93,15.31,0.909,15.45
A0699,2025-05-06,26.9,4.81,8.47,14.61,0.909,14.75
A0699,2025-05-07,26.9,5.38,9.86,17.39,0.909,17.56
A0699,2025-05-08,26.9,6.15,10.3,17.3,0.909,17.46
A0699,2025-05-09,26.9,6.18,10.07,16.62,0.909,16.77
A0699,2025-05-10,26.9,6.73,11.33,19.06,0.909,19.24
A0699,2025-05-11,26.9,4.66,8.35,14.56,0.909,14.7
A0699,2025-05-12,26.9,6.02,10.25,17.36,0.909,17.53
A0700,2025-04-29,29.6,4.91,8.76,14.32,0.909,14.44
A0700,2025-04-30,29.6,6.97,13.46,22.84,0.909,23.05
A0700,2025-05-01,29.6,5.07,8.29,12.93,0.909,13.03
A0700,2025-05-02,29.6,7.29,12.32,19.58,0.909,19.74
A0700,2025-05-03,29.6,6.85,11.89,19.16,0.909,19.32
A0700,2025-05-04,29.6,5.26,10.2,17.33,0.909,17.49
A0700,2025-05-05,29.6,5.14,9.17,14.99,0.909,15.12
A0700,2025-05-06,29.6,4.94,8.78,14.31,0.909,14.44
A0700,2025-05-07,29.6,5.62,10.55,17.67,0.909,17.83
A0700,2025-05-08,29.6,6.38,10.83,17.24,0.909,17.39
A0700,2025-05-09,29.6,7.18,11.88,18.67,0.909,18.82
A0700,2025-05-10,29.6,7.06,12.47,20.26,0.909,20.44
A0700,2025-05-11,29.6,4.8,8.9,14.82,0.909,14.95
A0700,2025-05-12,29.6,5.66,10.31,17.02,0.909,17.18
A0701,2025-04-29,349.3,4.67,10.32,19.98,0.909,20.2
A0701,2025-04-30,349.3,7.5,14.06,25.26,0.909,25.52
A0701,2025-05-01,349.3,4.42,9.7,18.71,0.909,18.92
A0701,2025-05-02,349.3,6.32,13.53,25.84,0.909,26.12
A0701,2025-05-03,349.3,6.14,13.56,26.23,0.909,26.52
A0701,2025-05-04,349.3,5.41,10.65,19.58,0.909,19.78
A0701,2025-05-05,349.3,4.71,10.38,20.05,0.909,20.27
A0701,2025-05-06,349.3,4.57,10.42,20.4,0.909,20.63
A0701,2025-05-07,349.3,5.69,12.79,24.9,0.909,25.18
A0701,2025-05-08,349.3,6.01,13.2,25.47,0.909,25.75
A0701,2025-05-09,349.3,6.3,13.19,24.96,0.909,25.23
A0701,2025-05-10,349.3,6.82,14.98,28.92,0.909,29.24
A0701,2025-05-11,349.3,4.63,10.7,21.07,0.909,21.31
A0701,2025-05-12,349.3,5.68,11.98,22.74,0.909,22.98
A0702,2025-04-29,379.1,69.77,99.78,141.57,0.909,142.52
A0702,2025-04-30,379.1,89.27,126.34,177.97,0.909,179.15
A0702,2025-05-01,379.1,62.72,86.1,118.67,0.909,119.41
A0702,2025-05-02,379.1,81.39,113.81,158.98,0.909,160.0
A0702,2025-05-03,379.1,81.47,117.35,167.33,0.909,168.47
A0702,2025-05-04,379.1,70.75,101.02,143.2,0.909,144.16
A0702,2025-05-05,379.1,25.5,36.72,52.34,0.909,52.7
A0702,2025-05-06,379.1,28.01,41.28,59.76,0.909,60.18
A0702,2025-05-07,379.1,30.39,43.95,62.85,0.909,63.28
A0702,2025-05-08,379.1,35.15,48.95,68.18,0.909,68.62
A0702,2025-05-09,379.1,39.24,53.48,73.31,0.909,73.76
A0702,2025-05-10,379.1,38.53,54.62,77.03,0.909,77.54
A0702,2025-05-11,379.1,30.57,42.75,59.71,0.909,60.1
A0702,2025-05-12,379.1,36.8,50.2,68.87,0.909,69.29
A0703,2025-04-29,306.3,15.63,27.46,48.36,0.909,48.84
A0703,2025-04-30,306.3,19.11,33.83,59.84,0.909,60.43
A0703,2025-05-01,306.3,14.29,24.21,41.73,0.909,42.13
A0703,2025-05-02,306.3,21.32,34.42,57.58,0.909,58.11
A0703,2025-05-03,306.3,23.28,36.91,61.01,0.909,61.56
A0703,2025-05-04,306.3,13.95,23.94,41.59,0.909,41.99
A0703,2025-05-05,306.3,16.61,27.27,46.1,0.909,46.53
A0703,2025-05-06,306.3,18.39,29.94,50.35,0.909,50.82
A0703,2025-05-07,306.3,17.61,30.18,52.4,0.909,52.9
A0703,2025-05-08,306.3,19.59,32.38,54.99,0.909,55.5
A0703,2025-05-09,306.3,23.83,36.45,58.76,0.909,59.26
A0703,2025-05-10,306.3,24.05,37.56,61.44,0.909,61.99
A0703,2025-05-11,306.3,12.14,20.22,34.5,0.909,34.82
A0703,2025-05-12,306.3,20.25,33.15,55.93,0.909,56.45
A0704,2025-04-29,386.6,28.92,45.82,74.94,0.909,75.6
A0704,2025-04-30,386.6,40.6,73.83,131.04,0.909,132.34
A0704,2025-05-01,386.6,27.25,43.52,71.53,0.909,72.16
A0704,2025-05-02,386.6,17.82,30.23,51.58,0.909,52.07
A0704,2025-05-03,386.6,17.54,29.47,50.03,0.909,50.49
A0704,2025-05-04,386.6,16.36,28.93,50.57,0.909,51.06
A0704,2025-05-05,386.6,22.53,34.6,55.4,0.909,55.87
A0704,2025-05-06,386.6,22.13,33.35,52.66,0.909,53.1
A0704,2025-05-07,386.6,24.73,39.52,65.0,0.909,65.58
A0704,2025-05-08,386.6,25.09,40.43,66.84,0.909,67.44
A0704,2025-05-09,386.6,26.8,40.77,64.84,0.909,65.39
A0704,2025-05-10,386.6,27.57,42.49,68.18,0.909,68.76
A0704,2025-05-11,386.6,21.46,33.32,53.74,0.909,54.2
A0704,2025-05-12,386.6,16.35,28.57,49.61,0.909,50.08
A0705,2025-04-29,13.0,38.72,59.94,90.88,0.909,91.58
A0705,2025-04-30,13.0,48.2,75.31,114.82,0.909,115.71
A0705,2025-05-01,13.0,37.05,58.48,89.72,0.909,90.43
A0705,2025-05-02,13.0,44.58,70.91,109.29,0.909,110.16
A0705,2025-05-03,13.0,43.56,68.74,105.44,0.909,106.27
A0705,2025-05-04,13.0,38.99,61.68,94.76,0.909,95.51
A0705,2025-05-05,13.0,36.89,57.3,87.05,0.909,87.73
A0705,2025-05-06,13.0,38.4,59.86,91.14,0.909,91.85
A0705,2025-05-07,13.0,38.81,61.73,95.15,0.909,95.91
A0705,2025-05-08,13.0,43.95,68.45,104.16,0.909,104.97
A0705,2025-05-09,13.0,45.81,72.89,112.36,0.909,113.26
A0705,2025-05-10,13.0,43.28,68.25,104.65,0.909,105.48
A0705,2025-05-11,13.0,33.14,54.16,84.8,0.909,85.5
A0705,2025-05-12,13.0,42.07,64.71,97.7,0.909,98.45
A0706,2025-04-29,331.7,4.4,8.67,15.3,0.909,15.45
A0706,2025-04-30,331.7,7.03,13.72,24.12,0.909,24.36
A0706,2025-05-01,331.7,4.05,7.82,13.69,0.909,13.82
A0706,2025-05-02,331.7,5.62,10.34,17.69,0.909,17.86
A0706,2025-05-03,331.7,5.6,10.44,17.97,0.909,18.15
A0706,2025-05-04,331.7,5.26,10.1,17.62,0.909,17.79
A0706,2025-05-05,331.7,4.52,8.73,15.27,0.909,15.42
A0706,2025-05-06,331.7,4.18,8.57,15.41,0.909,15.57
A0706,2025-05-07,331.7,4.85,9.16,15.87,0.909,16.02
A0706,2025-05-08,331.7,5.1,10.35,18.52,0.909,18.7
A0706,2025-05-09,331.7,5.53,10.44,18.07,0.909,18.24
A0706,2025-05-10,331.7,5.98,10.98,18.75,0.909,18.92
A0706,2025-05-11,331.7,4.01,8.05,14.34,0.909,14.48
A0706,2025-05-12,331.7,5.07,10.2,18.19,0.909,18.37
A0707,2025-04-29,35.7,4.86,9.45,16.54,0.909,16.71
A0707,2025-04-30,35.7,9.63,15.47,24.5,0.909,24.7
A0707,2025-05-01,35.7,5.18,9.04,15.02,0.909,15.15
A0707,2025-05-02,35.7,6.35,13.62,24.86,0.909,25.12
A0707,2025-05-03,35.7,7.19,13.53,23.35,0.909,23.57
A0707,2025-05-04,35.7,7.54,11.86,18.55,0.909,18.7
A0707,2025-05-05,35.7,4.91,10.33,18.7,0.909,18.89
A0707,2025-05-06,35.7,5.01,9.63,16.77,0.909,16.93
A0707,2025-05-07,35.7,12.72,24.56,42.88,0.909,43.29
A0707,2025-05-08,35.7,13.74,24.59,41.37,0.909,41.75
A0707,2025-05-09,35.7,16.15,28.46,47.51,0.909,47.94
A0707,2025-05-10,35.7,18.34,31.08,50.79,0.909,51.23
A0707,2025-05-11,35.7,8.97,18.09,32.2,0.909,32.52
A0707,2025-05-12,35.7,4.42,10.85,20.8,0.909,21.03
A0708,2025-04-29,6.5,24.15,36.46,55.5,0.556,39.11
A0708,2025-04-30,6.5,34.2,48.96,71.77,0.556,52.12
A0708,2025-05-01,6.5,22.14,33.53,51.15,0.556,35.98
A0708,2025-05-02,6.5,28.24,43.05,65.96,0.556,46.23
A0708,2025-05-03,6.5,28.37,42.89,65.35,0.556,46.01
A0708,2025-05-04,6.5,27.28,39.07,57.31,0.556,41.6
A0708,2025-05-05,6.5,23.11,34.51,52.13,0.556,36.95
A0708,2025-05-06,6.5,24.06,36.38,55.43,0.556,39.03
A0708,2025-05-07,6.5,26.88,39.13,58.07,0.556,41.76
A0708,2025-05-08,6.5,28.95,43.0,64.74,0.556,46.02
A0708,2025-05-09,6.5,28.15,42.77,65.4,0.556,45.92
A0708,2025-05-10,6.5,29.94,44.68,67.46,0.556,47.84
A0708,2025-05-11,6.5,23.3,33.67,49.71,0.556,35.9
A0708,2025-05-12,6.5,28.13,41.15,61.28,0.556,43.94
A0709,2025-04-29,316.9,17.56,29.56,47.98,0.909,48.4
A0709,2025-04-30,316.9,29.33,46.08,71.78,0.909,72.37
A0709,2025-05-01,316.9,15.35,24.99,39.78,0.909,40.12
A0709,2025-05-02,316.9,22.99,37.32,59.31,0.909,59.81
A0709,2025-05-03,316.9,25.35,39.93,62.29,0.909,62.8
A0709,2025-05-04,316.9,24.52,37.71,57.95,0.909,58.41
A0709,2025-05-05,316.9,17.83,28.49,44.86,0.909,45.23
A0709,2025-05-06,316.9,19.14,31.31,49.99,0.909,50.41
A0709,2025-05-07,316.9,22.5,36.28,57.43,0.909,57.91
A0709,2025-05-08,316.9,23.21,36.83,57.74,0.909,58.22
A0709,2025-05-09,316.9,22.45,36.6,58.31,0.909,58.8
A0709,2025-05-10,316.9,27.01,42.33,65.83,0.909,66.37
A0709,2025-05-11,316.9,19.72,32.1,51.1,0.909,51.53
A0709,2025-05-12,316.9,21.26,33.97,53.46,0.909,53.9
A0710,2025-04-29,27.9,0.0,5.09,17.58,0.909,17.87
A0710,2025-04-30,27.9,0.68,9.61,28.5,0.909,28.93
A0710,2025-05-01,27.9,0.28,6.43,20.81,0.909,21.14
A0710,2025-05-02,27.9,1.4,10.39,29.3,0.909,29.73
A0710,2025-05-03,27.9,1.89,11.6,31.57,0.909,32.02
A0710,2025-05-04,27.9,1.28,9.98,28.28,0.909,28.7
A0710,2025-05-05,27.9,1.54,10.26,28.47,0.909,28.88
A0710,2025-05-06,27.9,1.48,10.05,27.81,0.909,28.22
A0710,2025-05-07,27.9,2.5,12.98,33.61,0.909,34.08
A0710,2025-05-08,27.9,2.89,14.25,36.55,0.909,37.06
A0710,2025-05-09,27.9,3.64,16.27,40.48,0.909,41.03
A0710,2025-05-10,27.9,4.28,17.83,43.38,0.909,43.96
A0710,2025-05-11,27.9,2.05,11.28,29.92,0.909,30.34
A0710,2025-05-12,27.9,2.89,14.35,36.33,0.909,36.83
A0711,2025-04-29,5.1,17.99,26.27,39.67,0.556,28.13
A0711,2025-04-30,5.1,24.14,34.85,52.19,0.556,37.26
A0711,2025-05-01,5.1,15.97,23.19,34.89,0.556,24.81
A0711,2025-05-02,5.1,22.48,32.5,48.71,0.556,34.75
A0711,2025-05-03,5.1,21.5,31.02,46.44,0.556,33.16
A0711,2025-05-04,5.1,19.75,28.75,43.34,0.556,30.78
A0711,2025-05-05,5.1,17.21,25.17,38.07,0.556,26.96
A0711,2025-05-06,5.1,17.64,25.87,39.21,0.556,27.72
A0711,2025-05-07,5.1,18.8,27.05,40.42,0.556,28.91
A0711,2025-05-08,5.1,20.39,29.25,43.6,0.556,31.24
A0711,2025-05-09,5.1,21.74,31.23,46.58,0.556,33.36
A0711,2025-05-10,5.1,22.3,32.15,48.12,0.556,34.37
A0711,2025-05-11,5.1,16.15,23.29,34.84,0.556,24.89
A0711,2025-05-12,5.1,20.37,29.36,43.91,0.556,31.38
A0712,2025-04-29,348.7,8.25,14.46,24.48,0.909,24.71
A0712,2025-04-30,348.7,12.16,20.28,33.38,0.909,33.68
A0712,2025-05-01,348.7,7.68,13.64,23.25,0.909,23.47
A0712,2025-05-02,348.7,10.03,17.57,29.74,0.909,30.02
A0712,2025-05-03,348.7,11.07,19.7,33.61,0.909,33.92
A0712,2025-05-04,348.7,9.07,15.07,24.74,0.909,24.96
A0712,2025-05-05,348.7,8.33,15.45,26.93,0.909,27.19
A0712,2025-05-06,348.7,8.19,14.45,24.54,0.909,24.77
A0712,2025-05-07,348.7,10.08,17.73,30.08,0.909,30.37
A0712,2025-05-08,348.7,10.0,17.35,29.2,0.909,29.47
A0712,2025-05-09,348.7,9.58,16.76,28.34,0.909,28.6
A0712,2025-05-10,348.7,11.91,21.21,36.2,0.909,36.54
A0712,2025-05-11,348.7,8.11,14.13,23.85,0.909,24.07
A0712,2025-05-12,348.7,12.19,21.57,36.7,0.909,37.05
A0713,2025-04-29,5.7,32.33,46.31,67.19,0.556,49.21
A0713,2025-04-30,5.7,40.06,56.17,80.23,0.556,59.51
A0713,2025-05-01,5.7,28.66,43.34,65.25,0.556,46.38
A0713,2025-05-02,5.7,38.81,57.2,84.65,0.556,61.01
A0713,2025-05-03,5.7,39.56,60.46,91.67,0.556,64.8
A0713,2025-05-04,5.7,33.06,47.54,69.16,0.556,50.54
A0713,2025-05-05,5.7,59.33,84.05,120.97,0.556,89.18
A0713,2025-05-06,5.7,57.72,83.09,120.99,0.556,88.36
A0713,2025-05-07,5.7,60.6,88.73,130.74,0.556,94.57
A0713,2025-05-08,5.7,63.45,98.46,150.74,0.556,105.72
A0713,2025-05-09,5.7,32.76,51.26,78.88,0.556,55.09
A0713,2025-05-10,5.7,37.11,58.09,89.42,0.556,62.44
A0713,2025-05-11,5.7,28.39,42.8,64.33,0.556,45.79
A0713,2025-05-12,5.7,35.7,52.04,76.45,0.556,55.43
A0714,2025-04-29,6.5,46.21,63.71,94.16,0.556,67.94
A0714,2025-04-30,6.5,60.25,79.06,111.79,0.556,83.61
A0714,2025-05-01,6.5,43.08,58.66,85.78,0.556,62.43
A0714,2025-05-02,6.5,56.56,76.76,111.9,0.556,81.64
A0714,2025-05-03,6.5,60.95,81.11,116.18,0.556,85.98
A0714,2025-05-04,6.5,50.86,66.76,94.4,0.556,70.6
A0714,2025-05-05,6.5,45.42,60.53,86.82,0.556,64.18
A0714,2025-05-06,6.5,48.59,66.22,96.89,0.556,70.48
A0714,2025-05-07,6.5,50.43,67.53,97.28,0.556,71.66
A0714,2025-05-08,6.5,54.86,74.21,107.87,0.556,78.88
A0714,2025-05-09,6.5,57.7,78.16,113.75,0.556,83.1
A0714,2025-05-10,6.5,61.31,81.51,116.64,0.556,86.39
A0714,2025-05-11,6.5,44.13,59.39,85.94,0.556,63.08
A0714,2025-05-12,6.5,54.01,71.61,102.22,0.556,75.86
A0715,2025-04-29,35.7,43.7,58.22,83.79,0.909,84.37
A0715,2025-04-30,35.7,61.86,86.3,129.34,0.909,130.32
A0715,2025-05-01,35.7,39.63,53.75,78.62,0.909,79.18
A0715,2025-05-02,35.7,55.18,75.77,112.02,0.909,112.84
A0715,2025-05-03,35.7,52.79,73.22,109.22,0.909,110.03
A0715,2025-05-04,35.7,49.37,66.3,96.12,0.909,96.8
A0715,2025-05-05,35.7,42.52,57.95,85.13,0.909,85.75
A0715,2025-05-06,35.7,43.32,58.13,84.2,0.909,84.8
A0715,2025-05-07,35.7,47.2,67.58,103.48,0.909,104.29
A0715,2025-05-08,35.7,51.35,71.71,107.54,0.909,108.36
A0715,2025-05-09,35.7,54.03,74.2,109.72,0.909,110.53
A0715,2025-05-10,35.7,54.53,76.76,115.92,0.909,116.81
A0715,2025-05-11,35.7,40.54,57.12,86.32,0.909,86.98
A0715,2025-05-12,35.7,47.64,65.61,97.24,0.909,97.96
A0716,2025-04-29,35.1,26.92,38.66,58.25,0.909,58.69
A0716,2025-04-30,35.1,39.29,53.21,76.43,0.909,76.96
A0716,2025-05-01,35.1,35.12,52.12,80.49,0.909,81.13
A0716,2025-05-02,35.1,47.17,72.87,115.74,0.909,116.71
A0716,2025-05-03,35.1,46.23,70.9,112.04,0.909,112.98
A0716,2025-05-04,35.1,40.55,62.83,100.01,0.909,100.85
A0716,2025-05-05,35.1,35.59,56.07,90.23,0.909,91.0
A0716,2025-05-06,35.1,34.72,52.9,83.23,0.909,83.92
A0716,2025-05-07,35.1,26.06,38.33,58.81,0.909,59.27
A0716,2025-05-08,35.1,29.22,43.33,66.86,0.909,67.4
A0716,2025-05-09,35.1,32.09,47.96,74.43,0.909,75.03
A0716,2025-05-10,35.1,33.37,50.85,80.0,0.909,80.66
A0716,2025-05-11,35.1,24.67,38.62,61.89,0.909,62.42
A0716,2025-05-12,35.1,30.62,44.91,68.75,0.909,69.29
A0717,2025-04-29,5.2,49.83,74.63,113.86,0.556,80.08
A0717,2025-04-30,5.2,69.07,99.47,147.54,0.556,106.15
A0717,2025-05-01,5.2,43.07,60.33,87.61,0.556,64.12
A0717,2025-05-02,5.2,61.11,92.1,141.1,0.556,98.9
A0717,2025-05-03,5.2,64.38,93.3,139.02,0.556,99.65
A0717,2025-05-04,5.2,58.94,83.38,122.03,0.556,88.75
A0717,2025-05-05,5.2,43.89,60.38,86.46,0.556,64.0
A0717,2025-05-06,5.2,52.82,78.25,118.46,0.556,83.83
A0717,2025-05-07,5.2,53.32,78.16,117.43,0.556,83.61
A0717,2025-05-08,5.2,58.26,86.36,130.81,0.556,92.54
A0717,2025-05-09,5.2,63.7,96.41,148.14,0.556,103.6
A0717,2025-05-10,5.2,66.1,94.74,140.04,0.556,101.03
A0717,2025-05-11,5.2,46.05,68.82,104.84,0.556,73.82
A0717,2025-05-12,5.2,55.86,81.18,121.22,0.556,86.75
A0718,2025-04-29,178.5,34.29,48.69,70.93,0.909,71.43
A0718,2025-04-30,178.5,44.15,63.86,94.29,0.909,94.98
A0718,2025-05-01,178.5,30.23,43.22,63.28,0.909,63.74
A0718,2025-05-02,178.5,25.9,39.07,59.42,0.909,59.88
A0718,2025-05-03,178.5,27.85,42.82,65.93,0.909,66.46
A0718,2025-05-04,178.5,23.46,34.09,50.49,0.909,50.87
A0718,2025-05-05,178.5,21.53,31.45,46.77,0.909,47.11
A0718,2025-05-06,178.5,23.79,34.93,52.11,0.909,52.5
A0718,2025-05-07,178.5,25.17,37.05,55.4,0.909,55.81
A0718,2025-05-08,178.5,27.05,39.27,58.15,0.909,58.58
A0718,2025-05-09,178.5,28.32,41.97,63.05,0.909,63.53
A0718,2025-05-10,178.5,30.06,44.87,67.74,0.909,68.26
A0718,2025-05-11,178.5,20.94,30.44,45.1,0.909,45.43
A0718,2025-05-12,178.5,26.02,37.67,55.64,0.909,56.05
A0719,2025-04-29,6.3,22.31,34.1,49.51,0.556,36.24
A0719,2025-04-30,6.3,30.59,49.19,73.48,0.556,52.57
A0719,2025-05-01,6.3,19.82,30.56,44.59,0.556,32.51
A0719,2025-05-02,6.3,27.48,42.76,62.72,0.556,45.53
A0719,2025-05-03,6.3,26.5,40.42,58.59,0.556,42.94
A0719,2025-05-04,6.3,23.54,37.37,55.42,0.556,39.87
A0719,2025-05-05,6.3,20.95,32.14,46.75,0.556,34.17
A0719,2025-05-06,6.3,22.56,34.34,49.73,0.556,36.48
A0719,2025-05-07,6.3,23.61,36.2,52.64,0.556,38.48
A0719,2025-05-08,6.3,25.43,38.74,56.12,0.556,41.15
A0719,2025-05-09,6.3,27.82,42.98,62.78,0.556,45.73
A0719,2025-05-10,6.3,26.78,40.8,59.11,0.556,43.34
A0719,2025-05-11,6.3,19.56,30.06,43.78,0.556,31.97
A0719,2025-05-12,6.3,24.79,37.68,54.52,0.556,40.02
A0720,2025-04-29,180.4,37.72,54.1,76.14,0.909,76.64
A0720,2025-04-30,180.4,51.83,74.3,104.54,0.909,105.22
A0720,2025-05-01,180.4,33.65,48.09,67.53,0.909,67.97
A0720,2025-05-02,180.4,45.18,63.4,87.92,0.909,88.48
A0720,2025-05-03,180.4,46.69,66.45,93.04,0.909,93.65
A0720,2025-05-04,180.4,40.23,55.91,77.02,0.909,77.5
A0720,2025-05-05,180.4,35.13,49.11,67.93,0.909,68.36
A0720,2025-05-06,180.4,38.1,54.47,76.51,0.909,77.01
A0720,2025-05-07,180.4,40.91,58.53,82.25,0.909,82.79
A0720,2025-05-08,180.4,42.54,59.78,82.98,0.909,83.5
A0720,2025-05-09,180.4,45.11,63.4,88.03,0.909,88.59
A0720,2025-05-10,180.4,46.1,65.75,92.2,0.909,92.8
A0720,2025-05-11,180.4,32.64,45.84,63.6,0.909,64.0
A0720,2025-05-12,180.4,40.52,56.44,77.87,0.909,78.36
A0721,2025-04-29,12.2,60.07,86.14,121.05,0.909,121.84
A0721,2025-04-30,12.2,78.31,101.07,131.55,0.909,132.25
A0721,2025-05-01,12.2,57.11,83.03,117.75,0.909,118.53
A0721,2025-05-02,12.2,65.67,93.55,130.88,0.909,131.72
A0721,2025-05-03,12.2,68.02,97.16,136.19,0.909,137.08
A0721,2025-05-04,12.2,66.25,88.4,118.05,0.909,118.73
A0721,2025-05-05,12.2,59.91,86.12,121.22,0.909,122.01
A0721,2025-05-06,12.2,58.14,84.15,119.0,0.909,119.79
A0721,2025-05-07,12.2,62.56,85.4,116.0,0.909,116.69
A0721,2025-05-08,12.2,66.46,92.46,127.28,0.909,128.07
A0721,2025-05-09,12.2,62.85,90.56,127.67,0.909,128.52
A0721,2025-05-10,12.2,69.5,98.7,137.81,0.909,138.7
A0721,2025-05-11,12.2,56.66,78.7,108.22,0.909,108.89
A0721,2025-05-12,12.2,67.19,93.39,128.47,0.909,129.26
A0722,2025-04-29,2.5,81.03,111.86,158.44,0.556,118.33
A0722,2025-04-30,2.5,107.25,142.52,195.8,0.556,149.92
A0722,2025-05-01,2.5,72.98,100.74,142.67,0.556,106.57
A0722,2025-05-02,2.5,92.35,127.12,179.65,0.556,134.42
A0722,2025-05-03,2.5,98.21,133.7,187.3,0.556,141.14
A0722,2025-05-04,2.5,82.14,109.65,151.2,0.556,115.42
A0722,2025-05-05,2.5,76.16,105.09,148.78,0.556,111.16
A0722,2025-05-06,2.5,79.85,110.74,157.39,0.556,117.22
A0722,2025-05-07,2.5,83.77,114.28,160.35,0.556,120.68
A0722,2025-05-08,2.5,91.44,123.73,172.5,0.556,130.5
A0722,2025-05-09,2.5,90.29,125.45,178.56,0.556,132.83
A0722,2025-05-10,2.5,95.76,130.77,183.64,0.556,138.11
A0722,2025-05-11,2.5,66.42,91.3,128.87,0.556,96.51
A0722,2025-05-12,2.5,88.08,120.58,169.68,0.556,127.4
A0723,2025-04-29,5.0,12.09,18.3,25.79,0.556,19.34
A0723,2025-04-30,5.0,16.34,22.94,30.91,0.556,24.05
A0723,2025-05-01,5.0,10.97,16.69,23.59,0.556,17.64
A0723,2025-05-02,5.0,15.81,22.21,29.94,0.556,23.28
A0723,2025-05-03,5.0,16.17,22.31,29.71,0.556,23.33
A0723,2025-05-04,5.0,11.83,16.98,23.2,0.556,17.85
A0723,2025-05-05,5.0,11.51,17.4,24.49,0.556,18.38
A0723,2025-05-06,5.0,12.37,18.79,26.54,0.556,19.87
A0723,2025-05-07,5.0,13.26,19.54,27.11,0.556,20.59
A0723,2025-05-08,5.0,14.26,19.76,26.39,0.556,20.68
A0723,2025-05-09,5.0,16.25,23.31,31.83,0.556,24.49
A0723,2025-05-10,5.0,47.05,52.95,60.07,0.556,53.94
A0723,2025-05-11,5.0,26.02,31.54,38.21,0.556,32.47
A0723,2025-05-12,5.0,39.41,45.4,52.64,0.556,46.41
A0724,2025-04-29,31.0,7.83,12.84,20.13,0.909,20.3
A0724,2025-04-30,31.0,13.09,22.07,35.14,0.909,35.44
A0724,2025-05-01,31.0,7.55,12.69,20.18,0.909,20.35
A0724,2025-05-02,31.0,10.38,16.62,25.69,0.909,25.9
A0724,2025-05-03,31.0,10.48,16.36,24.93,0.909,25.13
A0724,2025-05-04,31.0,10.12,16.21,25.08,0.909,25.28
A0724,2025-05-05,31.0,8.01,13.23,20.83,0.909,21.01
A0724,2025-05-06,31.0,7.47,12.48,19.77,0.909,19.94
A0724,2025-05-07,31.0,8.58,13.87,21.58,0.909,21.75
A0724,2025-05-08,31.0,9.57,15.41,23.93,0.909,24.12
A0724,2025-05-09,31.0,10.41,16.52,25.42,0.909,25.62
A0724,2025-05-10,31.0,11.01,17.08,25.93,0.909,26.13
A0724,2025-05-11,31.0,7.52,11.88,18.22,0.909,18.36
A0724,2025-05-12,31.0,9.38,14.88,22.88,0.909,23.06
A0725,2025-04-29,5.1,31.55,46.12,70.23,0.556,49.47
A0725,2025-04-30,5.1,43.67,60.91,89.45,0.556,64.88
A0725,2025-05-01,5.1,27.1,37.81,55.55,0.556,40.28
A0725,2025-05-02,5.1,39.65,58.61,89.97,0.556,62.96
A0725,2025-05-03,5.1,39.3,56.67,85.43,0.556,60.67
A0725,2025-05-04,5.1,33.42,46.42,67.93,0.556,49.41
A0725,2025-05-05,5.1,29.03,40.35,59.07,0.556,42.95
A0725,2025-05-06,5.1,31.24,45.79,69.87,0.556,49.13
A0725,2025-05-07,5.1,33.53,48.39,72.98,0.556,51.81
A0725,2025-05-08,5.1,36.04,51.65,77.48,0.556,55.24
A0725,2025-05-09,5.1,38.8,57.52,88.5,0.556,61.82
A0725,2025-05-10,5.1,39.73,57.23,86.2,0.556,61.26
A0725,2025-05-11,5.1,26.48,37.85,56.65,0.556,40.46
A0725,2025-05-12,5.1,35.46,51.01,76.75,0.556,54.59
A0726,2025-04-29,35.7,11.65,18.66,29.82,0.909,30.08
A0726,2025-04-30,35.7,16.82,32.4,57.21,0.909,57.77
A0726,2025-05-01,35.7,10.73,19.4,33.2,0.909,33.52
A0726,2025-05-02,35.7,15.48,27.07,45.51,0.909,45.93
A0726,2025-05-03,35.7,15.37,26.36,43.86,0.909,44.25
A0726,2025-05-04,35.7,14.32,24.7,41.23,0.909,41.6
A0726,2025-05-05,35.7,11.42,21.56,37.69,0.909,38.06
A0726,2025-05-06,35.7,11.55,18.72,30.14,0.909,30.4
A0726,2025-05-07,35.7,12.79,23.81,41.35,0.909,41.75
A0726,2025-05-08,35.7,14.26,24.8,41.58,0.909,41.96
A0726,2025-05-09,35.7,15.65,26.74,44.39,0.909,44.79
A0726,2025-05-10,35.7,16.46,28.75,48.3,0.909,48.75
A0726,2025-05-11,35.7,10.91,20.03,34.54,0.909,34.87
A0726,2025-05-12,35.7,13.47,23.72,40.04,0.909,40.41
A0727,2025-04-29,5.1,61.39,86.19,129.03,0.556,92.14
A0727,2025-04-30,5.1,84.65,116.26,170.87,0.556,123.85
A0727,2025-05-01,5.1,53.33,76.22,115.76,0.556,81.71
A0727,2025-05-02,5.1,76.35,111.56,172.41,0.556,120.01
A0727,2025-05-03,5.1,80.26,115.72,177.0,0.556,124.24
A0727,2025-05-04,5.1,64.88,88.54,129.42,0.556,94.22
A0727,2025-05-05,5.1,55.73,78.82,118.71,0.556,84.36
A0727,2025-05-06,5.1,61.93,86.69,129.46,0.556,92.63
A0727,2025-05-07,5.1,67.69,95.26,142.9,0.556,101.88
A0727,2025-05-08,5.1,71.14,102.08,155.54,0.556,109.5
A0727,2025-05-09,5.1,74.91,109.36,168.87,0.556,117.62
A0727,2025-05-10,5.1,81.31,117.31,179.52,0.556,125.95
A0727,2025-05-11,5.1,51.13,72.15,108.48,0.556,77.2
A0727,2025-05-12,5.1,67.83,96.9,147.11,0.556,103.87
A0728,2025-04-29,3.0,72.34,100.22,152.33,0.556,107.46
A0728,2025-04-30,3.0,98.28,133.35,198.92,0.556,142.46
A0728,2025-05-01,3.0,60.68,83.96,127.49,0.556,90.01
A0728,2025-05-02,3.0,82.51,113.56,171.59,0.556,121.62
A0728,2025-05-03,3.0,89.75,120.49,177.97,0.556,128.48
A0728,2025-05-04,3.0,78.01,104.87,155.07,0.556,111.84
A0728,2025-05-05,3.0,66.56,90.46,135.15,0.556,96.67
A0728,2025-05-06,3.0,72.62,100.38,152.28,0.556,107.59
A0728,2025-05-07,3.0,72.76,98.75,147.35,0.556,105.5
A0728,2025-05-08,3.0,79.31,108.99,164.47,0.556,116.7
A0728,2025-05-09,3.0,80.09,110.86,168.39,0.556,118.85
A0728,2025-05-10,3.0,89.67,120.45,177.98,0.556,128.44
A0728,2025-05-11,3.0,60.27,81.79,122.04,0.556,87.38
A0728,2025-05-12,3.0,76.81,104.99,157.69,0.556,112.31
A0729,2025-04-29,382.1,45.64,62.31,89.69,0.909,90.31
A0729,2025-04-30,382.1,61.56,82.16,115.96,0.909,116.73
A0729,2025-05-01,382.1,41.82,57.87,84.23,0.909,84.83
A0729,2025-05-02,382.1,53.73,72.59,103.56,0.909,104.26
A0729,2025-05-03,382.1,55.69,73.95,103.92,0.909,104.6
A0729,2025-05-04,382.1,49.78,65.49,91.29,0.909,91.88
A0729,2025-05-05,382.1,43.7,58.92,83.91,0.909,84.48
A0729,2025-05-06,382.1,44.81,61.55,89.02,0.909,89.65
A0729,2025-05-07,382.1,48.48,66.42,95.87,0.909,96.54
A0729,2025-05-08,382.1,50.57,68.45,97.8,0.909,98.46
A0729,2025-05-09,382.1,52.37,71.26,102.26,0.909,102.96
A0729,2025-05-10,382.1,55.89,74.42,104.84,0.909,105.53
A0729,2025-05-11,382.1,42.02,56.75,80.92,0.909,81.47
A0729,2025-05-12,382.1,64.77,87.15,123.88,0.909,124.72
A0730,2025-04-29,5.0,30.85,45.75,70.51,0.556,49.19
A0730,2025-04-30,5.0,42.23,60.88,91.88,0.556,65.19
A0730,2025-05-01,5.0,28.29,40.6,61.05,0.556,43.44
A0730,2025-05-02,5.0,38.71,57.55,88.86,0.556,61.9
A0730,2025-05-03,5.0,37.91,55.61,85.02,0.556,59.69
A0730,2025-05-04,5.0,34.65,50.19,76.01,0.556,53.77
A0730,2025-05-05,5.0,31.43,45.93,70.02,0.556,49.27
A0730,2025-05-06,5.0,31.25,46.27,71.22,0.556,49.73
A0730,2025-05-07,5.0,33.95,49.26,74.69,0.556,52.79
A0730,2025-05-08,5.0,36.32,52.54,79.5,0.556,56.29
A0730,2025-05-09,5.0,38.3,57.11,88.36,0.556,61.45
A0730,2025-05-10,5.0,39.4,57.45,87.44,0.556,61.61
A0730,2025-05-11,5.0,31.01,45.03,68.33,0.556,48.27
A0730,2025-05-12,5.0,36.83,53.96,82.42,0.556,57.91
A0731,2025-04-29,7.2,212.51,299.24,433.78,0.556,317.93
A0731,2025-04-30,7.2,285.82,383.49,534.99,0.556,404.53
A0731,2025-05-01,7.2,178.6,248.06,355.8,0.556,263.02
A0731,2025-05-02,7.2,255.37,371.92,552.71,0.556,397.03
A0731,2025-05-03,7.2,263.97,376.31,550.58,0.556,400.52
A0731,2025-05-04,7.2,230.12,314.31,444.91,0.556,332.45
A0731,2025-05-05,7.2,173.73,240.68,344.54,0.556,255.1
A0731,2025-05-06,7.2,207.99,294.66,429.12,0.556,313.34
A0731,2025-05-07,7.2,209.76,299.28,438.13,0.556,318.56
A0731,2025-05-08,7.2,235.42,341.18,505.23,0.556,363.96
A0731,2025-05-09,7.2,252.45,367.97,547.16,0.556,392.86
A0731,2025-05-10,7.2,260.1,373.09,548.36,0.556,397.44
A0731,2025-05-11,7.2,164.43,242.49,363.57,0.556,259.3
A0731,2025-05-12,7.2,222.61,317.02,463.46,0.556,337.36
A0732,2025-04-29,7.2,10.43,21.76,39.25,0.556,24.19
A0732,2025-04-30,7.2,14.98,29.09,50.85,0.556,32.11
A0732,2025-05-01,7.2,9.72,19.97,35.76,0.556,22.16
A0732,2025-05-02,7.2,13.96,27.67,48.81,0.556,30.6
A0732,2025-05-03,7.2,13.02,28.45,52.26,0.556,31.76
A0732,2025-05-04,7.2,10.23,21.63,39.21,0.556,24.07
A0732,2025-05-05,7.2,10.1,20.54,36.64,0.556,22.78
A0732,2025-05-06,7.2,10.56,21.95,39.52,0.556,24.39
A0732,2025-05-07,7.2,11.6,23.25,41.22,0.556,25.75
A0732,2025-05-08,7.2,12.62,26.4,47.66,0.556,29.35
A0732,2025-05-09,7.2,13.9,27.71,49.0,0.556,30.66
A0732,2025-05-10,7.2,13.43,28.91,52.79,0.556,32.23
A0732,2025-05-11,7.2,8.93,19.09,34.76,0.556,21.27
A0732,2025-05-12,7.2,12.04,24.91,44.75,0.556,27.66
A0733,2025-04-29,407.0,33.32,48.82,72.42,0.909,72.95
A0733,2025-04-30,407.0,45.07,63.58,91.75,0.909,92.39
A0733,2025-05-01,407.0,28.93,42.83,63.99,0.909,64.47
A0733,2025-05-02,407.0,39.2,57.06,84.24,0.909,84.86
A0733,2025-05-03,407.0,39.76,58.14,86.11,0.909,86.75
A0733,2025-05-04,407.0,35.78,51.58,75.62,0.909,76.17
A0733,2025-05-05,407.0,30.67,45.12,67.11,0.909,67.61
A0733,2025-05-06,407.0,33.55,49.15,72.89,0.909,73.43
A0733,2025-05-07,407.0,34.67,50.96,75.76,0.909,76.33
A0733,2025-05-08,407.0,36.84,54.63,81.71,0.909,82.33
A0733,2025-05-09,407.0,40.7,58.64,85.95,0.909,86.57
A0733,2025-05-10,407.0,40.65,59.23,87.51,0.909,88.16
A0733,2025-05-11,407.0,29.03,43.95,66.65,0.909,67.17
A0733,2025-05-12,407.0,37.18,54.01,79.62,0.909,80.2
A0734,2025-04-29,351.4,6.18,10.82,17.21,0.909,17.36
A0734,2025-04-30,351.4,9.41,16.46,26.17,0.909,26.39
A0734,2025-05-01,351.4,5.5,11.13,18.88,0.909,19.06
A0734,2025-05-02,351.4,7.74,13.78,22.11,0.909,22.3
A0734,2025-05-03,351.4,8.27,13.61,20.97,0.909,21.14
A0734,2025-05-04,351.4,7.03,12.02,18.9,0.909,19.06
A0734,2025-05-05,351.4,5.9,11.39,18.95,0.909,19.12
A0734,2025-05-06,351.4,6.3,11.02,17.53,0.909,17.68
A0734,2025-05-07,351.4,6.75,13.51,22.83,0.909,23.04
A0734,2025-05-08,351.4,7.19,13.94,23.23,0.909,23.44
A0734,2025-05-09,351.4,7.96,14.16,22.69,0.909,22.89
A0734,2025-05-10,351.4,8.66,14.06,21.51,0.909,21.68
A0734,2025-05-11,351.4,5.25,10.47,17.66,0.909,17.82
A0734,2025-05-12,351.4,7.07,13.19,21.62,0.909,21.81
A0735,2025-04-29,13.2,149.91,219.67,328.46,0.909,330.93
A0735,2025-04-30,13.2,188.15,286.59,440.11,0.909,443.6
A0735,2025-05-01,13.2,32.59,51.27,80.41,0.909,81.07
A0735,2025-05-02,13.2,47.07,68.67,102.36,0.909,103.13
A0735,2025-05-03,13.2,44.09,66.8,102.22,0.909,103.02
A0735,2025-05-04,13.2,44.17,67.47,103.82,0.909,104.64
A0735,2025-05-05,13.2,42.18,61.08,90.56,0.909,91.23
A0735,2025-05-06,13.2,42.73,61.5,90.78,0.909,91.44
A0735,2025-05-07,13.2,44.91,66.67,100.61,0.909,101.38
A0735,2025-05-08,13.2,47.2,68.62,102.03,0.909,102.79
A0735,2025-05-09,13.2,52.21,73.26,106.09,0.909,106.84
A0735,2025-05-10,13.2,48.74,71.59,107.25,0.909,108.06
A0735,2025-05-11,13.2,41.12,60.46,90.62,0.909,91.31
A0735,2025-05-12,13.2,49.25,69.87,102.04,0.909,102.77
A0736,2025-04-29,4.8,15.65,24.43,36.94,0.556,26.17
A0736,2025-04-30,4.8,22.13,35.77,55.21,0.556,38.47
A0736,2025-05-01,4.8,14.77,22.48,33.46,0.556,24.0
A0736,2025-05-02,4.8,22.02,34.69,52.75,0.556,37.2
A0736,2025-05-03,4.8,21.45,32.46,48.15,0.556,34.64
A0736,2025-05-04,4.8,16.0,24.04,35.5,0.556,25.63
A0736,2025-05-05,4.8,15.42,23.16,34.21,0.556,24.7
A0736,2025-05-06,4.8,16.03,24.9,37.55,0.556,26.66
A0736,2025-05-07,4.8,17.53,27.9,42.69,0.556,29.96
A0736,2025-05-08,4.8,34.71,54.01,81.53,0.556,57.84
A0736,2025-05-09,4.8,39.61,65.58,102.6,0.556,70.72
A0736,2025-05-10,4.8,38.52,61.06,93.18,0.556,65.52
A0736,2025-05-11,4.8,10.86,17.65,27.33,0.556,18.99
A0736,2025-05-12,4.8,15.31,24.34,37.22,0.556,26.13
A0737,2025-04-29,4.2,34.88,53.94,85.82,0.556,58.36
A0737,2025-04-30,4.2,50.54,72.26,108.59,0.556,77.3
A0737,2025-05-01,4.2,31.64,55.74,96.06,0.556,61.34
A0737,2025-05-02,4.2,42.59,67.77,109.89,0.556,73.62
A0737,2025-05-03,4.2,45.41,65.59,99.34,0.556,70.28
A0737,2025-05-04,4.2,37.18,58.32,93.68,0.556,63.23
A0737,2025-05-05,4.2,32.07,54.86,92.96,0.556,60.15
A0737,2025-05-06,4.2,35.43,54.85,87.33,0.556,59.36
A0737,2025-05-07,4.2,37.67,58.6,93.62,0.556,63.47
A0737,2025-05-08,4.2,41.29,65.17,105.12,0.556,70.72
A0737,2025-05-09,4.2,42.3,68.17,111.46,0.556,74.19
A0737,2025-05-10,4.2,45.99,66.3,100.26,0.556,71.01
A0737,2025-05-11,4.2,28.28,50.48,87.61,0.556,55.64
A0737,2025-05-12,4.2,38.41,60.95,98.66,0.556,66.19
A0738,2025-04-29,11.3,238.95,323.99,443.01,0.909,445.72
A0738,2025-04-30,11.3,503.78,694.82,962.18,0.909,968.26
A0738,2025-05-01,11.3,353.46,472.93,640.13,0.909,643.93
A0738,2025-05-02,11.3,445.47,601.11,818.94,0.909,823.89
A0738,2025-05-03,11.3,457.78,618.71,843.94,0.909,849.06
A0738,2025-05-04,11.3,442.72,618.92,865.52,0.909,871.12
A0738,2025-05-05,11.3,369.9,501.42,685.49,0.909,689.68
A0738,2025-05-06,11.3,398.46,543.14,745.63,0.909,750.23
A0738,2025-05-07,11.3,197.16,284.52,406.78,0.909,409.56
A0738,2025-05-08,11.3,225.07,318.53,449.33,0.909,452.3
A0738,2025-05-09,11.3,239.94,329.75,455.45,0.909,458.3
A0738,2025-05-10,11.3,247.47,342.35,475.14,0.909,478.16
A0738,2025-05-11,11.3,195.17,277.35,392.36,0.909,394.97
A0738,2025-05-12,11.3,251.78,349.66,486.65,0.909,489.76
A0739,2025-04-29,5.9,12.8,20.16,32.34,0.556,21.85
A0739,2025-04-30,5.9,18.7,27.97,43.32,0.556,30.1
A0739,2025-05-01,5.9,11.19,17.68,28.43,0.556,19.17
A0739,2025-05-02,5.9,16.24,26.67,43.94,0.556,29.07
A0739,2025-05-03,5.9,16.84,25.76,40.53,0.556,27.81
A0739,2025-05-04,5.9,12.83,19.54,30.66,0.556,21.09
A0739,2025-05-05,5.9,83.21,135.68,222.64,0.556,147.76
A0739,2025-05-06,5.9,83.12,133.51,217.01,0.556,145.1
A0739,2025-05-07,5.9,88.45,140.26,226.11,0.556,152.18
A0739,2025-05-08,5.9,96.28,153.24,247.64,0.556,166.35
A0739,2025-05-09,5.9,113.86,186.19,306.06,0.556,202.84
A0739,2025-05-10,5.9,106.85,166.51,265.37,0.556,180.24
A0739,2025-05-11,5.9,65.49,105.43,171.62,0.556,114.62
A0739,2025-05-12,5.9,13.65,22.85,38.11,0.556,24.97
A0740,2025-04-29,30.3,14.63,24.41,40.36,0.909,40.73
A0740,2025-04-30,30.3,20.45,34.59,57.65,0.909,58.18
A0740,2025-05-01,30.3,13.69,22.1,35.83,0.909,36.14
A0740,2025-05-02,30.3,19.64,31.9,51.9,0.909,52.36
A0740,2025-05-03,30.3,19.01,31.7,52.41,0.909,52.88
A0740,2025-05-04,30.3,12.02,22.35,39.21,0.909,39.59
A0740,2025-05-05,30.3,10.57,20.42,36.5,0.909,36.86
A0740,2025-05-06,30.3,10.83,19.48,33.59,0.909,33.91
A0740,2025-05-07,30.3,12.91,22.98,39.42,0.909,39.79
A0740,2025-05-08,30.3,14.27,22.92,37.04,0.909,37.36
A0740,2025-05-09,30.3,16.23,25.89,41.66,0.909,42.02
A0740,2025-05-10,30.3,16.53,29.86,51.61,0.909,52.11
A0740,2025-05-11,30.3,11.17,20.07,34.58,0.909,34.91
A0740,2025-05-12,30.3,13.98,23.02,37.76,0.909,38.1
A0741,2025-04-29,12.7,62.96,87.19,126.58,0.909,127.47
A0741,2025-04-30,12.7,78.36,104.8,147.76,0.909,148.74
A0741,2025-05-01,12.7,55.66,75.64,108.11,0.909,108.84
A0741,2025-05-02,12.7,69.25,93.92,134.01,0.909,134.92
A0741,2025-05-03,12.7,70.85,95.87,136.55,0.909,137.47
A0741,2025-05-04,12.7,94.64,128.06,182.38,0.909,183.61
A0741,2025-05-05,12.7,87.83,121.68,176.69,0.909,177.94
A0741,2025-05-06,12.7,87.91,122.16,177.83,0.909,179.09
A0741,2025-05-07,12.7,58.59,82.14,120.41,0.909,121.28
A0741,2025-05-08,12.7,63.98,88.65,128.75,0.909,129.66
A0741,2025-05-09,12.7,64.65,88.5,127.27,0.909,128.15
A0741,2025-05-10,12.7,69.27,94.55,135.65,0.909,136.58
A0741,2025-05-11,12.7,54.91,75.56,109.12,0.909,109.88
A0741,2025-05-12,12.7,66.84,93.67,137.29,0.909,138.28
A0742,2025-04-29,297.0,13.32,20.31,30.97,0.909,31.22
A0742,2025-04-30,297.0,19.17,26.27,37.12,0.909,37.37
A0742,2025-05-01,297.0,11.69,17.22,25.65,0.909,25.84
A0742,2025-05-02,297.0,15.55,23.49,35.61,0.909,35.88
A0742,2025-05-03,297.0,15.52,24.39,37.93,0.909,38.23
A0742,2025-05-04,297.0,14.08,20.25,29.67,0.909,29.89
A0742,2025-05-05,297.0,12.03,18.94,29.5,0.909,29.74
A0742,2025-05-06,297.0,13.32,20.23,30.77,0.909,31.01
A0742,2025-05-07,297.0,14.46,21.71,32.78,0.909,33.04
A0742,2025-05-08,297.0,15.68,22.75,33.55,0.909,33.8
A0742,2025-05-09,297.0,16.23,23.88,35.56,0.909,35.83
A0742,2025-05-10,297.0,16.51,25.69,39.71,0.909,40.03
A0742,2025-05-11,297.0,12.21,18.39,27.82,0.909,28.03
A0742,2025-05-12,297.0,14.75,22.54,34.42,0.909,34.69
A0743,2025-04-29,417.3,16.47,23.53,35.96,0.909,36.25
A0743,2025-04-30,417.3,24.08,32.08,46.18,0.909,46.5
A0743,2025-05-01,417.3,16.82,23.86,36.26,0.909,36.54
A0743,2025-05-02,417.3,24.08,34.28,52.24,0.909,52.65
A0743,2025-05-03,417.3,23.66,33.6,51.11,0.909,51.51
A0743,2025-05-04,417.3,16.78,22.48,32.5,0.909,32.73
A0743,2025-05-05,417.3,17.56,24.45,36.58,0.909,36.86
A0743,2025-05-06,417.3,16.64,23.68,36.08,0.909,36.36
A0743,2025-05-07,417.3,19.22,27.09,40.94,0.909,41.26
A0743,2025-05-08,417.3,22.27,31.39,47.44,0.909,47.81
A0743,2025-05-09,417.3,24.24,34.35,52.16,0.909,52.57
A0743,2025-05-10,417.3,24.38,34.36,51.93,0.909,52.33
A0743,2025-05-11,417.3,14.69,20.25,30.05,0.909,30.28
A0743,2025-05-12,417.3,20.48,28.76,43.34,0.909,43.67
A0744,2025-04-29,30.8,20.15,34.64,56.22,0.909,56.71
A0744,2025-04-30,30.8,30.56,52.54,85.3,0.909,86.04
A0744,2025-05-01,30.8,17.84,32.89,55.33,0.909,55.84
A0744,2025-05-02,30.8,27.6,50.57,84.8,0.909,85.57
A0744,2025-05-03,30.8,26.57,47.64,79.04,0.909,79.75
A0744,2025-05-04,30.8,25.07,40.44,63.34,0.909,63.86
A0744,2025-05-05,30.8,19.97,38.98,67.31,0.909,67.95
A0744,2025-05-06,30.8,20.38,35.18,57.23,0.909,57.73
A0744,2025-05-07,30.8,23.75,44.37,75.11,0.909,75.8
A0744,2025-05-08,30.8,25.44,42.83,68.75,0.909,69.34
A0744,2025-05-09,30.8,27.46,49.32,81.9,0.909,82.64
A0744,2025-05-10,30.8,28.17,51.71,86.8,0.909,87.6
A0744,2025-05-11,30.8,20.03,36.38,60.75,0.909,61.3
A0744,2025-05-12,30.8,23.91,42.45,70.08,0.909,70.71
A0745,2025-04-29,2.8,75.1,104.71,153.02,0.556,111.42
A0745,2025-04-30,2.8,98.83,137.38,200.28,0.556,146.12
A0745,2025-05-01,2.8,64.07,85.02,119.2,0.556,89.77
A0745,2025-05-02,2.8,85.55,119.46,174.79,0.556,127.14
A0745,2025-05-03,2.8,87.54,121.33,176.47,0.556,128.99
A0745,2025-05-04,2.8,76.0,104.3,150.47,0.556,110.71
A0745,2025-05-05,2.8,66.99,89.31,125.72,0.556,94.37
A0745,2025-05-06,2.8,74.32,103.88,152.13,0.556,110.58
A0745,2025-05-07,2.8,76.61,107.1,156.86,0.556,114.01
A0745,2025-05-08,2.8,82.54,113.77,164.72,0.556,120.84
A0745,2025-05-09,2.8,86.03,120.05,175.56,0.556,127.76
A0745,2025-05-10,2.8,86.41,120.01,174.84,0.556,127.63
A0745,2025-05-11,2.8,60.81,84.5,123.16,0.556,89.87
A0745,2025-05-12,2.8,82.24,112.31,161.36,0.556,119.12
A0746,2025-04-29,205.4,19.64,28.18,41.86,0.909,42.17
A0746,2025-04-30,205.4,28.73,40.98,60.6,0.909,61.05
A0746,2025-05-01,205.4,18.1,25.5,37.36,0.909,37.63
A0746,2025-05-02,205.4,23.45,33.21,48.82,0.909,49.18
A0746,2025-05-03,205.4,24.02,34.35,50.89,0.909,51.26
A0746,2025-05-04,205.4,21.68,30.32,44.16,0.909,44.48
A0746,2025-05-05,205.4,18.49,26.0,38.03,0.909,38.3
A0746,2025-05-06,205.4,19.77,28.25,41.82,0.909,42.13
A0746,2025-05-07,205.4,20.68,29.82,44.44,0.909,44.78
A0746,2025-05-08,205.4,22.7,31.86,46.53,0.909,46.87
A0746,2025-05-09,205.4,24.14,33.75,49.15,0.909,49.5
A0746,2025-05-10,205.4,24.15,34.48,51.01,0.909,51.39
A0746,2025-05-11,205.4,16.3,23.11,34.01,0.909,34.26
A0746,2025-05-12,205.4,21.84,30.59,44.61,0.909,44.93
A0747,2025-04-29,7.6,65.09,91.4,133.71,0.556,97.27
A0747,2025-04-30,7.6,89.03,120.32,170.64,0.556,127.31
A0747,2025-05-01,7.6,58.09,80.44,116.38,0.556,85.43
A0747,2025-05-02,7.6,79.04,110.68,161.56,0.556,117.75
A0747,2025-05-03,7.6,78.7,112.18,166.01,0.556,119.66
A0747,2025-05-04,7.6,68.78,94.39,135.57,0.556,100.11
A0747,2025-05-05,7.6,61.74,84.86,122.03,0.556,90.02
A0747,2025-05-06,7.6,64.01,90.42,132.88,0.556,96.31
A0747,2025-05-07,7.6,67.98,94.17,136.3,0.556,100.02
A0747,2025-05-08,7.6,73.47,104.18,153.57,0.556,111.04
A0747,2025-05-09,7.6,79.27,111.09,162.27,0.556,118.2
A0747,2025-05-10,7.6,79.75,113.29,167.24,0.556,120.79
A0747,2025-05-11,7.6,55.76,78.83,115.92,0.556,83.98
A0747,2025-05-12,7.6,73.73,102.3,148.24,0.556,108.68
A0748,2025-04-29,24.0,27.63,40.46,57.6,0.909,57.99
A0748,2025-04-30,24.0,38.83,62.09,93.14,0.909,93.84
A0748,2025-05-01,24.0,26.7,40.39,58.68,0.909,59.1
A0748,2025-05-02,24.0,37.49,55.19,78.82,0.909,79.36
A0748,2025-05-03,24.0,35.96,55.02,80.48,0.909,81.06
A0748,2025-05-04,24.0,31.18,48.76,72.24,0.909,72.77
A0748,2025-05-05,24.0,26.52,42.12,62.96,0.909,63.43
A0748,2025-05-06,24.0,28.0,40.87,58.06,0.909,58.45
A0748,2025-05-07,24.0,29.6,47.21,70.72,0.909,71.25
A0748,2025-05-08,24.0,34.16,51.08,73.68,0.909,74.19
A0748,2025-05-09,24.0,38.82,55.14,76.94,0.909,77.43
A0748,2025-05-10,24.0,36.43,57.67,86.04,0.909,86.68
A0748,2025-05-11,24.0,23.62,38.73,58.9,0.909,59.36
A0748,2025-05-12,24.0,31.26,47.3,68.72,0.909,69.21
A0749,2025-04-29,4.7,37.26,53.66,87.17,0.556,58.31
A0749,2025-04-30,4.7,45.11,66.05,108.85,0.556,72.0
A0749,2025-05-01,4.7,36.21,49.66,77.17,0.556,53.48
A0749,2025-05-02,4.7,43.45,63.04,103.09,0.556,68.6
A0749,2025-05-03,4.7,47.25,66.29,105.19,0.556,71.69
A0749,2025-05-04,4.7,30.72,44.22,71.8,0.556,48.05
A0749,2025-05-05,4.7,32.45,46.44,75.04,0.556,50.42
A0749,2025-05-06,4.7,38.26,54.86,88.78,0.556,59.57
A0749,2025-05-07,4.7,34.64,53.48,91.99,0.556,58.83
A0749,2025-05-08,4.7,44.23,61.82,97.78,0.556,66.82
A0749,2025-05-09,4.7,49.36,69.84,111.69,0.556,75.65
A0749,2025-05-10,4.7,45.97,64.61,102.71,0.556,69.9
A0749,2025-05-11,4.7,20.75,33.67,60.08,0.556,37.34
A0749,2025-05-12,4.7,39.9,57.75,94.22,0.556,62.81
A0750,2025-04-29,379.2,15.67,24.71,37.92,0.909,38.22
A0750,2025-04-30,379.2,24.35,35.76,52.42,0.909,52.8
A0750,2025-05-01,379.2,15.4,23.63,35.63,0.909,35.9
A0750,2025-05-02,379.2,21.48,34.24,52.85,0.909,53.28
A0750,2025-05-03,379.2,69.17,109.31,167.89,0.909,169.22
A0750,2025-05-04,379.2,49.21,76.56,116.49,0.909,117.4
A0750,2025-05-05,379.2,51.86,83.68,130.13,0.909,131.18
A0750,2025-05-06,379.2,51.66,82.07,126.44,0.909,127.45
A0750,2025-05-07,379.2,56.28,90.65,140.8,0.909,141.94
A0750,2025-05-08,379.2,16.84,27.58,43.25,0.909,43.61
A0750,2025-05-09,379.2,18.73,31.22,49.46,0.909,49.87
A0750,2025-05-10,379.2,20.1,32.05,49.49,0.909,49.89
A0750,2025-05-11,379.2,10.93,18.21,28.84,0.909,29.09
A0750,2025-05-12,379.2,17.78,28.95,45.26,0.909,45.63
A0751,2025-04-29,321.4,3.95,8.56,16.16,0.909,16.33
A0751,2025-04-30,321.4,6.29,11.77,20.79,0.909,21.0
A0751,2025-05-01,321.4,3.59,7.43,13.74,0.909,13.88
A0751,2025-05-02,321.4,4.71,10.03,18.76,0.909,18.96
A0751,2025-05-03,321.4,4.77,10.66,20.34,0.909,20.56
A0751,2025-05-04,321.4,3.69,7.33,13.33,0.909,13.46
A0751,2025-05-05,321.4,4.07,7.41,12.9,0.909,13.02
A0751,2025-05-06,321.4,4.42,8.92,16.33,0.909,16.5
A0751,2025-05-07,321.4,4.95,9.24,16.29,0.909,16.45
A0751,2025-05-08,321.4,4.77,9.59,17.52,0.909,17.7
A0751,2025-05-09,321.4,5.65,11.36,20.75,0.909,20.96
A0751,2025-05-10,321.4,5.15,10.65,19.7,0.909,19.9
A0751,2025-05-11,321.4,3.22,5.83,10.13,0.909,10.23
A0751,2025-05-12,321.4,5.21,9.73,17.15,0.909,17.31
A0752,2025-04-29,13.0,4.67,20.22,46.13,0.909,46.72
A0752,2025-04-30,13.0,7.6,26.57,59.04,0.909,59.78
A0752,2025-05-01,13.0,4.03,18.9,43.44,0.909,43.99
A0752,2025-05-02,13.0,6.82,24.76,55.16,0.909,55.85
A0752,2025-05-03,13.0,7.28,25.35,56.21,0.909,56.91
A0752,2025-05-04,13.0,5.49,21.8,49.44,0.909,50.06
A0752,2025-05-05,13.0,4.82,20.14,45.85,0.909,46.43
A0752,2025-05-06,13.0,5.46,21.22,48.01,0.909,48.62
A0752,2025-05-07,13.0,6.25,22.59,50.63,0.909,51.27
A0752,2025-05-08,13.0,6.95,24.09,53.71,0.909,54.38
A0752,2025-05-09,13.0,7.9,25.82,57.15,0.909,57.86
A0752,2025-05-10,13.0,8.35,26.46,58.29,0.909,59.01
A0752,2025-05-11,13.0,4.63,19.14,43.84,0.909,44.41
A0752,2025-05-12,13.0,7.12,23.95,53.37,0.909,54.03
A0753,2025-04-29,25.4,8.53,14.95,24.78,0.909,25.0
A0753,2025-04-30,25.4,11.92,21.25,35.51,0.909,35.83
A0753,2025-05-01,25.4,8.41,12.83,19.59,0.909,19.74
A0753,2025-05-02,25.4,11.8,20.02,32.59,0.909,32.87
A0753,2025-05-03,25.4,11.24,20.08,33.6,0.909,33.9
A0753,2025-05-04,25.4,8.97,15.55,25.6,0.909,25.83
A0753,2025-05-05,25.4,8.77,13.71,21.26,0.909,21.44
A0753,2025-05-06,25.4,8.62,15.24,25.36,0.909,25.59
A0753,2025-05-07,25.4,9.83,16.96,27.86,0.909,28.11
A0753,2025-05-08,25.4,11.14,18.55,29.87,0.909,30.13
A0753,2025-05-09,25.4,12.0,20.35,33.1,0.909,33.39
A0753,2025-05-10,25.4,11.94,21.19,35.33,0.909,35.65
A0753,2025-05-11,25.4,8.14,14.23,23.54,0.909,23.75
A0753,2025-05-12,25.4,10.47,17.2,27.47,0.909,27.71
A0754,2025-04-29,397.3,42.92,56.05,79.83,0.909,80.37
A0754,2025-04-30,397.3,59.18,76.71,108.45,0.909,109.17
A0754,2025-05-01,397.3,36.34,47.8,68.56,0.909,69.03
A0754,2025-05-02,397.3,49.04,64.05,91.22,0.909,91.84
A0754,2025-05-03,397.3,48.94,64.15,91.69,0.909,92.32
A0754,2025-05-04,397.3,48.05,61.67,86.32,0.909,86.88
A0754,2025-05-05,397.3,39.57,51.9,74.24,0.909,74.75
A0754,2025-05-06,397.3,41.36,54.6,78.58,0.909,79.12
A0754,2025-05-07,397.3,44.45,57.93,82.35,0.909,82.9
A0754,2025-05-08,397.3,46.45,59.86,84.14,0.909,84.69
A0754,2025-05-09,397.3,47.18,62.1,89.11,0.909,89.73
A0754,2025-05-10,397.3,51.0,66.73,95.22,0.909,95.86
A0754,2025-05-11,397.3,39.06,51.03,72.73,0.909,73.22
A0754,2025-05-12,397.3,45.34,58.55,82.46,0.909,83.0
A0755,2025-04-29,3.4,41.04,62.9,96.64,0.556,67.59
A0755,2025-04-30,3.4,54.49,78.71,116.1,0.556,83.9
A0755,2025-05-01,3.4,34.82,55.56,87.58,0.556,60.01
A0755,2025-05-02,3.4,45.87,72.29,113.08,0.556,77.96
A0755,2025-05-03,3.4,48.65,74.96,115.57,0.556,80.6
A0755,2025-05-04,3.4,41.21,61.28,92.25,0.556,65.58
A0755,2025-05-05,3.4,91.27,122.03,169.49,0.556,128.62
A0755,2025-05-06,3.4,95.74,130.35,183.77,0.556,137.77
A0755,2025-05-07,3.4,96.79,132.19,186.83,0.556,139.78
A0755,2025-05-08,3.4,104.68,145.63,208.85,0.556,154.41
A0755,2025-05-09,3.4,93.08,130.47,188.19,0.556,138.49
A0755,2025-05-10,3.4,99.56,136.87,194.47,0.556,144.87
A0755,2025-05-11,3.4,22.77,41.49,70.38,0.556,45.5
A0755,2025-05-12,3.4,38.07,60.6,95.38,0.556,65.43
A0756,2025-04-29,11.7,31.03,43.68,64.56,0.909,65.03
A0756,2025-04-30,11.7,41.32,58.52,86.92,0.909,87.57
A0756,2025-05-01,11.7,27.73,38.33,55.82,0.909,56.22
A0756,2025-05-02,11.7,36.25,49.5,71.38,0.909,71.88
A0756,2025-05-03,11.7,36.53,50.14,72.62,0.909,73.13
A0756,2025-05-04,11.7,34.57,48.3,70.97,0.909,71.49
A0756,2025-05-05,11.7,28.8,40.78,60.57,0.909,61.02
A0756,2025-05-06,11.7,30.65,43.37,64.37,0.909,64.84
A0756,2025-05-07,11.7,32.0,46.17,69.56,0.909,70.09
A0756,2025-05-08,11.7,35.31,49.67,73.38,0.909,73.92
A0756,2025-05-09,11.7,36.34,49.8,72.04,0.909,72.54
A0756,2025-05-10,11.7,36.37,49.89,72.22,0.909,72.73
A0756,2025-05-11,11.7,28.36,40.56,60.71,0.909,61.17
A0756,2025-05-12,11.7,35.16,50.12,74.82,0.909,75.38
A0757,2025-04-29,5.1,58.95,87.5,132.12,0.556,93.7
A0757,2025-04-30,5.1,76.91,113.64,171.05,0.556,121.62
A0757,2025-05-01,5.1,54.11,80.03,120.54,0.556,85.66
A0757,2025-05-02,5.1,72.66,108.43,164.33,0.556,116.19
A0757,2025-05-03,5.1,68.0,100.19,150.51,0.556,107.18
A0757,2025-05-04,5.1,62.22,92.2,139.06,0.556,98.71
A0757,2025-05-05,5.1,55.06,80.9,121.28,0.556,86.51
A0757,2025-05-06,5.1,57.73,86.76,132.14,0.556,93.06
A0757,2025-05-07,5.1,60.16,88.03,131.58,0.556,94.08
A0757,2025-05-08,5.1,65.75,96.56,144.71,0.556,103.25
A0757,2025-05-09,5.1,113.66,174.65,269.97,0.556,187.89
A0757,2025-05-10,5.1,108.53,162.02,245.61,0.556,173.63
A0757,2025-05-11,5.1,83.56,127.32,195.71,0.556,136.82
A0757,2025-05-12,5.1,93.96,142.09,217.32,0.556,152.54
A0758,2025-04-29,6.2,85.45,114.65,163.84,0.556,121.48
A0758,2025-04-30,6.2,112.71,155.28,226.97,0.556,165.23
A0758,2025-05-01,6.2,78.99,104.47,147.39,0.556,110.43
A0758,2025-05-02,6.2,102.61,138.59,199.19,0.556,147.01
A0758,2025-05-03,6.2,101.25,133.91,188.92,0.556,141.55
A0758,2025-05-04,6.2,91.46,123.07,176.3,0.556,130.46
A0758,2025-05-05,6.2,82.0,110.17,157.62,0.556,116.76
A0758,2025-05-06,6.2,85.04,114.14,163.15,0.556,120.94
A0758,2025-05-07,6.2,85.69,116.1,167.33,0.556,123.22
A0758,2025-05-08,6.2,94.94,125.97,178.23,0.556,133.23
A0758,2025-05-09,6.2,102.77,138.25,198.0,0.556,146.55
A0758,2025-05-10,6.2,100.17,133.15,188.7,0.556,140.87
A0758,2025-05-11,6.2,72.67,97.59,139.56,0.556,103.42
A0758,2025-05-12,6.2,92.6,124.47,178.14,0.556,131.92
A0759,2025-04-29,389.3,26.73,39.21,65.88,0.909,66.49
A0759,2025-04-30,389.3,32.82,51.61,91.78,0.909,92.7
A0759,2025-05-01,389.3,24.38,34.47,56.05,0.909,56.54
A0759,2025-05-02,389.3,31.72,46.43,77.87,0.909,78.58
A0759,2025-05-03,389.3,50.33,67.55,104.36,0.909,105.2
A0759,2025-05-04,389.3,43.57,54.53,77.97,0.909,78.5
A0759,2025-05-05,389.3,40.83,51.77,75.15,0.909,75.68
A0759,2025-05-06,389.3,39.98,52.01,77.73,0.909,78.31
A0759,2025-05-07,389.3,24.11,40.17,74.48,0.909,75.26
A0759,2025-05-08,389.3,26.11,41.6,74.7,0.909,75.45
A0759,2025-05-09,389.3,29.4,43.53,73.72,0.909,74.41
A0759,2025-05-10,389.3,30.26,48.64,87.9,0.909,88.8
A0759,2025-05-11,389.3,25.59,35.63,57.09,0.909,57.58
A0759,2025-05-12,389.3,29.45,43.8,74.45,0.909,75.15
A0760,2025-04-29,4.9,16.3,28.07,41.79,0.556,29.98
A0760,2025-04-30,4.9,23.2,33.13,44.7,0.556,34.73
A0760,2025-05-01,4.9,15.98,29.81,45.93,0.556,32.05
A0760,2025-05-02,4.9,20.19,34.3,50.73,0.556,36.58
A0760,2025-05-03,4.9,20.7,31.37,43.8,0.556,33.09
A0760,2025-05-04,4.9,16.63,26.78,38.62,0.556,28.43
A0760,2025-05-05,4.9,15.71,28.17,42.7,0.556,30.19
A0760,2025-05-06,4.9,16.32,28.27,42.21,0.556,30.21
A0760,2025-05-07,4.9,18.13,27.78,39.03,0.556,29.34
A0760,2025-05-08,4.9,19.72,33.31,49.15,0.556,35.51
A0760,2025-05-09,4.9,20.69,35.36,52.46,0.556,37.73
A0760,2025-05-10,4.9,21.46,32.0,44.29,0.556,33.71
A0760,2025-05-11,4.9,13.62,24.14,36.4,0.556,25.84
A0760,2025-05-12,4.9,19.15,31.65,46.21,0.556,33.67
A0761,2025-04-29,5.5,9.39,14.92,24.31,0.556,16.23
A0761,2025-04-30,5.5,12.13,19.26,31.35,0.556,20.94
A0761,2025-05-01,5.5,8.39,12.93,20.62,0.556,14.0
A0761,2025-05-02,5.5,12.89,20.89,34.46,0.556,22.78
A0761,2025-05-03,5.5,12.64,20.33,33.37,0.556,22.14
A0761,2025-05-04,5.5,8.85,14.07,22.91,0.556,15.3
A0761,2025-05-05,5.5,9.6,14.07,21.66,0.556,15.13
A0761,2025-05-06,5.5,9.7,15.37,24.97,0.556,16.7
A0761,2025-05-07,5.5,11.68,17.73,27.97,0.556,19.15
A0761,2025-05-08,5.5,11.62,18.42,29.95,0.556,20.02
A0761,2025-05-09,5.5,12.86,21.34,35.72,0.556,23.34
A0761,2025-05-10,5.5,13.35,20.93,33.77,0.556,22.71
A0761,2025-05-11,5.5,9.24,14.28,22.82,0.556,15.47
A0761,2025-05-12,5.5,11.62,17.85,28.4,0.556,19.31
A0762,2025-04-29,14.3,35.56,52.37,81.86,0.909,82.53
A0762,2025-04-30,14.3,49.65,71.79,110.64,0.909,111.52
A0762,2025-05-01,14.3,30.88,47.18,75.79,0.909,76.44
A0762,2025-05-02,14.3,39.26,57.69,90.03,0.909,90.76
A0762,2025-05-03,14.3,42.67,61.29,93.97,0.909,94.71
A0762,2025-05-04,14.3,42.92,61.32,93.62,0.909,94.35
A0762,2025-05-05,14.3,35.13,51.18,79.36,0.909,80.0
A0762,2025-05-06,14.3,34.51,51.58,81.54,0.909,82.22
A0762,2025-05-07,14.3,37.47,54.64,84.77,0.909,85.45
A0762,2025-05-08,14.3,38.69,56.85,88.71,0.909,89.44
A0762,2025-05-09,14.3,36.15,55.37,89.12,0.909,89.89
A0762,2025-05-10,14.3,44.0,62.35,94.56,0.909,95.3
A0762,2025-05-11,14.3,35.89,52.1,80.55,0.909,81.2
A0762,2025-05-12,14.3,39.41,57.06,88.06,0.909,88.77
A0763,2025-04-29,30.1,13.64,21.28,33.66,0.909,33.94
A0763,2025-04-30,30.1,19.62,31.75,51.38,0.909,51.83
A0763,2025-05-01,30.1,12.7,17.32,24.81,0.909,24.98
A0763,2025-05-02,30.1,18.73,29.37,46.58,0.909,46.98
A0763,2025-05-03,30.1,18.52,29.77,47.98,0.909,48.39
A0763,2025-05-04,30.1,14.91,24.29,39.46,0.909,39.81
A0763,2025-05-05,30.1,13.38,19.76,30.09,0.909,30.32
A0763,2025-05-06,30.1,14.0,21.68,34.1,0.909,34.38
A0763,2025-05-07,30.1,15.95,26.25,42.91,0.909,43.29
A0763,2025-05-08,30.1,17.57,27.95,44.73,0.909,45.11
A0763,2025-05-09,30.1,18.87,28.9,45.13,0.909,45.5
A0763,2025-05-10,30.1,19.36,31.59,51.38,0.909,51.83
A0763,2025-05-11,30.1,12.37,21.15,35.35,0.909,35.67
A0763,2025-05-12,30.1,16.09,26.22,42.61,0.909,42.98
A0764,2025-04-29,13.4,35.79,50.28,71.08,0.909,71.55
A0764,2025-04-30,13.4,46.25,62.87,86.73,0.909,87.27
A0764,2025-05-01,13.4,32.8,46.38,65.89,0.909,66.33
A0764,2025-05-02,13.4,40.89,56.29,78.42,0.909,78.92
A0764,2025-05-03,13.4,128.74,176.73,245.66,0.909,247.23
A0764,2025-05-04,13.4,117.73,156.92,213.23,0.909,214.51
A0764,2025-05-05,13.4,109.85,154.21,217.93,0.909,219.38
A0764,2025-05-06,13.4,112.22,152.65,210.73,0.909,212.05
A0764,2025-05-07,13.4,118.66,162.28,224.93,0.909,226.36
A0764,2025-05-08,13.4,126.28,170.97,235.16,0.909,236.62
A0764,2025-05-09,13.4,131.43,173.8,234.65,0.909,236.04
A0764,2025-05-10,13.4,60.25,83.88,117.82,0.909,118.59
A0764,2025-05-11,13.4,42.75,60.19,85.26,0.909,85.83
A0764,2025-05-12,13.4,56.89,80.94,115.49,0.909,116.27
A0765,2025-04-29,435.0,5.02,11.74,21.49,0.909,21.71
A0765,2025-04-30,435.0,10.79,18.63,30.0,0.909,30.26
A0765,2025-05-01,435.0,5.63,10.68,18.0,0.909,18.17
A0765,2025-05-02,435.0,7.1,14.85,26.09,0.909,26.35
A0765,2025-05-03,435.0,9.0,16.64,27.71,0.909,27.96
A0765,2025-05-04,435.0,8.32,15.22,25.23,0.909,25.46
A0765,2025-05-05,435.0,6.02,12.02,20.71,0.909,20.91
A0765,2025-05-06,435.0,5.67,12.46,22.32,0.909,22.54
A0765,2025-05-07,435.0,8.35,15.21,25.17,0.909,25.39
A0765,2025-05-08,435.0,8.65,15.81,26.2,0.909,26.43
A0765,2025-05-09,435.0,7.1,14.77,25.89,0.909,26.15
A0765,2025-05-10,435.0,10.33,18.54,30.45,0.909,30.72
A0765,2025-05-11,435.0,6.54,13.49,23.56,0.909,23.79
A0765,2025-05-12,435.0,7.64,14.58,24.64,0.909,24.86
A0766,2025-04-29,14.2,44.83,70.11,104.74,0.909,105.53
A0766,2025-04-30,14.2,58.23,91.04,135.99,0.909,137.01
A0766,2025-05-01,14.2,39.06,60.91,90.85,0.909,91.53
A0766,2025-05-02,14.2,50.81,77.91,115.03,0.909,115.88
A0766,2025-05-03,14.2,49.9,76.61,113.21,0.909,114.04
A0766,2025-05-04,14.2,46.58,73.64,110.73,0.909,111.58
A0766,2025-05-05,14.2,42.74,64.73,94.86,0.909,95.54
A0766,2025-05-06,14.2,44.52,70.18,105.33,0.909,106.12
A0766,2025-05-07,14.2,46.02,70.99,105.2,0.909,105.98
A0766,2025-05-08,14.2,47.73,76.31,115.48,0.909,116.37
A0766,2025-05-09,14.2,51.22,79.54,118.33,0.909,119.21
A0766,2025-05-10,14.2,49.8,76.03,111.97,0.909,112.78
A0766,2025-05-11,14.2,37.42,60.89,93.06,0.909,93.79
A0766,2025-05-12,14.2,51.21,78.39,115.64,0.909,116.49
A0767,2025-04-29,2.5,24.32,37.97,61.75,0.556,41.27
A0767,2025-04-30,2.5,30.12,46.43,74.87,0.556,50.38
A0767,2025-05-01,2.5,23.11,34.65,54.77,0.556,37.45
A0767,2025-05-02,2.5,28.94,43.17,67.98,0.556,46.62
A0767,2025-05-03,2.5,27.51,43.7,71.94,0.556,47.62
A0767,2025-05-04,2.5,21.52,35.33,59.4,0.556,38.67
A0767,2025-05-05,2.5,23.87,36.22,57.75,0.556,39.21
A0767,2025-05-06,2.5,24.99,38.5,62.05,0.556,41.77
A0767,2025-05-07,2.5,26.51,39.54,62.26,0.556,42.7
A0767,2025-05-08,2.5,29.17,43.92,69.64,0.556,47.49
A0767,2025-05-09,2.5,30.74,44.72,69.1,0.556,48.11
A0767,2025-05-10,2.5,27.83,44.0,72.19,0.556,47.92
A0767,2025-05-11,2.5,20.57,31.86,51.55,0.556,34.6
A0767,2025-05-12,2.5,29.2,43.94,69.63,0.556,47.51
A0768,2025-04-29,32.1,6.16,9.92,16.21,0.909,16.35
A0768,2025-04-30,32.1,10.19,14.02,20.41,0.909,20.56
A0768,2025-05-01,32.1,6.11,9.74,15.8,0.909,15.94
A0768,2025-05-02,32.1,8.7,13.28,20.92,0.909,21.1
A0768,2025-05-03,32.1,9.27,13.78,21.33,0.909,21.5
A0768,2025-05-04,32.1,7.68,10.92,16.35,0.909,16.48
A0768,2025-05-05,32.1,6.37,10.08,16.28,0.909,16.42
A0768,2025-05-06,32.1,6.54,10.35,16.72,0.909,16.87
A0768,2025-05-07,32.1,7.62,11.92,19.11,0.909,19.27
A0768,2025-05-08,32.1,8.34,12.7,19.99,0.909,20.16
A0768,2025-05-09,32.1,8.86,13.52,21.3,0.909,21.48
A0768,2025-05-10,32.1,9.91,14.59,22.4,0.909,22.58
A0768,2025-05-11,32.1,5.7,9.48,15.81,0.909,15.95
A0768,2025-05-12,32.1,7.75,11.78,18.52,0.909,18.68
A0769,2025-04-29,30.9,11.29,17.42,28.08,0.909,28.33
A0769,2025-04-30,30.9,15.62,25.73,43.32,0.909,43.72
A0769,2025-05-01,30.9,11.1,17.54,28.75,0.909,29.01
A0769,2025-05-02,30.9,15.06,24.34,40.48,0.909,40.85
A0769,2025-05-03,30.9,14.36,23.12,38.35,0.909,38.7
A0769,2025-05-04,30.9,12.14,19.17,31.4,0.909,31.68
A0769,2025-05-05,30.9,10.88,18.18,30.88,0.909,31.16
A0769,2025-05-06,30.9,11.58,17.7,28.34,0.909,28.58
A0769,2025-05-07,30.9,13.04,21.76,36.95,0.909,37.29
A0769,2025-05-08,30.9,14.46,22.59,36.74,0.909,37.06
A0769,2025-05-09,30.9,15.79,24.35,39.23,0.909,39.57
A0769,2025-05-10,30.9,15.32,24.93,41.65,0.909,42.03
A0769,2025-05-11,30.9,10.4,16.83,28.02,0.909,28.27
A0769,2025-05-12,30.9,13.33,21.02,34.4,0.909,34.71
A0770,2025-04-29,10.7,69.34,146.88,290.0,0.909,293.26
A0770,2025-04-30,10.7,93.49,190.18,373.58,0.909,377.75
A0770,2025-05-01,10.7,116.92,238.41,470.13,0.909,475.39
A0770,2025-05-02,10.7,141.53,275.46,552.64,0.909,558.94
A0770,2025-05-03,10.7,149.15,286.47,577.12,0.909,583.73
A0770,2025-05-04,10.7,133.71,260.94,526.82,0.909,532.86
A0770,2025-05-05,10.7,112.2,226.45,452.89,0.909,458.04
A0770,2025-05-06,10.7,61.41,124.41,249.96,0.909,252.81
A0770,2025-05-07,10.7,65.88,133.92,265.94,0.909,268.94
A0770,2025-05-08,10.7,72.85,150.31,297.42,0.909,300.76
A0770,2025-05-09,10.7,76.99,158.75,312.49,0.909,315.99
A0770,2025-05-10,10.7,82.17,168.03,328.26,0.909,331.9
A0770,2025-05-11,10.7,60.76,131.47,259.15,0.909,262.06
A0770,2025-05-12,10.7,77.45,160.47,314.11,0.909,317.6
A0771,2025-04-29,13.0,65.93,96.56,145.39,0.909,146.5
A0771,2025-04-30,13.0,83.48,117.91,172.8,0.909,174.04
A0771,2025-05-01,13.0,57.71,85.04,128.61,0.909,129.6
A0771,2025-05-02,13.0,72.4,107.54,163.55,0.909,164.82
A0771,2025-05-03,13.0,76.55,109.95,163.2,0.909,164.41
A0771,2025-05-04,13.0,70.24,100.48,148.71,0.909,149.8
A0771,2025-05-05,13.0,59.59,88.24,133.92,0.909,134.96
A0771,2025-05-06,13.0,65.68,96.43,145.45,0.909,146.56
A0771,2025-05-07,13.0,69.0,100.66,151.14,0.909,152.29
A0771,2025-05-08,13.0,72.38,106.55,161.02,0.909,162.26
A0771,2025-05-09,13.0,72.9,108.58,165.47,0.909,166.76
A0771,2025-05-10,13.0,77.59,110.74,163.59,0.909,164.79
A0771,2025-05-11,13.0,59.88,88.53,134.2,0.909,135.24
A0771,2025-05-12,13.0,72.47,107.21,162.61,0.909,163.87
A0772,2025-04-29,334.4,172.43,219.0,297.76,0.909,299.55
A0772,2025-04-30,334.4,246.67,310.59,418.7,0.909,421.16
A0772,2025-05-01,334.4,162.65,205.26,277.32,0.909,278.96
A0772,2025-05-02,334.4,156.11,203.24,282.95,0.909,284.77
A0772,2025-05-03,334.4,158.07,204.28,282.44,0.909,284.21
A0772,2025-05-04,334.4,157.55,198.73,268.39,0.909,269.97
A0772,2025-05-05,334.4,123.31,163.65,231.87,0.909,233.42
A0772,2025-05-06,334.4,131.4,170.17,235.76,0.909,237.25
A0772,2025-05-07,334.4,141.64,186.84,263.3,0.909,265.04
A0772,2025-05-08,334.4,147.67,188.57,257.75,0.909,259.32
A0772,2025-05-09,334.4,155.69,201.65,279.37,0.909,281.14
A0772,2025-05-10,334.4,314.52,398.2,539.75,0.909,542.96
A0772,2025-05-11,334.4,218.09,283.0,392.79,0.909,395.29
A0772,2025-05-12,334.4,577.17,858.02,1333.04,0.909,1343.83
A0773,2025-04-29,24.5,4.11,8.12,14.35,0.909,14.49
A0773,2025-04-30,24.5,6.59,12.58,21.88,0.909,22.09
A0773,2025-05-01,24.5,4.07,8.16,14.51,0.909,14.66
A0773,2025-05-02,24.5,5.8,11.79,21.1,0.909,21.31
A0773,2025-05-03,24.5,5.95,11.3,19.63,0.909,19.82
A0773,2025-05-04,24.5,4.68,9.4,16.76,0.909,16.92
A0773,2025-05-05,24.5,4.15,8.81,16.05,0.909,16.21
A0773,2025-05-06,24.5,4.31,8.27,14.42,0.909,14.56
A0773,2025-05-07,24.5,5.29,10.36,18.24,0.909,18.42
A0773,2025-05-08,24.5,5.65,10.88,19.0,0.909,19.18
A0773,2025-05-09,24.5,5.77,11.48,20.37,0.909,20.57
A0773,2025-05-10,24.5,6.5,12.52,21.88,0.909,22.09
A0773,2025-05-11,24.5,4.13,8.73,15.9,0.909,16.06
A0773,2025-05-12,24.5,5.03,9.89,17.45,0.909,17.62
A0774,2025-04-29,7.8,0.1,10.31,31.6,0.556,13.27
A0774,2025-04-30,7.8,3.53,20.6,57.02,0.556,25.65
A0774,2025-05-01,7.8,3.83,19.82,50.73,0.556,24.11
A0774,2025-05-02,7.8,8.4,31.21,76.05,0.556,37.44
A0774,2025-05-03,7.8,11.3,37.38,87.33,0.556,44.32
A0774,2025-05-04,7.8,8.98,33.37,77.45,0.556,39.5
A0774,2025-05-05,7.8,9.15,32.68,74.77,0.556,38.53
A0774,2025-05-06,7.8,10.17,34.9,78.9,0.556,41.02
A0774,2025-05-07,7.8,12.41,39.42,87.68,0.556,46.12
A0774,2025-05-08,7.8,14.16,43.36,96.22,0.556,50.71
A0774,2025-05-09,7.8,16.36,47.72,104.93,0.556,55.66
A0774,2025-05-10,7.8,17.51,49.43,107.69,0.556,57.52
A0774,2025-05-11,7.8,8.74,30.85,69.37,0.556,36.2
A0774,2025-05-12,7.8,14.06,42.18,92.57,0.556,49.18
A0775,2025-04-29,32.1,10.71,17.08,26.17,0.909,26.38
A0775,2025-04-30,32.1,15.66,23.31,34.22,0.909,34.47
A0775,2025-05-01,32.1,10.12,16.8,26.34,0.909,26.56
A0775,2025-05-02,32.1,14.53,23.9,37.29,0.909,37.59
A0775,2025-05-03,32.1,13.95,24.34,39.18,0.909,39.52
A0775,2025-05-04,32.1,11.78,18.35,27.73,0.909,27.95
A0775,2025-05-05,32.1,10.58,18.93,30.87,0.909,31.14
A0775,2025-05-06,32.1,10.35,16.89,26.24,0.909,26.45
A0775,2025-05-07,32.1,11.86,19.75,31.02,0.909,31.27
A0775,2025-05-08,32.1,13.21,22.1,34.8,0.909,35.09
A0775,2025-05-09,32.1,14.63,23.78,36.87,0.909,37.16
A0775,2025-05-10,32.1,14.67,25.96,42.09,0.909,42.45
A0775,2025-05-11,32.1,11.79,21.34,34.98,0.909,35.29
A0775,2025-05-12,32.1,14.28,26.17,43.16,0.909,43.55
A0776,2025-04-29,5.0,47.9,75.25,117.73,0.556,81.15
A0776,2025-04-30,5.0,60.86,92.99,142.89,0.556,99.92
A0776,2025-05-01,5.0,38.26,62.0,98.87,0.556,67.12
A0776,2025-05-02,5.0,51.98,85.03,136.35,0.556,92.15
A0776,2025-05-03,5.0,50.98,81.61,129.19,0.556,88.22
A0776,2025-05-04,5.0,47.1,74.81,117.83,0.556,80.78
A0776,2025-05-05,5.0,41.67,66.66,105.47,0.556,72.05
A0776,2025-05-06,5.0,46.16,73.77,116.67,0.556,79.73
A0776,2025-05-07,5.0,48.72,76.32,119.17,0.556,82.27
A0776,2025-05-08,5.0,49.71,79.14,124.85,0.556,85.49
A0776,2025-05-09,5.0,50.19,82.92,133.74,0.556,89.98
A0776,2025-05-10,5.0,51.87,83.11,131.63,0.556,89.85
A0776,2025-05-11,5.0,40.92,66.35,105.85,0.556,71.84
A0776,2025-05-12,5.0,50.51,79.65,124.91,0.556,85.93
A0777,2025-04-29,6.4,69.08,101.97,147.34,0.556,108.27
A0777,2025-04-30,6.4,91.22,136.75,199.54,0.556,145.47
A0777,2025-05-01,6.4,64.34,93.55,133.85,0.556,99.15
A0777,2025-05-02,6.4,84.84,124.76,179.83,0.556,132.41
A0777,2025-05-03,6.4,82.18,120.35,172.99,0.556,127.66
A0777,2025-05-04,6.4,75.39,112.43,163.53,0.556,119.53
A0777,2025-05-05,6.4,64.7,91.92,129.45,0.556,97.13
A0777,2025-05-06,6.4,69.04,102.07,147.64,0.556,108.4
A0777,2025-05-07,6.4,72.24,105.84,152.19,0.556,112.28
A0777,2025-05-08,6.4,78.35,116.75,169.72,0.556,124.11
A0777,2025-05-09,6.4,86.1,126.08,181.22,0.556,133.74
A0777,2025-05-10,6.4,82.23,120.58,173.47,0.556,127.93
A0777,2025-05-11,6.4,59.74,89.12,129.65,0.556,94.75
A0777,2025-05-12,6.4,77.05,110.95,157.71,0.556,117.45
A0778,2025-04-29,335.4,26.4,37.69,54.97,0.909,55.36
A0778,2025-04-30,335.4,37.32,52.69,76.23,0.909,76.76
A0778,2025-05-01,335.4,25.23,36.16,52.88,0.909,53.27
A0778,2025-05-02,335.4,36.13,51.02,73.82,0.909,74.33
A0778,2025-05-03,335.4,37.58,53.61,78.14,0.909,78.7
A0778,2025-05-04,335.4,26.65,38.2,55.9,0.909,56.3
A0778,2025-05-05,335.4,26.19,36.67,52.71,0.909,53.08
A0778,2025-05-06,335.4,26.92,38.27,55.64,0.909,56.04
A0778,2025-05-07,335.4,30.02,41.58,59.27,0.909,59.67
A0778,2025-05-08,335.4,34.08,48.7,71.08,0.909,71.59
A0778,2025-05-09,335.4,35.52,50.61,73.73,0.909,74.25
A0778,2025-05-10,335.4,37.94,53.9,78.33,0.909,78.88
A0778,2025-05-11,335.4,22.56,32.23,47.04,0.909,47.38
A0778,2025-05-12,335.4,31.95,44.83,64.55,0.909,64.99
A0779,2025-04-29,5.7,44.83,65.15,95.76,0.556,69.4
A0779,2025-04-30,5.7,61.78,88.86,129.66,0.556,94.53
A0779,2025-05-01,5.7,38.3,54.18,78.12,0.556,57.51
A0779,2025-05-02,5.7,53.8,79.08,117.15,0.556,84.36
A0779,2025-05-03,5.7,53.07,76.96,112.94,0.556,81.95
A0779,2025-05-04,5.7,50.91,72.41,104.79,0.556,76.9
A0779,2025-05-05,5.7,41.03,56.55,79.94,0.556,59.8
A0779,2025-05-06,5.7,43.82,64.53,95.72,0.556,68.86
A0779,2025-05-07,5.7,47.34,67.63,98.19,0.556,71.87
A0779,2025-05-08,5.7,50.66,74.05,109.28,0.556,78.94
A0779,2025-05-09,5.7,51.74,77.71,116.83,0.556,83.15
A0779,2025-05-10,5.7,54.83,78.82,114.96,0.556,83.84
A0779,2025-05-11,5.7,42.62,61.01,88.72,0.556,64.86
A0779,2025-05-12,5.7,49.18,70.27,102.05,0.556,74.69
A0780,2025-04-29,4.1,13.15,22.34,36.53,0.556,24.31
A0780,2025-04-30,4.1,20.02,31.61,49.51,0.556,34.1
A0780,2025-05-01,4.1,12.05,20.17,32.71,0.556,21.91
A0780,2025-05-02,4.1,16.45,27.41,44.33,0.556,29.76
A0780,2025-05-03,4.1,16.13,26.84,43.37,0.556,29.13
A0780,2025-05-04,4.1,14.28,22.1,34.17,0.556,23.78
A0780,2025-05-05,4.1,13.33,22.47,36.59,0.556,24.43
A0780,2025-05-06,4.1,13.28,22.51,36.77,0.556,24.49
A0780,2025-05-07,4.1,14.62,24.92,40.81,0.556,27.12
A0780,2025-05-08,4.1,15.58,25.32,40.35,0.556,27.4
A0780,2025-05-09,4.1,16.79,27.99,45.28,0.556,30.39
A0780,2025-05-10,4.1,16.87,27.41,43.69,0.556,29.68
A0780,2025-05-11,4.1,10.78,18.07,29.31,0.556,19.63
A0780,2025-05-12,4.1,16.04,26.62,42.95,0.556,28.89
A0781,2025-04-29,2.6,17.99,27.14,40.12,0.556,28.95
A0781,2025-04-30,2.6,24.61,38.21,57.49,0.556,40.89
A0781,2025-05-01,2.6,16.15,25.76,39.4,0.556,27.66
A0781,2025-05-02,2.6,18.84,29.55,44.74,0.556,31.66
A0781,2025-05-03,2.6,20.21,31.14,46.64,0.556,33.3
A0781,2025-05-04,2.6,17.37,28.11,43.35,0.556,30.23
A0781,2025-05-05,2.6,15.98,25.4,38.74,0.556,27.25
A0781,2025-05-06,2.6,17.54,26.69,39.66,0.556,28.49
A0781,2025-05-07,2.6,18.72,27.95,41.03,0.556,29.77
A0781,2025-05-08,2.6,20.45,30.98,45.91,0.556,33.05
A0781,2025-05-09,2.6,19.57,30.32,45.58,0.556,32.44
A0781,2025-05-10,2.6,20.47,31.31,46.68,0.556,33.44
A0781,2025-05-11,2.6,14.1,22.29,33.9,0.556,23.9
A0781,2025-05-12,2.6,20.63,30.74,45.06,0.556,32.73
A0782,2025-04-29,435.2,6.52,11.53,21.06,0.909,21.28
A0782,2025-04-30,435.2,9.2,17.56,33.46,0.909,33.82
A0782,2025-05-01,435.2,6.1,11.57,21.98,0.909,22.21
A0782,2025-05-02,435.2,8.14,15.1,28.35,0.909,28.65
A0782,2025-05-03,435.2,7.5,15.39,30.4,0.909,30.74
A0782,2025-05-04,435.2,6.81,13.84,27.2,0.909,27.5
A0782,2025-05-05,435.2,6.51,13.4,26.48,0.909,26.78
A0782,2025-05-06,435.2,6.38,11.37,20.88,0.909,21.1
A0782,2025-05-07,435.2,7.57,14.08,26.45,0.909,26.73
A0782,2025-05-08,435.2,7.74,14.1,26.2,0.909,26.48
A0782,2025-05-09,435.2,7.96,14.41,26.68,0.909,26.96
A0782,2025-05-10,435.2,8.05,16.71,33.18,0.909,33.55
A0782,2025-05-11,435.2,6.36,12.44,24.01,0.909,24.27
A0782,2025-05-12,435.2,7.27,14.18,27.3,0.909,27.6
A0783,2025-04-29,399.2,6.35,15.1,27.63,0.909,27.92
A0783,2025-04-30,399.2,9.4,24.46,46.02,0.909,46.51
A0783,2025-05-01,399.2,6.59,14.49,25.78,0.909,26.04
A0783,2025-05-02,399.2,8.92,20.23,36.43,0.909,36.79
A0783,2025-05-03,399.2,9.27,20.76,37.22,0.909,37.6
A0783,2025-05-04,399.2,8.21,20.0,36.88,0.909,37.27
A0783,2025-05-05,399.2,7.0,16.61,30.37,0.909,30.68
A0783,2025-05-06,399.2,7.49,16.32,28.96,0.909,29.25
A0783,2025-05-07,399.2,8.22,19.48,35.6,0.909,35.97
A0783,2025-05-08,399.2,8.93,20.36,36.72,0.909,37.09
A0783,2025-05-09,399.2,9.72,20.29,35.41,0.909,35.76
A0783,2025-05-10,399.2,10.27,23.15,41.58,0.909,42.0
A0783,2025-05-11,399.2,7.37,17.69,32.48,0.909,32.81
A0783,2025-05-12,399.2,8.86,19.72,35.27,0.909,35.62
A0784,2025-04-29,411.2,44.46,59.06,84.38,0.909,84.95
A0784,2025-04-30,411.2,58.53,74.98,103.53,0.909,104.18
A0784,2025-05-01,411.2,40.3,58.74,90.73,0.909,91.46
A0784,2025-05-02,411.2,52.12,71.59,105.37,0.909,106.14
A0784,2025-05-03,411.2,50.99,69.7,102.17,0.909,102.91
A0784,2025-05-04,411.2,48.62,62.54,86.69,0.909,87.24
A0784,2025-05-05,411.2,40.25,56.43,84.49,0.909,85.13
A0784,2025-05-06,411.2,43.8,58.55,84.15,0.909,84.74
A0784,2025-05-07,411.2,46.3,60.33,84.67,0.909,85.22
A0784,2025-05-08,411.2,49.82,68.8,101.74,0.909,102.48
A0784,2025-05-09,411.2,51.29,71.14,105.58,0.909,106.36
A0784,2025-05-10,411.2,51.33,70.13,102.74,0.909,103.48
A0784,2025-05-11,411.2,41.49,54.54,77.19,0.909,77.7
A0784,2025-05-12,411.2,46.47,62.94,91.5,0.909,92.15
A0785,2025-04-29,429.0,16.03,25.05,39.51,0.909,39.84
A0785,2025-04-30,429.0,23.65,36.85,58.01,0.909,58.49
A0785,2025-05-01,429.0,16.02,24.58,38.31,0.909,38.62
A0785,2025-05-02,429.0,21.18,31.91,49.11,0.909,49.51
A0785,2025-05-03,429.0,20.83,31.48,48.55,0.909,48.94
A0785,2025-05-04,429.0,19.22,28.7,43.89,0.909,44.23
A0785,2025-05-05,429.0,15.97,23.83,36.41,0.909,36.7
A0785,2025-05-06,429.0,16.73,25.99,40.82,0.909,41.16
A0785,2025-05-07,429.0,18.53,29.61,47.36,0.909,47.76
A0785,2025-05-08,429.0,20.13,30.76,47.81,0.909,48.19
A0785,2025-05-09,429.0,21.35,31.9,48.81,0.909,49.2
A0785,2025-05-10,429.0,21.49,32.61,50.43,0.909,50.83
A0785,2025-05-11,429.0,15.54,24.56,39.01,0.909,39.34
A0785,2025-05-12,429.0,18.44,27.47,41.93,0.909,42.26
A0786,2025-04-29,11.7,27.12,43.67,59.32,0.909,59.67
A0786,2025-04-30,11.7,31.91,48.98,65.12,0.909,65.49
A0786,2025-05-01,11.7,25.61,42.6,58.68,0.909,59.04
A0786,2025-05-02,11.7,28.21,43.79,58.54,0.909,58.87
A0786,2025-05-03,11.7,30.89,49.72,67.54,0.909,67.94
A0786,2025-05-04,11.7,27.35,41.46,54.8,0.909,55.1
A0786,2025-05-05,11.7,25.96,43.12,59.36,0.909,59.72
A0786,2025-05-06,11.7,27.0,43.59,59.28,0.909,59.63
A0786,2025-05-07,11.7,27.38,42.73,57.25,0.909,57.58
A0786,2025-05-08,11.7,29.64,47.43,64.26,0.909,64.64
A0786,2025-05-09,11.7,28.28,44.12,59.11,0.909,59.46
A0786,2025-05-10,11.7,30.89,49.58,67.25,0.909,67.65
A0786,2025-05-11,11.7,23.99,37.01,49.32,0.909,49.6
A0786,2025-05-12,11.7,29.23,47.32,64.43,0.909,64.82
A0787,2025-04-29,4.8,32.18,47.1,71.27,0.556,50.45
A0787,2025-04-30,4.8,42.26,59.64,87.83,0.556,63.56
A0787,2025-05-01,4.8,29.64,43.23,65.27,0.556,46.29
A0787,2025-05-02,4.8,41.01,60.33,91.65,0.556,64.68
A0787,2025-05-03,4.8,41.11,59.72,89.9,0.556,63.91
A0787,2025-05-04,4.8,29.92,42.81,63.69,0.556,45.71
A0787,2025-05-05,4.8,88.12,129.32,196.13,0.556,138.6
A0787,2025-05-06,4.8,90.54,133.65,203.55,0.556,143.36
A0787,2025-05-07,4.8,97.71,144.03,219.12,0.556,154.46
A0787,2025-05-08,4.8,103.48,151.05,228.19,0.556,161.77
A0787,2025-05-09,4.8,114.58,170.56,261.33,0.556,183.17
A0787,2025-05-10,4.8,116.68,170.34,257.34,0.556,182.42
A0787,2025-05-11,4.8,69.26,104.03,160.41,0.556,111.86
A0787,2025-05-12,4.8,29.91,46.22,72.67,0.556,49.9
A0788,2025-04-29,7.4,15.65,24.26,38.37,0.556,26.22
A0788,2025-04-30,7.4,19.22,28.45,43.58,0.556,30.56
A0788,2025-05-01,7.4,10.07,15.98,25.66,0.556,17.32
A0788,2025-05-02,7.4,13.78,23.41,39.2,0.556,25.61
A0788,2025-05-03,7.4,15.01,24.19,39.22,0.556,26.28
A0788,2025-05-04,7.4,10.63,17.35,28.36,0.556,18.88
A0788,2025-05-05,7.4,11.76,18.17,28.67,0.556,19.63
A0788,2025-05-06,7.4,12.25,19.69,31.87,0.556,21.38
A0788,2025-05-07,7.4,13.52,20.93,33.07,0.556,22.62
A0788,2025-05-08,7.4,14.79,22.93,36.26,0.556,24.78
A0788,2025-05-09,7.4,15.08,24.84,40.83,0.556,27.06
A0788,2025-05-10,7.4,16.11,25.29,40.33,0.556,27.38
A0788,2025-05-11,7.4,10.49,17.07,27.84,0.556,18.56
A0788,2025-05-12,7.4,14.45,22.49,35.64,0.556,24.31
A0789,2025-04-29,6.0,27.8,38.82,56.87,0.556,41.32
A0789,2025-04-30,6.0,36.51,48.44,67.98,0.556,51.15
A0789,2025-05-01,6.0,23.76,32.52,46.86,0.556,34.51
A0789,2025-05-02,6.0,32.14,44.37,64.43,0.556,47.16
A0789,2025-05-03,6.0,33.8,47.1,68.89,0.556,50.13
A0789,2025-05-04,6.0,27.27,37.31,53.75,0.556,39.59
A0789,2025-05-05,6.0,24.67,34.98,51.86,0.556,37.32
A0789,2025-05-06,6.0,28.16,39.08,56.99,0.556,41.57
A0789,2025-05-07,6.0,28.18,38.59,55.66,0.556,40.96
A0789,2025-05-08,6.0,31.05,42.28,60.67,0.556,44.84
A0789,2025-05-09,6.0,33.3,45.34,65.06,0.556,48.07
A0789,2025-05-10,6.0,34.4,47.69,69.47,0.556,50.72
A0789,2025-05-11,6.0,21.05,29.88,44.35,0.556,31.89
A0789,2025-05-12,6.0,30.42,42.65,62.71,0.556,45.44
A0790,2025-04-29,5.9,76.4,105.48,150.33,0.556,111.71
A0790,2025-04-30,5.9,99.97,135.87,191.23,0.556,143.56
A0790,2025-05-01,5.9,70.89,97.49,138.52,0.556,103.19
A0790,2025-05-02,5.9,92.63,128.31,183.34,0.556,135.96
A0790,2025-05-03,5.9,90.37,124.49,177.1,0.556,131.79
A0790,2025-05-04,5.9,83.8,115.18,163.58,0.556,121.9
A0790,2025-05-05,5.9,69.51,95.84,136.44,0.556,101.48
A0790,2025-05-06,5.9,75.68,104.6,149.2,0.556,110.79
A0790,2025-05-07,5.9,79.93,110.57,157.82,0.556,117.13
A0790,2025-05-08,5.9,85.5,116.71,164.84,0.556,123.39
A0790,2025-05-09,5.9,91.78,126.48,179.99,0.556,133.91
A0790,2025-05-10,5.9,90.42,125.04,178.43,0.556,132.45
A0790,2025-05-11,5.9,68.26,95.19,136.73,0.556,100.96
A0790,2025-05-12,5.9,80.56,110.04,155.52,0.556,116.36
A0791,2025-04-29,419.8,15.12,22.6,34.01,0.909,34.27
A0791,2025-04-30,419.8,24.12,35.44,52.72,0.909,53.12
A0791,2025-05-01,419.8,14.32,22.36,34.62,0.909,34.9
A0791,2025-05-02,419.8,20.74,31.59,48.14,0.909,48.52
A0791,2025-05-03,419.8,21.31,32.08,48.52,0.909,48.89
A0791,2025-05-04,419.8,17.09,24.19,35.03,0.909,35.28
A0791,2025-05-05,419.8,15.46,23.18,34.94,0.909,35.21
A0791,2025-05-06,419.8,14.48,21.93,33.29,0.909,33.55
A0791,2025-05-07,419.8,17.72,26.69,40.37,0.909,40.68
A0791,2025-05-08,419.8,19.34,29.5,45.02,0.909,45.37
A0791,2025-05-09,419.8,19.26,30.01,46.42,0.909,46.79
A0791,2025-05-10,419.8,21.89,32.67,49.12,0.909,49.5
A0791,2025-05-11,419.8,13.77,19.69,28.73,0.909,28.94
A0791,2025-05-12,419.8,18.29,27.38,41.25,0.909,41.57
A0792,2025-04-29,29.2,3.79,7.52,13.01,0.909,13.14
A0792,2025-04-30,29.2,6.62,11.43,18.52,0.909,18.69
A0792,2025-05-01,29.2,4.13,7.15,11.62,0.909,11.72
A0792,2025-05-02,29.2,5.43,10.46,17.87,0.909,18.04
A0792,2025-05-03,29.2,5.63,10.5,17.67,0.909,17.83
A0792,2025-05-04,29.2,4.31,7.95,13.32,0.909,13.44
A0792,2025-05-05,29.2,4.44,8.38,14.18,0.909,14.31
A0792,2025-05-06,29.2,3.91,7.63,13.12,0.909,13.24
A0792,2025-05-07,29.2,5.02,9.7,16.6,0.909,16.75
A0792,2025-05-08,29.2,5.3,9.31,15.21,0.909,15.35
A0792,2025-05-09,29.2,19.71,39.33,68.23,0.909,68.88
A0792,2025-05-10,29.2,21.72,43.78,76.26,0.909,77.0
A0792,2025-05-11,29.2,11.72,26.81,49.03,0.909,49.54
A0792,2025-05-12,29.2,4.14,8.45,14.79,0.909,14.94
A0793,2025-04-29,9.8,49.48,71.37,108.01,0.556,76.46
A0793,2025-04-30,9.8,63.45,91.64,138.85,0.556,98.2
A0793,2025-05-01,9.8,42.92,63.09,96.87,0.556,67.78
A0793,2025-05-02,9.8,53.98,78.74,120.21,0.556,84.5
A0793,2025-05-03,9.8,58.68,85.32,129.93,0.556,91.51
A0793,2025-05-04,9.8,50.84,74.72,114.7,0.556,80.27
A0793,2025-05-05,9.8,45.45,68.05,105.9,0.556,73.31
A0793,2025-05-06,9.8,50.16,72.02,108.61,0.556,77.1
A0793,2025-05-07,9.8,52.86,77.44,118.6,0.556,83.16
A0793,2025-05-08,9.8,54.68,78.83,119.27,0.556,84.45
A0793,2025-05-09,9.8,54.73,79.38,120.65,0.556,85.11
A0793,2025-05-10,9.8,58.42,85.12,129.83,0.556,91.33
A0793,2025-05-11,9.8,43.46,65.06,101.21,0.556,70.08
A0793,2025-05-12,9.8,54.63,80.19,122.99,0.556,86.13
A0794,2025-04-29,156.5,25.12,36.02,53.13,0.909,53.52
A0794,2025-04-30,156.5,35.57,52.78,79.78,0.909,80.39
A0794,2025-05-01,156.5,22.52,31.76,46.25,0.909,46.58
A0794,2025-05-02,156.5,31.24,43.0,61.45,0.909,61.87
A0794,2025-05-03,156.5,60.66,89.74,135.36,0.909,136.4
A0794,2025-05-04,156.5,50.27,77.07,119.13,0.909,120.08
A0794,2025-05-05,156.5,44.53,62.82,91.5,0.909,92.16
A0794,2025-05-06,156.5,46.11,71.58,111.54,0.909,112.44
A0794,2025-05-07,156.5,49.54,76.79,119.55,0.909,120.52
A0794,2025-05-08,156.5,51.99,80.21,124.48,0.909,125.49
A0794,2025-05-09,156.5,56.82,84.43,127.74,0.909,128.72
A0794,2025-05-10,156.5,26.01,38.52,58.14,0.909,58.59
A0794,2025-05-11,156.5,19.78,28.76,42.84,0.909,43.16
A0794,2025-05-12,156.5,24.99,34.53,49.49,0.909,49.83
A0795,2025-04-29,6.6,6.61,26.01,59.27,0.556,30.63
A0795,2025-04-30,6.6,11.17,37.08,82.25,0.556,43.35
A0795,2025-05-01,6.6,7.11,26.79,60.48,0.556,31.47
A0795,2025-05-02,6.6,11.53,37.02,80.76,0.556,43.09
A0795,2025-05-03,6.6,12.29,38.08,82.39,0.556,44.24
A0795,2025-05-04,6.6,9.65,32.99,72.65,0.556,38.49
A0795,2025-05-05,6.6,8.74,29.92,66.03,0.556,34.93
A0795,2025-05-06,6.6,9.44,31.35,68.67,0.556,36.53
A0795,2025-05-07,6.6,11.04,34.28,74.22,0.556,39.82
A0795,2025-05-08,6.6,12.21,36.65,79.21,0.556,42.56
A0795,2025-05-09,6.6,13.87,39.86,85.39,0.556,46.18
A0795,2025-05-10,6.6,14.64,40.9,87.11,0.556,47.31
A0795,2025-05-11,6.6,8.53,28.42,62.62,0.556,33.17
A0795,2025-05-12,6.6,12.25,35.81,77.23,0.556,41.56
A0796,2025-04-29,435.9,42.96,60.36,85.78,0.909,86.36
A0796,2025-04-30,435.9,56.05,81.37,118.37,0.909,119.21
A0796,2025-05-01,435.9,37.29,50.33,69.38,0.909,69.81
A0796,2025-05-02,435.9,49.96,69.2,97.31,0.909,97.95
A0796,2025-05-03,435.9,48.82,68.05,96.14,0.909,96.78
A0796,2025-05-04,435.9,46.27,66.2,95.3,0.909,95.97
A0796,2025-05-05,435.9,40.16,55.51,77.94,0.909,78.45
A0796,2025-05-06,435.9,41.92,59.17,84.36,0.909,84.93
A0796,2025-05-07,435.9,42.15,59.6,85.09,0.909,85.67
A0796,2025-05-08,435.9,45.92,62.5,86.71,0.909,87.26
A0796,2025-05-09,435.9,50.51,69.09,96.23,0.909,96.85
A0796,2025-05-10,435.9,48.28,67.98,96.75,0.909,97.4
A0796,2025-05-11,435.9,36.16,51.22,73.22,0.909,73.72
A0796,2025-05-12,435.9,45.99,63.61,89.35,0.909,89.93
A0797,2025-04-29,2.8,36.29,57.56,86.71,0.556,61.61
A0797,2025-04-30,2.8,49.87,87.9,139.98,0.556,95.13
A0797,2025-05-01,2.8,33.06,52.83,79.91,0.556,56.59
A0797,2025-05-02,2.8,42.18,67.68,102.62,0.556,72.54
A0797,2025-05-03,2.8,45.05,72.46,109.99,0.556,77.67
A0797,2025-05-04,2.8,15.47,29.42,48.54,0.556,32.08
A0797,2025-05-05,2.8,15.63,27.22,43.09,0.556,29.43
A0797,2025-05-06,2.8,17.99,29.96,46.37,0.556,32.24
A0797,2025-05-07,2.8,19.65,33.05,51.4,0.556,35.6
A0797,2025-05-08,2.8,22.45,36.32,55.32,0.556,38.96
A0797,2025-05-09,2.8,24.12,38.42,58.0,0.556,41.14
A0797,2025-05-10,2.8,25.87,41.32,62.47,0.556,44.26
A0797,2025-05-11,2.8,17.21,27.03,40.47,0.556,28.89
A0797,2025-05-12,2.8,23.05,36.54,55.01,0.556,39.1
A0798,2025-04-29,31.6,10.03,15.04,22.33,0.909,22.49
A0798,2025-04-30,31.6,15.23,24.9,38.98,0.909,39.3
A0798,2025-05-01,31.6,9.53,14.11,20.78,0.909,20.93
A0798,2025-05-02,31.6,13.71,20.3,29.9,0.909,30.12
A0798,2025-05-03,31.6,13.74,20.47,30.26,0.909,30.49
A0798,2025-05-04,31.6,11.59,19.36,30.67,0.909,30.93
A0798,2025-05-05,31.6,10.13,16.28,25.24,0.909,25.44
A0798,2025-05-06,31.6,10.12,14.98,22.07,0.909,22.23
A0798,2025-05-07,31.6,11.62,18.38,28.22,0.909,28.45
A0798,2025-05-08,31.6,12.39,18.62,27.68,0.909,27.88
A0798,2025-05-09,31.6,13.54,19.27,27.61,0.909,27.8
A0798,2025-05-10,31.6,14.34,21.8,32.67,0.909,32.92
A0798,2025-05-11,31.6,9.4,15.05,23.27,0.909,23.46
A0798,2025-05-12,31.6,11.49,18.22,28.02,0.909,28.24
A0799,2025-04-29,437.5,104.18,149.79,219.25,0.909,220.82
A0799,2025-04-30,437.5,141.64,194.94,276.09,0.909,277.94
A0799,2025-05-01,437.5,33.75,50.69,76.49,0.909,77.08
A0799,2025-05-02,437.5,49.14,66.7,93.42,0.909,94.03
A0799,2025-05-03,437.5,50.74,70.38,100.3,0.909,100.97
A0799,2025-05-04,437.5,53.14,69.89,95.39,0.909,95.97
A0799,2025-05-05,437.5,42.3,59.25,85.06,0.909,85.65
A0799,2025-05-06,437.5,45.01,63.69,92.14,0.909,92.79
A0799,2025-05-07,437.5,49.76,66.66,92.38,0.909,92.97
A0799,2025-05-08,437.5,51.51,70.01,98.18,0.909,98.82
A0799,2025-05-09,437.5,54.12,71.54,98.06,0.909,98.66
A0799,2025-05-10,437.5,56.3,76.35,106.87,0.909,107.57
A0799,2025-05-11,437.5,44.36,58.81,80.82,0.909,81.32
A0799,2025-05-12,437.5,51.1,68.69,95.47,0.909,96.08
A0800,2025-04-29,399.5,0.17,8.18,23.85,0.909,24.21
A0800,2025-04-30,399.5,1.37,11.91,32.4,0.909,32.87
A0800,2025-05-01,399.5,0.58,9.5,26.59,0.909,26.98
A0800,2025-05-02,399.5,1.99,13.37,35.08,0.909,35.57
A0800,2025-05-03,399.5,2.87,15.19,38.58,0.909,39.11
A0800,2025-05-04,399.5,1.59,12.46,32.47,0.909,32.92
A0800,2025-05-05,399.5,1.86,13.14,33.67,0.909,34.14
A0800,2025-05-06,399.5,2.15,13.94,35.08,0.909,35.56
A0800,2025-05-07,399.5,2.91,15.7,38.47,0.909,38.99
A0800,2025-05-08,399.5,3.78,18.05,43.34,0.909,43.92
A0800,2025-05-09,399.5,4.87,20.33,48.02,0.909,48.65
A0800,2025-05-10,399.5,5.5,21.49,50.12,0.909,50.77
A0800,2025-05-11,399.5,2.26,14.17,35.04,0.909,35.51
A0800,2025-05-12,399.5,4.03,18.5,43.86,0.909,44.43
A0801,2025-04-29,24.2,17.4,24.5,35.51,0.909,35.76
A0801,2025-04-30,24.2,25.65,34.35,47.83,0.909,48.14
A0801,2025-05-01,24.2,15.66,23.43,35.49,0.909,35.77
A0801,2025-05-02,24.2,21.76,30.06,42.93,0.909,43.22
A0801,2025-05-03,24.2,22.5,30.39,42.62,0.909,42.9
A0801,2025-05-04,24.2,19.67,25.78,35.25,0.909,35.47
A0801,2025-05-05,24.2,17.59,25.69,38.25,0.909,38.54
A0801,2025-05-06,24.2,17.89,25.06,36.18,0.909,36.43
A0801,2025-05-07,24.2,20.09,28.61,41.81,0.909,42.11
A0801,2025-05-08,24.2,20.69,28.4,40.35,0.909,40.62
A0801,2025-05-09,24.2,21.99,30.44,43.53,0.909,43.83
A0801,2025-05-10,24.2,23.89,31.8,44.06,0.909,44.34
A0801,2025-05-11,24.2,16.15,22.43,32.18,0.909,32.41
A0801,2025-05-12,24.2,20.69,28.73,41.2,0.909,41.48
A0802,2025-04-29,304.5,23.48,35.53,55.78,0.909,56.25
A0802,2025-04-30,304.5,37.85,59.62,96.24,0.909,97.07
A0802,2025-05-01,304.5,20.69,30.92,48.12,0.909,48.51
A0802,2025-05-02,304.5,29.54,45.28,71.73,0.909,72.34
A0802,2025-05-03,304.5,30.87,47.21,74.68,0.909,75.3
A0802,2025-05-04,304.5,29.52,45.57,72.56,0.909,73.18
A0802,2025-05-05,304.5,22.95,35.16,55.68,0.909,56.15
A0802,2025-05-06,304.5,24.17,36.46,57.12,0.909,57.59
A0802,2025-05-07,304.5,28.37,44.14,70.65,0.909,71.25
A0802,2025-05-08,304.5,28.92,44.04,69.47,0.909,70.05
A0802,2025-05-09,304.5,29.45,44.3,69.26,0.909,69.83
A0802,2025-05-10,304.5,33.38,51.66,82.41,0.909,83.11
A0802,2025-05-11,304.5,24.37,38.43,62.07,0.909,62.61
A0802,2025-05-12,304.5,26.89,40.88,64.38,0.909,64.92
A0803,2025-04-29,7.4,24.22,37.55,59.51,0.556,40.6
A0803,2025-04-30,7.4,29.99,44.46,68.31,0.556,47.78
A0803,2025-05-01,7.4,22.09,32.75,50.31,0.556,35.19
A0803,2025-05-02,7.4,32.76,48.92,75.54,0.556,52.62
A0803,2025-05-03,7.4,31.92,48.67,76.26,0.556,52.5
A0803,2025-05-04,7.4,25.46,38.2,59.2,0.556,41.12
A0803,2025-05-05,7.4,24.92,36.23,54.88,0.556,38.82
A0803,2025-05-06,7.4,26.38,39.75,61.77,0.556,42.81
A0803,2025-05-07,7.4,28.1,40.82,61.79,0.556,43.73
A0803,2025-05-08,7.4,30.53,45.44,70.02,0.556,48.86
A0803,2025-05-09,7.4,32.66,48.84,75.49,0.556,52.54
A0803,2025-05-10,7.4,32.72,49.52,77.21,0.556,53.37
A0803,2025-05-11,7.4,23.81,35.54,54.87,0.556,38.22
A0803,2025-05-12,7.4,29.41,43.81,67.54,0.556,47.11
A0804,2025-04-29,5.1,8.76,16.16,29.59,0.556,18.03
A0804,2025-04-30,5.1,14.05,24.19,42.58,0.556,26.74
A0804,2025-05-01,5.1,7.01,14.54,28.21,0.556,16.44
A0804,2025-05-02,5.1,12.27,22.01,39.68,0.556,24.47
A0804,2025-05-03,5.1,12.86,21.73,37.83,0.556,23.97
A0804,2025-05-04,5.1,9.87,16.72,29.14,0.556,18.44
A0804,2025-05-05,5.1,10.2,16.86,28.93,0.556,18.53
A0804,2025-05-06,5.1,9.36,16.82,30.34,0.556,18.69
A0804,2025-05-07,5.1,10.6,19.02,34.29,0.556,21.14
A0804,2025-05-08,5.1,10.73,19.26,34.73,0.556,21.41
A0804,2025-05-09,5.1,12.35,22.46,40.79,0.556,25.0
A0804,2025-05-10,5.1,14.0,22.66,38.36,0.556,24.84
A0804,2025-05-11,5.1,8.52,14.59,25.6,0.556,16.12
A0804,2025-05-12,5.1,12.35,19.87,33.52,0.556,21.77
A0805,2025-04-29,7.2,20.56,58.13,125.78,0.556,67.53
A0805,2025-04-30,7.2,32.76,84.28,179.36,0.556,97.49
A0805,2025-05-01,7.2,22.98,62.08,131.57,0.556,71.73
A0805,2025-05-02,7.2,33.28,82.89,173.04,0.556,95.41
A0805,2025-05-03,7.2,35.45,85.96,177.99,0.556,98.74
A0805,2025-05-04,7.2,29.93,76.73,160.91,0.556,88.42
A0805,2025-05-05,7.2,25.65,66.39,138.58,0.556,76.42
A0805,2025-05-06,7.2,27.89,70.31,146.05,0.556,80.83
A0805,2025-05-07,7.2,30.83,75.32,155.28,0.556,86.42
A0805,2025-05-08,7.2,33.68,81.3,167.84,0.556,93.32
A0805,2025-05-09,7.2,36.42,86.18,177.24,0.556,98.83
A0805,2025-05-10,7.2,38.0,88.51,181.0,0.556,101.36
A0805,2025-05-11,7.2,23.48,61.25,127.52,0.556,70.45
A0805,2025-05-12,7.2,32.8,78.67,161.76,0.556,90.21
A0806,2025-04-29,4.9,66.56,90.83,130.97,0.556,96.4
A0806,2025-04-30,4.9,91.09,122.88,175.46,0.556,130.18
A0806,2025-05-01,4.9,56.79,75.06,105.26,0.556,79.25
A0806,2025-05-02,4.9,76.25,100.61,140.9,0.556,106.2
A0806,2025-05-03,4.9,77.13,103.96,148.33,0.556,110.12
A0806,2025-05-04,4.9,73.07,96.71,135.82,0.556,102.15
A0806,2025-05-05,4.9,58.82,78.57,111.23,0.556,83.11
A0806,2025-05-06,4.9,66.66,91.09,131.49,0.556,96.7
A0806,2025-05-07,4.9,65.5,90.03,130.62,0.556,95.67
A0806,2025-05-08,4.9,72.19,97.1,138.3,0.556,102.82
A0806,2025-05-09,4.9,79.56,104.16,144.84,0.556,109.81
A0806,2025-05-10,4.9,77.56,104.48,149.02,0.556,110.67
A0806,2025-05-11,4.9,53.3,73.22,106.16,0.556,77.79
A0806,2025-05-12,4.9,71.79,96.88,138.39,0.556,102.65
A0807,2025-04-29,29.0,44.92,63.21,92.46,0.909,93.12
A0807,2025-04-30,29.0,68.19,99.48,149.54,0.909,150.67
A0807,2025-05-01,29.0,44.77,58.87,81.43,0.909,81.95
A0807,2025-05-02,29.0,62.13,92.54,141.18,0.909,142.29
A0807,2025-05-03,29.0,61.16,91.35,139.64,0.909,140.74
A0807,2025-05-04,29.0,60.88,85.39,124.58,0.909,125.47
A0807,2025-05-05,29.0,50.95,70.65,102.15,0.909,102.87
A0807,2025-05-06,29.0,50.89,69.32,98.79,0.909,99.46
A0807,2025-05-07,29.0,53.41,77.79,116.78,0.909,117.66
A0807,2025-05-08,29.0,59.46,83.45,121.82,0.909,122.69
A0807,2025-05-09,29.0,64.18,93.61,140.68,0.909,141.75
A0807,2025-05-10,29.0,63.31,95.61,147.26,0.909,148.44
A0807,2025-05-11,29.0,46.24,68.07,102.97,0.909,103.76
A0807,2025-05-12,29.0,56.32,82.31,123.87,0.909,124.82
A0808,2025-04-29,371.1,3.16,8.02,14.76,0.909,14.91
A0808,2025-04-30,371.1,4.31,10.52,19.13,0.909,19.33
A0808,2025-05-01,371.1,3.33,8.62,15.96,0.909,16.13
A0808,2025-05-02,371.1,4.66,11.3,20.52,0.909,20.73
A0808,2025-05-03,371.1,4.95,11.68,21.01,0.909,21.22
A0808,2025-05-04,371.1,2.7,7.42,13.97,0.909,14.12
A0808,2025-05-05,371.1,3.04,8.14,15.21,0.909,15.37
A0808,2025-05-06,371.1,3.54,8.41,15.17,0.909,15.32
A0808,2025-05-07,371.1,3.52,8.53,15.49,0.909,15.65
A0808,2025-05-08,371.1,4.45,10.89,19.83,0.909,20.04
A0808,2025-05-09,371.1,5.05,11.74,21.02,0.909,21.23
A0808,2025-05-10,371.1,5.23,11.95,21.27,0.909,21.48
A0808,2025-05-11,371.1,2.81,6.93,12.64,0.909,12.76
A0808,2025-05-12,371.1,8.61,21.33,38.99,0.909,39.39
A0809,2025-04-29,331.8,14.42,22.9,36.69,0.909,37.01
A0809,2025-04-30,331.8,19.45,30.75,49.13,0.909,49.54
A0809,2025-05-01,331.8,14.09,22.42,35.96,0.909,36.27
A0809,2025-05-02,331.8,20.33,30.9,48.1,0.909,48.49
A0809,2025-05-03,331.8,22.54,34.92,55.05,0.909,55.5
A0809,2025-05-04,331.8,13.35,21.57,34.95,0.909,35.25
A0809,2025-05-05,331.8,14.57,22.26,34.78,0.909,35.06
A0809,2025-05-06,331.8,15.76,24.27,38.11,0.909,38.42
A0809,2025-05-07,331.8,16.58,25.93,41.14,0.909,41.49
A0809,2025-05-08,331.8,19.61,31.32,50.37,0.909,50.81
A0809,2025-05-09,331.8,21.44,32.1,49.46,0.909,49.85
A0809,2025-05-10,331.8,22.99,35.32,55.39,0.909,55.85
A0809,2025-05-11,331.8,12.16,19.4,31.17,0.909,31.44
A0809,2025-05-12,331.8,18.35,28.28,44.44,0.909,44.8
A0810,2025-04-29,29.6,8.71,15.16,24.79,0.909,25.01
A0810,2025-04-30,29.6,11.76,18.56,28.72,0.909,28.95
A0810,2025-05-01,29.6,9.03,14.17,21.87,0.909,22.04
A0810,2025-05-02,29.6,12.8,20.91,33.03,0.909,33.31
A0810,2025-05-03,29.6,13.27,21.95,34.94,0.909,35.23
A0810,2025-05-04,29.6,8.9,14.58,23.07,0.909,23.27
A0810,2025-05-05,29.6,9.28,15.72,25.36,0.909,25.57
A0810,2025-05-06,29.6,9.95,16.4,26.04,0.909,26.26
A0810,2025-05-07,29.6,10.72,18.77,30.79,0.909,31.07
A0810,2025-05-08,29.6,11.73,19.12,30.18,0.909,30.43
A0810,2025-05-09,29.6,13.77,21.43,32.88,0.909,33.14
A0810,2025-05-10,29.6,13.53,22.8,36.66,0.909,36.97
A0810,2025-05-11,29.6,7.7,14.21,23.95,0.909,24.17
A0810,2025-05-12,29.6,10.94,18.64,30.16,0.909,30.42
A0811,2025-04-29,364.3,61.41,83.25,119.91,0.909,120.74
A0811,2025-04-30,364.3,77.71,103.66,147.24,0.909,148.23
A0811,2025-05-01,364.3,56.21,77.69,113.76,0.909,114.58
A0811,2025-05-02,364.3,70.59,93.53,132.03,0.909,132.9
A0811,2025-05-03,364.3,67.66,91.44,131.34,0.909,132.25
A0811,2025-05-04,364.3,63.01,83.87,118.87,0.909,119.67
A0811,2025-05-05,364.3,60.18,83.02,121.36,0.909,122.23
A0811,2025-05-06,364.3,59.19,80.98,117.57,0.909,118.4
A0811,2025-05-07,364.3,63.49,86.04,123.88,0.909,124.74
A0811,2025-05-08,364.3,65.96,88.87,127.32,0.909,128.19
A0811,2025-05-09,364.3,68.33,90.77,128.45,0.909,129.31
A0811,2025-05-10,364.3,68.85,93.24,134.17,0.909,135.1
A0811,2025-05-11,364.3,56.64,75.68,107.63,0.909,108.35
A0811,2025-05-12,364.3,65.64,88.84,127.78,0.909,128.66
A0812,2025-04-29,29.0,12.28,18.44,27.86,0.909,28.08
A0812,2025-04-30,29.0,16.07,27.42,44.76,0.909,45.16
A0812,2025-05-01,29.0,11.84,18.41,28.46,0.909,28.69
A0812,2025-05-02,29.0,16.4,25.12,38.47,0.909,38.77
A0812,2025-05-03,29.0,16.26,24.93,38.18,0.909,38.48
A0812,2025-05-04,29.0,12.73,21.32,34.45,0.909,34.75
A0812,2025-05-05,29.0,12.08,19.27,30.26,0.909,30.51
A0812,2025-05-06,29.0,12.06,18.37,28.02,0.909,28.24
A0812,2025-05-07,29.0,13.43,22.29,35.85,0.909,36.16
A0812,2025-05-08,29.0,15.15,24.34,38.4,0.909,38.72
A0812,2025-05-09,29.0,15.8,24.49,37.77,0.909,38.08
A0812,2025-05-10,29.0,16.78,26.16,40.5,0.909,40.82
A0812,2025-05-11,29.0,11.02,19.26,31.86,0.909,32.15
A0812,2025-05-12,29.0,13.91,22.16,34.78,0.909,35.06
A0813,2025-04-29,26.3,11.78,18.28,29.68,0.909,29.94
A0813,2025-04-30,26.3,17.01,24.55,37.78,0.909,38.08
A0813,2025-05-01,26.3,11.09,16.21,25.18,0.909,25.38
A0813,2025-05-02,26.3,15.35,24.41,40.31,0.909,40.67
A0813,2025-05-03,26.3,15.65,23.51,37.31,0.909,37.62
A0813,2025-05-04,26.3,13.14,18.74,28.59,0.909,28.81
A0813,2025-05-05,26.3,18.16,25.82,39.26,0.909,39.56
A0813,2025-05-06,26.3,17.93,26.82,42.44,0.909,42.79
A0813,2025-05-07,26.3,19.02,29.37,47.52,0.909,47.93
A0813,2025-05-08,26.3,19.38,29.12,46.22,0.909,46.61
A0813,2025-05-09,26.3,21.95,33.79,54.58,0.909,55.05
A0813,2025-05-10,26.3,22.43,33.0,51.56,0.909,51.98
A0813,2025-05-11,26.3,13.87,21.3,34.33,0.909,34.62
A0813,2025-05-12,26.3,18.34,26.63,41.19,0.909,41.52
A0814,2025-04-29,35.2,0.0,5.5,18.36,0.909,18.65
A0814,2025-04-30,35.2,0.52,9.41,27.85,0.909,28.27
A0814,2025-05-01,35.2,0.33,6.91,21.62,0.909,21.96
A0814,2025-05-02,35.2,1.47,10.81,30.09,0.909,30.52
A0814,2025-05-03,35.2,2.06,12.11,32.55,0.909,33.01
A0814,2025-05-04,35.2,1.27,10.23,28.48,0.909,28.9
A0814,2025-05-05,35.2,1.61,10.61,28.98,0.909,29.39
A0814,2025-05-06,35.2,1.66,10.83,29.16,0.909,29.58
A0814,2025-05-07,35.2,2.63,13.54,34.52,0.909,34.99
A0814,2025-05-08,35.2,3.14,15.08,37.89,0.909,38.41
A0814,2025-05-09,35.2,3.98,17.15,41.96,0.909,42.52
A0814,2025-05-10,35.2,4.59,18.53,44.45,0.909,45.04
A0814,2025-05-11,35.2,2.12,11.92,30.86,0.909,31.29
A0814,2025-05-12,35.2,3.27,15.48,38.22,0.909,38.73
A0815,2025-04-29,35.0,2.03,13.92,34.1,0.909,34.56
A0815,2025-04-30,35.0,4.53,20.67,48.17,0.909,48.79
A0815,2025-05-01,35.0,2.32,14.29,34.94,0.909,35.41
A0815,2025-05-02,35.0,4.27,19.63,45.57,0.909,46.16
A0815,2025-05-03,35.0,4.48,19.95,46.09,0.909,46.68
A0815,2025-05-04,35.0,2.97,16.74,40.15,0.909,40.68
A0815,2025-05-05,35.0,2.39,14.64,35.69,0.909,36.17
A0815,2025-05-06,35.0,2.38,14.91,36.07,0.909,36.55
A0815,2025-05-07,35.0,3.48,17.29,40.78,0.909,41.32
A0815,2025-05-08,35.0,4.01,18.46,43.3,0.909,43.87
A0815,2025-05-09,35.0,4.73,20.12,46.5,0.909,47.1
A0815,2025-05-10,35.0,5.4,21.36,48.84,0.909,49.46
A0815,2025-05-11,35.0,2.26,13.9,34.06,0.909,34.52
A0815,2025-05-12,35.0,3.87,17.83,41.96,0.909,42.51
A0816,2025-04-29,355.0,2.5,6.56,12.79,0.909,12.93
A0816,2025-04-30,355.0,4.3,8.45,14.81,0.909,14.96
A0816,2025-05-01,355.0,2.52,6.29,12.06,0.909,12.19
A0816,2025-05-02,355.0,3.36,8.26,15.77,0.909,15.94
A0816,2025-05-03,355.0,3.77,9.03,17.1,0.909,17.28
A0816,2025-05-04,355.0,2.83,7.01,13.42,0.909,13.56
A0816,2025-05-05,355.0,2.64,7.1,13.92,0.909,14.08
A0816,2025-05-06,355.0,2.7,6.79,13.06,0.909,13.2
A0816,2025-05-07,355.0,3.24,7.67,14.47,0.909,14.62
A0816,2025-05-08,355.0,3.52,8.35,15.76,0.909,15.93
A0816,2025-05-09,355.0,3.66,8.09,14.87,0.909,15.02
A0816,2025-05-10,355.0,4.26,10.11,19.08,0.909,19.28
A0816,2025-05-11,355.0,2.33,6.83,13.72,0.909,13.88
A0816,2025-05-12,355.0,3.29,8.0,15.22,0.909,15.38
A0817,2025-04-29,4.7,34.87,50.51,75.2,0.556,53.94
A0817,2025-04-30,4.7,48.6,67.18,96.52,0.556,71.26
A0817,2025-05-01,4.7,30.27,41.61,59.5,0.556,44.09
A0817,2025-05-02,4.7,44.51,64.68,96.54,0.556,69.11
A0817,2025-05-03,4.7,44.12,63.96,95.28,0.556,68.31
A0817,2025-05-04,4.7,55.77,76.76,109.9,0.556,81.36
A0817,2025-05-05,4.7,51.54,71.94,104.15,0.556,76.41
A0817,2025-05-06,4.7,52.64,75.59,111.82,0.556,80.62
A0817,2025-05-07,4.7,32.87,48.55,73.31,0.556,51.99
A0817,2025-05-08,4.7,36.34,51.37,75.08,0.556,54.66
A0817,2025-05-09,4.7,41.62,61.55,93.01,0.556,65.92
A0817,2025-05-10,4.7,42.66,62.42,93.63,0.556,66.75
A0817,2025-05-11,4.7,28.17,40.42,59.77,0.556,43.11
A0817,2025-05-12,4.7,38.98,55.73,82.18,0.556,59.4
A0818,2025-04-29,13.0,35.58,50.86,77.16,0.909,77.75
A0818,2025-04-30,13.0,42.6,67.39,110.06,0.909,111.03
A0818,2025-05-01,13.0,31.85,46.35,71.3,0.909,71.86
A0818,2025-05-02,13.0,41.21,56.9,83.91,0.909,84.52
A0818,2025-05-03,13.0,40.36,57.4,86.73,0.909,87.4
A0818,2025-05-04,13.0,35.13,53.51,85.14,0.909,85.86
A0818,2025-05-05,13.0,34.01,50.64,79.28,0.909,79.93
A0818,2025-05-06,13.0,35.5,50.62,76.64,0.909,77.23
A0818,2025-05-07,13.0,35.99,52.78,81.69,0.909,82.34
A0818,2025-05-08,13.0,38.74,54.68,82.13,0.909,82.76
A0818,2025-05-09,13.0,41.59,56.87,83.16,0.909,83.76
A0818,2025-05-10,13.0,40.34,57.52,87.08,0.909,87.75
A0818,2025-05-11,13.0,31.01,44.52,67.78,0.909,68.31
A0818,2025-05-12,13.0,38.79,56.38,86.67,0.909,87.35
A0819,2025-04-29,394.1,74.42,99.66,136.12,0.909,136.95
A0819,2025-04-30,394.1,104.15,138.27,187.55,0.909,188.67
A0819,2025-05-01,394.1,67.86,86.68,113.88,0.909,114.5
A0819,2025-05-02,394.1,89.01,117.4,158.41,0.909,159.34
A0819,2025-05-03,394.1,85.75,114.37,155.7,0.909,156.64
A0819,2025-05-04,394.1,86.41,112.7,150.69,0.909,151.55
A0819,2025-05-05,394.1,72.07,93.36,124.1,0.909,124.8
A0819,2025-05-06,394.1,73.66,99.04,135.69,0.909,136.52
A0819,2025-05-07,394.1,77.95,105.92,146.32,0.909,147.24
A0819,2025-05-08,394.1,83.24,110.94,150.95,0.909,151.86
A0819,2025-05-09,394.1,87.93,115.4,155.09,0.909,155.99
A0819,2025-05-10,394.1,187.78,252.21,345.26,0.909,347.38
A0819,2025-05-11,394.1,144.17,195.07,268.59,0.909,270.26
A0819,2025-05-12,394.1,161.03,216.24,295.99,0.909,297.8
A0820,2025-04-29,204.1,29.18,39.94,58.94,0.909,59.37
A0820,2025-04-30,204.1,39.67,54.38,80.35,0.909,80.94
A0820,2025-05-01,204.1,25.44,34.19,49.65,0.909,50.0
A0820,2025-05-02,204.1,35.26,47.03,67.81,0.909,68.29
A0820,2025-05-03,204.1,35.74,49.83,74.71,0.909,75.28
A0820,2025-05-04,204.1,31.38,43.25,64.2,0.909,64.67
A0820,2025-05-05,204.1,26.27,35.12,50.75,0.909,51.1
A0820,2025-05-06,204.1,28.88,39.57,58.44,0.909,58.87
A0820,2025-05-07,204.1,31.41,42.63,62.45,0.909,62.9
A0820,2025-05-08,204.1,33.05,44.94,65.93,0.909,66.41
A0820,2025-05-09,204.1,34.31,45.92,66.43,0.909,66.89
A0820,2025-05-10,204.1,35.85,49.96,74.86,0.909,75.42
A0820,2025-05-11,204.1,26.77,36.37,53.31,0.909,53.69
A0820,2025-05-12,204.1,31.31,42.24,61.54,0.909,61.98
A0821,2025-04-29,314.0,10.32,17.74,28.38,0.909,28.63
A0821,2025-04-30,314.0,23.21,37.58,58.19,0.909,58.66
A0821,2025-05-01,314.0,15.11,25.88,41.34,0.909,41.7
A0821,2025-05-02,314.0,21.31,33.83,51.77,0.909,52.18
A0821,2025-05-03,314.0,21.75,35.21,54.51,0.909,54.95
A0821,2025-05-04,314.0,12.89,22.63,36.6,0.909,36.92
A0821,2025-05-05,314.0,15.1,24.92,39.0,0.909,39.32
A0821,2025-05-06,314.0,9.16,16.55,27.15,0.909,27.39
A0821,2025-05-07,314.0,11.14,18.98,30.21,0.909,30.47
A0821,2025-05-08,314.0,12.73,22.69,36.98,0.909,37.3
A0821,2025-05-09,314.0,23.07,35.86,54.22,0.909,54.63
A0821,2025-05-10,314.0,23.54,37.48,57.47,0.909,57.92
A0821,2025-05-11,314.0,12.36,20.1,31.19,0.909,31.45
A0821,2025-05-12,314.0,11.34,19.92,32.22,0.909,32.5
A0822,2025-04-29,28.1,7.5,12.19,20.15,0.909,20.33
A0822,2025-04-30,28.1,11.03,17.0,27.12,0.909,27.35
A0822,2025-05-01,28.1,6.83,12.39,21.82,0.909,22.04
A0822,2025-05-02,28.1,10.38,16.26,26.23,0.909,26.45
A0822,2025-05-03,28.1,10.13,16.41,27.05,0.909,27.29
A0822,2025-05-04,28.1,8.13,12.99,21.22,0.909,21.4
A0822,2025-05-05,28.1,7.67,12.62,21.02,0.909,21.21
A0822,2025-05-06,28.1,7.51,12.34,20.51,0.909,20.7
A0822,2025-05-07,28.1,8.93,14.37,23.58,0.909,23.79
A0822,2025-05-08,28.1,9.16,15.52,26.31,0.909,26.55
A0822,2025-05-09,28.1,10.02,15.98,26.1,0.909,26.33
A0822,2025-05-10,28.1,10.48,17.02,28.1,0.909,28.35
A0822,2025-05-11,28.1,7.01,12.05,20.59,0.909,20.78
A0822,2025-05-12,28.1,9.07,14.31,23.18,0.909,23.38
A0823,2025-04-29,413.8,5.42,10.64,18.53,0.909,18.71
A0823,2025-04-30,413.8,6.65,12.91,22.37,0.909,22.58
A0823,2025-05-01,413.8,4.76,9.26,16.08,0.909,16.23
A0823,2025-05-02,413.8,7.21,14.35,25.14,0.909,25.39
A0823,2025-05-03,413.8,7.41,14.73,25.78,0.909,26.03
A0823,2025-05-04,413.8,4.47,9.16,16.25,0.909,16.41
A0823,2025-05-05,413.8,5.57,10.78,18.65,0.909,18.83
A0823,2025-05-06,413.8,5.37,10.51,18.27,0.909,18.45
A0823,2025-05-07,413.8,6.21,12.08,20.94,0.909,21.14
A0823,2025-05-08,413.8,6.65,13.0,22.59,0.909,22.81
A0823,2025-05-09,413.8,7.19,14.04,24.4,0.909,24.64
A0823,2025-05-10,413.8,7.83,15.23,26.42,0.909,26.68
A0823,2025-05-11,413.8,5.04,9.27,15.65,0.909,15.79
A0823,2025-05-12,413.8,7.1,13.66,23.57,0.909,23.8
A0824,2025-04-29,6.9,18.12,26.51,41.19,0.556,28.55
A0824,2025-04-30,6.9,23.36,34.83,54.93,0.556,37.62
A0824,2025-05-01,6.9,16.52,23.55,35.86,0.556,25.26
A0824,2025-05-02,6.9,23.46,33.84,52.02,0.556,36.37
A0824,2025-05-03,6.9,23.01,32.91,50.26,0.556,35.32
A0824,2025-05-04,6.9,17.43,25.57,39.83,0.556,27.55
A0824,2025-05-05,6.9,17.62,25.77,40.07,0.556,27.76
A0824,2025-05-06,6.9,18.76,27.12,41.77,0.556,29.16
A0824,2025-05-07,6.9,20.18,29.72,46.42,0.556,32.04
A0824,2025-05-08,6.9,21.57,30.97,47.45,0.556,33.26
A0824,2025-05-09,6.9,24.03,34.25,52.16,0.556,36.74
A0824,2025-05-10,6.9,23.3,33.33,50.9,0.556,35.77
A0824,2025-05-11,6.9,15.26,22.37,34.82,0.556,24.1
A0824,2025-05-12,6.9,20.98,30.86,48.18,0.556,33.27
A0825,2025-04-29,28.1,17.3,20.87,27.34,0.909,27.49
A0825,2025-04-30,28.1,25.06,30.88,41.42,0.909,41.66
A0825,2025-05-01,28.1,15.66,19.85,27.46,0.909,27.63
A0825,2025-05-02,28.1,22.72,28.75,39.67,0.909,39.92
A0825,2025-05-03,28.1,22.07,28.82,41.06,0.909,41.34
A0825,2025-05-04,28.1,18.92,23.62,32.13,0.909,32.32
A0825,2025-05-05,28.1,17.6,21.16,27.62,0.909,27.76
A0825,2025-05-06,28.1,18.08,21.66,28.14,0.909,28.29
A0825,2025-05-07,28.1,20.59,25.03,33.06,0.909,33.25
A0825,2025-05-08,28.1,20.85,26.99,38.11,0.909,38.36
A0825,2025-05-09,28.1,22.93,28.96,39.88,0.909,40.13
A0825,2025-05-10,28.1,23.34,30.19,42.61,0.909,42.89
A0825,2025-05-11,28.1,16.02,20.04,27.31,0.909,27.47
A0825,2025-05-12,28.1,20.35,24.88,33.09,0.909,33.27
A0826,2025-04-29,6.4,27.15,43.37,60.72,0.556,45.78
A0826,2025-04-30,6.4,34.7,56.52,79.84,0.556,59.76
A0826,2025-05-01,6.4,24.18,38.23,53.26,0.556,40.32
A0826,2025-05-02,6.4,34.04,54.72,76.83,0.556,57.79
A0826,2025-05-03,6.4,32.29,51.22,71.46,0.556,54.03
A0826,2025-05-04,6.4,28.31,45.96,64.84,0.556,48.59
A0826,2025-05-05,6.4,25.43,40.4,56.41,0.556,42.62
A0826,2025-05-06,6.4,27.13,43.22,60.42,0.556,45.6
A0826,2025-05-07,6.4,28.04,45.24,63.63,0.556,47.79
A0826,2025-05-08,6.4,30.45,47.25,65.2,0.556,49.74
A0826,2025-05-09,6.4,34.52,54.37,75.59,0.556,57.32
A0826,2025-05-10,6.4,32.33,51.78,72.57,0.556,54.66
A0826,2025-05-11,6.4,24.01,38.56,54.11,0.556,40.72
A0826,2025-05-12,6.4,30.28,46.71,64.28,0.556,49.15
A0827,2025-04-29,7.6,9.5,14.33,22.6,0.556,15.47
A0827,2025-04-30,7.6,14.18,21.12,33.01,0.556,22.77
A0827,2025-05-01,7.6,8.17,12.36,19.55,0.556,13.36
A0827,2025-05-02,7.6,12.43,18.64,29.28,0.556,20.12
A0827,2025-05-03,7.6,12.89,20.18,32.66,0.556,21.91
A0827,2025-05-04,7.6,11.05,17.1,27.47,0.556,18.54
A0827,2025-05-05,7.6,9.16,13.18,20.05,0.556,14.13
A0827,2025-05-06,7.6,9.39,14.18,22.38,0.556,15.32
A0827,2025-05-07,7.6,10.37,15.32,23.79,0.556,16.5
A0827,2025-05-08,7.6,11.27,17.61,28.48,0.556,19.12
A0827,2025-05-09,7.6,12.34,18.34,28.61,0.556,19.76
A0827,2025-05-10,7.6,13.44,20.86,33.55,0.556,22.62
A0827,2025-05-11,7.6,8.85,13.38,21.14,0.556,14.46
A0827,2025-05-12,7.6,11.16,16.52,25.71,0.556,17.8
A0828,2025-04-29,6.2,22.92,32.34,47.55,0.556,34.45
A0828,2025-04-30,6.2,31.97,41.74,57.53,0.556,43.93
A0828,2025-05-01,6.2,20.24,29.12,43.46,0.556,31.11
A0828,2025-05-02,6.2,28.33,39.55,57.66,0.556,42.06
A0828,2025-05-03,6.2,29.92,41.42,59.99,0.556,44.0
A0828,2025-05-04,6.2,37.74,51.32,73.25,0.556,54.36
A0828,2025-05-05,6.2,32.49,45.55,66.63,0.556,48.47
A0828,2025-05-06,6.2,33.47,48.15,71.85,0.556,51.44
A0828,2025-05-07,6.2,36.57,50.67,73.44,0.556,53.83
A0828,2025-05-08,6.2,23.98,34.57,51.69,0.556,36.95
A0828,2025-05-09,6.2,24.38,35.38,53.14,0.556,37.85
A0828,2025-05-10,6.2,29.05,40.64,59.36,0.556,43.24
A0828,2025-05-11,6.2,20.46,28.37,41.15,0.556,30.15
A0828,2025-05-12,6.2,24.23,33.81,49.29,0.556,35.96
A0829,2025-04-29,317.2,18.53,26.84,40.52,0.909,40.83
A0829,2025-04-30,317.2,25.76,35.49,51.51,0.909,51.88
A0829,2025-05-01,317.2,16.65,23.63,35.12,0.909,35.39
A0829,2025-05-02,317.2,22.35,31.06,45.4,0.909,45.72
A0829,2025-05-03,317.2,21.81,31.07,46.32,0.909,46.67
A0829,2025-05-04,317.2,20.63,29.09,43.03,0.909,43.35
A0829,2025-05-05,317.2,17.53,24.84,36.9,0.909,37.17
A0829,2025-05-06,317.2,18.19,26.58,40.4,0.909,40.71
A0829,2025-05-07,317.2,20.19,28.52,42.26,0.909,42.57
A0829,2025-05-08,317.2,21.05,29.99,44.72,0.909,45.05
A0829,2025-05-09,317.2,22.55,31.28,45.66,0.909,45.99
A0829,2025-05-10,317.2,22.42,31.89,47.48,0.909,47.83
A0829,2025-05-11,317.2,17.37,25.36,38.52,0.909,38.82
A0829,2025-05-12,317.2,20.74,29.2,43.12,0.909,43.44
A0830,2025-04-29,25.4,5.93,10.19,16.73,0.909,16.88
A0830,2025-04-30,25.4,9.81,16.35,26.38,0.909,26.61
A0830,2025-05-01,25.4,5.73,11.8,21.1,0.909,21.31
A0830,2025-05-02,25.4,7.91,14.03,23.41,0.909,23.62
A0830,2025-05-03,25.4,8.21,13.98,22.82,0.909,23.02
A0830,2025-05-04,25.4,7.04,12.41,20.63,0.909,20.82
A0830,2025-05-05,25.4,5.83,11.33,19.76,0.909,19.95
A0830,2025-05-06,25.4,5.87,10.13,16.66,0.909,16.81
A0830,2025-05-07,25.4,6.56,11.75,19.7,0.909,19.88
A0830,2025-05-08,25.4,7.54,13.36,22.28,0.909,22.48
A0830,2025-05-09,25.4,8.21,13.97,22.82,0.909,23.02
A0830,2025-05-10,25.4,8.42,14.61,24.09,0.909,24.31
A0830,2025-05-11,25.4,4.95,9.59,16.71,0.909,16.87
A0830,2025-05-12,25.4,7.33,12.27,19.85,0.909,20.02
A0831,2025-04-29,4.2,26.64,38.12,56.27,0.556,40.64
A0831,2025-04-30,4.2,38.36,56.81,86.0,0.556,60.87
A0831,2025-05-01,4.2,24.68,36.08,54.11,0.556,38.59
A0831,2025-05-02,4.2,34.73,50.45,75.29,0.556,53.9
A0831,2025-05-03,4.2,33.6,48.01,70.78,0.556,51.17
A0831,2025-05-04,4.2,28.52,41.92,63.12,0.556,44.87
A0831,2025-05-05,4.2,24.57,36.16,54.5,0.556,38.71
A0831,2025-05-06,4.2,27.68,39.17,57.33,0.556,41.69
A0831,2025-05-07,4.2,27.63,40.8,61.64,0.556,43.7
A0831,2025-05-08,4.2,31.28,45.23,67.3,0.556,48.3
A0831,2025-05-09,4.2,36.81,52.76,77.97,0.556,56.26
A0831,2025-05-10,4.2,33.47,47.67,70.11,0.556,50.78
A0831,2025-05-11,4.2,20.26,30.74,47.32,0.556,33.04
A0831,2025-05-12,4.2,30.33,43.98,65.58,0.556,46.98
A0832,2025-04-29,2.6,16.48,26.32,38.96,0.556,28.07
A0832,2025-04-30,2.6,21.72,38.82,60.78,0.556,41.87
A0832,2025-05-01,2.6,14.15,23.94,36.51,0.556,25.68
A0832,2025-05-02,2.6,18.14,28.98,42.91,0.556,30.92
A0832,2025-05-03,2.6,19.44,31.84,47.77,0.556,34.06
A0832,2025-05-04,2.6,15.83,28.3,44.32,0.556,30.53
A0832,2025-05-05,2.6,15.3,25.63,38.91,0.556,27.48
A0832,2025-05-06,2.6,16.85,26.66,39.25,0.556,28.41
A0832,2025-05-07,2.6,17.43,28.07,41.73,0.556,29.97
A0832,2025-05-08,2.6,18.02,28.68,42.36,0.556,30.58
A0832,2025-05-09,2.6,18.5,29.34,43.26,0.556,31.27
A0832,2025-05-10,2.6,20.3,32.61,48.43,0.556,34.8
A0832,2025-05-11,2.6,13.55,22.21,33.34,0.556,23.76
A0832,2025-05-12,2.6,18.08,29.16,43.39,0.556,31.14
A0833,2025-04-29,7.0,9.38,15.61,30.36,0.556,17.66
A0833,2025-04-30,7.0,15.3,22.65,40.06,0.556,25.07
A0833,2025-05-01,7.0,9.9,15.45,28.57,0.556,17.27
A0833,2025-05-02,7.0,13.61,21.0,38.5,0.556,23.43
A0833,2025-05-03,7.0,13.7,20.68,37.2,0.556,22.97
A0833,2025-05-04,7.0,11.84,18.18,33.19,0.556,20.27
A0833,2025-05-05,7.0,10.02,15.24,27.59,0.556,16.95
A0833,2025-05-06,7.0,10.21,16.49,31.36,0.556,18.55
A0833,2025-05-07,7.0,12.1,17.92,31.69,0.556,19.83
A0833,2025-05-08,7.0,13.36,19.65,34.54,0.556,21.72
A0833,2025-05-09,7.0,14.09,21.51,39.09,0.556,23.95
A0833,2025-05-10,7.0,14.24,21.26,37.88,0.556,23.57
A0833,2025-05-11,7.0,10.44,15.83,28.58,0.556,17.6
A0833,2025-05-12,7.0,11.95,17.69,31.3,0.556,19.58
A0834,2025-04-29,5.2,38.87,49.31,69.73,0.556,52.15
A0834,2025-04-30,5.2,50.63,63.34,88.17,0.556,66.79
A0834,2025-05-01,5.2,35.69,46.54,67.74,0.556,49.49
A0834,2025-05-02,5.2,46.85,61.62,90.49,0.556,65.63
A0834,2025-05-03,5.2,46.23,60.3,87.79,0.556,64.12
A0834,2025-05-04,5.2,41.99,54.23,78.17,0.556,57.56
A0834,2025-05-05,5.2,38.24,50.18,73.51,0.556,53.42
A0834,2025-05-06,5.2,37.17,47.64,68.1,0.556,50.48
A0834,2025-05-07,5.2,53.28,68.15,97.23,0.556,72.19
A0834,2025-05-08,5.2,52.83,65.57,90.48,0.556,69.03
A0834,2025-05-09,5.2,55.71,73.17,107.28,0.556,77.9
A0834,2025-05-10,5.2,56.68,73.25,105.63,0.556,77.75
A0834,2025-05-11,5.2,44.0,58.51,86.86,0.556,62.44
A0834,2025-05-12,5.2,37.36,49.27,72.56,0.556,52.51
A0835,2025-04-29,4.2,48.56,67.71,95.28,0.556,71.54
A0835,2025-04-30,4.2,61.01,91.11,134.46,0.556,97.13
A0835,2025-05-01,4.2,44.33,59.43,81.18,0.556,62.45
A0835,2025-05-02,4.2,61.59,83.69,115.53,0.556,88.11
A0835,2025-05-03,4.2,61.81,88.86,127.82,0.556,94.27
A0835,2025-05-04,4.2,46.4,65.69,93.47,0.556,69.55
A0835,2025-05-05,4.2,73.88,101.87,142.2,0.556,107.47
A0835,2025-05-06,4.2,74.27,105.34,150.08,0.556,111.55
A0835,2025-05-07,4.2,74.64,109.81,160.47,0.556,116.85
A0835,2025-05-08,4.2,80.51,115.91,166.89,0.556,122.99
A0835,2025-05-09,4.2,89.83,124.86,175.3,0.556,131.86
A0835,2025-05-10,4.2,89.23,134.44,199.55,0.556,143.49
A0835,2025-05-11,4.2,54.38,77.43,110.63,0.556,82.04
A0835,2025-05-12,4.2,44.49,65.76,96.38,0.556,70.01
A0836,2025-04-29,8.2,35.26,50.81,71.9,0.556,53.74
A0836,2025-04-30,8.2,45.08,64.03,89.75,0.556,67.6
A0836,2025-05-01,8.2,32.63,47.52,67.74,0.556,50.33
A0836,2025-05-02,8.2,44.23,63.75,90.26,0.556,67.44
A0836,2025-05-03,8.2,43.02,63.54,91.4,0.556,67.41
A0836,2025-05-04,8.2,37.16,52.47,73.24,0.556,55.35
A0836,2025-05-05,8.2,33.95,48.55,68.37,0.556,51.31
A0836,2025-05-06,8.2,36.18,51.8,73.01,0.556,54.75
A0836,2025-05-07,8.2,36.91,53.27,75.49,0.556,56.36
A0836,2025-05-08,8.2,41.38,60.27,85.9,0.556,63.83
A0836,2025-05-09,8.2,45.27,64.97,91.7,0.556,68.68
A0836,2025-05-10,8.2,44.04,64.6,92.51,0.556,68.47
A0836,2025-05-11,8.2,31.44,45.58,64.77,0.556,48.25
A0836,2025-05-12,8.2,56.32,78.33,108.2,0.556,82.48
A0837,2025-04-29,11.0,28.37,41.16,60.41,0.909,60.85
A0837,2025-04-30,11.0,35.37,51.93,76.85,0.909,77.41
A0837,2025-05-01,11.0,25.16,36.48,53.51,0.909,53.89
A0837,2025-05-02,11.0,30.43,45.89,69.15,0.909,69.68
A0837,2025-05-03,11.0,31.39,45.89,67.71,0.909,68.21
A0837,2025-05-04,11.0,29.56,43.88,65.42,0.909,65.91
A0837,2025-05-05,11.0,27.35,40.05,59.17,0.909,59.6
A0837,2025-05-06,11.0,29.02,42.11,61.82,0.909,62.27
A0837,2025-05-07,11.0,29.76,44.12,65.73,0.909,66.22
A0837,2025-05-08,11.0,33.01,48.34,71.41,0.909,71.93
A0837,2025-05-09,11.0,31.71,48.09,72.73,0.909,73.29
A0837,2025-05-10,11.0,31.89,46.12,67.52,0.909,68.01
A0837,2025-05-11,11.0,26.13,40.14,61.22,0.909,61.7
A0837,2025-05-12,11.0,34.13,50.16,74.27,0.909,74.82
A0838,2025-04-29,11.1,21.54,30.4,40.48,0.909,40.71
A0838,2025-04-30,11.1,27.46,46.43,68.04,0.909,68.53
A0838,2025-05-01,11.1,18.46,27.59,37.98,0.909,38.22
A0838,2025-05-02,11.1,24.0,35.75,49.12,0.909,49.43
A0838,2025-05-03,11.1,24.16,34.87,47.06,0.909,47.34
A0838,2025-05-04,11.1,22.06,35.35,50.48,0.909,50.82
A0838,2025-05-05,11.1,20.12,28.67,38.39,0.909,38.61
A0838,2025-05-06,11.1,21.78,30.58,40.61,0.909,40.84
A0838,2025-05-07,11.1,22.75,34.09,47.0,0.909,47.29
A0838,2025-05-08,11.1,23.68,34.78,47.41,0.909,47.7
A0838,2025-05-09,11.1,23.75,35.67,49.23,0.909,49.54
A0838,2025-05-10,11.1,24.51,34.9,46.73,0.909,47.0
A0838,2025-05-11,11.1,19.46,28.27,38.29,0.909,38.52
A0838,2025-05-12,11.1,23.28,33.47,45.07,0.909,45.34
A0839,2025-04-29,24.6,11.38,16.58,25.07,0.909,25.26
A0839,2025-04-30,24.6,15.27,20.79,29.79,0.909,30.0
A0839,2025-05-01,24.6,10.78,15.74,23.83,0.909,24.01
A0839,2025-05-02,24.6,15.27,21.67,32.13,0.909,32.36
A0839,2025-05-03,24.6,15.24,21.21,30.95,0.909,31.18
A0839,2025-05-04,24.6,11.9,16.99,25.3,0.909,25.49
A0839,2025-05-05,24.6,11.64,17.2,26.27,0.909,26.47
A0839,2025-05-06,24.6,11.78,17.01,25.53,0.909,25.73
A0839,2025-05-07,24.6,13.15,18.42,27.03,0.909,27.23
A0839,2025-05-08,24.6,14.3,20.68,31.09,0.909,31.33
A0839,2025-05-09,24.6,15.08,21.2,31.18,0.909,31.41
A0839,2025-05-10,24.6,15.94,22.25,32.54,0.909,32.77
A0839,2025-05-11,24.6,10.72,15.8,24.08,0.909,24.27
A0839,2025-05-12,24.6,13.34,19.59,29.8,0.909,30.03
A0840,2025-04-29,5.9,12.12,20.36,32.05,0.556,21.99
A0840,2025-04-30,5.9,15.06,26.05,41.64,0.556,28.21
A0840,2025-05-01,5.9,10.75,17.49,27.06,0.556,18.82
A0840,2025-05-02,5.9,14.98,25.16,39.61,0.556,27.17
A0840,2025-05-03,5.9,15.43,24.36,37.05,0.556,26.13
A0840,2025-05-04,5.9,12.29,21.0,33.37,0.556,22.72
A0840,2025-05-05,5.9,12.68,20.59,31.81,0.556,22.15
A0840,2025-05-06,5.9,13.41,21.49,32.97,0.556,23.09
A0840,2025-05-07,5.9,13.42,21.86,33.83,0.556,23.52
A0840,2025-05-08,5.9,14.23,22.62,34.52,0.556,24.27
A0840,2025-05-09,5.9,16.23,25.88,39.57,0.556,27.78
A0840,2025-05-10,5.9,16.1,25.28,38.3,0.556,27.09
A0840,2025-05-11,5.9,10.69,17.57,27.35,0.556,18.93
A0840,2025-05-12,5.9,15.6,24.49,37.11,0.556,26.24
A0841,2025-04-29,7.3,29.65,44.63,69.25,0.556,48.05
A0841,2025-04-30,7.3,39.99,58.47,88.85,0.556,62.69
A0841,2025-05-01,7.3,26.87,41.18,64.69,0.556,44.44
A0841,2025-05-02,7.3,37.4,55.1,84.2,0.556,59.15
A0841,2025-05-03,7.3,36.65,55.1,85.42,0.556,59.31
A0841,2025-05-04,7.3,30.81,45.92,70.76,0.556,49.37
A0841,2025-05-05,7.3,29.27,42.42,64.04,0.556,45.42
A0841,2025-05-06,7.3,29.86,44.98,69.84,0.556,48.43
A0841,2025-05-07,7.3,32.56,46.87,70.4,0.556,50.14
A0841,2025-05-08,7.3,34.69,51.69,79.64,0.556,55.57
A0841,2025-05-09,7.3,36.3,54.4,84.14,0.556,58.53
A0841,2025-05-10,7.3,37.22,55.6,85.8,0.556,59.79
A0841,2025-05-11,7.3,27.66,40.77,62.33,0.556,43.77
A0841,2025-05-12,7.3,34.05,48.96,73.47,0.556,52.36
A0842,2025-04-29,13.2,119.88,169.43,253.91,0.909,255.83
A0842,2025-04-30,13.2,152.64,217.55,328.21,0.909,330.73
A0842,2025-05-01,13.2,111.76,154.23,226.62,0.909,228.27
A0842,2025-05-02,13.2,139.07,189.46,275.35,0.909,277.3
A0842,2025-05-03,13.2,138.85,192.68,284.46,0.909,286.54
A0842,2025-05-04,13.2,126.01,183.36,281.13,0.909,283.35
A0842,2025-05-05,13.2,122.77,174.99,264.01,0.909,266.03
A0842,2025-05-06,13.2,123.2,172.1,255.47,0.909,257.36
A0842,2025-05-07,13.2,132.18,183.19,270.14,0.909,272.12
A0842,2025-05-08,13.2,135.53,185.62,271.02,0.909,272.96
A0842,2025-05-09,13.2,140.77,189.16,271.67,0.909,273.54
A0842,2025-05-10,13.2,140.06,194.81,288.15,0.909,290.27
A0842,2025-05-11,13.2,111.71,157.67,236.03,0.909,237.81
A0842,2025-05-12,13.2,138.13,195.72,293.9,0.909,296.13
A0843,2025-04-29,206.1,40.6,59.2,88.68,0.909,89.35
A0843,2025-04-30,206.1,51.2,73.61,109.15,0.909,109.96
A0843,2025-05-01,206.1,85.67,123.67,183.93,0.909,185.3
A0843,2025-05-02,206.1,101.88,146.86,218.2,0.909,219.82
A0843,2025-05-03,206.1,105.89,152.38,226.08,0.909,227.76
A0843,2025-05-04,206.1,83.76,121.81,182.15,0.909,183.52
A0843,2025-05-05,206.1,82.85,120.76,180.89,0.909,182.25
A0843,2025-05-06,206.1,83.85,124.61,189.25,0.909,190.72
A0843,2025-05-07,206.1,34.7,53.23,82.63,0.909,83.29
A0843,2025-05-08,206.1,39.82,58.97,89.35,0.909,90.04
A0843,2025-05-09,206.1,44.67,65.09,97.46,0.909,98.19
A0843,2025-05-10,206.1,46.12,67.34,100.98,0.909,101.75
A0843,2025-05-11,206.1,33.79,49.02,73.18,0.909,73.73
A0843,2025-05-12,206.1,44.88,63.31,92.52,0.909,93.18
A0844,2025-04-29,13.4,11.42,33.88,72.42,0.909,73.29
A0844,2025-04-30,13.4,15.73,42.6,89.97,0.909,91.05
A0844,2025-05-01,13.4,10.63,32.08,68.8,0.909,69.63
A0844,2025-05-02,13.4,14.92,40.53,85.29,0.909,86.31
A0844,2025-05-03,13.4,15.5,41.18,86.32,0.909,87.34
A0844,2025-05-04,13.4,12.89,36.6,77.95,0.909,78.89
A0844,2025-05-05,13.4,11.7,33.79,72.08,0.909,72.95
A0844,2025-05-06,13.4,12.69,35.46,75.21,0.909,76.11
A0844,2025-05-07,13.4,13.73,37.2,78.4,0.909,79.34
A0844,2025-05-08,13.4,14.79,39.6,83.25,0.909,84.25
A0844,2025-05-09,13.4,16.07,41.9,87.67,0.909,88.71
A0844,2025-05-10,13.4,16.57,42.56,88.71,0.909,89.75
A0844,2025-05-11,13.4,11.13,32.35,69.08,0.909,69.92
A0844,2025-05-12,13.4,14.81,39.28,82.48,0.909,83.47
A0845,2025-04-29,24.5,4.1,7.61,13.29,0.909,13.42
A0845,2025-04-30,24.5,6.9,11.56,19.11,0.909,19.28
A0845,2025-05-01,24.5,4.0,7.23,12.46,0.909,12.58
A0845,2025-05-02,24.5,5.65,10.25,17.7,0.909,17.87
A0845,2025-05-03,24.5,5.71,10.47,18.16,0.909,18.34
A0845,2025-05-04,24.5,4.93,8.85,15.2,0.909,15.35
A0845,2025-05-05,24.5,4.51,7.98,13.61,0.909,13.73
A0845,2025-05-06,24.5,4.14,7.67,13.39,0.909,13.52
A0845,2025-05-07,24.5,4.89,8.81,15.16,0.909,15.31
A0845,2025-05-08,24.5,4.93,8.95,15.47,0.909,15.62
A0845,2025-05-09,24.5,5.63,10.1,17.35,0.909,17.51
A0845,2025-05-10,24.5,5.87,10.87,18.96,0.909,19.14
A0845,2025-05-11,24.5,4.07,7.67,13.51,0.909,13.64
A0845,2025-05-12,24.5,4.96,8.77,14.93,0.909,15.07
A0846,2025-04-29,4.3,39.37,54.45,80.41,0.556,58.05
A0846,2025-04-30,4.3,49.65,70.81,107.24,0.556,75.87
A0846,2025-05-01,4.3,34.65,48.94,73.54,0.556,52.36
A0846,2025-05-02,4.3,44.24,64.92,100.54,0.556,69.87
A0846,2025-05-03,4.3,45.93,65.65,99.6,0.556,70.36
A0846,2025-05-04,4.3,40.55,55.66,81.67,0.556,59.27
A0846,2025-05-05,4.3,32.92,47.91,73.72,0.556,51.5
A0846,2025-05-06,4.3,39.49,54.5,80.36,0.556,58.09
A0846,2025-05-07,4.3,38.13,54.83,83.56,0.556,58.82
A0846,2025-05-08,4.3,44.6,61.56,90.76,0.556,65.62
A0846,2025-05-09,4.3,48.36,68.63,103.53,0.556,73.48
A0846,2025-05-10,4.3,49.01,68.91,103.17,0.556,73.67
A0846,2025-05-11,4.3,29.47,41.56,62.37,0.556,44.45
A0846,2025-05-12,4.3,44.8,61.95,91.46,0.556,66.05
A0847,2025-04-29,29.0,26.69,37.17,62.56,0.909,63.14
A0847,2025-04-30,29.0,39.03,50.13,77.03,0.909,77.64
A0847,2025-05-01,29.0,25.15,40.55,77.91,0.909,78.76
A0847,2025-05-02,29.0,35.92,54.6,99.87,0.909,100.9
A0847,2025-05-03,29.0,34.58,48.54,82.37,0.909,83.14
A0847,2025-05-04,29.0,31.09,40.06,61.81,0.909,62.3
A0847,2025-05-05,29.0,27.3,37.25,61.36,0.909,61.91
A0847,2025-05-06,29.0,26.94,37.79,64.1,0.909,64.7
A0847,2025-05-07,29.0,31.17,41.53,66.64,0.909,67.21
A0847,2025-05-08,29.0,33.1,48.24,84.93,0.909,85.76
A0847,2025-05-09,29.0,35.32,54.82,102.09,0.909,103.16
A0847,2025-05-10,29.0,36.64,50.85,85.32,0.909,86.1
A0847,2025-05-11,29.0,26.13,35.96,59.78,0.909,60.32
A0847,2025-05-12,29.0,31.02,40.68,64.11,0.909,64.64
A0848,2025-04-29,3.2,43.51,64.61,96.53,0.556,69.04
A0848,2025-04-30,3.2,54.26,78.92,116.24,0.556,84.11
A0848,2025-05-01,3.2,39.67,56.9,82.97,0.556,60.52
A0848,2025-05-02,3.2,51.98,73.86,106.97,0.556,78.46
A0848,2025-05-03,3.2,51.57,73.23,105.99,0.556,77.78
A0848,2025-05-04,3.2,43.9,63.37,92.84,0.556,67.47
A0848,2025-05-05,3.2,40.66,58.37,85.17,0.556,62.09
A0848,2025-05-06,3.2,45.38,66.38,98.15,0.556,70.79
A0848,2025-05-07,3.2,43.48,63.98,95.0,0.556,68.29
A0848,2025-05-08,3.2,49.87,72.98,107.93,0.556,77.83
A0848,2025-05-09,3.2,55.03,76.7,109.48,0.556,81.25
A0848,2025-05-10,3.2,50.52,72.19,104.97,0.556,76.74
A0848,2025-05-11,3.2,34.17,51.06,76.61,0.556,54.61
A0848,2025-05-12,3.2,48.22,69.75,102.33,0.556,74.28
A0849,2025-04-29,8.3,40.28,59.65,93.49,0.556,64.35
A0849,2025-04-30,8.3,52.33,76.61,119.02,0.556,82.5
A0849,2025-05-01,8.3,35.15,51.37,79.7,0.556,55.3
A0849,2025-05-02,8.3,47.39,70.18,110.0,0.556,75.71
A0849,2025-05-03,8.3,51.01,73.91,113.92,0.556,79.47
A0849,2025-05-04,8.3,43.73,63.95,99.28,0.556,68.86
A0849,2025-05-05,8.3,36.57,53.09,81.94,0.556,57.1
A0849,2025-05-06,8.3,40.65,59.95,93.65,0.556,64.63
A0849,2025-05-07,8.3,41.02,60.0,93.17,0.556,64.61
A0849,2025-05-08,8.3,43.4,63.84,99.55,0.556,68.8
A0849,2025-05-09,8.3,47.35,69.6,108.48,0.556,75.0
A0849,2025-05-10,8.3,50.5,73.68,114.17,0.556,79.3
A0849,2025-05-11,8.3,33.85,49.94,78.05,0.556,53.85
A0849,2025-05-12,8.3,44.57,64.4,99.05,0.556,69.21
A0850,2025-04-29,14.2,59.99,85.8,128.58,0.909,129.55
A0850,2025-04-30,14.2,66.29,92.13,134.96,0.909,135.93
A0850,2025-05-01,14.2,55.55,81.8,125.31,0.909,126.3
A0850,2025-05-02,14.2,66.77,95.34,142.69,0.909,143.77
A0850,2025-05-03,14.2,65.03,94.02,142.08,0.909,143.17
A0850,2025-05-04,14.2,59.32,85.05,127.69,0.909,128.66
A0850,2025-05-05,14.2,54.76,78.57,118.03,0.909,118.93
A0850,2025-05-06,14.2,59.21,85.41,128.83,0.909,129.81
A0850,2025-05-07,14.2,57.65,81.37,120.68,0.909,121.58
A0850,2025-05-08,14.2,66.04,95.86,145.3,0.909,146.42
A0850,2025-05-09,14.2,67.59,97.28,146.49,0.909,147.61
A0850,2025-05-10,14.2,64.26,92.95,140.49,0.909,141.57
A0850,2025-05-11,14.2,52.89,78.36,120.56,0.909,121.52
A0850,2025-05-12,14.2,64.37,91.37,136.11,0.909,137.13
A0851,2025-04-29,8.2,63.82,91.12,138.05,0.556,97.64
A0851,2025-04-30,8.2,94.29,129.95,191.22,0.556,138.46
A0851,2025-05-01,8.2,56.09,79.81,120.56,0.556,85.47
A0851,2025-05-02,8.2,74.04,107.24,164.3,0.556,115.17
A0851,2025-05-03,8.2,79.51,114.27,174.0,0.556,122.57
A0851,2025-05-04,8.2,74.58,103.16,152.3,0.556,109.99
A0851,2025-05-05,8.2,57.25,80.77,121.18,0.556,86.38
A0851,2025-05-06,8.2,62.79,90.12,137.1,0.556,96.65
A0851,2025-05-07,8.2,66.2,93.41,140.17,0.556,99.91
A0851,2025-05-08,8.2,73.37,105.81,161.57,0.556,113.56
A0851,2025-05-09,8.2,72.51,105.56,162.36,0.556,113.45
A0851,2025-05-10,8.2,80.03,115.01,175.13,0.556,123.36
A0851,2025-05-11,8.2,53.45,77.05,117.62,0.556,82.69
A0851,2025-05-12,8.2,68.24,97.56,147.95,0.556,104.56
A0852,2025-04-29,33.5,7.39,12.7,20.95,0.909,21.14
A0852,2025-04-30,33.5,11.66,19.0,30.42,0.909,30.68
A0852,2025-05-01,33.5,7.83,12.35,19.37,0.909,19.53
A0852,2025-05-02,33.5,9.74,17.23,28.86,0.909,29.13
A0852,2025-05-03,33.5,10.13,17.51,29.0,0.909,29.26
A0852,2025-05-04,33.5,8.85,15.14,24.92,0.909,25.14
A0852,2025-05-05,33.5,7.82,13.18,21.52,0.909,21.71
A0852,2025-05-06,33.5,7.61,13.05,21.51,0.909,21.71
A0852,2025-05-07,33.5,8.47,15.54,26.55,0.909,26.8
A0852,2025-05-08,33.5,9.72,16.52,27.1,0.909,27.34
A0852,2025-05-09,33.5,10.31,17.44,28.51,0.909,28.76
A0852,2025-05-10,33.5,10.59,18.89,31.8,0.909,32.09
A0852,2025-05-11,33.5,6.46,13.32,23.98,0.909,24.22
A0852,2025-05-12,33.5,9.3,15.57,25.34,0.909,25.57
A0853,2025-04-29,372.5,18.71,34.4,61.43,0.909,62.05
A0853,2025-04-30,372.5,29.25,49.01,83.05,0.909,83.82
A0853,2025-05-01,372.5,19.78,36.25,64.63,0.909,65.27
A0853,2025-05-02,372.5,8.15,17.1,32.52,0.909,32.87
A0853,2025-05-03,372.5,9.55,17.57,31.39,0.909,31.71
A0853,2025-05-04,372.5,6.0,11.37,20.62,0.909,20.83
A0853,2025-05-05,372.5,6.04,12.8,24.45,0.909,24.71
A0853,2025-05-06,372.5,14.61,25.73,44.9,0.909,45.34
A0853,2025-05-07,372.5,15.94,26.62,45.03,0.909,45.45
A0853,2025-05-08,372.5,18.84,31.46,53.19,0.909,53.68
A0853,2025-05-09,372.5,20.63,36.66,64.29,0.909,64.91
A0853,2025-05-10,372.5,22.02,35.92,59.87,0.909,60.41
A0853,2025-05-11,372.5,3.97,8.54,16.41,0.909,16.59
A0853,2025-05-12,372.5,7.38,14.7,27.31,0.909,27.6
A0854,2025-04-29,5.1,20.58,32.32,54.15,0.556,35.35
A0854,2025-04-30,5.1,25.01,36.58,58.09,0.556,39.57
A0854,2025-05-01,5.1,18.22,27.59,44.99,0.556,30.0
A0854,2025-05-02,5.1,24.97,38.34,63.18,0.556,41.79
A0854,2025-05-03,5.1,23.89,36.54,60.03,0.556,39.8
A0854,2025-05-04,5.1,18.07,27.45,44.88,0.556,29.87
A0854,2025-05-05,5.1,18.28,28.23,46.73,0.556,30.8
A0854,2025-05-06,5.1,20.15,31.84,53.56,0.556,34.86
A0854,2025-05-07,5.1,22.09,33.1,53.54,0.556,35.94
A0854,2025-05-08,5.1,22.71,33.79,54.37,0.556,36.65
A0854,2025-05-09,5.1,24.84,37.95,62.3,0.556,41.33
A0854,2025-05-10,5.1,23.97,36.8,60.64,0.556,40.11
A0854,2025-05-11,5.1,17.2,26.15,42.8,0.556,28.47
A0854,2025-05-12,5.1,22.47,33.43,53.8,0.556,36.26
A0855,2025-04-29,3.4,18.9,29.38,46.23,0.556,31.72
A0855,2025-04-30,3.4,26.48,39.21,59.67,0.556,42.05
A0855,2025-05-01,3.4,15.83,25.81,41.86,0.556,28.04
A0855,2025-05-02,3.4,23.19,33.97,51.32,0.556,36.38
A0855,2025-05-03,3.4,22.37,34.93,55.11,0.556,37.73
A0855,2025-05-04,3.4,18.41,29.8,48.1,0.556,32.34
A0855,2025-05-05,3.4,16.89,26.56,42.1,0.556,28.72
A0855,2025-05-06,3.4,18.55,29.04,45.9,0.556,31.38
A0855,2025-05-07,3.4,19.69,29.76,45.94,0.556,32.0
A0855,2025-05-08,3.4,21.49,33.45,52.69,0.556,36.13
A0855,2025-05-09,3.4,23.47,34.37,51.87,0.556,36.8
A0855,2025-05-10,3.4,23.49,35.94,55.96,0.556,38.72
A0855,2025-05-11,3.4,15.3,24.85,40.21,0.556,26.99
A0855,2025-05-12,3.4,21.17,32.36,50.35,0.556,34.86
A0856,2025-04-29,9.9,21.32,32.21,48.32,0.556,34.45
A0856,2025-04-30,9.9,25.23,38.41,57.88,0.556,41.11
A0856,2025-05-01,9.9,19.19,27.57,39.96,0.556,29.29
A0856,2025-05-02,9.9,24.58,37.41,56.39,0.556,40.05
A0856,2025-05-03,9.9,24.65,37.32,56.04,0.556,39.92
A0856,2025-05-04,9.9,20.43,31.17,47.05,0.556,33.38
A0856,2025-05-05,9.9,19.89,29.15,42.85,0.556,31.06
A0856,2025-05-06,9.9,20.93,31.71,47.65,0.556,33.93
A0856,2025-05-07,9.9,21.73,33.73,51.47,0.556,36.19
A0856,2025-05-08,9.9,22.94,35.1,53.07,0.556,37.6
A0856,2025-05-09,9.9,25.27,37.77,56.26,0.556,40.34
A0856,2025-05-10,9.9,24.3,37.05,55.88,0.556,39.66
A0856,2025-05-11,9.9,18.8,28.48,42.77,0.556,30.46
A0856,2025-05-12,9.9,23.46,35.4,53.06,0.556,37.85
A0857,2025-04-29,7.4,35.17,53.73,77.17,0.556,56.99
A0857,2025-04-30,7.4,45.52,65.01,89.62,0.556,68.43
A0857,2025-05-01,7.4,32.78,48.03,67.27,0.556,50.7
A0857,2025-05-02,7.4,45.99,66.53,92.47,0.556,70.14
A0857,2025-05-03,7.4,45.1,67.18,95.06,0.556,71.06
A0857,2025-05-04,7.4,37.71,54.53,75.76,0.556,57.47
A0857,2025-05-05,7.4,33.08,48.7,68.42,0.556,51.44
A0857,2025-05-06,7.4,35.91,54.52,78.01,0.556,57.79
A0857,2025-05-07,7.4,38.02,55.18,76.86,0.556,58.19
A0857,2025-05-08,7.4,42.35,62.24,87.35,0.556,65.73
A0857,2025-05-09,7.4,46.0,66.51,92.4,0.556,70.1
A0857,2025-05-10,7.4,45.46,67.62,95.6,0.556,71.51
A0857,2025-05-11,7.4,31.59,46.75,65.9,0.556,49.41
A0857,2025-05-12,7.4,39.4,59.06,83.88,0.556,62.51
A0858,2025-04-29,13.2,39.02,55.68,82.87,0.909,83.48
A0858,2025-04-30,13.2,46.56,61.84,86.78,0.909,87.34
A0858,2025-05-01,13.2,33.74,47.01,68.68,0.909,69.17
A0858,2025-05-02,13.2,43.35,60.54,88.58,0.909,89.22
A0858,2025-05-03,13.2,44.54,62.27,91.22,0.909,91.88
A0858,2025-05-04,13.2,39.31,54.15,78.35,0.909,78.9
A0858,2025-05-05,13.2,35.96,49.9,72.66,0.909,73.17
A0858,2025-05-06,13.2,37.31,54.0,81.25,0.909,81.87
A0858,2025-05-07,13.2,40.56,57.28,84.56,0.909,85.18
A0858,2025-05-08,13.2,42.96,61.23,91.05,0.909,91.72
A0858,2025-05-09,13.2,40.49,57.76,85.95,0.909,86.6
A0858,2025-05-10,13.2,44.92,62.63,91.54,0.909,92.19
A0858,2025-05-11,13.2,35.74,51.63,77.55,0.909,78.14
A0858,2025-05-12,13.2,41.25,58.62,86.97,0.909,87.62
A0859,2025-04-29,30.4,10.74,17.49,28.14,0.909,28.39
A0859,2025-04-30,30.4,15.23,25.35,41.32,0.909,41.68
A0859,2025-05-01,30.4,10.21,16.23,25.72,0.909,25.94
A0859,2025-05-02,30.4,10.17,16.8,27.27,0.909,27.51
A0859,2025-05-03,30.4,10.29,16.85,27.21,0.909,27.44
A0859,2025-05-04,30.4,8.56,12.99,19.98,0.909,20.14
A0859,2025-05-05,30.4,8.46,13.28,20.88,0.909,21.05
A0859,2025-05-06,30.4,8.08,12.85,20.37,0.909,20.55
A0859,2025-05-07,30.4,9.93,15.64,24.67,0.909,24.87
A0859,2025-05-08,30.4,10.61,16.24,25.13,0.909,25.33
A0859,2025-05-09,30.4,11.0,17.8,28.55,0.909,28.79
A0859,2025-05-10,30.4,11.84,18.83,29.86,0.909,30.11
A0859,2025-05-11,30.4,8.3,12.73,19.72,0.909,19.88
A0859,2025-05-12,30.4,10.09,15.55,24.17,0.909,24.37
A0860,2025-04-29,30.5,5.35,10.4,18.7,0.909,18.89
A0860,2025-04-30,30.5,9.26,18.71,34.29,0.909,34.65
A0860,2025-05-01,30.5,5.49,10.08,17.65,0.909,17.82
A0860,2025-05-02,30.5,7.39,14.4,25.95,0.909,26.22
A0860,2025-05-03,30.5,7.53,14.09,24.9,0.909,25.14
A0860,2025-05-04,30.5,6.82,13.59,24.74,0.909,24.99
A0860,2025-05-05,30.5,5.39,11.03,20.31,0.909,20.52
A0860,2025-05-06,30.5,5.35,10.48,18.95,0.909,19.14
A0860,2025-05-07,30.5,6.19,13.36,25.19,0.909,25.45
A0860,2025-05-08,30.5,6.97,13.2,23.46,0.909,23.69
A0860,2025-05-09,30.5,7.63,13.77,23.9,0.909,24.13
A0860,2025-05-10,30.5,7.81,15.22,27.42,0.909,27.69
A0860,2025-05-11,30.5,4.99,10.53,19.67,0.909,19.88
A0860,2025-05-12,30.5,6.37,12.39,22.33,0.909,22.55
A0861,2025-04-29,199.9,34.59,109.68,250.07,0.909,253.26
A0861,2025-04-30,199.9,14.31,45.5,103.22,0.909,104.53
A0861,2025-05-01,199.9,6.66,28.33,65.15,0.909,65.98
A0861,2025-05-02,199.9,3.99,17.81,42.82,0.909,43.39
A0861,2025-05-03,199.9,4.92,19.9,46.76,0.909,47.37
A0861,2025-05-04,199.9,3.57,17.31,41.6,0.909,42.15
A0861,2025-05-05,199.9,25.82,78.16,173.23,0.909,175.39
A0861,2025-05-06,199.9,27.16,78.14,172.63,0.909,174.78
A0861,2025-05-07,199.9,32.23,88.53,196.6,0.909,199.06
A0861,2025-05-08,199.9,4.18,17.3,41.77,0.909,42.33
A0861,2025-05-09,199.9,5.62,20.6,48.31,0.909,48.94
A0861,2025-05-10,199.9,6.69,23.13,53.05,0.909,53.73
A0861,2025-05-11,199.9,3.36,16.18,38.91,0.909,39.43
A0861,2025-05-12,199.9,13.15,40.4,88.11,0.909,89.19
A0862,2025-04-29,325.9,10.51,19.66,32.03,0.909,32.31
A0862,2025-04-30,325.9,16.84,32.07,52.67,0.909,53.14
A0862,2025-05-01,325.9,9.34,17.61,28.8,0.909,29.05
A0862,2025-05-02,325.9,13.48,25.39,41.5,0.909,41.87
A0862,2025-05-03,325.9,13.97,26.89,44.38,0.909,44.78
A0862,2025-05-04,325.9,13.03,25.27,41.81,0.909,42.19
A0862,2025-05-05,325.9,10.73,20.48,33.67,0.909,33.97
A0862,2025-05-06,325.9,10.54,19.77,32.26,0.909,32.54
A0862,2025-05-07,325.9,12.92,24.46,40.08,0.909,40.43
A0862,2025-05-08,325.9,12.56,23.89,39.21,0.909,39.56
A0862,2025-05-09,325.9,12.89,24.58,40.41,0.909,40.77
A0862,2025-05-10,325.9,15.0,28.76,47.38,0.909,47.81
A0862,2025-05-11,325.9,11.06,21.94,36.65,0.909,36.99
A0862,2025-05-12,325.9,12.47,23.73,38.95,0.909,39.3
A0863,2025-04-29,420.2,14.72,25.32,40.62,0.909,40.97
A0863,2025-04-30,420.2,22.32,36.46,56.88,0.909,57.34
A0863,2025-05-01,420.2,15.49,29.07,48.68,0.909,49.12
A0863,2025-05-02,420.2,22.36,36.99,58.12,0.909,58.6
A0863,2025-05-03,420.2,23.12,38.53,60.79,0.909,61.3
A0863,2025-05-04,420.2,15.6,26.51,42.28,0.909,42.64
A0863,2025-05-05,420.2,15.31,27.48,45.05,0.909,45.45
A0863,2025-05-06,420.2,15.33,25.76,40.82,0.909,41.16
A0863,2025-05-07,420.2,18.2,30.04,47.12,0.909,47.51
A0863,2025-05-08,420.2,20.65,35.61,57.22,0.909,57.71
A0863,2025-05-09,420.2,22.11,36.08,56.26,0.909,56.72
A0863,2025-05-10,420.2,23.83,39.51,62.15,0.909,62.66
A0863,2025-05-11,420.2,13.84,22.84,35.84,0.909,36.13
A0863,2025-05-12,420.2,18.52,31.29,49.73,0.909,50.14
A0864,2025-04-29,398.6,12.15,34.91,74.09,0.909,74.98
A0864,2025-04-30,398.6,18.28,47.39,99.03,0.909,100.21
A0864,2025-05-01,398.6,10.91,31.84,68.15,0.909,68.98
A0864,2025-05-02,398.6,16.24,42.63,88.85,0.909,89.9
A0864,2025-05-03,398.6,16.53,42.8,89.05,0.909,90.1
A0864,2025-05-04,398.6,13.6,37.78,80.25,0.909,81.21
A0864,2025-05-05,398.6,12.52,34.82,73.79,0.909,74.68
A0864,2025-05-06,398.6,13.11,36.02,76.08,0.909,76.99
A0864,2025-05-07,398.6,14.65,38.74,81.19,0.909,82.16
A0864,2025-05-08,398.6,15.66,41.01,85.79,0.909,86.81
A0864,2025-05-09,398.6,17.08,43.62,90.63,0.909,91.7
A0864,2025-05-10,398.6,17.76,44.66,92.46,0.909,93.55
A0864,2025-05-11,398.6,11.83,33.44,71.08,0.909,71.94
A0864,2025-05-12,398.6,15.28,40.06,83.85,0.909,84.84
A0865,2025-04-29,5.3,32.52,49.69,75.24,0.556,53.24
A0865,2025-04-30,5.3,43.67,66.28,99.91,0.556,70.95
A0865,2025-05-01,5.3,31.17,48.17,73.45,0.556,51.68
A0865,2025-05-02,5.3,44.88,67.92,102.19,0.556,72.68
A0865,2025-05-03,5.3,41.96,65.24,99.88,0.556,70.06
A0865,2025-05-04,5.3,32.54,49.02,73.54,0.556,52.43
A0865,2025-05-05,5.3,31.25,47.79,72.39,0.556,51.2
A0865,2025-05-06,5.3,34.12,51.4,77.1,0.556,54.97
A0865,2025-05-07,5.3,35.94,54.2,81.36,0.556,57.97
A0865,2025-05-08,5.3,39.9,59.57,88.82,0.556,63.63
A0865,2025-05-09,5.3,46.68,69.91,104.47,0.556,74.71
A0865,2025-05-10,5.3,43.01,66.36,101.09,0.556,71.18
A0865,2025-05-11,5.3,27.58,41.82,63.0,0.556,44.76
A0865,2025-05-12,5.3,38.1,56.68,84.3,0.556,60.51
A0866,2025-04-29,35.4,25.73,43.23,74.05,0.909,74.75
A0866,2025-04-30,35.4,36.84,62.06,106.48,0.909,107.49
A0866,2025-05-01,35.4,22.51,36.38,60.79,0.909,61.35
A0866,2025-05-02,35.4,34.74,56.41,94.58,0.909,95.45
A0866,2025-05-03,35.4,12.21,20.87,36.12,0.909,36.47
A0866,2025-05-04,35.4,10.62,17.67,30.09,0.909,30.37
A0866,2025-05-05,35.4,9.32,15.52,26.45,0.909,26.7
A0866,2025-05-06,35.4,9.13,15.98,28.04,0.909,28.31
A0866,2025-05-07,35.4,11.51,19.76,34.31,0.909,34.64
A0866,2025-05-08,35.4,12.76,21.18,36.02,0.909,36.35
A0866,2025-05-09,35.4,13.32,21.26,35.24,0.909,35.56
A0866,2025-05-10,35.4,15.01,24.28,40.62,0.909,40.99
A0866,2025-05-11,35.4,10.27,16.76,28.21,0.909,28.47
A0866,2025-05-12,35.4,12.86,20.85,34.91,0.909,35.23
A0867,2025-04-29,5.5,9.59,15.46,25.31,0.556,16.83
A0867,2025-04-30,5.5,13.14,19.56,30.33,0.556,21.05
A0867,2025-05-01,5.5,8.16,13.07,21.32,0.556,14.22
A0867,2025-05-02,5.5,11.08,18.46,30.86,0.556,20.18
A0867,2025-05-03,5.5,11.55,18.34,29.76,0.556,19.93
A0867,2025-05-04,5.5,10.27,15.17,23.41,0.556,16.31
A0867,2025-05-05,5.5,9.9,15.01,23.58,0.556,16.2
A0867,2025-05-06,5.5,9.45,15.35,25.27,0.556,16.73
A0867,2025-05-07,5.5,10.69,16.59,26.49,0.556,17.96
A0867,2025-05-08,5.5,10.84,16.89,27.06,0.556,18.3
A0867,2025-05-09,5.5,11.82,19.34,31.98,0.556,21.1
A0867,2025-05-10,5.5,12.7,19.43,30.74,0.556,21.0
A0867,2025-05-11,5.5,9.23,13.95,21.88,0.556,15.05
A0867,2025-05-12,5.5,12.98,18.93,28.93,0.556,20.32
A0868,2025-04-29,412.4,4.33,9.72,18.21,0.909,18.4
A0868,2025-04-30,412.4,6.23,14.66,27.93,0.909,28.23
A0868,2025-05-01,412.4,4.41,9.85,18.42,0.909,18.61
A0868,2025-05-02,412.4,5.69,12.43,23.04,0.909,23.28
A0868,2025-05-03,412.4,5.86,12.68,23.42,0.909,23.66
A0868,2025-05-04,412.4,4.64,11.89,23.31,0.909,23.56
A0868,2025-05-05,412.4,4.57,10.77,20.51,0.909,20.73
A0868,2025-05-06,412.4,4.28,9.73,18.3,0.909,18.49
A0868,2025-05-07,412.4,5.31,11.35,20.86,0.909,21.08
A0868,2025-05-08,412.4,5.46,11.59,21.25,0.909,21.47
A0868,2025-05-09,412.4,5.74,11.93,21.67,0.909,21.89
A0868,2025-05-10,412.4,6.24,13.71,25.46,0.909,25.73
A0868,2025-05-11,412.4,4.44,10.24,19.38,0.909,19.59
A0868,2025-05-12,412.4,5.55,11.65,21.23,0.909,21.45
A0869,2025-04-29,342.6,5.14,20.35,46.46,0.909,47.05
A0869,2025-04-30,342.6,10.32,31.91,69.48,0.909,70.34
A0869,2025-05-01,342.6,6.1,21.62,49.01,0.909,49.64
A0869,2025-05-02,342.6,9.88,30.68,66.59,0.909,67.4
A0869,2025-05-03,342.6,10.6,31.72,68.42,0.909,69.25
A0869,2025-05-04,342.6,6.26,22.9,51.48,0.909,52.13
A0869,2025-05-05,342.6,6.49,22.82,51.25,0.909,51.89
A0869,2025-05-06,342.6,6.04,22.22,49.86,0.909,50.49
A0869,2025-05-07,342.6,7.26,24.77,54.7,0.909,55.38
A0869,2025-05-08,342.6,8.74,28.16,61.6,0.909,62.36
A0869,2025-05-09,342.6,10.45,31.55,68.19,0.909,69.03
A0869,2025-05-10,342.6,11.04,32.39,69.64,0.909,70.49
A0869,2025-05-11,342.6,4.96,19.32,44.36,0.909,44.93
A0869,2025-05-12,342.6,7.85,26.25,57.88,0.909,58.6
A0870,2025-04-29,2.7,19.29,28.97,47.75,0.556,31.58
A0870,2025-04-30,2.7,44.2,66.52,109.83,0.556,72.54
A0870,2025-05-01,2.7,28.49,43.56,72.81,0.556,47.62
A0870,2025-05-02,2.7,37.36,57.82,97.53,0.556,63.34
A0870,2025-05-03,2.7,39.04,62.31,107.45,0.556,68.58
A0870,2025-05-04,2.7,28.46,46.98,82.92,0.556,51.97
A0870,2025-05-05,2.7,28.29,44.11,74.81,0.556,48.38
A0870,2025-05-06,2.7,16.6,26.13,44.62,0.556,28.7
A0870,2025-05-07,2.7,17.7,28.19,48.55,0.556,31.02
A0870,2025-05-08,2.7,20.85,32.41,54.83,0.556,35.52
A0870,2025-05-09,2.7,22.58,34.03,56.23,0.556,37.11
A0870,2025-05-10,2.7,23.64,37.21,63.54,0.556,40.86
A0870,2025-05-11,2.7,16.26,25.01,41.98,0.556,27.36
A0870,2025-05-12,2.7,21.13,32.17,53.6,0.556,35.15
A0871,2025-04-29,298.7,18.3,32.42,56.96,0.909,57.52
A0871,2025-04-30,298.7,28.35,48.63,83.87,0.909,84.67
A0871,2025-05-01,298.7,16.77,29.6,51.89,0.909,52.4
A0871,2025-05-02,298.7,24.4,42.02,72.64,0.909,73.33
A0871,2025-05-03,298.7,26.07,45.37,78.89,0.909,79.65
A0871,2025-05-04,298.7,24.26,41.6,71.72,0.909,72.41
A0871,2025-05-05,298.7,19.42,33.09,56.84,0.909,57.37
A0871,2025-05-06,298.7,19.98,34.37,59.38,0.909,59.95
A0871,2025-05-07,298.7,22.83,39.47,68.38,0.909,69.04
A0871,2025-05-08,298.7,24.64,42.75,74.19,0.909,74.91
A0871,2025-05-09,298.7,24.89,41.55,70.5,0.909,71.16
A0871,2025-05-10,298.7,29.34,50.99,88.6,0.909,89.46
A0871,2025-05-11,298.7,21.75,38.38,67.26,0.909,67.92
A0871,2025-05-12,298.7,22.52,37.87,64.53,0.909,65.13
A0872,2025-04-29,416.8,9.61,15.46,25.12,0.909,25.34
A0872,2025-04-30,416.8,12.02,18.53,29.25,0.909,29.49
A0872,2025-05-01,416.8,8.74,14.22,23.27,0.909,23.48
A0872,2025-05-02,416.8,11.16,18.4,30.34,0.909,30.61
A0872,2025-05-03,416.8,13.63,21.14,33.51,0.909,33.79
A0872,2025-05-04,416.8,8.26,12.03,18.26,0.909,18.4
A0872,2025-05-05,416.8,9.49,14.98,24.05,0.909,24.25
A0872,2025-05-06,416.8,9.8,15.65,25.29,0.909,25.5
A0872,2025-05-07,416.8,10.89,17.31,27.91,0.909,28.15
A0872,2025-05-08,416.8,11.57,18.4,29.66,0.909,29.92
A0872,2025-05-09,416.8,11.02,18.51,30.87,0.909,31.15
A0872,2025-05-10,416.8,13.81,20.98,32.8,0.909,33.07
A0872,2025-05-11,416.8,7.97,11.61,17.61,0.909,17.74
A0872,2025-05-12,416.8,11.27,18.05,29.24,0.909,29.49
A0873,2025-04-29,420.0,30.42,43.13,62.55,0.909,62.99
A0873,2025-04-30,420.0,40.44,55.77,79.2,0.909,79.73
A0873,2025-05-01,420.0,26.55,36.79,52.45,0.909,52.81
A0873,2025-05-02,420.0,36.43,51.12,73.57,0.909,74.08
A0873,2025-05-03,420.0,35.01,49.32,71.2,0.909,71.7
A0873,2025-05-04,420.0,32.38,44.8,63.77,0.909,64.2
A0873,2025-05-05,420.0,28.94,39.47,55.57,0.909,55.94
A0873,2025-05-06,420.0,29.72,42.59,62.26,0.909,62.7
A0873,2025-05-07,420.0,32.58,44.51,62.75,0.909,63.17
A0873,2025-05-08,420.0,34.18,48.33,69.95,0.909,70.44
A0873,2025-05-09,420.0,35.44,50.47,73.44,0.909,73.96
A0873,2025-05-10,420.0,36.17,50.62,72.7,0.909,73.21
A0873,2025-05-11,420.0,29.33,40.5,57.56,0.909,57.95
A0873,2025-05-12,420.0,33.62,46.5,66.18,0.909,66.63
A0874,2025-04-29,364.6,8.66,15.3,25.12,0.909,25.34
A0874,2025-04-30,364.6,13.45,21.65,33.79,0.909,34.07
A0874,2025-05-01,364.6,8.88,16.28,27.21,0.909,27.46
A0874,2025-05-02,364.6,12.67,22.02,35.86,0.909,36.17
A0874,2025-05-03,364.6,12.66,21.92,35.61,0.909,35.92
A0874,2025-05-04,364.6,9.58,16.43,26.55,0.909,26.78
A0874,2025-05-05,364.6,8.66,15.99,26.82,0.909,27.07
A0874,2025-05-06,364.6,8.59,15.24,25.07,0.909,25.3
A0874,2025-05-07,364.6,9.48,16.11,25.9,0.909,26.12
A0874,2025-05-08,364.6,11.55,20.0,32.5,0.909,32.79
A0874,2025-05-09,364.6,12.83,22.21,36.08,0.909,36.39
A0874,2025-05-10,364.6,12.93,22.2,35.89,0.909,36.2
A0874,2025-05-11,364.6,7.7,13.57,22.24,0.909,22.44
A0874,2025-05-12,364.6,10.7,18.79,30.76,0.909,31.04
A0875,2025-04-29,5.8,11.92,19.57,29.66,0.556,20.97
A0875,2025-04-30,5.8,14.78,25.52,39.68,0.556,27.49
A0875,2025-05-01,5.8,11.32,18.25,27.4,0.556,19.53
A0875,2025-05-02,5.8,16.86,27.75,42.11,0.556,29.74
A0875,2025-05-03,5.8,15.87,26.16,39.74,0.556,28.05
A0875,2025-05-04,5.8,10.7,18.24,28.17,0.556,19.62
A0875,2025-05-05,5.8,11.7,18.53,27.52,0.556,19.78
A0875,2025-05-06,5.8,12.77,20.52,30.73,0.556,21.94
A0875,2025-05-07,5.8,13.27,22.36,34.34,0.556,24.03
A0875,2025-05-08,5.8,14.8,24.14,36.46,0.556,25.85
A0875,2025-05-09,5.8,17.84,29.29,44.39,0.556,31.39
A0875,2025-05-10,5.8,16.06,26.07,39.28,0.556,27.91
A0875,2025-05-11,5.8,10.31,17.28,26.46,0.556,18.55
A0875,2025-05-12,5.8,14.13,22.93,34.52,0.556,24.54
A0876,2025-04-29,6.5,27.61,38.87,57.06,0.556,41.4
A0876,2025-04-30,6.5,67.71,96.83,143.88,0.556,103.37
A0876,2025-05-01,6.5,50.67,73.83,111.25,0.556,79.03
A0876,2025-05-02,6.5,62.08,88.65,131.56,0.556,94.61
A0876,2025-05-03,6.5,64.0,90.78,134.04,0.556,96.78
A0876,2025-05-04,6.5,52.28,75.68,113.46,0.556,80.92
A0876,2025-05-05,6.5,49.02,71.8,108.61,0.556,76.92
A0876,2025-05-06,6.5,48.42,69.13,102.58,0.556,73.77
A0876,2025-05-07,6.5,25.56,36.87,55.14,0.556,39.41
A0876,2025-05-08,6.5,29.85,43.17,64.68,0.556,46.16
A0876,2025-05-09,6.5,32.08,46.48,69.74,0.556,49.71
A0876,2025-05-10,6.5,34.31,48.98,72.69,0.556,52.28
A0876,2025-05-11,6.5,23.71,33.85,50.23,0.556,36.12
A0876,2025-05-12,6.5,30.4,43.18,63.83,0.556,46.05
A0877,2025-04-29,14.2,35.62,54.08,82.67,0.909,83.32
A0877,2025-04-30,14.2,51.46,77.76,118.52,0.909,119.44
A0877,2025-05-01,14.2,31.17,46.95,71.39,0.909,71.94
A0877,2025-05-02,14.2,40.94,59.76,88.91,0.909,89.57
A0877,2025-05-03,14.2,42.75,62.18,92.28,0.909,92.96
A0877,2025-05-04,14.2,39.83,60.57,92.71,0.909,93.44
A0877,2025-05-05,14.2,34.28,52.2,79.98,0.909,80.61
A0877,2025-05-06,14.2,35.5,53.72,81.95,0.909,82.59
A0877,2025-05-07,14.2,38.68,58.22,88.48,0.909,89.17
A0877,2025-05-08,14.2,38.22,57.2,86.62,0.909,87.28
A0877,2025-05-09,14.2,40.69,58.91,87.13,0.909,87.77
A0877,2025-05-10,14.2,43.05,62.64,92.98,0.909,93.67
A0877,2025-05-11,14.2,51.47,75.04,111.58,0.909,112.41
A0877,2025-05-12,14.2,61.13,90.8,136.77,0.909,137.82
A0878,2025-04-29,357.4,92.93,130.49,190.54,0.909,191.9
A0878,2025-04-30,357.4,126.45,180.85,267.8,0.909,269.78
A0878,2025-05-01,357.4,83.09,111.01,155.65,0.909,156.66
A0878,2025-05-02,357.4,109.58,153.61,224.0,0.909,225.6
A0878,2025-05-03,357.4,108.89,152.61,222.48,0.909,224.06
A0878,2025-05-04,357.4,101.08,142.19,207.91,0.909,209.41
A0878,2025-05-05,357.4,53.41,72.99,104.29,0.909,105.0
A0878,2025-05-06,357.4,58.39,81.25,117.78,0.909,118.61
A0878,2025-05-07,357.4,64.4,88.54,127.12,0.909,128.0
A0878,2025-05-08,357.4,69.43,92.8,130.15,0.909,131.0
A0878,2025-05-09,357.4,74.9,100.92,142.49,0.909,143.44
A0878,2025-05-10,357.4,78.27,105.47,148.94,0.909,149.93
A0878,2025-05-11,357.4,61.69,81.27,112.57,0.909,113.28
A0878,2025-05-12,357.4,70.86,95.51,134.9,0.909,135.8
A0879,2025-04-29,179.0,52.26,79.86,113.41,0.909,114.17
A0879,2025-04-30,179.0,45.74,67.84,94.72,0.909,95.33
A0879,2025-05-01,179.0,28.32,42.24,59.16,0.909,59.55
A0879,2025-05-02,179.0,37.53,56.72,80.04,0.909,80.57
A0879,2025-05-03,179.0,44.35,64.52,89.04,0.909,89.59
A0879,2025-05-04,179.0,39.7,56.11,76.05,0.909,76.51
A0879,2025-05-05,179.0,57.65,82.56,112.84,0.909,113.53
A0879,2025-05-06,179.0,58.46,89.08,126.29,0.909,127.14
A0879,2025-05-07,179.0,59.64,92.57,132.61,0.909,133.52
A0879,2025-05-08,179.0,64.41,96.67,135.89,0.909,136.78
A0879,2025-05-09,179.0,67.25,101.59,143.35,0.909,144.3
A0879,2025-05-10,179.0,75.16,110.49,153.45,0.909,154.42
A0879,2025-05-11,179.0,23.55,38.51,56.69,0.909,57.1
A0879,2025-05-12,179.0,32.8,49.98,70.87,0.909,71.35
A0880,2025-04-29,304.6,6.88,11.12,18.59,0.909,18.76
A0880,2025-04-30,304.6,9.33,14.7,24.19,0.909,24.4
A0880,2025-05-01,304.6,6.87,10.62,17.22,0.909,17.37
A0880,2025-05-02,304.6,10.86,17.31,28.69,0.909,28.94
A0880,2025-05-03,304.6,11.22,18.15,30.38,0.909,30.66
A0880,2025-05-04,304.6,6.74,10.8,17.96,0.909,18.12
A0880,2025-05-05,304.6,7.26,11.5,18.98,0.909,19.15
A0880,2025-05-06,304.6,7.3,11.51,18.92,0.909,19.09
A0880,2025-05-07,304.6,8.23,13.65,23.19,0.909,23.41
A0880,2025-05-08,304.6,9.71,15.78,26.48,0.909,26.72
A0880,2025-05-09,304.6,11.28,17.61,28.78,0.909,29.03
A0880,2025-05-10,304.6,11.5,18.47,30.76,0.909,31.04
A0880,2025-05-11,304.6,6.23,10.21,17.22,0.909,17.38
A0880,2025-05-12,304.6,9.32,15.11,25.33,0.909,25.56
A0881,2025-04-29,2.5,108.88,163.66,254.0,0.556,176.21
A0881,2025-04-30,2.5,135.62,204.87,319.06,0.556,220.73
A0881,2025-05-01,2.5,96.76,143.5,220.57,0.556,154.2
A0881,2025-05-02,2.5,123.52,182.72,280.32,0.556,196.27
A0881,2025-05-03,2.5,135.81,200.86,308.13,0.556,215.76
A0881,2025-05-04,2.5,110.77,168.99,265.0,0.556,182.33
A0881,2025-05-05,2.5,102.62,147.25,220.84,0.556,157.47
A0881,2025-05-06,2.5,113.11,167.57,257.39,0.556,180.05
A0881,2025-05-07,2.5,116.88,170.45,258.78,0.556,182.72
A0881,2025-05-08,2.5,124.29,186.65,289.48,0.556,200.93
A0881,2025-05-09,2.5,123.14,181.41,277.49,0.556,194.75
A0881,2025-05-10,2.5,135.83,201.18,308.93,0.556,216.14
A0881,2025-05-11,2.5,91.58,137.2,212.42,0.556,147.65
A0881,2025-05-12,2.5,124.36,181.09,274.64,0.556,194.08
A0882,2025-04-29,413.6,3.88,9.04,18.23,0.909,18.44
A0882,2025-04-30,413.6,6.05,13.78,27.56,0.909,27.87
A0882,2025-05-01,413.6,3.89,8.43,16.51,0.909,16.69
A0882,2025-05-02,413.6,5.29,11.77,23.31,0.909,23.58
A0882,2025-05-03,413.6,5.8,12.29,23.86,0.909,24.12
A0882,2025-05-04,413.6,4.38,10.68,21.91,0.909,22.17
A0882,2025-05-05,413.6,4.08,9.38,18.81,0.909,19.02
A0882,2025-05-06,413.6,4.01,9.18,18.4,0.909,18.61
A0882,2025-05-07,413.6,4.89,11.54,23.4,0.909,23.66
A0882,2025-05-08,413.6,5.08,11.03,21.62,0.909,21.86
A0882,2025-05-09,413.6,5.36,11.27,21.82,0.909,22.06
A0882,2025-05-10,413.6,6.11,13.21,25.86,0.909,26.15
A0882,2025-05-11,413.6,3.83,9.53,19.69,0.909,19.92
A0882,2025-05-12,413.6,4.99,10.76,21.05,0.909,21.29
A0883,2025-04-29,4.4,49.97,74.08,111.51,0.556,79.28
A0883,2025-04-30,4.4,66.76,95.82,140.94,0.556,102.09
A0883,2025-05-01,4.4,45.76,67.83,102.09,0.556,72.59
A0883,2025-05-02,4.4,61.56,92.86,141.45,0.556,99.61
A0883,2025-05-03,4.4,61.21,90.15,135.09,0.556,96.39
A0883,2025-05-04,4.4,73.43,103.41,149.96,0.556,109.88
A0883,2025-05-05,4.4,72.85,105.7,156.71,0.556,112.79
A0883,2025-05-06,4.4,75.83,111.42,166.68,0.556,119.1
A0883,2025-05-07,4.4,49.97,76.54,117.81,0.556,82.27
A0883,2025-05-08,4.4,54.78,81.57,123.16,0.556,87.34
A0883,2025-05-09,4.4,58.53,89.62,137.89,0.556,96.32
A0883,2025-05-10,4.4,59.83,88.6,133.27,0.556,94.8
A0883,2025-05-11,4.4,38.53,56.49,84.38,0.556,60.37
A0883,2025-05-12,4.4,57.97,84.07,124.6,0.556,89.7
A0884,2025-04-29,4.9,44.28,63.02,87.51,0.556,66.42
A0884,2025-04-30,4.9,62.13,91.15,129.06,0.556,96.41
A0884,2025-05-01,4.9,37.65,52.92,72.88,0.556,55.69
A0884,2025-05-02,4.9,53.62,76.76,106.99,0.556,80.96
A0884,2025-05-03,4.9,52.16,76.03,107.22,0.556,80.36
A0884,2025-05-04,4.9,49.33,71.42,100.29,0.556,75.43
A0884,2025-05-05,4.9,41.42,58.69,81.25,0.556,61.82
A0884,2025-05-06,4.9,42.4,61.1,85.52,0.556,64.49
A0884,2025-05-07,4.9,44.57,64.75,91.12,0.556,68.41
A0884,2025-05-08,4.9,47.8,68.79,96.22,0.556,72.6
A0884,2025-05-09,4.9,52.0,74.69,104.34,0.556,78.81
A0884,2025-05-10,4.9,52.73,77.03,108.78,0.556,81.44
A0884,2025-05-11,4.9,38.87,56.02,78.42,0.556,59.13
A0884,2025-05-12,4.9,48.12,69.17,96.67,0.556,72.99
A0885,2025-04-29,313.8,24.76,35.42,49.4,0.909,49.72
A0885,2025-04-30,313.8,32.27,48.28,69.31,0.909,69.79
A0885,2025-05-01,313.8,22.96,33.52,47.38,0.909,47.7
A0885,2025-05-02,313.8,30.23,43.09,59.98,0.909,60.36
A0885,2025-05-03,313.8,29.39,43.33,61.63,0.909,62.05
A0885,2025-05-04,313.8,27.16,39.35,55.35,0.909,55.72
A0885,2025-05-05,313.8,23.73,34.55,48.76,0.909,49.08
A0885,2025-05-06,313.8,46.1,64.84,89.45,0.909,90.01
A0885,2025-05-07,313.8,46.57,67.69,95.43,0.909,96.06
A0885,2025-05-08,313.8,49.06,69.81,97.06,0.909,97.68
A0885,2025-05-09,313.8,57.26,79.64,109.03,0.909,109.7
A0885,2025-05-10,313.8,57.2,82.3,115.26,0.909,116.01
A0885,2025-05-11,313.8,38.26,56.92,81.42,0.909,81.98
A0885,2025-05-12,313.8,23.34,34.66,49.53,0.909,49.86
A0886,2025-04-29,35.3,8.33,13.71,22.6,0.909,22.8
A0886,2025-04-30,35.3,13.36,18.93,28.12,0.909,28.33
A0886,2025-05-01,35.3,7.72,11.83,18.61,0.909,18.77
A0886,2025-05-02,35.3,10.77,19.12,32.9,0.909,33.21
A0886,2025-05-03,35.3,10.88,18.44,30.91,0.909,31.2
A0886,2025-05-04,35.3,9.53,14.46,22.59,0.909,22.77
A0886,2025-05-05,35.3,8.03,13.56,22.69,0.909,22.9
A0886,2025-05-06,35.3,8.07,13.51,22.48,0.909,22.68
A0886,2025-05-07,35.3,9.52,16.12,27.02,0.909,27.27
A0886,2025-05-08,35.3,9.92,16.78,28.11,0.909,28.36
A0886,2025-05-09,35.3,10.86,18.73,31.73,0.909,32.02
A0886,2025-05-10,35.3,11.29,19.51,33.08,0.909,33.39
A0886,2025-05-11,35.3,7.33,13.12,22.69,0.909,22.9
A0886,2025-05-12,35.3,9.44,16.59,28.4,0.909,28.67
A0887,2025-04-29,32.5,3.78,6.44,11.13,0.909,11.23
A0887,2025-04-30,32.5,6.84,10.74,17.6,0.909,17.75
A0887,2025-05-01,32.5,3.43,6.28,11.29,0.909,11.4
A0887,2025-05-02,32.5,5.21,8.7,14.84,0.909,14.98
A0887,2025-05-03,32.5,5.08,8.52,14.57,0.909,14.71
A0887,2025-05-04,32.5,4.84,7.71,12.76,0.909,12.88
A0887,2025-05-05,32.5,3.9,7.55,13.95,0.909,14.1
A0887,2025-05-06,32.5,3.72,6.39,11.09,0.909,11.2
A0887,2025-05-07,32.5,4.42,7.83,13.81,0.909,13.94
A0887,2025-05-08,32.5,4.52,7.49,12.71,0.909,12.83
A0887,2025-05-09,32.5,5.13,8.5,14.43,0.909,14.57
A0887,2025-05-10,32.5,5.49,9.11,15.48,0.909,15.62
A0887,2025-05-11,32.5,9.85,17.93,32.14,0.909,32.46
A0887,2025-05-12,32.5,14.73,25.41,44.2,0.909,44.63
A0888,2025-04-29,332.9,74.24,99.15,136.7,0.909,137.56
A0888,2025-04-30,332.9,179.32,249.26,354.69,0.909,357.09
A0888,2025-05-01,332.9,130.2,175.3,243.27,0.909,244.82
A0888,2025-05-02,332.9,170.8,223.95,304.05,0.909,305.87
A0888,2025-05-03,332.9,175.71,228.63,308.39,0.909,310.2
A0888,2025-05-04,332.9,149.15,198.63,273.23,0.909,274.92
A0888,2025-05-05,332.9,142.52,186.44,252.65,0.909,254.15
A0888,2025-05-06,332.9,144.47,196.32,274.47,0.909,276.24
A0888,2025-05-07,332.9,64.65,90.79,130.21,0.909,131.11
A0888,2025-05-08,332.9,72.16,98.41,137.98,0.909,138.87
A0888,2025-05-09,332.9,77.51,103.19,141.91,0.909,142.79
A0888,2025-05-10,332.9,81.59,107.56,146.71,0.909,147.6
A0888,2025-05-11,332.9,61.22,81.84,112.91,0.909,113.62
A0888,2025-05-12,332.9,74.79,98.52,134.3,0.909,135.12
A0889,2025-04-29,29.0,12.02,17.01,26.94,0.909,27.17
A0889,2025-04-30,29.0,17.84,25.01,39.31,0.909,39.64
A0889,2025-05-01,29.0,11.32,16.1,25.63,0.909,25.84
A0889,2025-05-02,29.0,16.44,23.01,36.12,0.909,36.42
A0889,2025-05-03,29.0,16.76,23.49,36.92,0.909,37.22
A0889,2025-05-04,29.0,13.45,18.18,27.62,0.909,27.83
A0889,2025-05-05,29.0,11.74,16.71,26.63,0.909,26.85
A0889,2025-05-06,29.0,12.51,17.58,27.68,0.909,27.91
A0889,2025-05-07,29.0,14.34,20.57,33.0,0.909,33.29
A0889,2025-05-08,29.0,14.93,21.58,34.84,0.909,35.14
A0889,2025-05-09,29.0,16.59,23.06,35.97,0.909,36.26
A0889,2025-05-10,29.0,17.2,24.25,38.32,0.909,38.64
A0889,2025-05-11,29.0,11.03,15.58,24.67,0.909,24.88
A0889,2025-05-12,29.0,13.96,19.84,31.55,0.909,31.82
A0890,2025-04-29,347.3,0.79,8.3,24.64,0.909,25.01
A0890,2025-04-30,347.3,3.43,15.68,41.99,0.909,42.59
A0890,2025-05-01,347.3,1.38,9.45,27.48,0.909,27.89
A0890,2025-05-02,347.3,3.23,15.36,39.92,0.909,40.48
A0890,2025-05-03,347.3,3.6,16.65,42.2,0.909,42.78
A0890,2025-05-04,347.3,3.09,14.92,39.17,0.909,39.72
A0890,2025-05-05,347.3,2.85,13.78,35.92,0.909,36.42
A0890,2025-05-06,347.3,2.38,13.07,34.18,0.909,34.66
A0890,2025-05-07,347.3,4.29,17.44,43.07,0.909,43.65
A0890,2025-05-08,347.3,4.64,18.56,45.87,0.909,46.49
A0890,2025-05-09,347.3,5.1,20.28,49.15,0.909,49.81
A0890,2025-05-10,347.3,6.2,22.7,53.95,0.909,54.66
A0890,2025-05-11,347.3,3.51,14.31,36.56,0.909,37.07
A0890,2025-05-12,347.3,4.45,17.77,43.9,0.909,44.5
A0891,2025-04-29,409.0,13.96,23.57,38.99,0.909,39.34
A0891,2025-04-30,409.0,18.52,33.28,56.96,0.909,57.5
A0891,2025-05-01,409.0,13.69,24.33,41.41,0.909,41.79
A0891,2025-05-02,409.0,17.94,31.48,53.21,0.909,53.7
A0891,2025-05-03,409.0,18.09,31.7,53.54,0.909,54.04
A0891,2025-05-04,409.0,15.54,28.37,48.94,0.909,49.41
A0891,2025-05-05,409.0,14.15,26.03,45.09,0.909,45.53
A0891,2025-05-06,409.0,14.18,24.02,39.79,0.909,40.15
A0891,2025-05-07,409.0,15.96,27.91,47.09,0.909,47.53
A0891,2025-05-08,409.0,17.51,30.93,52.48,0.909,52.97
A0891,2025-05-09,409.0,18.12,31.08,51.87,0.909,52.35
A0891,2025-05-10,409.0,19.28,34.1,57.87,0.909,58.42
A0891,2025-05-11,409.0,14.31,26.23,45.37,0.909,45.8
A0891,2025-05-12,409.0,16.81,29.61,50.15,0.909,50.62
A0892,2025-04-29,8.3,15.13,25.08,39.72,0.556,27.12
A0892,2025-04-30,8.3,18.79,29.79,45.96,0.556,32.03
A0892,2025-05-01,8.3,13.76,22.17,34.54,0.556,23.89
A0892,2025-05-02,8.3,19.23,30.8,47.83,0.556,33.17
A0892,2025-05-03,8.3,18.8,30.53,47.76,0.556,32.92
A0892,2025-05-04,8.3,15.66,25.02,38.8,0.556,26.94
A0892,2025-05-05,8.3,33.81,54.62,85.24,0.556,58.88
A0892,2025-05-06,8.3,35.43,59.45,94.76,0.556,64.35
A0892,2025-05-07,8.3,36.22,58.93,92.32,0.556,63.56
A0892,2025-05-08,8.3,16.24,27.5,44.05,0.556,29.8
A0892,2025-05-09,8.3,18.31,30.14,47.52,0.556,32.55
A0892,2025-05-10,8.3,17.51,29.21,46.43,0.556,31.6
A0892,2025-05-11,8.3,13.25,22.05,34.99,0.556,23.85
A0892,2025-05-12,8.3,17.6,28.42,44.33,0.556,30.63
A0893,2025-04-29,5.2,14.48,22.39,35.68,0.556,24.23
A0893,2025-04-30,5.2,20.49,28.91,43.07,0.556,30.88
A0893,2025-05-01,5.2,11.44,17.24,26.98,0.556,18.59
A0893,2025-05-02,5.2,16.76,25.45,40.05,0.556,27.47
A0893,2025-05-03,5.2,17.0,24.85,38.05,0.556,26.68
A0893,2025-05-04,5.2,15.5,22.2,33.48,0.556,23.77
A0893,2025-05-05,5.2,13.14,19.78,30.94,0.556,21.33
A0893,2025-05-06,5.2,25.18,37.67,58.66,0.556,40.59
A0893,2025-05-07,5.2,25.81,37.53,57.22,0.556,40.26
A0893,2025-05-08,5.2,25.78,37.47,57.12,0.556,40.2
A0893,2025-05-09,5.2,28.32,42.06,65.14,0.556,45.26
A0893,2025-05-10,5.2,29.22,41.58,62.36,0.556,44.47
A0893,2025-05-11,5.2,19.69,29.86,46.94,0.556,32.23
A0893,2025-05-12,5.2,13.54,21.44,34.72,0.556,23.28
A0894,2025-04-29,308.7,131.63,170.11,233.54,0.909,234.98
A0894,2025-04-30,308.7,126.26,160.9,217.98,0.909,219.28
A0894,2025-05-01,308.7,81.32,106.6,148.27,0.909,149.21
A0894,2025-05-02,308.7,156.64,197.97,266.09,0.909,267.64
A0894,2025-05-03,308.7,161.08,207.95,285.21,0.909,286.96
A0894,2025-05-04,308.7,148.3,184.95,245.36,0.909,246.73
A0894,2025-05-05,308.7,85.46,113.66,160.13,0.909,161.18
A0894,2025-05-06,308.7,87.74,116.52,163.95,0.909,165.03
A0894,2025-05-07,308.7,98.52,131.01,184.55,0.909,185.77
A0894,2025-05-08,308.7,103.43,134.84,186.61,0.909,187.79
A0894,2025-05-09,308.7,105.12,134.74,183.57,0.909,184.68
A0894,2025-05-10,308.7,113.12,149.28,208.88,0.909,210.23
A0894,2025-05-11,308.7,90.02,116.31,159.65,0.909,160.63
A0894,2025-05-12,308.7,101.76,133.0,184.49,0.909,185.66
A0895,2025-04-29,2.7,98.56,145.0,214.09,0.556,154.59
A0895,2025-04-30,2.7,119.32,170.26,246.05,0.556,180.78
A0895,2025-05-01,2.7,88.25,128.51,188.41,0.556,136.83
A0895,2025-05-02,2.7,114.96,165.83,241.53,0.556,176.35
A0895,2025-05-03,2.7,119.67,175.88,259.52,0.556,187.5
A0895,2025-05-04,2.7,97.29,139.27,201.74,0.556,147.95
A0895,2025-05-05,2.7,86.02,127.54,189.31,0.556,136.12
A0895,2025-05-06,2.7,97.48,144.15,213.58,0.556,153.79
A0895,2025-05-07,2.7,97.9,142.32,208.4,0.556,151.5
A0895,2025-05-08,2.7,109.38,157.36,228.74,0.556,167.27
A0895,2025-05-09,2.7,113.94,165.63,242.55,0.556,176.31
A0895,2025-05-10,2.7,117.69,173.56,256.7,0.556,185.11
A0895,2025-05-11,2.7,79.41,117.55,174.3,0.556,125.43
A0895,2025-05-12,2.7,103.92,152.38,224.49,0.556,162.39
A0896,2025-04-29,6.9,39.79,60.58,93.68,0.556,65.18
A0896,2025-04-30,6.9,46.11,69.67,107.18,0.556,74.88
A0896,2025-05-01,6.9,34.87,51.33,77.55,0.556,54.97
A0896,2025-05-02,6.9,48.86,73.83,113.6,0.556,79.36
A0896,2025-05-03,6.9,46.72,69.55,105.9,0.556,74.6
A0896,2025-05-04,6.9,38.75,59.63,92.88,0.556,64.25
A0896,2025-05-05,6.9,35.22,52.14,79.09,0.556,55.89
A0896,2025-05-06,6.9,40.19,60.87,93.79,0.556,65.44
A0896,2025-05-07,6.9,40.86,61.13,93.41,0.556,65.61
A0896,2025-05-08,6.9,45.43,68.68,105.69,0.556,73.82
A0896,2025-05-09,6.9,49.6,73.88,112.54,0.556,79.25
A0896,2025-05-10,6.9,47.06,70.47,107.74,0.556,75.64
A0896,2025-05-11,6.9,36.39,55.08,84.84,0.556,59.21
A0896,2025-05-12,6.9,42.92,63.74,96.9,0.556,68.35
A0897,2025-04-29,2.7,25.22,37.83,57.92,0.556,40.62
A0897,2025-04-30,2.7,31.91,45.13,66.19,0.556,48.06
A0897,2025-05-01,2.7,22.57,33.37,50.57,0.556,35.76
A0897,2025-05-02,2.7,27.91,41.25,62.51,0.556,44.21
A0897,2025-05-03,2.7,29.16,43.58,66.56,0.556,46.77
A0897,2025-05-04,2.7,24.26,34.53,50.89,0.556,36.8
A0897,2025-05-05,2.7,22.83,33.69,50.99,0.556,36.09
A0897,2025-05-06,2.7,24.95,37.49,57.46,0.556,40.26
A0897,2025-05-07,2.7,25.32,37.61,57.18,0.556,40.33
A0897,2025-05-08,2.7,28.76,42.06,63.23,0.556,45.0
A0897,2025-05-09,2.7,28.63,41.92,63.08,0.556,44.85
A0897,2025-05-10,2.7,29.05,43.37,66.18,0.556,46.54
A0897,2025-05-11,2.7,20.54,30.07,45.25,0.556,32.18
A0897,2025-05-12,2.7,49.68,72.31,108.35,0.556,77.32
A0898,2025-04-29,344.9,29.3,41.24,60.99,0.909,61.44
A0898,2025-04-30,344.9,39.31,52.84,75.23,0.909,75.74
A0898,2025-05-01,344.9,25.17,34.37,49.59,0.909,49.94
A0898,2025-05-02,344.9,33.12,46.16,67.74,0.909,68.23
A0898,2025-05-03,344.9,33.8,48.08,71.7,0.909,72.24
A0898,2025-05-04,344.9,32.32,43.04,60.78,0.909,61.19
A0898,2025-05-05,344.9,27.76,39.15,58.01,0.909,58.44
A0898,2025-05-06,344.9,28.99,40.99,60.85,0.909,61.3
A0898,2025-05-07,344.9,30.63,44.25,66.78,0.909,67.29
A0898,2025-05-08,344.9,32.18,44.41,64.64,0.909,65.1
A0898,2025-05-09,344.9,33.76,46.7,68.09,0.909,68.58
A0898,2025-05-10,344.9,35.17,49.85,74.14,0.909,74.69
A0898,2025-05-11,344.9,27.23,38.33,56.7,0.909,57.12
A0898,2025-05-12,344.9,33.11,46.54,68.77,0.909,69.27
A0899,2025-04-29,32.1,21.93,30.42,51.63,0.909,52.12
A0899,2025-04-30,32.1,31.34,41.11,65.5,0.909,66.06
A0899,2025-05-01,32.1,20.31,26.71,42.69,0.909,43.05
A0899,2025-05-02,32.1,27.91,39.05,66.88,0.909,67.51
A0899,2025-05-03,32.1,28.24,42.08,76.64,0.909,77.42
A0899,2025-05-04,32.1,25.44,30.89,44.47,0.909,44.78
A0899,2025-05-05,32.1,22.12,30.88,52.75,0.909,53.25
A0899,2025-05-06,32.1,22.9,31.25,52.1,0.909,52.58
A0899,2025-05-07,32.1,26.05,36.1,61.19,0.909,61.77
A0899,2025-05-08,32.1,27.87,34.47,50.96,0.909,51.33
A0899,2025-05-09,32.1,27.73,38.36,64.89,0.909,65.49
A0899,2025-05-10,32.1,30.03,44.37,80.16,0.909,80.97
A0899,2025-05-11,32.1,22.44,27.78,41.11,0.909,41.42
A0899,2025-05-12,32.1,26.23,34.87,56.44,0.909,56.93
A0900,2025-04-29,34.8,37.17,50.6,72.68,0.909,73.19
A0900,2025-04-30,34.8,54.86,79.83,120.92,0.909,121.85
A0900,2025-05-01,34.8,35.88,50.01,73.26,0.909,73.79
A0900,2025-05-02,34.8,49.48,74.21,114.9,0.909,115.83
A0900,2025-05-03,34.8,47.95,72.05,111.72,0.909,112.62
A0900,2025-05-04,34.8,44.93,63.89,95.08,0.909,95.79
A0900,2025-05-05,34.8,38.31,54.8,81.94,0.909,82.56
A0900,2025-05-06,34.8,37.97,51.85,74.68,0.909,75.2
A0900,2025-05-07,34.8,41.79,65.68,105.0,0.909,105.89
A0900,2025-05-08,34.8,45.32,66.88,102.37,0.909,103.18
A0900,2025-05-09,34.8,49.92,73.17,111.43,0.909,112.3
A0900,2025-05-10,34.8,49.01,75.79,119.86,0.909,120.86
A0900,2025-05-11,34.8,34.21,55.37,90.2,0.909,90.99
A0900,2025-05-12,34.8,42.75,63.17,96.78,0.909,97.54
A0901,2025-04-29,26.4,25.99,39.68,62.21,0.909,62.72
A0901,2025-04-30,26.4,37.01,63.27,106.47,0.909,107.45
A0901,2025-05-01,26.4,24.77,37.88,59.45,0.909,59.94
A0901,2025-05-02,26.4,34.25,55.95,91.65,0.909,92.46
A0901,2025-05-03,26.4,32.92,53.34,86.94,0.909,87.7
A0901,2025-05-04,26.4,32.14,49.79,78.83,0.909,79.49
A0901,2025-05-05,26.4,26.97,42.0,66.73,0.909,67.29
A0901,2025-05-06,26.4,26.7,40.47,63.12,0.909,63.63
A0901,2025-05-07,26.4,28.15,49.07,83.48,0.909,84.26
A0901,2025-05-08,26.4,32.0,49.81,79.12,0.909,79.78
A0901,2025-05-09,26.4,34.86,54.16,85.91,0.909,86.64
A0901,2025-05-10,26.4,34.51,57.97,96.57,0.909,97.45
A0901,2025-05-11,26.4,25.69,41.32,67.02,0.909,67.61
A0901,2025-05-12,26.4,30.23,46.01,71.99,0.909,72.58
A0902,2025-04-29,2.7,65.71,95.46,136.7,0.556,101.18
A0902,2025-04-30,2.7,94.45,130.99,181.64,0.556,138.02
A0902,2025-05-01,2.7,54.83,78.18,110.55,0.556,82.67
A0902,2025-05-02,2.7,74.68,107.34,152.62,0.556,113.63
A0902,2025-05-03,2.7,80.83,115.94,164.61,0.556,122.7
A0902,2025-05-04,2.7,72.91,99.42,136.17,0.556,104.52
A0902,2025-05-05,2.7,58.75,83.68,118.26,0.556,88.49
A0902,2025-05-06,2.7,64.59,94.1,135.02,0.556,99.79
A0902,2025-05-07,2.7,70.45,102.95,148.01,0.556,109.21
A0902,2025-05-08,2.7,72.87,105.8,151.47,0.556,112.15
A0902,2025-05-09,2.7,72.56,104.78,149.44,0.556,110.98
A0902,2025-05-10,2.7,81.97,117.09,165.79,0.556,123.86
A0902,2025-05-11,2.7,55.37,78.65,110.92,0.556,83.13
A0902,2025-05-12,2.7,74.27,107.49,153.54,0.556,113.88
A0903,2025-04-29,12.9,26.8,40.29,59.84,0.909,60.29
A0903,2025-04-30,12.9,34.46,51.88,77.11,0.909,77.68
A0903,2025-05-01,12.9,24.0,37.17,56.24,0.909,56.67
A0903,2025-05-02,12.9,29.41,43.72,64.45,0.909,64.92
A0903,2025-05-03,12.9,30.45,44.78,65.52,0.909,65.99
A0903,2025-05-04,12.9,28.38,43.34,64.99,0.909,65.49
A0903,2025-05-05,12.9,24.52,38.71,59.26,0.909,59.72
A0903,2025-05-06,12.9,50.54,75.21,110.94,0.909,111.75
A0903,2025-05-07,12.9,52.24,77.18,113.31,0.909,114.13
A0903,2025-05-08,12.9,55.26,82.48,121.9,0.909,122.79
A0903,2025-05-09,12.9,56.26,82.24,119.86,0.909,120.72
A0903,2025-05-10,12.9,58.58,84.95,123.14,0.909,124.01
A0903,2025-05-11,12.9,20.36,32.76,50.73,0.909,51.14
A0903,2025-05-12,12.9,25.56,40.84,62.96,0.909,63.47
A0904,2025-04-29,7.0,103.95,134.36,192.16,0.556,142.39
A0904,2025-04-30,7.0,142.69,187.93,273.89,0.556,199.87
A0904,2025-05-01,7.0,88.52,113.08,159.76,0.556,119.57
A0904,2025-05-02,7.0,123.59,162.26,235.76,0.556,172.47
A0904,2025-05-03,7.0,120.39,156.02,223.71,0.556,165.42
A0904,2025-05-04,7.0,120.27,157.99,229.65,0.556,167.94
A0904,2025-05-05,7.0,92.42,118.21,167.21,0.556,125.01
A0904,2025-05-06,7.0,102.7,132.76,189.88,0.556,140.69
A0904,2025-05-07,7.0,105.43,137.42,198.21,0.556,145.86
A0904,2025-05-08,7.0,114.99,149.2,214.21,0.556,158.23
A0904,2025-05-09,7.0,184.97,239.6,343.4,0.556,254.01
A0904,2025-05-10,7.0,186.75,241.54,345.67,0.556,256.0
A0904,2025-05-11,7.0,127.78,167.75,243.7,0.556,178.3
A0904,2025-05-12,7.0,103.81,136.71,199.24,0.556,145.4
A0905,2025-04-29,382.0,9.04,14.82,22.81,0.909,23.0
A0905,2025-04-30,382.0,14.14,21.58,31.87,0.909,32.1
A0905,2025-05-01,382.0,8.47,13.59,20.67,0.909,20.83
A0905,2025-05-02,382.0,12.48,21.24,33.36,0.909,33.64
A0905,2025-05-03,382.0,13.51,21.89,33.47,0.909,33.73
A0905,2025-05-04,382.0,9.6,14.67,21.67,0.909,21.83
A0905,2025-05-05,382.0,9.08,14.66,22.37,0.909,22.54
A0905,2025-05-06,382.0,9.02,14.84,22.88,0.909,23.06
A0905,2025-05-07,382.0,10.14,16.93,26.32,0.909,26.53
A0905,2025-05-08,382.0,11.97,19.64,30.24,0.909,30.48
A0905,2025-05-09,382.0,13.01,21.88,34.15,0.909,34.43
A0905,2025-05-10,382.0,17.21,26.16,38.52,0.909,38.8
A0905,2025-05-11,382.0,9.55,14.75,21.93,0.909,22.1
A0905,2025-05-12,382.0,13.75,21.69,32.66,0.909,32.91
A0906,2025-04-29,344.7,10.16,17.46,28.12,0.909,28.36
A0906,2025-04-30,344.7,15.57,26.81,43.22,0.909,43.59
A0906,2025-05-01,344.7,9.96,16.66,26.43,0.909,26.65
A0906,2025-05-02,344.7,14.4,23.95,37.89,0.909,38.21
A0906,2025-05-03,344.7,16.04,26.45,41.64,0.909,41.98
A0906,2025-05-04,344.7,10.21,17.95,29.24,0.909,29.49
A0906,2025-05-05,344.7,10.77,17.81,28.07,0.909,28.31
A0906,2025-05-06,344.7,11.14,18.45,29.12,0.909,29.36
A0906,2025-05-07,344.7,12.7,20.28,31.33,0.909,31.58
A0906,2025-05-08,344.7,14.21,23.77,37.73,0.909,38.05
A0906,2025-05-09,344.7,14.77,24.34,38.31,0.909,38.63
A0906,2025-05-10,344.7,16.75,27.14,42.31,0.909,42.65
A0906,2025-05-11,344.7,9.02,14.99,23.69,0.909,23.89
A0906,2025-05-12,344.7,13.24,22.16,35.19,0.909,35.48
A0907,2025-04-29,3.4,37.2,54.75,82.25,0.556,58.57
A0907,2025-04-30,3.4,50.5,67.61,94.41,0.556,71.34
A0907,2025-05-01,3.4,31.57,47.45,72.32,0.556,50.9
A0907,2025-05-02,3.4,44.78,64.19,94.59,0.556,68.41
A0907,2025-05-03,3.4,45.27,65.27,96.61,0.556,69.63
A0907,2025-05-04,3.4,38.48,52.13,73.5,0.556,55.1
A0907,2025-05-05,3.4,34.51,50.92,76.61,0.556,54.48
A0907,2025-05-06,3.4,37.48,54.99,82.4,0.556,58.8
A0907,2025-05-07,3.4,37.92,54.48,80.42,0.556,58.08
A0907,2025-05-08,3.4,41.31,60.53,90.63,0.556,64.71
A0907,2025-05-09,3.4,44.28,63.75,94.25,0.556,67.99
A0907,2025-05-10,3.4,46.09,65.87,96.84,0.556,70.17
A0907,2025-05-11,3.4,30.13,43.25,63.8,0.556,46.11
A0907,2025-05-12,3.4,40.89,59.84,89.52,0.556,63.96
A0908,2025-04-29,3.3,104.76,141.21,190.91,0.556,148.11
A0908,2025-04-30,3.3,138.74,189.29,258.21,0.556,198.86
A0908,2025-05-01,3.3,90.82,122.5,165.68,0.556,128.5
A0908,2025-05-02,3.3,119.05,156.91,208.51,0.556,164.07
A0908,2025-05-03,3.3,120.82,161.86,217.82,0.556,169.63
A0908,2025-05-04,3.3,106.94,144.11,194.79,0.556,151.15
A0908,2025-05-05,3.3,96.4,131.33,178.96,0.556,137.95
A0908,2025-05-06,3.3,106.77,143.04,192.49,0.556,149.91
A0908,2025-05-07,3.3,106.42,141.64,189.66,0.556,148.31
A0908,2025-05-08,3.3,115.49,154.26,207.1,0.556,161.6
A0908,2025-05-09,3.3,120.84,158.24,209.23,0.556,165.32
A0908,2025-05-10,3.3,121.62,162.79,218.92,0.556,170.59
A0908,2025-05-11,3.3,84.17,112.56,151.27,0.556,117.94
A0908,2025-05-12,3.3,113.34,153.39,207.99,0.556,160.97
A0909,2025-04-29,320.1,44.51,61.41,89.07,0.909,89.7
A0909,2025-04-30,320.1,59.01,85.57,129.06,0.909,130.05
A0909,2025-05-01,320.1,21.43,31.8,48.79,0.909,49.17
A0909,2025-05-02,320.1,29.24,43.65,67.25,0.909,67.78
A0909,2025-05-03,320.1,32.39,47.59,72.48,0.909,73.05
A0909,2025-05-04,320.1,26.4,39.75,61.61,0.909,62.11
A0909,2025-05-05,320.1,26.53,38.26,57.46,0.909,57.9
A0909,2025-05-06,320.1,27.85,39.24,57.9,0.909,58.32
A0909,2025-05-07,320.1,30.51,44.15,66.47,0.909,66.98
A0909,2025-05-08,320.1,31.29,44.89,67.16,0.909,67.67
A0909,2025-05-09,320.1,31.95,46.27,69.71,0.909,70.24
A0909,2025-05-10,320.1,35.23,50.69,75.99,0.909,76.57
A0909,2025-05-11,320.1,26.2,37.51,56.02,0.909,56.44
A0909,2025-05-12,320.1,31.89,45.78,68.54,0.909,69.05
A0910,2025-04-29,29.2,20.7,30.69,46.97,0.909,47.34
A0910,2025-04-30,29.2,30.88,47.89,75.61,0.909,76.24
A0910,2025-05-01,29.2,20.38,29.34,43.95,0.909,44.28
A0910,2025-05-02,29.2,28.13,41.2,62.51,0.909,62.99
A0910,2025-05-03,29.2,27.84,42.49,66.36,0.909,66.9
A0910,2025-05-04,29.2,24.72,37.57,58.51,0.909,58.98
A0910,2025-05-05,29.2,21.32,31.93,49.21,0.909,49.6
A0910,2025-05-06,29.2,21.27,31.21,47.42,0.909,47.79
A0910,2025-05-07,29.2,23.57,37.73,60.81,0.909,61.33
A0910,2025-05-08,29.2,26.64,39.65,60.85,0.909,61.33
A0910,2025-05-09,29.2,28.47,40.57,60.29,0.909,60.74
A0910,2025-05-10,29.2,29.14,45.97,73.38,0.909,74.01
A0910,2025-05-11,29.2,19.43,31.47,51.1,0.909,51.55
A0910,2025-05-12,29.2,24.42,35.96,54.76,0.909,55.19
A0911,2025-04-29,5.0,191.71,266.19,406.29,0.556,285.65
A0911,2025-04-30,5.0,244.61,341.66,524.22,0.556,367.01
A0911,2025-05-01,5.0,162.23,223.13,337.69,0.556,239.04
A0911,2025-05-02,5.0,89.34,126.9,197.57,0.556,136.72
A0911,2025-05-03,5.0,88.81,124.87,192.69,0.556,134.29
A0911,2025-05-04,5.0,84.73,116.15,175.26,0.556,124.36
A0911,2025-05-05,5.0,77.03,106.19,161.02,0.556,113.8
A0911,2025-05-06,5.0,81.87,114.43,175.66,0.556,122.93
A0911,2025-05-07,5.0,84.42,116.35,176.42,0.556,124.69
A0911,2025-05-08,5.0,91.97,127.08,193.12,0.556,136.25
A0911,2025-05-09,5.0,98.25,135.66,206.04,0.556,145.44
A0911,2025-05-10,5.0,97.28,133.92,202.82,0.556,143.49
A0911,2025-05-11,5.0,73.75,100.25,150.1,0.556,107.17
A0911,2025-05-12,5.0,93.09,127.8,193.09,0.556,136.87
A0912,2025-04-29,371.8,23.9,35.07,50.61,0.909,50.96
A0912,2025-04-30,371.8,34.9,55.66,84.54,0.909,85.19
A0912,2025-05-01,371.8,21.81,30.9,43.56,0.909,43.84
A0912,2025-05-02,371.8,30.27,43.71,62.4,0.909,62.82
A0912,2025-05-03,371.8,29.66,44.19,64.41,0.909,64.87
A0912,2025-05-04,371.8,28.9,46.79,71.67,0.909,72.24
A0912,2025-05-05,371.8,24.49,34.41,48.19,0.909,48.51
A0912,2025-05-06,371.8,23.88,35.31,51.2,0.909,51.56
A0912,2025-05-07,371.8,27.38,41.0,59.95,0.909,60.39
A0912,2025-05-08,371.8,28.49,42.07,60.96,0.909,61.39
A0912,2025-05-09,371.8,29.47,42.76,61.24,0.909,61.66
A0912,2025-05-10,371.8,31.7,47.01,68.3,0.909,68.78
A0912,2025-05-11,371.8,25.19,39.63,59.71,0.909,60.17
A0912,2025-05-12,371.8,27.32,39.66,56.8,0.909,57.19
A0913,2025-04-29,30.2,12.8,20.44,32.48,0.909,32.75
A0913,2025-04-30,30.2,18.14,32.59,55.35,0.909,55.87
A0913,2025-05-01,30.2,12.25,18.79,29.09,0.909,29.32
A0913,2025-05-02,30.2,17.13,27.63,44.17,0.909,44.55
A0913,2025-05-03,30.2,16.98,27.9,45.1,0.909,45.49
A0913,2025-05-04,30.2,13.98,24.45,40.96,0.909,41.34
A0913,2025-05-05,30.2,12.74,20.77,33.43,0.909,33.71
A0913,2025-05-06,30.2,13.05,20.71,32.77,0.909,33.05
A0913,2025-05-07,30.2,15.49,25.87,42.22,0.909,42.59
A0913,2025-05-08,30.2,16.15,27.01,44.11,0.909,44.5
A0913,2025-05-09,30.2,17.03,26.78,42.14,0.909,42.49
A0913,2025-05-10,30.2,17.85,29.82,48.69,0.909,49.12
A0913,2025-05-11,30.2,12.12,20.74,34.3,0.909,34.61
A0913,2025-05-12,30.2,15.3,25.65,41.94,0.909,42.31
A0914,2025-04-29,5.2,10.81,32.74,69.64,0.556,37.86
A0914,2025-04-30,5.2,16.48,43.45,90.53,0.556,49.99
A0914,2025-05-01,5.2,10.04,31.05,66.27,0.556,35.95
A0914,2025-05-02,5.2,15.39,41.17,85.79,0.556,47.37
A0914,2025-05-03,5.2,16.32,42.4,87.98,0.556,48.73
A0914,2025-05-04,5.2,11.45,33.9,72.1,0.556,39.21
A0914,2025-05-05,5.2,10.97,32.68,69.46,0.556,37.79
A0914,2025-05-06,5.2,11.68,33.87,71.68,0.556,39.12
A0914,2025-05-07,5.2,12.98,36.08,75.75,0.556,41.59
A0914,2025-05-08,5.2,14.63,39.52,82.6,0.556,45.5
A0914,2025-05-09,5.2,16.12,42.09,87.57,0.556,48.41
A0914,2025-05-10,5.2,16.93,43.27,89.61,0.556,49.7
A0914,2025-05-11,5.2,9.14,29.1,62.58,0.556,33.75
A0914,2025-05-12,5.2,14.18,38.57,80.75,0.556,44.43
A0915,2025-04-29,35.4,7.47,13.0,22.06,0.909,22.27
A0915,2025-04-30,35.4,11.89,20.35,34.2,0.909,34.51
A0915,2025-05-01,35.4,7.36,13.31,23.04,0.909,23.26
A0915,2025-05-02,35.4,9.89,17.4,29.68,0.909,29.96
A0915,2025-05-03,35.4,10.85,18.38,30.72,0.909,31.0
A0915,2025-05-04,35.4,9.14,15.21,25.16,0.909,25.39
A0915,2025-05-05,35.4,7.42,13.88,24.47,0.909,24.71
A0915,2025-05-06,35.4,7.53,13.13,22.29,0.909,22.5
A0915,2025-05-07,35.4,8.58,15.46,26.71,0.909,26.96
A0915,2025-05-08,35.4,10.04,17.66,30.15,0.909,30.43
A0915,2025-05-09,35.4,9.63,17.0,29.06,0.909,29.33
A0915,2025-05-10,35.4,11.33,19.23,32.16,0.909,32.45
A0915,2025-05-11,35.4,7.0,12.59,21.74,0.909,21.94
A0915,2025-05-12,35.4,9.14,16.44,28.38,0.909,28.65
A0916,2025-04-29,342.4,0.0,5.04,17.91,0.909,18.2
A0916,2025-04-30,342.4,0.56,9.74,29.86,0.909,30.32
A0916,2025-05-01,342.4,0.39,6.96,22.45,0.909,22.8
A0916,2025-05-02,342.4,1.62,11.61,32.65,0.909,33.13
A0916,2025-05-03,342.4,2.09,12.89,35.09,0.909,35.6
A0916,2025-05-04,342.4,1.83,11.57,32.7,0.909,33.18
A0916,2025-05-05,342.4,1.79,10.98,30.74,0.909,31.19
A0916,2025-05-06,342.4,1.62,10.83,30.08,0.909,30.52
A0916,2025-05-07,342.4,3.25,14.94,38.53,0.909,39.06
A0916,2025-05-08,342.4,3.68,16.41,42.01,0.909,42.59
A0916,2025-05-09,342.4,4.25,18.42,45.92,0.909,46.54
A0916,2025-05-10,342.4,5.28,20.87,50.72,0.909,51.4
A0916,2025-05-11,342.4,2.94,13.28,34.73,0.909,35.22
A0916,2025-05-12,342.4,3.8,16.59,41.79,0.909,42.36
A0917,2025-04-29,5.6,75.6,101.03,147.06,0.556,107.42
A0917,2025-04-30,5.6,106.03,137.71,195.06,0.556,145.68
A0917,2025-05-01,5.6,66.21,87.12,124.96,0.556,92.37
A0917,2025-05-02,5.6,93.54,124.52,180.59,0.556,132.3
A0917,2025-05-03,5.6,94.46,123.43,175.88,0.556,130.72
A0917,2025-05-04,5.6,82.13,105.08,146.62,0.556,110.85
A0917,2025-05-05,5.6,69.99,91.55,130.56,0.556,96.96
A0917,2025-05-06,5.6,73.86,99.26,145.24,0.556,105.65
A0917,2025-05-07,5.6,80.38,108.73,160.06,0.556,115.86
A0917,2025-05-08,5.6,86.87,114.51,164.53,0.556,121.45
A0917,2025-05-09,5.6,89.2,120.1,176.04,0.556,127.87
A0917,2025-05-10,5.6,94.79,123.78,176.24,0.556,131.06
A0917,2025-05-11,5.6,65.56,86.68,124.93,0.556,92.0
A0917,2025-05-12,5.6,82.32,108.56,156.07,0.556,115.16
A0918,2025-04-29,313.7,5.23,10.37,18.28,0.909,18.46
A0918,2025-04-30,313.7,7.68,16.36,29.73,0.909,30.03
A0918,2025-05-01,313.7,4.95,8.31,13.49,0.909,13.61
A0918,2025-05-02,313.7,6.29,12.07,20.97,0.909,21.18
A0918,2025-05-03,313.7,6.36,12.75,22.59,0.909,22.81
A0918,2025-05-04,313.7,5.62,12.09,22.06,0.909,22.29
A0918,2025-05-05,313.7,5.36,9.47,15.8,0.909,15.94
A0918,2025-05-06,313.7,4.92,10.13,18.17,0.909,18.35
A0918,2025-05-07,313.7,6.06,12.26,21.82,0.909,22.03
A0918,2025-05-08,313.7,6.21,11.46,19.55,0.909,19.74
A0918,2025-05-09,313.7,6.11,11.56,19.96,0.909,20.15
A0918,2025-05-10,313.7,6.83,13.73,24.38,0.909,24.62
A0918,2025-05-11,313.7,5.09,10.4,18.59,0.909,18.78
A0918,2025-05-12,313.7,6.11,11.27,19.22,0.909,19.4
A0919,2025-04-29,25.1,11.03,18.14,29.84,0.909,30.11
A0919,2025-04-30,25.1,18.17,29.17,47.25,0.909,47.66
A0919,2025-05-01,25.1,10.65,15.37,23.12,0.909,23.3
A0919,2025-05-02,25.1,15.24,24.91,40.82,0.909,41.18
A0919,2025-05-03,25.1,38.67,67.76,115.6,0.909,116.69
A0919,2025-05-04,25.1,31.06,53.62,90.73,0.909,91.57
A0919,2025-05-05,25.1,29.4,47.09,76.17,0.909,76.83
A0919,2025-05-06,25.1,28.36,48.63,81.95,0.909,82.71
A0919,2025-05-07,25.1,10.6,20.2,35.98,0.909,36.34
A0919,2025-05-08,25.1,31.54,54.98,93.52,0.909,94.39
A0919,2025-05-09,25.1,38.89,62.87,102.3,0.909,103.19
A0919,2025-05-10,25.1,42.75,75.36,128.98,0.909,130.2
A0919,2025-05-11,25.1,23.67,44.19,77.94,0.909,78.71
A0919,2025-05-12,25.1,10.12,18.61,32.58,0.909,32.89
A0920,2025-04-29,428.2,13.75,24.79,43.18,0.909,43.6
A0920,2025-04-30,428.2,20.12,34.47,58.37,0.909,58.91
A0920,2025-05-01,428.2,13.22,24.81,44.1,0.909,44.54
A0920,2025-05-02,428.2,17.73,31.36,54.04,0.909,54.56
A0920,2025-05-03,428.2,17.76,31.62,54.7,0.909,55.23
A0920,2025-05-04,428.2,16.24,27.62,46.58,0.909,47.01
A0920,2025-05-05,428.2,14.7,26.45,46.03,0.909,46.47
A0920,2025-05-06,428.2,14.19,25.36,43.95,0.909,44.37
A0920,2025-05-07,428.2,16.63,30.18,52.73,0.909,53.24
A0920,2025-05-08,428.2,17.32,31.07,53.97,0.909,54.49
A0920,2025-05-09,428.2,17.8,30.39,51.34,0.909,51.82
A0920,2025-05-10,428.2,19.56,34.82,60.22,0.909,60.8
A0920,2025-05-11,428.2,14.57,25.93,44.85,0.909,45.28
A0920,2025-05-12,428.2,16.52,28.39,48.15,0.909,48.6
A0921,2025-04-29,4.0,13.94,21.83,36.13,0.556,23.82
A0921,2025-04-30,4.0,20.24,29.95,47.53,0.556,32.4
A0921,2025-05-01,4.0,12.27,19.53,32.67,0.556,21.36
A0921,2025-05-02,4.0,18.01,29.04,49.01,0.556,31.81
A0921,2025-05-03,4.0,18.27,28.45,46.87,0.556,31.01
A0921,2025-05-04,4.0,15.01,22.01,34.67,0.556,23.76
A0921,2025-05-05,4.0,13.57,20.59,33.31,0.556,22.36
A0921,2025-05-06,4.0,14.18,22.15,36.57,0.556,24.15
A0921,2025-05-07,4.0,15.42,23.44,37.95,0.556,25.45
A0921,2025-05-08,4.0,16.3,25.08,40.98,0.556,27.29
A0921,2025-05-09,4.0,18.33,29.47,49.64,0.556,32.27
A0921,2025-05-10,4.0,18.94,29.18,47.74,0.556,31.76
A0921,2025-05-11,4.0,12.3,18.61,30.01,0.556,20.19
A0921,2025-05-12,4.0,16.32,24.33,38.82,0.556,26.34
A0922,2025-04-29,12.6,43.66,63.26,93.86,0.909,94.56
A0922,2025-04-30,12.6,52.92,77.09,114.82,0.909,115.68
A0922,2025-05-01,12.6,36.91,53.47,79.32,0.909,79.91
A0922,2025-05-02,12.6,45.71,67.26,100.92,0.909,101.68
A0922,2025-05-03,12.6,48.93,71.44,106.6,0.909,107.4
A0922,2025-05-04,12.6,44.95,66.5,100.14,0.909,100.9
A0922,2025-05-05,12.6,41.32,58.35,84.94,0.909,85.54
A0922,2025-05-06,12.6,44.81,64.33,94.8,0.909,95.49
A0922,2025-05-07,12.6,45.66,66.71,99.57,0.909,100.32
A0922,2025-05-08,12.6,47.33,70.59,106.92,0.909,107.74
A0922,2025-05-09,12.6,46.68,68.09,101.51,0.909,102.27
A0922,2025-05-10,12.6,49.63,72.15,107.3,0.909,108.1
A0922,2025-05-11,12.6,40.02,58.88,88.34,0.909,89.01
A0922,2025-05-12,12.6,49.68,72.33,107.7,0.909,108.5
A0923,2025-04-29,436.0,39.79,53.93,74.62,0.909,75.09
A0923,2025-04-30,436.0,56.73,81.54,117.86,0.909,118.69
A0923,2025-05-01,436.0,46.29,63.26,88.11,0.909,88.67
A0923,2025-05-02,436.0,58.19,80.14,112.28,0.909,113.01
A0923,2025-05-03,436.0,57.43,80.69,114.75,0.909,115.52
A0923,2025-05-04,436.0,54.81,78.54,113.27,0.909,114.06
A0923,2025-05-05,436.0,36.12,50.32,71.11,0.909,71.58
A0923,2025-05-06,436.0,79.91,108.21,149.64,0.909,150.58
A0923,2025-05-07,436.0,82.67,113.79,159.34,0.909,160.38
A0923,2025-05-08,436.0,84.18,115.44,161.21,0.909,162.25
A0923,2025-05-09,436.0,95.01,127.31,174.59,0.909,175.66
A0923,2025-05-10,436.0,98.68,135.65,189.77,0.909,191.0
A0923,2025-05-11,436.0,72.52,99.1,138.02,0.909,138.9
A0923,2025-05-12,436.0,36.45,51.85,74.4,0.909,74.92
A0924,2025-04-29,4.8,30.31,42.85,64.87,0.556,45.9
A0924,2025-04-30,4.8,39.69,56.76,86.75,0.556,60.92
A0924,2025-05-01,4.8,26.87,38.14,57.96,0.556,40.9
A0924,2025-05-02,4.8,37.75,54.16,82.99,0.556,58.16
A0924,2025-05-03,4.8,38.18,53.24,79.7,0.556,56.91
A0924,2025-05-04,4.8,30.64,42.38,63.0,0.556,45.24
A0924,2025-05-05,4.8,30.44,42.19,62.83,0.556,45.05
A0924,2025-05-06,4.8,30.35,42.89,64.91,0.556,45.95
A0924,2025-05-07,4.8,33.45,46.75,70.14,0.556,50.0
A0924,2025-05-08,4.8,35.45,49.99,75.54,0.556,53.53
A0924,2025-05-09,4.8,36.78,53.17,81.96,0.556,57.17
A0924,2025-05-10,4.8,39.38,54.46,80.98,0.556,58.14
A0924,2025-05-11,4.8,27.04,36.91,54.25,0.556,39.32
A0924,2025-05-12,4.8,36.03,50.04,74.65,0.556,53.45
A0925,2025-04-29,2.6,22.04,35.17,53.95,0.556,37.78
A0925,2025-04-30,2.6,25.24,41.52,64.8,0.556,44.75
A0925,2025-05-01,2.6,19.08,28.82,42.75,0.556,30.75
A0925,2025-05-02,2.6,25.21,38.59,57.72,0.556,41.24
A0925,2025-05-03,2.6,25.7,40.43,61.51,0.556,43.36
A0925,2025-05-04,2.6,18.45,29.92,46.33,0.556,32.2
A0925,2025-05-05,2.6,20.58,30.37,44.37,0.556,32.31
A0925,2025-05-06,2.6,21.69,34.78,53.5,0.556,37.38
A0925,2025-05-07,2.6,22.28,34.95,53.07,0.556,37.46
A0925,2025-05-08,2.6,23.88,37.42,56.8,0.556,40.11
A0925,2025-05-09,2.6,25.5,38.79,57.81,0.556,41.43
A0925,2025-05-10,2.6,25.53,40.27,61.35,0.556,43.19
A0925,2025-05-11,2.6,17.74,27.23,40.82,0.556,29.12
A0925,2025-05-12,2.6,24.63,36.99,54.67,0.556,39.45
A0926,2025-04-29,9.9,130.48,173.72,244.75,0.556,183.58
A0926,2025-04-30,9.9,160.2,219.94,318.06,0.556,233.56
A0926,2025-05-01,9.9,115.37,161.9,238.31,0.556,172.51
A0926,2025-05-02,9.9,138.72,187.9,268.68,0.556,199.12
A0926,2025-05-03,9.9,138.34,185.13,262.0,0.556,195.81
A0926,2025-05-04,9.9,132.46,184.25,269.33,0.556,196.07
A0926,2025-05-05,9.9,120.23,160.43,226.48,0.556,169.61
A0926,2025-05-06,9.9,126.58,170.15,241.7,0.556,180.08
A0926,2025-05-07,9.9,132.78,178.71,254.18,0.556,189.2
A0926,2025-05-08,9.9,139.91,192.73,279.5,0.556,204.78
A0926,2025-05-09,9.9,134.43,184.86,267.71,0.556,196.37
A0926,2025-05-10,9.9,140.66,187.05,263.25,0.556,197.63
A0926,2025-05-11,9.9,116.45,158.83,228.44,0.556,168.5
A0926,2025-05-12,9.9,138.47,184.08,259.01,0.556,194.49
A0927,2025-04-29,10.5,131.13,183.58,276.67,0.909,278.78
A0927,2025-04-30,10.5,164.17,221.7,323.82,0.909,326.14
A0927,2025-05-01,10.5,109.46,145.93,210.65,0.909,212.12
A0927,2025-05-02,10.5,139.07,191.76,285.29,0.909,287.41
A0927,2025-05-03,10.5,141.5,193.92,286.97,0.909,289.09
A0927,2025-05-04,10.5,140.49,192.06,283.6,0.909,285.68
A0927,2025-05-05,10.5,77.28,109.26,166.0,0.909,167.29
A0927,2025-05-06,10.5,88.67,130.61,205.06,0.909,206.75
A0927,2025-05-07,10.5,95.25,135.19,206.07,0.909,207.68
A0927,2025-05-08,10.5,100.32,141.03,213.27,0.909,214.91
A0927,2025-05-09,10.5,100.37,142.31,216.75,0.909,218.44
A0927,2025-05-10,10.5,106.86,149.04,223.88,0.909,225.59
A0927,2025-05-11,10.5,91.07,127.11,191.07,0.909,192.52
A0927,2025-05-12,10.5,106.59,148.47,222.8,0.909,224.48
A0928,2025-04-29,2.8,39.44,58.02,86.47,0.556,61.97
A0928,2025-04-30,2.8,49.8,72.11,106.28,0.556,76.85
A0928,2025-05-01,2.8,34.71,51.54,77.31,0.556,55.12
A0928,2025-05-02,2.8,44.14,65.01,96.98,0.556,69.45
A0928,2025-05-03,2.8,46.32,66.9,98.41,0.556,71.27
A0928,2025-05-04,2.8,39.12,56.95,84.27,0.556,60.75
A0928,2025-05-05,2.8,37.26,55.3,82.94,0.556,59.14
A0928,2025-05-06,2.8,39.97,58.26,86.27,0.556,62.15
A0928,2025-05-07,2.8,41.79,60.41,88.93,0.556,64.37
A0928,2025-05-08,2.8,43.91,64.1,95.04,0.556,68.4
A0928,2025-05-09,2.8,43.69,63.78,94.56,0.556,68.06
A0928,2025-05-10,2.8,46.62,67.4,99.22,0.556,71.82
A0928,2025-05-11,2.8,31.84,46.68,69.41,0.556,49.84
A0928,2025-05-12,2.8,154.4,217.78,314.87,0.556,231.26
A0929,2025-04-29,31.5,0.04,6.7,20.93,0.909,21.25
A0929,2025-04-30,31.5,1.75,12.63,34.69,0.909,35.19
A0929,2025-05-01,31.5,0.5,7.72,23.45,0.909,23.81
A0929,2025-05-02,31.5,1.8,12.37,33.2,0.909,33.67
A0929,2025-05-03,31.5,2.29,13.69,35.59,0.909,36.08
A0929,2025-05-04,31.5,1.72,12.05,32.53,0.909,32.99
A0929,2025-05-05,31.5,1.74,11.74,31.33,0.909,31.77
A0929,2025-05-06,31.5,1.64,11.67,30.97,0.909,31.41
A0929,2025-05-07,31.5,16.77,52.67,120.43,0.909,121.97
A0929,2025-05-08,31.5,17.06,52.32,123.45,0.909,125.06
A0929,2025-05-09,31.5,20.4,61.86,149.1,0.909,151.08
A0929,2025-05-10,31.5,34.12,98.02,238.13,0.909,241.31
A0929,2025-05-11,31.5,15.37,48.8,111.62,0.909,113.05
A0929,2025-05-12,31.5,26.39,76.49,183.53,0.909,185.96
A0930,2025-04-29,29.7,18.41,29.41,46.51,0.909,46.9
A0930,2025-04-30,29.7,26.95,45.81,75.15,0.909,75.82
A0930,2025-05-01,29.7,18.13,29.81,47.97,0.909,48.39
A0930,2025-05-02,29.7,25.11,42.33,69.1,0.909,69.71
A0930,2025-05-03,29.7,24.0,38.62,61.36,0.909,61.87
A0930,2025-05-04,29.7,21.28,32.21,49.21,0.909,49.6
A0930,2025-05-05,29.7,19.16,31.94,51.81,0.909,52.26
A0930,2025-05-06,29.7,19.08,30.51,48.29,0.909,48.69
A0930,2025-05-07,29.7,22.24,37.95,62.38,0.909,62.93
A0930,2025-05-08,29.7,23.75,38.51,61.45,0.909,61.97
A0930,2025-05-09,29.7,25.59,43.43,71.17,0.909,71.8
A0930,2025-05-10,29.7,25.53,41.26,65.71,0.909,66.26
A0930,2025-05-11,29.7,18.69,30.29,48.33,0.909,48.74
A0930,2025-05-12,29.7,22.37,36.15,57.58,0.909,58.06
A0931,2025-04-29,5.6,53.27,86.79,136.2,0.556,93.65
A0931,2025-04-30,5.6,62.49,98.54,151.7,0.556,105.92
A0931,2025-05-01,5.6,46.14,75.68,119.23,0.556,81.72
A0931,2025-05-02,5.6,60.43,100.0,158.35,0.556,108.11
A0931,2025-05-03,5.6,63.32,102.12,159.33,0.556,110.07
A0931,2025-05-04,5.6,47.62,79.71,127.03,0.556,86.28
A0931,2025-05-05,5.6,47.68,76.14,118.11,0.556,81.97
A0931,2025-05-06,5.6,54.44,88.33,138.29,0.556,95.27
A0931,2025-05-07,5.6,53.57,84.32,129.67,0.556,90.62
A0931,2025-05-08,5.6,59.54,95.8,149.27,0.556,103.23
A0931,2025-05-09,5.6,62.75,103.3,163.07,0.556,111.6
A0931,2025-05-10,5.6,63.21,101.84,158.8,0.556,109.75
A0931,2025-05-11,5.6,42.09,71.55,114.99,0.556,77.58
A0931,2025-05-12,5.6,59.21,93.28,143.51,0.556,100.26
A0932,2025-04-29,27.0,32.2,44.52,63.19,0.909,63.62
A0932,2025-04-30,27.0,48.42,68.81,99.7,0.909,100.4
A0932,2025-05-01,27.0,28.12,40.11,58.28,0.909,58.69
A0932,2025-05-02,27.0,38.65,55.71,81.53,0.909,82.12
A0932,2025-05-03,27.0,40.06,59.02,87.74,0.909,88.39
A0932,2025-05-04,27.0,36.17,50.07,71.13,0.909,71.61
A0932,2025-05-05,27.0,29.57,43.8,65.35,0.909,65.84
A0932,2025-05-06,27.0,31.48,43.81,62.47,0.909,62.89
A0932,2025-05-07,27.0,34.62,51.74,77.67,0.909,78.26
A0932,2025-05-08,27.0,36.87,53.12,77.74,0.909,78.3
A0932,2025-05-09,27.0,38.66,54.98,79.7,0.909,80.27
A0932,2025-05-10,27.0,40.17,60.29,90.77,0.909,91.46
A0932,2025-05-11,27.0,25.69,38.32,57.45,0.909,57.89
A0932,2025-05-12,27.0,35.39,51.85,76.79,0.909,77.36
A0933,2025-04-29,410.9,64.48,88.9,124.95,0.909,125.77
A0933,2025-04-30,410.9,80.02,115.12,166.94,0.909,168.11
A0933,2025-05-01,410.9,55.93,77.96,110.48,0.909,111.22
A0933,2025-05-02,410.9,73.49,100.79,141.07,0.909,141.99
A0933,2025-05-03,410.9,77.34,105.6,147.31,0.909,148.26
A0933,2025-05-04,410.9,62.95,90.7,131.66,0.909,132.59
A0933,2025-05-05,410.9,58.61,81.72,115.82,0.909,116.6
A0933,2025-05-06,410.9,64.97,89.41,125.49,0.909,126.31
A0933,2025-05-07,410.9,69.29,93.88,130.18,0.909,131.0
A0933,2025-05-08,410.9,69.92,95.54,133.35,0.909,134.21
A0933,2025-05-09,410.9,72.86,99.84,139.68,0.909,140.58
A0933,2025-05-10,410.9,75.84,104.55,146.93,0.909,147.9
A0933,2025-05-11,410.9,56.4,78.23,110.44,0.909,111.17
A0933,2025-05-12,410.9,67.18,92.41,129.65,0.909,130.5
A0934,2025-04-29,3.3,27.06,40.73,61.7,0.556,43.64
A0934,2025-04-30,3.3,33.6,48.75,72.01,0.556,51.98
A0934,2025-05-01,3.3,23.48,35.46,53.85,0.556,38.01
A0934,2025-05-02,3.3,31.12,45.12,66.62,0.556,48.11
A0934,2025-05-03,3.3,34.36,51.36,77.46,0.556,54.99
A0934,2025-05-04,3.3,26.17,37.9,55.91,0.556,40.4
A0934,2025-05-05,3.3,26.38,38.99,58.34,0.556,41.68
A0934,2025-05-06,3.3,28.01,41.51,62.24,0.556,44.39
A0934,2025-05-07,3.3,28.46,42.8,64.8,0.556,45.85
A0934,2025-05-08,3.3,31.12,46.21,69.37,0.556,49.43
A0934,2025-05-09,3.3,30.85,44.55,65.58,0.556,47.48
A0934,2025-05-10,3.3,35.45,52.41,78.43,0.556,56.02
A0934,2025-05-11,3.3,22.99,33.74,50.24,0.556,36.03
A0934,2025-05-12,3.3,30.03,44.83,67.55,0.556,47.99
A0935,2025-04-29,3.0,20.19,31.46,47.85,0.556,33.74
A0935,2025-04-30,3.0,26.97,39.78,58.42,0.556,42.37
A0935,2025-05-01,3.0,17.76,26.91,40.21,0.556,28.76
A0935,2025-05-02,3.0,22.56,34.59,52.1,0.556,37.02
A0935,2025-05-03,3.0,26.45,40.12,60.01,0.556,42.89
A0935,2025-05-04,3.0,20.58,30.2,44.19,0.556,32.14
A0935,2025-05-05,3.0,18.18,27.81,41.82,0.556,29.76
A0935,2025-05-06,3.0,20.31,31.37,47.45,0.556,33.6
A0935,2025-05-07,3.0,21.31,32.73,49.33,0.556,35.04
A0935,2025-05-08,3.0,22.55,33.99,50.63,0.556,36.3
A0935,2025-05-09,3.0,22.66,34.19,50.97,0.556,36.53
A0935,2025-05-10,3.0,26.32,40.09,60.12,0.556,42.87
A0935,2025-05-11,3.0,15.5,23.56,35.27,0.556,25.18
A0935,2025-05-12,3.0,22.43,33.89,50.56,0.556,36.21
A0936,2025-04-29,318.4,12.71,19.64,30.14,0.909,30.38
A0936,2025-04-30,318.4,19.2,31.06,49.03,0.909,49.44
A0936,2025-05-01,318.4,13.25,20.81,32.25,0.909,32.51
A0936,2025-05-02,318.4,18.18,27.98,42.81,0.909,43.15
A0936,2025-05-03,318.4,18.37,28.46,43.74,0.909,44.08
A0936,2025-05-04,318.4,14.01,22.18,34.56,0.909,34.84
A0936,2025-05-05,318.4,13.01,20.82,32.65,0.909,32.92
A0936,2025-05-06,318.4,13.31,20.19,30.62,0.909,30.85
A0936,2025-05-07,318.4,13.67,21.56,33.5,0.909,33.78
A0936,2025-05-08,318.4,16.68,25.38,38.55,0.909,38.85
A0936,2025-05-09,318.4,18.88,28.43,42.89,0.909,43.22
A0936,2025-05-10,318.4,18.55,28.74,44.18,0.909,44.53
A0936,2025-05-11,318.4,9.87,15.47,23.96,0.909,24.15
A0936,2025-05-12,318.4,15.77,24.42,37.54,0.909,37.84
A0937,2025-04-29,292.7,8.28,18.05,34.1,0.909,34.47
A0937,2025-04-30,292.7,13.39,28.42,53.1,0.909,53.66
A0937,2025-05-01,292.7,7.45,14.33,25.64,0.909,25.89
A0937,2025-05-02,292.7,11.82,23.67,43.13,0.909,43.58
A0937,2025-05-03,292.7,12.04,23.73,42.95,0.909,43.38
A0937,2025-05-04,292.7,10.99,23.32,43.59,0.909,44.05
A0937,2025-05-05,292.7,9.46,18.63,33.69,0.909,34.03
A0937,2025-05-06,292.7,9.49,19.33,35.5,0.909,35.87
A0937,2025-05-07,292.7,12.22,24.79,45.44,0.909,45.91
A0937,2025-05-08,292.7,12.23,24.14,43.71,0.909,44.15
A0937,2025-05-09,292.7,11.95,22.85,40.76,0.909,41.17
A0937,2025-05-10,292.7,14.32,27.72,49.74,0.909,50.24
A0937,2025-05-11,292.7,11.01,22.75,42.04,0.909,42.48
A0937,2025-05-12,292.7,11.7,23.06,41.72,0.909,42.14
A0938,2025-04-29,26.5,25.62,33.92,46.1,0.909,46.38
A0938,2025-04-30,26.5,34.49,51.54,76.54,0.909,77.11
A0938,2025-05-01,26.5,24.59,32.43,43.92,0.909,44.18
A0938,2025-05-02,26.5,33.21,46.01,64.78,0.909,65.2
A0938,2025-05-03,26.5,32.9,45.3,63.48,0.909,63.9
A0938,2025-05-04,26.5,29.45,41.0,57.93,0.909,58.32
A0938,2025-05-05,26.5,26.77,36.16,49.92,0.909,50.23
A0938,2025-05-06,26.5,37.12,47.89,63.67,0.909,64.03
A0938,2025-05-07,26.5,37.97,55.83,82.02,0.909,82.62
A0938,2025-05-08,26.5,39.09,54.86,77.98,0.909,78.51
A0938,2025-05-09,26.5,44.01,59.89,83.17,0.909,83.7
A0938,2025-05-10,26.5,45.23,62.79,88.55,0.909,89.13
A0938,2025-05-11,26.5,31.1,44.62,64.46,0.909,64.91
A0938,2025-05-12,26.5,24.63,35.78,52.14,0.909,52.51
A0939,2025-04-29,182.8,22.15,32.0,47.94,0.909,48.3
A0939,2025-04-30,182.8,27.74,40.48,61.11,0.909,61.58
A0939,2025-05-01,182.8,18.72,26.0,37.78,0.909,38.05
A0939,2025-05-02,182.8,24.91,36.24,54.59,0.909,55.0
A0939,2025-05-03,182.8,25.88,37.28,55.73,0.909,56.15
A0939,2025-05-04,182.8,21.3,30.4,45.15,0.909,45.48
A0939,2025-05-05,182.8,19.78,27.81,40.8,0.909,41.1
A0939,2025-05-06,182.8,22.01,31.64,47.25,0.909,47.6
A0939,2025-05-07,182.8,23.05,34.2,52.23,0.909,52.64
A0939,2025-05-08,182.8,23.73,33.54,49.43,0.909,49.79
A0939,2025-05-09,182.8,24.58,35.33,52.73,0.909,53.13
A0939,2025-05-10,182.8,26.36,37.92,56.66,0.909,57.08
A0939,2025-05-11,182.8,18.28,25.96,38.4,0.909,38.68
A0939,2025-05-12,182.8,22.97,32.65,48.33,0.909,48.68
A0940,2025-04-29,5.8,21.41,33.27,50.39,0.556,35.65
A0940,2025-04-30,5.8,28.86,41.87,60.65,0.556,44.48
A0940,2025-05-01,5.8,18.57,28.16,42.02,0.556,30.09
A0940,2025-05-02,5.8,25.2,38.8,58.44,0.556,41.53
A0940,2025-05-03,5.8,25.69,39.42,59.25,0.556,42.18
A0940,2025-05-04,5.8,22.83,33.89,49.84,0.556,36.1
A0940,2025-05-05,5.8,20.19,30.43,45.22,0.556,32.49
A0940,2025-05-06,5.8,21.06,33.0,50.24,0.556,35.4
A0940,2025-05-07,5.8,22.57,33.91,50.28,0.556,36.18
A0940,2025-05-08,5.8,24.09,37.19,56.1,0.556,39.82
A0940,2025-05-09,5.8,24.84,38.5,58.24,0.556,41.24
A0940,2025-05-10,5.8,25.94,39.84,59.9,0.556,42.63
A0940,2025-05-11,5.8,19.7,30.1,45.11,0.556,32.19
A0940,2025-05-12,5.8,23.69,36.22,54.3,0.556,38.73
A0941,2025-04-29,4.2,32.1,47.2,70.52,0.556,50.44
A0941,2025-04-30,4.2,39.56,58.29,87.19,0.556,62.3
A0941,2025-05-01,4.2,29.61,42.22,61.68,0.556,44.92
A0941,2025-05-02,4.2,42.31,62.25,93.04,0.556,66.53
A0941,2025-05-03,4.2,40.72,59.36,88.12,0.556,63.35
A0941,2025-05-04,4.2,30.12,44.29,66.17,0.556,47.33
A0941,2025-05-05,4.2,30.09,44.81,67.53,0.556,47.96
A0941,2025-05-06,4.2,32.26,47.25,70.38,0.556,50.46
A0941,2025-05-07,4.2,33.35,49.16,73.57,0.556,52.55
A0941,2025-05-08,4.2,37.53,53.36,77.79,0.556,56.75
A0941,2025-05-09,4.2,43.17,62.47,92.25,0.556,66.61
A0941,2025-05-10,4.2,41.06,59.97,89.16,0.556,64.03
A0941,2025-05-11,4.2,26.62,38.51,56.87,0.556,41.06
A0941,2025-05-12,4.2,36.56,54.01,80.95,0.556,57.75
A0942,2025-04-29,5.2,20.59,31.78,47.58,0.556,33.98
A0942,2025-04-30,5.2,27.44,43.11,65.23,0.556,46.18
A0942,2025-05-01,5.2,17.16,25.81,38.03,0.556,27.51
A0942,2025-05-02,5.2,24.9,39.56,60.27,0.556,42.44
A0942,2025-05-03,5.2,26.09,39.23,57.79,0.556,41.81
A0942,2025-05-04,5.2,19.61,31.65,48.66,0.556,34.01
A0942,2025-05-05,5.2,18.59,27.68,40.5,0.556,29.46
A0942,2025-05-06,5.2,21.3,32.44,48.16,0.556,34.62
A0942,2025-05-07,5.2,22.32,33.62,49.59,0.556,35.84
A0942,2025-05-08,5.2,23.25,36.04,54.1,0.556,38.55
A0942,2025-05-09,5.2,25.53,40.08,60.63,0.556,42.94
A0942,2025-05-10,5.2,26.42,39.53,58.03,0.556,42.1
A0942,2025-05-11,5.2,16.26,25.68,38.97,0.556,27.52
A0942,2025-05-12,5.2,23.02,34.96,51.83,0.556,37.31
A0943,2025-04-29,195.1,10.72,18.25,28.43,0.909,28.67
A0943,2025-04-30,195.1,14.92,24.8,38.18,0.909,38.48
A0943,2025-05-01,195.1,9.27,15.91,24.91,0.909,25.11
A0943,2025-05-02,195.1,13.1,22.58,35.43,0.909,35.72
A0943,2025-05-03,195.1,10.29,18.75,30.21,0.909,30.47
A0943,2025-05-04,195.1,8.35,14.78,23.48,0.909,23.68
A0943,2025-05-05,195.1,6.98,12.99,21.12,0.909,21.3
A0943,2025-05-06,195.1,8.36,14.84,23.63,0.909,23.83
A0943,2025-05-07,195.1,8.8,16.24,26.31,0.909,26.54
A0943,2025-05-08,195.1,9.48,16.18,25.26,0.909,25.47
A0943,2025-05-09,195.1,11.19,19.42,30.57,0.909,30.83
A0943,2025-05-10,195.1,11.18,19.6,31.0,0.909,31.26
A0943,2025-05-11,195.1,6.72,12.65,20.68,0.909,20.87
A0943,2025-05-12,195.1,9.42,16.16,25.29,0.909,25.49
A0944,2025-04-29,30.7,1.01,10.73,27.54,0.909,27.92
A0944,2025-04-30,30.7,3.44,16.97,41.78,0.909,42.35
A0944,2025-05-01,30.7,1.38,10.88,28.78,0.909,29.19
A0944,2025-05-02,30.7,1.17,9.8,26.92,0.909,27.31
A0944,2025-05-03,30.7,1.42,10.52,28.2,0.909,28.6
A0944,2025-05-04,30.7,0.82,8.98,25.21,0.909,25.58
A0944,2025-05-05,30.7,0.89,8.84,24.74,0.909,25.11
A0944,2025-05-06,30.7,0.87,8.74,24.36,0.909,24.72
A0944,2025-05-07,30.7,1.62,10.85,28.53,0.909,28.93
A0944,2025-05-08,30.7,1.93,11.84,30.76,0.909,31.19
A0944,2025-05-09,30.7,2.51,13.32,33.64,0.909,34.1
A0944,2025-05-10,30.7,2.97,14.41,35.64,0.909,36.12
A0944,2025-05-11,30.7,1.32,9.59,25.89,0.909,26.27
A0944,2025-05-12,30.7,1.97,11.94,30.76,0.909,31.19
A0945,2025-04-29,196.1,16.2,24.85,36.74,0.909,37.01
A0945,2025-04-30,196.1,22.88,33.91,49.1,0.909,49.44
A0945,2025-05-01,196.1,14.19,22.44,33.79,0.909,34.04
A0945,2025-05-02,196.1,19.56,29.32,42.76,0.909,43.07
A0945,2025-05-03,196.1,20.49,30.61,44.54,0.909,44.86
A0945,2025-05-04,196.1,16.94,24.28,34.37,0.909,34.6
A0945,2025-05-05,196.1,14.58,22.44,33.25,0.909,33.5
A0945,2025-05-06,196.1,16.29,25.11,37.24,0.909,37.52
A0945,2025-05-07,196.1,17.27,26.61,39.47,0.909,39.76
A0945,2025-05-08,196.1,18.05,27.19,39.76,0.909,40.05
A0945,2025-05-09,196.1,19.94,30.2,44.33,0.909,44.65
A0945,2025-05-10,196.1,20.82,30.79,44.51,0.909,44.82
A0945,2025-05-11,196.1,13.57,20.57,30.22,0.909,30.44
A0945,2025-05-12,196.1,16.94,25.54,37.37,0.909,37.64
A0946,2025-04-29,10.8,46.29,69.34,106.09,0.909,106.93
A0946,2025-04-30,10.8,58.79,88.81,136.66,0.909,137.75
A0946,2025-05-01,10.8,42.61,63.98,98.05,0.909,98.83
A0946,2025-05-02,10.8,49.29,75.23,116.58,0.909,117.52
A0946,2025-05-03,10.8,53.19,79.36,121.09,0.909,122.04
A0946,2025-05-04,10.8,50.34,74.54,113.12,0.909,113.99
A0946,2025-05-05,10.8,43.81,65.15,99.17,0.909,99.94
A0946,2025-05-06,10.8,95.8,139.67,209.61,0.909,211.2
A0946,2025-05-07,10.8,99.76,143.63,213.57,0.909,215.16
A0946,2025-05-08,10.8,102.92,150.87,227.32,0.909,229.05
A0946,2025-05-09,10.8,101.42,151.97,232.57,0.909,234.4
A0946,2025-05-10,10.8,44.66,70.51,111.72,0.909,112.66
A0946,2025-05-11,10.8,39.27,60.69,94.84,0.909,95.62
A0946,2025-05-12,10.8,45.06,69.55,108.6,0.909,109.48
A0947,2025-04-29,31.2,7.09,12.09,19.65,0.909,19.82
A0947,2025-04-30,31.2,9.15,13.13,19.14,0.909,19.27
A0947,2025-05-01,31.2,6.55,11.52,19.03,0.909,19.2
A0947,2025-05-02,31.2,9.39,16.04,26.1,0.909,26.33
A0947,2025-05-03,31.2,9.46,16.55,27.27,0.909,27.51
A0947,2025-05-04,31.2,6.8,10.26,15.48,0.909,15.6
A0947,2025-05-05,31.2,6.66,12.09,20.3,0.909,20.49
A0947,2025-05-06,31.2,7.2,12.26,19.92,0.909,20.09
A0947,2025-05-07,31.2,7.99,14.2,23.57,0.909,23.79
A0947,2025-05-08,31.2,8.52,14.66,23.93,0.909,24.14
A0947,2025-05-09,31.2,9.51,15.99,25.78,0.909,26.01
A0947,2025-05-10,31.2,9.95,17.55,29.05,0.909,29.31
A0947,2025-05-11,31.2,6.19,11.11,18.56,0.909,18.73
A0947,2025-05-12,31.2,7.92,13.73,22.5,0.909,22.7
A0948,2025-04-29,8.0,5.54,23.56,54.62,0.556,27.87
A0948,2025-04-30,8.0,11.39,36.86,82.36,0.556,43.18
A0948,2025-05-01,8.0,7.03,26.05,59.23,0.556,30.66
A0948,2025-05-02,8.0,11.86,37.2,81.82,0.556,43.4
A0948,2025-05-03,8.0,12.87,38.74,84.47,0.556,45.09
A0948,2025-05-04,8.0,9.04,31.07,69.24,0.556,36.37
A0948,2025-05-05,8.0,8.35,28.76,64.13,0.556,33.67
A0948,2025-05-06,8.0,8.75,29.71,65.9,0.556,34.74
A0948,2025-05-07,8.0,10.45,33.05,72.44,0.556,38.52
A0948,2025-05-08,8.0,11.76,36.07,78.82,0.556,42.01
A0948,2025-05-09,8.0,13.62,39.71,86.11,0.556,46.16
A0948,2025-05-10,8.0,14.28,40.69,87.73,0.556,47.22
A0948,2025-05-11,8.0,6.86,25.19,56.8,0.556,29.58
A0948,2025-05-12,8.0,10.96,34.1,74.57,0.556,39.72
A0949,2025-04-29,5.9,9.89,16.59,27.01,0.556,18.04
A0949,2025-04-30,5.9,12.27,20.52,33.37,0.556,22.31
A0949,2025-05-01,5.9,9.5,14.42,22.07,0.556,15.48
A0949,2025-05-02,5.9,13.34,21.76,34.84,0.556,23.57
A0949,2025-05-03,5.9,13.13,21.09,33.47,0.556,22.81
A0949,2025-05-04,5.9,9.78,16.63,27.3,0.556,18.11
A0949,2025-05-05,5.9,9.8,15.17,23.51,0.556,16.33
A0949,2025-05-06,5.9,10.77,17.47,27.9,0.556,18.92
A0949,2025-05-07,5.9,10.34,17.45,28.5,0.556,18.98
A0949,2025-05-08,5.9,12.29,20.08,32.19,0.556,21.76
A0949,2025-05-09,5.9,14.57,22.87,35.79,0.556,24.67
A0949,2025-05-10,5.9,13.74,21.81,34.37,0.556,23.56
A0949,2025-05-11,5.9,7.92,14.09,23.69,0.556,15.43
A0949,2025-05-12,5.9,11.78,19.18,30.7,0.556,20.78
A0950,2025-04-29,3.4,121.02,165.6,238.24,0.556,175.69
A0950,2025-04-30,3.4,164.21,216.49,301.68,0.556,228.32
A0950,2025-05-01,3.4,109.23,148.11,211.47,0.556,156.91
A0950,2025-05-02,3.4,142.75,192.79,274.32,0.556,204.11
A0950,2025-05-03,3.4,148.99,202.41,289.45,0.556,214.5
A0950,2025-05-04,3.4,132.55,173.03,238.99,0.556,182.19
A0950,2025-05-05,3.4,115.48,157.51,226.0,0.556,167.02
A0950,2025-05-06,3.4,117.06,161.53,234.0,0.556,171.6
A0950,2025-05-07,3.4,123.88,168.54,241.31,0.556,178.65
A0950,2025-05-08,3.4,191.73,262.51,377.86,0.556,278.53
A0950,2025-05-09,3.4,191.59,263.97,381.91,0.556,280.35
A0950,2025-05-10,3.4,208.95,286.27,412.28,0.556,303.77
A0950,2025-05-11,3.4,143.93,196.31,281.66,0.556,208.16
A0950,2025-05-12,3.4,183.03,254.02,369.71,0.556,270.09
A0951,2025-04-29,4.9,151.06,189.27,262.56,0.556,199.45
A0951,2025-04-30,4.9,199.91,251.71,351.07,0.556,265.51
A0951,2025-05-01,4.9,134.92,167.35,229.55,0.556,175.99
A0951,2025-05-02,4.9,176.74,221.2,306.48,0.556,233.04
A0951,2025-05-03,4.9,177.19,221.19,305.58,0.556,232.91
A0951,2025-05-04,4.9,159.86,196.0,265.31,0.556,205.62
A0951,2025-05-05,4.9,136.62,170.16,234.5,0.556,179.1
A0951,2025-05-06,4.9,149.72,188.04,261.55,0.556,198.25
A0951,2025-05-07,4.9,151.25,189.42,262.63,0.556,199.59
A0951,2025-05-08,4.9,163.93,202.02,275.08,0.556,212.17
A0951,2025-05-09,4.9,178.79,223.73,309.93,0.556,235.7
A0951,2025-05-10,4.9,175.14,218.94,302.95,0.556,230.6
A0951,2025-05-11,4.9,123.03,151.38,205.76,0.556,158.93
A0951,2025-05-12,4.9,158.23,196.83,270.88,0.556,207.12
A0952,2025-04-29,4.1,17.88,27.81,44.48,0.556,30.12
A0952,2025-04-30,4.1,26.06,36.18,53.18,0.556,38.54
A0952,2025-05-01,4.1,14.77,22.49,35.45,0.556,24.29
A0952,2025-05-02,4.1,22.53,34.9,55.68,0.556,37.79
A0952,2025-05-03,4.1,22.91,33.89,52.31,0.556,36.44
A0952,2025-05-04,4.1,18.62,26.63,40.08,0.556,28.5
A0952,2025-05-05,4.1,15.99,25.35,41.05,0.556,27.53
A0952,2025-05-06,4.1,17.96,27.63,43.85,0.556,29.88
A0952,2025-05-07,4.1,18.58,29.03,46.57,0.556,31.46
A0952,2025-05-08,4.1,28.04,41.61,64.39,0.556,44.77
A0952,2025-05-09,4.1,30.7,45.14,69.39,0.556,48.51
A0952,2025-05-10,4.1,30.53,44.32,67.46,0.556,47.53
A0952,2025-05-11,4.1,11.64,19.04,31.47,0.556,20.77
A0952,2025-05-12,4.1,17.85,29.47,48.97,0.556,32.18
A0953,2025-04-29,3.0,36.23,51.86,74.62,0.556,55.02
A0953,2025-04-30,3.0,40.0,54.16,74.79,0.556,57.03
A0953,2025-05-01,3.0,32.13,45.17,64.16,0.556,47.81
A0953,2025-05-02,3.0,40.6,57.27,81.53,0.556,60.64
A0953,2025-05-03,3.0,42.4,61.27,88.73,0.556,65.08
A0953,2025-05-04,3.0,31.87,43.41,60.2,0.556,45.74
A0953,2025-05-05,3.0,32.15,45.1,63.95,0.556,47.72
A0953,2025-05-06,3.0,37.05,52.83,75.81,0.556,56.03
A0953,2025-05-07,3.0,35.19,49.86,71.22,0.556,52.83
A0953,2025-05-08,3.0,40.01,56.68,80.96,0.556,60.06
A0953,2025-05-09,3.0,43.37,60.5,85.43,0.556,63.96
A0953,2025-05-10,3.0,42.51,61.17,88.33,0.556,64.94
A0953,2025-05-11,3.0,28.01,40.22,57.99,0.556,42.69
A0953,2025-05-12,3.0,39.14,54.65,77.25,0.556,57.79
A0954,2025-04-29,30.6,4.78,19.38,44.73,0.909,45.31
A0954,2025-04-30,30.6,10.34,31.75,70.19,0.909,71.06
A0954,2025-05-01,30.6,5.27,19.35,44.86,0.909,45.44
A0954,2025-05-02,30.6,8.8,28.24,62.15,0.909,62.92
A0954,2025-05-03,30.6,9.02,28.49,62.51,0.909,63.28
A0954,2025-05-04,30.6,6.91,23.89,54.2,0.909,54.89
A0954,2025-05-05,30.6,6.07,21.29,48.54,0.909,49.16
A0954,2025-05-06,30.6,5.57,20.79,47.36,0.909,47.97
A0954,2025-05-07,30.6,7.8,25.26,56.1,0.909,56.8
A0954,2025-05-08,30.6,8.37,26.53,58.92,0.909,59.65
A0954,2025-05-09,30.6,9.29,28.63,62.86,0.909,63.64
A0954,2025-05-10,30.6,10.31,30.61,66.65,0.909,67.47
A0954,2025-05-11,30.6,5.39,19.46,44.86,0.909,45.44
A0954,2025-05-12,30.6,7.54,24.79,55.39,0.909,56.08
A0955,2025-04-29,349.4,43.91,61.32,87.87,0.909,88.47
A0955,2025-04-30,349.4,55.27,76.72,109.42,0.909,110.17
A0955,2025-05-01,349.4,38.9,51.81,71.48,0.909,71.93
A0955,2025-05-02,349.4,52.36,71.56,100.84,0.909,101.5
A0955,2025-05-03,349.4,52.0,72.51,103.78,0.909,104.49
A0955,2025-05-04,349.4,44.97,61.8,87.46,0.909,88.04
A0955,2025-05-05,349.4,40.77,54.5,75.43,0.909,75.9
A0955,2025-05-06,349.4,44.73,62.39,89.31,0.909,89.92
A0955,2025-05-07,349.4,45.78,63.99,91.75,0.909,92.39
A0955,2025-05-08,349.4,48.48,66.59,94.21,0.909,94.84
A0955,2025-05-09,349.4,53.71,73.37,103.34,0.909,104.02
A0955,2025-05-10,349.4,52.44,73.11,104.63,0.909,105.34
A0955,2025-05-11,349.4,37.81,53.77,78.1,0.909,78.65
A0955,2025-05-12,349.4,47.6,64.85,91.14,0.909,91.74
A0956,2025-04-29,199.2,31.23,45.32,66.28,0.909,66.76
A0956,2025-04-30,199.2,37.3,52.67,75.53,0.909,76.05
A0956,2025-05-01,199.2,26.22,36.18,50.99,0.909,51.33
A0956,2025-05-02,199.2,37.49,54.04,78.65,0.909,79.21
A0956,2025-05-03,199.2,39.03,56.22,81.8,0.909,82.38
A0956,2025-05-04,199.2,29.34,40.82,57.9,0.909,58.29
A0956,2025-05-05,199.2,27.05,37.8,53.79,0.909,54.15
A0956,2025-05-06,199.2,32.29,46.36,67.3,0.909,67.77
A0956,2025-05-07,199.2,32.48,47.76,70.49,0.909,71.01
A0956,2025-05-08,199.2,34.39,49.52,72.03,0.909,72.54
A0956,2025-05-09,199.2,38.83,55.33,79.88,0.909,80.44
A0956,2025-05-10,199.2,38.54,55.73,81.32,0.909,81.9
A0956,2025-05-11,199.2,24.79,36.18,53.11,0.909,53.5
A0956,2025-05-12,199.2,32.67,47.05,68.45,0.909,68.94
A0957,2025-04-29,28.4,0.15,6.0,19.29,0.909,19.59
A0957,2025-04-30,28.4,1.97,11.75,32.6,0.909,33.07
A0957,2025-05-01,28.4,2.45,13.3,35.14,0.909,35.64
A0957,2025-05-02,28.4,4.92,20.48,51.06,0.909,51.76
A0957,2025-05-03,28.4,5.19,21.07,51.67,0.909,52.37
A0957,2025-05-04,28.4,3.07,15.85,39.11,0.909,39.64
A0957,2025-05-05,28.4,3.23,15.34,38.15,0.909,38.67
A0957,2025-05-06,28.4,2.79,14.6,36.22,0.909,36.71
A0957,2025-05-07,28.4,4.64,18.59,44.46,0.909,45.05
A0957,2025-05-08,28.4,1.83,9.98,27.95,0.909,28.36
A0957,2025-05-09,28.4,2.72,12.19,32.35,0.909,32.81
A0957,2025-05-10,28.4,3.79,14.73,37.32,0.909,37.83
A0957,2025-05-11,28.4,1.86,9.39,26.05,0.909,26.43
A0957,2025-05-12,28.4,2.95,12.93,33.5,0.909,33.97
A0958,2025-04-29,165.1,28.0,42.16,59.67,0.909,60.06
A0958,2025-04-30,165.1,38.81,58.41,82.64,0.909,83.19
A0958,2025-05-01,165.1,24.19,34.63,47.53,0.909,47.82
A0958,2025-05-02,165.1,35.04,52.43,73.93,0.909,74.42
A0958,2025-05-03,165.1,35.79,53.71,75.86,0.909,76.36
A0958,2025-05-04,165.1,30.23,44.21,61.49,0.909,61.89
A0958,2025-05-05,165.1,26.95,38.4,52.54,0.909,52.86
A0958,2025-05-06,165.1,28.69,42.98,60.63,0.909,61.04
A0958,2025-05-07,165.1,30.98,46.1,64.79,0.909,65.21
A0958,2025-05-08,165.1,31.27,46.61,65.56,0.909,65.99
A0958,2025-05-09,165.1,35.16,52.93,74.89,0.909,75.39
A0958,2025-05-10,165.1,36.49,54.24,76.17,0.909,76.66
A0958,2025-05-11,165.1,25.01,37.24,52.34,0.909,52.68
A0958,2025-05-12,165.1,30.89,45.47,63.49,0.909,63.9
A0959,2025-04-29,27.1,10.73,17.0,28.0,0.909,28.25
A0959,2025-04-30,27.1,17.13,28.47,48.41,0.909,48.86
A0959,2025-05-01,27.1,9.83,16.71,28.81,0.909,29.08
A0959,2025-05-02,27.1,14.41,23.56,39.64,0.909,40.0
A0959,2025-05-03,27.1,14.1,23.04,38.74,0.909,39.09
A0959,2025-05-04,27.1,12.72,20.61,34.46,0.909,34.78
A0959,2025-05-05,27.1,11.23,19.18,33.16,0.909,33.48
A0959,2025-05-06,27.1,10.62,16.94,28.03,0.909,28.29
A0959,2025-05-07,27.1,12.94,22.41,39.05,0.909,39.43
A0959,2025-05-08,27.1,13.25,21.65,36.41,0.909,36.74
A0959,2025-05-09,27.1,14.14,22.7,37.75,0.909,38.1
A0959,2025-05-10,27.1,15.25,25.1,42.4,0.909,42.79
A0959,2025-05-11,27.1,10.58,17.89,30.73,0.909,31.02
A0959,2025-05-12,27.1,12.4,20.59,34.99,0.909,35.31
A0960,2025-04-29,299.5,3.62,7.66,14.12,0.909,14.26
A0960,2025-04-30,299.5,5.74,10.4,17.84,0.909,18.01
A0960,2025-05-01,299.5,3.46,7.03,12.73,0.909,12.86
A0960,2025-05-02,299.5,4.87,9.65,17.29,0.909,17.46
A0960,2025-05-03,299.5,5.13,10.1,18.04,0.909,18.22
A0960,2025-05-04,299.5,4.17,8.31,14.92,0.909,15.07
A0960,2025-05-05,299.5,3.97,8.26,15.12,0.909,15.27
A0960,2025-05-06,299.5,3.92,8.03,14.6,0.909,14.75
A0960,2025-05-07,299.5,12.85,24.06,41.96,0.909,42.37
A0960,2025-05-08,299.5,12.72,23.79,41.46,0.909,41.86
A0960,2025-05-09,299.5,14.05,24.25,40.55,0.909,40.92
A0960,2025-05-10,299.5,17.21,29.68,49.61,0.909,50.06
A0960,2025-05-11,299.5,3.52,8.1,15.42,0.909,15.59
A0960,2025-05-12,299.5,4.35,9.04,16.54,0.909,16.71
A0961,2025-04-29,374.1,9.38,16.11,26.01,0.909,26.23
A0961,2025-04-30,374.1,14.04,22.71,35.45,0.909,35.74
A0961,2025-05-01,374.1,8.42,14.19,22.66,0.909,22.85
A0961,2025-05-02,374.1,11.87,20.05,32.07,0.909,32.35
A0961,2025-05-03,374.1,12.55,20.99,33.4,0.909,33.68
A0961,2025-05-04,374.1,11.02,18.93,30.56,0.909,30.83
A0961,2025-05-05,374.1,9.86,16.7,26.77,0.909,26.99
A0961,2025-05-06,374.1,9.63,16.36,26.25,0.909,26.47
A0961,2025-05-07,374.1,11.52,18.69,29.23,0.909,29.47
A0961,2025-05-08,374.1,11.62,19.42,30.89,0.909,31.15
A0961,2025-05-09,374.1,11.62,19.52,31.14,0.909,31.41
A0961,2025-05-10,374.1,13.34,22.22,35.26,0.909,35.55
A0961,2025-05-11,374.1,9.63,16.75,27.22,0.909,27.46
A0961,2025-05-12,374.1,11.79,19.7,31.33,0.909,31.6
A0962,2025-04-29,32.5,15.1,23.49,36.62,0.909,36.91
A0962,2025-04-30,32.5,21.21,34.89,56.31,0.909,56.79
A0962,2025-05-01,32.5,14.88,22.8,35.21,0.909,35.49
A0962,2025-05-02,32.5,21.07,32.83,51.25,0.909,51.67
A0962,2025-05-03,32.5,19.83,31.63,50.09,0.909,50.51
A0962,2025-05-04,32.5,17.3,27.31,42.98,0.909,43.34
A0962,2025-05-05,32.5,15.93,25.48,40.45,0.909,40.79
A0962,2025-05-06,32.5,15.44,23.78,36.85,0.909,37.15
A0962,2025-05-07,32.5,17.47,28.39,45.48,0.909,45.86
A0962,2025-05-08,32.5,19.49,29.34,44.77,0.909,45.12
A0962,2025-05-09,32.5,21.3,32.18,49.21,0.909,49.59
A0962,2025-05-10,32.5,20.93,33.89,54.17,0.909,54.63
A0962,2025-05-11,32.5,15.01,23.78,37.5,0.909,37.81
A0962,2025-05-12,32.5,18.43,28.43,44.07,0.909,44.43
A0963,2025-04-29,184.6,0.0,6.65,21.96,0.909,22.31
A0963,2025-04-30,184.6,0.82,12.0,35.23,0.909,35.76
A0963,2025-05-01,184.6,1.14,11.72,32.45,0.909,32.93
A0963,2025-05-02,184.6,3.4,17.52,45.66,0.909,46.3
A0963,2025-05-03,184.6,4.92,20.51,51.36,0.909,52.06
A0963,2025-05-04,184.6,3.75,18.23,45.7,0.909,46.33
A0963,2025-05-05,184.6,4.15,18.69,46.04,0.909,46.66
A0963,2025-05-06,184.6,4.94,20.71,49.83,0.909,50.5
A0963,2025-05-07,184.6,6.51,24.25,56.7,0.909,57.44
A0963,2025-05-08,184.6,7.74,27.38,63.23,0.909,64.05
A0963,2025-05-09,184.6,9.38,30.9,70.19,0.909,71.08
A0963,2025-05-10,184.6,10.23,32.41,72.72,0.909,73.63
A0963,2025-05-11,184.6,5.14,21.4,49.85,0.909,50.5
A0963,2025-05-12,184.6,8.37,28.49,64.39,0.909,65.21
A0964,2025-04-29,6.8,59.11,82.35,118.35,0.556,87.35
A0964,2025-04-30,6.8,76.57,105.47,150.26,0.556,111.69
A0964,2025-05-01,6.8,52.68,75.91,111.91,0.556,80.91
A0964,2025-05-02,6.8,72.9,101.92,146.87,0.556,108.16
A0964,2025-05-03,6.8,73.26,104.95,154.07,0.556,111.78
A0964,2025-05-04,6.8,62.22,85.72,122.13,0.556,90.78
A0964,2025-05-05,6.8,56.23,79.13,114.6,0.556,84.05
A0964,2025-05-06,6.8,57.81,81.24,117.53,0.556,86.28
A0964,2025-05-07,6.8,59.91,83.33,119.61,0.556,88.37
A0964,2025-05-08,6.8,66.77,93.03,133.73,0.556,98.69
A0964,2025-05-09,6.8,71.14,100.64,146.34,0.556,106.98
A0964,2025-05-10,6.8,73.06,104.78,153.93,0.556,111.61
A0964,2025-05-11,6.8,51.26,72.22,104.7,0.556,76.73
A0964,2025-05-12,6.8,63.24,88.16,126.77,0.556,93.52
A0965,2025-04-29,3.3,191.23,268.58,392.17,0.556,285.75
A0965,2025-04-30,3.3,237.74,340.79,505.44,0.556,363.66
A0965,2025-05-01,3.3,174.1,247.63,365.11,0.556,263.95
A0965,2025-05-02,3.3,216.6,299.61,432.24,0.556,318.03
A0965,2025-05-03,3.3,235.67,325.49,469.0,0.556,345.42
A0965,2025-05-04,3.3,178.45,260.23,390.9,0.556,278.38
A0965,2025-05-05,3.3,169.84,243.94,362.33,0.556,260.38
A0965,2025-05-06,3.3,192.27,269.57,393.07,0.556,286.72
A0965,2025-05-07,3.3,198.16,276.57,401.86,0.556,293.97
A0965,2025-05-08,3.3,211.47,294.87,428.13,0.556,313.38
A0965,2025-05-09,3.3,219.64,303.25,436.85,0.556,321.81
A0965,2025-05-10,3.3,229.27,318.51,461.1,0.556,338.31
A0965,2025-05-11,3.3,147.33,212.16,315.75,0.556,226.55
A0965,2025-05-12,3.3,203.34,286.38,419.06,0.556,304.81
A0966,2025-04-29,11.3,71.73,100.25,147.34,0.909,148.41
A0966,2025-04-30,11.3,110.31,145.67,204.08,0.909,205.41
A0966,2025-05-01,11.3,68.73,96.94,143.52,0.909,144.58
A0966,2025-05-02,11.3,82.76,116.06,171.07,0.909,172.32
A0966,2025-05-03,11.3,92.11,127.18,185.12,0.909,186.44
A0966,2025-05-04,11.3,93.88,120.84,165.35,0.909,166.37
A0966,2025-05-05,11.3,69.9,99.26,147.74,0.909,148.84
A0966,2025-05-06,11.3,72.81,101.05,147.71,0.909,148.77
A0966,2025-05-07,11.3,77.54,110.07,163.8,0.909,165.02
A0966,2025-05-08,11.3,88.81,122.34,177.71,0.909,178.97
A0966,2025-05-09,11.3,79.66,112.26,166.1,0.909,167.32
A0966,2025-05-10,11.3,91.73,126.94,185.1,0.909,186.42
A0966,2025-05-11,11.3,67.9,92.5,133.13,0.909,134.05
A0966,2025-05-12,11.3,81.08,113.93,168.18,0.909,169.41
A0967,2025-04-29,3.6,54.33,75.32,111.55,0.556,80.35
A0967,2025-04-30,3.6,68.01,90.25,128.63,0.556,95.58
A0967,2025-05-01,3.6,48.84,67.83,100.6,0.556,72.38
A0967,2025-05-02,3.6,64.61,88.79,130.52,0.556,94.58
A0967,2025-05-03,3.6,64.27,89.39,132.75,0.556,95.41
A0967,2025-05-04,3.6,54.66,72.58,103.5,0.556,76.87
A0967,2025-05-05,3.6,51.98,70.75,103.15,0.556,75.25
A0967,2025-05-06,3.6,54.35,75.25,111.33,0.556,80.26
A0967,2025-05-07,3.6,54.62,75.05,110.31,0.556,79.94
A0967,2025-05-08,3.6,61.76,85.61,126.77,0.556,91.33
A0967,2025-05-09,3.6,64.89,88.97,130.53,0.556,94.74
A0967,2025-05-10,3.6,63.88,88.91,132.11,0.556,94.91
A0967,2025-05-11,3.6,45.51,62.06,90.62,0.556,66.03
A0967,2025-05-12,3.6,60.48,82.76,121.23,0.556,88.11
A0968,2025-04-29,350.5,25.55,36.83,55.94,0.909,56.37
A0968,2025-04-30,350.5,36.92,54.53,84.36,0.909,85.03
A0968,2025-05-01,350.5,24.67,37.94,60.41,0.909,60.92
A0968,2025-05-02,350.5,35.69,51.87,79.29,0.909,79.91
A0968,2025-05-03,350.5,35.34,53.29,83.68,0.909,84.37
A0968,2025-05-04,350.5,27.97,40.11,60.68,0.909,61.15
A0968,2025-05-05,350.5,26.85,39.7,61.47,0.909,61.96
A0968,2025-05-06,350.5,26.71,38.06,57.27,0.909,57.71
A0968,2025-05-07,350.5,28.35,41.26,63.12,0.909,63.62
A0968,2025-05-08,350.5,31.69,47.79,75.04,0.909,75.66
A0968,2025-05-09,350.5,36.37,52.78,80.57,0.909,81.2
A0968,2025-05-10,350.5,35.74,53.63,83.94,0.909,84.63
A0968,2025-05-11,350.5,21.53,31.57,48.58,0.909,48.96
A0968,2025-05-12,350.5,30.85,45.57,70.49,0.909,71.05
A0969,2025-04-29,10.3,90.68,131.84,191.91,0.909,193.27
A0969,2025-04-30,10.3,112.29,155.83,219.37,0.909,220.82
A0969,2025-05-01,10.3,78.48,114.41,166.85,0.909,168.05
A0969,2025-05-02,10.3,98.88,144.46,210.98,0.909,212.49
A0969,2025-05-03,10.3,96.17,142.78,210.82,0.909,212.37
A0969,2025-05-04,10.3,94.1,136.18,197.6,0.909,199.0
A0969,2025-05-05,10.3,84.04,123.96,182.22,0.909,183.54
A0969,2025-05-06,10.3,88.36,129.82,190.34,0.909,191.72
A0969,2025-05-07,10.3,90.09,127.87,183.01,0.909,184.26
A0969,2025-05-08,10.3,96.09,140.09,204.31,0.909,205.77
A0969,2025-05-09,10.3,97.75,144.21,212.03,0.909,213.57
A0969,2025-05-10,10.3,98.05,144.39,212.02,0.909,213.56
A0969,2025-05-11,10.3,81.75,120.9,178.04,0.909,179.34
A0969,2025-05-12,10.3,96.35,142.71,210.37,0.909,211.91
A0970,2025-04-29,13.9,29.38,41.72,59.74,0.909,60.15
A0970,2025-04-30,13.9,38.19,55.3,80.3,0.909,80.87
A0970,2025-05-01,13.9,26.14,36.67,52.04,0.909,52.39
A0970,2025-05-02,13.9,33.63,48.35,69.84,0.909,70.32
A0970,2025-05-03,13.9,35.16,50.16,72.07,0.909,72.57
A0970,2025-05-04,13.9,32.47,47.42,69.24,0.909,69.74
A0970,2025-05-05,13.9,28.37,40.63,58.53,0.909,58.93
A0970,2025-05-06,13.9,28.92,41.14,58.99,0.909,59.39
A0970,2025-05-07,13.9,30.63,43.91,63.31,0.909,63.75
A0970,2025-05-08,13.9,32.57,46.39,66.56,0.909,67.02
A0970,2025-05-09,13.9,32.59,46.97,67.97,0.909,68.45
A0970,2025-05-10,13.9,35.61,50.68,72.69,0.909,73.19
A0970,2025-05-11,13.9,27.37,39.44,57.08,0.909,57.48
A0970,2025-05-12,13.9,32.65,47.34,68.8,0.909,69.28
A0971,2025-04-29,399.9,8.62,15.68,28.23,0.909,28.51
A0971,2025-04-30,399.9,12.7,21.08,35.94,0.909,36.28
A0971,2025-05-01,399.9,7.75,13.14,22.7,0.909,22.91
A0971,2025-05-02,399.9,10.58,19.04,34.05,0.909,34.39
A0971,2025-05-03,399.9,11.13,19.02,33.02,0.909,33.33
A0971,2025-05-04,399.9,10.05,17.64,31.11,0.909,31.41
A0971,2025-05-05,399.9,8.87,16.03,28.74,0.909,29.03
A0971,2025-05-06,399.9,8.5,15.55,28.05,0.909,28.33
A0971,2025-05-07,399.9,16.58,31.42,57.76,0.909,58.36
A0971,2025-05-08,399.9,16.42,31.72,58.86,0.909,59.47
A0971,2025-05-09,399.9,16.79,30.74,55.5,0.909,56.06
A0971,2025-05-10,399.9,11.45,20.38,36.2,0.909,36.56
A0971,2025-05-11,399.9,8.43,16.48,30.75,0.909,31.07
A0971,2025-05-12,399.9,9.91,18.42,33.51,0.909,33.86
A0972,2025-04-29,3.1,24.58,37.88,57.27,0.556,40.57
A0972,2025-04-30,3.1,31.78,46.42,67.73,0.556,49.38
A0972,2025-05-01,3.1,22.11,33.57,50.27,0.556,35.89
A0972,2025-05-02,3.1,27.99,42.16,62.81,0.556,45.03
A0972,2025-05-03,3.1,31.09,46.41,68.74,0.556,49.52
A0972,2025-05-04,3.1,25.45,37.21,54.35,0.556,39.59
A0972,2025-05-05,3.1,21.56,32.66,48.82,0.556,34.9
A0972,2025-05-06,3.1,24.81,38.12,57.53,0.556,40.82
A0972,2025-05-07,3.1,25.72,38.99,58.32,0.556,41.67
A0972,2025-05-08,3.1,28.74,43.22,64.3,0.556,46.14
A0972,2025-05-09,3.1,28.44,42.79,63.7,0.556,45.7
A0972,2025-05-10,3.1,31.11,46.33,68.49,0.556,49.41
A0972,2025-05-11,3.1,21.13,31.97,47.77,0.556,34.17
A0972,2025-05-12,3.1,27.36,41.12,61.16,0.556,43.9
A0973,2025-04-29,311.9,6.32,12.36,22.38,0.909,22.61
A0973,2025-04-30,311.9,11.12,18.82,31.57,0.909,31.86
A0973,2025-05-01,311.9,6.44,13.26,24.55,0.909,24.81
A0973,2025-05-02,311.9,9.19,17.84,32.19,0.909,32.52
A0973,2025-05-03,311.9,9.59,18.13,32.27,0.909,32.59
A0973,2025-05-04,311.9,7.26,12.6,21.45,0.909,21.65
A0973,2025-05-05,311.9,6.53,12.75,23.07,0.909,23.3
A0973,2025-05-06,311.9,6.14,12.13,22.06,0.909,22.28
A0973,2025-05-07,311.9,7.46,14.14,25.2,0.909,25.45
A0973,2025-05-08,311.9,8.52,16.17,28.85,0.909,29.13
A0973,2025-05-09,311.9,9.01,17.47,31.5,0.909,31.82
A0973,2025-05-10,311.9,10.15,18.73,32.95,0.909,33.27
A0973,2025-05-11,311.9,5.71,10.37,18.1,0.909,18.27
A0973,2025-05-12,311.9,7.57,14.27,25.38,0.909,25.63
A0974,2025-04-29,34.2,13.91,21.67,35.05,0.909,35.35
A0974,2025-04-30,34.2,21.5,35.57,59.85,0.909,60.4
A0974,2025-05-01,34.2,13.11,21.83,36.85,0.909,37.19
A0974,2025-05-02,34.2,18.67,29.51,48.21,0.909,48.64
A0974,2025-05-03,34.2,18.82,30.65,51.03,0.909,51.5
A0974,2025-05-04,34.2,17.37,27.49,44.94,0.909,45.34
A0974,2025-05-05,34.2,14.34,23.28,38.72,0.909,39.07
A0974,2025-05-06,34.2,13.67,21.64,35.39,0.909,35.71
A0974,2025-05-07,34.2,16.12,27.55,47.24,0.909,47.69
A0974,2025-05-08,34.2,17.45,29.45,50.15,0.909,50.62
A0974,2025-05-09,34.2,17.94,28.4,46.43,0.909,46.84
A0974,2025-05-10,34.2,20.15,33.33,56.06,0.909,56.58
A0974,2025-05-11,34.2,13.83,23.74,40.82,0.909,41.21
A0974,2025-05-12,34.2,16.18,25.99,42.89,0.909,43.27
A0975,2025-04-29,27.9,20.26,33.29,55.15,0.909,55.65
A0975,2025-04-30,27.9,32.22,54.84,92.8,0.909,93.66
A0975,2025-05-01,27.9,20.7,32.58,52.51,0.909,52.97
A0975,2025-05-02,27.9,12.09,21.26,36.65,0.909,37.0
A0975,2025-05-03,27.9,13.61,23.37,39.75,0.909,40.12
A0975,2025-05-04,27.9,13.91,22.56,37.07,0.909,37.4
A0975,2025-05-05,27.9,9.67,16.87,28.94,0.909,29.22
A0975,2025-05-06,27.9,10.75,17.29,28.27,0.909,28.52
A0975,2025-05-07,27.9,11.89,19.66,32.71,0.909,33.01
A0975,2025-05-08,27.9,13.62,21.22,33.99,0.909,34.28
A0975,2025-05-09,27.9,15.01,23.62,38.08,0.909,38.4
A0975,2025-05-10,27.9,16.47,27.05,44.8,0.909,45.2
A0975,2025-05-11,27.9,9.66,16.71,28.56,0.909,28.82
A0975,2025-05-12,27.9,12.55,20.58,34.06,0.909,34.37
A0976,2025-04-29,10.9,24.91,37.96,58.65,0.909,59.12
A0976,2025-04-30,10.9,32.55,49.34,75.96,0.909,76.57
A0976,2025-05-01,10.9,23.11,36.47,57.66,0.909,58.14
A0976,2025-05-02,10.9,27.58,43.16,67.87,0.909,68.43
A0976,2025-05-03,10.9,28.15,43.29,67.31,0.909,67.86
A0976,2025-05-04,10.9,26.97,41.02,63.3,0.909,63.81
A0976,2025-05-05,10.9,24.16,37.96,59.85,0.909,60.34
A0976,2025-05-06,10.9,24.59,37.71,58.51,0.909,58.98
A0976,2025-05-07,10.9,26.21,39.79,61.33,0.909,61.82
A0976,2025-05-08,10.9,27.46,42.13,65.4,0.909,65.93
A0976,2025-05-09,10.9,27.57,43.41,68.53,0.909,69.1
A0976,2025-05-10,10.9,28.28,43.28,67.08,0.909,67.62
A0976,2025-05-11,10.9,22.89,35.22,54.76,0.909,55.21
A0976,2025-05-12,10.9,28.3,43.18,66.77,0.909,67.31
A0977,2025-04-29,13.2,9.74,16.43,25.42,0.909,25.63
A0977,2025-04-30,13.2,14.31,22.95,34.55,0.909,34.82
A0977,2025-05-01,13.2,8.53,14.44,22.36,0.909,22.54
A0977,2025-05-02,13.2,11.22,18.47,28.2,0.909,28.42
A0977,2025-05-03,13.2,11.7,18.97,28.74,0.909,28.96
A0977,2025-05-04,13.2,11.62,18.34,27.36,0.909,27.56
A0977,2025-05-05,13.2,9.67,16.05,24.63,0.909,24.82
A0977,2025-05-06,13.2,9.51,16.22,25.22,0.909,25.43
A0977,2025-05-07,13.2,10.6,17.51,26.8,0.909,27.01
A0977,2025-05-08,13.2,10.76,17.67,26.96,0.909,27.17
A0977,2025-05-09,13.2,10.96,18.24,28.01,0.909,28.23
A0977,2025-05-10,13.2,12.15,19.41,29.17,0.909,29.39
A0977,2025-05-11,13.2,9.48,15.31,23.13,0.909,23.31
A0977,2025-05-12,13.2,11.17,18.28,27.81,0.909,28.03
A0978,2025-04-29,5.8,11.28,17.56,32.27,0.556,19.61
A0978,2025-04-30,5.8,16.17,25.3,46.68,0.556,28.27
A0978,2025-05-01,5.8,11.05,17.41,32.3,0.556,19.48
A0978,2025-05-02,5.8,15.6,23.94,43.44,0.556,26.65
A0978,2025-05-03,5.8,14.56,25.04,49.55,0.556,28.44
A0978,2025-05-04,5.8,12.28,17.58,29.98,0.556,19.3
A0978,2025-05-05,5.8,10.9,18.8,37.28,0.556,21.36
A0978,2025-05-06,5.8,12.09,18.4,33.17,0.556,20.45
A0978,2025-05-07,5.8,12.81,21.0,40.15,0.556,23.66
A0978,2025-05-08,5.8,14.38,21.06,36.69,0.556,23.23
A0978,2025-05-09,5.8,16.63,24.74,43.71,0.556,27.37
A0978,2025-05-10,5.8,15.22,25.99,51.19,0.556,29.49
A0978,2025-05-11,5.8,10.27,15.2,26.74,0.556,16.81
A0978,2025-05-12,5.8,13.32,21.27,39.87,0.556,23.86
A0979,2025-04-29,423.5,29.33,41.0,60.96,0.909,61.41
A0979,2025-04-30,423.5,41.5,58.31,87.08,0.909,87.73
A0979,2025-05-01,423.5,25.33,33.97,48.77,0.909,49.1
A0979,2025-05-02,423.5,35.29,48.37,70.74,0.909,71.25
A0979,2025-05-03,423.5,35.65,49.25,72.53,0.909,73.06
A0979,2025-05-04,423.5,33.69,45.53,65.77,0.909,66.23
A0979,2025-05-05,423.5,27.42,37.9,55.85,0.909,56.25
A0979,2025-05-06,423.5,29.15,40.95,61.14,0.909,61.6
A0979,2025-05-07,423.5,32.61,44.83,65.76,0.909,66.23
A0979,2025-05-08,423.5,33.53,46.14,67.71,0.909,68.2
A0979,2025-05-09,423.5,34.62,47.84,70.48,0.909,70.99
A0979,2025-05-10,423.5,37.24,51.32,75.4,0.909,75.95
A0979,2025-05-11,423.5,29.03,39.41,57.18,0.909,57.59
A0979,2025-05-12,423.5,32.34,45.11,66.97,0.909,67.46
A0980,2025-04-29,11.1,67.56,91.04,139.87,0.909,140.98
A0980,2025-04-30,11.1,85.32,116.05,179.96,0.909,181.41
A0980,2025-05-01,11.1,60.99,80.43,120.86,0.909,121.78
A0980,2025-05-02,11.1,74.61,99.26,150.5,0.909,151.66
A0980,2025-05-03,11.1,76.33,101.62,154.2,0.909,155.4
A0980,2025-05-04,11.1,72.94,99.98,156.2,0.909,157.48
A0980,2025-05-05,11.1,61.95,84.7,132.0,0.909,133.08
A0980,2025-05-06,11.1,66.7,89.89,138.13,0.909,139.22
A0980,2025-05-07,11.1,67.87,93.27,146.08,0.909,147.29
A0980,2025-05-08,11.1,73.96,98.32,148.97,0.909,150.12
A0980,2025-05-09,11.1,75.05,99.01,148.84,0.909,149.98
A0980,2025-05-10,11.1,77.49,102.94,155.86,0.909,157.06
A0980,2025-05-11,11.1,58.69,80.75,126.61,0.909,127.65
A0980,2025-05-12,11.1,73.78,100.8,156.98,0.909,158.26
A0981,2025-04-29,35.7,8.13,13.92,24.27,0.909,24.51
A0981,2025-04-30,35.7,12.59,21.33,36.95,0.909,37.31
A0981,2025-05-01,35.7,7.54,13.27,23.5,0.909,23.73
A0981,2025-05-02,35.7,11.39,19.61,34.29,0.909,34.62
A0981,2025-05-03,35.7,10.82,18.9,33.34,0.909,33.67
A0981,2025-05-04,35.7,9.26,16.16,28.5,0.909,28.78
A0981,2025-05-05,35.7,8.31,14.83,26.47,0.909,26.74
A0981,2025-05-06,35.7,8.2,13.89,24.06,0.909,24.29
A0981,2025-05-07,35.7,10.05,17.59,31.07,0.909,31.38
A0981,2025-05-08,35.7,10.34,17.8,31.14,0.909,31.45
A0981,2025-05-09,35.7,11.51,18.74,31.67,0.909,31.96
A0981,2025-05-10,35.7,11.66,20.79,37.11,0.909,37.48
A0981,2025-05-11,35.7,7.75,13.83,24.71,0.909,24.95
A0981,2025-05-12,35.7,10.2,17.04,29.25,0.909,29.52
A0982,2025-04-29,417.0,0.03,5.82,19.65,0.909,19.96
A0982,2025-04-30,417.0,1.07,11.0,32.83,0.909,33.32
A0982,2025-05-01,417.0,0.81,7.92,24.52,0.909,24.9
A0982,2025-05-02,417.0,2.36,13.0,35.67,0.909,36.19
A0982,2025-05-03,417.0,2.94,14.44,38.34,0.909,38.88
A0982,2025-05-04,417.0,2.31,12.79,35.34,0.909,35.85
A0982,2025-05-05,417.0,2.45,12.38,33.57,0.909,34.05
A0982,2025-05-06,417.0,2.13,11.89,32.19,0.909,32.65
A0982,2025-05-07,417.0,4.0,16.49,41.59,0.909,42.16
A0982,2025-05-08,417.0,4.49,18.07,45.31,0.909,45.93
A0982,2025-05-09,417.0,5.04,19.89,48.81,0.909,49.47
A0982,2025-05-10,417.0,6.17,22.41,53.72,0.909,54.43
A0982,2025-05-11,417.0,3.42,14.27,36.63,0.909,37.14
A0982,2025-05-12,417.0,4.49,17.85,44.28,0.909,44.88
A0983,2025-04-29,325.3,6.02,11.05,19.16,0.909,19.35
A0983,2025-04-30,325.3,8.88,15.23,25.49,0.909,25.72
A0983,2025-05-01,325.3,5.29,11.34,21.11,0.909,21.33
A0983,2025-05-02,325.3,7.76,14.75,26.05,0.909,26.31
A0983,2025-05-03,325.3,7.99,15.69,28.12,0.909,28.4
A0983,2025-05-04,325.3,6.74,12.09,20.73,0.909,20.93
A0983,2025-05-05,325.3,6.14,12.77,23.47,0.909,23.71
A0983,2025-05-06,325.3,6.44,11.55,19.8,0.909,19.99
A0983,2025-05-07,325.3,7.5,13.9,24.24,0.909,24.47
A0983,2025-05-08,325.3,7.27,14.4,25.91,0.909,26.18
A0983,2025-05-09,325.3,7.92,14.89,26.14,0.909,26.39
A0983,2025-05-10,325.3,8.75,16.8,29.79,0.909,30.09
A0983,2025-05-11,325.3,5.95,11.76,21.13,0.909,21.35
A0983,2025-05-12,325.3,7.6,14.68,26.11,0.909,26.37
A0984,2025-04-29,35.6,9.74,15.06,23.9,0.909,24.1
A0984,2025-04-30,35.6,14.15,20.95,32.26,0.909,32.51
A0984,2025-05-01,35.6,9.24,14.32,22.76,0.909,22.95
A0984,2025-05-02,35.6,12.7,19.9,31.87,0.909,32.14
A0984,2025-05-03,35.6,13.06,19.9,31.27,0.909,31.53
A0984,2025-05-04,35.6,10.95,17.04,27.16,0.909,27.39
A0984,2025-05-05,35.6,10.02,16.01,25.96,0.909,26.18
A0984,2025-05-06,35.6,9.77,15.07,23.89,0.909,24.09
A0984,2025-05-07,35.6,10.79,17.36,28.27,0.909,28.51
A0984,2025-05-08,35.6,11.8,18.47,29.56,0.909,29.81
A0984,2025-05-09,35.6,13.02,19.8,31.06,0.909,31.31
A0984,2025-05-10,35.6,13.63,21.24,33.88,0.909,34.17
A0984,2025-05-11,35.6,12.54,22.11,38.01,0.909,38.37
A0984,2025-05-12,35.6,16.38,26.13,42.33,0.909,42.7
A0985,2025-04-29,10.7,17.84,28.78,44.48,0.909,44.83
A0985,2025-04-30,10.7,21.54,36.74,58.55,0.909,59.05
A0985,2025-05-01,10.7,15.15,24.8,38.65,0.909,38.96
A0985,2025-05-02,10.7,19.1,32.22,51.04,0.909,51.47
A0985,2025-05-03,10.7,20.05,32.88,51.29,0.909,51.71
A0985,2025-05-04,10.7,17.4,30.22,48.62,0.909,49.04
A0985,2025-05-05,10.7,17.49,28.65,44.67,0.909,45.04
A0985,2025-05-06,10.7,18.17,29.05,44.67,0.909,45.03
A0985,2025-05-07,10.7,18.89,30.87,48.07,0.909,48.46
A0985,2025-05-08,10.7,19.37,31.73,49.48,0.909,49.88
A0985,2025-05-09,10.7,19.46,32.38,50.92,0.909,51.34
A0985,2025-05-10,10.7,20.9,33.81,52.34,0.909,52.77
A0985,2025-05-11,10.7,16.35,26.99,42.26,0.909,42.61
A0985,2025-05-12,10.7,21.3,34.5,53.45,0.909,53.88
A0986,2025-04-29,33.7,1.77,11.41,30.22,0.909,30.65
A0986,2025-04-30,33.7,5.35,21.04,51.18,0.909,51.86
A0986,2025-05-01,33.7,2.68,13.22,34.06,0.909,34.53
A0986,2025-05-02,33.7,5.11,20.31,48.35,0.909,48.99
A0986,2025-05-03,33.7,5.48,21.19,49.82,0.909,50.47
A0986,2025-05-04,33.7,4.29,17.94,43.73,0.909,44.32
A0986,2025-05-05,33.7,3.93,16.47,40.24,0.909,40.78
A0986,2025-05-06,33.7,3.38,15.39,37.88,0.909,38.39
A0986,2025-05-07,33.7,5.21,19.55,46.14,0.909,46.74
A0986,2025-05-08,33.7,5.61,20.57,48.65,0.909,49.29
A0986,2025-05-09,33.7,6.32,22.49,52.33,0.909,53.01
A0986,2025-05-10,33.7,7.27,24.49,56.2,0.909,56.92
A0986,2025-05-11,33.7,3.8,15.09,37.24,0.909,37.74
A0986,2025-05-12,33.7,5.14,19.28,45.85,0.909,46.45
A0987,2025-04-29,7.0,10.13,18.17,31.89,0.556,20.07
A0987,2025-04-30,7.0,11.61,21.34,37.95,0.556,23.64
A0987,2025-05-01,7.0,9.7,16.03,26.84,0.556,17.53
A0987,2025-05-02,7.0,13.79,23.48,40.04,0.556,25.78
A0987,2025-05-03,7.0,13.78,24.3,42.26,0.556,26.79
A0987,2025-05-04,7.0,10.31,18.44,32.35,0.556,20.38
A0987,2025-05-05,7.0,10.35,17.22,28.95,0.556,18.85
A0987,2025-05-06,7.0,12.2,20.27,34.06,0.556,22.18
A0987,2025-05-07,7.0,11.7,19.63,33.18,0.556,21.51
A0987,2025-05-08,7.0,13.59,22.48,37.66,0.556,24.59
A0987,2025-05-09,7.0,16.27,25.98,42.57,0.556,28.29
A0987,2025-05-10,7.0,14.7,25.26,43.32,0.556,27.77
A0987,2025-05-11,7.0,9.25,16.26,28.25,0.556,17.93
A0987,2025-05-12,7.0,13.63,22.67,38.1,0.556,24.81
A0988,2025-04-29,333.8,5.32,11.47,21.73,0.909,21.97
A0988,2025-04-30,333.8,6.73,14.83,28.35,0.909,28.65
A0988,2025-05-01,333.8,4.49,10.54,20.63,0.909,20.86
A0988,2025-05-02,333.8,6.7,13.93,26.01,0.909,26.29
A0988,2025-05-03,333.8,6.85,15.27,29.34,0.909,29.66
A0988,2025-05-04,333.8,4.67,10.48,20.17,0.909,20.39
A0988,2025-05-05,333.8,5.78,10.7,18.9,0.909,19.09
A0988,2025-05-06,333.8,5.79,11.93,22.18,0.909,22.41
A0988,2025-05-07,333.8,6.06,11.83,21.45,0.909,21.67
A0988,2025-05-08,333.8,6.11,13.31,25.31,0.909,25.59
A0988,2025-05-09,333.8,6.95,14.73,27.72,0.909,28.02
A0988,2025-05-10,333.8,7.33,15.07,28.01,0.909,28.3
A0988,2025-05-11,333.8,4.6,8.87,16.0,0.909,16.16
A0988,2025-05-12,333.8,7.09,13.28,23.61,0.909,23.84
A0989,2025-04-29,28.9,10.65,17.13,27.84,0.909,28.08
A0989,2025-04-30,28.9,16.61,27.53,45.57,0.909,45.98
A0989,2025-05-01,28.9,10.19,16.76,27.63,0.909,27.88
A0989,2025-05-02,28.9,15.14,23.62,37.62,0.909,37.94
A0989,2025-05-03,28.9,14.88,23.38,37.42,0.909,37.74
A0989,2025-05-04,28.9,12.08,19.0,30.44,0.909,30.7
A0989,2025-05-05,28.9,11.39,18.43,30.07,0.909,30.34
A0989,2025-05-06,28.9,10.62,17.12,27.84,0.909,28.09
A0989,2025-05-07,28.9,13.3,22.14,36.73,0.909,37.06
A0989,2025-05-08,28.9,25.64,40.13,64.05,0.909,64.59
A0989,2025-05-09,28.9,29.06,42.6,64.97,0.909,65.48
A0989,2025-05-10,28.9,30.09,45.08,69.83,0.909,70.39
A0989,2025-05-11,28.9,9.16,15.48,25.93,0.909,26.17
A0989,2025-05-12,28.9,11.81,19.83,33.06,0.909,33.37
A0990,2025-04-29,24.0,0.35,4.57,17.88,0.909,18.18
A0990,2025-04-30,24.0,0.48,7.83,31.0,0.909,31.53
A0990,2025-05-01,24.0,0.43,4.86,18.82,0.909,19.14
A0990,2025-05-02,24.0,0.05,6.97,28.8,0.909,29.3
A0990,2025-05-03,24.0,1.32,6.72,23.75,0.909,24.14
A0990,2025-05-04,24.0,0.62,5.19,19.6,0.909,19.93
A0990,2025-05-05,24.0,0.4,5.21,20.36,0.909,20.71
A0990,2025-05-06,24.0,0.76,5.22,19.27,0.909,19.59
A0990,2025-05-07,24.0,0.0,6.71,28.02,0.909,28.5
A0990,2025-05-08,24.0,1.63,5.99,19.72,0.909,20.04
A0990,2025-05-09,24.0,0.0,7.97,33.92,0.909,34.51
A0990,2025-05-10,24.0,1.71,7.45,25.55,0.909,25.96
A0990,2025-05-11,24.0,0.0,5.43,22.88,0.909,23.28
A0990,2025-05-12,24.0,1.27,5.75,19.88,0.909,20.2
A0991,2025-04-29,14.0,156.45,219.36,319.05,0.909,321.32
A0991,2025-04-30,14.0,191.98,276.71,410.98,0.909,414.03
A0991,2025-05-01,14.0,138.25,194.08,282.54,0.909,284.55
A0991,2025-05-02,14.0,167.74,239.75,353.87,0.909,356.47
A0991,2025-05-03,14.0,173.7,243.94,355.23,0.909,357.76
A0991,2025-05-04,14.0,160.77,235.71,354.46,0.909,357.16
A0991,2025-05-05,14.0,138.21,199.16,295.75,0.909,297.95
A0991,2025-05-06,14.0,156.11,218.55,317.51,0.909,319.75
A0991,2025-05-07,14.0,158.87,224.57,328.69,0.909,331.06
A0991,2025-05-08,14.0,175.58,247.72,362.04,0.909,364.64
A0991,2025-05-09,14.0,166.92,237.97,350.56,0.909,353.12
A0991,2025-05-10,14.0,173.08,243.24,354.42,0.909,356.95
A0991,2025-05-11,14.0,134.98,194.38,288.5,0.909,290.64
A0991,2025-05-12,14.0,168.01,242.67,360.97,0.909,363.66
A0992,2025-04-29,318.6,12.79,21.73,35.02,0.909,35.32
A0992,2025-04-30,318.6,19.18,33.46,54.7,0.909,55.18
A0992,2025-05-01,318.6,11.97,20.19,32.4,0.909,32.68
A0992,2025-05-02,318.6,16.69,27.6,43.82,0.909,44.19
A0992,2025-05-03,318.6,16.33,28.15,45.74,0.909,46.13
A0992,2025-05-04,318.6,14.93,25.64,41.56,0.909,41.92
A0992,2025-05-05,318.6,13.48,23.35,38.03,0.909,38.36
A0992,2025-05-06,318.6,12.88,22.11,35.84,0.909,36.15
A0992,2025-05-07,318.6,15.54,27.45,45.14,0.909,45.54
A0992,2025-05-08,318.6,15.49,26.98,44.06,0.909,44.45
A0992,2025-05-09,318.6,16.97,27.74,43.76,0.909,44.12
A0992,2025-05-10,318.6,17.64,30.66,50.0,0.909,50.44
A0992,2025-05-11,318.6,13.14,23.93,39.97,0.909,40.33
A0992,2025-05-12,318.6,15.25,26.33,42.81,0.909,43.18
A0993,2025-04-29,328.7,10.66,17.38,27.71,0.909,27.94
A0993,2025-04-30,328.7,13.23,19.93,30.23,0.909,30.47
A0993,2025-05-01,328.7,10.58,18.56,30.8,0.909,31.08
A0993,2025-05-02,328.7,14.94,22.12,33.16,0.909,33.41
A0993,2025-05-03,328.7,14.71,23.89,37.99,0.909,38.31
A0993,2025-05-04,328.7,9.94,15.7,24.52,0.909,24.72
A0993,2025-05-05,328.7,10.23,18.12,30.23,0.909,30.5
A0993,2025-05-06,328.7,11.68,18.44,28.81,0.909,29.05
A0993,2025-05-07,328.7,11.22,17.61,27.41,0.909,27.63
A0993,2025-05-08,328.7,13.47,21.77,34.51,0.909,34.8
A0993,2025-05-09,328.7,16.07,23.35,34.54,0.909,34.79
A0993,2025-05-10,328.7,15.15,24.29,38.31,0.909,38.63
A0993,2025-05-11,328.7,8.04,13.69,22.38,0.909,22.57
A0993,2025-05-12,328.7,12.26,20.42,32.95,0.909,33.23
A0994,2025-04-29,391.2,59.01,80.72,110.7,0.909,111.38
A0994,2025-04-30,391.2,83.02,107.21,140.61,0.909,141.37
A0994,2025-05-01,391.2,51.09,68.16,91.74,0.909,92.28
A0994,2025-05-02,391.2,68.63,95.55,132.72,0.909,133.57
A0994,2025-05-03,391.2,71.51,99.4,137.92,0.909,138.8
A0994,2025-05-04,391.2,69.79,90.64,119.43,0.909,120.08
A0994,2025-05-05,391.2,55.82,74.8,101.02,0.909,101.62
A0994,2025-05-06,391.2,58.71,80.57,110.76,0.909,111.45
A0994,2025-05-07,391.2,60.74,84.44,117.19,0.909,117.94
A0994,2025-05-08,391.2,64.92,89.9,124.39,0.909,125.18
A0994,2025-05-09,391.2,66.93,93.56,130.34,0.909,131.18
A0994,2025-05-10,391.2,72.2,101.11,141.04,0.909,141.95
A0994,2025-05-11,391.2,53.98,75.41,105.0,0.909,105.68
A0994,2025-05-12,391.2,62.37,86.11,118.9,0.909,119.65
A0995,2025-04-29,386.5,0.0,3.28,9.1,0.909,9.23
A0995,2025-04-30,386.5,0.92,5.61,12.91,0.909,13.08
A0995,2025-05-01,386.5,0.0,3.16,8.86,0.909,8.99
A0995,2025-05-02,386.5,0.0,4.7,12.19,0.909,12.37
A0995,2025-05-03,386.5,0.48,5.49,13.28,0.909,13.46
A0995,2025-05-04,386.5,0.0,3.05,8.72,0.909,8.85
A0995,2025-05-05,386.5,0.79,4.68,10.75,0.909,10.89
A0995,2025-05-06,386.5,0.58,4.32,10.15,0.909,10.28
A0995,2025-05-07,386.5,1.25,5.19,11.32,0.909,11.46
A0995,2025-05-08,386.5,0.22,4.83,12.01,0.909,12.18
A0995,2025-05-09,386.5,0.24,5.06,12.57,0.909,12.74
A0995,2025-05-10,386.5,1.09,6.1,13.91,0.909,14.09
A0995,2025-05-11,386.5,0.54,3.79,8.85,0.909,8.96
A0995,2025-05-12,386.5,0.68,5.25,12.37,0.909,12.53
A0996,2025-04-29,8.1,86.44,125.7,185.77,0.556,134.04
A0996,2025-04-30,8.1,119.46,173.52,256.25,0.556,185.01
A0996,2025-05-01,8.1,79.01,114.56,168.98,0.556,122.12
A0996,2025-05-02,8.1,98.41,145.44,217.42,0.556,155.44
A0996,2025-05-03,8.1,101.25,148.45,220.7,0.556,158.49
A0996,2025-05-04,8.1,99.95,144.01,211.45,0.556,153.38
A0996,2025-05-05,8.1,80.89,120.67,181.55,0.556,129.12
A0996,2025-05-06,8.1,87.17,126.16,185.84,0.556,134.45
A0996,2025-05-07,8.1,86.38,125.02,184.17,0.556,133.24
A0996,2025-05-08,8.1,100.77,142.29,205.84,0.556,151.12
A0996,2025-05-09,8.1,98.18,144.24,214.74,0.556,154.03
A0996,2025-05-10,8.1,103.92,151.45,224.2,0.556,161.56
A0996,2025-05-11,8.1,72.02,104.01,152.95,0.556,110.8
A0996,2025-05-12,8.1,99.92,144.92,213.78,0.556,154.48
A0997,2025-04-29,7.3,51.47,80.21,126.35,0.556,86.62
A0997,2025-04-30,7.3,63.44,96.96,150.78,0.556,104.44
A0997,2025-05-01,7.3,45.74,70.41,110.02,0.556,75.91
A0997,2025-05-02,7.3,61.88,97.1,153.65,0.556,104.95
A0997,2025-05-03,7.3,61.36,96.39,152.63,0.556,104.2
A0997,2025-05-04,7.3,53.48,81.85,127.4,0.556,88.17
A0997,2025-05-05,7.3,47.95,74.1,116.1,0.556,79.93
A0997,2025-05-06,7.3,51.93,80.43,126.2,0.556,86.79
A0997,2025-05-07,7.3,52.59,80.64,125.68,0.556,86.9
A0997,2025-05-08,7.3,58.27,89.85,140.56,0.556,96.9
A0997,2025-05-09,7.3,61.44,95.77,150.89,0.556,103.42
A0997,2025-05-10,7.3,62.21,97.71,154.72,0.556,105.63
A0997,2025-05-11,7.3,44.26,68.67,107.87,0.556,74.12
A0997,2025-05-12,7.3,57.6,88.21,137.37,0.556,95.04
A0998,2025-04-29,6.7,36.21,54.05,83.9,0.556,58.2
A0998,2025-04-30,6.7,51.25,74.35,112.98,0.556,79.71
A0998,2025-05-01,6.7,30.0,47.57,76.97,0.556,51.66
A0998,2025-05-02,6.7,43.85,67.27,106.45,0.556,72.71
A0998,2025-05-03,6.7,44.39,66.78,104.24,0.556,71.98
A0998,2025-05-04,6.7,40.16,59.0,90.53,0.556,63.38
A0998,2025-05-05,6.7,31.47,50.95,83.53,0.556,55.47
A0998,2025-05-06,6.7,35.5,53.47,83.53,0.556,57.64
A0998,2025-05-07,6.7,37.65,57.55,90.85,0.556,62.18
A0998,2025-05-08,6.7,39.84,60.45,94.92,0.556,65.23
A0998,2025-05-09,6.7,43.37,66.78,105.94,0.556,72.22
A0998,2025-05-10,6.7,45.48,68.29,106.45,0.556,73.59
A0998,2025-05-11,6.7,31.48,49.07,78.48,0.556,53.15
A0998,2025-05-12,6.7,38.51,59.88,95.62,0.556,64.85
A0999,2025-04-29,366.3,56.24,75.13,103.46,0.909,104.1
A0999,2025-04-30,366.3,78.66,102.07,137.17,0.909,137.97
A0999,2025-05-01,366.3,49.82,67.26,93.41,0.909,94.0
A0999,2025-05-02,366.3,66.62,87.02,117.62,0.909,118.31
A0999,2025-05-03,366.3,66.51,88.84,122.33,0.909,123.09
A0999,2025-05-04,366.3,66.42,87.19,118.33,0.909,119.03
A0999,2025-05-05,366.3,52.03,71.34,100.29,0.909,100.94
A0999,2025-05-06,366.3,55.19,73.99,102.17,0.909,102.81
A0999,2025-05-07,366.3,58.67,79.1,109.72,0.909,110.42
A0999,2025-05-08,366.3,62.16,81.54,110.6,0.909,111.26
A0999,2025-05-09,366.3,63.76,82.55,110.73,0.909,111.37
A0999,2025-05-10,366.3,67.25,90.78,126.06,0.909,126.87
A0999,2025-05-11,366.3,51.65,69.52,96.31,0.909,96.92
A0999,2025-05-12,366.3,58.44,78.05,107.44,0.909,108.11
