article,date,shelf_life_days,q10,q50,q90,service_level,order_quantity
A0000,2025-04-29,379.0,0.07,5.01,17.18,0.909,17.45
A0000,2025-04-30,379.0,0.71,6.88,20.8,0.909,21.12
A0000,2025-05-01,379.0,0.02,5.26,17.04,0.909,17.31
A0000,2025-05-02,379.0,0.34,6.99,20.77,0.909,21.08
A0000,2025-05-03,379.0,0.45,7.8,22.16,0.909,22.49
A0000,2025-05-04,379.0,4.63,16.86,39.81,0.909,40.34
A0000,2025-05-05,379.0,3.9,15.41,37.16,0.909,37.65
A0000,2025-05-06,379.0,3.57,14.98,36.46,0.909,36.95
A0000,2025-05-07,379.0,3.59,15.14,36.54,0.909,37.02
A0000,2025-05-08,379.0,0.01,6.59,20.08,0.909,20.39
A0000,2025-05-09,379.0,0.09,7.13,21.34,0.909,21.67
A0000,2025-05-10,379.0,0.29,8.21,23.33,0.909,23.67
A0000,2025-05-11,379.0,0.05,7.03,20.66,0.909,20.97
A0000,2025-05-12,379.0,0.38,8.65,24.19,0.909,24.55
A0001,2025-04-29,396.1,2.98,8.25,15.32,0.909,15.48
A0001,2025-04-30,396.1,2.81,7.95,14.85,0.909,15.01
A0001,2025-05-01,396.1,2.94,7.17,12.86,0.909,12.98
A0001,2025-05-02,396.1,3.62,10.37,19.44,0.909,19.65
A0001,2025-05-03,396.1,4.02,9.87,17.74,0.909,17.92
A0001,2025-05-04,396.1,1.97,5.09,9.28,0.909,9.38
A0001,2025-05-05,396.1,3.19,7.84,14.08,0.909,14.22
A0001,2025-05-06,396.1,3.13,7.84,14.17,0.909,14.32
A0001,2025-05-07,396.1,2.52,8.98,17.65,0.909,17.85
A0001,2025-05-08,396.1,3.02,9.17,17.44,0.909,17.62
A0001,2025-05-09,396.1,3.31,11.55,22.62,0.909,22.87
A0001,2025-05-10,396.1,3.84,10.72,19.96,0.909,20.17
A0001,2025-05-11,396.1,2.1,5.65,10.42,0.909,10.53
A0001,2025-05-12,396.1,3.0,8.81,16.61,0.909,16.79
A0002,2025-04-29,5.6,193.23,272.14,362.56,0.556,284.69
A0002,2025-04-30,5.6,226.2,321.62,430.95,0.556,336.8
A0002,2025-05-01,5.6,55.39,79.15,106.37,0.556,82.93
A0002,2025-05-02,5.6,89.45,126.0,167.88,0.556,131.82
A0002,2025-05-03,5.6,89.21,126.01,168.18,0.556,131.86
A0002,2025-05-04,5.6,64.65,89.98,119.01,0.556,94.01
A0002,2025-05-05,5.6,66.17,90.33,118.01,0.556,94.17
A0002,2025-05-06,5.6,77.8,107.63,141.82,0.556,112.38
A0002,2025-05-07,5.6,85.01,115.42,150.27,0.556,120.26
A0002,2025-05-08,5.6,98.95,136.33,179.16,0.556,142.28
A0002,2025-05-09,5.6,111.26,149.41,193.13,0.556,155.49
A0002,2025-05-10,5.6,107.2,145.75,189.93,0.556,151.89
A0002,2025-05-11,5.6,65.96,90.33,118.26,0.556,94.21
A0002,2025-05-12,5.6,91.7,124.07,161.16,0.556,129.22
A0003,2025-04-29,326.4,16.07,25.37,38.07,0.909,38.36
A0003,2025-04-30,326.4,21.97,32.93,47.9,0.909,48.24
A0003,2025-05-01,326.4,14.34,21.34,30.91,0.909,31.13
A0003,2025-05-02,326.4,17.78,27.86,41.63,0.909,41.94
A0003,2025-05-03,326.4,19.91,31.09,46.35,0.909,46.7
A0003,2025-05-04,326.4,17.93,26.92,39.2,0.909,39.48
A0003,2025-05-05,326.4,15.98,24.67,36.53,0.909,36.8
A0003,2025-05-06,326.4,15.31,24.73,37.59,0.909,37.89
A0003,2025-05-07,326.4,15.1,24.77,37.97,0.909,38.27
A0003,2025-05-08,326.4,16.4,25.74,38.5,0.909,38.79
A0003,2025-05-09,326.4,15.46,24.33,36.46,0.909,36.74
A0003,2025-05-10,326.4,17.69,27.61,41.16,0.909,41.47
A0003,2025-05-11,326.4,14.53,22.24,32.77,0.909,33.01
A0003,2025-05-12,326.4,17.13,27.05,40.61,0.909,40.92
A0004,2025-04-29,413.9,13.12,25.11,41.74,0.909,42.11
A0004,2025-04-30,413.9,17.67,28.05,42.43,0.909,42.76
A0004,2025-05-01,413.9,11.94,21.62,35.03,0.909,35.33
A0004,2025-05-02,413.9,14.92,28.42,47.11,0.909,47.53
A0004,2025-05-03,413.9,15.55,30.57,51.4,0.909,51.87
A0004,2025-05-04,413.9,9.87,16.87,26.57,0.909,26.79
A0004,2025-05-05,413.9,12.12,21.87,35.37,0.909,35.68
A0004,2025-05-06,413.9,12.55,23.5,38.67,0.909,39.01
A0004,2025-05-07,413.9,14.63,29.59,50.31,0.909,50.78
A0004,2025-05-08,413.9,15.85,33.08,56.94,0.909,57.49
A0004,2025-05-09,413.9,17.27,36.28,62.62,0.909,63.22
A0004,2025-05-10,413.9,17.88,38.21,66.37,0.909,67.01
A0004,2025-05-11,413.9,11.08,21.13,35.06,0.909,35.38
A0004,2025-05-12,413.9,14.22,27.84,46.72,0.909,47.15
A0005,2025-04-29,7.8,58.24,85.58,119.74,0.556,90.32
A0005,2025-04-30,7.8,71.63,105.71,148.29,0.556,111.62
A0005,2025-05-01,7.8,49.32,72.86,102.29,0.556,76.95
A0005,2025-05-02,7.8,66.95,96.48,133.39,0.556,101.6
A0005,2025-05-03,7.8,67.28,95.62,131.05,0.556,100.55
A0005,2025-05-04,7.8,62.24,90.98,126.89,0.556,95.96
A0005,2025-05-05,7.8,55.7,80.54,111.59,0.556,84.85
A0005,2025-05-06,7.8,59.51,87.03,121.43,0.556,91.81
A0005,2025-05-07,7.8,59.01,83.18,113.39,0.556,87.37
A0005,2025-05-08,7.8,65.55,95.04,131.89,0.556,100.16
A0005,2025-05-09,7.8,67.51,96.97,133.79,0.556,102.08
A0005,2025-05-10,7.8,67.27,95.61,131.04,0.556,100.53
A0005,2025-05-11,7.8,53.62,77.74,107.88,0.556,81.92
A0005,2025-05-12,7.8,63.88,91.88,126.88,0.556,96.74
A0006,2025-04-29,3.2,93.11,144.09,198.62,0.556,151.66
A0006,2025-04-30,3.2,114.36,178.55,247.21,0.556,188.09
A0006,2025-05-01,3.2,82.1,126.45,173.88,0.556,133.04
A0006,2025-05-02,3.2,120.82,186.43,256.6,0.556,196.18
A0006,2025-05-03,3.2,114.01,181.96,254.62,0.556,192.05
A0006,2025-05-04,3.2,78.43,120.48,165.45,0.556,126.73
A0006,2025-05-05,3.2,89.93,138.41,190.25,0.556,145.61
A0006,2025-05-06,3.2,27.88,51.27,76.28,0.556,54.74
A0006,2025-05-07,3.2,24.98,46.35,69.21,0.556,49.52
A0006,2025-05-08,3.2,30.42,56.23,83.84,0.556,60.06
A0006,2025-05-09,3.2,35.05,63.33,93.58,0.556,67.53
A0006,2025-05-10,3.2,38.69,68.43,100.24,0.556,72.85
A0006,2025-05-11,3.2,23.14,40.08,58.2,0.556,42.6
A0006,2025-05-12,3.2,36.07,60.51,86.64,0.556,64.14
A0007,2025-04-29,337.5,97.98,129.34,167.9,0.909,168.78
A0007,2025-04-30,337.5,114.85,147.68,188.04,0.909,188.96
A0007,2025-05-01,337.5,72.89,98.4,129.75,0.909,130.46
A0007,2025-05-02,337.5,116.19,151.55,195.0,0.909,195.99
A0007,2025-05-03,337.5,117.02,155.45,202.68,0.909,203.75
A0007,2025-05-04,337.5,80.36,103.72,132.44,0.909,133.09
A0007,2025-05-05,337.5,83.28,110.87,144.79,0.909,145.56
A0007,2025-05-06,337.5,96.3,127.69,166.28,0.909,167.16
A0007,2025-05-07,337.5,118.54,153.27,195.97,0.909,196.94
A0007,2025-05-08,337.5,123.47,162.34,210.12,0.909,211.2
A0007,2025-05-09,337.5,142.8,182.04,230.28,0.909,231.37
A0007,2025-05-10,337.5,140.23,182.78,235.09,0.909,236.28
A0007,2025-05-11,337.5,83.26,109.79,142.4,0.909,143.14
A0007,2025-05-12,337.5,111.91,146.46,188.93,0.909,189.9
A0008,2025-04-29,5.9,46.51,65.69,93.52,0.556,69.55
A0008,2025-04-30,5.9,57.24,78.38,109.06,0.556,82.64
A0008,2025-05-01,5.9,37.54,51.01,70.55,0.556,53.72
A0008,2025-05-02,5.9,51.77,72.8,103.32,0.556,77.04
A0008,2025-05-03,5.9,51.13,70.11,97.65,0.556,73.93
A0008,2025-05-04,5.9,40.41,57.02,81.12,0.556,60.36
A0008,2025-05-05,5.9,40.64,56.3,79.02,0.556,59.45
A0008,2025-05-06,5.9,44.72,63.79,91.45,0.556,67.63
A0008,2025-05-07,5.9,42.66,59.54,84.04,0.556,62.95
A0008,2025-05-08,5.9,47.17,66.41,94.33,0.556,70.29
A0008,2025-05-09,5.9,52.34,73.71,104.73,0.556,78.02
A0008,2025-05-10,5.9,52.27,71.51,99.42,0.556,75.39
A0008,2025-05-11,5.9,36.68,51.44,72.84,0.556,54.41
A0008,2025-05-12,5.9,47.85,66.92,94.59,0.556,70.76
A0009,2025-04-29,341.9,30.63,48.69,69.51,0.909,69.99
A0009,2025-04-30,341.9,41.32,64.92,92.12,0.909,92.73
A0009,2025-05-01,341.9,28.08,43.39,61.03,0.909,61.43
A0009,2025-05-02,341.9,38.67,59.79,84.14,0.909,84.69
A0009,2025-05-03,341.9,40.45,61.93,86.7,0.909,87.26
A0009,2025-05-04,341.9,27.37,43.35,61.78,0.909,62.2
A0009,2025-05-05,341.9,29.74,46.26,65.29,0.909,65.72
A0009,2025-05-06,341.9,29.58,47.64,68.46,0.909,68.93
A0009,2025-05-07,341.9,31.95,50.0,70.79,0.909,71.27
A0009,2025-05-08,341.9,36.47,56.8,80.22,0.909,80.76
A0009,2025-05-09,341.9,39.38,60.54,84.93,0.909,85.48
A0009,2025-05-10,341.9,41.07,62.58,87.39,0.909,87.95
A0009,2025-05-11,341.9,24.3,38.16,54.14,0.909,54.5
A0009,2025-05-12,341.9,34.65,53.87,76.04,0.909,76.54
A0010,2025-04-29,411.8,4.72,10.14,17.29,0.909,17.45
A0010,2025-04-30,411.8,5.39,10.28,16.73,0.909,16.88
A0010,2025-05-01,411.8,4.18,8.41,13.99,0.909,14.12
A0010,2025-05-02,411.8,5.58,11.55,19.43,0.909,19.61
A0010,2025-05-03,411.8,5.03,10.61,17.97,0.909,18.14
A0010,2025-05-04,411.8,18.6,56.81,107.21,0.909,108.35
A0010,2025-05-05,411.8,24.76,68.08,125.2,0.909,126.5
A0010,2025-05-06,411.8,23.3,69.8,131.13,0.909,132.53
A0010,2025-05-07,411.8,4.85,10.74,18.51,0.909,18.69
A0010,2025-05-08,411.8,5.12,13.22,23.91,0.909,24.15
A0010,2025-05-09,411.8,6.03,14.58,25.85,0.909,26.1
A0010,2025-05-10,411.8,5.59,13.24,23.33,0.909,23.56
A0010,2025-05-11,411.8,4.05,9.48,16.64,0.909,16.8
A0010,2025-05-12,411.8,5.32,12.03,20.87,0.909,21.07
A0011,2025-04-29,2.4,39.07,60.66,85.33,0.556,64.09
A0011,2025-04-30,2.4,53.48,80.08,110.47,0.556,84.3
A0011,2025-05-01,2.4,33.74,54.68,78.62,0.556,58.01
A0011,2025-05-02,2.4,56.87,84.29,115.62,0.556,88.64
A0011,2025-05-03,2.4,59.55,88.55,121.68,0.556,93.15
A0011,2025-05-04,2.4,38.37,54.85,73.68,0.556,57.46
A0011,2025-05-05,2.4,43.02,63.44,86.77,0.556,66.68
A0011,2025-05-06,2.4,43.77,65.45,90.24,0.556,68.9
A0011,2025-05-07,2.4,44.7,65.38,89.02,0.556,68.67
A0011,2025-05-08,2.4,51.88,76.17,103.92,0.556,80.02
A0011,2025-05-09,2.4,59.28,86.19,116.95,0.556,90.46
A0011,2025-05-10,2.4,61.53,90.05,122.65,0.556,94.58
A0011,2025-05-11,2.4,31.29,45.54,61.82,0.556,47.8
A0011,2025-05-12,2.4,50.09,72.18,97.42,0.556,75.68
A0012,2025-04-29,8.0,156.21,224.77,310.13,0.556,236.63
A0012,2025-04-30,8.0,166.55,234.62,319.36,0.556,246.39
A0012,2025-05-01,8.0,122.15,179.69,251.33,0.556,189.64
A0012,2025-05-02,8.0,172.62,244.11,333.11,0.556,256.47
A0012,2025-05-03,8.0,173.81,247.03,338.18,0.556,259.69
A0012,2025-05-04,8.0,151.36,210.48,284.07,0.556,220.7
A0012,2025-05-05,8.0,140.9,199.71,272.93,0.556,209.88
A0012,2025-05-06,8.0,162.78,231.42,316.88,0.556,243.29
A0012,2025-05-07,8.0,165.99,232.22,314.66,0.556,243.67
A0012,2025-05-08,8.0,179.93,253.65,345.43,0.556,266.4
A0012,2025-05-09,8.0,189.7,261.85,351.67,0.556,274.33
A0012,2025-05-10,8.0,188.3,262.2,354.2,0.556,274.98
A0012,2025-05-11,8.0,141.95,200.83,274.12,0.556,211.01
A0012,2025-05-12,8.0,166.96,233.82,317.06,0.556,245.38
A0013,2025-04-29,362.7,9.12,17.85,27.06,0.909,27.27
A0013,2025-04-30,362.7,12.29,23.35,35.03,0.909,35.3
A0013,2025-05-01,362.7,8.95,16.68,24.85,0.909,25.03
A0013,2025-05-02,362.7,11.7,21.08,31.0,0.909,31.23
A0013,2025-05-03,362.7,11.71,21.98,32.82,0.909,33.07
A0013,2025-05-04,362.7,11.14,21.06,31.53,0.909,31.77
A0013,2025-05-05,362.7,10.73,18.66,27.04,0.909,27.23
A0013,2025-05-06,362.7,10.48,19.81,29.66,0.909,29.88
A0013,2025-05-07,362.7,8.99,16.66,24.76,0.909,24.94
A0013,2025-05-08,362.7,9.49,17.76,26.5,0.909,26.7
A0013,2025-05-09,362.7,10.66,18.64,27.07,0.909,27.26
A0013,2025-05-10,362.7,10.79,19.8,29.3,0.909,29.52
A0013,2025-05-11,362.7,8.53,16.32,24.55,0.909,24.73
A0013,2025-05-12,362.7,10.38,18.46,27.01,0.909,27.2
A0014,2025-04-29,6.6,75.78,110.87,153.04,0.556,116.73
A0014,2025-04-30,6.6,89.92,140.94,202.27,0.556,149.46
A0014,2025-05-01,6.6,66.98,100.01,139.72,0.556,105.53
A0014,2025-05-02,6.6,93.22,136.32,188.13,0.556,143.52
A0014,2025-05-03,6.6,89.8,132.34,183.47,0.556,139.44
A0014,2025-05-04,6.6,84.88,127.63,179.02,0.556,134.76
A0014,2025-05-05,6.6,76.96,112.67,155.59,0.556,118.63
A0014,2025-05-06,6.6,83.89,118.77,160.7,0.556,124.59
A0014,2025-05-07,6.6,81.01,118.92,164.5,0.556,125.25
A0014,2025-05-08,6.6,89.59,131.7,182.31,0.556,138.73
A0014,2025-05-09,6.6,97.01,140.59,192.97,0.556,147.86
A0014,2025-05-10,6.6,92.57,135.48,187.07,0.556,142.65
A0014,2025-05-11,6.6,75.03,111.46,155.26,0.556,117.55
A0014,2025-05-12,6.6,87.05,127.82,176.82,0.556,134.62
A0015,2025-04-29,406.1,5.09,10.53,18.19,0.909,18.37
A0015,2025-04-30,406.1,6.34,12.62,21.48,0.909,21.68
A0015,2025-05-01,406.1,4.53,7.85,12.53,0.909,12.63
A0015,2025-05-02,406.1,5.35,11.87,21.04,0.909,21.25
A0015,2025-05-03,406.1,5.88,12.66,22.21,0.909,22.43
A0015,2025-05-04,406.1,4.61,8.63,14.3,0.909,14.43
A0015,2025-05-05,406.1,4.92,8.89,14.48,0.909,14.61
A0015,2025-05-06,406.1,4.73,10.0,17.43,0.909,17.6
A0015,2025-05-07,406.1,5.51,11.35,19.57,0.909,19.75
A0015,2025-05-08,406.1,5.68,11.96,20.82,0.909,21.02
A0015,2025-05-09,406.1,6.22,13.46,23.66,0.909,23.89
A0015,2025-05-10,406.1,6.74,14.17,24.63,0.909,24.87
A0015,2025-05-11,406.1,4.8,8.86,14.57,0.909,14.7
A0015,2025-05-12,406.1,5.7,11.35,19.31,0.909,19.49
A0016,2025-04-29,5.6,17.98,25.64,36.11,0.556,27.09
A0016,2025-04-30,5.6,20.57,30.96,45.18,0.556,32.94
A0016,2025-05-01,5.6,14.46,21.75,31.73,0.556,23.14
A0016,2025-05-02,5.6,28.33,42.63,62.18,0.556,45.34
A0016,2025-05-03,5.6,26.4,40.82,60.53,0.556,43.56
A0016,2025-05-04,5.6,19.68,31.18,46.89,0.556,33.36
A0016,2025-05-05,5.6,20.1,32.0,48.26,0.556,34.26
A0016,2025-05-06,5.6,22.35,33.42,48.55,0.556,35.52
A0016,2025-05-07,5.6,23.91,34.93,50.0,0.556,37.02
A0016,2025-05-08,5.6,17.63,26.13,37.76,0.556,27.75
A0016,2025-05-09,5.6,19.43,29.29,42.78,0.556,31.16
A0016,2025-05-10,5.6,19.44,29.33,42.86,0.556,31.21
A0016,2025-05-11,5.6,13.65,20.16,29.07,0.556,21.4
A0016,2025-05-12,5.6,18.34,27.13,39.13,0.556,28.79
A0017,2025-04-29,6.8,59.35,87.83,122.55,0.556,92.65
A0017,2025-04-30,6.8,67.69,93.43,124.82,0.556,97.79
A0017,2025-05-01,6.8,50.76,75.68,106.07,0.556,79.9
A0017,2025-05-02,6.8,74.98,111.31,155.6,0.556,117.46
A0017,2025-05-03,6.8,75.22,111.45,155.63,0.556,117.59
A0017,2025-05-04,6.8,57.92,79.39,105.58,0.556,83.03
A0017,2025-05-05,6.8,56.94,82.46,113.58,0.556,86.78
A0017,2025-05-06,6.8,60.3,86.99,119.54,0.556,91.51
A0017,2025-05-07,6.8,62.17,90.09,124.14,0.556,94.82
A0017,2025-05-08,6.8,69.16,100.91,139.63,0.556,106.29
A0017,2025-05-09,6.8,78.13,115.88,161.92,0.556,122.28
A0017,2025-05-10,6.8,77.78,114.57,159.42,0.556,120.8
A0017,2025-05-11,6.8,50.82,72.19,98.24,0.556,75.81
A0017,2025-05-12,6.8,67.81,98.47,135.85,0.556,103.66
A0018,2025-04-29,308.0,5.35,10.32,17.63,0.909,17.8
A0018,2025-04-30,308.0,5.94,12.06,21.07,0.909,21.28
A0018,2025-05-01,308.0,5.07,10.02,17.3,0.909,17.46
A0018,2025-05-02,308.0,6.14,12.69,22.32,0.909,22.54
A0018,2025-05-03,308.0,6.5,13.6,24.03,0.909,24.27
A0018,2025-05-04,308.0,6.12,12.08,20.85,0.909,21.05
A0018,2025-05-05,308.0,6.12,11.54,19.51,0.909,19.7
A0018,2025-05-06,308.0,5.18,10.4,18.08,0.909,18.26
A0018,2025-05-07,308.0,5.19,10.05,17.22,0.909,17.38
A0018,2025-05-08,308.0,5.41,10.74,18.58,0.909,18.76
A0018,2025-05-09,308.0,5.99,11.46,19.5,0.909,19.68
A0018,2025-05-10,308.0,6.63,12.68,21.59,0.909,21.79
A0018,2025-05-11,308.0,5.33,10.27,17.54,0.909,17.7
A0018,2025-05-12,308.0,6.65,12.12,20.17,0.909,20.35
A0019,2025-04-29,296.2,11.18,18.07,27.6,0.909,27.82
A0019,2025-04-30,296.2,12.65,22.4,35.87,0.909,36.18
A0019,2025-05-01,296.2,9.74,15.08,22.47,0.909,22.64
A0019,2025-05-02,296.2,12.66,20.74,31.9,0.909,32.15
A0019,2025-05-03,296.2,12.43,20.72,32.19,0.909,32.45
A0019,2025-05-04,296.2,11.31,19.1,29.87,0.909,30.12
A0019,2025-05-05,296.2,10.82,17.4,26.48,0.909,26.69
A0019,2025-05-06,296.2,10.69,17.58,27.1,0.909,27.31
A0019,2025-05-07,296.2,10.11,17.27,27.16,0.909,27.39
A0019,2025-05-08,296.2,10.78,17.45,26.67,0.909,26.88
A0019,2025-05-09,296.2,12.0,19.54,29.96,0.909,30.19
A0019,2025-05-10,296.2,11.93,19.68,30.41,0.909,30.65
A0019,2025-05-11,296.2,10.05,16.31,24.97,0.909,25.17
A0019,2025-05-12,296.2,12.12,19.41,29.49,0.909,29.71
A0020,2025-04-29,2.9,30.38,46.59,69.76,0.556,49.81
A0020,2025-04-30,2.9,40.34,58.53,84.55,0.556,62.14
A0020,2025-05-01,2.9,28.29,41.29,59.87,0.556,43.87
A0020,2025-05-02,2.9,40.38,60.82,90.05,0.556,64.88
A0020,2025-05-03,2.9,40.34,60.1,88.36,0.556,64.03
A0020,2025-05-04,2.9,28.3,40.22,57.27,0.556,42.59
A0020,2025-05-05,2.9,31.9,47.11,68.86,0.556,50.13
A0020,2025-05-06,2.9,32.32,48.53,71.72,0.556,51.75
A0020,2025-05-07,2.9,30.36,45.3,66.67,0.556,48.27
A0020,2025-05-08,2.9,36.49,53.5,77.81,0.556,56.87
A0020,2025-05-09,2.9,39.34,59.74,88.91,0.556,63.79
A0020,2025-05-10,2.9,39.43,59.16,87.37,0.556,63.08
A0020,2025-05-11,2.9,23.46,34.18,49.5,0.556,36.3
A0020,2025-05-12,2.9,35.45,53.01,78.13,0.556,56.5
A0021,2025-04-29,4.6,131.74,189.25,259.3,0.556,198.98
A0021,2025-04-30,4.6,176.96,255.81,351.86,0.556,269.15
A0021,2025-05-01,4.6,106.5,148.22,199.03,0.556,155.28
A0021,2025-05-02,4.6,145.07,207.58,283.73,0.556,218.16
A0021,2025-05-03,4.6,147.28,206.67,279.01,0.556,216.71
A0021,2025-05-04,4.6,133.59,191.56,262.18,0.556,201.37
A0021,2025-05-05,4.6,115.19,162.41,219.94,0.556,170.4
A0021,2025-05-06,4.6,130.47,189.68,261.8,0.556,199.69
A0021,2025-05-07,4.6,133.09,186.84,252.32,0.556,195.94
A0021,2025-05-08,4.6,147.37,207.68,281.14,0.556,217.88
A0021,2025-05-09,4.6,161.4,224.27,300.85,0.556,234.9
A0021,2025-05-10,4.6,161.3,221.63,295.12,0.556,231.84
A0021,2025-05-11,4.6,118.29,165.25,222.46,0.556,173.2
A0021,2025-05-12,4.6,140.37,200.36,273.43,0.556,210.51
A0022,2025-04-29,350.1,38.75,54.12,69.93,0.909,70.29
A0022,2025-04-30,350.1,47.01,64.63,82.76,0.909,83.17
A0022,2025-05-01,350.1,32.61,45.7,59.16,0.909,59.47
A0022,2025-05-02,350.1,46.45,66.35,86.82,0.909,87.28
A0022,2025-05-03,350.1,47.62,66.97,86.88,0.909,87.33
A0022,2025-05-04,350.1,32.52,44.94,57.73,0.909,58.02
A0022,2025-05-05,350.1,35.94,49.72,63.9,0.909,64.22
A0022,2025-05-06,350.1,38.09,52.46,67.25,0.909,67.59
A0022,2025-05-07,350.1,41.32,59.6,78.4,0.909,78.82
A0022,2025-05-08,350.1,45.8,63.48,81.67,0.909,82.09
A0022,2025-05-09,350.1,50.68,72.95,95.86,0.909,96.38
A0022,2025-05-10,350.1,51.66,72.76,94.48,0.909,94.98
A0022,2025-05-11,350.1,32.35,44.97,57.96,0.909,58.26
A0022,2025-05-12,350.1,44.72,61.54,78.85,0.909,79.25
A0023,2025-04-29,6.7,59.64,83.47,116.55,0.556,88.06
A0023,2025-04-30,6.7,71.66,99.83,138.95,0.556,105.26
A0023,2025-05-01,6.7,51.21,73.52,104.5,0.556,77.82
A0023,2025-05-02,6.7,73.62,105.81,150.5,0.556,112.02
A0023,2025-05-03,6.7,73.23,103.64,145.87,0.556,109.51
A0023,2025-05-04,6.7,51.32,72.97,103.03,0.556,77.15
A0023,2025-05-05,6.7,58.11,83.24,118.12,0.556,88.08
A0023,2025-05-06,6.7,59.78,83.35,116.09,0.556,87.9
A0023,2025-05-07,6.7,62.35,87.26,121.84,0.556,92.06
A0023,2025-05-08,6.7,70.89,98.02,135.69,0.556,103.25
A0023,2025-05-09,6.7,78.51,112.26,159.12,0.556,118.77
A0023,2025-05-10,6.7,78.93,110.66,154.71,0.556,116.77
A0023,2025-05-11,6.7,49.13,70.01,99.01,0.556,74.04
A0023,2025-05-12,6.7,69.39,97.29,136.02,0.556,102.67
A0024,2025-04-29,350.6,4.8,9.44,16.69,0.909,16.86
A0024,2025-04-30,350.6,5.44,11.05,19.81,0.909,20.01
A0024,2025-05-01,350.6,4.24,7.59,12.84,0.909,12.96
A0024,2025-05-02,350.6,5.1,10.56,19.11,0.909,19.31
A0024,2025-05-03,350.6,4.99,11.01,20.43,0.909,20.64
A0024,2025-05-04,350.6,3.89,7.47,13.06,0.909,13.19
A0024,2025-05-05,350.6,4.08,7.96,14.04,0.909,14.18
A0024,2025-05-06,350.6,4.45,8.63,15.17,0.909,15.32
A0024,2025-05-07,350.6,4.89,11.0,20.57,0.909,20.79
A0024,2025-05-08,350.6,5.52,11.5,20.84,0.909,21.06
A0024,2025-05-09,350.6,5.99,12.99,23.94,0.909,24.19
A0024,2025-05-10,350.6,5.64,13.03,24.58,0.909,24.84
A0024,2025-05-11,350.6,4.26,8.24,14.47,0.909,14.61
A0024,2025-05-12,350.6,4.78,10.2,18.68,0.909,18.87
A0025,2025-04-29,7.1,40.59,53.95,64.56,0.556,55.42
A0025,2025-04-30,7.1,48.65,60.47,69.85,0.556,61.77
A0025,2025-05-01,7.1,36.09,47.07,55.78,0.556,48.28
A0025,2025-05-02,7.1,46.88,63.15,76.06,0.556,64.94
A0025,2025-05-03,7.1,47.52,63.24,75.72,0.556,64.97
A0025,2025-05-04,7.1,41.16,55.13,66.22,0.556,56.67
A0025,2025-05-05,7.1,39.32,50.65,59.65,0.556,51.9
A0025,2025-05-06,7.1,42.01,53.98,63.48,0.556,55.3
A0025,2025-05-07,7.1,43.0,55.24,64.95,0.556,56.59
A0025,2025-05-08,7.1,48.58,58.62,66.58,0.556,59.72
A0025,2025-05-09,7.1,49.65,64.49,76.28,0.556,66.13
A0025,2025-05-10,7.1,49.91,63.83,74.88,0.556,65.37
A0025,2025-05-11,7.1,38.0,49.13,57.96,0.556,50.35
A0025,2025-05-12,7.1,46.01,56.87,65.5,0.556,58.07
A0026,2025-04-29,31.2,8.37,14.29,23.18,0.909,23.39
A0026,2025-04-30,31.2,12.08,19.51,30.69,0.909,30.94
A0026,2025-05-01,31.2,7.56,12.25,19.29,0.909,19.45
A0026,2025-05-02,31.2,10.75,16.92,26.19,0.909,26.4
A0026,2025-05-03,31.2,10.64,17.0,26.56,0.909,26.78
A0026,2025-05-04,31.2,6.38,11.75,19.83,0.909,20.01
A0026,2025-05-05,31.2,7.85,13.33,21.58,0.909,21.77
A0026,2025-05-06,31.2,8.51,13.93,22.09,0.909,22.27
A0026,2025-05-07,31.2,9.66,17.17,28.47,0.909,28.72
A0026,2025-05-08,31.2,9.9,16.52,26.48,0.909,26.71
A0026,2025-05-09,31.2,10.94,18.96,31.02,0.909,31.3
A0026,2025-05-10,31.2,11.13,19.08,31.01,0.909,31.29
A0026,2025-05-11,31.2,6.43,12.4,21.37,0.909,21.57
A0026,2025-05-12,31.2,8.86,15.69,25.95,0.909,26.18
A0027,2025-04-29,7.3,134.7,184.16,257.5,0.556,194.34
A0027,2025-04-30,7.3,168.71,228.43,316.99,0.556,240.73
A0027,2025-05-01,7.3,113.21,157.41,222.96,0.556,166.52
A0027,2025-05-02,7.3,153.73,214.79,305.34,0.556,227.36
A0027,2025-05-03,7.3,155.78,211.92,295.17,0.556,223.48
A0027,2025-05-04,7.3,142.39,196.66,277.14,0.556,207.84
A0027,2025-05-05,7.3,122.79,168.35,235.9,0.556,177.73
A0027,2025-05-06,7.3,135.43,184.94,258.36,0.556,195.13
A0027,2025-05-07,7.3,131.54,181.33,255.17,0.556,191.58
A0027,2025-05-08,7.3,144.16,200.13,283.14,0.556,211.66
A0027,2025-05-09,7.3,151.82,212.75,303.1,0.556,225.3
A0027,2025-05-10,7.3,156.68,212.72,295.83,0.556,224.27
A0027,2025-05-11,7.3,125.25,174.48,247.5,0.556,184.63
A0027,2025-05-12,7.3,141.2,192.86,269.47,0.556,203.5
A0028,2025-04-29,4.9,172.41,231.84,313.23,0.556,243.14
A0028,2025-04-30,4.9,232.47,302.68,398.84,0.556,316.04
A0028,2025-05-01,4.9,100.39,135.46,183.49,0.556,142.13
A0028,2025-05-02,4.9,168.74,231.33,317.06,0.556,243.24
A0028,2025-05-03,4.9,169.67,226.15,303.51,0.556,236.9
A0028,2025-05-04,4.9,134.13,178.85,240.1,0.556,187.36
A0028,2025-05-05,4.9,122.48,164.03,220.94,0.556,171.93
A0028,2025-05-06,4.9,132.01,180.32,246.5,0.556,189.51
A0028,2025-05-07,4.9,146.0,195.5,263.29,0.556,204.92
A0028,2025-05-08,4.9,160.91,211.81,281.53,0.556,221.5
A0028,2025-05-09,4.9,187.24,250.93,338.16,0.556,263.04
A0028,2025-05-10,4.9,185.05,242.31,320.73,0.556,253.2
A0028,2025-05-11,4.9,113.97,154.73,210.55,0.556,162.48
A0028,2025-05-12,4.9,157.91,210.47,282.46,0.556,220.47
A0029,2025-04-29,27.3,5.13,11.56,22.12,0.909,22.36
A0029,2025-04-30,27.3,7.43,13.73,24.07,0.909,24.31
A0029,2025-05-01,27.3,5.08,10.42,19.18,0.909,19.38
A0029,2025-05-02,27.3,5.58,11.45,21.1,0.909,21.31
A0029,2025-05-03,27.3,5.96,12.47,23.16,0.909,23.4
A0029,2025-05-04,27.3,4.24,9.32,17.68,0.909,17.87
A0029,2025-05-05,27.3,4.65,10.8,20.9,0.909,21.13
A0029,2025-05-06,27.3,4.92,10.78,20.42,0.909,20.64
A0029,2025-05-07,27.3,5.03,13.07,26.29,0.909,26.59
A0029,2025-05-08,27.3,5.88,13.83,26.88,0.909,27.17
A0029,2025-05-09,27.3,5.63,13.69,26.93,0.909,27.23
A0029,2025-05-10,27.3,6.19,14.77,28.87,0.909,29.19
A0029,2025-05-11,27.3,4.21,10.9,21.91,0.909,22.16
A0029,2025-05-12,27.3,5.09,12.92,25.77,0.909,26.06
A0030,2025-04-29,352.9,31.05,41.63,54.86,0.909,55.16
A0030,2025-04-30,352.9,37.77,54.26,74.9,0.909,75.37
A0030,2025-05-01,352.9,27.06,35.24,45.48,0.909,45.72
A0030,2025-05-02,352.9,36.86,50.95,68.59,0.909,68.99
A0030,2025-05-03,352.9,39.11,52.68,69.66,0.909,70.05
A0030,2025-05-04,352.9,27.06,37.29,50.08,0.909,50.38
A0030,2025-05-05,352.9,28.99,37.67,48.52,0.909,48.77
A0030,2025-05-06,352.9,31.86,42.13,54.98,0.909,55.28
A0030,2025-05-07,352.9,33.5,45.32,60.12,0.909,60.45
A0030,2025-05-08,352.9,36.87,48.93,64.0,0.909,64.35
A0030,2025-05-09,352.9,39.87,54.79,73.44,0.909,73.86
A0030,2025-05-10,352.9,42.07,56.27,74.04,0.909,74.44
A0030,2025-05-11,352.9,27.07,35.51,46.09,0.909,46.33
A0030,2025-05-12,352.9,35.68,46.65,60.37,0.909,60.68
A0031,2025-04-29,34.2,4.85,15.56,38.8,0.909,39.33
A0031,2025-04-30,34.2,5.79,18.02,43.03,0.909,43.6
A0031,2025-05-01,34.2,3.41,13.12,32.86,0.909,33.31
A0031,2025-05-02,34.2,5.81,18.94,45.31,0.909,45.91
A0031,2025-05-03,34.2,0.23,7.08,20.05,0.909,20.34
A0031,2025-05-04,34.2,0.0,5.46,16.92,0.909,17.18
A0031,2025-05-05,34.2,0.26,6.53,18.96,0.909,19.24
A0031,2025-05-06,34.2,0.33,7.21,20.38,0.909,20.68
A0031,2025-05-07,34.2,0.51,7.92,21.73,0.909,22.04
A0031,2025-05-08,34.2,5.19,18.9,43.58,0.909,44.14
A0031,2025-05-09,34.2,5.51,20.38,47.4,0.909,48.02
A0031,2025-05-10,34.2,5.19,20.03,46.44,0.909,47.04
A0031,2025-05-11,34.2,0.05,6.73,19.51,0.909,19.8
A0031,2025-05-12,34.2,0.64,8.75,23.53,0.909,23.87
A0032,2025-04-29,31.6,12.7,21.89,34.62,0.909,34.91
A0032,2025-04-30,31.6,15.08,24.51,37.56,0.909,37.86
A0032,2025-05-01,31.6,11.61,19.78,31.1,0.909,31.35
A0032,2025-05-02,31.6,14.96,24.4,37.49,0.909,37.79
A0032,2025-05-03,31.6,15.89,25.67,39.22,0.909,39.52
A0032,2025-05-04,31.6,10.91,19.05,30.32,0.909,30.58
A0032,2025-05-05,31.6,12.87,21.48,33.41,0.909,33.68
A0032,2025-05-06,31.6,13.35,22.23,34.53,0.909,34.81
A0032,2025-05-07,31.6,13.91,23.87,37.67,0.909,37.98
A0032,2025-05-08,31.6,14.95,25.63,40.42,0.909,40.76
A0032,2025-05-09,31.6,15.91,26.77,41.82,0.909,42.16
A0032,2025-05-10,31.6,16.89,27.95,43.28,0.909,43.63
A0032,2025-05-11,31.6,11.32,20.35,32.85,0.909,33.14
A0032,2025-05-12,31.6,14.11,24.15,38.07,0.909,38.39
A0033,2025-04-29,3.2,15.54,25.2,38.22,0.556,27.01
A0033,2025-04-30,3.2,22.8,36.74,55.53,0.556,39.35
A0033,2025-05-01,3.2,15.42,24.96,37.83,0.556,26.75
A0033,2025-05-02,3.2,21.95,35.87,54.65,0.556,38.48
A0033,2025-05-03,3.2,23.15,36.89,55.42,0.556,39.46
A0033,2025-05-04,3.2,14.82,23.71,35.71,0.556,25.38
A0033,2025-05-05,3.2,18.06,28.76,43.18,0.556,30.76
A0033,2025-05-06,3.2,17.2,27.02,40.25,0.556,28.85
A0033,2025-05-07,3.2,15.57,25.59,39.09,0.556,27.46
A0033,2025-05-08,3.2,18.28,29.45,44.51,0.556,31.54
A0033,2025-05-09,3.2,19.38,33.05,51.48,0.556,35.61
A0033,2025-05-10,3.2,21.43,35.0,53.3,0.556,37.54
A0033,2025-05-11,3.2,11.6,19.12,29.24,0.556,20.52
A0033,2025-05-12,3.2,18.72,30.32,45.96,0.556,32.49
A0034,2025-04-29,340.4,5.19,9.57,14.55,0.909,14.67
A0034,2025-04-30,340.4,6.14,13.24,21.33,0.909,21.52
A0034,2025-05-01,340.4,4.78,8.38,12.48,0.909,12.57
A0034,2025-05-02,340.4,6.27,11.5,17.47,0.909,17.61
A0034,2025-05-03,340.4,6.84,12.73,19.45,0.909,19.6
A0034,2025-05-04,340.4,6.87,13.2,20.42,0.909,20.58
A0034,2025-05-05,340.4,6.28,10.85,16.06,0.909,16.18
A0034,2025-05-06,340.4,6.1,10.63,15.8,0.909,15.92
A0034,2025-05-07,340.4,4.89,8.92,13.52,0.909,13.63
A0034,2025-05-08,340.4,4.71,8.43,12.67,0.909,12.77
A0034,2025-05-09,340.4,4.86,9.02,13.76,0.909,13.87
A0034,2025-05-10,340.4,5.58,10.37,15.82,0.909,15.94
A0034,2025-05-11,340.4,5.02,9.05,13.65,0.909,13.76
A0034,2025-05-12,340.4,5.73,10.29,15.48,0.909,15.6
A0035,2025-04-29,321.6,32.99,48.41,68.91,0.909,69.38
A0035,2025-04-30,321.6,42.03,59.32,82.32,0.909,82.84
A0035,2025-05-01,321.6,30.57,45.33,64.96,0.909,65.4
A0035,2025-05-02,321.6,42.81,62.02,87.57,0.909,88.15
A0035,2025-05-03,321.6,41.26,60.18,85.33,0.909,85.9
A0035,2025-05-04,321.6,29.51,42.94,60.81,0.909,61.21
A0035,2025-05-05,321.6,31.76,46.18,65.34,0.909,65.78
A0035,2025-05-06,321.6,33.7,48.71,68.67,0.909,69.12
A0035,2025-05-07,321.6,33.93,49.56,70.35,0.909,70.83
A0035,2025-05-08,321.6,41.04,59.81,84.77,0.909,85.33
A0035,2025-05-09,321.6,42.81,61.95,87.39,0.909,87.97
A0035,2025-05-10,321.6,41.25,59.93,84.76,0.909,85.33
A0035,2025-05-11,321.6,25.44,37.6,53.77,0.909,54.14
A0035,2025-05-12,321.6,36.83,53.26,75.11,0.909,75.61
A0036,2025-04-29,5.3,3.93,18.17,39.87,0.556,21.18
A0036,2025-04-30,5.3,5.32,21.89,46.56,0.556,25.31
A0036,2025-05-01,5.3,3.41,16.99,37.45,0.556,19.83
A0036,2025-05-02,5.3,5.5,22.21,47.31,0.556,25.7
A0036,2025-05-03,5.3,5.89,23.02,48.48,0.556,26.56
A0036,2025-05-04,5.3,3.38,16.32,36.44,0.556,19.12
A0036,2025-05-05,5.3,4.56,19.23,41.65,0.556,22.35
A0036,2025-05-06,5.3,4.81,19.97,43.2,0.556,23.2
A0036,2025-05-07,5.3,5.27,21.14,45.28,0.556,24.49
A0036,2025-05-08,5.3,6.06,22.9,48.55,0.556,26.46
A0036,2025-05-09,5.3,6.78,24.72,52.26,0.556,28.55
A0036,2025-05-10,5.3,21.82,60.85,119.27,0.556,68.97
A0036,2025-05-11,5.3,13.93,40.14,80.97,0.556,45.81
A0036,2025-05-12,5.3,19.03,52.78,105.65,0.556,60.13
A0037,2025-04-29,154.3,23.07,36.3,51.71,0.909,52.06
A0037,2025-04-30,154.3,26.76,41.45,58.55,0.909,58.94
A0037,2025-05-01,154.3,17.98,27.62,38.85,0.909,39.11
A0037,2025-05-02,154.3,26.52,41.75,59.48,0.909,59.89
A0037,2025-05-03,154.3,25.43,40.13,57.25,0.909,57.64
A0037,2025-05-04,154.3,18.29,27.99,39.29,0.909,39.54
A0037,2025-05-05,154.3,20.28,31.35,44.24,0.909,44.53
A0037,2025-05-06,154.3,23.43,36.97,52.74,0.909,53.1
A0037,2025-05-07,154.3,23.3,35.57,49.85,0.909,50.18
A0037,2025-05-08,154.3,26.45,40.41,56.67,0.909,57.04
A0037,2025-05-09,154.3,27.75,42.94,60.62,0.909,61.02
A0037,2025-05-10,154.3,27.07,41.86,59.07,0.909,59.46
A0037,2025-05-11,154.3,17.21,26.36,37.02,0.909,37.26
A0037,2025-05-12,154.3,24.41,37.8,53.38,0.909,53.74
A0038,2025-04-29,321.5,13.19,20.46,29.63,0.909,29.84
A0038,2025-04-30,321.5,17.46,25.96,36.69,0.909,36.93
A0038,2025-05-01,321.5,12.36,20.61,31.01,0.909,31.24
A0038,2025-05-02,321.5,15.62,24.23,35.09,0.909,35.33
A0038,2025-05-03,321.5,17.54,27.05,39.04,0.909,39.31
A0038,2025-05-04,321.5,14.2,21.98,31.78,0.909,32.0
A0038,2025-05-05,321.5,13.15,20.78,30.39,0.909,30.61
A0038,2025-05-06,321.5,12.84,20.45,30.04,0.909,30.26
A0038,2025-05-07,321.5,12.39,19.07,27.49,0.909,27.68
A0038,2025-05-08,321.5,14.03,21.51,30.94,0.909,31.15
A0038,2025-05-09,321.5,15.29,22.77,32.21,0.909,32.42
A0038,2025-05-10,321.5,17.36,25.8,36.44,0.909,36.68
A0038,2025-05-11,321.5,11.48,17.85,25.88,0.909,26.06
A0038,2025-05-12,321.5,14.03,21.12,30.06,0.909,30.27
A0039,2025-04-29,402.1,9.36,18.34,30.98,0.909,31.27
A0039,2025-04-30,402.1,11.04,22.0,37.44,0.909,37.79
A0039,2025-05-01,402.1,9.63,15.06,22.71,0.909,22.89
A0039,2025-05-02,402.1,11.0,20.68,34.3,0.909,34.61
A0039,2025-05-03,402.1,11.44,20.9,34.22,0.909,34.52
A0039,2025-05-04,402.1,7.66,14.68,24.56,0.909,24.79
A0039,2025-05-05,402.1,9.7,15.96,24.77,0.909,24.97
A0039,2025-05-06,402.1,9.21,17.7,29.64,0.909,29.92
A0039,2025-05-07,402.1,10.45,20.22,33.97,0.909,34.28
A0039,2025-05-08,402.1,11.12,22.13,37.63,0.909,37.98
A0039,2025-05-09,402.1,11.77,24.66,42.8,0.909,43.21
A0039,2025-05-10,402.1,12.33,24.58,41.81,0.909,42.2
A0039,2025-05-11,402.1,8.32,16.2,27.29,0.909,27.54
A0039,2025-05-12,402.1,10.77,20.13,33.31,0.909,33.61
A0040,2025-04-29,5.3,17.59,27.83,40.33,0.556,29.56
A0040,2025-04-30,5.3,19.93,32.98,48.91,0.556,35.19
A0040,2025-05-01,5.3,13.82,22.32,32.7,0.556,23.76
A0040,2025-05-02,5.3,21.79,35.77,52.84,0.556,38.14
A0040,2025-05-03,5.3,22.24,35.42,51.52,0.556,37.66
A0040,2025-05-04,5.3,14.31,23.61,34.98,0.556,25.19
A0040,2025-05-05,5.3,16.73,26.48,38.39,0.556,28.14
A0040,2025-05-06,5.3,16.66,26.37,38.22,0.556,28.02
A0040,2025-05-07,5.3,17.95,29.56,43.75,0.556,31.53
A0040,2025-05-08,5.3,19.15,32.02,47.72,0.556,34.2
A0040,2025-05-09,5.3,23.57,38.72,57.21,0.556,41.29
A0040,2025-05-10,5.3,24.32,38.33,55.42,0.556,40.7
A0040,2025-05-11,5.3,13.88,22.54,33.11,0.556,24.01
A0040,2025-05-12,5.3,20.74,32.91,47.78,0.556,34.98
A0041,2025-04-29,353.8,7.81,15.88,26.13,0.909,26.36
A0041,2025-04-30,353.8,9.76,17.46,27.24,0.909,27.47
A0041,2025-05-01,353.8,7.36,12.73,19.55,0.909,19.7
A0041,2025-05-02,353.8,9.06,18.2,29.81,0.909,30.07
A0041,2025-05-03,353.8,9.45,19.08,31.32,0.909,31.6
A0041,2025-05-04,353.8,5.75,10.8,17.23,0.909,17.37
A0041,2025-05-05,353.8,7.39,13.27,20.74,0.909,20.91
A0041,2025-05-06,353.8,7.59,14.88,24.14,0.909,24.35
A0041,2025-05-07,353.8,8.9,18.15,29.9,0.909,30.16
A0041,2025-05-08,353.8,10.18,20.2,32.94,0.909,33.23
A0041,2025-05-09,353.8,10.4,21.85,36.39,0.909,36.73
A0041,2025-05-10,353.8,10.76,22.29,36.94,0.909,37.27
A0041,2025-05-11,353.8,6.35,12.21,19.65,0.909,19.82
A0041,2025-05-12,353.8,8.58,17.08,27.87,0.909,28.12
A0042,2025-04-29,361.6,14.64,24.98,40.94,0.909,41.3
A0042,2025-04-30,361.6,19.82,34.97,58.39,0.909,58.92
A0042,2025-05-01,361.6,6.01,10.25,16.8,0.909,16.94
A0042,2025-05-02,361.6,7.97,14.38,24.29,0.909,24.52
A0042,2025-05-03,361.6,7.76,13.88,23.34,0.909,23.56
A0042,2025-05-04,361.6,5.07,9.5,16.35,0.909,16.5
A0042,2025-05-05,361.6,5.78,10.28,17.23,0.909,17.38
A0042,2025-05-06,361.6,6.19,10.72,17.71,0.909,17.87
A0042,2025-05-07,361.6,7.96,14.05,23.45,0.909,23.67
A0042,2025-05-08,361.6,8.56,14.7,24.17,0.909,24.39
A0042,2025-05-09,361.6,9.69,17.18,28.77,0.909,29.03
A0042,2025-05-10,361.6,9.18,16.12,26.86,0.909,27.1
A0042,2025-05-11,361.6,5.62,9.72,16.06,0.909,16.21
A0042,2025-05-12,361.6,7.43,12.95,21.48,0.909,21.67
A0043,2025-04-29,25.3,13.78,25.8,41.31,0.909,41.66
A0043,2025-04-30,25.3,16.16,33.75,56.45,0.909,56.97
A0043,2025-05-01,25.3,12.75,21.4,32.56,0.909,32.81
A0043,2025-05-02,25.3,16.08,29.42,46.63,0.909,47.02
A0043,2025-05-03,25.3,16.45,29.5,46.34,0.909,46.72
A0043,2025-05-04,25.3,11.54,23.66,39.3,0.909,39.65
A0043,2025-05-05,25.3,13.12,23.57,37.05,0.909,37.36
A0043,2025-05-06,25.3,13.88,24.14,37.38,0.909,37.68
A0043,2025-05-07,25.3,16.31,32.98,54.5,0.909,54.99
A0043,2025-05-08,25.3,17.3,32.29,51.63,0.909,52.07
A0043,2025-05-09,25.3,19.3,38.55,63.4,0.909,63.96
A0043,2025-05-10,25.3,19.22,36.88,59.67,0.909,60.18
A0043,2025-05-11,25.3,12.64,25.56,42.23,0.909,42.61
A0043,2025-05-12,25.3,15.57,30.03,48.71,0.909,49.13
A0044,2025-04-29,7.8,85.37,119.25,162.46,0.556,125.25
A0044,2025-04-30,7.8,96.3,138.46,192.22,0.556,145.93
A0044,2025-05-01,7.8,68.05,96.47,132.72,0.556,101.51
A0044,2025-05-02,7.8,96.66,130.78,174.3,0.556,136.83
A0044,2025-05-03,7.8,95.56,130.8,175.74,0.556,137.04
A0044,2025-05-04,7.8,82.61,117.68,162.38,0.556,123.89
A0044,2025-05-05,7.8,76.76,108.62,149.25,0.556,114.26
A0044,2025-05-06,7.8,87.67,122.02,165.81,0.556,128.1
A0044,2025-05-07,7.8,85.45,118.39,160.4,0.556,124.22
A0044,2025-05-08,7.8,95.79,132.77,179.92,0.556,139.32
A0044,2025-05-09,7.8,101.31,135.74,179.64,0.556,141.84
A0044,2025-05-10,7.8,100.36,136.05,181.58,0.556,142.38
A0044,2025-05-11,7.8,74.85,106.6,147.08,0.556,112.22
A0044,2025-05-12,7.8,92.4,128.93,175.51,0.556,135.4
A0045,2025-04-29,7.1,29.77,43.07,63.58,0.556,45.92
A0045,2025-04-30,7.1,36.84,51.16,73.25,0.556,54.23
A0045,2025-05-01,7.1,24.19,34.23,49.73,0.556,36.39
A0045,2025-05-02,7.1,35.89,51.96,76.76,0.556,55.41
A0045,2025-05-03,7.1,34.59,48.41,69.72,0.556,51.37
A0045,2025-05-04,7.1,190.7,289.02,440.74,0.556,310.1
A0045,2025-05-05,7.1,217.06,319.25,476.94,0.556,341.15
A0045,2025-05-06,7.1,239.34,375.63,585.94,0.556,404.84
A0045,2025-05-07,7.1,239.99,379.13,593.83,0.556,408.95
A0045,2025-05-08,7.1,272.17,424.57,659.72,0.556,457.23
A0045,2025-05-09,7.1,31.13,48.19,74.5,0.556,51.84
A0045,2025-05-10,7.1,30.46,45.17,67.86,0.556,48.32
A0045,2025-05-11,7.1,20.73,31.22,47.41,0.556,33.47
A0045,2025-05-12,7.1,28.4,41.43,61.55,0.556,44.23
A0046,2025-04-29,2.9,11.22,20.24,30.78,0.556,21.71
A0046,2025-04-30,2.9,14.72,24.36,35.63,0.556,25.93
A0046,2025-05-01,2.9,11.39,21.74,33.84,0.556,23.42
A0046,2025-05-02,2.9,15.18,26.67,40.11,0.556,28.54
A0046,2025-05-03,2.9,14.86,27.33,41.93,0.556,29.36
A0046,2025-05-04,2.9,10.64,17.35,25.19,0.556,18.43
A0046,2025-05-05,2.9,12.41,22.07,33.36,0.556,23.64
A0046,2025-05-06,2.9,12.43,21.88,32.93,0.556,23.42
A0046,2025-05-07,2.9,11.15,20.04,30.45,0.556,21.49
A0046,2025-05-08,2.9,13.5,24.13,36.57,0.556,25.86
A0046,2025-05-09,2.9,13.7,24.89,37.97,0.556,26.7
A0046,2025-05-10,2.9,13.88,26.25,40.71,0.556,28.26
A0046,2025-05-11,2.9,9.35,16.1,23.99,0.556,17.2
A0046,2025-05-12,2.9,13.66,23.4,34.79,0.556,24.98
A0047,2025-04-29,4.4,25.22,37.14,50.49,0.556,38.99
A0047,2025-04-30,4.4,28.87,41.72,56.12,0.556,43.72
A0047,2025-05-01,4.4,20.26,29.02,38.83,0.556,30.38
A0047,2025-05-02,4.4,28.46,40.9,54.86,0.556,42.84
A0047,2025-05-03,4.4,28.19,41.02,55.4,0.556,43.02
A0047,2025-05-04,4.4,22.0,33.45,46.28,0.556,35.23
A0047,2025-05-05,4.4,21.95,32.15,43.59,0.556,33.74
A0047,2025-05-06,4.4,24.99,37.18,50.84,0.556,39.08
A0047,2025-05-07,4.4,32.06,43.6,56.55,0.556,45.4
A0047,2025-05-08,4.4,34.28,46.79,60.81,0.556,48.74
A0047,2025-05-09,4.4,36.87,50.43,65.62,0.556,52.54
A0047,2025-05-10,4.4,36.19,50.27,66.05,0.556,52.46
A0047,2025-05-11,4.4,19.89,30.88,43.2,0.556,32.59
A0047,2025-05-12,4.4,25.67,37.53,50.83,0.556,39.38
A0048,2025-04-29,407.9,9.53,18.0,28.63,0.909,28.87
A0048,2025-04-30,407.9,11.74,25.2,42.09,0.909,42.47
A0048,2025-05-01,407.9,8.79,14.57,21.83,0.909,21.99
A0048,2025-05-02,407.9,12.19,21.86,34.0,0.909,34.28
A0048,2025-05-03,407.9,12.38,21.91,33.87,0.909,34.14
A0048,2025-05-04,407.9,7.85,14.55,22.94,0.909,23.14
A0048,2025-05-05,407.9,9.5,14.83,21.51,0.909,21.66
A0048,2025-05-06,407.9,10.33,18.26,28.21,0.909,28.44
A0048,2025-05-07,407.9,11.81,22.31,35.49,0.909,35.79
A0048,2025-05-08,407.9,13.3,23.74,36.83,0.909,37.13
A0048,2025-05-09,407.9,14.57,26.55,41.58,0.909,41.92
A0048,2025-05-10,407.9,14.51,25.95,40.3,0.909,40.63
A0048,2025-05-11,407.9,33.16,53.93,79.99,0.909,80.58
A0048,2025-05-12,407.9,46.98,71.53,102.34,0.909,103.04
A0049,2025-04-29,12.5,35.05,55.23,78.26,0.909,78.78
A0049,2025-04-30,12.5,42.82,70.41,101.91,0.909,102.62
A0049,2025-05-01,12.5,30.69,47.75,67.23,0.909,67.67
A0049,2025-05-02,12.5,72.13,110.45,154.19,0.909,155.18
A0049,2025-05-03,12.5,76.27,118.63,166.99,0.909,168.09
A0049,2025-05-04,12.5,65.35,102.19,144.24,0.909,145.2
A0049,2025-05-05,12.5,59.9,92.37,129.44,0.909,130.29
A0049,2025-05-06,12.5,62.01,93.78,130.06,0.909,130.89
A0049,2025-05-07,12.5,58.96,93.12,132.11,0.909,133.0
A0049,2025-05-08,12.5,31.19,55.41,83.07,0.909,83.7
A0049,2025-05-09,12.5,30.79,55.03,82.69,0.909,83.32
A0049,2025-05-10,12.5,38.62,65.39,95.96,0.909,96.65
A0049,2025-05-11,12.5,30.48,50.86,74.13,0.909,74.66
A0049,2025-05-12,12.5,39.03,63.83,92.15,0.909,92.8
A0050,2025-04-29,7.7,184.71,261.64,352.78,0.556,274.3
A0050,2025-04-30,7.7,225.69,322.82,437.9,0.556,338.8
A0050,2025-05-01,7.7,154.7,219.78,296.89,0.556,230.49
A0050,2025-05-02,7.7,209.55,292.28,390.29,0.556,305.89
A0050,2025-05-03,7.7,207.78,287.85,382.71,0.556,301.03
A0050,2025-05-04,7.7,196.13,280.11,379.6,0.556,293.92
A0050,2025-05-05,7.7,169.4,235.91,314.7,0.556,246.85
A0050,2025-05-06,7.7,188.16,265.73,357.64,0.556,278.5
A0050,2025-05-07,7.7,194.54,267.23,353.34,0.556,279.19
A0050,2025-05-08,7.7,205.48,286.71,382.95,0.556,300.08
A0050,2025-05-09,7.7,217.02,301.54,401.67,0.556,315.45
A0050,2025-05-10,7.7,213.86,295.77,392.81,0.556,309.25
A0050,2025-05-11,7.7,171.66,243.57,328.78,0.556,255.41
A0050,2025-05-12,7.7,198.1,274.47,364.95,0.556,287.04
A0051,2025-04-29,3.5,10.49,16.92,27.24,0.556,18.35
A0051,2025-04-30,3.5,14.54,22.72,35.85,0.556,24.55
A0051,2025-05-01,3.5,9.95,15.92,25.5,0.556,17.25
A0051,2025-05-02,3.5,14.23,22.75,36.41,0.556,24.65
A0051,2025-05-03,3.5,14.21,22.72,36.37,0.556,24.62
A0051,2025-05-04,3.5,9.22,14.42,22.76,0.556,15.58
A0051,2025-05-05,3.5,10.94,16.73,26.01,0.556,18.02
A0051,2025-05-06,3.5,10.69,17.24,27.73,0.556,18.7
A0051,2025-05-07,3.5,9.41,15.55,25.39,0.556,16.92
A0051,2025-05-08,3.5,10.98,18.58,30.77,0.556,20.27
A0051,2025-05-09,3.5,12.37,20.8,34.31,0.556,22.67
A0051,2025-05-10,3.5,13.15,21.63,35.21,0.556,23.51
A0051,2025-05-11,3.5,7.54,12.07,19.34,0.556,13.08
A0051,2025-05-12,3.5,11.69,18.27,28.81,0.556,19.73
A0052,2025-04-29,5.1,38.46,54.36,76.3,0.556,57.41
A0052,2025-04-30,5.1,48.2,71.68,104.06,0.556,76.17
A0052,2025-05-01,5.1,33.47,48.85,70.07,0.556,51.8
A0052,2025-05-02,5.1,47.25,64.13,87.41,0.556,67.36
A0052,2025-05-03,5.1,47.34,64.64,88.49,0.556,67.95
A0052,2025-05-04,5.1,38.53,55.89,79.85,0.556,59.22
A0052,2025-05-05,5.1,37.83,53.6,75.34,0.556,56.62
A0052,2025-05-06,5.1,40.37,56.49,78.72,0.556,59.58
A0052,2025-05-07,5.1,41.57,57.31,79.02,0.556,60.32
A0052,2025-05-08,5.1,44.02,61.12,84.71,0.556,64.4
A0052,2025-05-09,5.1,49.51,66.56,90.09,0.556,69.83
A0052,2025-05-10,5.1,49.05,66.59,90.77,0.556,69.94
A0052,2025-05-11,5.1,33.48,47.21,66.15,0.556,49.84
A0052,2025-05-12,5.1,43.8,60.63,83.85,0.556,63.86
A0053,2025-04-29,6.0,18.23,32.21,49.2,0.556,34.57
A0053,2025-04-30,6.0,23.05,37.61,55.3,0.556,40.06
A0053,2025-05-01,6.0,15.86,25.11,36.36,0.556,26.67
A0053,2025-05-02,6.0,22.33,38.66,58.51,0.556,41.42
A0053,2025-05-03,6.0,21.91,37.53,56.51,0.556,40.16
A0053,2025-05-04,6.0,17.15,27.01,38.99,0.556,28.67
A0053,2025-05-05,6.0,18.21,29.6,43.44,0.556,31.52
A0053,2025-05-06,6.0,19.25,33.06,49.85,0.556,35.39
A0053,2025-05-07,6.0,18.14,31.67,48.13,0.556,33.96
A0053,2025-05-08,6.0,20.56,35.02,52.6,0.556,37.46
A0053,2025-05-09,6.0,22.27,39.89,61.32,0.556,42.87
A0053,2025-05-10,6.0,22.28,39.03,59.39,0.556,41.85
A0053,2025-05-11,6.0,15.23,25.2,37.32,0.556,26.88
A0053,2025-05-12,6.0,20.57,35.07,52.71,0.556,37.52
A0054,2025-04-29,6.5,44.39,65.85,92.85,0.556,69.6
A0054,2025-04-30,6.5,61.34,91.21,128.81,0.556,96.44
A0054,2025-05-01,6.5,37.61,55.83,78.76,0.556,59.01
A0054,2025-05-02,6.5,55.15,82.01,115.81,0.556,86.7
A0054,2025-05-03,6.5,52.61,77.94,109.83,0.556,82.37
A0054,2025-05-04,6.5,40.84,61.56,87.64,0.556,65.18
A0054,2025-05-05,6.5,41.47,61.0,85.59,0.556,64.42
A0054,2025-05-06,6.5,44.06,65.12,91.63,0.556,68.8
A0054,2025-05-07,6.5,45.64,66.62,93.03,0.556,70.29
A0054,2025-05-08,6.5,51.91,76.28,106.96,0.556,80.54
A0054,2025-05-09,6.5,57.76,85.37,120.13,0.556,90.2
A0054,2025-05-10,6.5,55.06,80.91,113.46,0.556,85.43
A0054,2025-05-11,6.5,36.04,53.14,74.67,0.556,56.13
A0054,2025-05-12,6.5,49.69,72.57,101.38,0.556,76.57
A0055,2025-04-29,5.1,72.27,109.12,159.06,0.556,116.05
A0055,2025-04-30,5.1,92.56,134.18,190.61,0.556,142.02
A0055,2025-05-01,5.1,66.07,92.64,128.67,0.556,97.64
A0055,2025-05-02,5.1,87.44,127.14,180.96,0.556,134.61
A0055,2025-05-03,5.1,94.06,134.77,189.96,0.556,142.44
A0055,2025-05-04,5.1,75.21,107.77,151.9,0.556,113.9
A0055,2025-05-05,5.1,77.94,110.66,155.01,0.556,116.82
A0055,2025-05-06,5.1,74.91,110.72,159.27,0.556,117.46
A0055,2025-05-07,5.1,77.79,112.41,159.35,0.556,118.93
A0055,2025-05-08,5.1,88.02,123.47,171.52,0.556,130.14
A0055,2025-05-09,5.1,92.41,132.78,187.51,0.556,140.39
A0055,2025-05-10,5.1,97.44,138.47,194.1,0.556,146.2
A0055,2025-05-11,5.1,66.11,94.73,133.54,0.556,100.12
A0055,2025-05-12,5.1,87.48,125.91,178.0,0.556,133.14
A0056,2025-04-29,5.4,29.52,74.47,144.08,0.556,84.14
A0056,2025-04-30,5.4,38.95,93.57,178.4,0.556,105.35
A0056,2025-05-01,5.4,25.11,63.84,124.75,0.556,72.3
A0056,2025-05-02,5.4,39.67,94.49,179.89,0.556,106.35
A0056,2025-05-03,5.4,40.43,95.79,181.35,0.556,107.67
A0056,2025-05-04,5.4,24.18,60.76,119.82,0.556,68.96
A0056,2025-05-05,5.4,29.87,73.07,141.5,0.556,82.58
A0056,2025-05-06,5.4,30.69,75.51,146.37,0.556,85.35
A0056,2025-05-07,5.4,33.01,80.71,155.35,0.556,91.07
A0056,2025-05-08,5.4,37.42,89.63,171.53,0.556,101.01
A0056,2025-05-09,5.4,42.61,100.32,191.51,0.556,112.98
A0056,2025-05-10,5.4,43.46,101.77,193.01,0.556,114.44
A0056,2025-05-11,5.4,23.47,58.98,116.53,0.556,66.98
A0056,2025-05-12,5.4,36.61,87.52,167.91,0.556,98.69
A0057,2025-04-29,414.8,12.08,19.56,28.24,0.909,28.44
A0057,2025-04-30,414.8,17.12,27.59,39.72,0.909,40.0
A0057,2025-05-01,414.8,10.62,17.48,25.44,0.909,25.62
A0057,2025-05-02,414.8,13.83,22.54,32.64,0.909,32.87
A0057,2025-05-03,414.8,15.03,24.84,36.21,0.909,36.47
A0057,2025-05-04,414.8,13.31,22.47,33.09,0.909,33.33
A0057,2025-05-05,414.8,11.95,19.42,28.08,0.909,28.28
A0057,2025-05-06,414.8,11.67,19.1,27.71,0.909,27.9
A0057,2025-05-07,414.8,12.07,20.22,29.66,0.909,29.88
A0057,2025-05-08,414.8,12.39,20.57,30.05,0.909,30.26
A0057,2025-05-09,414.8,13.08,21.05,30.29,0.909,30.5
A0057,2025-05-10,414.8,14.61,23.59,34.0,0.909,34.24
A0057,2025-05-11,414.8,10.72,18.05,26.53,0.909,26.73
A0057,2025-05-12,414.8,13.01,21.15,30.58,0.909,30.79
A0058,2025-04-29,5.6,50.95,71.44,95.69,0.556,74.81
A0058,2025-04-30,5.6,61.5,83.71,109.98,0.556,87.36
A0058,2025-05-01,5.6,39.08,53.24,70.0,0.556,55.57
A0058,2025-05-02,5.6,58.68,80.46,106.23,0.556,84.04
A0058,2025-05-03,5.6,94.22,128.48,169.02,0.556,134.11
A0058,2025-05-04,5.6,74.84,105.66,142.13,0.556,110.73
A0058,2025-05-05,5.6,73.3,102.86,137.84,0.556,107.72
A0058,2025-05-06,5.6,79.09,112.28,151.54,0.556,117.73
A0058,2025-05-07,5.6,83.23,116.72,156.35,0.556,122.22
A0058,2025-05-08,5.6,87.01,121.17,161.59,0.556,126.79
A0058,2025-05-09,5.6,96.49,133.63,177.57,0.556,139.73
A0058,2025-05-10,5.6,55.88,76.66,101.26,0.556,80.08
A0058,2025-05-11,5.6,38.7,55.75,75.92,0.556,58.55
A0058,2025-05-12,5.6,51.43,73.17,98.89,0.556,76.74
A0059,2025-04-29,378.2,30.15,50.28,75.43,0.909,76.01
A0059,2025-04-30,378.2,37.2,59.33,86.97,0.909,87.6
A0059,2025-05-01,378.2,9.56,17.38,27.15,0.909,27.37
A0059,2025-05-02,378.2,15.23,28.03,44.03,0.909,44.39
A0059,2025-05-03,378.2,15.24,27.61,43.06,0.909,43.41
A0059,2025-05-04,378.2,10.14,18.1,28.04,0.909,28.26
A0059,2025-05-05,378.2,11.86,20.93,32.26,0.909,32.52
A0059,2025-05-06,378.2,13.41,23.34,35.73,0.909,36.02
A0059,2025-05-07,378.2,15.91,28.49,44.2,0.909,44.56
A0059,2025-05-08,378.2,17.44,30.94,47.79,0.909,48.18
A0059,2025-05-09,378.2,20.24,35.7,55.01,0.909,55.45
A0059,2025-05-10,378.2,19.45,34.02,52.22,0.909,52.64
A0059,2025-05-11,378.2,11.39,20.42,31.69,0.909,31.95
A0059,2025-05-12,378.2,15.57,27.86,43.23,0.909,43.58
A0060,2025-04-29,207.2,3.56,14.42,35.6,0.909,36.08
A0060,2025-04-30,207.2,1.28,10.06,26.53,0.909,26.91
A0060,2025-05-01,207.2,0.41,8.12,22.25,0.909,22.57
A0060,2025-05-02,207.2,1.2,10.5,27.23,0.909,27.61
A0060,2025-05-03,207.2,1.48,11.45,28.84,0.909,29.23
A0060,2025-05-04,207.2,0.58,8.55,23.11,0.909,23.44
A0060,2025-05-05,207.2,1.15,10.05,26.04,0.909,26.41
A0060,2025-05-06,207.2,1.24,10.78,27.58,0.909,27.96
A0060,2025-05-07,207.2,1.4,11.47,28.89,0.909,29.29
A0060,2025-05-08,207.2,1.91,12.97,31.97,0.909,32.4
A0060,2025-05-09,207.2,2.06,13.73,33.82,0.909,34.27
A0060,2025-05-10,207.2,2.45,14.89,35.82,0.909,36.3
A0060,2025-05-11,207.2,1.07,10.52,26.96,0.909,27.33
A0060,2025-05-12,207.2,2.33,14.26,34.51,0.909,34.97
A0061,2025-04-29,5.2,61.33,87.41,120.39,0.556,92.0
A0061,2025-04-30,5.2,72.0,99.03,133.22,0.556,103.78
A0061,2025-05-01,5.2,46.27,65.58,90.0,0.556,68.97
A0061,2025-05-02,5.2,69.28,98.74,136.0,0.556,103.92
A0061,2025-05-03,5.2,71.01,101.96,141.11,0.556,107.4
A0061,2025-05-04,5.2,60.72,85.42,116.66,0.556,89.76
A0061,2025-05-05,5.2,57.45,81.89,112.8,0.556,86.19
A0061,2025-05-06,5.2,62.25,88.38,121.42,0.556,92.97
A0061,2025-05-07,5.2,64.84,89.66,121.03,0.556,94.01
A0061,2025-05-08,5.2,66.52,93.06,126.62,0.556,97.72
A0061,2025-05-09,5.2,73.1,103.23,141.33,0.556,108.52
A0061,2025-05-10,5.2,74.18,105.84,145.87,0.556,111.4
A0061,2025-05-11,5.2,56.0,80.15,110.69,0.556,84.39
A0061,2025-05-12,5.2,68.22,97.19,133.82,0.556,102.28
A0062,2025-04-29,295.5,0.51,9.1,26.97,0.909,27.37
A0062,2025-04-30,295.5,4.62,22.21,54.76,0.909,55.5
A0062,2025-05-01,295.5,3.15,18.58,46.66,0.909,47.3
A0062,2025-05-02,295.5,6.69,29.9,71.18,0.909,72.12
A0062,2025-05-03,295.5,8.5,35.81,82.9,0.909,83.97
A0062,2025-05-04,295.5,5.94,27.3,65.44,0.909,66.31
A0062,2025-05-05,295.5,7.2,32.0,75.08,0.909,76.05
A0062,2025-05-06,295.5,7.44,33.41,78.5,0.909,79.53
A0062,2025-05-07,295.5,8.18,35.97,83.54,0.909,84.62
A0062,2025-05-08,295.5,10.49,42.73,98.18,0.909,99.44
A0062,2025-05-09,295.5,12.12,47.57,109.19,0.909,110.59
A0062,2025-05-10,295.5,14.0,52.61,118.3,0.909,119.79
A0062,2025-05-11,295.5,7.82,32.36,75.3,0.909,76.27
A0062,2025-05-12,295.5,13.27,49.58,111.62,0.909,113.03
A0063,2025-04-29,6.9,38.92,61.47,87.69,0.556,65.11
A0063,2025-04-30,6.9,50.12,69.84,92.78,0.556,73.03
A0063,2025-05-01,6.9,34.09,52.71,74.37,0.556,55.72
A0063,2025-05-02,6.9,50.8,78.49,110.7,0.556,82.96
A0063,2025-05-03,6.9,50.78,76.21,105.78,0.556,80.31
A0063,2025-05-04,6.9,40.04,56.58,75.83,0.556,59.26
A0063,2025-05-05,6.9,40.97,61.78,85.99,0.556,65.14
A0063,2025-05-06,6.9,43.57,66.15,92.4,0.556,69.79
A0063,2025-05-07,6.9,43.7,65.41,90.65,0.556,68.91
A0063,2025-05-08,6.9,48.63,73.07,101.51,0.556,77.02
A0063,2025-05-09,6.9,52.78,81.58,115.08,0.556,86.24
A0063,2025-05-10,6.9,52.65,79.05,109.77,0.556,83.32
A0063,2025-05-11,6.9,34.41,52.58,73.73,0.556,55.52
A0063,2025-05-12,6.9,46.65,71.37,100.12,0.556,75.36
A0064,2025-04-29,420.0,60.73,81.01,105.03,0.909,105.58
A0064,2025-04-30,420.0,73.66,102.53,136.72,0.909,137.5
A0064,2025-05-01,420.0,50.18,64.12,80.64,0.909,81.01
A0064,2025-05-02,420.0,72.15,93.11,117.94,0.909,118.5
A0064,2025-05-03,420.0,73.49,96.92,124.66,0.909,125.29
A0064,2025-05-04,420.0,49.49,67.85,89.59,0.909,90.08
A0064,2025-05-05,420.0,55.06,71.91,91.88,0.909,92.33
A0064,2025-05-06,420.0,59.22,78.94,102.29,0.909,102.82
A0064,2025-05-07,420.0,65.09,86.56,111.98,0.909,112.56
A0064,2025-05-08,420.0,72.38,95.33,122.5,0.909,123.12
A0064,2025-05-09,420.0,201.17,263.1,336.45,0.909,338.12
A0064,2025-05-10,420.0,197.63,265.84,346.62,0.909,348.45
A0064,2025-05-11,420.0,130.46,174.44,226.52,0.909,227.7
A0064,2025-05-12,420.0,181.62,238.15,305.1,0.909,306.63
A0065,2025-04-29,3.3,22.8,32.39,43.08,0.556,33.87
A0065,2025-04-30,3.3,33.13,49.05,66.81,0.556,51.52
A0065,2025-05-01,3.3,20.53,30.75,42.15,0.556,32.33
A0065,2025-05-02,3.3,31.13,46.61,63.86,0.556,49.0
A0065,2025-05-03,3.3,30.8,44.92,60.67,0.556,47.11
A0065,2025-05-04,3.3,21.85,31.7,42.68,0.556,33.22
A0065,2025-05-05,3.3,22.95,33.15,44.53,0.556,34.73
A0065,2025-05-06,3.3,22.73,32.45,43.28,0.556,33.95
A0065,2025-05-07,3.3,22.52,32.62,43.89,0.556,34.19
A0065,2025-05-08,3.3,26.28,38.74,52.63,0.556,40.67
A0065,2025-05-09,3.3,30.3,44.68,60.72,0.556,46.91
A0065,2025-05-10,3.3,30.52,43.74,58.47,0.556,45.78
A0065,2025-05-11,3.3,17.98,25.27,33.4,0.556,26.4
A0065,2025-05-12,3.3,26.4,37.75,50.4,0.556,39.5
A0066,2025-04-29,6.9,20.62,31.08,44.53,0.556,32.95
A0066,2025-04-30,6.9,27.25,41.24,59.25,0.556,43.74
A0066,2025-05-01,6.9,16.24,23.34,32.48,0.556,24.61
A0066,2025-05-02,6.9,23.66,36.81,53.72,0.556,39.16
A0066,2025-05-03,6.9,23.8,36.73,53.36,0.556,39.04
A0066,2025-05-04,6.9,17.14,26.89,39.42,0.556,28.63
A0066,2025-05-05,6.9,17.61,26.23,37.33,0.556,27.78
A0066,2025-05-06,6.9,18.55,28.63,41.59,0.556,30.43
A0066,2025-05-07,6.9,20.69,31.72,45.9,0.556,33.69
A0066,2025-05-08,6.9,23.41,35.55,51.15,0.556,37.71
A0066,2025-05-09,6.9,25.79,39.41,56.91,0.556,41.84
A0066,2025-05-10,6.9,25.84,39.06,56.05,0.556,41.42
A0066,2025-05-11,6.9,30.93,45.67,64.62,0.556,48.3
A0066,2025-05-12,6.9,40.07,59.92,85.44,0.556,63.46
A0067,2025-04-29,24.9,7.94,15.35,26.39,0.909,26.64
A0067,2025-04-30,24.9,9.78,16.3,25.99,0.909,26.21
A0067,2025-05-01,24.9,6.7,11.46,18.53,0.909,18.7
A0067,2025-05-02,24.9,8.1,15.13,25.6,0.909,25.84
A0067,2025-05-03,24.9,8.94,16.07,26.68,0.909,26.92
A0067,2025-05-04,24.9,5.7,11.12,19.19,0.909,19.37
A0067,2025-05-05,24.9,6.75,11.5,18.56,0.909,18.72
A0067,2025-05-06,24.9,7.46,13.8,23.24,0.909,23.45
A0067,2025-05-07,24.9,8.51,17.23,30.21,0.909,30.51
A0067,2025-05-08,24.9,9.08,18.09,31.51,0.909,31.81
A0067,2025-05-09,24.9,9.67,19.43,33.95,0.909,34.28
A0067,2025-05-10,24.9,10.62,19.95,33.83,0.909,34.15
A0067,2025-05-11,24.9,6.59,13.44,23.65,0.909,23.88
A0067,2025-05-12,24.9,8.16,15.65,26.8,0.909,27.05
A0068,2025-04-29,384.5,5.45,10.11,16.1,0.909,16.24
A0068,2025-04-30,384.5,6.21,13.63,23.16,0.909,23.37
A0068,2025-05-01,384.5,4.63,8.92,14.43,0.909,14.56
A0068,2025-05-02,384.5,5.59,11.04,18.05,0.909,18.21
A0068,2025-05-03,384.5,5.84,11.85,19.55,0.909,19.73
A0068,2025-05-04,384.5,5.66,11.89,19.9,0.909,20.08
A0068,2025-05-05,384.5,5.37,9.92,15.76,0.909,15.89
A0068,2025-05-06,384.5,5.52,10.44,16.76,0.909,16.9
A0068,2025-05-07,384.5,5.65,10.05,15.69,0.909,15.82
A0068,2025-05-08,384.5,5.78,10.47,16.5,0.909,16.63
A0068,2025-05-09,384.5,5.87,10.4,16.21,0.909,16.35
A0068,2025-05-10,384.5,6.22,11.33,17.9,0.909,18.05
A0068,2025-05-11,384.5,5.08,9.36,14.86,0.909,14.98
A0068,2025-05-12,384.5,5.93,10.63,16.67,0.909,16.81
A0069,2025-04-29,337.7,11.81,19.05,28.88,0.909,29.1
A0069,2025-04-30,337.7,15.69,28.1,44.93,0.909,45.31
A0069,2025-05-01,337.7,15.6,24.6,36.79,0.909,37.06
A0069,2025-05-02,337.7,20.16,30.61,44.8,0.909,45.12
A0069,2025-05-03,337.7,19.61,31.12,46.72,0.909,47.08
A0069,2025-05-04,337.7,19.35,30.79,46.3,0.909,46.65
A0069,2025-05-05,337.7,15.47,24.87,37.61,0.909,37.9
A0069,2025-05-06,337.7,16.11,26.1,39.65,0.909,39.95
A0069,2025-05-07,337.7,16.11,26.34,40.21,0.909,40.52
A0069,2025-05-08,337.7,11.51,19.51,30.35,0.909,30.6
A0069,2025-05-09,337.7,12.98,20.03,29.58,0.909,29.8
A0069,2025-05-10,337.7,13.26,21.16,31.88,0.909,32.12
A0069,2025-05-11,337.7,10.73,17.2,25.96,0.909,26.16
A0069,2025-05-12,337.7,12.74,20.42,30.84,0.909,31.08
A0070,2025-04-29,403.5,15.63,25.36,38.04,0.909,38.33
A0070,2025-04-30,403.5,18.39,30.18,45.56,0.909,45.91
A0070,2025-05-01,403.5,12.1,21.1,32.83,0.909,33.09
A0070,2025-05-02,403.5,16.89,28.06,42.62,0.909,42.95
A0070,2025-05-03,403.5,16.36,28.16,43.54,0.909,43.89
A0070,2025-05-04,403.5,10.97,18.63,28.62,0.909,28.84
A0070,2025-05-05,403.5,13.29,22.24,33.9,0.909,34.16
A0070,2025-05-06,403.5,15.08,24.78,37.43,0.909,37.72
A0070,2025-05-07,403.5,15.98,25.61,38.17,0.909,38.46
A0070,2025-05-08,403.5,17.54,29.32,44.68,0.909,45.03
A0070,2025-05-09,403.5,19.9,32.78,49.58,0.909,49.96
A0070,2025-05-10,403.5,19.4,32.91,50.53,0.909,50.94
A0070,2025-05-11,403.5,11.53,19.33,29.51,0.909,29.75
A0070,2025-05-12,403.5,16.27,26.72,40.34,0.909,40.65
A0071,2025-04-29,382.8,4.51,12.86,24.18,0.909,24.44
A0071,2025-04-30,382.8,6.77,13.25,22.04,0.909,22.24
A0071,2025-05-01,382.8,4.83,9.91,16.79,0.909,16.94
A0071,2025-05-02,382.8,5.31,14.71,27.45,0.909,27.74
A0071,2025-05-03,382.8,6.1,14.14,25.04,0.909,25.29
A0071,2025-05-04,382.8,4.36,9.19,15.73,0.909,15.88
A0071,2025-05-05,382.8,5.25,10.41,17.4,0.909,17.56
A0071,2025-05-06,382.8,5.2,12.28,21.88,0.909,22.1
A0071,2025-05-07,382.8,5.42,15.03,28.06,0.909,28.36
A0071,2025-05-08,382.8,5.66,16.57,31.36,0.909,31.69
A0071,2025-05-09,382.8,5.56,19.11,37.47,0.909,37.89
A0071,2025-05-10,382.8,6.56,17.34,31.96,0.909,32.29
A0071,2025-05-11,382.8,4.54,10.99,19.74,0.909,19.93
A0071,2025-05-12,382.8,5.05,13.69,25.41,0.909,25.68
A0072,2025-04-29,5.5,9.98,38.25,87.41,0.556,45.08
A0072,2025-04-30,5.5,16.33,55.71,122.87,0.556,65.04
A0072,2025-05-01,5.5,5.43,26.35,63.13,0.556,31.46
A0072,2025-05-02,5.5,10.02,40.52,93.2,0.556,47.83
A0072,2025-05-03,5.5,11.98,46.47,104.57,0.556,54.54
A0072,2025-05-04,5.5,9.0,36.87,85.08,0.556,43.57
A0072,2025-05-05,5.5,10.8,42.17,95.45,0.556,49.57
A0072,2025-05-06,5.5,11.82,45.38,102.37,0.556,53.3
A0072,2025-05-07,5.5,13.08,49.05,109.36,0.556,57.43
A0072,2025-05-08,5.5,16.21,57.16,125.87,0.556,66.7
A0072,2025-05-09,5.5,18.4,63.17,138.87,0.556,73.69
A0072,2025-05-10,5.5,20.18,67.31,145.55,0.556,78.18
A0072,2025-05-11,5.5,12.1,43.17,96.18,0.556,50.53
A0072,2025-05-12,5.5,18.85,62.65,135.78,0.556,72.81
A0073,2025-04-29,5.1,307.22,384.42,483.92,0.556,398.24
A0073,2025-04-30,5.1,347.89,444.72,569.53,0.556,462.06
A0073,2025-05-01,5.1,289.1,348.42,424.88,0.556,359.04
A0073,2025-05-02,5.1,95.88,136.29,188.37,0.556,143.52
A0073,2025-05-03,5.1,104.97,144.6,195.68,0.556,151.7
A0073,2025-05-04,5.1,80.05,114.97,159.98,0.556,121.22
A0073,2025-05-05,5.1,74.36,106.5,147.94,0.556,112.26
A0073,2025-05-06,5.1,88.88,126.63,175.28,0.556,133.38
A0073,2025-05-07,5.1,100.46,135.79,181.32,0.556,142.11
A0073,2025-05-08,5.1,110.28,147.5,195.49,0.556,154.17
A0073,2025-05-09,5.1,119.76,160.45,212.91,0.556,167.74
A0073,2025-05-10,5.1,127.21,167.17,218.67,0.556,174.32
A0073,2025-05-11,5.1,82.02,111.44,149.36,0.556,116.71
A0073,2025-05-12,5.1,102.31,140.05,188.7,0.556,146.81
A0074,2025-04-29,2.7,203.29,275.13,373.67,0.556,288.81
A0074,2025-04-30,2.7,247.08,324.29,430.22,0.556,339.0
A0074,2025-05-01,2.7,173.38,240.79,333.26,0.556,253.63
A0074,2025-05-02,2.7,107.81,159.51,230.43,0.556,169.36
A0074,2025-05-03,2.7,113.29,163.38,232.09,0.556,172.92
A0074,2025-05-04,2.7,74.4,105.05,147.11,0.556,110.9
A0074,2025-05-05,2.7,77.9,116.3,168.98,0.556,123.62
A0074,2025-05-06,2.7,93.47,135.12,192.25,0.556,143.05
A0074,2025-05-07,2.7,100.48,136.37,185.6,0.556,143.2
A0074,2025-05-08,2.7,117.09,161.89,223.34,0.556,170.42
A0074,2025-05-09,2.7,128.7,179.3,248.72,0.556,188.94
A0074,2025-05-10,2.7,134.86,184.69,253.06,0.556,194.19
A0074,2025-05-11,2.7,73.57,102.72,142.72,0.556,108.28
A0074,2025-05-12,2.7,107.19,149.85,208.37,0.556,157.98
A0075,2025-04-29,330.2,16.28,26.41,41.15,0.909,41.49
A0075,2025-04-30,330.2,20.4,36.38,59.61,0.909,60.13
A0075,2025-05-01,330.2,13.25,24.49,40.85,0.909,41.22
A0075,2025-05-02,330.2,4.82,10.43,18.59,0.909,18.77
A0075,2025-05-03,330.2,5.6,12.13,21.62,0.909,21.84
A0075,2025-05-04,330.2,5.63,12.0,21.25,0.909,21.46
A0075,2025-05-05,330.2,4.97,10.6,18.8,0.909,18.99
A0075,2025-05-06,330.2,4.66,9.51,16.57,0.909,16.73
A0075,2025-05-07,330.2,4.37,8.25,13.9,0.909,14.03
A0075,2025-05-08,330.2,4.12,8.54,14.96,0.909,15.1
A0075,2025-05-09,330.2,4.71,9.09,15.45,0.909,15.6
A0075,2025-05-10,330.2,5.73,11.0,18.68,0.909,18.85
A0075,2025-05-11,330.2,4.85,9.0,15.03,0.909,15.17
A0075,2025-05-12,330.2,5.81,10.93,18.39,0.909,18.56
A0076,2025-04-29,3.4,34.86,51.96,74.8,0.556,55.13
A0076,2025-04-30,3.4,47.62,68.82,97.13,0.556,72.75
A0076,2025-05-01,3.4,28.83,43.08,62.1,0.556,45.72
A0076,2025-05-02,3.4,44.66,65.09,92.39,0.556,68.88
A0076,2025-05-03,3.4,47.06,69.48,99.44,0.556,73.64
A0076,2025-05-04,3.4,28.71,43.12,62.38,0.556,45.8
A0076,2025-05-05,3.4,33.18,48.9,69.91,0.556,51.82
A0076,2025-05-06,3.4,75.9,107.53,149.79,0.556,113.4
A0076,2025-05-07,3.4,76.94,110.45,155.22,0.556,116.67
A0076,2025-05-08,3.4,85.04,120.64,168.2,0.556,127.25
A0076,2025-05-09,3.4,94.92,134.31,186.92,0.556,141.62
A0076,2025-05-10,3.4,39.86,61.84,91.21,0.556,65.92
A0076,2025-05-11,3.4,20.79,32.75,48.73,0.556,34.97
A0076,2025-05-12,3.4,35.38,53.49,77.69,0.556,56.85
A0077,2025-04-29,354.6,28.67,83.6,178.78,0.909,180.95
A0077,2025-04-30,354.6,40.85,112.18,234.59,0.909,237.38
A0077,2025-05-01,354.6,25.96,75.24,161.0,0.909,162.95
A0077,2025-05-02,354.6,41.62,113.02,235.62,0.909,238.41
A0077,2025-05-03,354.6,44.14,117.74,242.79,0.909,245.63
A0077,2025-05-04,354.6,24.05,68.26,147.24,0.909,149.04
A0077,2025-05-05,354.6,31.45,86.21,181.86,0.909,184.04
A0077,2025-05-06,354.6,33.19,91.29,192.83,0.909,195.14
A0077,2025-05-07,354.6,37.7,102.55,214.21,0.909,216.75
A0077,2025-05-08,354.6,42.64,113.6,235.87,0.909,238.65
A0077,2025-05-09,354.6,48.12,126.41,262.43,0.909,265.52
A0077,2025-05-10,354.6,50.17,129.98,267.17,0.909,270.29
A0077,2025-05-11,354.6,25.24,69.81,149.62,0.909,151.43
A0077,2025-05-12,354.6,40.07,106.28,221.48,0.909,224.1
A0078,2025-04-29,3.1,41.98,62.87,84.79,0.556,65.92
A0078,2025-04-30,3.1,47.26,68.3,90.37,0.556,71.36
A0078,2025-05-01,3.1,16.39,27.23,38.59,0.556,28.8
A0078,2025-05-02,3.1,26.79,45.04,64.2,0.556,47.7
A0078,2025-05-03,3.1,27.8,46.57,66.26,0.556,49.3
A0078,2025-05-04,3.1,19.16,30.26,41.91,0.556,31.88
A0078,2025-05-05,3.1,21.1,33.38,46.27,0.556,35.17
A0078,2025-05-06,3.1,24.02,38.75,54.22,0.556,40.9
A0078,2025-05-07,3.1,23.35,37.1,51.54,0.556,39.11
A0078,2025-05-08,3.1,27.46,44.2,61.77,0.556,46.64
A0078,2025-05-09,3.1,30.65,48.63,67.5,0.556,51.25
A0078,2025-05-10,3.1,31.17,49.72,69.18,0.556,52.42
A0078,2025-05-11,3.1,18.28,28.87,39.98,0.556,30.41
A0078,2025-05-12,3.1,27.61,44.04,61.28,0.556,46.43
A0079,2025-04-29,8.1,177.29,238.19,320.69,0.556,249.65
A0079,2025-04-30,8.1,202.05,263.04,345.63,0.556,274.51
A0079,2025-05-01,8.1,137.13,188.56,258.21,0.556,198.23
A0079,2025-05-02,8.1,193.51,259.67,349.28,0.556,272.12
A0079,2025-05-03,8.1,190.47,253.35,338.51,0.556,265.18
A0079,2025-05-04,8.1,176.47,231.12,305.14,0.556,241.4
A0079,2025-05-05,8.1,153.34,207.02,279.74,0.556,217.12
A0079,2025-05-06,8.1,175.34,236.83,320.11,0.556,248.39
A0079,2025-05-07,8.1,182.28,240.69,319.8,0.556,251.68
A0079,2025-05-08,8.1,196.05,259.81,346.18,0.556,271.81
A0079,2025-05-09,8.1,208.26,274.74,364.8,0.556,287.25
A0079,2025-05-10,8.1,202.93,266.29,352.12,0.556,278.21
A0079,2025-05-11,8.1,162.52,216.63,289.92,0.556,226.81
A0079,2025-05-12,8.1,184.51,245.93,329.13,0.556,257.49
A0080,2025-04-29,28.1,8.96,16.7,26.0,0.909,26.21
A0080,2025-04-30,28.1,10.39,21.61,35.08,0.909,35.39
A0080,2025-05-01,28.1,8.54,14.33,21.29,0.909,21.45
A0080,2025-05-02,28.1,10.84,19.41,29.69,0.909,29.92
A0080,2025-05-03,28.1,10.88,18.68,28.05,0.909,28.26
A0080,2025-05-04,28.1,7.86,16.0,25.78,0.909,26.0
A0080,2025-05-05,28.1,9.25,16.27,24.7,0.909,24.89
A0080,2025-05-06,28.1,9.16,16.8,25.98,0.909,26.19
A0080,2025-05-07,28.1,10.38,18.96,29.25,0.909,29.49
A0080,2025-05-08,28.1,10.94,20.44,31.85,0.909,32.11
A0080,2025-05-09,28.1,12.16,22.09,34.01,0.909,34.28
A0080,2025-05-10,28.1,12.01,20.98,31.74,0.909,31.99
A0080,2025-05-11,28.1,8.36,16.3,25.83,0.909,26.05
A0080,2025-05-12,28.1,10.85,20.07,31.13,0.909,31.38
A0081,2025-04-29,4.1,137.03,183.24,246.04,0.556,191.96
A0081,2025-04-30,4.1,173.55,235.36,319.36,0.556,247.03
A0081,2025-05-01,4.1,97.07,131.4,178.06,0.556,137.88
A0081,2025-05-02,4.1,201.66,267.91,357.95,0.556,280.42
A0081,2025-05-03,4.1,196.13,263.26,354.48,0.556,275.93
A0081,2025-05-04,4.1,271.47,379.22,525.65,0.556,399.56
A0081,2025-05-05,4.1,257.51,351.13,478.35,0.556,368.8
A0081,2025-05-06,4.1,282.68,386.85,528.43,0.556,406.52
A0081,2025-05-07,4.1,129.46,174.81,236.43,0.556,183.37
A0081,2025-05-08,4.1,139.31,186.89,251.56,0.556,195.87
A0081,2025-05-09,4.1,163.59,217.3,290.29,0.556,227.44
A0081,2025-05-10,4.1,160.18,214.9,289.28,0.556,225.23
A0081,2025-05-11,4.1,114.42,156.12,212.79,0.556,163.99
A0081,2025-05-12,4.1,145.63,195.6,263.5,0.556,205.03
A0082,2025-04-29,31.2,1.03,5.46,12.2,0.909,12.36
A0082,2025-04-30,31.2,1.29,5.76,12.56,0.909,12.72
A0082,2025-05-01,31.2,1.08,4.54,9.8,0.909,9.92
A0082,2025-05-02,31.2,1.35,4.7,9.79,0.909,9.91
A0082,2025-05-03,31.2,1.48,5.07,10.55,0.909,10.67
A0082,2025-05-04,31.2,1.45,4.55,9.27,0.909,9.38
A0082,2025-05-05,31.2,1.48,4.82,9.9,0.909,10.02
A0082,2025-05-06,31.2,1.18,5.37,11.76,0.909,11.9
A0082,2025-05-07,31.2,1.28,6.04,13.29,0.909,13.46
A0082,2025-05-08,31.2,5.68,12.18,22.06,0.909,22.29
A0082,2025-05-09,31.2,6.62,12.83,22.27,0.909,22.48
A0082,2025-05-10,31.2,6.34,12.8,22.64,0.909,22.87
A0082,2025-05-11,31.2,4.31,9.62,17.71,0.909,17.89
A0082,2025-05-12,31.2,5.75,11.33,19.83,0.909,20.02
A0083,2025-04-29,399.6,61.11,79.76,103.37,0.909,103.91
A0083,2025-04-30,399.6,72.82,99.96,134.31,0.909,135.09
A0083,2025-05-01,399.6,50.3,63.62,80.47,0.909,80.85
A0083,2025-05-02,399.6,74.08,95.19,121.91,0.909,122.52
A0083,2025-05-03,399.6,74.85,98.24,127.85,0.909,128.52
A0083,2025-05-04,399.6,50.27,67.64,89.61,0.909,90.11
A0083,2025-05-05,399.6,55.39,71.82,92.61,0.909,93.08
A0083,2025-05-06,399.6,60.93,78.71,101.23,0.909,101.74
A0083,2025-05-07,399.6,67.0,87.93,114.42,0.909,115.02
A0083,2025-05-08,399.6,74.81,96.14,123.14,0.909,123.75
A0083,2025-05-09,399.6,83.97,107.91,138.2,0.909,138.89
A0083,2025-05-10,399.6,83.65,109.68,142.63,0.909,143.38
A0083,2025-05-11,399.6,50.47,66.31,86.36,0.909,86.82
A0083,2025-05-12,399.6,69.47,90.65,117.46,0.909,118.07
A0084,2025-04-29,5.5,19.38,32.61,59.4,0.556,36.33
A0084,2025-04-30,5.5,24.04,41.61,77.19,0.556,46.55
A0084,2025-05-01,5.5,19.58,30.49,52.59,0.556,33.56
A0084,2025-05-02,5.5,29.2,44.73,76.21,0.556,49.11
A0084,2025-05-03,5.5,29.6,44.63,75.05,0.556,48.85
A0084,2025-05-04,5.5,19.14,30.24,52.72,0.556,33.36
A0084,2025-05-05,5.5,23.41,34.66,57.46,0.556,37.83
A0084,2025-05-06,5.5,21.68,35.28,62.84,0.556,39.11
A0084,2025-05-07,5.5,20.32,32.7,57.77,0.556,36.18
A0084,2025-05-08,5.5,22.73,38.05,69.1,0.556,42.37
A0084,2025-05-09,5.5,27.27,43.78,77.21,0.556,48.42
A0084,2025-05-10,5.5,27.65,43.72,76.27,0.556,48.24
A0084,2025-05-11,5.5,15.9,26.35,47.51,0.556,29.29
A0084,2025-05-12,5.5,24.34,37.67,64.68,0.556,41.42
A0085,2025-04-29,358.1,1.64,5.16,10.4,0.909,10.52
A0085,2025-04-30,358.1,1.8,6.81,14.28,0.909,14.45
A0085,2025-05-01,358.1,1.76,5.09,10.05,0.909,10.16
A0085,2025-05-02,358.1,7.17,13.62,23.25,0.909,23.47
A0085,2025-05-03,358.1,6.79,12.94,22.13,0.909,22.34
A0085,2025-05-04,358.1,4.32,8.7,15.23,0.909,15.38
A0085,2025-05-05,358.1,5.18,9.86,16.84,0.909,17.0
A0085,2025-05-06,358.1,5.41,10.72,18.63,0.909,18.81
A0085,2025-05-07,358.1,5.95,12.03,21.12,0.909,21.32
A0085,2025-05-08,358.1,1.46,6.14,13.13,0.909,13.29
A0085,2025-05-09,358.1,1.33,6.37,13.9,0.909,14.07
A0085,2025-05-10,358.1,1.57,6.33,13.44,0.909,13.61
A0085,2025-05-11,358.1,1.29,4.21,8.56,0.909,8.66
A0085,2025-05-12,358.1,1.53,5.24,10.78,0.909,10.91
A0086,2025-04-29,330.9,58.39,73.65,93.77,0.909,94.23
A0086,2025-04-30,330.9,65.36,85.36,111.74,0.909,112.34
A0086,2025-05-01,330.9,47.01,62.17,82.17,0.909,82.63
A0086,2025-05-02,330.9,66.58,85.42,110.28,0.909,110.85
A0086,2025-05-03,330.9,65.08,85.35,112.09,0.909,112.7
A0086,2025-05-04,330.9,44.95,59.33,78.31,0.909,78.75
A0086,2025-05-05,330.9,51.91,67.86,88.92,0.909,89.4
A0086,2025-05-06,330.9,56.41,72.16,92.96,0.909,93.43
A0086,2025-05-07,330.9,61.12,77.14,98.29,0.909,98.77
A0086,2025-05-08,330.9,68.32,86.78,111.15,0.909,111.7
A0086,2025-05-09,330.9,75.94,95.32,120.9,0.909,121.48
A0086,2025-05-10,330.9,73.55,94.61,122.41,0.909,123.04
A0086,2025-05-11,330.9,45.97,59.89,78.26,0.909,78.68
A0086,2025-05-12,330.9,64.32,81.98,105.28,0.909,105.81
A0087,2025-04-29,5.1,42.56,58.16,81.1,0.556,61.34
A0087,2025-04-30,5.1,53.73,71.73,98.21,0.556,75.41
A0087,2025-05-01,5.1,34.64,45.79,62.2,0.556,48.07
A0087,2025-05-02,5.1,48.49,66.04,91.84,0.556,69.62
A0087,2025-05-03,5.1,47.56,63.53,87.03,0.556,66.8
A0087,2025-05-04,5.1,39.37,53.67,74.69,0.556,56.59
A0087,2025-05-05,5.1,39.12,52.51,72.2,0.556,55.24
A0087,2025-05-06,5.1,40.75,56.14,78.77,0.556,59.28
A0087,2025-05-07,5.1,41.76,56.57,78.35,0.556,59.59
A0087,2025-05-08,5.1,45.12,60.49,83.09,0.556,63.63
A0087,2025-05-09,5.1,51.28,69.62,96.59,0.556,73.36
A0087,2025-05-10,5.1,49.89,66.48,90.89,0.556,69.87
A0087,2025-05-11,5.1,36.47,49.59,68.88,0.556,52.27
A0087,2025-05-12,5.1,46.51,62.46,85.91,0.556,65.72
A0088,2025-04-29,292.9,4.37,10.17,18.19,0.909,18.37
A0088,2025-04-30,292.9,4.24,12.97,25.04,0.909,25.31
A0088,2025-05-01,292.9,4.15,8.55,14.62,0.909,14.76
A0088,2025-05-02,292.9,4.99,11.96,21.6,0.909,21.82
A0088,2025-05-03,292.9,5.35,12.29,21.9,0.909,22.11
A0088,2025-05-04,292.9,3.44,8.37,15.19,0.909,15.34
A0088,2025-05-05,292.9,4.86,9.42,15.72,0.909,15.86
A0088,2025-05-06,292.9,4.69,9.88,17.06,0.909,17.22
A0088,2025-05-07,292.9,4.88,12.69,23.49,0.909,23.74
A0088,2025-05-08,292.9,4.99,13.07,24.26,0.909,24.51
A0088,2025-05-09,292.9,5.22,14.5,27.35,0.909,27.65
A0088,2025-05-10,292.9,5.84,14.65,26.85,0.909,27.12
A0088,2025-05-11,292.9,4.07,9.11,16.07,0.909,16.23
A0088,2025-05-12,292.9,5.38,11.98,21.11,0.909,21.31
A0089,2025-04-29,433.0,0.23,4.21,10.37,0.909,10.51
A0089,2025-04-30,433.0,0.37,4.48,10.85,0.909,10.99
A0089,2025-05-01,433.0,0.52,4.19,9.88,0.909,10.01
A0089,2025-05-02,433.0,0.0,4.16,11.09,0.909,11.25
A0089,2025-05-03,433.0,0.01,4.25,10.81,0.909,10.96
A0089,2025-05-04,433.0,0.47,3.13,7.24,0.909,7.34
A0089,2025-05-05,433.0,0.69,4.07,9.3,0.909,9.42
A0089,2025-05-06,433.0,0.7,4.18,9.58,0.909,9.7
A0089,2025-05-07,433.0,0.0,4.07,11.56,0.909,11.73
A0089,2025-05-08,433.0,0.03,4.53,11.49,0.909,11.65
A0089,2025-05-09,433.0,0.0,4.6,13.78,0.909,13.99
A0089,2025-05-10,433.0,0.0,4.78,13.0,0.909,13.19
A0089,2025-05-11,433.0,0.57,3.58,8.25,0.909,8.36
A0089,2025-05-12,433.0,0.25,4.18,10.27,0.909,10.41
A0090,2025-04-29,4.2,63.15,89.53,126.55,0.556,94.67
A0090,2025-04-30,4.2,80.52,116.35,166.62,0.556,123.33
A0090,2025-05-01,4.2,52.53,76.04,109.04,0.556,80.63
A0090,2025-05-02,4.2,73.27,103.58,146.13,0.556,109.49
A0090,2025-05-03,4.2,75.67,104.48,144.92,0.556,110.1
A0090,2025-05-04,4.2,62.31,89.03,126.54,0.556,94.24
A0090,2025-05-05,4.2,59.63,84.26,118.82,0.556,89.06
A0090,2025-05-06,4.2,63.31,89.82,127.03,0.556,94.99
A0090,2025-05-07,4.2,66.77,91.13,125.32,0.556,95.88
A0090,2025-05-08,4.2,73.5,102.9,144.16,0.556,108.63
A0090,2025-05-09,4.2,80.7,111.7,155.2,0.556,117.74
A0090,2025-05-10,4.2,82.03,111.52,152.9,0.556,117.27
A0090,2025-05-11,4.2,56.18,78.59,110.04,0.556,82.96
A0090,2025-05-12,4.2,71.88,99.63,138.58,0.556,105.04
A0091,2025-04-29,4.1,101.75,144.81,203.23,0.556,152.93
A0091,2025-04-30,4.1,131.96,186.63,260.79,0.556,196.93
A0091,2025-05-01,4.1,83.29,119.04,167.53,0.556,125.77
A0091,2025-05-02,4.1,119.17,165.51,228.36,0.556,174.23
A0091,2025-05-03,4.1,125.21,175.2,243.01,0.556,184.62
A0091,2025-05-04,4.1,99.41,139.19,193.14,0.556,146.68
A0091,2025-05-05,4.1,95.33,136.99,193.5,0.556,144.84
A0091,2025-05-06,4.1,100.09,143.71,202.89,0.556,151.93
A0091,2025-05-07,4.1,107.81,150.63,208.72,0.556,158.7
A0091,2025-05-08,4.1,110.27,155.51,216.88,0.556,164.04
A0091,2025-05-09,4.1,121.65,168.34,231.68,0.556,177.14
A0091,2025-05-10,4.1,127.45,178.02,246.62,0.556,187.55
A0091,2025-05-11,4.1,88.86,124.93,173.86,0.556,131.73
A0091,2025-05-12,4.1,113.82,160.82,224.58,0.556,169.67
A0092,2025-04-29,327.6,23.21,33.11,46.56,0.909,46.87
A0092,2025-04-30,327.6,29.56,43.58,62.65,0.909,63.08
A0092,2025-05-01,327.6,18.96,27.09,38.14,0.909,38.39
A0092,2025-05-02,327.6,28.65,40.29,56.12,0.909,56.48
A0092,2025-05-03,327.6,28.98,41.09,57.54,0.909,57.91
A0092,2025-05-04,327.6,19.97,29.06,41.41,0.909,41.69
A0092,2025-05-05,327.6,21.62,31.26,44.37,0.909,44.67
A0092,2025-05-06,327.6,23.51,33.58,47.28,0.909,47.59
A0092,2025-05-07,327.6,23.99,34.33,48.39,0.909,48.71
A0092,2025-05-08,327.6,27.02,38.41,53.9,0.909,54.25
A0092,2025-05-09,327.6,30.03,41.61,57.36,0.909,57.71
A0092,2025-05-10,327.6,30.2,42.32,58.8,0.909,59.18
A0092,2025-05-11,327.6,17.99,25.92,36.69,0.909,36.94
A0092,2025-05-12,327.6,25.56,37.06,52.69,0.909,53.05
A0093,2025-04-29,3.3,66.93,152.48,289.38,0.556,171.49
A0093,2025-04-30,3.3,94.46,203.49,381.42,0.556,228.2
A0093,2025-05-01,3.3,56.5,128.74,244.91,0.556,144.87
A0093,2025-05-02,3.3,93.49,200.82,376.62,0.556,225.24
A0093,2025-05-03,3.3,94.59,202.7,377.16,0.556,226.93
A0093,2025-05-04,3.3,65.78,142.97,272.28,0.556,160.93
A0093,2025-05-05,3.3,66.63,146.88,277.61,0.556,165.04
A0093,2025-05-06,3.3,68.98,154.23,292.07,0.556,173.37
A0093,2025-05-07,3.3,69.06,155.13,292.76,0.556,174.24
A0093,2025-05-08,3.3,82.67,181.1,340.74,0.556,203.27
A0093,2025-05-09,3.3,93.88,201.93,380.8,0.556,226.77
A0093,2025-05-10,3.3,195.15,405.91,775.37,0.556,457.22
A0093,2025-05-11,3.3,112.67,235.88,462.73,0.556,267.39
A0093,2025-05-12,3.3,172.45,358.5,707.38,0.556,406.95
A0094,2025-04-29,6.9,35.29,56.28,80.66,0.556,59.67
A0094,2025-04-30,6.9,41.54,58.74,78.69,0.556,61.51
A0094,2025-05-01,6.9,30.47,46.82,65.79,0.556,49.46
A0094,2025-05-02,6.9,44.68,71.06,101.68,0.556,75.32
A0094,2025-05-03,6.9,46.19,71.88,101.69,0.556,76.02
A0094,2025-05-04,6.9,30.33,45.22,62.5,0.556,47.62
A0094,2025-05-05,6.9,35.64,55.2,77.89,0.556,58.35
A0094,2025-05-06,6.9,36.2,57.1,81.36,0.556,60.47
A0094,2025-05-07,6.9,37.99,58.53,82.38,0.556,61.84
A0094,2025-05-08,6.9,41.86,64.57,90.91,0.556,68.22
A0094,2025-05-09,6.9,46.54,74.27,106.46,0.556,78.74
A0094,2025-05-10,6.9,48.7,75.62,106.86,0.556,79.96
A0094,2025-05-11,6.9,29.66,46.65,66.38,0.556,49.39
A0094,2025-05-12,6.9,43.06,66.45,93.6,0.556,70.22
A0095,2025-04-29,429.4,0.92,9.75,25.36,0.909,25.71
A0095,2025-04-30,429.4,1.28,11.07,27.72,0.909,28.1
A0095,2025-05-01,429.4,0.73,9.57,24.53,0.909,24.87
A0095,2025-05-02,429.4,1.25,11.19,27.98,0.909,28.36
A0095,2025-05-03,429.4,1.5,11.98,29.33,0.909,29.72
A0095,2025-05-04,429.4,0.66,9.1,23.92,0.909,24.25
A0095,2025-05-05,429.4,1.23,10.73,27.04,0.909,27.41
A0095,2025-05-06,429.4,1.47,11.67,28.97,0.909,29.36
A0095,2025-05-07,429.4,1.85,12.76,31.08,0.909,31.49
A0095,2025-05-08,429.4,2.37,14.1,33.73,0.909,34.17
A0095,2025-05-09,429.4,2.6,14.87,35.49,0.909,35.96
A0095,2025-05-10,429.4,2.91,15.6,36.62,0.909,37.09
A0095,2025-05-11,429.4,1.52,11.22,28.17,0.909,28.56
A0095,2025-05-12,429.4,2.5,14.12,33.8,0.909,34.24
A0096,2025-04-29,5.4,29.76,45.2,66.12,0.556,48.11
A0096,2025-04-30,5.4,36.09,54.45,79.31,0.556,57.9
A0096,2025-05-01,5.4,26.11,39.63,57.94,0.556,42.17
A0096,2025-05-02,5.4,38.7,59.57,87.84,0.556,63.5
A0096,2025-05-03,5.4,37.72,56.37,81.63,0.556,59.88
A0096,2025-05-04,5.4,26.53,40.06,58.38,0.556,42.6
A0096,2025-05-05,5.4,28.5,42.98,62.58,0.556,45.7
A0096,2025-05-06,5.4,29.04,43.95,64.13,0.556,46.75
A0096,2025-05-07,5.4,30.07,46.11,67.85,0.556,49.13
A0096,2025-05-08,5.4,33.84,52.13,76.9,0.556,55.57
A0096,2025-05-09,5.4,40.09,62.52,92.9,0.556,66.74
A0096,2025-05-10,5.4,38.47,58.21,84.94,0.556,61.92
A0096,2025-05-11,5.4,24.18,36.65,53.56,0.556,39.0
A0096,2025-05-12,5.4,34.66,52.39,76.39,0.556,55.72
A0097,2025-04-29,355.2,5.11,10.54,17.17,0.909,17.32
A0097,2025-04-30,355.2,7.49,16.23,26.91,0.909,27.15
A0097,2025-05-01,355.2,5.62,10.24,15.87,0.909,16.0
A0097,2025-05-02,355.2,5.93,12.88,21.37,0.909,21.56
A0097,2025-05-03,355.2,6.21,14.17,23.89,0.909,24.11
A0097,2025-05-04,355.2,6.82,14.83,24.62,0.909,24.84
A0097,2025-05-05,355.2,6.58,12.14,18.92,0.909,19.08
A0097,2025-05-06,355.2,6.12,11.64,18.39,0.909,18.54
A0097,2025-05-07,355.2,4.62,10.23,17.08,0.909,17.23
A0097,2025-05-08,355.2,5.25,11.19,18.44,0.909,18.61
A0097,2025-05-09,355.2,3.98,9.82,16.97,0.909,17.13
A0097,2025-05-10,355.2,4.99,11.77,20.04,0.909,20.23
A0097,2025-05-11,355.2,5.37,10.91,17.68,0.909,17.84
A0097,2025-05-12,355.2,6.09,12.35,19.98,0.909,20.15
A0098,2025-04-29,316.2,3.68,16.67,37.68,0.909,38.16
A0098,2025-04-30,316.2,4.61,19.07,42.16,0.909,42.68
A0098,2025-05-01,316.2,3.23,15.49,35.2,0.909,35.65
A0098,2025-05-02,316.2,4.36,18.36,40.86,0.909,41.37
A0098,2025-05-03,316.2,4.64,18.95,41.73,0.909,42.24
A0098,2025-05-04,316.2,2.75,13.76,32.24,0.909,32.66
A0098,2025-05-05,316.2,3.7,16.25,36.77,0.909,37.24
A0098,2025-05-06,316.2,4.16,17.36,38.95,0.909,39.44
A0098,2025-05-07,316.2,4.91,19.14,42.21,0.909,42.74
A0098,2025-05-08,316.2,5.51,20.57,44.95,0.909,45.5
A0098,2025-05-09,316.2,5.99,21.82,47.57,0.909,48.16
A0098,2025-05-10,316.2,6.18,22.23,48.06,0.909,48.65
A0098,2025-05-11,316.2,3.65,15.5,35.59,0.909,36.04
A0098,2025-05-12,316.2,5.01,19.19,42.47,0.909,43.0
A0099,2025-04-29,320.2,20.18,30.53,44.79,0.909,45.11
A0099,2025-04-30,320.2,23.7,38.98,60.01,0.909,60.49
A0099,2025-05-01,320.2,17.89,27.93,41.76,0.909,42.08
A0099,2025-05-02,320.2,25.3,38.97,57.81,0.909,58.24
A0099,2025-05-03,320.2,25.13,38.67,57.31,0.909,57.73
A0099,2025-05-04,320.2,19.41,30.52,45.81,0.909,46.16
A0099,2025-05-05,320.2,20.77,31.39,46.01,0.909,46.34
A0099,2025-05-06,320.2,21.34,31.97,46.61,0.909,46.94
A0099,2025-05-07,320.2,21.2,31.64,46.03,0.909,46.36
A0099,2025-05-08,320.2,23.48,35.93,53.08,0.909,53.47
A0099,2025-05-09,320.2,26.46,40.21,59.15,0.909,59.59
A0099,2025-05-10,320.2,26.35,40.07,58.96,0.909,59.39
A0099,2025-05-11,320.2,17.6,26.75,39.34,0.909,39.63
A0099,2025-05-12,320.2,24.36,36.43,53.04,0.909,53.42
A0100,2025-04-29,6.7,33.17,47.66,65.15,0.556,50.09
A0100,2025-04-30,6.7,41.57,62.02,86.68,0.556,65.44
A0100,2025-05-01,6.7,28.75,42.23,58.5,0.556,44.49
A0100,2025-05-02,6.7,39.81,59.47,83.17,0.556,62.76
A0100,2025-05-03,6.7,39.65,57.5,79.04,0.556,60.5
A0100,2025-05-04,6.7,29.2,42.72,59.02,0.556,44.98
A0100,2025-05-05,6.7,29.61,43.15,59.47,0.556,45.41
A0100,2025-05-06,6.7,33.98,47.63,64.09,0.556,49.92
A0100,2025-05-07,6.7,34.81,50.67,69.8,0.556,53.33
A0100,2025-05-08,6.7,38.99,56.76,78.18,0.556,59.73
A0100,2025-05-09,6.7,41.82,62.56,87.57,0.556,66.03
A0100,2025-05-10,6.7,41.57,60.05,82.33,0.556,63.14
A0100,2025-05-11,6.7,26.18,37.2,50.5,0.556,39.05
A0100,2025-05-12,6.7,35.7,52.06,71.8,0.556,54.8
A0101,2025-04-29,5.8,100.96,141.49,192.3,0.556,148.54
A0101,2025-04-30,5.8,122.83,166.14,220.44,0.556,173.68
A0101,2025-05-01,5.8,83.23,112.19,148.5,0.556,117.23
A0101,2025-05-02,5.8,117.11,157.56,208.28,0.556,164.61
A0101,2025-05-03,5.8,115.49,155.66,206.04,0.556,162.66
A0101,2025-05-04,5.8,107.06,144.92,192.38,0.556,151.51
A0101,2025-05-05,5.8,92.5,125.72,167.36,0.556,131.5
A0101,2025-05-06,5.8,103.9,145.32,197.26,0.556,152.54
A0101,2025-05-07,5.8,102.82,140.09,186.82,0.556,146.58
A0101,2025-05-08,5.8,113.69,155.11,207.04,0.556,162.32
A0101,2025-05-09,5.8,120.01,160.46,211.17,0.556,167.5
A0101,2025-05-10,5.8,117.1,157.57,208.3,0.556,164.61
A0101,2025-05-11,5.8,95.11,131.39,176.89,0.556,137.71
A0101,2025-05-12,5.8,107.55,147.41,197.39,0.556,154.36
A0102,2025-04-29,299.6,6.24,9.81,15.03,0.909,15.15
A0102,2025-04-30,299.6,7.68,13.37,21.71,0.909,21.9
A0102,2025-05-01,299.6,5.56,7.75,10.96,0.909,11.03
A0102,2025-05-02,299.6,6.49,11.21,18.14,0.909,18.3
A0102,2025-05-03,299.6,6.75,11.3,17.98,0.909,18.13
A0102,2025-05-04,299.6,4.58,7.28,11.23,0.909,11.32
A0102,2025-05-05,299.6,5.28,8.46,13.12,0.909,13.23
A0102,2025-05-06,299.6,5.88,9.07,13.75,0.909,13.85
A0102,2025-05-07,299.6,6.2,11.31,18.81,0.909,18.98
A0102,2025-05-08,299.6,7.27,11.41,17.48,0.909,17.62
A0102,2025-05-09,299.6,7.29,12.35,19.76,0.909,19.93
A0102,2025-05-10,299.6,7.54,12.21,19.06,0.909,19.21
A0102,2025-05-11,299.6,4.95,7.21,10.53,0.909,10.6
A0102,2025-05-12,299.6,6.12,10.47,16.86,0.909,17.01
A0103,2025-04-29,3.4,38.11,57.06,79.25,0.556,60.14
A0103,2025-04-30,3.4,45.81,68.49,95.03,0.556,72.17
A0103,2025-05-01,3.4,30.6,44.4,60.56,0.556,46.65
A0103,2025-05-02,3.4,49.12,74.54,104.29,0.556,78.67
A0103,2025-05-03,3.4,48.63,74.29,104.33,0.556,78.47
A0103,2025-05-04,3.4,32.94,49.2,68.23,0.556,51.84
A0103,2025-05-05,3.4,36.76,52.99,71.99,0.556,55.63
A0103,2025-05-06,3.4,40.14,59.77,82.74,0.556,62.96
A0103,2025-05-07,3.4,39.3,56.75,77.17,0.556,59.59
A0103,2025-05-08,3.4,44.16,65.27,89.97,0.556,68.7
A0103,2025-05-09,3.4,51.03,76.24,105.74,0.556,80.33
A0103,2025-05-10,3.4,50.26,75.99,106.11,0.556,80.18
A0103,2025-05-11,3.4,29.01,43.89,61.3,0.556,46.31
A0103,2025-05-12,3.4,42.77,62.97,86.61,0.556,66.25
A0104,2025-04-29,354.1,76.33,111.41,156.94,0.909,157.98
A0104,2025-04-30,354.1,99.87,148.69,212.05,0.909,213.5
A0104,2025-05-01,354.1,76.48,111.78,157.59,0.909,158.63
A0104,2025-05-02,354.1,106.49,153.87,215.37,0.909,216.77
A0104,2025-05-03,354.1,102.96,152.32,216.38,0.909,217.84
A0104,2025-05-04,354.1,10.5,17.84,27.36,0.909,27.58
A0104,2025-05-05,354.1,11.04,18.21,27.53,0.909,27.74
A0104,2025-05-06,354.1,11.19,18.03,26.92,0.909,27.12
A0104,2025-05-07,354.1,12.85,21.13,31.89,0.909,32.13
A0104,2025-05-08,354.1,15.74,24.92,36.85,0.909,37.12
A0104,2025-05-09,354.1,16.2,25.74,38.13,0.909,38.41
A0104,2025-05-10,354.1,17.99,27.84,40.62,0.909,40.91
A0104,2025-05-11,354.1,11.16,17.6,25.97,0.909,26.16
A0104,2025-05-12,354.1,15.71,23.89,34.5,0.909,34.74
A0105,2025-04-29,4.8,84.36,119.23,162.04,0.556,125.18
A0105,2025-04-30,4.8,100.11,141.25,191.75,0.556,148.27
A0105,2025-05-01,4.8,66.09,90.0,119.33,0.556,94.07
A0105,2025-05-02,4.8,172.69,236.34,314.45,0.556,247.19
A0105,2025-05-03,4.8,173.39,237.86,316.99,0.556,248.85
A0105,2025-05-04,4.8,148.29,202.93,270.0,0.556,212.25
A0105,2025-05-05,4.8,68.97,99.4,136.74,0.556,104.59
A0105,2025-05-06,4.8,80.65,115.96,159.3,0.556,121.98
A0105,2025-05-07,4.8,84.59,116.75,156.21,0.556,122.23
A0105,2025-05-08,4.8,95.23,130.58,173.98,0.556,136.61
A0105,2025-05-09,4.8,103.73,142.38,189.81,0.556,148.97
A0105,2025-05-10,4.8,105.34,144.65,192.91,0.556,151.36
A0105,2025-05-11,4.8,73.67,103.3,139.67,0.556,108.36
A0105,2025-05-12,4.8,94.01,131.51,177.55,0.556,137.91
A0106,2025-04-29,380.5,7.96,20.74,38.16,0.909,38.56
A0106,2025-04-30,380.5,10.16,23.05,40.63,0.909,41.03
A0106,2025-05-01,380.5,3.44,7.77,13.68,0.909,13.81
A0106,2025-05-02,380.5,7.62,17.54,31.08,0.909,31.38
A0106,2025-05-03,380.5,7.49,17.13,30.27,0.909,30.57
A0106,2025-05-04,380.5,4.64,11.38,20.57,0.909,20.78
A0106,2025-05-05,380.5,5.75,12.88,22.6,0.909,22.82
A0106,2025-05-06,380.5,3.53,10.25,19.41,0.909,19.62
A0106,2025-05-07,380.5,3.64,11.56,22.36,0.909,22.6
A0106,2025-05-08,380.5,3.86,13.17,25.86,0.909,26.15
A0106,2025-05-09,380.5,4.63,14.24,27.34,0.909,27.64
A0106,2025-05-10,380.5,4.88,13.87,26.13,0.909,26.41
A0106,2025-05-11,380.5,3.05,8.83,16.72,0.909,16.9
A0106,2025-05-12,380.5,3.83,11.51,21.99,0.909,22.23
A0107,2025-04-29,5.3,40.3,58.22,82.54,0.556,61.59
A0107,2025-04-30,5.3,53.0,78.35,112.76,0.556,83.13
A0107,2025-05-01,5.3,33.14,47.96,68.07,0.556,50.75
A0107,2025-05-02,5.3,53.36,78.34,112.24,0.556,83.04
A0107,2025-05-03,5.3,52.77,75.51,106.39,0.556,79.8
A0107,2025-05-04,5.3,36.14,54.28,78.9,0.556,57.7
A0107,2025-05-05,5.3,38.11,54.57,76.9,0.556,57.67
A0107,2025-05-06,5.3,38.58,56.83,81.6,0.556,60.27
A0107,2025-05-07,5.3,42.13,59.72,83.59,0.556,63.03
A0107,2025-05-08,5.3,47.17,68.17,96.67,0.556,72.13
A0107,2025-05-09,5.3,57.23,82.98,117.93,0.556,87.84
A0107,2025-05-10,5.3,55.98,79.58,111.6,0.556,84.02
A0107,2025-05-11,5.3,33.08,48.81,70.15,0.556,51.77
A0107,2025-05-12,5.3,46.01,65.91,92.93,0.556,69.67
A0108,2025-04-29,5.6,33.03,49.88,70.01,0.556,52.68
A0108,2025-04-30,5.6,39.23,57.17,78.59,0.556,60.14
A0108,2025-05-01,5.6,26.42,40.74,57.86,0.556,43.12
A0108,2025-05-02,5.6,36.55,55.22,77.52,0.556,58.32
A0108,2025-05-03,5.6,38.19,57.33,80.2,0.556,60.51
A0108,2025-05-04,5.6,30.96,44.85,61.43,0.556,47.15
A0108,2025-05-05,5.6,30.17,46.22,65.38,0.556,48.88
A0108,2025-05-06,5.6,32.53,50.15,71.19,0.556,53.07
A0108,2025-05-07,5.6,33.29,48.85,67.45,0.556,51.44
A0108,2025-05-08,5.6,35.97,53.59,74.63,0.556,56.51
A0108,2025-05-09,5.6,38.82,57.67,80.19,0.556,60.8
A0108,2025-05-10,5.6,40.26,59.86,83.26,0.556,63.11
A0108,2025-05-11,5.6,28.67,42.67,59.39,0.556,44.99
A0108,2025-05-12,5.6,35.43,53.25,74.55,0.556,56.21
A0109,2025-04-29,34.9,14.6,20.04,26.3,0.909,26.44
A0109,2025-04-30,34.9,17.9,23.11,29.1,0.909,29.23
A0109,2025-05-01,34.9,12.95,16.61,20.83,0.909,20.93
A0109,2025-05-02,34.9,16.3,21.03,26.47,0.909,26.59
A0109,2025-05-03,34.9,15.55,20.82,26.88,0.909,27.02
A0109,2025-05-04,34.9,50.61,54.65,59.31,0.909,59.41
A0109,2025-05-05,34.9,61.51,64.99,69.0,0.909,69.09
A0109,2025-05-06,34.9,60.58,65.32,70.78,0.909,70.9
A0109,2025-05-07,34.9,70.96,76.57,83.03,0.909,83.18
A0109,2025-05-08,34.9,16.11,23.01,30.94,0.909,31.12
A0109,2025-05-09,34.9,20.46,26.31,33.03,0.909,33.19
A0109,2025-05-10,34.9,20.15,26.33,33.45,0.909,33.61
A0109,2025-05-11,34.9,15.0,19.1,23.82,0.909,23.93
A0109,2025-05-12,34.9,18.22,23.61,29.81,0.909,29.95
A0110,2025-04-29,13.3,39.95,61.81,88.27,0.909,88.87
A0110,2025-04-30,13.3,49.92,74.54,104.35,0.909,105.03
A0110,2025-05-01,13.3,35.1,53.43,75.63,0.909,76.13
A0110,2025-05-02,13.3,50.57,74.77,104.07,0.909,104.73
A0110,2025-05-03,13.3,53.21,79.77,111.93,0.909,112.66
A0110,2025-05-04,13.3,42.6,62.91,87.49,0.909,88.05
A0110,2025-05-05,13.3,41.52,63.19,89.42,0.909,90.01
A0110,2025-05-06,13.3,43.97,66.79,94.42,0.909,95.05
A0110,2025-05-07,13.3,43.78,63.65,87.7,0.909,88.25
A0110,2025-05-08,13.3,46.72,69.49,97.05,0.909,97.68
A0110,2025-05-09,13.3,50.33,74.03,102.73,0.909,103.38
A0110,2025-05-10,13.3,52.65,79.11,111.13,0.909,111.85
A0110,2025-05-11,13.3,36.91,56.05,79.21,0.909,79.74
A0110,2025-05-12,13.3,46.61,70.74,99.95,0.909,100.62
A0111,2025-04-29,5.2,26.48,37.97,50.67,0.556,39.73
A0111,2025-04-30,5.2,32.46,47.75,64.64,0.556,50.09
A0111,2025-05-01,5.2,21.29,32.09,44.03,0.556,33.75
A0111,2025-05-02,5.2,32.77,47.69,64.18,0.556,49.98
A0111,2025-05-03,5.2,32.51,47.14,63.3,0.556,49.38
A0111,2025-05-04,5.2,23.81,35.39,48.2,0.556,37.17
A0111,2025-05-05,5.2,25.11,37.09,50.33,0.556,38.93
A0111,2025-05-06,5.2,27.19,38.59,51.18,0.556,40.33
A0111,2025-05-07,5.2,27.23,38.37,50.67,0.556,40.08
A0111,2025-05-08,5.2,58.99,84.38,112.44,0.556,88.27
A0111,2025-05-09,5.2,67.31,98.18,132.3,0.556,102.92
A0111,2025-05-10,5.2,63.62,93.78,127.11,0.556,98.41
A0111,2025-05-11,5.2,40.75,60.71,82.77,0.556,63.77
A0111,2025-05-12,5.2,55.52,81.92,111.1,0.556,85.98
A0112,2025-04-29,5.5,31.88,50.45,71.93,0.556,53.43
A0112,2025-04-30,5.5,37.0,57.89,82.07,0.556,61.25
A0112,2025-05-01,5.5,26.61,41.74,59.25,0.556,44.17
A0112,2025-05-02,5.5,38.17,59.37,83.88,0.556,62.77
A0112,2025-05-03,5.5,38.86,59.56,83.5,0.556,62.88
A0112,2025-05-04,5.5,26.67,41.99,59.71,0.556,44.45
A0112,2025-05-05,5.5,30.46,46.78,65.66,0.556,49.4
A0112,2025-05-06,5.5,31.99,50.5,71.91,0.556,53.47
A0112,2025-05-07,5.5,30.96,48.5,68.8,0.556,51.32
A0112,2025-05-08,5.5,35.84,55.97,79.26,0.556,59.2
A0112,2025-05-09,5.5,39.41,61.41,86.86,0.556,64.94
A0112,2025-05-10,5.5,40.19,61.62,86.42,0.556,65.06
A0112,2025-05-11,5.5,25.14,39.55,56.22,0.556,41.87
A0112,2025-05-12,5.5,35.2,54.17,76.12,0.556,57.22
A0113,2025-04-29,311.0,14.02,22.41,33.99,0.909,34.25
A0113,2025-04-30,311.0,16.96,28.49,44.38,0.909,44.74
A0113,2025-05-01,311.0,11.94,18.49,27.53,0.909,27.73
A0113,2025-05-02,311.0,17.79,28.23,42.63,0.909,42.96
A0113,2025-05-03,311.0,17.54,28.52,43.65,0.909,43.99
A0113,2025-05-04,311.0,11.94,20.1,31.35,0.909,31.61
A0113,2025-05-05,311.0,13.26,21.28,32.33,0.909,32.58
A0113,2025-05-06,311.0,13.73,21.94,33.26,0.909,33.52
A0113,2025-05-07,311.0,14.76,24.07,36.91,0.909,37.2
A0113,2025-05-08,311.0,16.66,26.36,39.72,0.909,40.03
A0113,2025-05-09,311.0,18.34,28.77,43.15,0.909,43.47
A0113,2025-05-10,311.0,18.13,28.99,43.97,0.909,44.31
A0113,2025-05-11,311.0,11.35,18.38,28.09,0.909,28.31
A0113,2025-05-12,311.0,16.02,25.85,39.41,0.909,39.72
A0114,2025-04-29,4.5,90.03,132.39,182.49,0.556,139.35
A0114,2025-04-30,4.5,115.92,178.07,251.59,0.556,188.28
A0114,2025-05-01,4.5,76.25,113.98,158.6,0.556,120.17
A0114,2025-05-02,4.5,107.5,158.4,218.59,0.556,166.76
A0114,2025-05-03,4.5,109.07,160.94,222.29,0.556,169.46
A0114,2025-05-04,4.5,98.32,146.35,203.16,0.556,154.24
A0114,2025-05-05,4.5,88.2,129.66,178.69,0.556,136.47
A0114,2025-05-06,4.5,93.83,137.5,189.16,0.556,144.68
A0114,2025-05-07,4.5,97.41,144.76,200.76,0.556,152.54
A0114,2025-05-08,4.5,101.38,148.81,204.92,0.556,156.6
A0114,2025-05-09,4.5,108.4,157.84,216.31,0.556,165.96
A0114,2025-05-10,4.5,108.11,159.04,219.27,0.556,167.4
A0114,2025-05-11,4.5,82.53,125.12,175.48,0.556,132.11
A0114,2025-05-12,4.5,98.9,145.38,200.37,0.556,153.02
A0115,2025-04-29,7.6,73.15,105.16,145.06,0.556,110.7
A0115,2025-04-30,7.6,87.23,127.59,177.92,0.556,134.58
A0115,2025-05-01,7.6,64.39,91.25,124.73,0.556,95.9
A0115,2025-05-02,7.6,85.1,116.65,155.98,0.556,122.11
A0115,2025-05-03,7.6,87.54,122.26,165.56,0.556,128.28
A0115,2025-05-04,7.6,82.09,117.11,160.77,0.556,123.17
A0115,2025-05-05,7.6,71.7,100.09,135.48,0.556,105.0
A0115,2025-05-06,7.6,78.62,110.52,150.29,0.556,116.04
A0115,2025-05-07,7.6,73.24,105.11,144.85,0.556,110.63
A0115,2025-05-08,7.6,82.08,116.25,158.86,0.556,122.17
A0115,2025-05-09,7.6,83.21,114.94,154.51,0.556,120.44
A0115,2025-05-10,7.6,85.92,120.8,164.29,0.556,126.84
A0115,2025-05-11,7.6,70.39,100.68,138.46,0.556,105.93
A0115,2025-05-12,7.6,79.83,112.75,153.8,0.556,118.45
A0116,2025-04-29,426.6,7.57,13.43,20.95,0.909,21.12
A0116,2025-04-30,426.6,8.79,16.42,26.2,0.909,26.42
A0116,2025-05-01,426.6,6.44,11.27,17.45,0.909,17.59
A0116,2025-05-02,426.6,9.57,17.23,27.04,0.909,27.26
A0116,2025-05-03,426.6,10.81,17.84,26.86,0.909,27.06
A0116,2025-05-04,426.6,6.72,12.54,20.0,0.909,20.17
A0116,2025-05-05,426.6,7.64,12.99,19.84,0.909,20.0
A0116,2025-05-06,426.6,7.58,13.37,20.79,0.909,20.96
A0116,2025-05-07,426.6,7.93,13.8,21.32,0.909,21.5
A0116,2025-05-08,426.6,9.2,15.9,24.49,0.909,24.69
A0116,2025-05-09,426.6,9.97,17.58,27.32,0.909,27.55
A0116,2025-05-10,426.6,11.17,18.13,27.06,0.909,27.27
A0116,2025-05-11,426.6,6.34,11.27,17.59,0.909,17.74
A0116,2025-05-12,426.6,9.02,15.42,23.62,0.909,23.8
A0117,2025-04-29,6.5,42.4,101.62,192.53,0.556,114.24
A0117,2025-04-30,6.5,55.42,126.88,238.0,0.556,142.31
A0117,2025-05-01,6.5,36.25,87.27,166.96,0.556,98.34
A0117,2025-05-02,6.5,57.06,129.09,241.2,0.556,144.66
A0117,2025-05-03,6.5,57.45,129.66,240.88,0.556,145.11
A0117,2025-05-04,6.5,39.59,92.6,177.5,0.556,104.39
A0117,2025-05-05,6.5,43.0,99.92,189.57,0.556,112.37
A0117,2025-05-06,6.5,44.77,104.73,198.88,0.556,117.81
A0117,2025-05-07,6.5,46.28,108.23,204.68,0.556,121.62
A0117,2025-05-08,6.5,53.15,121.49,228.33,0.556,136.33
A0117,2025-05-09,6.5,60.12,135.12,253.5,0.556,151.56
A0117,2025-05-10,6.5,60.6,135.81,253.08,0.556,152.1
A0117,2025-05-11,6.5,35.28,83.84,161.33,0.556,94.61
A0117,2025-05-12,6.5,52.84,120.33,226.29,0.556,135.05
A0118,2025-04-29,324.0,0.0,11.75,24.05,0.909,24.32
A0118,2025-04-30,324.0,0.0,14.09,33.74,0.909,34.19
A0118,2025-05-01,324.0,4.87,16.12,27.87,0.909,28.14
A0118,2025-05-02,324.0,8.06,21.92,36.4,0.909,36.72
A0118,2025-05-03,324.0,10.53,25.98,42.13,0.909,42.5
A0118,2025-05-04,324.0,5.8,20.99,36.85,0.909,37.22
A0118,2025-05-05,324.0,8.8,22.01,35.8,0.909,36.12
A0118,2025-05-06,324.0,5.39,17.77,30.7,0.909,31.0
A0118,2025-05-07,324.0,0.21,12.01,24.34,0.909,24.62
A0118,2025-05-08,324.0,1.92,13.99,26.61,0.909,26.9
A0118,2025-05-09,324.0,6.21,17.98,30.28,0.909,30.56
A0118,2025-05-10,324.0,6.13,19.53,33.53,0.909,33.85
A0118,2025-05-11,324.0,0.9,11.75,23.09,0.909,23.35
A0118,2025-05-12,324.0,3.34,16.86,30.99,0.909,31.31
A0119,2025-04-29,3.1,39.25,61.52,88.04,0.556,65.2
A0119,2025-04-30,3.1,54.7,82.1,114.72,0.556,86.63
A0119,2025-05-01,3.1,32.83,51.52,73.77,0.556,54.61
A0119,2025-05-02,3.1,53.75,83.44,118.79,0.556,88.35
A0119,2025-05-03,3.1,51.98,83.22,120.43,0.556,88.39
A0119,2025-05-04,3.1,36.15,54.38,76.08,0.556,57.39
A0119,2025-05-05,3.1,37.0,57.3,81.48,0.556,60.66
A0119,2025-05-06,3.1,40.13,61.98,87.99,0.556,65.59
A0119,2025-05-07,3.1,39.66,62.26,89.18,0.556,66.0
A0119,2025-05-08,3.1,45.17,71.2,102.19,0.556,75.5
A0119,2025-05-09,3.1,51.09,80.75,116.07,0.556,85.65
A0119,2025-05-10,3.1,50.23,81.24,118.16,0.556,86.37
A0119,2025-05-11,3.1,28.95,44.9,63.89,0.556,47.54
A0119,2025-05-12,3.1,44.33,68.58,97.44,0.556,72.58
A0120,2025-04-29,2.4,52.48,76.86,105.9,0.556,80.9
A0120,2025-04-30,2.4,81.11,116.9,159.52,0.556,122.82
A0120,2025-05-01,2.4,46.93,65.9,88.5,0.556,69.04
A0120,2025-05-02,2.4,74.52,106.4,144.36,0.556,111.67
A0120,2025-05-03,2.4,76.03,107.39,144.74,0.556,112.58
A0120,2025-05-04,2.4,46.99,66.25,89.18,0.556,69.43
A0120,2025-05-05,2.4,53.46,76.03,102.91,0.556,79.76
A0120,2025-05-06,2.4,52.94,76.68,104.94,0.556,80.6
A0120,2025-05-07,2.4,257.58,361.15,484.49,0.556,378.28
A0120,2025-05-08,2.4,293.52,387.24,498.84,0.556,402.74
A0120,2025-05-09,2.4,344.59,473.4,626.8,0.556,494.71
A0120,2025-05-10,2.4,58.89,90.52,128.19,0.556,95.75
A0120,2025-05-11,2.4,29.65,45.48,64.33,0.556,48.1
A0120,2025-05-12,2.4,52.07,77.52,107.82,0.556,81.73
A0121,2025-04-29,4.5,76.75,108.12,142.84,0.556,112.94
A0121,2025-04-30,4.5,101.15,138.06,178.92,0.556,143.73
A0121,2025-05-01,4.5,64.07,88.79,116.15,0.556,92.59
A0121,2025-05-02,4.5,82.43,116.11,153.4,0.556,121.29
A0121,2025-05-03,4.5,86.3,121.22,159.88,0.556,126.59
A0121,2025-05-04,4.5,72.25,102.64,136.28,0.556,107.31
A0121,2025-05-05,4.5,65.76,92.67,122.45,0.556,96.8
A0121,2025-05-06,4.5,72.8,103.67,137.85,0.556,108.42
A0121,2025-05-07,4.5,71.08,100.95,134.02,0.556,105.54
A0121,2025-05-08,4.5,79.89,113.76,151.24,0.556,118.96
A0121,2025-05-09,4.5,82.91,116.48,153.65,0.556,121.64
A0121,2025-05-10,4.5,88.28,122.92,161.26,0.556,128.24
A0121,2025-05-11,4.5,64.0,89.77,118.29,0.556,93.73
A0121,2025-05-12,4.5,78.13,111.41,148.25,0.556,116.53
A0122,2025-04-29,6.6,35.91,51.62,73.8,0.556,54.7
A0122,2025-04-30,6.6,45.92,67.2,97.25,0.556,71.37
A0122,2025-05-01,6.6,30.23,42.77,60.49,0.556,45.23
A0122,2025-05-02,6.6,44.5,65.33,94.76,0.556,69.42
A0122,2025-05-03,6.6,44.47,64.05,91.72,0.556,67.9
A0122,2025-05-04,6.6,34.89,50.9,73.5,0.556,54.04
A0122,2025-05-05,6.6,35.61,49.75,69.72,0.556,52.52
A0122,2025-05-06,6.6,35.98,51.44,73.29,0.556,54.48
A0122,2025-05-07,6.6,38.2,54.65,77.9,0.556,57.88
A0122,2025-05-08,6.6,91.07,127.18,178.2,0.556,134.27
A0122,2025-05-09,6.6,105.15,147.7,207.81,0.556,156.05
A0122,2025-05-10,6.6,99.25,138.98,195.1,0.556,146.77
A0122,2025-05-11,6.6,65.21,92.05,129.96,0.556,97.32
A0122,2025-05-12,6.6,89.07,124.94,175.62,0.556,131.98
A0123,2025-04-29,199.6,9.95,15.61,23.68,0.909,23.87
A0123,2025-04-30,199.6,12.18,17.8,25.81,0.909,26.0
A0123,2025-05-01,199.6,8.08,13.19,20.49,0.909,20.65
A0123,2025-05-02,199.6,12.17,19.99,31.15,0.909,31.4
A0123,2025-05-03,199.6,11.96,19.23,29.6,0.909,29.83
A0123,2025-05-04,199.6,7.68,11.8,17.68,0.909,17.82
A0123,2025-05-05,199.6,8.76,14.51,22.72,0.909,22.91
A0123,2025-05-06,199.6,9.89,15.13,22.6,0.909,22.77
A0123,2025-05-07,199.6,19.15,30.84,47.53,0.909,47.91
A0123,2025-05-08,199.6,20.39,31.57,47.54,0.909,47.9
A0123,2025-05-09,199.6,22.36,37.66,59.5,0.909,60.0
A0123,2025-05-10,199.6,21.34,35.21,55.01,0.909,55.46
A0123,2025-05-11,199.6,13.38,20.91,31.66,0.909,31.9
A0123,2025-05-12,199.6,17.72,29.71,46.83,0.909,47.22
A0124,2025-04-29,5.6,175.14,248.52,346.99,0.556,262.2
A0124,2025-04-30,5.6,217.31,338.16,500.31,0.556,360.68
A0124,2025-05-01,5.6,151.8,221.6,315.25,0.556,234.6
A0124,2025-05-02,5.6,199.2,286.04,402.55,0.556,302.22
A0124,2025-05-03,5.6,199.22,277.61,382.8,0.556,292.22
A0124,2025-05-04,5.6,185.93,276.06,397.0,0.556,292.86
A0124,2025-05-05,5.6,159.13,227.59,319.45,0.556,240.35
A0124,2025-05-06,5.6,179.49,252.27,349.93,0.556,265.84
A0124,2025-05-07,5.6,176.17,256.35,363.93,0.556,271.29
A0124,2025-05-08,5.6,187.8,269.46,379.02,0.556,284.67
A0124,2025-05-09,5.6,195.65,280.74,394.92,0.556,296.6
A0124,2025-05-10,5.6,196.83,273.46,376.28,0.556,287.74
A0124,2025-05-11,5.6,157.88,225.13,315.37,0.556,237.66
A0124,2025-05-12,5.6,186.66,262.63,364.58,0.556,276.79
A0125,2025-04-29,2.8,13.81,21.98,31.85,0.556,23.35
A0125,2025-04-30,2.8,18.51,30.28,44.49,0.556,32.25
A0125,2025-05-01,2.8,11.69,19.67,29.31,0.556,21.01
A0125,2025-05-02,2.8,17.41,28.45,41.78,0.556,30.3
A0125,2025-05-03,2.8,16.92,27.7,40.72,0.556,29.51
A0125,2025-05-04,2.8,11.53,19.72,29.61,0.556,21.1
A0125,2025-05-05,2.8,13.09,21.65,31.99,0.556,23.08
A0125,2025-05-06,2.8,13.57,22.03,32.26,0.556,23.45
A0125,2025-05-07,2.8,13.18,21.54,31.65,0.556,22.95
A0125,2025-05-08,2.8,15.36,25.0,36.65,0.556,26.62
A0125,2025-05-09,2.8,17.37,28.17,41.22,0.556,29.99
A0125,2025-05-10,2.8,17.34,28.03,40.93,0.556,29.82
A0125,2025-05-11,2.8,10.1,17.21,25.8,0.556,18.41
A0125,2025-05-12,2.8,15.21,24.62,35.97,0.556,26.19
A0126,2025-04-29,6.0,153.9,221.39,307.21,0.556,233.31
A0126,2025-04-30,6.0,194.09,283.65,397.5,0.556,299.46
A0126,2025-05-01,6.0,125.69,189.61,270.87,0.556,200.89
A0126,2025-05-02,6.0,197.77,287.51,401.61,0.556,303.36
A0126,2025-05-03,6.0,199.16,284.78,393.64,0.556,299.9
A0126,2025-05-04,6.0,149.33,215.02,298.53,0.556,226.62
A0126,2025-05-05,6.0,143.63,210.05,294.5,0.556,221.78
A0126,2025-05-06,6.0,154.04,223.09,310.88,0.556,235.28
A0126,2025-05-07,6.0,162.44,230.96,318.07,0.556,243.06
A0126,2025-05-08,6.0,180.06,260.58,362.94,0.556,274.79
A0126,2025-05-09,6.0,208.36,300.97,418.71,0.556,317.32
A0126,2025-05-10,6.0,208.29,297.15,410.13,0.556,312.85
A0126,2025-05-11,6.0,128.3,186.88,261.36,0.556,197.22
A0126,2025-05-12,6.0,176.12,252.69,350.04,0.556,266.21
A0127,2025-04-29,2.5,26.0,39.93,56.47,0.556,42.23
A0127,2025-04-30,2.5,36.82,53.99,74.38,0.556,56.82
A0127,2025-05-01,2.5,24.43,37.83,53.73,0.556,40.04
A0127,2025-05-02,2.5,36.76,54.65,75.9,0.556,57.6
A0127,2025-05-03,2.5,37.31,56.09,78.39,0.556,59.19
A0127,2025-05-04,2.5,24.78,36.13,49.61,0.556,38.0
A0127,2025-05-05,2.5,51.88,79.7,112.73,0.556,84.28
A0127,2025-05-06,2.5,51.01,78.0,110.06,0.556,82.46
A0127,2025-05-07,2.5,48.53,75.12,106.7,0.556,79.51
A0127,2025-05-08,2.5,25.2,40.16,57.92,0.556,42.63
A0127,2025-05-09,2.5,30.54,48.43,69.67,0.556,51.38
A0127,2025-05-10,2.5,32.46,51.05,73.12,0.556,54.11
A0127,2025-05-11,2.5,18.58,27.97,39.11,0.556,29.51
A0127,2025-05-12,2.5,29.21,43.92,61.39,0.556,46.35
A0128,2025-04-29,405.5,11.52,20.14,30.54,0.909,30.78
A0128,2025-04-30,405.5,13.26,23.96,36.87,0.909,37.17
A0128,2025-05-01,405.5,10.06,17.13,25.66,0.909,25.86
A0128,2025-05-02,405.5,11.65,20.79,31.81,0.909,32.06
A0128,2025-05-03,405.5,12.71,23.15,35.75,0.909,36.03
A0128,2025-05-04,405.5,11.55,21.13,32.7,0.909,32.96
A0128,2025-05-05,405.5,10.81,19.5,30.0,0.909,30.24
A0128,2025-05-06,405.5,10.92,19.87,30.68,0.909,30.92
A0128,2025-05-07,405.5,8.13,16.64,26.92,0.909,27.15
A0128,2025-05-08,405.5,9.7,18.39,28.87,0.909,29.11
A0128,2025-05-09,405.5,9.27,17.64,27.74,0.909,27.97
A0128,2025-05-10,405.5,11.35,21.06,32.78,0.909,33.04
A0128,2025-05-11,405.5,9.77,18.07,28.08,0.909,28.31
A0128,2025-05-12,405.5,11.66,21.29,32.91,0.909,33.17
A0129,2025-04-29,6.2,24.0,33.24,46.17,0.556,35.04
A0129,2025-04-30,6.2,29.85,41.99,58.97,0.556,44.35
A0129,2025-05-01,6.2,20.81,30.51,44.07,0.556,32.4
A0129,2025-05-02,6.2,28.08,39.79,56.17,0.556,42.07
A0129,2025-05-03,6.2,28.07,40.17,57.08,0.556,42.52
A0129,2025-05-04,6.2,20.06,29.18,41.93,0.556,30.95
A0129,2025-05-05,6.2,21.74,31.73,45.69,0.556,33.67
A0129,2025-05-06,6.2,21.72,30.43,42.61,0.556,32.12
A0129,2025-05-07,6.2,24.36,33.86,47.13,0.556,35.7
A0129,2025-05-08,6.2,27.35,37.32,51.25,0.556,39.26
A0129,2025-05-09,6.2,30.48,42.67,59.71,0.556,45.04
A0129,2025-05-10,6.2,30.12,42.45,59.68,0.556,44.84
A0129,2025-05-11,6.2,19.94,27.5,38.08,0.556,28.97
A0129,2025-05-12,6.2,26.72,36.92,51.19,0.556,38.91
A0130,2025-04-29,3.0,36.57,57.76,80.78,0.556,60.96
A0130,2025-04-30,3.0,48.59,74.43,102.49,0.556,78.33
A0130,2025-05-01,3.0,31.55,49.15,68.27,0.556,51.81
A0130,2025-05-02,3.0,48.4,75.67,105.29,0.556,79.79
A0130,2025-05-03,3.0,49.37,78.32,109.76,0.556,82.69
A0130,2025-05-04,3.0,33.92,51.58,70.76,0.556,54.25
A0130,2025-05-05,3.0,36.52,56.39,77.96,0.556,59.38
A0130,2025-05-06,3.0,37.36,58.66,81.79,0.556,61.87
A0130,2025-05-07,3.0,36.82,56.83,78.55,0.556,59.84
A0130,2025-05-08,3.0,42.85,65.76,90.64,0.556,69.22
A0130,2025-05-09,3.0,50.09,77.06,106.35,0.556,81.13
A0130,2025-05-10,3.0,50.49,79.16,110.31,0.556,83.49
A0130,2025-05-11,3.0,28.68,44.13,60.91,0.556,46.46
A0130,2025-05-12,3.0,41.62,64.33,88.99,0.556,67.75
A0131,2025-04-29,357.6,2.84,7.37,13.98,0.909,14.13
A0131,2025-04-30,357.6,3.44,9.82,19.14,0.909,19.36
A0131,2025-05-01,357.6,2.43,6.15,11.57,0.909,11.69
A0131,2025-05-02,357.6,3.3,8.85,16.94,0.909,17.13
A0131,2025-05-03,357.6,3.3,9.34,18.15,0.909,18.36
A0131,2025-05-04,357.6,2.09,5.98,11.65,0.909,11.78
A0131,2025-05-05,357.6,2.34,6.31,12.09,0.909,12.22
A0131,2025-05-06,357.6,2.86,6.93,12.87,0.909,13.01
A0131,2025-05-07,357.6,2.99,8.69,17.01,0.909,17.2
A0131,2025-05-08,357.6,3.52,8.96,16.9,0.909,17.09
A0131,2025-05-09,357.6,3.52,10.24,20.04,0.909,20.26
A0131,2025-05-10,357.6,3.45,10.44,20.63,0.909,20.86
A0131,2025-05-11,357.6,2.15,5.83,11.19,0.909,11.31
A0131,2025-05-12,357.6,2.69,7.61,14.8,0.909,14.96
A0132,2025-04-29,5.3,65.12,81.66,99.21,0.556,84.1
A0132,2025-04-30,5.3,79.69,99.02,119.51,0.556,101.87
A0132,2025-05-01,5.3,57.18,80.46,105.13,0.556,83.88
A0132,2025-05-02,5.3,86.86,111.49,137.6,0.556,115.12
A0132,2025-05-03,5.3,89.97,120.79,153.46,0.556,125.33
A0132,2025-05-04,5.3,67.41,82.06,97.59,0.556,84.22
A0132,2025-05-05,5.3,67.18,90.68,115.59,0.556,94.14
A0132,2025-05-06,5.3,70.64,86.52,103.35,0.556,88.86
A0132,2025-05-07,5.3,68.51,88.61,109.92,0.556,91.57
A0132,2025-05-08,5.3,78.12,101.27,125.81,0.556,104.68
A0132,2025-05-09,5.3,87.33,111.97,138.1,0.556,115.6
A0132,2025-05-10,5.3,90.84,121.15,153.28,0.556,125.61
A0132,2025-05-11,5.3,56.14,70.26,85.23,0.556,72.34
A0132,2025-05-12,5.3,145.67,169.26,194.26,0.556,172.73
A0133,2025-04-29,420.4,0.0,2.52,12.2,0.909,12.42
A0133,2025-04-30,420.4,0.08,5.12,17.5,0.909,17.78
A0133,2025-05-01,420.4,0.0,4.64,16.13,0.909,16.39
A0133,2025-05-02,420.4,0.02,6.3,19.83,0.909,20.14
A0133,2025-05-03,420.4,0.17,7.57,22.22,0.909,22.55
A0133,2025-05-04,420.4,0.23,7.38,21.86,0.909,22.19
A0133,2025-05-05,420.4,0.12,7.34,21.61,0.909,21.93
A0133,2025-05-06,420.4,0.11,7.7,22.44,0.909,22.77
A0133,2025-05-07,420.4,0.1,7.89,22.73,0.909,23.07
A0133,2025-05-08,420.4,0.35,9.0,25.28,0.909,25.65
A0133,2025-05-09,420.4,0.45,9.53,26.67,0.909,27.06
A0133,2025-05-10,420.4,0.85,10.9,29.25,0.909,29.67
A0133,2025-05-11,420.4,0.55,9.39,25.64,0.909,26.01
A0133,2025-05-12,420.4,1.1,11.52,30.32,0.909,30.75
A0134,2025-04-29,6.1,86.88,120.18,164.84,0.556,126.38
A0134,2025-04-30,6.1,106.08,143.93,194.69,0.556,150.98
A0134,2025-05-01,6.1,76.6,108.83,152.06,0.556,114.83
A0134,2025-05-02,6.1,97.46,134.46,184.09,0.556,141.36
A0134,2025-05-03,6.1,96.53,132.15,179.92,0.556,138.79
A0134,2025-05-04,6.1,85.39,118.23,162.26,0.556,124.34
A0134,2025-05-05,6.1,82.0,115.15,159.6,0.556,121.32
A0134,2025-05-06,6.1,87.75,121.39,166.49,0.556,127.65
A0134,2025-05-07,6.1,86.28,119.52,164.11,0.556,125.72
A0134,2025-05-08,6.1,99.56,139.04,191.97,0.556,146.39
A0134,2025-05-09,6.1,99.49,136.81,186.86,0.556,143.76
A0134,2025-05-10,6.1,98.83,134.88,183.23,0.556,141.6
A0134,2025-05-11,6.1,77.85,109.29,151.44,0.556,115.14
A0134,2025-05-12,6.1,93.5,130.32,179.71,0.556,137.18
A0135,2025-04-29,3.3,60.65,81.58,108.48,0.556,85.32
A0135,2025-04-30,3.3,79.98,105.81,139.03,0.556,110.43
A0135,2025-05-01,3.3,52.12,73.71,101.46,0.556,77.56
A0135,2025-05-02,3.3,81.79,112.98,153.07,0.556,118.54
A0135,2025-05-03,3.3,82.7,115.23,157.05,0.556,121.04
A0135,2025-05-04,3.3,54.43,72.76,96.33,0.556,76.04
A0135,2025-05-05,3.3,58.31,80.29,108.54,0.556,84.21
A0135,2025-05-06,3.3,64.91,86.41,114.04,0.556,90.25
A0135,2025-05-07,3.3,63.62,84.43,111.17,0.556,88.14
A0135,2025-05-08,3.3,73.08,99.07,132.47,0.556,103.7
A0135,2025-05-09,3.3,81.32,111.05,149.27,0.556,116.36
A0135,2025-05-10,3.3,82.62,113.95,154.24,0.556,119.55
A0135,2025-05-11,3.3,136.3,186.22,250.38,0.556,195.13
A0135,2025-05-12,3.3,224.5,314.93,431.18,0.556,331.08
A0136,2025-04-29,3.4,40.01,61.98,87.05,0.556,65.46
A0136,2025-04-30,3.4,53.04,80.06,110.9,0.556,84.34
A0136,2025-05-01,3.4,35.46,54.19,75.56,0.556,57.16
A0136,2025-05-02,3.4,53.93,81.8,113.63,0.556,86.22
A0136,2025-05-03,3.4,54.33,83.24,116.25,0.556,87.83
A0136,2025-05-04,3.4,37.58,54.6,74.02,0.556,57.29
A0136,2025-05-05,3.4,41.81,63.01,87.21,0.556,66.37
A0136,2025-05-06,3.4,40.41,62.02,86.68,0.556,65.44
A0136,2025-05-07,3.4,39.63,61.46,86.37,0.556,64.92
A0136,2025-05-08,3.4,46.42,71.75,100.67,0.556,75.77
A0136,2025-05-09,3.4,52.88,80.73,112.53,0.556,85.15
A0136,2025-05-10,3.4,53.25,81.99,114.8,0.556,86.55
A0136,2025-05-11,3.4,31.12,45.98,62.95,0.556,48.34
A0136,2025-05-12,3.4,46.76,71.44,99.61,0.556,75.35
A0137,2025-04-29,6.1,25.32,44.31,69.13,0.556,47.76
A0137,2025-04-30,6.1,34.05,58.84,91.23,0.556,63.33
A0137,2025-05-01,6.1,23.36,41.2,64.52,0.556,44.44
A0137,2025-05-02,6.1,32.18,58.33,92.51,0.556,63.07
A0137,2025-05-03,6.1,33.41,58.64,91.61,0.556,63.22
A0137,2025-05-04,6.1,24.95,42.99,66.58,0.556,46.27
A0137,2025-05-05,6.1,27.24,45.22,68.72,0.556,48.48
A0137,2025-05-06,6.1,27.6,45.34,68.52,0.556,48.56
A0137,2025-05-07,6.1,23.82,45.22,73.2,0.556,49.11
A0137,2025-05-08,6.1,27.8,51.02,81.36,0.556,55.23
A0137,2025-05-09,6.1,29.32,58.83,97.4,0.556,64.19
A0137,2025-05-10,6.1,32.29,60.07,96.4,0.556,65.12
A0137,2025-05-11,6.1,20.99,37.84,59.85,0.556,40.89
A0137,2025-05-12,6.1,29.84,50.52,77.54,0.556,54.27
A0138,2025-04-29,4.7,22.54,34.07,49.39,0.556,36.2
A0138,2025-04-30,4.7,27.25,42.14,61.92,0.556,44.89
A0138,2025-05-01,4.7,18.69,29.02,42.74,0.556,30.93
A0138,2025-05-02,4.7,33.09,47.85,67.45,0.556,50.57
A0138,2025-05-03,4.7,32.89,48.94,70.27,0.556,51.9
A0138,2025-05-04,4.7,23.57,36.78,54.33,0.556,39.22
A0138,2025-05-05,4.7,26.31,40.43,59.19,0.556,43.04
A0138,2025-05-06,4.7,26.16,40.46,59.46,0.556,43.1
A0138,2025-05-07,4.7,22.12,32.79,46.96,0.556,34.76
A0138,2025-05-08,4.7,23.35,34.82,50.06,0.556,36.94
A0138,2025-05-09,4.7,28.24,40.61,57.03,0.556,42.89
A0138,2025-05-10,4.7,28.55,41.98,59.82,0.556,44.46
A0138,2025-05-11,4.7,18.49,27.7,39.94,0.556,29.4
A0138,2025-05-12,4.7,25.24,37.31,53.34,0.556,39.54
A0139,2025-04-29,6.3,161.54,228.85,307.58,0.556,239.78
A0139,2025-04-30,6.3,211.76,308.37,421.37,0.556,324.06
A0139,2025-05-01,6.3,132.53,190.81,258.99,0.556,200.28
A0139,2025-05-02,6.3,203.99,292.19,395.35,0.556,306.52
A0139,2025-05-03,6.3,208.14,293.11,392.49,0.556,306.91
A0139,2025-05-04,6.3,155.62,225.5,307.23,0.556,236.85
A0139,2025-05-05,6.3,146.33,207.62,279.32,0.556,217.58
A0139,2025-05-06,6.3,157.8,225.87,305.48,0.556,236.92
A0139,2025-05-07,6.3,162.22,230.29,309.92,0.556,241.35
A0139,2025-05-08,6.3,187.34,269.29,365.13,0.556,282.6
A0139,2025-05-09,6.3,212.96,305.72,414.22,0.556,320.79
A0139,2025-05-10,6.3,214.81,304.21,408.79,0.556,318.74
A0139,2025-05-11,6.3,131.86,190.8,259.74,0.556,200.37
A0139,2025-05-12,6.3,180.12,256.2,345.18,0.556,268.56
A0140,2025-04-29,5.1,15.99,25.88,37.41,0.556,27.48
A0140,2025-04-30,5.1,20.3,33.89,49.72,0.556,36.09
A0140,2025-05-01,5.1,13.93,22.63,32.77,0.556,24.04
A0140,2025-05-02,5.1,19.13,30.49,43.72,0.556,32.33
A0140,2025-05-03,5.1,19.47,31.8,46.15,0.556,33.79
A0140,2025-05-04,5.1,16.44,26.91,39.1,0.556,28.6
A0140,2025-05-05,5.1,15.24,25.23,36.85,0.556,26.84
A0140,2025-05-06,5.1,15.92,26.03,37.8,0.556,27.66
A0140,2025-05-07,5.1,18.76,29.63,42.29,0.556,31.39
A0140,2025-05-08,5.1,19.03,30.77,44.44,0.556,32.67
A0140,2025-05-09,5.1,20.04,31.23,44.26,0.556,33.04
A0140,2025-05-10,5.1,20.08,32.32,46.58,0.556,34.3
A0140,2025-05-11,5.1,14.89,24.37,35.41,0.556,25.91
A0140,2025-05-12,5.1,18.37,30.05,43.66,0.556,31.94
A0141,2025-04-29,5.8,31.57,47.69,65.6,0.556,50.17
A0141,2025-04-30,5.8,38.25,60.98,86.23,0.556,64.48
A0141,2025-05-01,5.8,26.39,39.14,53.32,0.556,41.11
A0141,2025-05-02,5.8,35.69,53.34,72.96,0.556,56.07
A0141,2025-05-03,5.8,37.16,55.07,74.98,0.556,57.84
A0141,2025-05-04,5.8,30.64,46.85,64.88,0.556,49.36
A0141,2025-05-05,5.8,30.13,46.1,63.84,0.556,48.56
A0141,2025-05-06,5.8,32.09,47.85,65.37,0.556,50.28
A0141,2025-05-07,5.8,33.61,50.1,68.42,0.556,52.64
A0141,2025-05-08,5.8,35.88,52.3,70.55,0.556,54.83
A0141,2025-05-09,5.8,38.09,56.11,76.14,0.556,58.89
A0141,2025-05-10,5.8,38.91,57.04,77.18,0.556,59.83
A0141,2025-05-11,5.8,28.02,41.53,56.54,0.556,43.61
A0141,2025-05-12,5.8,35.1,53.34,73.63,0.556,56.16
A0142,2025-04-29,429.8,17.03,26.53,38.13,0.909,38.4
A0142,2025-04-30,429.8,21.64,32.69,46.21,0.909,46.51
A0142,2025-05-01,429.8,13.72,22.95,34.24,0.909,34.5
A0142,2025-05-02,429.8,20.22,31.84,46.06,0.909,46.38
A0142,2025-05-03,429.8,19.84,31.49,45.74,0.909,46.06
A0142,2025-05-04,429.8,14.06,22.25,32.28,0.909,32.51
A0142,2025-05-05,429.8,15.2,24.03,34.83,0.909,35.07
A0142,2025-05-06,429.8,16.23,25.93,37.79,0.909,38.06
A0142,2025-05-07,429.8,16.84,26.37,38.03,0.909,38.29
A0142,2025-05-08,429.8,18.7,29.99,43.79,0.909,44.1
A0142,2025-05-09,429.8,21.37,32.91,47.02,0.909,47.34
A0142,2025-05-10,429.8,20.93,32.58,46.83,0.909,47.15
A0142,2025-05-11,429.8,12.74,20.51,30.02,0.909,30.23
A0142,2025-05-12,429.8,17.73,27.55,39.55,0.909,39.82
A0143,2025-04-29,6.7,37.5,64.11,98.38,0.556,68.87
A0143,2025-04-30,6.7,44.89,76.91,118.14,0.556,82.63
A0143,2025-05-01,6.7,35.43,60.61,93.03,0.556,65.11
A0143,2025-05-02,6.7,48.15,78.44,117.45,0.556,83.86
A0143,2025-05-03,6.7,53.03,82.45,120.33,0.556,87.71
A0143,2025-05-04,6.7,49.64,79.34,117.6,0.556,84.66
A0143,2025-05-05,6.7,97.2,144.36,205.11,0.556,152.8
A0143,2025-05-06,6.7,98.31,146.2,207.86,0.556,154.76
A0143,2025-05-07,6.7,93.93,139.11,197.29,0.556,147.19
A0143,2025-05-08,6.7,76.15,120.55,177.72,0.556,128.49
A0143,2025-05-09,6.7,77.64,123.22,181.92,0.556,131.37
A0143,2025-05-10,6.7,82.02,126.46,183.7,0.556,134.41
A0143,2025-05-11,6.7,32.77,58.54,91.73,0.556,63.15
A0143,2025-05-12,6.7,40.23,69.63,107.48,0.556,74.88
A0144,2025-04-29,333.5,6.41,14.92,25.93,0.909,26.18
A0144,2025-04-30,333.5,8.26,18.41,31.57,0.909,31.87
A0144,2025-05-01,333.5,6.17,13.5,23.0,0.909,23.22
A0144,2025-05-02,333.5,8.08,16.83,28.18,0.909,28.44
A0144,2025-05-03,333.5,8.5,16.55,26.99,0.909,27.23
A0144,2025-05-04,333.5,4.65,10.57,18.23,0.909,18.41
A0144,2025-05-05,333.5,5.98,13.21,22.58,0.909,22.8
A0144,2025-05-06,333.5,6.35,14.36,24.75,0.909,24.98
A0144,2025-05-07,333.5,7.12,16.75,29.24,0.909,29.52
A0144,2025-05-08,333.5,7.65,18.38,32.28,0.909,32.59
A0144,2025-05-09,333.5,8.22,20.17,35.65,0.909,36.01
A0144,2025-05-10,333.5,8.87,19.52,33.32,0.909,33.63
A0144,2025-05-11,333.5,5.11,11.99,20.9,0.909,21.11
A0144,2025-05-12,333.5,6.74,15.91,27.8,0.909,28.07
A0145,2025-04-29,177.9,6.05,12.38,20.36,0.909,20.54
A0145,2025-04-30,177.9,6.95,16.68,28.94,0.909,29.22
A0145,2025-05-01,177.9,5.02,9.95,16.15,0.909,16.29
A0145,2025-05-02,177.9,7.61,15.41,25.25,0.909,25.47
A0145,2025-05-03,177.9,8.26,15.71,25.1,0.909,25.31
A0145,2025-05-04,177.9,4.39,10.47,18.12,0.909,18.3
A0145,2025-05-05,177.9,5.9,11.91,19.47,0.909,19.65
A0145,2025-05-06,177.9,5.89,12.14,20.01,0.909,20.19
A0145,2025-05-07,177.9,7.3,13.27,20.78,0.909,20.95
A0145,2025-05-08,177.9,7.31,13.39,21.06,0.909,21.23
A0145,2025-05-09,177.9,7.97,16.01,26.14,0.909,26.37
A0145,2025-05-10,177.9,8.56,16.2,25.82,0.909,26.04
A0145,2025-05-11,177.9,4.57,9.41,15.5,0.909,15.64
A0145,2025-05-12,177.9,7.06,13.73,22.14,0.909,22.33
A0146,2025-04-29,6.1,9.07,15.93,26.14,0.556,17.35
A0146,2025-04-30,6.1,9.56,15.95,25.47,0.556,17.27
A0146,2025-05-01,6.1,8.68,14.64,23.5,0.556,15.87
A0146,2025-05-02,6.1,13.02,22.03,35.43,0.556,23.89
A0146,2025-05-03,6.1,13.02,21.58,34.32,0.556,23.35
A0146,2025-05-04,6.1,8.02,12.99,20.39,0.556,14.02
A0146,2025-05-05,6.1,10.56,17.13,26.92,0.556,18.49
A0146,2025-05-06,6.1,9.68,16.25,26.03,0.556,17.61
A0146,2025-05-07,6.1,9.85,16.94,27.51,0.556,18.41
A0146,2025-05-08,6.1,11.25,19.37,31.45,0.556,21.05
A0146,2025-05-09,6.1,13.52,23.34,37.96,0.556,25.37
A0146,2025-05-10,6.1,13.44,22.61,36.27,0.556,24.51
A0146,2025-05-11,6.1,7.81,13.12,21.02,0.556,14.22
A0146,2025-05-12,6.1,11.84,19.67,31.33,0.556,21.29
A0147,2025-04-29,4.6,392.99,527.0,720.63,0.556,553.9
A0147,2025-04-30,4.6,445.42,616.63,863.98,0.556,650.98
A0147,2025-05-01,4.6,156.97,221.26,314.15,0.556,234.16
A0147,2025-05-02,4.6,223.12,307.63,429.73,0.556,324.59
A0147,2025-05-03,4.6,222.98,307.24,428.97,0.556,324.15
A0147,2025-05-04,4.6,194.68,269.89,378.54,0.556,284.98
A0147,2025-05-05,4.6,172.36,245.31,350.71,0.556,259.95
A0147,2025-05-06,4.6,193.78,269.66,379.29,0.556,284.89
A0147,2025-05-07,4.6,209.08,275.84,372.3,0.556,289.24
A0147,2025-05-08,4.6,227.36,303.33,413.08,0.556,318.57
A0147,2025-05-09,4.6,257.94,343.06,466.03,0.556,360.14
A0147,2025-05-10,4.6,248.37,333.84,457.32,0.556,350.99
A0147,2025-05-11,4.6,182.15,245.6,337.28,0.556,258.34
A0147,2025-05-12,4.6,447.98,622.04,873.5,0.556,656.96
A0148,2025-04-29,6.6,58.83,84.64,119.07,0.556,89.42
A0148,2025-04-30,6.6,72.36,103.71,145.53,0.556,109.52
A0148,2025-05-01,6.6,47.86,74.65,110.41,0.556,79.62
A0148,2025-05-02,6.6,71.98,108.18,156.48,0.556,114.89
A0148,2025-05-03,6.6,71.36,106.32,152.97,0.556,112.8
A0148,2025-05-04,6.6,52.92,76.81,108.68,0.556,81.24
A0148,2025-05-05,6.6,54.5,82.63,120.17,0.556,87.85
A0148,2025-05-06,6.6,55.36,80.28,113.52,0.556,84.89
A0148,2025-05-07,6.6,60.32,90.42,130.58,0.556,96.0
A0148,2025-05-08,6.6,66.54,100.23,145.18,0.556,106.47
A0148,2025-05-09,6.6,77.08,115.78,167.41,0.556,122.95
A0148,2025-05-10,6.6,76.65,113.52,162.7,0.556,120.35
A0148,2025-05-11,6.6,47.94,71.28,102.42,0.556,75.6
A0148,2025-05-12,6.6,67.83,100.74,144.64,0.556,106.83
A0149,2025-04-29,35.5,22.31,36.27,55.6,0.909,56.04
A0149,2025-04-30,35.5,25.71,42.39,65.49,0.909,66.02
A0149,2025-05-01,35.5,19.25,29.57,43.86,0.909,44.19
A0149,2025-05-02,35.5,24.47,38.59,58.15,0.909,58.6
A0149,2025-05-03,35.5,24.08,39.34,60.48,0.909,60.96
A0149,2025-05-04,35.5,17.9,30.79,48.64,0.909,49.05
A0149,2025-05-05,35.5,20.28,32.18,48.65,0.909,49.03
A0149,2025-05-06,35.5,22.0,34.95,52.89,0.909,53.3
A0149,2025-05-07,35.5,25.03,41.4,64.07,0.909,64.58
A0149,2025-05-08,35.5,27.3,43.98,67.07,0.909,67.6
A0149,2025-05-09,35.5,29.25,46.52,70.42,0.909,70.96
A0149,2025-05-10,35.5,28.39,46.43,71.4,0.909,71.97
A0149,2025-05-11,35.5,19.93,33.5,52.29,0.909,52.72
A0149,2025-05-12,35.5,24.65,40.5,62.44,0.909,62.94
A0150,2025-04-29,163.1,7.16,13.54,21.9,0.909,22.09
A0150,2025-04-30,163.1,9.3,16.2,25.23,0.909,25.44
A0150,2025-05-01,163.1,5.43,11.04,18.39,0.909,18.56
A0150,2025-05-02,163.1,8.98,16.46,26.27,0.909,26.49
A0150,2025-05-03,163.1,8.62,15.22,23.86,0.909,24.05
A0150,2025-05-04,163.1,5.25,10.45,17.26,0.909,17.42
A0150,2025-05-05,163.1,6.48,12.06,19.38,0.909,19.55
A0150,2025-05-06,163.1,6.61,13.26,21.98,0.909,22.18
A0150,2025-05-07,163.1,7.26,13.16,20.87,0.909,21.05
A0150,2025-05-08,163.1,7.81,14.63,23.55,0.909,23.75
A0150,2025-05-09,163.1,9.87,17.5,27.48,0.909,27.71
A0150,2025-05-10,163.1,9.47,16.29,25.22,0.909,25.42
A0150,2025-05-11,163.1,5.1,10.31,17.14,0.909,17.29
A0150,2025-05-12,163.1,7.72,13.89,21.98,0.909,22.16
A0151,2025-04-29,6.4,50.28,74.06,105.4,0.556,78.42
A0151,2025-04-30,6.4,63.01,97.08,141.96,0.556,103.31
A0151,2025-05-01,6.4,40.31,58.32,82.05,0.556,61.62
A0151,2025-05-02,6.4,46.81,71.71,104.52,0.556,76.27
A0151,2025-05-03,6.4,47.17,71.36,103.23,0.556,75.78
A0151,2025-05-04,6.4,35.53,54.32,79.08,0.556,57.76
A0151,2025-05-05,6.4,37.92,54.86,77.19,0.556,57.96
A0151,2025-05-06,6.4,40.61,59.78,85.04,0.556,63.29
A0151,2025-05-07,6.4,43.29,63.24,89.54,0.556,66.9
A0151,2025-05-08,6.4,50.68,74.08,104.91,0.556,78.36
A0151,2025-05-09,6.4,56.07,82.0,116.18,0.556,86.75
A0151,2025-05-10,6.4,55.19,80.27,113.3,0.556,84.85
A0151,2025-05-11,6.4,34.39,50.51,71.74,0.556,53.46
A0151,2025-05-12,6.4,47.52,69.32,98.04,0.556,73.31
A0152,2025-04-29,426.3,3.16,6.79,12.49,0.909,12.62
A0152,2025-04-30,426.3,3.98,8.63,15.95,0.909,16.11
A0152,2025-05-01,426.3,2.64,8.07,16.62,0.909,16.81
A0152,2025-05-02,426.3,3.29,7.97,15.34,0.909,15.5
A0152,2025-05-03,426.3,3.74,8.11,14.98,0.909,15.14
A0152,2025-05-04,426.3,2.03,5.04,9.79,0.909,9.9
A0152,2025-05-05,426.3,2.44,6.69,13.37,0.909,13.52
A0152,2025-05-06,426.3,2.75,6.15,11.51,0.909,11.63
A0152,2025-05-07,426.3,3.17,7.08,13.23,0.909,13.37
A0152,2025-05-08,426.3,8.08,17.71,32.87,0.909,33.21
A0152,2025-05-09,426.3,8.62,19.65,37.01,0.909,37.41
A0152,2025-05-10,426.3,8.64,18.64,34.38,0.909,34.74
A0152,2025-05-11,426.3,5.17,10.95,20.03,0.909,20.24
A0152,2025-05-12,426.3,7.01,14.99,27.55,0.909,27.84
A0153,2025-04-29,4.6,22.79,36.39,55.83,0.556,39.09
A0153,2025-04-30,4.6,27.41,41.44,61.49,0.556,44.22
A0153,2025-05-01,4.6,19.03,30.18,46.12,0.556,32.39
A0153,2025-05-02,4.6,28.63,42.64,62.66,0.556,45.42
A0153,2025-05-03,4.6,29.14,43.14,63.17,0.556,45.92
A0153,2025-05-04,4.6,22.94,34.69,51.49,0.556,37.02
A0153,2025-05-05,4.6,23.16,36.08,54.55,0.556,38.64
A0153,2025-05-06,4.6,24.3,38.19,58.05,0.556,40.95
A0153,2025-05-07,4.6,24.85,36.72,53.69,0.556,39.08
A0153,2025-05-08,4.6,25.88,38.94,57.61,0.556,41.53
A0153,2025-05-09,4.6,29.55,43.82,64.24,0.556,46.66
A0153,2025-05-10,4.6,29.7,44.09,64.66,0.556,46.94
A0153,2025-05-11,4.6,20.18,31.52,47.75,0.556,33.78
A0153,2025-05-12,4.6,26.22,40.26,60.33,0.556,43.04
A0154,2025-04-29,427.0,5.22,11.84,20.56,0.909,20.76
A0154,2025-04-30,427.0,6.45,14.4,24.86,0.909,25.1
A0154,2025-05-01,427.0,4.68,11.34,20.11,0.909,20.31
A0154,2025-05-02,427.0,5.52,12.34,21.33,0.909,21.53
A0154,2025-05-03,427.0,5.61,12.82,22.32,0.909,22.53
A0154,2025-05-04,427.0,4.01,8.86,15.26,0.909,15.41
A0154,2025-05-05,427.0,4.82,10.78,18.62,0.909,18.8
A0154,2025-05-06,427.0,4.53,10.57,18.53,0.909,18.72
A0154,2025-05-07,427.0,4.65,12.73,23.37,0.909,23.61
A0154,2025-05-08,427.0,5.2,14.99,27.89,0.909,28.18
A0154,2025-05-09,427.0,5.91,15.35,27.79,0.909,28.07
A0154,2025-05-10,427.0,6.13,15.71,28.33,0.909,28.61
A0154,2025-05-11,427.0,4.41,10.18,17.78,0.909,17.95
A0154,2025-05-12,427.0,5.57,13.01,22.82,0.909,23.04
A0155,2025-04-29,335.2,10.47,17.38,25.94,0.909,26.13
A0155,2025-04-30,335.2,13.97,28.16,45.78,0.909,46.18
A0155,2025-05-01,335.2,11.26,18.7,27.93,0.909,28.14
A0155,2025-05-02,335.2,14.77,25.06,37.82,0.909,38.11
A0155,2025-05-03,335.2,13.78,25.48,40.01,0.909,40.34
A0155,2025-05-04,335.2,15.99,27.26,41.23,0.909,41.55
A0155,2025-05-05,335.2,13.75,22.61,33.61,0.909,33.86
A0155,2025-05-06,335.2,23.4,34.6,48.48,0.909,48.8
A0155,2025-05-07,335.2,18.76,30.96,46.09,0.909,46.43
A0155,2025-05-08,335.2,20.66,31.91,45.88,0.909,46.2
A0155,2025-05-09,335.2,21.54,35.41,52.63,0.909,53.02
A0155,2025-05-10,335.2,20.92,37.0,56.95,0.909,57.4
A0155,2025-05-11,335.2,19.97,31.69,46.23,0.909,46.56
A0155,2025-05-12,335.2,9.04,17.62,28.27,0.909,28.51
A0156,2025-04-29,3.0,22.4,67.78,155.09,0.556,79.91
A0156,2025-04-30,3.0,41.81,114.36,256.71,0.556,134.13
A0156,2025-05-01,3.0,25.7,75.83,170.3,0.556,88.96
A0156,2025-05-02,3.0,49.83,135.84,308.33,0.556,159.8
A0156,2025-05-03,3.0,13.29,48.21,109.73,0.556,56.76
A0156,2025-05-04,3.0,9.51,36.37,84.79,0.556,43.1
A0156,2025-05-05,3.0,10.4,40.2,92.79,0.556,47.5
A0156,2025-05-06,3.0,11.92,45.25,103.63,0.556,53.35
A0156,2025-05-07,3.0,13.53,50.04,112.81,0.556,58.76
A0156,2025-05-08,3.0,18.04,61.96,137.5,0.556,72.45
A0156,2025-05-09,3.0,21.69,71.76,158.58,0.556,83.82
A0156,2025-05-10,3.0,24.92,79.72,171.94,0.556,92.53
A0156,2025-05-11,3.0,13.81,46.68,103.72,0.556,54.61
A0156,2025-05-12,3.0,23.5,74.57,160.43,0.556,86.5
A0157,2025-04-29,383.0,0.0,2.71,13.21,0.909,13.45
A0157,2025-04-30,383.0,1.04,8.41,25.7,0.909,26.1
A0157,2025-05-01,383.0,0.26,7.61,23.44,0.909,23.79
A0157,2025-05-02,383.0,1.32,11.53,32.17,0.909,32.64
A0157,2025-05-03,383.0,2.04,14.08,37.22,0.909,37.74
A0157,2025-05-04,383.0,2.01,13.57,36.36,0.909,36.88
A0157,2025-05-05,383.0,1.76,13.56,35.98,0.909,36.49
A0157,2025-05-06,383.0,1.77,14.09,37.31,0.909,37.84
A0157,2025-05-07,383.0,1.81,14.53,38.06,0.909,38.6
A0157,2025-05-08,383.0,2.73,17.31,44.43,0.909,45.04
A0157,2025-05-09,383.0,3.04,18.47,47.3,0.909,47.95
A0157,2025-05-10,383.0,3.92,21.13,52.48,0.909,53.19
A0157,2025-05-11,383.0,2.84,17.14,43.33,0.909,43.93
A0157,2025-05-12,383.0,4.42,22.34,54.66,0.909,55.4
A0158,2025-04-29,13.1,93.15,134.43,183.84,0.909,184.96
A0158,2025-04-30,13.1,121.99,178.3,245.7,0.909,247.23
A0158,2025-05-01,13.1,74.64,107.3,146.4,0.909,147.29
A0158,2025-05-02,13.1,107.76,152.55,206.15,0.909,207.37
A0158,2025-05-03,13.1,115.14,164.59,223.77,0.909,225.12
A0158,2025-05-04,13.1,101.51,146.01,199.27,0.909,200.48
A0158,2025-05-05,13.1,88.81,127.75,174.37,0.909,175.42
A0158,2025-05-06,13.1,92.42,133.38,182.41,0.909,183.52
A0158,2025-05-07,13.1,94.15,136.27,186.69,0.909,187.83
A0158,2025-05-08,13.1,100.47,144.54,197.3,0.909,198.5
A0158,2025-05-09,13.1,109.83,154.4,207.75,0.909,208.97
A0158,2025-05-10,13.1,115.33,164.41,223.16,0.909,224.5
A0158,2025-05-11,13.1,86.32,123.68,168.39,0.909,169.41
A0158,2025-05-12,13.1,102.44,148.36,203.32,0.909,204.57
A0159,2025-04-29,392.6,22.68,31.78,45.44,0.909,45.75
A0159,2025-04-30,392.6,29.88,37.96,50.1,0.909,50.37
A0159,2025-05-01,392.6,19.53,28.15,41.11,0.909,41.41
A0159,2025-05-02,392.6,26.13,37.34,54.17,0.909,54.55
A0159,2025-05-03,392.6,25.95,37.9,55.86,0.909,56.27
A0159,2025-05-04,392.6,19.08,26.06,36.55,0.909,36.78
A0159,2025-05-05,392.6,20.69,29.9,43.75,0.909,44.07
A0159,2025-05-06,392.6,68.39,88.69,119.19,0.909,119.89
A0159,2025-05-07,392.6,69.41,90.58,122.38,0.909,123.1
A0159,2025-05-08,392.6,79.12,102.99,138.86,0.909,139.68
A0159,2025-05-09,392.6,20.0,31.14,47.88,0.909,48.26
A0159,2025-05-10,392.6,21.3,33.13,50.89,0.909,51.3
A0159,2025-05-11,392.6,15.79,23.12,34.14,0.909,34.39
A0159,2025-05-12,392.6,22.85,33.11,48.54,0.909,48.89
A0160,2025-04-29,5.8,32.4,51.66,70.89,0.556,54.33
A0160,2025-04-30,5.8,45.14,69.95,94.71,0.556,73.39
A0160,2025-05-01,5.8,28.14,44.19,60.23,0.556,46.42
A0160,2025-05-02,5.8,43.18,64.07,84.92,0.556,66.96
A0160,2025-05-03,5.8,42.37,62.92,83.43,0.556,65.77
A0160,2025-05-04,5.8,30.52,49.78,69.02,0.556,52.45
A0160,2025-05-05,5.8,31.8,50.51,69.19,0.556,53.1
A0160,2025-05-06,5.8,32.92,53.03,73.1,0.556,55.81
A0160,2025-05-07,5.8,36.17,53.33,70.46,0.556,55.71
A0160,2025-05-08,5.8,38.72,59.22,79.7,0.556,62.07
A0160,2025-05-09,5.8,45.07,66.94,88.78,0.556,69.97
A0160,2025-05-10,5.8,43.95,65.78,87.58,0.556,68.81
A0160,2025-05-11,5.8,27.49,45.29,63.07,0.556,47.76
A0160,2025-05-12,5.8,37.6,58.85,80.07,0.556,61.8
A0161,2025-04-29,5.4,68.27,93.03,130.56,0.556,98.24
A0161,2025-04-30,5.4,88.9,126.12,182.52,0.556,133.95
A0161,2025-05-01,5.4,58.52,78.11,107.81,0.556,82.24
A0161,2025-05-02,5.4,86.53,116.88,162.9,0.556,123.28
A0161,2025-05-03,5.4,83.56,113.36,158.52,0.556,119.63
A0161,2025-05-04,5.4,69.6,96.71,137.79,0.556,102.41
A0161,2025-05-05,5.4,65.94,90.62,128.03,0.556,95.82
A0161,2025-05-06,5.4,70.56,94.43,130.6,0.556,99.45
A0161,2025-05-07,5.4,68.06,93.94,133.15,0.556,99.38
A0161,2025-05-08,5.4,75.46,101.57,141.14,0.556,107.06
A0161,2025-05-09,5.4,83.4,114.0,160.39,0.556,120.45
A0161,2025-05-10,5.4,82.02,111.72,156.72,0.556,117.97
A0161,2025-05-11,5.4,56.12,77.46,109.8,0.556,81.95
A0161,2025-05-12,5.4,75.04,103.8,147.37,0.556,109.85
A0162,2025-04-29,3.1,12.04,20.12,30.57,0.556,21.57
A0162,2025-04-30,3.1,17.46,27.63,40.78,0.556,29.46
A0162,2025-05-01,3.1,10.42,17.86,27.48,0.556,19.2
A0162,2025-05-02,3.1,14.66,25.09,38.59,0.556,26.97
A0162,2025-05-03,3.1,14.43,25.55,39.93,0.556,27.55
A0162,2025-05-04,3.1,10.67,17.4,26.1,0.556,18.61
A0162,2025-05-05,3.1,12.25,19.93,29.86,0.556,21.31
A0162,2025-05-06,3.1,12.17,20.37,30.98,0.556,21.85
A0162,2025-05-07,3.1,12.51,19.95,29.56,0.556,21.28
A0162,2025-05-08,3.1,13.5,22.53,34.22,0.556,24.16
A0162,2025-05-09,3.1,14.77,25.01,38.26,0.556,26.85
A0162,2025-05-10,3.1,14.61,25.6,39.81,0.556,27.57
A0162,2025-05-11,3.1,9.36,15.16,22.66,0.556,16.2
A0162,2025-05-12,3.1,13.57,22.01,32.92,0.556,23.52
A0163,2025-04-29,6.1,16.62,27.21,37.87,0.556,28.69
A0163,2025-04-30,6.1,23.77,38.81,53.96,0.556,40.91
A0163,2025-05-01,6.1,15.26,25.19,35.19,0.556,26.58
A0163,2025-05-02,6.1,20.23,34.71,49.29,0.556,36.73
A0163,2025-05-03,6.1,22.01,35.3,48.69,0.556,37.16
A0163,2025-05-04,6.1,15.32,25.84,36.44,0.556,27.31
A0163,2025-05-05,6.1,16.08,26.26,36.52,0.556,27.68
A0163,2025-05-06,6.1,16.94,27.16,37.46,0.556,28.59
A0163,2025-05-07,6.1,17.3,28.75,40.29,0.556,30.35
A0163,2025-05-08,6.1,20.19,34.24,48.4,0.556,36.21
A0163,2025-05-09,6.1,21.11,36.36,51.74,0.556,38.5
A0163,2025-05-10,6.1,22.76,36.58,50.51,0.556,38.52
A0163,2025-05-11,6.1,13.37,22.38,31.45,0.556,23.64
A0163,2025-05-12,6.1,18.2,30.57,43.04,0.556,32.31
A0164,2025-04-29,387.5,0.51,8.07,23.66,0.909,24.02
A0164,2025-04-30,387.5,1.01,9.86,27.14,0.909,27.53
A0164,2025-05-01,387.5,0.7,9.13,25.24,0.909,25.6
A0164,2025-05-02,387.5,1.26,11.02,29.44,0.909,29.86
A0164,2025-05-03,387.5,1.63,12.35,31.91,0.909,32.35
A0164,2025-05-04,387.5,0.81,9.39,25.98,0.909,26.36
A0164,2025-05-05,387.5,1.48,11.47,30.15,0.909,30.58
A0164,2025-05-06,387.5,4.17,19.06,46.15,0.909,46.77
A0164,2025-05-07,387.5,4.85,21.29,50.52,0.909,51.19
A0164,2025-05-08,387.5,5.49,23.29,55.04,0.909,55.76
A0164,2025-05-09,387.5,5.7,24.44,58.21,0.909,58.98
A0164,2025-05-10,387.5,2.69,16.16,40.26,0.909,40.81
A0164,2025-05-11,387.5,1.45,11.59,30.73,0.909,31.17
A0164,2025-05-12,387.5,2.66,15.39,38.63,0.909,39.16
A0165,2025-04-29,6.9,15.15,24.97,38.18,0.556,26.8
A0165,2025-04-30,6.9,20.29,31.4,46.35,0.556,33.48
A0165,2025-05-01,6.9,13.97,22.36,33.65,0.556,23.93
A0165,2025-05-02,6.9,18.67,32.33,50.7,0.556,34.88
A0165,2025-05-03,6.9,19.86,32.53,49.56,0.556,34.89
A0165,2025-05-04,6.9,13.48,22.24,34.03,0.556,23.88
A0165,2025-05-05,6.9,15.05,24.67,37.61,0.556,26.47
A0165,2025-05-06,6.9,71.74,111.82,165.74,0.556,119.31
A0165,2025-05-07,6.9,77.03,127.27,194.86,0.556,136.66
A0165,2025-05-08,6.9,89.66,144.37,217.98,0.556,154.6
A0165,2025-05-09,6.9,13.65,28.56,48.62,0.556,31.34
A0165,2025-05-10,6.9,15.94,29.48,47.71,0.556,32.01
A0165,2025-05-11,6.9,10.76,19.38,30.97,0.556,20.99
A0165,2025-05-12,6.9,15.99,27.82,43.73,0.556,30.02
A0166,2025-04-29,4.7,0.0,1.86,11.1,0.556,3.14
A0166,2025-04-30,4.7,1.32,9.21,27.95,0.556,11.81
A0166,2025-05-01,4.7,1.45,11.38,32.41,0.556,14.3
A0166,2025-05-02,4.7,4.39,20.04,51.7,0.556,24.44
A0166,2025-05-03,4.7,6.09,25.64,63.14,0.556,30.85
A0166,2025-05-04,4.7,5.32,23.49,59.28,0.556,28.46
A0166,2025-05-05,4.7,5.74,25.45,62.83,0.556,30.64
A0166,2025-05-06,4.7,6.07,27.5,67.71,0.556,33.08
A0166,2025-05-07,4.7,6.56,29.5,71.61,0.556,35.35
A0166,2025-05-08,4.7,8.81,36.01,86.31,0.556,42.99
A0166,2025-05-09,4.7,9.73,39.01,93.46,0.556,46.57
A0166,2025-05-10,4.7,11.58,44.31,103.53,0.556,52.53
A0166,2025-05-11,4.7,8.23,33.29,79.19,0.556,39.66
A0166,2025-05-12,4.7,12.32,45.91,106.22,0.556,54.29
A0167,2025-04-29,4.5,94.45,138.1,189.01,0.556,145.17
A0167,2025-04-30,4.5,113.87,165.61,225.95,0.556,173.99
A0167,2025-05-01,4.5,78.69,110.2,146.94,0.556,115.3
A0167,2025-05-02,4.5,104.04,149.25,201.98,0.556,156.57
A0167,2025-05-03,4.5,104.86,152.36,207.75,0.556,160.05
A0167,2025-05-04,4.5,85.89,122.47,165.13,0.556,128.39
A0167,2025-05-05,4.5,85.65,122.35,165.14,0.556,128.29
A0167,2025-05-06,4.5,95.35,138.76,189.38,0.556,145.79
A0167,2025-05-07,4.5,96.85,140.43,191.25,0.556,147.49
A0167,2025-05-08,4.5,106.37,150.36,201.64,0.556,157.48
A0167,2025-05-09,4.5,111.53,158.74,213.78,0.556,166.38
A0167,2025-05-10,4.5,111.58,161.0,218.63,0.556,169.01
A0167,2025-05-11,4.5,81.25,115.71,155.89,0.556,121.29
A0167,2025-05-12,4.5,102.4,146.3,197.49,0.556,153.41
A0168,2025-04-29,379.3,4.11,8.66,14.29,0.909,14.41
A0168,2025-04-30,379.3,4.62,9.75,16.09,0.909,16.23
A0168,2025-05-01,379.3,4.15,7.55,11.75,0.909,11.85
A0168,2025-05-02,379.3,4.51,9.8,16.34,0.909,16.49
A0168,2025-05-03,379.3,4.34,9.97,16.92,0.909,17.08
A0168,2025-05-04,379.3,4.82,9.6,15.51,0.909,15.64
A0168,2025-05-05,379.3,4.81,9.1,14.41,0.909,14.53
A0168,2025-05-06,379.3,5.08,10.04,16.16,0.909,16.3
A0168,2025-05-07,379.3,3.45,7.53,12.57,0.909,12.69
A0168,2025-05-08,379.3,4.39,8.18,12.87,0.909,12.97
A0168,2025-05-09,379.3,3.52,7.6,12.65,0.909,12.76
A0168,2025-05-10,379.3,3.76,8.25,13.8,0.909,13.92
A0168,2025-05-11,379.3,3.9,7.77,12.55,0.909,12.65
A0168,2025-05-12,379.3,4.55,8.94,14.36,0.909,14.48
A0169,2025-04-29,207.2,7.57,13.49,21.25,0.909,21.43
A0169,2025-04-30,207.2,10.28,16.64,24.99,0.909,25.18
A0169,2025-05-01,207.2,7.22,11.93,18.1,0.909,18.24
A0169,2025-05-02,207.2,11.14,18.82,28.89,0.909,29.12
A0169,2025-05-03,207.2,10.21,17.55,27.18,0.909,27.4
A0169,2025-05-04,207.2,6.42,10.93,16.85,0.909,16.99
A0169,2025-05-05,207.2,7.51,12.62,19.33,0.909,19.48
A0169,2025-05-06,207.2,7.98,13.88,21.62,0.909,21.8
A0169,2025-05-07,207.2,8.09,14.02,21.81,0.909,21.98
A0169,2025-05-08,207.2,9.11,15.95,24.92,0.909,25.13
A0169,2025-05-09,207.2,10.52,18.32,28.55,0.909,28.78
A0169,2025-05-10,207.2,9.73,17.18,26.95,0.909,27.17
A0169,2025-05-11,207.2,5.76,10.14,15.88,0.909,16.01
A0169,2025-05-12,207.2,8.42,14.7,22.95,0.909,23.13
A0170,2025-04-29,174.4,5.94,10.74,17.23,0.909,17.38
A0170,2025-04-30,174.4,6.67,12.91,21.33,0.909,21.52
A0170,2025-05-01,174.4,4.88,8.78,14.04,0.909,14.16
A0170,2025-05-02,174.4,6.59,12.01,19.33,0.909,19.49
A0170,2025-05-03,174.4,6.63,12.39,20.18,0.909,20.35
A0170,2025-05-04,174.4,4.5,8.05,12.84,0.909,12.95
A0170,2025-05-05,174.4,5.21,9.07,14.29,0.909,14.41
A0170,2025-05-06,174.4,5.94,10.59,16.86,0.909,17.0
A0170,2025-05-07,174.4,6.09,11.03,17.69,0.909,17.84
A0170,2025-05-08,174.4,6.93,12.15,19.21,0.909,19.37
A0170,2025-05-09,174.4,7.08,12.53,19.89,0.909,20.06
A0170,2025-05-10,174.4,7.11,12.84,20.59,0.909,20.76
A0170,2025-05-11,174.4,4.36,7.36,11.41,0.909,11.5
A0170,2025-05-12,174.4,6.11,10.62,16.7,0.909,16.84
A0171,2025-04-29,6.9,26.7,38.45,53.28,0.556,40.51
A0171,2025-04-30,6.9,49.31,72.22,101.09,0.556,76.23
A0171,2025-05-01,6.9,34.88,50.25,69.62,0.556,52.94
A0171,2025-05-02,6.9,48.74,72.16,101.69,0.556,76.27
A0171,2025-05-03,6.9,47.17,69.46,97.57,0.556,73.37
A0171,2025-05-04,6.9,36.0,53.43,75.39,0.556,56.48
A0171,2025-05-05,6.9,34.09,50.86,71.99,0.556,53.79
A0171,2025-05-06,6.9,24.17,35.7,50.25,0.556,37.72
A0171,2025-05-07,6.9,24.01,35.69,50.42,0.556,37.74
A0171,2025-05-08,6.9,29.42,43.72,61.75,0.556,46.23
A0171,2025-05-09,6.9,33.1,49.29,69.71,0.556,52.13
A0171,2025-05-10,6.9,32.72,48.02,67.3,0.556,50.7
A0171,2025-05-11,6.9,21.13,30.9,43.23,0.556,32.62
A0171,2025-05-12,6.9,29.47,43.4,60.96,0.556,45.84
A0172,2025-04-29,13.9,46.02,65.51,88.72,0.909,89.25
A0172,2025-04-30,13.9,57.03,82.6,113.04,0.909,113.73
A0172,2025-05-01,13.9,41.74,60.65,83.17,0.909,83.68
A0172,2025-05-02,13.9,53.03,76.21,103.83,0.909,104.46
A0172,2025-05-03,13.9,53.27,76.83,104.89,0.909,105.53
A0172,2025-05-04,13.9,45.91,65.65,89.16,0.909,89.69
A0172,2025-05-05,13.9,46.66,66.92,91.05,0.909,91.6
A0172,2025-05-06,13.9,45.46,64.48,87.13,0.909,87.64
A0172,2025-05-07,13.9,46.14,66.92,91.65,0.909,92.22
A0172,2025-05-08,13.9,49.14,70.79,96.56,0.909,97.15
A0172,2025-05-09,13.9,53.51,76.67,104.24,0.909,104.86
A0172,2025-05-10,13.9,53.65,77.0,104.81,0.909,105.44
A0172,2025-05-11,13.9,40.47,57.48,77.74,0.909,78.2
A0172,2025-05-12,13.9,51.31,73.11,99.07,0.909,99.66
A0173,2025-04-29,6.9,16.86,23.92,33.78,0.556,25.29
A0173,2025-04-30,6.9,17.94,23.82,32.04,0.556,24.96
A0173,2025-05-01,6.9,13.72,18.87,26.06,0.556,19.87
A0173,2025-05-02,6.9,19.64,28.16,40.08,0.556,29.82
A0173,2025-05-03,6.9,19.85,28.41,40.38,0.556,30.07
A0173,2025-05-04,6.9,13.17,18.02,24.8,0.556,18.96
A0173,2025-05-05,6.9,16.02,22.41,31.34,0.556,23.65
A0173,2025-05-06,6.9,17.09,24.21,34.16,0.556,25.59
A0173,2025-05-07,6.9,15.65,22.11,31.14,0.556,23.37
A0173,2025-05-08,6.9,17.72,24.69,34.42,0.556,26.04
A0173,2025-05-09,6.9,20.3,28.74,40.54,0.556,30.38
A0173,2025-05-10,6.9,21.0,29.51,41.4,0.556,31.16
A0173,2025-05-11,6.9,12.99,18.1,25.24,0.556,19.09
A0173,2025-05-12,6.9,18.5,25.91,36.25,0.556,27.34
A0174,2025-04-29,420.1,9.6,36.75,83.33,0.909,84.39
A0174,2025-04-30,420.1,14.31,50.04,109.54,0.909,110.89
A0174,2025-05-01,420.1,9.91,37.4,83.75,0.909,84.8
A0174,2025-05-02,420.1,15.98,54.14,117.71,0.909,119.15
A0174,2025-05-03,420.1,17.83,58.39,125.01,0.909,126.53
A0174,2025-05-04,420.1,10.38,37.09,83.2,0.909,84.25
A0174,2025-05-05,420.1,13.76,46.25,100.98,0.909,102.23
A0174,2025-05-06,420.1,14.51,48.54,106.11,0.909,107.41
A0174,2025-05-07,420.1,16.24,53.41,115.46,0.909,116.87
A0174,2025-05-08,420.1,18.75,59.6,127.88,0.909,129.43
A0174,2025-05-09,420.1,54.24,146.66,306.43,0.909,310.06
A0174,2025-05-10,420.1,53.21,142.4,298.9,0.909,302.45
A0174,2025-05-11,420.1,30.8,83.61,178.22,0.909,180.37
A0174,2025-05-12,420.1,44.53,118.45,253.98,0.909,257.06
A0175,2025-04-29,5.4,62.81,94.34,130.33,0.556,99.34
A0175,2025-04-30,5.4,74.45,106.99,144.12,0.556,112.14
A0175,2025-05-01,5.4,39.47,57.55,78.18,0.556,60.41
A0175,2025-05-02,5.4,57.81,88.01,122.48,0.556,92.8
A0175,2025-05-03,5.4,58.81,90.67,127.04,0.556,95.72
A0175,2025-05-04,5.4,45.1,66.14,90.16,0.556,69.48
A0175,2025-05-05,5.4,47.9,68.76,92.58,0.556,72.07
A0175,2025-05-06,5.4,51.91,75.48,102.38,0.556,79.22
A0175,2025-05-07,5.4,50.38,73.88,100.68,0.556,77.6
A0175,2025-05-08,5.4,60.67,86.62,116.24,0.556,90.73
A0175,2025-05-09,5.4,67.49,98.91,134.77,0.556,103.89
A0175,2025-05-10,5.4,67.22,100.0,137.4,0.556,105.19
A0175,2025-05-11,5.4,43.42,63.52,86.45,0.556,66.7
A0175,2025-05-12,5.4,58.09,84.72,115.11,0.556,88.94
A0176,2025-04-29,5.7,23.3,58.78,111.4,0.556,66.09
A0176,2025-04-30,5.7,29.63,71.18,134.33,0.556,79.95
A0176,2025-05-01,5.7,19.56,50.34,97.0,0.556,56.82
A0176,2025-05-02,5.7,28.47,68.0,128.01,0.556,76.34
A0176,2025-05-03,5.7,28.96,68.87,129.09,0.556,77.23
A0176,2025-05-04,5.7,25.66,62.28,118.76,0.556,70.13
A0176,2025-05-05,5.7,23.77,58.1,110.61,0.556,65.39
A0176,2025-05-06,5.7,25.15,61.58,116.99,0.556,69.28
A0176,2025-05-07,5.7,25.21,61.78,117.17,0.556,69.47
A0176,2025-05-08,5.7,27.81,66.62,125.81,0.556,74.84
A0176,2025-05-09,5.7,29.73,70.23,132.66,0.556,78.9
A0176,2025-05-10,5.7,30.26,71.18,133.75,0.556,79.87
A0176,2025-05-11,5.7,22.76,56.22,107.15,0.556,63.3
A0176,2025-05-12,5.7,28.41,67.51,127.32,0.556,75.82
A0177,2025-04-29,6.0,11.88,18.71,28.21,0.556,20.03
A0177,2025-04-30,6.0,15.15,24.75,38.12,0.556,26.6
A0177,2025-05-01,6.0,10.78,16.96,25.56,0.556,18.15
A0177,2025-05-02,6.0,14.96,24.35,37.43,0.556,26.17
A0177,2025-05-03,6.0,14.68,23.73,36.32,0.556,25.48
A0177,2025-05-04,6.0,10.02,16.68,25.96,0.556,17.97
A0177,2025-05-05,6.0,10.92,17.48,26.61,0.556,18.75
A0177,2025-05-06,6.0,11.37,17.89,26.97,0.556,19.15
A0177,2025-05-07,6.0,12.01,19.13,29.06,0.556,20.51
A0177,2025-05-08,6.0,13.95,21.79,32.7,0.556,23.3
A0177,2025-05-09,6.0,15.53,25.39,39.12,0.556,27.3
A0177,2025-05-10,6.0,15.17,24.51,37.53,0.556,26.32
A0177,2025-05-11,6.0,9.38,14.89,22.56,0.556,15.96
A0177,2025-05-12,6.0,12.84,20.36,30.84,0.556,21.82
A0178,2025-04-29,295.6,5.22,11.74,21.21,0.909,21.42
A0178,2025-04-30,295.6,6.06,13.53,24.38,0.909,24.63
A0178,2025-05-01,295.6,4.6,9.79,17.33,0.909,17.5
A0178,2025-05-02,295.6,5.24,12.01,21.85,0.909,22.07
A0178,2025-05-03,295.6,5.56,12.43,22.42,0.909,22.64
A0178,2025-05-04,295.6,3.84,8.01,14.08,0.909,14.22
A0178,2025-05-05,295.6,4.47,9.74,17.41,0.909,17.58
A0178,2025-05-06,295.6,4.89,10.9,19.62,0.909,19.82
A0178,2025-05-07,295.6,4.35,13.15,25.92,0.909,26.21
A0178,2025-05-08,295.6,4.96,14.26,27.78,0.909,28.09
A0178,2025-05-09,295.6,5.39,14.91,28.75,0.909,29.07
A0178,2025-05-10,295.6,5.97,15.25,28.74,0.909,29.05
A0178,2025-05-11,295.6,4.09,9.59,17.58,0.909,17.76
A0178,2025-05-12,295.6,4.88,12.27,23.01,0.909,23.25
A0179,2025-04-29,5.1,40.71,57.03,78.01,0.556,59.94
A0179,2025-04-30,5.1,52.71,76.41,106.88,0.556,80.64
A0179,2025-05-01,5.1,32.9,45.27,61.18,0.556,47.48
A0179,2025-05-02,5.1,45.37,62.8,85.21,0.556,65.91
A0179,2025-05-03,5.1,46.14,64.37,87.81,0.556,67.63
A0179,2025-05-04,5.1,40.94,57.87,79.65,0.556,60.9
A0179,2025-05-05,5.1,39.07,54.41,74.12,0.556,57.15
A0179,2025-05-06,5.1,41.44,57.75,78.72,0.556,60.66
A0179,2025-05-07,5.1,40.57,56.73,77.51,0.556,59.61
A0179,2025-05-08,5.1,43.02,59.13,79.85,0.556,62.01
A0179,2025-05-09,5.1,46.45,64.23,87.1,0.556,67.41
A0179,2025-05-10,5.1,47.19,65.78,89.67,0.556,69.1
A0179,2025-05-11,5.1,36.05,50.37,68.77,0.556,52.92
A0179,2025-05-12,5.1,45.05,62.54,85.02,0.556,65.66
A0180,2025-04-29,214.4,6.48,11.35,18.11,0.909,18.27
A0180,2025-04-30,214.4,7.28,12.06,18.69,0.909,18.84
A0180,2025-05-01,214.4,5.93,10.99,18.01,0.909,18.17
A0180,2025-05-02,214.4,7.88,14.07,22.66,0.909,22.86
A0180,2025-05-03,214.4,8.4,14.72,23.49,0.909,23.69
A0180,2025-05-04,214.4,4.6,7.88,12.43,0.909,12.54
A0180,2025-05-05,214.4,6.49,11.75,19.04,0.909,19.21
A0180,2025-05-06,214.4,6.52,11.42,18.22,0.909,18.37
A0180,2025-05-07,214.4,6.57,11.21,17.65,0.909,17.79
A0180,2025-05-08,214.4,7.29,12.32,19.31,0.909,19.47
A0180,2025-05-09,214.4,7.98,14.18,22.77,0.909,22.97
A0180,2025-05-10,214.4,8.78,15.11,23.9,0.909,24.1
A0180,2025-05-11,214.4,4.51,7.77,12.3,0.909,12.4
A0180,2025-05-12,214.4,7.17,12.42,19.69,0.909,19.86
A0181,2025-04-29,5.5,34.85,51.49,72.34,0.556,54.39
A0181,2025-04-30,5.5,45.94,70.86,102.06,0.556,75.19
A0181,2025-05-01,5.5,31.03,46.34,65.51,0.556,49.0
A0181,2025-05-02,5.5,43.96,66.43,94.56,0.556,70.34
A0181,2025-05-03,5.5,44.45,65.75,92.42,0.556,69.45
A0181,2025-05-04,5.5,31.45,47.97,68.66,0.556,50.84
A0181,2025-05-05,5.5,35.15,52.67,74.62,0.556,55.72
A0181,2025-05-06,5.5,34.38,50.51,70.72,0.556,53.32
A0181,2025-05-07,5.5,35.29,53.34,75.94,0.556,56.48
A0181,2025-05-08,5.5,40.26,60.03,84.79,0.556,63.47
A0181,2025-05-09,5.5,44.61,68.05,97.42,0.556,72.13
A0181,2025-05-10,5.5,45.46,67.44,94.96,0.556,71.26
A0181,2025-05-11,5.5,27.93,41.84,59.26,0.556,44.26
A0181,2025-05-12,5.5,40.56,60.58,85.67,0.556,64.07
A0182,2025-04-29,5.8,27.46,42.26,63.24,0.556,45.18
A0182,2025-04-30,5.8,31.07,46.41,68.16,0.556,49.43
A0182,2025-05-01,5.8,23.36,36.16,54.32,0.556,38.68
A0182,2025-05-02,5.8,30.71,45.73,67.01,0.556,48.68
A0182,2025-05-03,5.8,32.34,48.58,71.61,0.556,51.78
A0182,2025-05-04,5.8,25.09,36.65,53.04,0.556,38.93
A0182,2025-05-05,5.8,26.75,40.77,60.66,0.556,43.54
A0182,2025-05-06,5.8,27.24,41.98,62.86,0.556,44.88
A0182,2025-05-07,5.8,27.62,41.43,61.0,0.556,44.15
A0182,2025-05-08,5.8,29.12,44.73,66.87,0.556,47.81
A0182,2025-05-09,5.8,31.55,46.72,68.23,0.556,49.71
A0182,2025-05-10,5.8,33.03,49.41,72.63,0.556,52.64
A0182,2025-05-11,5.8,23.83,34.81,50.39,0.556,36.98
A0182,2025-05-12,5.8,31.24,46.76,68.76,0.556,49.82
A0183,2025-04-29,355.7,9.33,17.78,27.87,0.909,28.1
A0183,2025-04-30,355.7,13.69,23.7,35.65,0.909,35.93
A0183,2025-05-01,355.7,9.36,17.29,26.75,0.909,26.97
A0183,2025-05-02,355.7,12.5,22.37,34.14,0.909,34.41
A0183,2025-05-03,355.7,13.28,24.19,37.22,0.909,37.51
A0183,2025-05-04,355.7,12.28,20.62,30.58,0.909,30.8
A0183,2025-05-05,355.7,46.76,64.35,85.34,0.909,85.82
A0183,2025-05-06,355.7,43.93,62.36,84.36,0.909,84.86
A0183,2025-05-07,355.7,38.05,54.88,74.98,0.909,75.44
A0183,2025-05-08,355.7,6.48,15.61,26.51,0.909,26.76
A0183,2025-05-09,355.7,7.82,16.97,27.9,0.909,28.15
A0183,2025-05-10,355.7,9.31,19.66,32.02,0.909,32.3
A0183,2025-05-11,355.7,8.16,15.8,24.92,0.909,25.13
A0183,2025-05-12,355.7,9.31,18.4,29.25,0.909,29.5
A0184,2025-04-29,176.8,6.4,11.19,18.13,0.909,18.29
A0184,2025-04-30,176.8,7.93,15.49,26.42,0.909,26.67
A0184,2025-05-01,176.8,6.14,10.39,16.55,0.909,16.69
A0184,2025-05-02,176.8,7.71,13.54,21.98,0.909,22.17
A0184,2025-05-03,176.8,8.1,14.59,23.98,0.909,24.19
A0184,2025-05-04,176.8,5.43,9.81,16.14,0.909,16.29
A0184,2025-05-05,176.8,6.76,11.45,18.24,0.909,18.39
A0184,2025-05-06,176.8,6.64,11.3,18.05,0.909,18.2
A0184,2025-05-07,176.8,6.39,11.72,19.44,0.909,19.62
A0184,2025-05-08,176.8,7.73,13.52,21.89,0.909,22.08
A0184,2025-05-09,176.8,7.65,13.58,22.16,0.909,22.35
A0184,2025-05-10,176.8,8.2,14.73,24.18,0.909,24.39
A0184,2025-05-11,176.8,5.0,8.55,13.69,0.909,13.81
A0184,2025-05-12,176.8,7.26,12.77,20.75,0.909,20.93
A0185,2025-04-29,28.4,16.1,19.4,24.09,0.909,24.2
A0185,2025-04-30,28.4,19.61,23.16,28.2,0.909,28.31
A0185,2025-05-01,28.4,14.99,16.92,19.67,0.909,19.74
A0185,2025-05-02,28.4,19.01,22.63,27.76,0.909,27.87
A0185,2025-05-03,28.4,18.06,22.34,28.44,0.909,28.57
A0185,2025-05-04,28.4,11.89,15.46,20.54,0.909,20.66
A0185,2025-05-05,28.4,14.52,17.15,20.89,0.909,20.97
A0185,2025-05-06,28.4,15.65,18.88,23.49,0.909,23.59
A0185,2025-05-07,28.4,17.91,20.88,25.1,0.909,25.2
A0185,2025-05-08,28.4,19.4,22.86,27.78,0.909,27.89
A0185,2025-05-09,28.4,21.9,25.53,30.69,0.909,30.81
A0185,2025-05-10,28.4,20.88,25.16,31.25,0.909,31.39
A0185,2025-05-11,28.4,13.1,16.29,20.82,0.909,20.92
A0185,2025-05-12,28.4,17.03,20.53,25.49,0.909,25.61
A0186,2025-04-29,3.1,41.0,60.62,85.31,0.556,64.05
A0186,2025-04-30,3.1,54.75,78.16,107.6,0.556,82.25
A0186,2025-05-01,3.1,34.67,50.23,69.8,0.556,52.95
A0186,2025-05-02,3.1,53.24,78.19,109.58,0.556,82.55
A0186,2025-05-03,3.1,53.68,78.27,109.21,0.556,82.57
A0186,2025-05-04,3.1,34.14,50.48,71.03,0.556,53.33
A0186,2025-05-05,3.1,37.65,55.45,77.84,0.556,58.56
A0186,2025-05-06,3.1,40.54,59.72,83.86,0.556,63.08
A0186,2025-05-07,3.1,42.42,61.42,85.33,0.556,64.74
A0186,2025-05-08,3.1,48.37,68.77,94.42,0.556,72.33
A0186,2025-05-09,3.1,55.29,80.29,111.73,0.556,84.65
A0186,2025-05-10,3.1,55.56,79.99,110.73,0.556,84.26
A0186,2025-05-11,3.1,30.12,44.17,61.85,0.556,46.63
A0186,2025-05-12,3.1,46.1,66.94,93.15,0.556,70.58
A0187,2025-04-29,338.6,29.78,42.59,58.68,0.909,59.04
A0187,2025-04-30,338.6,39.33,53.5,71.28,0.909,71.68
A0187,2025-05-01,338.6,25.16,36.1,49.82,0.909,50.14
A0187,2025-05-02,338.6,36.62,51.14,69.37,0.909,69.79
A0187,2025-05-03,338.6,92.81,126.74,169.33,0.909,170.3
A0187,2025-05-04,338.6,69.5,92.88,122.23,0.909,122.9
A0187,2025-05-05,338.6,73.13,99.43,132.46,0.909,133.21
A0187,2025-05-06,338.6,76.3,103.52,137.7,0.909,138.48
A0187,2025-05-07,338.6,82.7,110.64,145.73,0.909,146.53
A0187,2025-05-08,338.6,93.53,125.03,164.58,0.909,165.48
A0187,2025-05-09,338.6,102.64,137.64,181.6,0.909,182.6
A0187,2025-05-10,338.6,32.69,48.99,69.47,0.909,69.93
A0187,2025-05-11,338.6,20.34,30.28,42.76,0.909,43.05
A0187,2025-05-12,338.6,29.9,43.67,60.96,0.909,61.35
A0188,2025-04-29,370.7,2.26,6.44,11.53,0.909,11.65
A0188,2025-04-30,370.7,2.64,6.68,11.61,0.909,11.72
A0188,2025-05-01,370.7,2.05,4.4,7.27,0.909,7.33
A0188,2025-05-02,370.7,2.04,6.52,11.99,0.909,12.11
A0188,2025-05-03,370.7,2.48,6.69,11.8,0.909,11.92
A0188,2025-05-04,370.7,1.69,4.6,8.14,0.909,8.22
A0188,2025-05-05,370.7,2.13,5.11,8.75,0.909,8.83
A0188,2025-05-06,370.7,2.13,6.01,10.74,0.909,10.85
A0188,2025-05-07,370.7,1.79,6.63,12.53,0.909,12.66
A0188,2025-05-08,370.7,2.0,6.26,11.45,0.909,11.57
A0188,2025-05-09,370.7,1.94,7.46,14.19,0.909,14.34
A0188,2025-05-10,370.7,2.5,7.49,13.57,0.909,13.71
A0188,2025-05-11,370.7,1.84,5.24,9.38,0.909,9.47
A0188,2025-05-12,370.7,2.18,6.33,11.39,0.909,11.5
A0189,2025-04-29,313.0,6.78,13.75,21.56,0.909,21.74
A0189,2025-04-30,313.0,8.6,16.49,25.31,0.909,25.51
A0189,2025-05-01,313.0,5.82,12.94,20.9,0.909,21.08
A0189,2025-05-02,313.0,6.8,15.27,24.74,0.909,24.95
A0189,2025-05-03,313.0,7.08,15.65,25.24,0.909,25.45
A0189,2025-05-04,313.0,8.17,15.3,23.27,0.909,23.46
A0189,2025-05-05,313.0,7.17,15.05,23.85,0.909,24.05
A0189,2025-05-06,313.0,7.28,14.59,22.76,0.909,22.95
A0189,2025-05-07,313.0,6.6,13.02,20.21,0.909,20.37
A0189,2025-05-08,313.0,6.52,14.69,23.83,0.909,24.04
A0189,2025-05-09,313.0,6.49,14.16,22.75,0.909,22.94
A0189,2025-05-10,313.0,7.15,15.08,23.94,0.909,24.14
A0189,2025-05-11,313.0,6.9,13.13,20.1,0.909,20.26
A0189,2025-05-12,313.0,7.26,15.71,25.16,0.909,25.38
A0190,2025-04-29,8.1,117.69,166.68,222.31,0.556,174.4
A0190,2025-04-30,8.1,143.35,195.83,255.44,0.556,204.11
A0190,2025-05-01,8.1,96.1,137.57,184.66,0.556,144.11
A0190,2025-05-02,8.1,131.58,187.03,250.01,0.556,195.78
A0190,2025-05-03,8.1,134.38,187.72,248.31,0.556,196.14
A0190,2025-05-04,8.1,118.49,165.61,219.12,0.556,173.04
A0190,2025-05-05,8.1,105.39,150.27,201.23,0.556,157.35
A0190,2025-05-06,8.1,116.72,164.75,219.3,0.556,172.33
A0190,2025-05-07,8.1,115.09,162.22,215.76,0.556,169.66
A0190,2025-05-08,8.1,125.79,178.55,238.48,0.556,186.88
A0190,2025-05-09,8.1,130.46,186.51,250.15,0.556,195.35
A0190,2025-05-10,8.1,133.73,187.23,247.99,0.556,195.67
A0190,2025-05-11,8.1,104.5,148.04,197.48,0.556,154.9
A0190,2025-05-12,8.1,123.4,174.56,232.66,0.556,182.63
A0191,2025-04-29,7.9,190.41,275.56,369.24,0.556,288.57
A0191,2025-04-30,7.9,225.79,311.72,406.27,0.556,324.85
A0191,2025-05-01,7.9,146.56,203.22,265.57,0.556,211.88
A0191,2025-05-02,7.9,214.84,308.29,411.12,0.556,322.57
A0191,2025-05-03,7.9,208.92,296.59,393.06,0.556,309.99
A0191,2025-05-04,7.9,199.56,287.09,383.39,0.556,300.47
A0191,2025-05-05,7.9,165.86,238.13,317.63,0.556,249.17
A0191,2025-05-06,7.9,187.56,271.44,363.74,0.556,284.26
A0191,2025-05-07,7.9,185.71,262.3,346.56,0.556,274.0
A0191,2025-05-08,7.9,202.37,292.06,390.75,0.556,305.77
A0191,2025-05-09,7.9,208.75,304.65,410.17,0.556,319.31
A0191,2025-05-10,7.9,204.06,293.56,392.03,0.556,307.23
A0191,2025-05-11,7.9,177.78,260.19,350.85,0.556,272.78
A0191,2025-05-12,7.9,200.57,292.6,393.85,0.556,306.66
A0192,2025-04-29,11.4,144.81,203.24,273.93,0.909,275.54
A0192,2025-04-30,11.4,170.99,251.47,348.85,0.909,351.06
A0192,2025-05-01,11.4,113.42,163.4,223.86,0.909,225.23
A0192,2025-05-02,11.4,154.84,222.6,304.6,0.909,306.46
A0192,2025-05-03,11.4,161.53,233.16,319.83,0.909,321.8
A0192,2025-05-04,11.4,152.96,211.02,281.26,0.909,282.86
A0192,2025-05-05,11.4,135.11,189.85,256.08,0.909,257.58
A0192,2025-05-06,11.4,141.87,199.9,270.11,0.909,271.71
A0192,2025-05-07,11.4,138.95,202.08,278.45,0.909,280.19
A0192,2025-05-08,11.4,145.75,207.32,281.81,0.909,283.5
A0192,2025-05-09,11.4,155.53,222.81,304.21,0.909,306.06
A0192,2025-05-10,11.4,164.82,235.81,321.7,0.909,323.66
A0192,2025-05-11,11.4,133.01,181.94,241.14,0.909,242.48
A0192,2025-05-12,11.4,159.9,222.59,298.43,0.909,300.15
A0193,2025-04-29,5.5,88.87,115.57,146.13,0.556,119.81
A0193,2025-04-30,5.5,111.52,150.35,194.81,0.556,156.52
A0193,2025-05-01,5.5,66.51,85.66,107.6,0.556,88.71
A0193,2025-05-02,5.5,100.13,130.77,165.85,0.556,135.64
A0193,2025-05-03,5.5,100.75,134.63,173.41,0.556,140.01
A0193,2025-05-04,5.5,80.71,109.17,141.76,0.556,113.7
A0193,2025-05-05,5.5,76.35,101.28,129.82,0.556,105.24
A0193,2025-05-06,5.5,85.52,113.62,145.8,0.556,118.09
A0193,2025-05-07,5.5,93.59,117.79,145.5,0.556,121.64
A0193,2025-05-08,5.5,98.16,123.91,153.39,0.556,128.0
A0193,2025-05-09,5.5,110.63,139.48,172.52,0.556,144.07
A0193,2025-05-10,5.5,189.65,253.09,325.74,0.556,263.18
A0193,2025-05-11,5.5,131.85,176.28,227.15,0.556,183.35
A0193,2025-05-12,5.5,166.11,222.43,286.91,0.556,231.39
A0194,2025-04-29,5.7,61.86,87.19,122.17,0.556,92.05
A0194,2025-04-30,5.7,76.16,106.5,148.4,0.556,112.32
A0194,2025-05-01,5.7,49.33,71.22,101.45,0.556,75.41
A0194,2025-05-02,5.7,70.58,98.21,136.38,0.556,103.51
A0194,2025-05-03,5.7,70.6,97.49,134.63,0.556,102.65
A0194,2025-05-04,5.7,58.14,81.89,114.7,0.556,86.45
A0194,2025-05-05,5.7,58.07,83.54,118.72,0.556,88.42
A0194,2025-05-06,5.7,59.55,85.71,121.86,0.556,90.74
A0194,2025-05-07,5.7,63.15,86.56,118.91,0.556,91.05
A0194,2025-05-08,5.7,67.61,93.57,129.44,0.556,98.55
A0194,2025-05-09,5.7,76.45,104.26,142.68,0.556,109.6
A0194,2025-05-10,5.7,75.64,103.0,140.8,0.556,108.25
A0194,2025-05-11,5.7,53.61,75.49,105.72,0.556,79.69
A0194,2025-05-12,5.7,69.91,97.77,136.27,0.556,103.12
A0195,2025-04-29,6.4,60.9,94.95,133.68,0.556,100.33
A0195,2025-04-30,6.4,81.37,122.18,168.59,0.556,128.62
A0195,2025-05-01,6.4,55.02,83.96,116.86,0.556,88.53
A0195,2025-05-02,6.4,76.93,117.5,163.65,0.556,123.91
A0195,2025-05-03,6.4,78.74,119.13,165.07,0.556,125.51
A0195,2025-05-04,6.4,59.03,90.28,125.82,0.556,95.22
A0195,2025-05-05,6.4,57.92,86.74,119.51,0.556,91.29
A0195,2025-05-06,6.4,60.85,93.82,131.31,0.556,99.02
A0195,2025-05-07,6.4,60.44,96.18,136.83,0.556,101.83
A0195,2025-05-08,6.4,70.23,112.36,160.29,0.556,119.02
A0195,2025-05-09,6.4,77.48,123.0,174.76,0.556,130.19
A0195,2025-05-10,6.4,78.83,123.44,174.17,0.556,130.48
A0195,2025-05-11,6.4,51.3,81.4,115.64,0.556,86.16
A0195,2025-05-12,6.4,68.44,105.07,146.73,0.556,110.85
A0196,2025-04-29,4.0,39.04,59.44,85.9,0.556,63.12
A0196,2025-04-30,4.0,49.78,75.27,108.33,0.556,79.86
A0196,2025-05-01,4.0,32.41,46.13,63.92,0.556,48.6
A0196,2025-05-02,4.0,47.26,69.85,99.14,0.556,73.92
A0196,2025-05-03,4.0,49.54,71.36,99.65,0.556,75.29
A0196,2025-05-04,4.0,44.18,64.56,90.99,0.556,68.23
A0196,2025-05-05,4.0,38.97,55.52,76.96,0.556,58.49
A0196,2025-05-06,4.0,40.92,61.67,88.57,0.556,65.4
A0196,2025-05-07,4.0,39.18,57.45,81.15,0.556,60.74
A0196,2025-05-08,4.0,40.72,60.45,86.04,0.556,64.01
A0196,2025-05-09,4.0,44.69,67.57,97.24,0.556,71.69
A0196,2025-05-10,4.0,46.57,68.76,97.53,0.556,72.75
A0196,2025-05-11,4.0,36.07,53.07,75.12,0.556,56.14
A0196,2025-05-12,4.0,44.46,65.27,92.25,0.556,69.02
A0197,2025-04-29,7.6,137.25,191.66,263.04,0.556,201.58
A0197,2025-04-30,7.6,176.0,242.14,328.91,0.556,254.19
A0197,2025-05-01,7.6,105.54,151.65,212.15,0.556,160.06
A0197,2025-05-02,7.6,147.34,208.71,289.21,0.556,219.89
A0197,2025-05-03,7.6,148.15,203.56,276.24,0.556,213.65
A0197,2025-05-04,7.6,142.46,202.1,280.34,0.556,212.96
A0197,2025-05-05,7.6,114.78,162.24,224.49,0.556,170.88
A0197,2025-05-06,7.6,132.02,188.02,261.47,0.556,198.22
A0197,2025-05-07,7.6,130.92,181.68,248.26,0.556,190.93
A0197,2025-05-08,7.6,144.88,203.91,281.34,0.556,214.66
A0197,2025-05-09,7.6,150.21,211.32,291.47,0.556,222.45
A0197,2025-05-10,7.6,152.63,208.35,281.43,0.556,218.5
A0197,2025-05-11,7.6,123.82,175.95,244.33,0.556,185.44
A0197,2025-05-12,7.6,140.51,195.84,268.41,0.556,205.92
A0198,2025-04-29,5.1,25.17,38.77,59.78,0.556,41.69
A0198,2025-04-30,5.1,28.11,41.42,61.96,0.556,44.27
A0198,2025-05-01,5.1,20.36,31.18,47.91,0.556,33.51
A0198,2025-05-02,5.1,32.18,48.68,74.17,0.556,52.22
A0198,2025-05-03,5.1,32.8,49.12,74.32,0.556,52.62
A0198,2025-05-04,5.1,24.17,34.54,50.56,0.556,36.77
A0198,2025-05-05,5.1,25.73,38.5,58.23,0.556,41.24
A0198,2025-05-06,5.1,25.4,38.77,59.41,0.556,41.64
A0198,2025-05-07,5.1,27.68,40.78,61.02,0.556,43.6
A0198,2025-05-08,5.1,29.07,43.13,64.85,0.556,46.15
A0198,2025-05-09,5.1,34.13,51.33,77.88,0.556,55.02
A0198,2025-05-10,5.1,33.92,50.8,76.87,0.556,54.42
A0198,2025-05-11,5.1,21.93,32.31,48.34,0.556,34.54
A0198,2025-05-12,5.1,30.05,44.62,67.13,0.556,47.75
A0199,2025-04-29,390.4,4.17,8.84,14.65,0.909,14.78
A0199,2025-04-30,390.4,4.91,11.6,19.91,0.909,20.09
A0199,2025-05-01,390.4,3.76,8.5,14.38,0.909,14.52
A0199,2025-05-02,390.4,5.17,10.88,17.97,0.909,18.13
A0199,2025-05-03,390.4,5.34,11.79,19.8,0.909,19.98
A0199,2025-05-04,390.4,4.73,10.36,17.35,0.909,17.51
A0199,2025-05-05,390.4,4.39,9.34,15.49,0.909,15.63
A0199,2025-05-06,390.4,4.54,9.45,15.56,0.909,15.7
A0199,2025-05-07,390.4,5.16,9.32,14.49,0.909,14.61
A0199,2025-05-08,390.4,5.46,10.24,16.19,0.909,16.33
A0199,2025-05-09,390.4,5.74,10.22,15.78,0.909,15.91
A0199,2025-05-10,390.4,5.5,10.68,17.11,0.909,17.26
A0199,2025-05-11,390.4,3.72,7.61,12.43,0.909,12.53
A0199,2025-05-12,390.4,4.32,9.13,15.11,0.909,15.25
A0200,2025-04-29,5.7,31.69,47.16,68.75,0.556,50.16
A0200,2025-04-30,5.7,38.87,54.92,77.32,0.556,58.03
A0200,2025-05-01,5.7,27.79,40.51,58.26,0.556,42.98
A0200,2025-05-02,5.7,36.04,51.89,74.01,0.556,54.96
A0200,2025-05-03,5.7,34.92,49.65,70.21,0.556,52.5
A0200,2025-05-04,5.7,32.49,47.28,67.93,0.556,50.15
A0200,2025-05-05,5.7,29.87,43.71,63.03,0.556,46.4
A0200,2025-05-06,5.7,31.8,47.78,70.08,0.556,50.88
A0200,2025-05-07,5.7,31.41,44.48,62.72,0.556,47.01
A0200,2025-05-08,5.7,36.32,52.74,75.65,0.556,55.92
A0200,2025-05-09,5.7,37.27,53.11,75.22,0.556,56.18
A0200,2025-05-10,5.7,35.89,50.78,71.55,0.556,53.66
A0200,2025-05-11,5.7,29.53,43.52,63.04,0.556,46.23
A0200,2025-05-12,5.7,34.57,50.35,72.37,0.556,53.41
A0201,2025-04-29,2.6,52.09,85.38,129.12,0.556,91.46
A0201,2025-04-30,2.6,65.75,105.61,157.97,0.556,112.88
A0201,2025-05-01,2.6,43.87,74.47,114.66,0.556,80.05
A0201,2025-05-02,2.6,66.52,109.29,165.46,0.556,117.09
A0201,2025-05-03,2.6,25.12,46.07,73.58,0.556,49.89
A0201,2025-05-04,2.6,16.19,30.53,49.36,0.556,33.15
A0201,2025-05-05,2.6,20.42,36.62,57.89,0.556,39.57
A0201,2025-05-06,2.6,23.14,39.92,61.97,0.556,42.98
A0201,2025-05-07,2.6,21.45,38.08,59.93,0.556,41.12
A0201,2025-05-08,2.6,26.09,44.13,67.82,0.556,47.42
A0201,2025-05-09,2.6,28.13,50.15,79.06,0.556,54.16
A0201,2025-05-10,2.6,32.06,53.68,82.07,0.556,57.62
A0201,2025-05-11,2.6,17.86,31.42,49.24,0.556,33.89
A0201,2025-05-12,2.6,27.08,44.8,68.08,0.556,48.04
A0202,2025-04-29,319.2,12.86,20.12,29.65,0.909,29.87
A0202,2025-04-30,319.2,16.12,27.15,41.65,0.909,41.98
A0202,2025-05-01,319.2,12.35,18.58,26.77,0.909,26.95
A0202,2025-05-02,319.2,15.55,24.16,35.47,0.909,35.73
A0202,2025-05-03,319.2,16.55,26.47,39.51,0.909,39.81
A0202,2025-05-04,319.2,14.65,23.9,36.05,0.909,36.32
A0202,2025-05-05,319.2,12.62,20.28,30.36,0.909,30.59
A0202,2025-05-06,319.2,12.84,20.62,30.85,0.909,31.08
A0202,2025-05-07,319.2,12.0,18.53,27.12,0.909,27.31
A0202,2025-05-08,319.2,13.76,20.74,29.91,0.909,30.12
A0202,2025-05-09,319.2,14.56,21.31,30.19,0.909,30.39
A0202,2025-05-10,319.2,15.49,23.52,34.07,0.909,34.31
A0202,2025-05-11,319.2,12.06,18.34,26.61,0.909,26.79
A0202,2025-05-12,319.2,13.84,21.75,32.15,0.909,32.38
A0203,2025-04-29,11.8,67.45,92.6,126.69,0.909,127.47
A0203,2025-04-30,11.8,84.2,119.26,166.79,0.909,167.87
A0203,2025-05-01,11.8,55.76,77.94,108.0,0.909,108.69
A0203,2025-05-02,11.8,76.02,106.66,148.19,0.909,149.14
A0203,2025-05-03,11.8,75.35,105.94,147.41,0.909,148.35
A0203,2025-05-04,11.8,64.8,90.55,125.46,0.909,126.25
A0203,2025-05-05,11.8,59.28,82.54,114.06,0.909,114.77
A0203,2025-05-06,11.8,64.64,89.56,123.34,0.909,124.11
A0203,2025-05-07,11.8,70.88,96.28,130.7,0.909,131.48
A0203,2025-05-08,11.8,76.48,103.66,140.49,0.909,141.32
A0203,2025-05-09,11.8,81.07,111.49,152.72,0.909,153.66
A0203,2025-05-10,11.8,79.73,110.02,151.06,0.909,152.0
A0203,2025-05-11,11.8,58.06,78.77,106.85,0.909,107.48
A0203,2025-05-12,11.8,72.56,98.97,134.75,0.909,135.57
A0204,2025-04-29,304.6,1.62,11.82,28.95,0.909,29.34
A0204,2025-04-30,304.6,2.19,13.66,32.25,0.909,32.68
A0204,2025-05-01,304.6,1.3,11.32,27.58,0.909,27.95
A0204,2025-05-02,304.6,2.08,13.53,32.05,0.909,32.47
A0204,2025-05-03,304.6,2.39,14.33,33.39,0.909,33.82
A0204,2025-05-04,304.6,1.16,10.64,26.53,0.909,26.89
A0204,2025-05-05,304.6,1.89,12.6,30.17,0.909,30.57
A0204,2025-05-06,304.6,2.22,13.53,32.09,0.909,32.51
A0204,2025-05-07,304.6,2.7,14.8,34.48,0.909,34.93
A0204,2025-05-08,304.6,3.24,16.1,36.97,0.909,37.44
A0204,2025-05-09,304.6,3.58,17.07,39.09,0.909,39.59
A0204,2025-05-10,304.6,3.88,17.72,40.03,0.909,40.54
A0204,2025-05-11,304.6,2.05,12.47,30.08,0.909,30.48
A0204,2025-05-12,304.6,3.24,15.73,36.28,0.909,36.74
A0205,2025-04-29,24.6,5.59,10.62,16.01,0.909,16.13
A0205,2025-04-30,24.6,7.85,11.87,16.17,0.909,16.27
A0205,2025-05-01,24.6,5.54,10.21,15.2,0.909,15.32
A0205,2025-05-02,24.6,6.95,12.3,18.03,0.909,18.16
A0205,2025-05-03,24.6,6.99,12.7,18.8,0.909,18.94
A0205,2025-05-04,24.6,5.0,9.06,13.4,0.909,13.5
A0205,2025-05-05,24.6,5.44,10.96,16.88,0.909,17.01
A0205,2025-05-06,24.6,5.72,10.77,16.16,0.909,16.29
A0205,2025-05-07,24.6,6.56,11.16,16.08,0.909,16.19
A0205,2025-05-08,24.6,6.86,12.44,18.41,0.909,18.54
A0205,2025-05-09,24.6,7.13,13.08,19.44,0.909,19.58
A0205,2025-05-10,24.6,7.18,13.5,20.25,0.909,20.41
A0205,2025-05-11,24.6,4.85,9.65,14.8,0.909,14.91
A0205,2025-05-12,24.6,5.98,12.09,18.64,0.909,18.79
A0206,2025-04-29,8.0,33.01,48.37,69.17,0.556,51.26
A0206,2025-04-30,8.0,41.5,59.93,84.89,0.556,63.4
A0206,2025-05-01,8.0,29.96,42.85,60.31,0.556,45.27
A0206,2025-05-02,8.0,35.82,52.17,74.32,0.556,55.25
A0206,2025-05-03,8.0,37.53,54.12,76.58,0.556,57.24
A0206,2025-05-04,8.0,32.45,47.43,67.72,0.556,50.25
A0206,2025-05-05,8.0,30.47,43.86,62.0,0.556,46.38
A0206,2025-05-06,8.0,32.71,47.86,68.37,0.556,50.71
A0206,2025-05-07,8.0,31.95,47.32,68.13,0.556,50.21
A0206,2025-05-08,8.0,35.7,51.81,73.63,0.556,54.84
A0206,2025-05-09,8.0,34.48,50.93,73.21,0.556,54.02
A0206,2025-05-10,8.0,36.59,53.19,75.67,0.556,56.31
A0206,2025-05-11,8.0,29.23,42.58,60.67,0.556,45.09
A0206,2025-05-12,8.0,34.31,49.45,69.95,0.556,52.3
A0207,2025-04-29,5.2,71.43,101.61,138.29,0.556,106.71
A0207,2025-04-30,5.2,85.49,129.32,182.57,0.556,136.71
A0207,2025-05-01,5.2,61.54,87.65,119.37,0.556,92.06
A0207,2025-05-02,5.2,91.63,129.75,176.06,0.556,136.18
A0207,2025-05-03,5.2,88.73,125.89,171.06,0.556,132.17
A0207,2025-05-04,5.2,69.13,99.59,136.6,0.556,104.73
A0207,2025-05-05,5.2,68.9,96.15,129.26,0.556,100.75
A0207,2025-05-06,5.2,73.87,103.03,138.45,0.556,107.95
A0207,2025-05-07,5.2,77.93,109.06,146.87,0.556,114.31
A0207,2025-05-08,5.2,87.41,120.77,161.31,0.556,126.4
A0207,2025-05-09,5.2,99.35,139.1,187.38,0.556,145.8
A0207,2025-05-10,5.2,94.03,132.22,178.62,0.556,138.66
A0207,2025-05-11,5.2,60.55,84.61,113.84,0.556,88.67
A0207,2025-05-12,5.2,83.65,115.77,154.81,0.556,121.2
A0208,2025-04-29,6.9,103.61,229.67,444.82,0.556,259.55
A0208,2025-04-30,6.9,128.23,274.94,531.79,0.556,310.61
A0208,2025-05-01,6.9,87.7,194.89,379.26,0.556,220.49
A0208,2025-05-02,6.9,229.24,471.95,943.23,0.556,537.4
A0208,2025-05-03,6.9,232.59,475.0,957.99,0.556,542.08
A0208,2025-05-04,6.9,215.73,438.53,909.63,0.556,503.96
A0208,2025-05-05,6.9,122.95,266.6,530.98,0.556,303.32
A0208,2025-05-06,6.9,133.2,290.99,578.9,0.556,330.98
A0208,2025-05-07,6.9,131.15,288.41,571.55,0.556,327.73
A0208,2025-05-08,6.9,146.78,316.88,628.87,0.556,360.21
A0208,2025-05-09,6.9,106.71,232.39,460.83,0.556,264.12
A0208,2025-05-10,6.9,112.43,243.11,473.77,0.556,275.15
A0208,2025-05-11,6.9,89.41,196.4,382.49,0.556,222.25
A0208,2025-05-12,6.9,113.31,244.29,472.24,0.556,275.95
A0209,2025-04-29,13.7,54.86,83.42,122.84,0.909,123.74
A0209,2025-04-30,13.7,71.95,106.6,154.42,0.909,155.5
A0209,2025-05-01,13.7,47.58,71.06,103.45,0.909,104.19
A0209,2025-05-02,13.7,66.94,97.44,139.54,0.909,140.49
A0209,2025-05-03,13.7,72.67,107.48,155.53,0.909,156.62
A0209,2025-05-04,13.7,63.94,92.9,132.87,0.909,133.77
A0209,2025-05-05,13.7,58.96,85.48,122.09,0.909,122.92
A0209,2025-05-06,13.7,59.01,88.22,128.54,0.909,129.45
A0209,2025-05-07,13.7,58.93,87.18,126.18,0.909,127.07
A0209,2025-05-08,13.7,60.97,91.2,132.93,0.909,133.87
A0209,2025-05-09,13.7,66.31,96.78,138.84,0.909,139.8
A0209,2025-05-10,13.7,71.74,106.81,155.21,0.909,156.31
A0209,2025-05-11,13.7,53.94,80.83,117.94,0.909,118.78
A0209,2025-05-12,13.7,64.67,94.97,136.79,0.909,137.74
A0210,2025-04-29,404.2,2.07,13.06,31.3,0.909,31.72
A0210,2025-04-30,404.2,2.64,14.86,34.62,0.909,35.07
A0210,2025-05-01,404.2,1.65,12.16,29.25,0.909,29.63
A0210,2025-05-02,404.2,2.49,14.45,33.87,0.909,34.31
A0210,2025-05-03,404.2,2.8,15.18,35.05,0.909,35.5
A0210,2025-05-04,404.2,10.65,32.81,71.02,0.909,71.89
A0210,2025-05-05,404.2,13.98,41.63,89.44,0.909,90.53
A0210,2025-05-06,404.2,13.22,39.97,86.51,0.909,87.57
A0210,2025-05-07,404.2,15.75,45.59,98.17,0.909,99.36
A0210,2025-05-08,404.2,18.99,52.69,114.02,0.909,115.42
A0210,2025-05-09,404.2,21.76,60.21,132.83,0.909,134.48
A0210,2025-05-10,404.2,20.5,57.04,124.49,0.909,126.03
A0210,2025-05-11,404.2,1.25,10.48,26.8,0.909,27.17
A0210,2025-05-12,404.2,2.63,14.05,33.68,0.909,34.13
A0211,2025-04-29,341.2,11.28,23.39,42.4,0.909,42.83
A0211,2025-04-30,341.2,15.83,27.79,46.57,0.909,47.0
A0211,2025-05-01,341.2,11.06,20.52,35.37,0.909,35.7
A0211,2025-05-02,341.2,14.17,27.39,48.13,0.909,48.6
A0211,2025-05-03,341.2,15.21,27.85,47.67,0.909,48.12
A0211,2025-05-04,341.2,9.57,17.75,30.6,0.909,30.89
A0211,2025-05-05,341.2,11.68,21.8,37.67,0.909,38.03
A0211,2025-05-06,341.2,11.86,22.92,40.28,0.909,40.68
A0211,2025-05-07,341.2,12.41,28.14,52.84,0.909,53.4
A0211,2025-05-08,341.2,13.14,30.9,58.78,0.909,59.42
A0211,2025-05-09,341.2,14.87,33.41,62.51,0.909,63.17
A0211,2025-05-10,341.2,16.2,33.21,59.9,0.909,60.51
A0211,2025-05-11,341.2,9.35,20.68,38.45,0.909,38.86
A0211,2025-05-12,341.2,12.33,26.89,49.74,0.909,50.26
A0212,2025-04-29,2.9,14.88,23.53,34.06,0.556,24.99
A0212,2025-04-30,2.9,20.71,32.11,45.99,0.556,34.04
A0212,2025-05-01,2.9,12.43,18.99,26.99,0.556,20.1
A0212,2025-05-02,2.9,18.01,29.34,43.13,0.556,31.26
A0212,2025-05-03,2.9,17.69,28.2,40.99,0.556,29.97
A0212,2025-05-04,2.9,12.32,19.83,28.97,0.556,21.1
A0212,2025-05-05,2.9,13.26,21.17,30.78,0.556,22.5
A0212,2025-05-06,2.9,31.36,47.78,67.76,0.556,50.55
A0212,2025-05-07,2.9,31.23,48.14,68.72,0.556,51.0
A0212,2025-05-08,2.9,34.88,52.35,73.62,0.556,55.3
A0212,2025-05-09,2.9,39.55,60.77,86.6,0.556,64.36
A0212,2025-05-10,2.9,38.6,58.26,82.18,0.556,61.58
A0212,2025-05-11,2.9,25.5,37.75,52.65,0.556,39.82
A0212,2025-05-12,2.9,12.84,22.2,33.59,0.556,23.78
A0213,2025-04-29,5.6,20.58,31.0,39.77,0.556,32.22
A0213,2025-04-30,5.6,22.96,31.32,38.35,0.556,32.29
A0213,2025-05-01,5.6,17.85,25.81,32.51,0.556,26.74
A0213,2025-05-02,5.6,24.66,37.04,47.45,0.556,38.48
A0213,2025-05-03,5.6,24.97,38.49,49.86,0.556,40.07
A0213,2025-05-04,5.6,17.23,23.13,28.08,0.556,23.82
A0213,2025-05-05,5.6,21.05,32.42,41.98,0.556,33.75
A0213,2025-05-06,5.6,21.56,31.97,40.73,0.556,33.19
A0213,2025-05-07,5.6,20.64,28.87,35.79,0.556,29.83
A0213,2025-05-08,5.6,22.77,30.57,37.14,0.556,31.48
A0213,2025-05-09,5.6,25.81,37.92,48.1,0.556,39.33
A0213,2025-05-10,5.6,43.76,69.26,90.71,0.556,72.24
A0213,2025-05-11,5.6,26.68,37.72,47.01,0.556,39.01
A0213,2025-05-12,5.6,38.09,59.72,77.91,0.556,62.24
A0214,2025-04-29,11.1,21.23,32.43,46.64,0.909,46.96
A0214,2025-04-30,11.1,27.99,45.73,68.21,0.909,68.73
A0214,2025-05-01,11.1,17.96,28.24,41.26,0.909,41.56
A0214,2025-05-02,11.1,23.73,36.97,53.76,0.909,54.14
A0214,2025-05-03,11.1,24.44,39.56,58.72,0.909,59.15
A0214,2025-05-04,11.1,20.57,33.64,50.19,0.909,50.57
A0214,2025-05-05,11.1,19.73,30.7,44.6,0.909,44.91
A0214,2025-05-06,11.1,20.05,31.34,45.65,0.909,45.97
A0214,2025-05-07,11.1,21.76,34.17,49.91,0.909,50.26
A0214,2025-05-08,11.1,22.72,34.99,50.53,0.909,50.88
A0214,2025-05-09,11.1,24.67,37.91,54.69,0.909,55.07
A0214,2025-05-10,11.1,25.73,40.87,60.06,0.909,60.49
A0214,2025-05-11,11.1,18.13,28.57,41.79,0.909,42.09
A0214,2025-05-12,11.1,23.26,35.56,51.14,0.909,51.49
A0215,2025-04-29,3.3,4.09,20.39,47.19,0.556,24.11
A0215,2025-04-30,3.3,6.2,26.88,59.3,0.556,31.38
A0215,2025-05-01,3.3,3.97,20.49,46.43,0.556,24.09
A0215,2025-05-02,3.3,6.53,28.38,62.61,0.556,33.13
A0215,2025-05-03,3.3,7.37,30.7,66.46,0.556,35.66
A0215,2025-05-04,3.3,4.61,21.62,49.05,0.556,25.43
A0215,2025-05-05,3.3,5.99,25.99,57.55,0.556,30.38
A0215,2025-05-06,3.3,6.27,26.89,59.49,0.556,31.41
A0215,2025-05-07,3.3,6.75,28.37,62.18,0.556,33.06
A0215,2025-05-08,3.3,8.29,32.14,69.69,0.556,37.36
A0215,2025-05-09,3.3,9.14,34.74,75.6,0.556,40.41
A0215,2025-05-10,3.3,10.04,36.75,78.45,0.556,42.55
A0215,2025-05-11,3.3,5.6,23.25,52.0,0.556,27.24
A0215,2025-05-12,3.3,9.39,34.19,73.47,0.556,39.65
A0216,2025-04-29,5.7,11.22,18.07,26.84,0.556,19.29
A0216,2025-04-30,5.7,14.17,21.13,30.03,0.556,22.36
A0216,2025-05-01,5.7,9.9,17.19,26.52,0.556,18.48
A0216,2025-05-02,5.7,13.81,22.4,33.4,0.556,23.93
A0216,2025-05-03,5.7,13.34,21.72,32.45,0.556,23.21
A0216,2025-05-04,5.7,9.7,15.21,22.27,0.556,16.19
A0216,2025-05-05,5.7,10.74,18.3,27.97,0.556,19.64
A0216,2025-05-06,5.7,11.2,18.27,27.31,0.556,19.52
A0216,2025-05-07,5.7,11.04,17.58,25.96,0.556,18.75
A0216,2025-05-08,5.7,12.5,20.56,30.89,0.556,22.0
A0216,2025-05-09,5.7,14.18,22.84,33.94,0.556,24.38
A0216,2025-05-10,5.7,13.74,22.29,33.23,0.556,23.81
A0216,2025-05-11,5.7,8.89,14.48,21.64,0.556,15.47
A0216,2025-05-12,5.7,12.43,20.42,30.66,0.556,21.84
A0217,2025-04-29,4.2,32.25,49.55,68.47,0.556,52.18
A0217,2025-04-30,4.2,42.07,61.78,83.35,0.556,64.78
A0217,2025-05-01,4.2,26.62,40.85,56.42,0.556,43.01
A0217,2025-05-02,4.2,38.56,57.88,79.02,0.556,60.82
A0217,2025-05-03,4.2,38.8,59.96,83.11,0.556,63.17
A0217,2025-05-04,4.2,32.38,48.75,66.66,0.556,51.24
A0217,2025-05-05,4.2,31.71,48.11,66.04,0.556,50.6
A0217,2025-05-06,4.2,33.14,50.31,69.09,0.556,52.92
A0217,2025-05-07,4.2,33.82,51.28,70.39,0.556,53.94
A0217,2025-05-08,4.2,35.43,54.61,75.6,0.556,57.53
A0217,2025-05-09,4.2,39.54,59.22,80.74,0.556,62.21
A0217,2025-05-10,4.2,40.05,61.53,85.03,0.556,64.79
A0217,2025-05-11,4.2,28.51,43.88,60.7,0.556,46.22
A0217,2025-05-12,4.2,35.99,55.4,76.64,0.556,58.35
A0218,2025-04-29,6.8,111.64,160.55,226.63,0.556,169.73
A0218,2025-04-30,6.8,128.78,180.76,251.0,0.556,190.52
A0218,2025-05-01,6.8,94.38,134.3,188.24,0.556,141.79
A0218,2025-05-02,6.8,120.32,171.33,240.24,0.556,180.9
A0218,2025-05-03,6.8,123.0,176.1,247.85,0.556,186.07
A0218,2025-05-04,6.8,120.01,168.65,234.36,0.556,177.77
A0218,2025-05-05,6.8,102.74,144.7,201.38,0.556,152.57
A0218,2025-05-06,6.8,110.46,158.88,224.3,0.556,167.96
A0218,2025-05-07,6.8,98.64,144.63,206.77,0.556,153.26
A0218,2025-05-08,6.8,108.03,160.59,231.62,0.556,170.46
A0218,2025-05-09,6.8,111.62,163.16,232.8,0.556,172.83
A0218,2025-05-10,6.8,115.23,168.69,240.91,0.556,178.72
A0218,2025-05-11,6.8,103.54,148.24,208.64,0.556,156.63
A0218,2025-05-12,6.8,114.24,164.36,232.06,0.556,173.76
A0219,2025-04-29,2.9,34.67,52.36,71.79,0.556,55.06
A0219,2025-04-30,2.9,48.57,69.43,92.34,0.556,72.61
A0219,2025-05-01,2.9,32.54,50.74,70.73,0.556,53.52
A0219,2025-05-02,2.9,46.46,69.24,94.26,0.556,72.72
A0219,2025-05-03,2.9,46.73,70.57,96.77,0.556,74.21
A0219,2025-05-04,2.9,31.41,45.35,60.66,0.556,47.48
A0219,2025-05-05,2.9,34.92,53.53,73.97,0.556,56.37
A0219,2025-05-06,2.9,34.48,52.05,71.36,0.556,54.74
A0219,2025-05-07,2.9,33.25,50.63,69.71,0.556,53.28
A0219,2025-05-08,2.9,39.86,59.75,81.6,0.556,62.79
A0219,2025-05-09,2.9,45.34,68.12,93.14,0.556,71.59
A0219,2025-05-10,2.9,46.47,70.27,96.4,0.556,73.9
A0219,2025-05-11,2.9,26.0,38.54,52.31,0.556,40.45
A0219,2025-05-12,2.9,40.38,59.88,81.31,0.556,62.86
A0220,2025-04-29,5.1,36.01,53.73,72.94,0.556,56.4
A0220,2025-04-30,5.1,38.37,59.03,81.4,0.556,62.14
A0220,2025-05-01,5.1,26.66,39.99,54.42,0.556,41.99
A0220,2025-05-02,5.1,39.16,58.55,79.56,0.556,61.47
A0220,2025-05-03,5.1,39.31,59.8,82.0,0.556,62.88
A0220,2025-05-04,5.1,33.43,48.61,65.06,0.556,50.9
A0220,2025-05-05,5.1,32.69,48.25,65.1,0.556,50.59
A0220,2025-05-06,5.1,37.06,54.37,73.12,0.556,56.97
A0220,2025-05-07,5.1,40.01,57.63,76.71,0.556,60.28
A0220,2025-05-08,5.1,43.31,61.65,81.53,0.556,64.42
A0220,2025-05-09,5.1,46.68,66.16,87.27,0.556,69.09
A0220,2025-05-10,5.1,45.92,66.34,88.47,0.556,69.42
A0220,2025-05-11,5.1,46.16,63.26,81.77,0.556,65.83
A0220,2025-05-12,5.1,55.82,79.18,104.5,0.556,82.7
A0221,2025-04-29,5.7,38.61,56.68,77.12,0.556,59.52
A0221,2025-04-30,5.7,47.52,70.62,96.75,0.556,74.25
A0221,2025-05-01,5.7,33.43,49.0,66.6,0.556,51.44
A0221,2025-05-02,5.7,50.54,74.61,101.84,0.556,78.39
A0221,2025-05-03,5.7,49.14,71.62,97.05,0.556,75.15
A0221,2025-05-04,5.7,35.27,51.51,69.87,0.556,54.06
A0221,2025-05-05,5.7,38.21,54.65,73.23,0.556,57.23
A0221,2025-05-06,5.7,39.58,57.46,77.69,0.556,60.27
A0221,2025-05-07,5.7,42.26,61.34,82.91,0.556,64.33
A0221,2025-05-08,5.7,46.21,67.26,91.06,0.556,70.56
A0221,2025-05-09,5.7,53.43,78.96,107.83,0.556,82.97
A0221,2025-05-10,5.7,51.93,75.64,102.46,0.556,79.37
A0221,2025-05-11,5.7,33.47,48.76,66.06,0.556,51.17
A0221,2025-05-12,5.7,46.05,65.34,87.15,0.556,68.37
A0222,2025-04-29,4.7,20.77,30.24,42.5,0.556,31.95
A0222,2025-04-30,4.7,27.88,38.05,51.18,0.556,39.87
A0222,2025-05-01,4.7,17.48,25.18,35.13,0.556,26.56
A0222,2025-05-02,4.7,24.86,35.91,50.19,0.556,37.89
A0222,2025-05-03,4.7,25.52,35.5,48.4,0.556,37.29
A0222,2025-05-04,4.7,20.47,29.12,40.29,0.556,30.67
A0222,2025-05-05,4.7,19.83,28.68,40.13,0.556,30.27
A0222,2025-05-06,4.7,20.44,29.48,41.17,0.556,31.11
A0222,2025-05-07,4.7,22.47,32.31,45.03,0.556,34.08
A0222,2025-05-08,4.7,23.54,33.35,46.03,0.556,35.11
A0222,2025-05-09,4.7,26.1,37.26,51.7,0.556,39.27
A0222,2025-05-10,4.7,26.49,36.42,49.26,0.556,38.2
A0222,2025-05-11,4.7,18.39,26.36,36.66,0.556,27.79
A0222,2025-05-12,4.7,23.4,33.58,46.73,0.556,35.4
A0223,2025-04-29,144.3,11.06,19.03,29.39,0.909,29.62
A0223,2025-04-30,144.3,14.75,22.77,33.2,0.909,33.43
A0223,2025-05-01,144.3,9.76,15.95,23.99,0.909,24.17
A0223,2025-05-02,144.3,14.47,24.02,36.42,0.909,36.71
A0223,2025-05-03,144.3,14.56,23.66,35.47,0.909,35.74
A0223,2025-05-04,144.3,9.42,14.99,22.22,0.909,22.38
A0223,2025-05-05,144.3,48.23,72.2,103.34,0.909,104.05
A0223,2025-05-06,144.3,47.54,74.87,110.36,0.909,111.17
A0223,2025-05-07,144.3,47.65,73.92,108.04,0.909,108.81
A0223,2025-05-08,144.3,9.52,17.88,28.74,0.909,28.99
A0223,2025-05-09,144.3,11.38,20.98,33.46,0.909,33.74
A0223,2025-05-10,144.3,12.21,21.33,33.18,0.909,33.45
A0223,2025-05-11,144.3,7.31,12.67,19.63,0.909,19.78
A0223,2025-05-12,144.3,11.42,19.5,30.0,0.909,30.23
A0224,2025-04-29,296.9,81.88,108.23,139.06,0.909,139.76
A0224,2025-04-30,296.9,107.73,134.86,166.61,0.909,167.33
A0224,2025-05-01,296.9,66.52,88.86,114.99,0.909,115.58
A0224,2025-05-02,296.9,96.26,124.46,157.46,0.909,158.21
A0224,2025-05-03,296.9,98.67,130.22,167.14,0.909,167.98
A0224,2025-05-04,296.9,68.32,88.54,112.2,0.909,112.74
A0224,2025-05-05,296.9,72.25,96.28,124.39,0.909,125.03
A0224,2025-05-06,296.9,80.57,106.94,137.8,0.909,138.5
A0224,2025-05-07,296.9,85.51,110.92,140.65,0.909,141.33
A0224,2025-05-08,296.9,95.49,126.28,162.32,0.909,163.14
A0224,2025-05-09,296.9,103.53,134.72,171.23,0.909,172.06
A0224,2025-05-10,296.9,105.97,140.74,181.42,0.909,182.35
A0224,2025-05-11,296.9,64.2,85.56,110.56,0.909,111.13
A0224,2025-05-12,296.9,89.46,118.32,152.08,0.909,152.85
A0225,2025-04-29,2.7,28.62,77.3,152.8,0.556,87.79
A0225,2025-04-30,2.7,41.31,103.5,200.23,0.556,116.93
A0225,2025-05-01,2.7,26.16,69.94,137.96,0.556,79.39
A0225,2025-05-02,2.7,42.11,104.5,202.52,0.556,118.12
A0225,2025-05-03,2.7,43.34,106.52,204.21,0.556,120.08
A0225,2025-05-04,2.7,29.18,73.68,144.82,0.556,83.56
A0225,2025-05-05,2.7,32.0,81.36,159.07,0.556,92.15
A0225,2025-05-06,2.7,32.75,84.27,165.23,0.556,95.51
A0225,2025-05-07,2.7,33.55,86.65,169.42,0.556,98.14
A0225,2025-05-08,2.7,39.17,98.25,190.98,0.556,111.13
A0225,2025-05-09,2.7,44.35,109.0,212.32,0.556,123.35
A0225,2025-05-10,2.7,45.59,111.06,213.86,0.556,125.33
A0225,2025-05-11,2.7,24.89,64.61,128.19,0.556,73.44
A0225,2025-05-12,2.7,40.07,99.38,193.06,0.556,112.39
A0226,2025-04-29,7.8,173.16,235.26,319.44,0.556,246.96
A0226,2025-04-30,7.8,200.97,268.81,360.75,0.556,281.58
A0226,2025-05-01,7.8,136.95,188.07,257.36,0.556,197.69
A0226,2025-05-02,7.8,187.14,253.41,343.24,0.556,265.89
A0226,2025-05-03,7.8,184.86,251.06,340.8,0.556,263.53
A0226,2025-05-04,7.8,170.39,230.59,312.18,0.556,241.92
A0226,2025-05-05,7.8,147.66,204.11,280.62,0.556,214.73
A0226,2025-05-06,7.8,174.9,237.28,321.82,0.556,249.02
A0226,2025-05-07,7.8,173.25,234.21,316.82,0.556,245.68
A0226,2025-05-08,7.8,186.92,252.06,340.36,0.556,264.32
A0226,2025-05-09,7.8,196.92,264.3,355.64,0.556,276.99
A0226,2025-05-10,7.8,195.54,262.88,354.16,0.556,275.56
A0226,2025-05-11,7.8,153.61,210.97,288.71,0.556,221.76
A0226,2025-05-12,7.8,179.13,244.88,334.0,0.556,257.26
A0227,2025-04-29,3.4,12.36,25.32,42.35,0.556,27.68
A0227,2025-04-30,3.4,17.39,35.16,58.52,0.556,38.41
A0227,2025-05-01,3.4,12.57,24.3,39.71,0.556,26.44
A0227,2025-05-02,3.4,21.55,39.0,61.94,0.556,42.19
A0227,2025-05-03,3.4,21.59,37.91,59.36,0.556,40.89
A0227,2025-05-04,3.4,14.04,24.63,38.56,0.556,26.57
A0227,2025-05-05,3.4,16.94,29.6,46.23,0.556,31.91
A0227,2025-05-06,3.4,16.56,29.68,46.93,0.556,32.08
A0227,2025-05-07,3.4,15.89,28.72,45.58,0.556,31.06
A0227,2025-05-08,3.4,19.17,33.25,51.76,0.556,35.82
A0227,2025-05-09,3.4,21.28,38.52,61.19,0.556,41.67
A0227,2025-05-10,3.4,21.49,37.7,59.0,0.556,40.66
A0227,2025-05-11,3.4,11.57,20.6,32.47,0.556,22.25
A0227,2025-05-12,3.4,19.16,33.04,51.3,0.556,35.58
A0228,2025-04-29,5.7,24.57,34.89,50.43,0.556,37.05
A0228,2025-04-30,5.7,32.79,46.6,67.38,0.556,49.49
A0228,2025-05-01,5.7,21.29,30.5,44.36,0.556,32.43
A0228,2025-05-02,5.7,29.25,42.45,62.33,0.556,45.21
A0228,2025-05-03,5.7,30.13,42.62,61.42,0.556,45.23
A0228,2025-05-04,5.7,21.76,31.52,46.21,0.556,33.56
A0228,2025-05-05,5.7,23.15,33.4,48.83,0.556,35.55
A0228,2025-05-06,5.7,24.27,34.23,49.22,0.556,36.31
A0228,2025-05-07,5.7,26.76,37.48,53.62,0.556,39.72
A0228,2025-05-08,5.7,29.3,40.84,58.2,0.556,43.25
A0228,2025-05-09,5.7,31.52,45.12,65.59,0.556,47.96
A0228,2025-05-10,5.7,32.59,45.29,64.39,0.556,47.94
A0228,2025-05-11,5.7,20.04,28.37,40.9,0.556,30.11
A0228,2025-05-12,5.7,27.89,39.41,56.75,0.556,41.82
A0229,2025-04-29,304.6,0.34,4.35,9.83,0.909,9.96
A0229,2025-04-30,304.6,1.16,4.76,9.7,0.909,9.82
A0229,2025-05-01,304.6,1.27,3.75,7.15,0.909,7.22
A0229,2025-05-02,304.6,0.45,4.64,10.37,0.909,10.5
A0229,2025-05-03,304.6,0.53,4.53,9.99,0.909,10.12
A0229,2025-05-04,304.6,1.06,3.43,6.67,0.909,6.74
A0229,2025-05-05,304.6,1.37,4.25,8.2,0.909,8.29
A0229,2025-05-06,304.6,0.71,4.44,9.54,0.909,9.66
A0229,2025-05-07,304.6,0.24,4.79,11.02,0.909,11.16
A0229,2025-05-08,304.6,0.38,5.17,11.73,0.909,11.88
A0229,2025-05-09,304.6,0.0,5.37,12.88,0.909,13.05
A0229,2025-05-10,304.6,0.15,5.21,12.13,0.909,12.29
A0229,2025-05-11,304.6,0.91,4.0,8.22,0.909,8.32
A0229,2025-05-12,304.6,0.63,4.85,10.63,0.909,10.76
A0230,2025-04-29,4.3,35.3,48.49,66.32,0.556,50.97
A0230,2025-04-30,4.3,42.69,59.52,82.26,0.556,62.67
A0230,2025-05-01,4.3,28.58,38.88,52.8,0.556,40.82
A0230,2025-05-02,4.3,41.48,57.37,78.85,0.556,60.36
A0230,2025-05-03,4.3,41.94,58.5,80.87,0.556,61.6
A0230,2025-05-04,4.3,31.74,44.61,62.0,0.556,47.03
A0230,2025-05-05,4.3,31.71,44.13,60.91,0.556,46.46
A0230,2025-05-06,4.3,35.15,48.35,66.19,0.556,50.83
A0230,2025-05-07,4.3,36.37,50.82,70.35,0.556,53.53
A0230,2025-05-08,4.3,39.49,54.37,74.47,0.556,57.16
A0230,2025-05-09,4.3,43.73,59.76,81.43,0.556,62.77
A0230,2025-05-10,4.3,44.11,60.81,83.38,0.556,63.94
A0230,2025-05-11,4.3,30.0,41.99,58.18,0.556,44.24
A0230,2025-05-12,4.3,38.43,53.51,73.88,0.556,56.34
A0231,2025-04-29,433.7,10.02,16.52,23.76,0.909,23.92
A0231,2025-04-30,433.7,13.13,22.16,32.22,0.909,32.45
A0231,2025-05-01,433.7,8.86,15.12,22.1,0.909,22.25
A0231,2025-05-02,433.7,10.77,18.74,27.62,0.909,27.82
A0231,2025-05-03,433.7,11.91,20.84,30.79,0.909,31.01
A0231,2025-05-04,433.7,9.28,16.56,24.67,0.909,24.85
A0231,2025-05-05,433.7,8.87,15.73,23.36,0.909,23.53
A0231,2025-05-06,433.7,9.4,16.39,24.17,0.909,24.35
A0231,2025-05-07,433.7,7.0,12.95,19.57,0.909,19.72
A0231,2025-05-08,433.7,7.92,14.31,21.42,0.909,21.58
A0231,2025-05-09,433.7,8.48,14.85,21.94,0.909,22.1
A0231,2025-05-10,433.7,10.11,17.48,25.69,0.909,25.87
A0231,2025-05-11,433.7,7.52,12.83,18.74,0.909,18.88
A0231,2025-05-12,433.7,8.73,15.49,23.03,0.909,23.2
A0232,2025-04-29,5.7,88.49,131.67,190.88,0.556,139.9
A0232,2025-04-30,5.7,103.85,148.59,209.94,0.556,157.11
A0232,2025-05-01,5.7,74.37,111.93,163.43,0.556,119.08
A0232,2025-05-02,5.7,96.79,138.72,196.22,0.556,146.71
A0232,2025-05-03,5.7,95.36,139.51,200.04,0.556,147.91
A0232,2025-05-04,5.7,156.94,223.95,315.85,0.556,236.72
A0232,2025-05-05,5.7,140.78,202.13,286.25,0.556,213.81
A0232,2025-05-06,5.7,156.9,227.5,324.3,0.556,240.94
A0232,2025-05-07,5.7,155.39,222.16,313.72,0.556,234.88
A0232,2025-05-08,5.7,168.06,244.47,349.23,0.556,259.02
A0232,2025-05-09,5.7,167.4,237.25,333.03,0.556,250.55
A0232,2025-05-10,5.7,90.35,134.59,195.26,0.556,143.02
A0232,2025-05-11,5.7,70.23,107.63,158.91,0.556,114.75
A0232,2025-05-12,5.7,87.04,129.69,188.18,0.556,137.81
A0233,2025-04-29,364.8,5.49,12.87,23.31,0.909,23.54
A0233,2025-04-30,364.8,6.47,13.01,22.24,0.909,22.45
A0233,2025-05-01,364.8,4.98,9.73,16.44,0.909,16.59
A0233,2025-05-02,364.8,6.25,13.06,22.69,0.909,22.91
A0233,2025-05-03,364.8,6.4,14.37,25.63,0.909,25.88
A0233,2025-05-04,364.8,4.04,8.54,14.89,0.909,15.03
A0233,2025-05-05,364.8,5.5,10.43,17.39,0.909,17.55
A0233,2025-05-06,364.8,5.46,12.58,22.63,0.909,22.86
A0233,2025-05-07,364.8,5.83,13.26,23.74,0.909,23.98
A0233,2025-05-08,364.8,6.16,15.19,27.96,0.909,28.25
A0233,2025-05-09,364.8,6.88,16.12,29.17,0.909,29.47
A0233,2025-05-10,364.8,7.12,17.65,32.52,0.909,32.86
A0233,2025-05-11,364.8,4.23,10.33,18.93,0.909,19.13
A0233,2025-05-12,364.8,5.94,13.1,23.22,0.909,23.45
A0234,2025-04-29,411.4,6.23,11.98,21.02,0.909,21.23
A0234,2025-04-30,411.4,7.1,13.81,24.35,0.909,24.59
A0234,2025-05-01,411.4,6.25,9.7,15.12,0.909,15.25
A0234,2025-05-02,411.4,7.61,15.1,26.89,0.909,27.16
A0234,2025-05-03,411.4,7.65,14.29,24.73,0.909,24.96
A0234,2025-05-04,411.4,5.16,9.9,17.37,0.909,17.54
A0234,2025-05-05,411.4,6.39,10.82,17.78,0.909,17.94
A0234,2025-05-06,411.4,6.29,11.71,20.23,0.909,20.42
A0234,2025-05-07,411.4,7.02,13.32,23.22,0.909,23.45
A0234,2025-05-08,411.4,7.89,15.24,26.79,0.909,27.05
A0234,2025-05-09,411.4,8.31,17.8,32.73,0.909,33.07
A0234,2025-05-10,411.4,8.33,16.51,29.38,0.909,29.68
A0234,2025-05-11,411.4,5.64,10.87,19.09,0.909,19.28
A0234,2025-05-12,411.4,7.31,14.04,24.64,0.909,24.88
A0235,2025-04-29,4.4,10.04,16.14,24.03,0.556,17.24
A0235,2025-04-30,4.4,12.96,21.86,33.37,0.556,23.46
A0235,2025-05-01,4.4,7.82,13.24,20.23,0.556,14.21
A0235,2025-05-02,4.4,11.2,17.61,25.9,0.556,18.76
A0235,2025-05-03,4.4,10.9,18.3,27.87,0.556,19.63
A0235,2025-05-04,4.4,8.68,15.42,24.13,0.556,16.63
A0235,2025-05-05,4.4,8.9,15.18,23.29,0.556,16.3
A0235,2025-05-06,4.4,9.17,15.55,23.78,0.556,16.69
A0235,2025-05-07,4.4,10.35,16.14,23.61,0.556,17.17
A0235,2025-05-08,4.4,10.63,17.44,26.24,0.556,18.66
A0235,2025-05-09,4.4,11.66,18.17,26.59,0.556,19.34
A0235,2025-05-10,4.4,11.3,18.92,28.77,0.556,20.29
A0235,2025-05-11,4.4,8.05,13.89,21.44,0.556,14.94
A0235,2025-05-12,4.4,10.73,17.8,26.93,0.556,19.07
A0236,2025-04-29,5.0,316.65,440.34,601.9,0.556,462.77
A0236,2025-04-30,5.0,127.93,180.7,249.62,0.556,190.27
A0236,2025-05-01,5.0,85.98,125.03,176.06,0.556,132.12
A0236,2025-05-02,5.0,145.34,203.89,280.37,0.556,214.51
A0236,2025-05-03,5.0,151.7,213.93,295.23,0.556,225.22
A0236,2025-05-04,5.0,107.26,146.71,198.25,0.556,153.87
A0236,2025-05-05,5.0,105.11,146.79,201.23,0.556,154.35
A0236,2025-05-06,5.0,119.35,163.83,221.92,0.556,171.9
A0236,2025-05-07,5.0,121.02,167.91,229.17,0.556,176.42
A0236,2025-05-08,5.0,134.72,188.83,259.51,0.556,198.65
A0236,2025-05-09,5.0,153.08,213.46,292.34,0.556,224.42
A0236,2025-05-10,5.0,158.54,222.5,306.05,0.556,234.1
A0236,2025-05-11,5.0,90.52,127.67,176.19,0.556,134.41
A0236,2025-05-12,5.0,132.46,183.81,250.89,0.556,193.13
A0237,2025-04-29,306.9,11.4,18.12,25.99,0.909,26.17
A0237,2025-04-30,306.9,14.59,23.29,33.47,0.909,33.71
A0237,2025-05-01,306.9,10.32,16.84,24.47,0.909,24.65
A0237,2025-05-02,306.9,14.67,23.57,33.98,0.909,34.22
A0237,2025-05-03,306.9,15.52,24.46,34.91,0.909,35.15
A0237,2025-05-04,306.9,9.98,15.93,22.89,0.909,23.05
A0237,2025-05-05,306.9,11.86,18.79,26.89,0.909,27.08
A0237,2025-05-06,306.9,11.76,18.34,26.04,0.909,26.21
A0237,2025-05-07,306.9,12.61,19.75,28.09,0.909,28.28
A0237,2025-05-08,306.9,13.18,21.65,31.57,0.909,31.79
A0237,2025-05-09,306.9,14.02,22.97,33.43,0.909,33.66
A0237,2025-05-10,306.9,15.14,24.06,34.49,0.909,34.73
A0237,2025-05-11,306.9,9.16,14.4,20.53,0.909,20.67
A0237,2025-05-12,306.9,13.65,21.51,30.72,0.909,30.93
A0238,2025-04-29,297.0,5.85,11.14,17.93,0.909,18.09
A0238,2025-04-30,297.0,6.48,13.3,22.04,0.909,22.24
A0238,2025-05-01,297.0,5.69,9.98,15.47,0.909,15.6
A0238,2025-05-02,297.0,6.91,12.83,20.42,0.909,20.59
A0238,2025-05-03,297.0,7.14,13.57,21.82,0.909,22.01
A0238,2025-05-04,297.0,6.67,12.62,20.24,0.909,20.41
A0238,2025-05-05,297.0,7.06,12.22,18.83,0.909,18.98
A0238,2025-05-06,297.0,6.83,12.42,19.59,0.909,19.75
A0238,2025-05-07,297.0,5.78,11.03,17.76,0.909,17.91
A0238,2025-05-08,297.0,10.9,18.94,29.24,0.909,29.48
A0238,2025-05-09,297.0,10.63,18.49,28.57,0.909,28.8
A0238,2025-05-10,297.0,11.08,19.82,31.02,0.909,31.28
A0238,2025-05-11,297.0,9.06,16.65,26.39,0.909,26.61
A0238,2025-05-12,297.0,6.53,12.16,19.38,0.909,19.54
A0239,2025-04-29,364.9,59.26,77.79,105.03,0.909,105.65
A0239,2025-04-30,364.9,66.39,88.04,119.86,0.909,120.58
A0239,2025-05-01,364.9,50.18,62.9,81.59,0.909,82.01
A0239,2025-05-02,364.9,72.29,94.8,127.89,0.909,128.64
A0239,2025-05-03,364.9,73.8,97.41,132.1,0.909,132.89
A0239,2025-05-04,364.9,49.86,65.39,88.21,0.909,88.73
A0239,2025-05-05,364.9,56.19,72.06,95.37,0.909,95.9
A0239,2025-05-06,364.9,59.74,78.1,105.07,0.909,105.68
A0239,2025-05-07,364.9,65.78,85.31,114.02,0.909,114.67
A0239,2025-05-08,364.9,71.07,91.81,122.29,0.909,122.98
A0239,2025-05-09,364.9,81.67,106.33,142.56,0.909,143.38
A0239,2025-05-10,364.9,81.85,107.55,145.3,0.909,146.16
A0239,2025-05-11,364.9,49.82,65.57,88.72,0.909,89.24
A0239,2025-05-12,364.9,68.68,89.34,119.68,0.909,120.37
A0240,2025-04-29,25.2,8.57,16.57,26.9,0.909,27.13
A0240,2025-04-30,25.2,10.73,18.39,28.29,0.909,28.52
A0240,2025-05-01,25.2,3.68,6.86,10.96,0.909,11.06
A0240,2025-05-02,25.2,4.3,10.02,17.42,0.909,17.59
A0240,2025-05-03,25.2,4.94,10.85,18.48,0.909,18.66
A0240,2025-05-04,25.2,3.48,8.12,14.11,0.909,14.25
A0240,2025-05-05,25.2,3.73,8.06,13.66,0.909,13.79
A0240,2025-05-06,25.2,4.04,8.68,14.67,0.909,14.81
A0240,2025-05-07,25.2,4.31,9.31,15.76,0.909,15.91
A0240,2025-05-08,25.2,4.91,10.17,16.96,0.909,17.11
A0240,2025-05-09,25.2,4.96,12.0,21.09,0.909,21.29
A0240,2025-05-10,25.2,5.58,12.51,21.47,0.909,21.67
A0240,2025-05-11,25.2,3.59,8.26,14.3,0.909,14.44
A0240,2025-05-12,25.2,4.24,9.87,17.15,0.909,17.32
A0241,2025-04-29,377.4,57.55,76.43,99.2,0.909,99.72
A0241,2025-04-30,377.4,64.95,91.21,122.88,0.909,123.6
A0241,2025-05-01,377.4,44.14,57.82,74.32,0.909,74.69
A0241,2025-05-02,377.4,63.6,85.67,112.28,0.909,112.88
A0241,2025-05-03,377.4,63.92,86.73,114.25,0.909,114.88
A0241,2025-05-04,377.4,44.28,61.6,82.5,0.909,82.97
A0241,2025-05-05,377.4,49.78,66.22,86.05,0.909,86.5
A0241,2025-05-06,377.4,52.92,72.1,95.22,0.909,95.75
A0241,2025-05-07,377.4,60.59,80.13,103.7,0.909,104.24
A0241,2025-05-08,377.4,65.33,86.23,111.43,0.909,112.0
A0241,2025-05-09,377.4,72.59,96.72,125.82,0.909,126.48
A0241,2025-05-10,377.4,72.41,97.42,127.59,0.909,128.28
A0241,2025-05-11,377.4,46.06,62.51,82.36,0.909,82.81
A0241,2025-05-12,377.4,63.58,84.33,109.37,0.909,109.93
A0242,2025-04-29,2.9,13.1,20.83,32.06,0.556,22.39
A0242,2025-04-30,2.9,17.84,27.45,41.41,0.556,29.39
A0242,2025-05-01,2.9,11.38,17.18,25.61,0.556,18.35
A0242,2025-05-02,2.9,17.42,27.26,41.55,0.556,29.24
A0242,2025-05-03,2.9,17.61,27.3,41.38,0.556,29.26
A0242,2025-05-04,2.9,11.49,17.72,26.78,0.556,18.98
A0242,2025-05-05,2.9,13.17,19.99,29.9,0.556,21.37
A0242,2025-05-06,2.9,13.4,21.4,33.03,0.556,23.02
A0242,2025-05-07,2.9,12.85,20.83,32.43,0.556,22.45
A0242,2025-05-08,2.9,14.63,23.51,36.41,0.556,25.3
A0242,2025-05-09,2.9,16.61,26.17,40.05,0.556,28.1
A0242,2025-05-10,2.9,17.34,26.87,40.72,0.556,28.8
A0242,2025-05-11,2.9,15.74,23.37,34.44,0.556,24.9
A0242,2025-05-12,2.9,21.45,32.45,48.44,0.556,34.67
A0243,2025-04-29,4.6,36.96,52.46,74.08,0.556,55.46
A0243,2025-04-30,4.6,45.99,67.23,96.85,0.556,71.34
A0243,2025-05-01,4.6,30.42,41.57,57.12,0.556,43.73
A0243,2025-05-02,4.6,45.71,62.66,86.31,0.556,65.95
A0243,2025-05-03,4.6,46.02,63.26,87.3,0.556,66.6
A0243,2025-05-04,4.6,36.49,52.05,73.75,0.556,55.06
A0243,2025-05-05,4.6,36.57,51.54,72.41,0.556,54.44
A0243,2025-05-06,4.6,38.98,54.46,76.06,0.556,57.46
A0243,2025-05-07,4.6,40.61,56.17,77.87,0.556,59.19
A0243,2025-05-08,4.6,43.17,59.3,81.8,0.556,62.43
A0243,2025-05-09,4.6,48.92,66.23,90.37,0.556,69.58
A0243,2025-05-10,4.6,48.49,66.07,90.59,0.556,69.48
A0243,2025-05-11,4.6,32.42,46.01,64.96,0.556,48.64
A0243,2025-05-12,4.6,42.17,60.16,85.25,0.556,63.64
A0244,2025-04-29,343.4,36.73,60.07,87.38,0.909,88.0
A0244,2025-04-30,343.4,41.92,66.2,94.61,0.909,95.25
A0244,2025-05-01,343.4,29.87,48.43,70.14,0.909,70.63
A0244,2025-05-02,343.4,21.39,33.76,48.24,0.909,48.57
A0244,2025-05-03,343.4,21.94,35.34,51.02,0.909,51.38
A0244,2025-05-04,343.4,16.6,25.22,35.3,0.909,35.53
A0244,2025-05-05,343.4,19.21,29.37,41.27,0.909,41.54
A0244,2025-05-06,343.4,21.45,33.76,48.17,0.909,48.5
A0244,2025-05-07,343.4,31.43,49.63,70.92,0.909,71.4
A0244,2025-05-08,343.4,35.66,57.56,83.19,0.909,83.78
A0244,2025-05-09,343.4,35.21,56.13,80.6,0.909,81.16
A0244,2025-05-10,343.4,36.5,59.46,86.33,0.909,86.94
A0244,2025-05-11,343.4,25.66,39.99,56.77,0.909,57.15
A0244,2025-05-12,343.4,34.79,55.24,79.16,0.909,79.7
A0245,2025-04-29,2.7,89.69,132.32,183.51,0.556,139.43
A0245,2025-04-30,2.7,111.81,156.71,210.62,0.556,164.2
A0245,2025-05-01,2.7,77.62,115.97,162.02,0.556,122.37
A0245,2025-05-02,2.7,116.55,168.08,229.96,0.556,176.68
A0245,2025-05-03,2.7,120.96,178.01,246.5,0.556,187.52
A0245,2025-05-04,2.7,80.82,113.24,152.16,0.556,118.64
A0245,2025-05-05,2.7,87.26,129.07,179.26,0.556,136.04
A0245,2025-05-06,2.7,93.6,136.38,187.75,0.556,143.51
A0245,2025-05-07,2.7,92.94,133.31,181.78,0.556,140.04
A0245,2025-05-08,2.7,108.12,156.09,213.69,0.556,164.09
A0245,2025-05-09,2.7,115.91,167.23,228.84,0.556,175.78
A0245,2025-05-10,2.7,121.58,178.46,246.76,0.556,187.95
A0245,2025-05-11,2.7,68.3,98.66,135.11,0.556,103.72
A0245,2025-05-12,2.7,103.96,152.09,209.88,0.556,160.12
A0246,2025-04-29,4.8,46.19,66.25,91.09,0.556,69.7
A0246,2025-04-30,4.8,60.45,84.08,113.33,0.556,88.14
A0246,2025-05-01,4.8,39.09,55.02,74.74,0.556,57.76
A0246,2025-05-02,4.8,55.34,76.29,102.22,0.556,79.89
A0246,2025-05-03,4.8,55.96,78.25,105.86,0.556,82.09
A0246,2025-05-04,4.8,44.79,63.11,85.8,0.556,66.26
A0246,2025-05-05,4.8,43.59,62.09,84.99,0.556,65.27
A0246,2025-05-06,4.8,46.42,66.57,91.52,0.556,70.04
A0246,2025-05-07,4.8,48.76,68.36,92.62,0.556,71.73
A0246,2025-05-08,4.8,52.46,72.93,98.27,0.556,76.45
A0246,2025-05-09,4.8,80.47,107.73,141.48,0.556,112.42
A0246,2025-05-10,4.8,80.27,109.33,145.3,0.556,114.32
A0246,2025-05-11,4.8,55.26,76.98,103.87,0.556,80.71
A0246,2025-05-12,4.8,69.31,96.52,130.22,0.556,101.2
A0247,2025-04-29,4.1,24.05,35.56,49.64,0.556,37.52
A0247,2025-04-30,4.1,32.74,52.09,75.75,0.556,55.38
A0247,2025-05-01,4.1,21.41,32.13,45.24,0.556,33.95
A0247,2025-05-02,4.1,29.0,43.32,60.83,0.556,45.75
A0247,2025-05-03,4.1,130.08,185.71,253.75,0.556,195.16
A0247,2025-05-04,4.1,120.77,174.69,240.62,0.556,183.85
A0247,2025-05-05,4.1,133.98,182.1,240.95,0.556,190.28
A0247,2025-05-06,4.1,134.39,182.09,240.42,0.556,190.19
A0247,2025-05-07,4.1,129.55,181.79,245.68,0.556,190.67
A0247,2025-05-08,4.1,136.77,186.62,247.57,0.556,195.08
A0247,2025-05-09,4.1,23.67,37.37,54.11,0.556,39.69
A0247,2025-05-10,4.1,24.81,38.13,54.43,0.556,40.4
A0247,2025-05-11,4.1,18.44,29.32,42.63,0.556,31.17
A0247,2025-05-12,4.1,24.03,36.79,52.41,0.556,38.96
A0248,2025-04-29,187.0,4.05,8.52,13.42,0.909,13.53
A0248,2025-04-30,187.0,4.58,9.16,14.16,0.909,14.28
A0248,2025-05-01,187.0,3.43,7.0,10.9,0.909,10.99
A0248,2025-05-02,187.0,4.54,9.83,15.63,0.909,15.76
A0248,2025-05-03,187.0,4.7,11.12,18.14,0.909,18.3
A0248,2025-05-04,187.0,2.68,6.05,9.74,0.909,9.83
A0248,2025-05-05,187.0,3.95,7.96,12.34,0.909,12.44
A0248,2025-05-06,187.0,3.84,8.43,13.45,0.909,13.56
A0248,2025-05-07,187.0,3.36,7.81,12.69,0.909,12.8
A0248,2025-05-08,187.0,3.97,8.97,14.45,0.909,14.58
A0248,2025-05-09,187.0,4.24,9.5,15.26,0.909,15.39
A0248,2025-05-10,187.0,4.71,11.15,18.2,0.909,18.36
A0248,2025-05-11,187.0,2.71,6.16,9.93,0.909,10.02
A0248,2025-05-12,187.0,4.33,9.13,14.38,0.909,14.5
A0249,2025-04-29,294.8,6.0,10.55,16.84,0.909,16.98
A0249,2025-04-30,294.8,6.45,12.73,21.38,0.909,21.58
A0249,2025-05-01,294.8,7.97,13.35,20.78,0.909,20.95
A0249,2025-05-02,294.8,11.43,20.57,33.19,0.909,33.48
A0249,2025-05-03,294.8,11.24,20.52,33.32,0.909,33.61
A0249,2025-05-04,294.8,6.9,13.3,22.13,0.909,22.33
A0249,2025-05-05,294.8,8.25,14.65,23.48,0.909,23.68
A0249,2025-05-06,294.8,9.13,16.22,25.99,0.909,26.22
A0249,2025-05-07,294.8,5.25,10.21,17.06,0.909,17.22
A0249,2025-05-08,294.8,6.07,11.57,19.16,0.909,19.33
A0249,2025-05-09,294.8,7.03,13.28,21.91,0.909,22.11
A0249,2025-05-10,294.8,7.18,13.46,22.12,0.909,22.31
A0249,2025-05-11,294.8,4.27,7.99,13.11,0.909,13.23
A0249,2025-05-12,294.8,5.92,11.09,18.22,0.909,18.39
A0250,2025-04-29,5.0,41.86,58.8,81.58,0.556,61.96
A0250,2025-04-30,5.0,54.63,79.29,112.45,0.556,83.89
A0250,2025-05-01,5.0,34.22,48.0,66.53,0.556,50.57
A0250,2025-05-02,5.0,46.38,65.68,91.63,0.556,69.28
A0250,2025-05-03,5.0,45.83,65.07,90.95,0.556,68.66
A0250,2025-05-04,5.0,42.28,61.93,88.35,0.556,65.6
A0250,2025-05-05,5.0,38.38,54.92,77.18,0.556,58.01
A0250,2025-05-06,5.0,41.41,58.68,81.92,0.556,61.91
A0250,2025-05-07,5.0,42.76,60.97,85.45,0.556,64.37
A0250,2025-05-08,5.0,44.46,62.19,86.04,0.556,65.5
A0250,2025-05-09,5.0,46.5,64.57,88.88,0.556,67.95
A0250,2025-05-10,5.0,46.43,64.6,89.05,0.556,68.0
A0250,2025-05-11,5.0,36.66,53.07,75.15,0.556,56.14
A0250,2025-05-12,5.0,44.7,63.33,88.38,0.556,66.81
A0251,2025-04-29,373.8,5.37,15.46,29.45,0.909,29.76
A0251,2025-04-30,373.8,8.87,16.79,27.76,0.909,28.01
A0251,2025-05-01,373.8,6.22,12.28,20.68,0.909,20.87
A0251,2025-05-02,373.8,6.92,15.85,28.22,0.909,28.5
A0251,2025-05-03,373.8,7.15,15.97,28.19,0.909,28.47
A0251,2025-05-04,373.8,6.09,11.08,17.99,0.909,18.15
A0251,2025-05-05,373.8,7.09,12.81,20.73,0.909,20.91
A0251,2025-05-06,373.8,6.18,15.15,27.58,0.909,27.86
A0251,2025-05-07,373.8,6.24,18.36,35.16,0.909,35.54
A0251,2025-05-08,373.8,6.61,19.05,36.28,0.909,36.67
A0251,2025-05-09,373.8,6.9,20.44,39.19,0.909,39.62
A0251,2025-05-10,373.8,7.66,20.34,37.92,0.909,38.32
A0251,2025-05-11,373.8,6.02,13.49,23.85,0.909,24.08
A0251,2025-05-12,373.8,7.65,16.31,28.31,0.909,28.58
A0252,2025-04-29,5.3,11.38,17.99,27.17,0.556,19.26
A0252,2025-04-30,5.3,13.36,21.25,32.21,0.556,22.77
A0252,2025-05-01,5.3,10.35,16.18,24.29,0.556,17.31
A0252,2025-05-02,5.3,14.01,22.3,33.84,0.556,23.91
A0252,2025-05-03,5.3,13.93,22.07,33.38,0.556,23.64
A0252,2025-05-04,5.3,10.2,16.07,24.24,0.556,17.21
A0252,2025-05-05,5.3,11.43,17.77,26.6,0.556,19.0
A0252,2025-05-06,5.3,15.86,25.01,37.73,0.556,26.78
A0252,2025-05-07,5.3,16.2,25.23,37.79,0.556,26.98
A0252,2025-05-08,5.3,17.86,27.82,41.68,0.556,29.74
A0252,2025-05-09,5.3,23.82,37.53,56.6,0.556,40.18
A0252,2025-05-10,5.3,23.36,36.76,55.38,0.556,39.34
A0252,2025-05-11,5.3,15.17,23.6,35.31,0.556,25.23
A0252,2025-05-12,5.3,20.33,32.01,48.26,0.556,34.27
A0253,2025-04-29,10.1,95.03,147.73,218.1,0.909,219.7
A0253,2025-04-30,10.1,123.25,189.97,279.06,0.909,281.08
A0253,2025-05-01,10.1,83.96,129.45,190.2,0.909,191.58
A0253,2025-05-02,10.1,127.99,191.34,275.92,0.909,277.85
A0253,2025-05-03,10.1,128.42,192.55,278.18,0.909,280.13
A0253,2025-05-04,10.1,105.52,160.39,233.66,0.909,235.32
A0253,2025-05-05,10.1,99.4,150.87,219.6,0.909,221.16
A0253,2025-05-06,10.1,103.37,158.52,232.16,0.909,233.83
A0253,2025-05-07,10.1,97.03,146.25,211.96,0.909,213.46
A0253,2025-05-08,10.1,102.95,158.36,232.35,0.909,234.03
A0253,2025-05-09,10.1,116.71,178.97,262.12,0.909,264.0
A0253,2025-05-10,10.1,118.18,182.17,267.62,0.909,269.56
A0253,2025-05-11,10.1,82.47,130.33,194.25,0.909,195.7
A0253,2025-05-12,10.1,108.3,165.84,242.68,0.909,244.42
A0254,2025-04-29,4.6,41.19,58.12,79.09,0.556,61.03
A0254,2025-04-30,4.6,47.96,69.27,95.68,0.556,72.93
A0254,2025-05-01,4.6,35.5,50.41,68.89,0.556,52.98
A0254,2025-05-02,4.6,48.32,66.75,89.6,0.556,69.93
A0254,2025-05-03,4.6,48.45,67.3,90.67,0.556,70.55
A0254,2025-05-04,4.6,38.3,54.77,75.18,0.556,57.61
A0254,2025-05-05,4.6,40.1,56.7,77.27,0.556,59.55
A0254,2025-05-06,4.6,43.67,60.69,81.79,0.556,63.62
A0254,2025-05-07,4.6,42.98,59.1,79.08,0.556,61.87
A0254,2025-05-08,4.6,48.05,66.53,89.42,0.556,69.71
A0254,2025-05-09,4.6,51.1,69.89,93.18,0.556,73.12
A0254,2025-05-10,4.6,51.14,70.38,94.23,0.556,73.7
A0254,2025-05-11,4.6,35.21,49.84,67.98,0.556,52.36
A0254,2025-05-12,4.6,46.35,64.94,87.97,0.556,68.14
A0255,2025-04-29,334.0,0.26,4.38,10.71,0.909,10.85
A0255,2025-04-30,334.0,0.29,5.12,12.53,0.909,12.7
A0255,2025-05-01,334.0,0.6,4.19,9.71,0.909,9.84
A0255,2025-05-02,334.0,0.84,4.53,10.2,0.909,10.33
A0255,2025-05-03,334.0,0.94,5.25,11.87,0.909,12.02
A0255,2025-05-04,334.0,0.8,3.95,8.79,0.909,8.9
A0255,2025-05-05,334.0,2.32,5.67,10.83,0.909,10.95
A0255,2025-05-06,334.0,2.58,6.17,11.69,0.909,11.82
A0255,2025-05-07,334.0,2.17,7.24,15.04,0.909,15.21
A0255,2025-05-08,334.0,2.26,7.57,15.72,0.909,15.91
A0255,2025-05-09,334.0,2.66,7.97,16.11,0.909,16.3
A0255,2025-05-10,334.0,2.66,8.41,17.25,0.909,17.45
A0255,2025-05-11,334.0,2.04,5.47,10.74,0.909,10.86
A0255,2025-05-12,334.0,0.78,4.87,11.15,0.909,11.29
A0256,2025-04-29,5.7,15.52,22.45,32.21,0.556,23.8
A0256,2025-04-30,5.7,20.03,28.19,39.68,0.556,29.79
A0256,2025-05-01,5.7,13.27,20.26,30.09,0.556,21.62
A0256,2025-05-02,5.7,18.1,27.01,39.55,0.556,28.75
A0256,2025-05-03,5.7,18.33,27.04,39.31,0.556,28.75
A0256,2025-05-04,5.7,12.54,19.09,28.31,0.556,20.37
A0256,2025-05-05,5.7,13.34,19.79,28.87,0.556,21.05
A0256,2025-05-06,5.7,14.18,20.74,29.96,0.556,22.02
A0256,2025-05-07,5.7,15.94,23.05,33.05,0.556,24.44
A0256,2025-05-08,5.7,17.53,25.97,37.86,0.556,27.62
A0256,2025-05-09,5.7,19.06,28.49,41.75,0.556,30.33
A0256,2025-05-10,5.7,19.38,28.4,41.1,0.556,30.17
A0256,2025-05-11,5.7,12.29,18.04,26.13,0.556,19.16
A0256,2025-05-12,5.7,27.91,40.18,57.45,0.556,42.58
A0257,2025-04-29,32.4,6.24,12.3,20.34,0.909,20.53
A0257,2025-04-30,32.4,7.7,15.64,26.2,0.909,26.44
A0257,2025-05-01,32.4,5.57,10.57,17.2,0.909,17.35
A0257,2025-05-02,32.4,6.93,13.09,21.27,0.909,21.46
A0257,2025-05-03,32.4,7.38,13.72,22.14,0.909,22.33
A0257,2025-05-04,32.4,5.11,10.78,18.31,0.909,18.48
A0257,2025-05-05,32.4,6.21,11.95,19.56,0.909,19.73
A0257,2025-05-06,32.4,6.52,12.27,19.9,0.909,20.07
A0257,2025-05-07,32.4,6.35,13.15,22.18,0.909,22.38
A0257,2025-05-08,32.4,6.74,13.46,22.39,0.909,22.59
A0257,2025-05-09,32.4,6.82,14.05,23.65,0.909,23.87
A0257,2025-05-10,32.4,7.61,14.87,24.52,0.909,24.73
A0257,2025-05-11,32.4,4.86,10.41,17.78,0.909,17.95
A0257,2025-05-12,32.4,6.64,13.48,22.56,0.909,22.76
A0258,2025-04-29,4.3,72.5,104.84,149.95,0.556,111.11
A0258,2025-04-30,4.3,85.11,119.59,167.69,0.556,126.27
A0258,2025-05-01,4.3,203.25,273.98,372.64,0.556,287.69
A0258,2025-05-02,4.3,264.78,371.55,520.47,0.556,392.23
A0258,2025-05-03,4.3,257.67,364.14,512.64,0.556,384.77
A0258,2025-05-04,4.3,59.49,86.46,124.08,0.556,91.69
A0258,2025-05-05,4.3,57.62,84.33,121.57,0.556,89.5
A0258,2025-05-06,4.3,66.42,97.93,141.88,0.556,104.04
A0258,2025-05-07,4.3,71.61,100.86,141.66,0.556,106.53
A0258,2025-05-08,4.3,79.24,110.15,153.26,0.556,116.14
A0258,2025-05-09,4.3,82.55,117.2,165.53,0.556,123.91
A0258,2025-05-10,4.3,84.81,119.04,166.79,0.556,125.67
A0258,2025-05-11,4.3,64.8,89.04,122.85,0.556,93.73
A0258,2025-05-12,4.3,79.84,111.79,156.34,0.556,117.97
A0259,2025-04-29,5.2,47.81,67.91,92.68,0.556,71.35
A0259,2025-04-30,5.2,56.17,81.46,112.64,0.556,85.79
A0259,2025-05-01,5.2,38.24,52.76,70.66,0.556,55.25
A0259,2025-05-02,5.2,57.21,79.97,108.03,0.556,83.87
A0259,2025-05-03,5.2,59.92,84.57,114.96,0.556,88.79
A0259,2025-05-04,5.2,45.4,66.73,93.02,0.556,70.38
A0259,2025-05-05,5.2,43.42,60.88,82.4,0.556,63.87
A0259,2025-05-06,5.2,46.88,66.65,91.02,0.556,70.03
A0259,2025-05-07,5.2,51.49,72.11,97.52,0.556,75.64
A0259,2025-05-08,5.2,54.39,75.23,100.92,0.556,78.8
A0259,2025-05-09,5.2,62.62,86.33,115.56,0.556,90.39
A0259,2025-05-10,5.2,64.78,90.29,121.74,0.556,94.66
A0259,2025-05-11,5.2,41.88,60.94,84.43,0.556,64.2
A0259,2025-05-12,5.2,52.45,74.21,101.04,0.556,77.94
A0260,2025-04-29,6.4,2.64,18.06,47.68,0.556,22.17
A0260,2025-04-30,6.4,9.29,38.4,91.32,0.556,45.75
A0260,2025-05-01,6.4,8.17,35.87,85.47,0.556,42.76
A0260,2025-05-02,6.4,15.05,57.38,131.96,0.556,67.74
A0260,2025-05-03,6.4,18.29,67.24,151.38,0.556,78.93
A0260,2025-05-04,6.4,12.76,49.51,116.03,0.556,58.75
A0260,2025-05-05,6.4,30.35,98.35,216.42,0.556,114.75
A0260,2025-05-06,6.4,31.7,102.5,226.48,0.556,119.72
A0260,2025-05-07,6.4,33.38,106.67,234.12,0.556,124.37
A0260,2025-05-08,6.4,40.82,125.38,276.72,0.556,146.4
A0260,2025-05-09,6.4,18.71,66.95,156.89,0.556,79.44
A0260,2025-05-10,6.4,58.06,169.83,378.94,0.556,198.87
A0260,2025-05-11,6.4,37.26,107.02,239.13,0.556,125.37
A0260,2025-05-12,6.4,52.86,150.85,335.33,0.556,176.47
A0261,2025-04-29,4.6,204.96,306.48,412.58,0.556,321.22
A0261,2025-04-30,4.6,251.22,348.27,449.71,0.556,362.36
A0261,2025-05-01,4.6,164.44,265.84,371.82,0.556,280.56
A0261,2025-05-02,4.6,228.35,341.43,459.62,0.556,357.85
A0261,2025-05-03,4.6,224.86,349.57,479.9,0.556,367.67
A0261,2025-05-04,4.6,204.67,302.56,404.88,0.556,316.77
A0261,2025-05-05,4.6,180.1,289.43,403.7,0.556,305.3
A0261,2025-05-06,4.6,191.01,279.47,371.92,0.556,292.31
A0261,2025-05-07,4.6,213.9,336.17,463.95,0.556,353.92
A0261,2025-05-08,4.6,221.86,338.3,459.99,0.556,355.2
A0261,2025-05-09,4.6,242.67,374.93,513.16,0.556,394.13
A0261,2025-05-10,4.6,237.4,376.08,521.02,0.556,396.21
A0261,2025-05-11,4.6,182.13,288.51,399.7,0.556,303.95
A0261,2025-05-12,4.6,216.45,339.28,467.65,0.556,357.11
A0262,2025-04-29,7.1,38.66,94.52,180.02,0.556,106.39
A0262,2025-04-30,7.1,51.61,119.53,224.83,0.556,134.15
A0262,2025-05-01,7.1,33.02,81.21,155.83,0.556,91.57
A0262,2025-05-02,7.1,51.58,118.56,222.91,0.556,133.06
A0262,2025-05-03,7.1,52.47,119.91,224.21,0.556,134.39
A0262,2025-05-04,7.1,35.92,86.19,165.05,0.556,97.14
A0262,2025-05-05,7.1,39.25,92.74,176.67,0.556,104.4
A0262,2025-05-06,7.1,40.99,97.54,185.79,0.556,109.8
A0262,2025-05-07,7.1,43.01,101.9,193.23,0.556,114.58
A0262,2025-05-08,7.1,48.3,112.23,211.9,0.556,126.07
A0262,2025-05-09,7.1,54.38,123.84,233.78,0.556,139.11
A0262,2025-05-10,7.1,55.34,125.35,235.1,0.556,140.59
A0262,2025-05-11,7.1,32.23,78.55,151.18,0.556,88.64
A0262,2025-05-12,7.1,48.15,111.38,210.53,0.556,125.15
A0263,2025-04-29,5.9,44.96,60.4,83.63,0.556,63.62
A0263,2025-04-30,5.9,48.84,65.13,89.65,0.556,68.53
A0263,2025-05-01,5.9,85.56,112.47,152.97,0.556,118.09
A0263,2025-05-02,5.9,121.16,162.43,224.57,0.556,171.06
A0263,2025-05-03,5.9,122.51,167.7,235.71,0.556,177.14
A0263,2025-05-04,5.9,37.12,50.87,71.57,0.556,53.75
A0263,2025-05-05,5.9,37.68,51.54,72.39,0.556,54.43
A0263,2025-05-06,5.9,43.35,58.23,80.64,0.556,61.35
A0263,2025-05-07,5.9,46.87,64.43,90.86,0.556,68.1
A0263,2025-05-08,5.9,49.87,65.62,89.33,0.556,68.91
A0263,2025-05-09,5.9,57.74,76.99,105.97,0.556,81.01
A0263,2025-05-10,5.9,59.08,79.87,111.17,0.556,84.22
A0263,2025-05-11,5.9,39.94,53.94,75.02,0.556,56.87
A0263,2025-05-12,5.9,50.53,67.03,91.87,0.556,70.48
A0264,2025-04-29,26.4,11.66,21.73,35.63,0.909,35.94
A0264,2025-04-30,26.4,13.49,29.23,50.95,0.909,51.44
A0264,2025-05-01,26.4,10.41,17.58,27.47,0.909,27.69
A0264,2025-05-02,26.4,12.77,23.06,37.26,0.909,37.58
A0264,2025-05-03,26.4,12.22,21.06,33.26,0.909,33.54
A0264,2025-05-04,26.4,8.75,18.46,31.85,0.909,32.16
A0264,2025-05-05,26.4,10.07,17.9,28.68,0.909,28.93
A0264,2025-05-06,26.4,11.15,19.96,32.1,0.909,32.38
A0264,2025-05-07,26.4,12.75,25.01,41.92,0.909,42.3
A0264,2025-05-08,26.4,13.8,26.26,43.44,0.909,43.83
A0264,2025-05-09,26.4,15.15,30.25,51.06,0.909,51.54
A0264,2025-05-10,26.4,36.22,63.53,101.19,0.909,102.05
A0264,2025-05-11,26.4,22.45,44.3,74.42,0.909,75.11
A0264,2025-05-12,26.4,31.23,55.64,89.29,0.909,90.06
A0265,2025-04-29,32.4,1.77,5.53,10.9,0.909,11.02
A0265,2025-04-30,32.4,1.92,7.26,14.88,0.909,15.05
A0265,2025-05-01,32.4,1.59,3.71,6.74,0.909,6.81
A0265,2025-05-02,32.4,1.67,5.12,10.05,0.909,10.16
A0265,2025-05-03,32.4,2.06,5.88,11.34,0.909,11.47
A0265,2025-05-04,32.4,1.1,4.87,10.25,0.909,10.38
A0265,2025-05-05,32.4,1.65,4.51,8.58,0.909,8.68
A0265,2025-05-06,32.4,1.43,5.01,10.13,0.909,10.24
A0265,2025-05-07,32.4,1.58,6.19,12.76,0.909,12.91
A0265,2025-05-08,32.4,1.76,5.7,11.31,0.909,11.44
A0265,2025-05-09,32.4,1.9,6.1,12.09,0.909,12.23
A0265,2025-05-10,32.4,2.35,6.9,13.39,0.909,13.54
A0265,2025-05-11,32.4,1.45,5.35,10.92,0.909,11.05
A0265,2025-05-12,32.4,1.91,5.88,11.54,0.909,11.67
A0266,2025-04-29,2.9,54.41,97.59,145.4,0.556,104.23
A0266,2025-04-30,2.9,78.29,122.65,171.76,0.556,129.47
A0266,2025-05-01,2.9,40.46,76.35,116.09,0.556,81.87
A0266,2025-05-02,2.9,75.97,130.27,190.4,0.556,138.62
A0266,2025-05-03,2.9,78.91,131.79,190.34,0.556,139.92
A0266,2025-05-04,2.9,49.23,79.75,113.55,0.556,84.44
A0266,2025-05-05,2.9,52.52,92.02,135.75,0.556,98.09
A0266,2025-05-06,2.9,52.64,95.88,143.76,0.556,102.53
A0266,2025-05-07,2.9,58.7,98.9,143.41,0.556,105.08
A0266,2025-05-08,2.9,63.28,109.91,161.56,0.556,117.09
A0266,2025-05-09,2.9,81.04,134.99,194.73,0.556,143.28
A0266,2025-05-10,2.9,81.2,133.77,191.97,0.556,141.85
A0266,2025-05-11,2.9,41.57,70.54,102.62,0.556,74.99
A0266,2025-05-12,2.9,64.28,109.18,158.91,0.556,116.09
A0267,2025-04-29,339.7,20.01,30.72,44.01,0.909,44.31
A0267,2025-04-30,339.7,24.34,37.15,53.04,0.909,53.4
A0267,2025-05-01,339.7,10.42,16.75,24.6,0.909,24.77
A0267,2025-05-02,339.7,17.48,28.44,42.05,0.909,42.36
A0267,2025-05-03,339.7,18.93,29.61,42.86,0.909,43.16
A0267,2025-05-04,339.7,11.44,19.5,29.5,0.909,29.73
A0267,2025-05-05,339.7,12.88,21.01,31.1,0.909,31.33
A0267,2025-05-06,339.7,13.96,23.06,34.34,0.909,34.59
A0267,2025-05-07,339.7,15.4,24.5,35.79,0.909,36.04
A0267,2025-05-08,339.7,16.05,25.47,37.15,0.909,37.42
A0267,2025-05-09,339.7,18.42,29.32,42.85,0.909,43.15
A0267,2025-05-10,339.7,19.85,30.49,43.7,0.909,44.0
A0267,2025-05-11,339.7,11.3,18.71,27.9,0.909,28.11
A0267,2025-05-12,339.7,16.6,26.63,39.06,0.909,39.35
A0268,2025-04-29,164.0,5.49,11.07,17.87,0.909,18.03
A0268,2025-04-30,164.0,7.61,16.31,26.93,0.909,27.17
A0268,2025-05-01,164.0,4.19,10.11,17.33,0.909,17.49
A0268,2025-05-02,164.0,6.33,13.56,22.38,0.909,22.59
A0268,2025-05-03,164.0,6.94,13.47,21.43,0.909,21.61
A0268,2025-05-04,164.0,4.38,9.26,15.21,0.909,15.35
A0268,2025-05-05,164.0,4.99,11.1,18.55,0.909,18.72
A0268,2025-05-06,164.0,5.12,10.72,17.55,0.909,17.71
A0268,2025-05-07,164.0,5.03,10.31,16.75,0.909,16.9
A0268,2025-05-08,164.0,5.83,12.1,19.76,0.909,19.93
A0268,2025-05-09,164.0,6.23,13.46,22.29,0.909,22.49
A0268,2025-05-10,164.0,7.02,13.56,21.54,0.909,21.72
A0268,2025-05-11,164.0,4.05,7.84,12.48,0.909,12.58
A0268,2025-05-12,164.0,5.68,11.97,19.65,0.909,19.82
A0269,2025-04-29,5.2,41.05,58.1,80.33,0.556,61.19
A0269,2025-04-30,5.2,44.6,62.05,84.79,0.556,65.21
A0269,2025-05-01,5.2,32.12,44.03,59.56,0.556,46.19
A0269,2025-05-02,5.2,43.38,60.42,82.64,0.556,63.5
A0269,2025-05-03,5.2,93.8,132.92,183.94,0.556,140.01
A0269,2025-05-04,5.2,83.36,114.78,155.75,0.556,120.47
A0269,2025-05-05,5.2,84.26,115.77,156.86,0.556,121.48
A0269,2025-05-06,5.2,89.97,126.15,173.31,0.556,132.7
A0269,2025-05-07,5.2,89.78,122.96,166.22,0.556,128.97
A0269,2025-05-08,5.2,97.79,132.21,177.08,0.556,138.44
A0269,2025-05-09,5.2,43.86,60.82,82.94,0.556,63.89
A0269,2025-05-10,5.2,44.82,62.88,86.43,0.556,66.15
A0269,2025-05-11,5.2,31.8,45.18,62.63,0.556,47.6
A0269,2025-05-12,5.2,42.12,59.32,81.76,0.556,62.44
A0270,2025-04-29,27.3,7.48,25.0,53.66,0.909,54.31
A0270,2025-04-30,27.3,9.07,28.57,60.38,0.909,61.1
A0270,2025-05-01,27.3,6.88,23.29,50.25,0.909,50.86
A0270,2025-05-02,27.3,8.76,27.66,58.74,0.909,59.44
A0270,2025-05-03,27.3,8.95,28.06,59.16,0.909,59.86
A0270,2025-05-04,27.3,6.0,20.51,45.4,0.909,45.97
A0270,2025-05-05,27.3,7.4,23.94,51.58,0.909,52.21
A0270,2025-05-06,27.3,7.99,25.38,54.44,0.909,55.1
A0270,2025-05-07,27.3,9.15,28.01,59.21,0.909,59.92
A0270,2025-05-08,27.3,10.13,30.19,63.34,0.909,64.09
A0270,2025-05-09,27.3,10.92,32.11,67.26,0.909,68.06
A0270,2025-05-10,27.3,11.03,32.37,67.39,0.909,68.18
A0270,2025-05-11,27.3,7.12,22.57,49.32,0.909,49.92
A0270,2025-05-12,27.3,9.21,27.86,59.11,0.909,59.82
A0271,2025-04-29,181.4,7.03,13.43,20.42,0.909,20.58
A0271,2025-04-30,181.4,7.92,16.14,25.12,0.909,25.32
A0271,2025-05-01,181.4,6.07,10.92,16.21,0.909,16.33
A0271,2025-05-02,181.4,8.93,16.76,25.32,0.909,25.51
A0271,2025-05-03,181.4,9.17,17.32,26.21,0.909,26.42
A0271,2025-05-04,181.4,6.01,11.22,16.92,0.909,17.05
A0271,2025-05-05,181.4,7.45,13.42,19.94,0.909,20.09
A0271,2025-05-06,181.4,7.33,13.53,20.3,0.909,20.46
A0271,2025-05-07,181.4,6.91,13.07,19.79,0.909,19.94
A0271,2025-05-08,181.4,7.31,13.54,20.34,0.909,20.5
A0271,2025-05-09,181.4,8.66,16.63,25.34,0.909,25.54
A0271,2025-05-10,181.4,9.0,17.19,26.14,0.909,26.34
A0271,2025-05-11,181.4,5.36,9.71,14.46,0.909,14.56
A0271,2025-05-12,181.4,7.85,14.65,22.08,0.909,22.25
A0272,2025-04-29,30.5,10.07,19.17,32.25,0.909,32.55
A0272,2025-04-30,30.5,13.04,23.94,39.62,0.909,39.98
A0272,2025-05-01,30.5,10.09,17.58,28.35,0.909,28.6
A0272,2025-05-02,30.5,12.07,21.8,35.79,0.909,36.11
A0272,2025-05-03,30.5,12.48,23.04,38.22,0.909,38.57
A0272,2025-05-04,30.5,8.81,17.79,30.71,0.909,31.0
A0272,2025-05-05,30.5,9.95,18.12,29.85,0.909,30.12
A0272,2025-05-06,30.5,10.05,18.89,31.61,0.909,31.89
A0272,2025-05-07,30.5,10.87,21.11,35.82,0.909,36.16
A0272,2025-05-08,30.5,12.34,23.63,39.87,0.909,40.24
A0272,2025-05-09,30.5,12.58,24.24,40.99,0.909,41.37
A0272,2025-05-10,30.5,12.93,25.39,43.3,0.909,43.7
A0272,2025-05-11,30.5,9.21,19.06,33.21,0.909,33.53
A0272,2025-05-12,30.5,11.36,21.63,36.4,0.909,36.73
A0273,2025-04-29,149.8,5.58,10.18,16.59,0.909,16.73
A0273,2025-04-30,149.8,6.6,11.89,19.26,0.909,19.43
A0273,2025-05-01,149.8,4.82,8.59,13.85,0.909,13.97
A0273,2025-05-02,149.8,7.93,14.36,23.33,0.909,23.53
A0273,2025-05-03,149.8,7.86,13.63,21.68,0.909,21.86
A0273,2025-05-04,149.8,4.54,8.67,14.42,0.909,14.55
A0273,2025-05-05,149.8,5.7,10.13,16.31,0.909,16.45
A0273,2025-05-06,149.8,5.83,10.42,16.83,0.909,16.98
A0273,2025-05-07,149.8,6.21,10.66,16.86,0.909,17.0
A0273,2025-05-08,149.8,6.99,11.9,18.73,0.909,18.89
A0273,2025-05-09,149.8,8.27,14.71,23.69,0.909,23.89
A0273,2025-05-10,149.8,8.16,13.94,22.0,0.909,22.18
A0273,2025-05-11,149.8,4.36,8.13,13.39,0.909,13.51
A0273,2025-05-12,149.8,6.71,11.78,18.86,0.909,19.02
A0274,2025-04-29,5.7,23.0,58.29,111.34,0.556,65.66
A0274,2025-04-30,5.7,31.2,74.58,141.13,0.556,83.82
A0274,2025-05-01,5.7,19.9,50.85,98.16,0.556,57.42
A0274,2025-05-02,5.7,28.61,68.8,130.76,0.556,77.41
A0274,2025-05-03,5.7,29.43,70.34,132.78,0.556,79.02
A0274,2025-05-04,5.7,26.91,64.73,123.88,0.556,72.95
A0274,2025-05-05,5.7,24.32,59.45,113.64,0.556,66.98
A0274,2025-05-06,5.7,25.13,61.96,118.49,0.556,69.81
A0274,2025-05-07,5.7,24.66,61.1,116.74,0.556,68.83
A0274,2025-05-08,5.7,27.34,66.29,126.3,0.556,74.63
A0274,2025-05-09,5.7,28.99,69.43,132.63,0.556,78.21
A0274,2025-05-10,5.7,29.95,71.29,135.1,0.556,80.15
A0274,2025-05-11,5.7,22.21,55.11,105.8,0.556,62.15
A0274,2025-05-12,5.7,28.24,67.85,129.07,0.556,76.35
A0275,2025-04-29,397.5,5.44,11.17,18.84,0.909,19.01
A0275,2025-04-30,397.5,6.48,14.45,25.12,0.909,25.36
A0275,2025-05-01,397.5,5.84,11.49,19.05,0.909,19.22
A0275,2025-05-02,397.5,7.02,14.13,23.66,0.909,23.87
A0275,2025-05-03,397.5,7.92,15.31,25.2,0.909,25.42
A0275,2025-05-04,397.5,8.05,14.96,24.2,0.909,24.41
A0275,2025-05-05,397.5,7.3,13.68,22.23,0.909,22.42
A0275,2025-05-06,397.5,6.45,12.39,20.34,0.909,20.52
A0275,2025-05-07,397.5,4.99,10.15,17.06,0.909,17.22
A0275,2025-05-08,397.5,5.85,11.46,18.99,0.909,19.16
A0275,2025-05-09,397.5,5.48,11.22,18.9,0.909,19.08
A0275,2025-05-10,397.5,6.51,12.58,20.71,0.909,20.9
A0275,2025-05-11,397.5,5.8,10.58,16.99,0.909,17.14
A0275,2025-05-12,397.5,6.91,13.18,21.57,0.909,21.76
A0276,2025-04-29,202.2,13.62,20.14,27.71,0.909,27.88
A0276,2025-04-30,202.2,15.75,21.02,27.14,0.909,27.28
A0276,2025-05-01,202.2,5.71,11.01,17.15,0.909,17.29
A0276,2025-05-02,202.2,9.29,17.46,26.96,0.909,27.18
A0276,2025-05-03,202.2,8.87,16.99,26.41,0.909,26.62
A0276,2025-05-04,202.2,5.87,9.88,14.53,0.909,14.64
A0276,2025-05-05,202.2,6.96,12.06,17.99,0.909,18.12
A0276,2025-05-06,202.2,7.84,14.03,21.23,0.909,21.4
A0276,2025-05-07,202.2,8.79,15.39,23.05,0.909,23.22
A0276,2025-05-08,202.2,9.21,15.88,23.62,0.909,23.8
A0276,2025-05-09,202.2,10.84,19.4,29.33,0.909,29.55
A0276,2025-05-10,202.2,10.27,18.59,28.26,0.909,28.48
A0276,2025-05-11,202.2,6.47,10.85,15.93,0.909,16.05
A0276,2025-05-12,202.2,8.95,14.81,21.61,0.909,21.77
A0277,2025-04-29,31.0,4.48,14.03,26.79,0.909,27.08
A0277,2025-04-30,31.0,5.19,14.02,25.8,0.909,26.07
A0277,2025-05-01,31.0,5.23,10.41,17.32,0.909,17.47
A0277,2025-05-02,31.0,6.48,13.91,23.84,0.909,24.07
A0277,2025-05-03,31.0,6.53,15.27,26.94,0.909,27.21
A0277,2025-05-04,31.0,4.56,10.99,19.59,0.909,19.78
A0277,2025-05-05,31.0,5.93,11.55,19.06,0.909,19.23
A0277,2025-05-06,31.0,11.11,25.71,45.2,0.909,45.64
A0277,2025-05-07,31.0,11.44,32.99,61.77,0.909,62.42
A0277,2025-05-08,31.0,13.32,31.64,56.11,0.909,56.67
A0277,2025-05-09,31.0,14.89,34.97,61.79,0.909,62.39
A0277,2025-05-10,31.0,13.7,36.05,65.9,0.909,66.58
A0277,2025-05-11,31.0,8.02,24.27,45.98,0.909,46.47
A0277,2025-05-12,31.0,12.71,27.38,46.98,0.909,47.43
A0278,2025-04-29,198.9,2.88,7.96,13.9,0.909,14.03
A0278,2025-04-30,198.9,2.97,9.05,16.15,0.909,16.31
A0278,2025-05-01,198.9,2.78,7.45,12.91,0.909,13.03
A0278,2025-05-02,198.9,3.74,9.97,17.25,0.909,17.42
A0278,2025-05-03,198.9,3.79,9.84,16.91,0.909,17.07
A0278,2025-05-04,198.9,2.67,6.61,11.2,0.909,11.31
A0278,2025-05-05,198.9,3.66,7.99,13.05,0.909,13.17
A0278,2025-05-06,198.9,2.99,8.17,14.21,0.909,14.35
A0278,2025-05-07,198.9,2.92,7.58,13.03,0.909,13.15
A0278,2025-05-08,198.9,3.02,8.89,15.76,0.909,15.91
A0278,2025-05-09,198.9,3.41,9.64,16.92,0.909,17.09
A0278,2025-05-10,198.9,3.51,9.6,16.71,0.909,16.87
A0278,2025-05-11,198.9,2.47,5.98,10.07,0.909,10.16
A0278,2025-05-12,198.9,3.51,8.4,14.13,0.909,14.26
A0279,2025-04-29,400.2,41.06,57.31,77.55,0.909,78.01
A0279,2025-04-30,400.2,52.06,72.43,97.79,0.909,98.37
A0279,2025-05-01,400.2,33.84,48.4,66.53,0.909,66.94
A0279,2025-05-02,400.2,47.52,68.08,93.69,0.909,94.27
A0279,2025-05-03,400.2,49.87,72.86,101.5,0.909,102.15
A0279,2025-05-04,400.2,34.83,49.16,67.0,0.909,67.41
A0279,2025-05-05,400.2,37.58,54.24,74.98,0.909,75.45
A0279,2025-05-06,400.2,40.22,56.34,76.41,0.909,76.86
A0279,2025-05-07,400.2,44.99,62.44,84.18,0.909,84.67
A0279,2025-05-08,400.2,47.59,66.11,89.16,0.909,89.68
A0279,2025-05-09,400.2,53.88,75.32,102.02,0.909,102.63
A0279,2025-05-10,400.2,55.96,79.84,109.58,0.909,110.26
A0279,2025-05-11,400.2,35.43,48.99,65.88,0.909,66.26
A0279,2025-05-12,400.2,47.48,66.42,90.01,0.909,90.54
A0280,2025-04-29,31.7,31.87,40.86,52.7,0.909,52.97
A0280,2025-04-30,31.7,38.76,52.47,70.49,0.909,70.9
A0280,2025-05-01,31.7,25.43,33.66,44.49,0.909,44.74
A0280,2025-05-02,31.7,32.53,42.38,55.33,0.909,55.63
A0280,2025-05-03,31.7,32.17,42.86,56.93,0.909,57.24
A0280,2025-05-04,31.7,21.15,32.41,47.22,0.909,47.56
A0280,2025-05-05,31.7,24.24,33.32,45.26,0.909,45.53
A0280,2025-05-06,31.7,28.18,36.8,48.13,0.909,48.39
A0280,2025-05-07,31.7,33.79,45.51,60.93,0.909,61.28
A0280,2025-05-08,31.7,35.83,49.35,67.14,0.909,67.54
A0280,2025-05-09,31.7,40.4,52.81,69.13,0.909,69.5
A0280,2025-05-10,31.7,39.38,52.56,69.88,0.909,70.27
A0280,2025-05-11,31.7,24.01,36.15,52.11,0.909,52.47
A0280,2025-05-12,31.7,30.93,42.95,58.76,0.909,59.11
A0281,2025-04-29,380.4,7.36,15.66,28.47,0.909,28.76
A0281,2025-04-30,380.4,10.35,20.22,35.46,0.909,35.8
A0281,2025-05-01,380.4,12.86,22.16,36.52,0.909,36.85
A0281,2025-05-02,380.4,19.03,32.26,52.7,0.909,53.16
A0281,2025-05-03,380.4,18.18,31.88,53.04,0.909,53.52
A0281,2025-05-04,380.4,11.15,18.93,30.94,0.909,31.22
A0281,2025-05-05,380.4,14.72,23.69,37.53,0.909,37.85
A0281,2025-05-06,380.4,6.38,13.74,25.12,0.909,25.38
A0281,2025-05-07,380.4,13.74,27.61,49.03,0.909,49.52
A0281,2025-05-08,380.4,15.7,30.18,52.52,0.909,53.03
A0281,2025-05-09,380.4,17.27,34.21,60.36,0.909,60.95
A0281,2025-05-10,380.4,17.16,33.79,59.47,0.909,60.05
A0281,2025-05-11,380.4,10.81,19.15,32.03,0.909,32.32
A0281,2025-05-12,380.4,15.85,26.87,43.89,0.909,44.27
A0282,2025-04-29,5.6,16.97,55.04,120.51,0.556,64.13
A0282,2025-04-30,5.6,23.76,72.68,155.07,0.556,84.12
A0282,2025-05-01,5.6,17.52,55.68,120.39,0.556,64.66
A0282,2025-05-02,5.6,26.86,79.59,168.44,0.556,91.93
A0282,2025-05-03,5.6,28.63,83.37,174.12,0.556,95.97
A0282,2025-05-04,5.6,19.16,57.63,124.15,0.556,66.87
A0282,2025-05-05,5.6,22.17,65.96,140.22,0.556,76.28
A0282,2025-05-06,5.6,23.04,68.55,146.0,0.556,79.3
A0282,2025-05-07,5.6,24.21,71.96,152.37,0.556,83.13
A0282,2025-05-08,5.6,28.25,81.31,171.04,0.556,93.77
A0282,2025-05-09,5.6,31.03,88.5,186.55,0.556,102.12
A0282,2025-05-10,5.6,32.55,91.56,190.65,0.556,105.33
A0282,2025-05-11,5.6,18.73,55.53,119.49,0.556,64.41
A0282,2025-05-12,5.6,28.68,81.47,171.14,0.556,93.92
A0283,2025-04-29,3.2,5.63,24.11,53.15,0.556,28.14
A0283,2025-04-30,3.2,8.11,31.23,66.23,0.556,36.09
A0283,2025-05-01,3.2,5.28,23.55,51.39,0.556,27.42
A0283,2025-05-02,3.2,8.53,32.55,69.23,0.556,37.65
A0283,2025-05-03,3.2,9.31,34.32,71.78,0.556,39.52
A0283,2025-05-04,3.2,5.91,24.04,52.6,0.556,28.01
A0283,2025-05-05,3.2,7.56,28.72,61.33,0.556,33.25
A0283,2025-05-06,3.2,7.82,29.53,63.1,0.556,34.19
A0283,2025-05-07,3.2,8.36,31.05,65.82,0.556,35.88
A0283,2025-05-08,3.2,9.93,34.6,72.6,0.556,39.87
A0283,2025-05-09,3.2,11.04,37.62,79.18,0.556,43.39
A0283,2025-05-10,3.2,11.76,39.09,80.89,0.556,44.89
A0283,2025-05-11,3.2,6.58,24.65,53.5,0.556,28.66
A0283,2025-05-12,3.2,10.75,35.97,75.12,0.556,41.41
A0284,2025-04-29,5.3,85.48,139.22,209.54,0.556,148.99
A0284,2025-04-30,5.3,107.59,157.53,222.87,0.556,166.6
A0284,2025-05-01,5.3,227.77,299.13,392.5,0.556,312.1
A0284,2025-05-02,5.3,295.13,392.16,519.12,0.556,409.79
A0284,2025-05-03,5.3,288.8,390.27,523.04,0.556,408.71
A0284,2025-05-04,5.3,70.59,109.51,160.45,0.556,116.59
A0284,2025-05-05,5.3,71.88,114.51,170.28,0.556,122.25
A0284,2025-05-06,5.3,77.49,131.42,201.99,0.556,141.22
A0284,2025-05-07,5.3,81.55,128.8,190.63,0.556,137.39
A0284,2025-05-08,5.3,91.07,148.35,223.31,0.556,158.76
A0284,2025-05-09,5.3,100.68,155.4,227.0,0.556,165.34
A0284,2025-05-10,5.3,100.64,157.76,232.5,0.556,168.14
A0284,2025-05-11,5.3,74.84,116.32,170.59,0.556,123.86
A0284,2025-05-12,5.3,96.46,150.83,221.99,0.556,160.72
A0285,2025-04-29,390.7,3.03,10.09,20.08,0.909,20.3
A0285,2025-04-30,390.7,6.34,15.19,27.74,0.909,28.02
A0285,2025-05-01,390.7,3.98,10.33,19.33,0.909,19.54
A0285,2025-05-02,390.7,2.41,10.77,22.62,0.909,22.89
A0285,2025-05-03,390.7,5.2,14.9,28.65,0.909,28.97
A0285,2025-05-04,390.7,7.08,15.78,28.1,0.909,28.38
A0285,2025-05-05,390.7,5.03,12.37,22.76,0.909,23.0
A0285,2025-05-06,390.7,3.57,11.19,21.98,0.909,22.23
A0285,2025-05-07,390.7,0.66,7.34,16.8,0.909,17.02
A0285,2025-05-08,390.7,1.95,8.14,16.91,0.909,17.11
A0285,2025-05-09,390.7,0.0,6.89,16.66,0.909,16.88
A0285,2025-05-10,390.7,3.22,11.48,23.19,0.909,23.46
A0285,2025-05-11,390.7,4.11,11.3,21.48,0.909,21.71
A0285,2025-05-12,390.7,2.62,9.69,19.7,0.909,19.92
A0286,2025-04-29,3.1,91.83,136.07,194.08,0.556,144.13
A0286,2025-04-30,3.1,117.22,176.26,253.68,0.556,187.02
A0286,2025-05-01,3.1,75.58,112.58,161.09,0.556,119.32
A0286,2025-05-02,3.1,126.65,185.9,263.58,0.556,196.69
A0286,2025-05-03,3.1,121.68,178.91,253.96,0.556,189.34
A0286,2025-05-04,3.1,46.15,70.25,101.85,0.556,74.64
A0286,2025-05-05,3.1,55.32,81.25,115.24,0.556,85.97
A0286,2025-05-06,3.1,59.86,89.43,128.2,0.556,94.82
A0286,2025-05-07,3.1,61.26,90.16,128.05,0.556,95.43
A0286,2025-05-08,3.1,69.33,101.84,144.45,0.556,107.75
A0286,2025-05-09,3.1,85.82,124.55,175.34,0.556,131.61
A0286,2025-05-10,3.1,84.38,121.93,171.17,0.556,128.77
A0286,2025-05-11,3.1,43.92,64.64,91.8,0.556,68.41
A0286,2025-05-12,3.1,71.6,101.54,140.8,0.556,106.99
A0287,2025-04-29,35.8,6.38,11.54,18.64,0.909,18.8
A0287,2025-04-30,35.8,7.23,13.66,22.51,0.909,22.71
A0287,2025-05-01,35.8,5.65,9.34,14.42,0.909,14.54
A0287,2025-05-02,35.8,6.96,12.54,20.21,0.909,20.39
A0287,2025-05-03,35.8,7.19,13.05,21.12,0.909,21.31
A0287,2025-05-04,35.8,5.04,10.12,17.1,0.909,17.26
A0287,2025-05-05,35.8,5.77,10.41,16.81,0.909,16.95
A0287,2025-05-06,35.8,6.34,11.1,17.66,0.909,17.81
A0287,2025-05-07,35.8,6.81,12.51,20.36,0.909,20.53
A0287,2025-05-08,35.8,7.42,12.89,20.41,0.909,20.58
A0287,2025-05-09,35.8,7.72,14.11,22.89,0.909,23.09
A0287,2025-05-10,35.8,8.03,14.5,23.41,0.909,23.61
A0287,2025-05-11,35.8,5.34,10.09,16.62,0.909,16.77
A0287,2025-05-12,35.8,6.81,12.54,20.43,0.909,20.61
A0288,2025-04-29,318.4,4.07,10.38,19.4,0.909,19.61
A0288,2025-04-30,318.4,5.41,10.64,18.12,0.909,18.29
A0288,2025-05-01,318.4,3.2,9.46,18.4,0.909,18.61
A0288,2025-05-02,318.4,4.24,10.38,19.16,0.909,19.36
A0288,2025-05-03,318.4,4.31,11.36,21.44,0.909,21.67
A0288,2025-05-04,318.4,3.71,7.38,12.62,0.909,12.74
A0288,2025-05-05,318.4,3.93,9.58,17.65,0.909,17.84
A0288,2025-05-06,318.4,4.35,9.87,17.77,0.909,17.95
A0288,2025-05-07,318.4,4.24,12.19,23.56,0.909,23.82
A0288,2025-05-08,318.4,4.82,13.21,25.2,0.909,25.48
A0288,2025-05-09,318.4,4.9,13.9,26.75,0.909,27.04
A0288,2025-05-10,318.4,5.02,14.76,28.68,0.909,28.99
A0288,2025-05-11,318.4,3.77,9.17,16.88,0.909,17.06
A0288,2025-05-12,318.4,4.68,11.5,21.25,0.909,21.47
A0289,2025-04-29,6.5,46.58,57.92,75.89,0.556,60.42
A0289,2025-04-30,6.5,59.59,71.28,89.8,0.556,73.85
A0289,2025-05-01,6.5,37.03,46.33,61.06,0.556,48.37
A0289,2025-05-02,6.5,51.37,64.59,85.54,0.556,67.5
A0289,2025-05-03,6.5,51.81,65.19,86.4,0.556,68.14
A0289,2025-05-04,6.5,37.76,45.21,57.02,0.556,46.85
A0289,2025-05-05,6.5,38.81,48.55,63.99,0.556,50.7
A0289,2025-05-06,6.5,42.96,54.36,72.43,0.556,56.87
A0289,2025-05-07,6.5,47.31,57.99,74.92,0.556,60.34
A0289,2025-05-08,6.5,52.48,63.85,81.86,0.556,66.35
A0289,2025-05-09,6.5,56.66,69.2,89.06,0.556,71.96
A0289,2025-05-10,6.5,57.12,69.87,90.06,0.556,72.67
A0289,2025-05-11,6.5,36.49,43.27,54.03,0.556,44.77
A0289,2025-05-12,6.5,49.56,60.64,78.2,0.556,63.08
A0290,2025-04-29,437.4,10.58,20.95,35.53,0.909,35.86
A0290,2025-04-30,437.4,13.94,23.2,36.24,0.909,36.53
A0290,2025-05-01,437.4,9.61,17.97,29.72,0.909,29.99
A0290,2025-05-02,437.4,11.94,22.32,36.92,0.909,37.25
A0290,2025-05-03,437.4,12.79,22.79,36.85,0.909,37.17
A0290,2025-05-04,437.4,8.85,14.45,22.33,0.909,22.51
A0290,2025-05-05,437.4,9.86,17.92,29.26,0.909,29.52
A0290,2025-05-06,437.4,10.51,20.26,33.96,0.909,34.27
A0290,2025-05-07,437.4,12.01,23.44,39.53,0.909,39.9
A0290,2025-05-08,437.4,13.65,25.31,41.72,0.909,42.09
A0290,2025-05-09,437.4,13.45,26.61,45.12,0.909,45.54
A0290,2025-05-10,437.4,14.34,26.64,43.95,0.909,44.34
A0290,2025-05-11,437.4,10.02,17.04,26.92,0.909,27.14
A0290,2025-05-12,437.4,12.21,22.08,35.96,0.909,36.28
A0291,2025-04-29,5.2,22.18,36.17,52.98,0.556,38.5
A0291,2025-04-30,5.2,27.47,44.91,65.88,0.556,47.82
A0291,2025-05-01,5.2,18.26,29.92,43.93,0.556,31.86
A0291,2025-05-02,5.2,26.98,46.56,70.1,0.556,49.83
A0291,2025-05-03,5.2,26.39,43.34,63.72,0.556,46.17
A0291,2025-05-04,5.2,19.09,31.9,47.29,0.556,34.03
A0291,2025-05-05,5.2,20.48,33.18,48.46,0.556,35.31
A0291,2025-05-06,5.2,29.98,48.15,69.99,0.556,51.18
A0291,2025-05-07,5.2,30.63,49.5,72.18,0.556,52.65
A0291,2025-05-08,5.2,33.91,55.46,81.37,0.556,59.06
A0291,2025-05-09,5.2,38.89,66.25,99.13,0.556,70.81
A0291,2025-05-10,5.2,37.66,61.18,89.45,0.556,65.11
A0291,2025-05-11,5.2,24.9,40.53,59.31,0.556,43.14
A0291,2025-05-12,5.2,22.04,37.38,55.82,0.556,39.94
A0292,2025-04-29,5.2,17.67,27.58,40.66,0.556,29.4
A0292,2025-04-30,5.2,20.75,32.27,47.46,0.556,34.38
A0292,2025-05-01,5.2,14.97,23.49,34.74,0.556,25.06
A0292,2025-05-02,5.2,20.32,31.71,46.74,0.556,33.8
A0292,2025-05-03,5.2,20.86,32.58,48.03,0.556,34.72
A0292,2025-05-04,5.2,15.62,23.6,34.14,0.556,25.07
A0292,2025-05-05,5.2,16.75,25.65,37.39,0.556,27.28
A0292,2025-05-06,5.2,17.13,26.96,39.94,0.556,28.77
A0292,2025-05-07,5.2,17.89,27.74,40.74,0.556,29.55
A0292,2025-05-08,5.2,20.02,31.57,46.82,0.556,33.69
A0292,2025-05-09,5.2,21.84,33.98,49.98,0.556,36.2
A0292,2025-05-10,5.2,22.43,34.84,51.21,0.556,37.12
A0292,2025-05-11,5.2,14.83,22.28,32.11,0.556,23.64
A0292,2025-05-12,5.2,20.42,31.36,45.79,0.556,33.37
A0293,2025-04-29,336.9,178.31,227.85,301.67,0.909,303.34
A0293,2025-04-30,336.9,214.0,280.64,379.93,0.909,382.19
A0293,2025-05-01,336.9,155.66,196.91,258.38,0.909,259.78
A0293,2025-05-02,336.9,217.21,276.62,365.14,0.909,367.15
A0293,2025-05-03,336.9,78.33,109.42,155.74,0.909,156.79
A0293,2025-05-04,336.9,56.14,78.57,112.0,0.909,112.76
A0293,2025-05-05,336.9,61.39,85.09,120.42,0.909,121.22
A0293,2025-05-06,336.9,67.57,91.81,127.93,0.909,128.75
A0293,2025-05-07,336.9,75.06,101.49,140.88,0.909,141.77
A0293,2025-05-08,336.9,83.36,110.59,151.17,0.909,152.09
A0293,2025-05-09,336.9,97.01,127.18,172.12,0.909,173.15
A0293,2025-05-10,336.9,96.21,128.69,177.1,0.909,178.2
A0293,2025-05-11,336.9,61.2,82.6,114.48,0.909,115.2
A0293,2025-05-12,336.9,84.14,111.8,153.02,0.909,153.96
A0294,2025-04-29,5.3,46.9,65.09,90.13,0.556,68.57
A0294,2025-04-30,5.3,61.7,82.34,110.75,0.556,86.28
A0294,2025-05-01,5.3,40.33,58.07,82.5,0.556,61.46
A0294,2025-05-02,5.3,60.04,82.65,113.78,0.556,86.97
A0294,2025-05-03,5.3,59.31,82.36,114.1,0.556,86.77
A0294,2025-05-04,5.3,44.92,60.97,83.07,0.556,64.04
A0294,2025-05-05,5.3,45.28,63.9,89.54,0.556,67.46
A0294,2025-05-06,5.3,47.3,64.55,88.31,0.556,67.85
A0294,2025-05-07,5.3,49.67,68.77,95.07,0.556,72.42
A0294,2025-05-08,5.3,55.48,76.62,105.74,0.556,80.67
A0294,2025-05-09,5.3,63.57,87.42,120.25,0.556,91.98
A0294,2025-05-10,5.3,62.06,85.94,118.82,0.556,90.51
A0294,2025-05-11,5.3,38.96,53.79,74.21,0.556,56.63
A0294,2025-05-12,5.3,53.98,74.9,103.7,0.556,78.9
A0295,2025-04-29,4.1,86.15,117.85,156.38,0.556,123.2
A0295,2025-04-30,4.1,104.52,145.95,196.31,0.556,152.94
A0295,2025-05-01,4.1,72.11,102.06,138.48,0.556,107.12
A0295,2025-05-02,4.1,96.37,130.12,171.16,0.556,135.82
A0295,2025-05-03,4.1,96.86,133.93,178.98,0.556,140.18
A0295,2025-05-04,4.1,82.09,114.67,154.27,0.556,120.17
A0295,2025-05-05,4.1,80.02,111.86,150.57,0.556,117.24
A0295,2025-05-06,4.1,83.5,115.94,155.37,0.556,121.42
A0295,2025-05-07,4.1,86.47,120.11,161.01,0.556,125.79
A0295,2025-05-08,4.1,96.41,132.87,177.2,0.556,139.03
A0295,2025-05-09,4.1,103.16,137.08,178.32,0.556,142.81
A0295,2025-05-10,4.1,103.07,140.63,186.29,0.556,146.97
A0295,2025-05-11,4.1,76.2,106.6,143.56,0.556,111.74
A0295,2025-05-12,4.1,94.34,129.66,172.6,0.556,135.63
A0296,2025-04-29,5.0,68.86,102.53,144.74,0.556,108.39
A0296,2025-04-30,5.0,96.28,146.71,209.94,0.556,155.49
A0296,2025-05-01,5.0,58.19,85.5,119.75,0.556,90.26
A0296,2025-05-02,5.0,79.44,119.91,170.65,0.556,126.95
A0296,2025-05-03,5.0,81.34,118.31,164.68,0.556,124.75
A0296,2025-05-04,5.0,78.78,116.83,164.54,0.556,123.45
A0296,2025-05-05,5.0,67.91,98.09,135.95,0.556,103.35
A0296,2025-05-06,5.0,72.39,106.95,150.28,0.556,112.96
A0296,2025-05-07,5.0,68.24,104.76,150.55,0.556,111.12
A0296,2025-05-08,5.0,74.16,110.34,155.72,0.556,116.64
A0296,2025-05-09,5.0,73.63,112.58,161.42,0.556,119.36
A0296,2025-05-10,5.0,77.46,113.45,158.59,0.556,119.72
A0296,2025-05-11,5.0,63.74,95.96,136.36,0.556,101.57
A0296,2025-05-12,5.0,73.67,108.61,152.42,0.556,114.69
A0297,2025-04-29,151.0,4.3,8.38,13.67,0.909,13.79
A0297,2025-04-30,151.0,5.71,10.72,17.22,0.909,17.37
A0297,2025-05-01,151.0,4.14,8.05,13.12,0.909,13.23
A0297,2025-05-02,151.0,4.8,9.78,16.26,0.909,16.41
A0297,2025-05-03,151.0,5.16,10.43,17.26,0.909,17.42
A0297,2025-05-04,151.0,3.53,6.82,11.09,0.909,11.18
A0297,2025-05-05,151.0,4.15,8.14,13.32,0.909,13.44
A0297,2025-05-06,151.0,3.89,8.14,13.66,0.909,13.79
A0297,2025-05-07,151.0,4.11,7.69,12.34,0.909,12.45
A0297,2025-05-08,151.0,4.64,9.32,15.4,0.909,15.54
A0297,2025-05-09,151.0,4.69,9.61,16.02,0.909,16.16
A0297,2025-05-10,151.0,5.24,10.52,17.38,0.909,17.53
A0297,2025-05-11,151.0,3.34,6.26,10.04,0.909,10.12
A0297,2025-05-12,151.0,4.56,8.94,14.62,0.909,14.75
A0298,2025-04-29,5.6,28.61,45.84,68.29,0.556,48.96
A0298,2025-04-30,5.6,35.89,52.55,74.25,0.556,55.56
A0298,2025-05-01,5.6,26.49,41.04,60.0,0.556,43.67
A0298,2025-05-02,5.6,40.57,62.76,91.66,0.556,66.77
A0298,2025-05-03,5.6,41.36,62.15,89.22,0.556,65.91
A0298,2025-05-04,5.6,25.97,39.12,56.26,0.556,41.5
A0298,2025-05-05,5.6,27.63,42.11,60.96,0.556,44.72
A0298,2025-05-06,5.6,29.07,46.15,68.4,0.556,49.24
A0298,2025-05-07,5.6,28.22,44.54,65.8,0.556,47.49
A0298,2025-05-08,5.6,30.41,48.39,71.82,0.556,51.65
A0298,2025-05-09,5.6,37.08,59.88,89.58,0.556,64.0
A0298,2025-05-10,5.6,38.8,60.07,87.78,0.556,63.92
A0298,2025-05-11,5.6,21.78,34.91,52.02,0.556,37.28
A0298,2025-05-12,5.6,29.94,46.22,67.43,0.556,49.16
A0299,2025-04-29,194.4,13.91,20.41,30.35,0.909,30.58
A0299,2025-04-30,194.4,18.94,29.16,44.78,0.909,45.13
A0299,2025-05-01,194.4,11.05,16.33,24.4,0.909,24.59
A0299,2025-05-02,194.4,16.4,25.12,38.44,0.909,38.74
A0299,2025-05-03,194.4,16.38,24.87,37.84,0.909,38.14
A0299,2025-05-04,194.4,11.51,17.44,26.5,0.909,26.71
A0299,2025-05-05,194.4,12.07,18.35,27.95,0.909,28.16
A0299,2025-05-06,194.4,13.17,19.65,29.57,0.909,29.79
A0299,2025-05-07,194.4,14.1,20.95,31.42,0.909,31.66
A0299,2025-05-08,194.4,15.73,22.8,33.61,0.909,33.85
A0299,2025-05-09,194.4,17.64,26.49,40.04,0.909,40.35
A0299,2025-05-10,194.4,17.63,26.25,39.41,0.909,39.71
A0299,2025-05-11,194.4,10.86,15.68,23.05,0.909,23.22
A0299,2025-05-12,194.4,14.87,22.24,33.51,0.909,33.76
A0300,2025-04-29,29.3,4.9,8.69,12.9,0.909,13.0
A0300,2025-04-30,29.3,5.47,9.84,14.7,0.909,14.81
A0300,2025-05-01,29.3,4.38,6.97,9.84,0.909,9.91
A0300,2025-05-02,29.3,5.6,10.05,14.99,0.909,15.1
A0300,2025-05-03,29.3,5.81,9.62,13.86,0.909,13.95
A0300,2025-05-04,29.3,4.06,7.69,11.72,0.909,11.81
A0300,2025-05-05,29.3,4.57,7.74,11.27,0.909,11.35
A0300,2025-05-06,29.3,4.62,8.69,13.21,0.909,13.31
A0300,2025-05-07,29.3,5.48,9.27,13.49,0.909,13.58
A0300,2025-05-08,29.3,5.55,10.14,15.25,0.909,15.36
A0300,2025-05-09,29.3,6.21,10.94,16.2,0.909,16.32
A0300,2025-05-10,29.3,6.36,10.51,15.12,0.909,15.23
A0300,2025-05-11,29.3,4.3,8.23,12.6,0.909,12.7
A0300,2025-05-12,29.3,5.37,9.73,14.58,0.909,14.69
A0301,2025-04-29,5.0,59.96,80.75,107.14,0.556,84.42
A0301,2025-04-30,5.0,80.62,108.87,144.71,0.556,113.85
A0301,2025-05-01,5.0,47.68,65.02,87.02,0.556,68.07
A0301,2025-05-02,5.0,64.07,85.97,113.77,0.556,89.83
A0301,2025-05-03,5.0,66.63,88.57,116.41,0.556,92.43
A0301,2025-05-04,5.0,53.77,73.89,99.43,0.556,77.44
A0301,2025-05-05,5.0,50.28,70.23,95.55,0.556,73.75
A0301,2025-05-06,5.0,55.29,76.32,103.01,0.556,80.03
A0301,2025-05-07,5.0,57.22,76.82,101.69,0.556,80.27
A0301,2025-05-08,5.0,62.6,83.09,109.09,0.556,86.7
A0301,2025-05-09,5.0,68.08,90.42,118.77,0.556,94.36
A0301,2025-05-10,5.0,70.78,93.22,121.69,0.556,97.17
A0301,2025-05-11,5.0,48.66,65.82,87.61,0.556,68.85
A0301,2025-05-12,5.0,60.73,82.55,110.25,0.556,86.4
A0302,2025-04-29,5.1,37.6,55.85,79.7,0.556,59.17
A0302,2025-04-30,5.1,47.0,69.58,99.08,0.556,73.68
A0302,2025-05-01,5.1,32.34,46.55,65.11,0.556,49.13
A0302,2025-05-02,5.1,47.13,66.59,92.01,0.556,70.12
A0302,2025-05-03,5.1,45.43,64.72,89.9,0.556,68.21
A0302,2025-05-04,5.1,37.11,54.02,76.1,0.556,57.08
A0302,2025-05-05,5.1,37.44,53.49,74.46,0.556,56.41
A0302,2025-05-06,5.1,39.56,57.61,81.19,0.556,60.88
A0302,2025-05-07,5.1,38.98,56.62,79.66,0.556,59.82
A0302,2025-05-08,5.1,41.81,60.24,84.32,0.556,63.59
A0302,2025-05-09,5.1,46.11,65.96,91.89,0.556,69.56
A0302,2025-05-10,5.1,44.84,64.42,89.99,0.556,67.97
A0302,2025-05-11,5.1,32.41,47.22,66.56,0.556,49.91
A0302,2025-05-12,5.1,43.36,61.87,86.04,0.556,65.23
A0303,2025-04-29,4.3,107.59,145.93,194.26,0.556,152.64
A0303,2025-04-30,4.3,121.04,158.91,206.64,0.556,165.54
A0303,2025-05-01,4.3,86.53,118.54,158.88,0.556,124.14
A0303,2025-05-02,4.3,115.65,155.96,206.78,0.556,163.02
A0303,2025-05-03,4.3,118.21,160.21,213.17,0.556,167.57
A0303,2025-05-04,4.3,97.92,130.21,170.93,0.556,135.87
A0303,2025-05-05,4.3,95.09,129.12,172.03,0.556,135.08
A0303,2025-05-06,4.3,106.42,143.92,191.21,0.556,150.49
A0303,2025-05-07,4.3,107.7,143.52,188.68,0.556,149.79
A0303,2025-05-08,4.3,117.16,155.5,203.84,0.556,162.22
A0303,2025-05-09,4.3,127.31,169.08,221.74,0.556,176.4
A0303,2025-05-10,4.3,128.55,171.67,226.03,0.556,179.22
A0303,2025-05-11,4.3,90.59,121.61,160.72,0.556,127.04
A0303,2025-05-12,4.3,113.69,152.21,200.77,0.556,158.95
A0304,2025-04-29,145.1,12.17,20.84,31.53,0.909,31.78
A0304,2025-04-30,145.1,13.28,23.52,36.14,0.909,36.42
A0304,2025-05-01,145.1,10.26,17.88,27.27,0.909,27.49
A0304,2025-05-02,145.1,16.08,27.23,40.97,0.909,41.28
A0304,2025-05-03,145.1,16.27,26.94,40.09,0.909,40.39
A0304,2025-05-04,145.1,10.48,17.15,25.36,0.909,25.55
A0304,2025-05-05,145.1,12.91,21.01,30.98,0.909,31.2
A0304,2025-05-06,145.1,13.41,21.95,32.47,0.909,32.7
A0304,2025-05-07,145.1,12.62,21.65,32.78,0.909,33.03
A0304,2025-05-08,145.1,13.93,23.78,35.92,0.909,36.19
A0304,2025-05-09,145.1,16.25,27.49,41.34,0.909,41.66
A0304,2025-05-10,145.1,16.57,27.26,40.43,0.909,40.73
A0304,2025-05-11,145.1,9.11,15.22,22.76,0.909,22.93
A0304,2025-05-12,145.1,13.88,23.2,34.68,0.909,34.94
A0305,2025-04-29,192.7,8.33,16.22,28.23,0.909,28.5
A0305,2025-04-30,192.7,29.54,47.51,74.87,0.909,75.5
A0305,2025-05-01,192.7,22.07,37.46,60.9,0.909,61.43
A0305,2025-05-02,192.7,30.61,51.01,82.07,0.909,82.78
A0305,2025-05-03,192.7,30.78,51.89,84.03,0.909,84.76
A0305,2025-05-04,192.7,23.1,34.71,52.4,0.909,52.8
A0305,2025-05-05,192.7,7.25,13.64,23.37,0.909,23.59
A0305,2025-05-06,192.7,6.6,14.66,26.93,0.909,27.2
A0305,2025-05-07,192.7,6.76,13.63,24.11,0.909,24.35
A0305,2025-05-08,192.7,8.02,15.89,27.9,0.909,28.17
A0305,2025-05-09,192.7,8.66,17.34,30.55,0.909,30.85
A0305,2025-05-10,192.7,10.34,19.38,33.16,0.909,33.47
A0305,2025-05-11,192.7,7.06,11.91,19.31,0.909,19.47
A0305,2025-05-12,192.7,10.0,17.03,27.73,0.909,27.97
A0306,2025-04-29,14.1,70.71,99.73,135.38,0.909,136.19
A0306,2025-04-30,14.1,87.49,123.67,168.12,0.909,169.13
A0306,2025-05-01,14.1,56.93,82.22,113.28,0.909,113.99
A0306,2025-05-02,14.1,81.23,114.4,155.14,0.909,156.06
A0306,2025-05-03,14.1,80.96,115.14,157.14,0.909,158.09
A0306,2025-05-04,14.1,66.33,94.76,129.69,0.909,130.48
A0306,2025-05-05,14.1,60.28,86.34,118.35,0.909,119.08
A0306,2025-05-06,14.1,66.56,95.36,130.74,0.909,131.55
A0306,2025-05-07,14.1,70.01,98.71,133.96,0.909,134.76
A0306,2025-05-08,14.1,75.13,106.97,146.09,0.909,146.98
A0306,2025-05-09,14.1,84.45,117.37,157.81,0.909,158.73
A0306,2025-05-10,14.1,83.28,117.13,158.72,0.909,159.67
A0306,2025-05-11,14.1,59.52,83.62,113.23,0.909,113.9
A0306,2025-05-12,14.1,73.84,104.11,141.29,0.909,142.13
A0307,2025-04-29,4.5,49.03,71.13,95.83,0.556,74.56
A0307,2025-04-30,4.5,56.23,79.8,106.15,0.556,83.46
A0307,2025-05-01,4.5,37.37,54.82,74.33,0.556,57.53
A0307,2025-05-02,4.5,52.46,76.5,103.37,0.556,80.23
A0307,2025-05-03,4.5,51.86,75.83,102.62,0.556,79.55
A0307,2025-05-04,4.5,44.09,63.99,86.24,0.556,67.08
A0307,2025-05-05,4.5,41.82,61.39,83.26,0.556,64.42
A0307,2025-05-06,4.5,47.57,70.02,95.12,0.556,73.51
A0307,2025-05-07,4.5,48.11,68.75,91.82,0.556,71.95
A0307,2025-05-08,4.5,52.41,74.39,98.96,0.556,77.8
A0307,2025-05-09,4.5,56.91,81.15,108.25,0.556,84.91
A0307,2025-05-10,4.5,56.37,80.64,107.78,0.556,84.41
A0307,2025-05-11,4.5,40.92,59.76,80.82,0.556,62.68
A0307,2025-05-12,4.5,51.51,74.06,99.26,0.556,77.56
A0308,2025-04-29,3.2,27.8,40.93,56.5,0.556,43.09
A0308,2025-04-30,3.2,36.92,53.34,72.82,0.556,56.05
A0308,2025-05-01,3.2,22.3,34.83,49.69,0.556,36.89
A0308,2025-05-02,3.2,34.87,52.87,74.21,0.556,55.83
A0308,2025-05-03,3.2,34.11,50.13,69.12,0.556,52.76
A0308,2025-05-04,3.2,22.39,32.46,44.39,0.556,34.11
A0308,2025-05-05,3.2,25.6,39.71,56.45,0.556,42.04
A0308,2025-05-06,3.2,24.92,37.72,52.91,0.556,39.83
A0308,2025-05-07,3.2,27.64,40.9,56.62,0.556,43.08
A0308,2025-05-08,3.2,30.49,45.66,63.66,0.556,48.16
A0308,2025-05-09,3.2,37.13,55.21,76.66,0.556,58.19
A0308,2025-05-10,3.2,36.04,51.99,70.92,0.556,54.62
A0308,2025-05-11,3.2,20.46,29.13,39.41,0.556,30.56
A0308,2025-05-12,3.2,31.5,47.17,65.75,0.556,49.75
A0309,2025-04-29,6.3,12.57,20.76,31.26,0.556,22.22
A0309,2025-04-30,6.3,17.28,27.37,40.3,0.556,29.16
A0309,2025-05-01,6.3,10.47,16.54,24.31,0.556,17.62
A0309,2025-05-02,6.3,15.04,25.61,39.17,0.556,27.5
A0309,2025-05-03,6.3,15.43,25.09,37.46,0.556,26.81
A0309,2025-05-04,6.3,11.03,18.19,27.37,0.556,19.47
A0309,2025-05-05,6.3,11.45,18.61,27.79,0.556,19.88
A0309,2025-05-06,6.3,12.23,20.34,30.72,0.556,21.78
A0309,2025-05-07,6.3,12.56,21.02,31.87,0.556,22.53
A0309,2025-05-08,6.3,13.55,22.59,34.19,0.556,24.2
A0309,2025-05-09,6.3,14.64,25.59,39.63,0.556,27.54
A0309,2025-05-10,6.3,15.45,25.4,38.15,0.556,27.17
A0309,2025-05-11,6.3,9.85,16.35,24.68,0.556,17.51
A0309,2025-05-12,6.3,13.57,22.76,34.55,0.556,24.4
A0310,2025-04-29,2.9,32.99,49.63,69.78,0.556,52.43
A0310,2025-04-30,2.9,36.98,51.23,68.5,0.556,53.63
A0310,2025-05-01,2.9,27.62,43.53,62.79,0.556,46.2
A0310,2025-05-02,2.9,40.61,57.34,77.62,0.556,60.16
A0310,2025-05-03,2.9,41.65,61.5,85.55,0.556,64.84
A0310,2025-05-04,2.9,25.5,36.75,50.38,0.556,38.64
A0310,2025-05-05,2.9,30.6,45.72,64.04,0.556,48.27
A0310,2025-05-06,2.9,33.18,49.77,69.87,0.556,52.56
A0310,2025-05-07,2.9,33.24,48.44,66.84,0.556,50.99
A0310,2025-05-08,2.9,38.74,58.08,81.51,0.556,61.33
A0310,2025-05-09,2.9,42.63,59.08,79.01,0.556,61.85
A0310,2025-05-10,2.9,43.27,62.77,86.39,0.556,66.05
A0310,2025-05-11,2.9,24.56,35.89,49.61,0.556,37.79
A0310,2025-05-12,2.9,36.39,52.83,72.75,0.556,55.6
A0311,2025-04-29,420.5,6.46,13.98,24.94,0.909,25.19
A0311,2025-04-30,420.5,8.75,14.6,23.11,0.909,23.31
A0311,2025-05-01,420.5,6.19,12.07,20.62,0.909,20.82
A0311,2025-05-02,420.5,8.28,16.72,29.02,0.909,29.3
A0311,2025-05-03,420.5,8.61,17.66,30.85,0.909,31.15
A0311,2025-05-04,420.5,5.68,10.34,17.12,0.909,17.28
A0311,2025-05-05,420.5,6.82,13.16,22.41,0.909,22.62
A0311,2025-05-06,420.5,7.09,14.52,25.34,0.909,25.58
A0311,2025-05-07,420.5,8.03,15.98,27.57,0.909,27.83
A0311,2025-05-08,420.5,8.61,18.29,32.39,0.909,32.71
A0311,2025-05-09,420.5,8.75,19.15,34.29,0.909,34.64
A0311,2025-05-10,420.5,9.17,20.2,36.27,0.909,36.63
A0311,2025-05-11,420.5,5.92,12.42,21.89,0.909,22.1
A0311,2025-05-12,420.5,7.9,16.34,28.63,0.909,28.91
A0312,2025-04-29,294.9,6.76,8.91,12.29,0.909,12.37
A0312,2025-04-30,294.9,8.79,11.48,15.71,0.909,15.81
A0312,2025-05-01,294.9,6.4,9.19,13.58,0.909,13.68
A0312,2025-05-02,294.9,8.57,11.86,17.02,0.909,17.14
A0312,2025-05-03,294.9,8.43,12.34,18.49,0.909,18.63
A0312,2025-05-04,294.9,8.03,11.09,15.89,0.909,15.99
A0312,2025-05-05,294.9,7.17,10.32,15.27,0.909,15.38
A0312,2025-05-06,294.9,7.33,9.47,12.84,0.909,12.92
A0312,2025-05-07,294.9,5.69,8.0,11.63,0.909,11.72
A0312,2025-05-08,294.9,6.22,8.52,12.14,0.909,12.22
A0312,2025-05-09,294.9,7.03,9.69,13.89,0.909,13.99
A0312,2025-05-10,294.9,7.31,10.5,15.52,0.909,15.63
A0312,2025-05-11,294.9,6.14,8.49,12.19,0.909,12.28
A0312,2025-05-12,294.9,7.09,9.88,14.28,0.909,14.38
A0313,2025-04-29,419.4,21.24,32.56,48.45,0.909,48.81
A0313,2025-04-30,419.4,24.17,42.08,67.22,0.909,67.79
A0313,2025-05-01,419.4,15.83,28.15,45.44,0.909,45.83
A0313,2025-05-02,419.4,25.62,39.37,58.67,0.909,59.11
A0313,2025-05-03,419.4,23.84,37.69,57.11,0.909,57.56
A0313,2025-05-04,419.4,18.44,30.14,46.57,0.909,46.94
A0313,2025-05-05,419.4,20.61,32.94,50.23,0.909,50.62
A0313,2025-05-06,419.4,22.28,33.8,49.97,0.909,50.34
A0313,2025-05-07,419.4,20.23,32.01,48.54,0.909,48.92
A0313,2025-05-08,419.4,21.21,34.52,53.21,0.909,53.64
A0313,2025-05-09,419.4,25.85,39.47,58.59,0.909,59.02
A0313,2025-05-10,419.4,24.36,38.16,57.52,0.909,57.96
A0313,2025-05-11,419.4,16.39,25.86,39.15,0.909,39.45
A0313,2025-05-12,419.4,23.27,36.1,54.1,0.909,54.51
A0314,2025-04-29,303.8,9.62,18.51,31.42,0.909,31.71
A0314,2025-04-30,303.8,10.71,17.09,26.35,0.909,26.56
A0314,2025-05-01,303.8,8.75,13.64,20.74,0.909,20.9
A0314,2025-05-02,303.8,10.7,19.5,32.27,0.909,32.56
A0314,2025-05-03,303.8,11.24,20.06,32.85,0.909,33.14
A0314,2025-05-04,303.8,7.36,12.68,20.38,0.909,20.56
A0314,2025-05-05,303.8,8.87,14.82,23.45,0.909,23.65
A0314,2025-05-06,303.8,9.07,17.23,29.07,0.909,29.34
A0314,2025-05-07,303.8,10.69,21.29,36.68,0.909,37.03
A0314,2025-05-08,303.8,11.32,23.68,41.61,0.909,42.02
A0314,2025-05-09,303.8,12.72,25.64,44.37,0.909,44.8
A0314,2025-05-10,303.8,13.05,25.47,43.5,0.909,43.9
A0314,2025-05-11,303.8,8.76,17.45,30.05,0.909,30.34
A0314,2025-05-12,303.8,10.74,20.66,35.06,0.909,35.39
A0315,2025-04-29,193.3,2.39,5.65,10.28,0.909,10.39
A0315,2025-04-30,193.3,3.27,6.26,10.51,0.909,10.6
A0315,2025-05-01,193.3,2.31,4.86,8.48,0.909,8.56
A0315,2025-05-02,193.3,2.95,6.67,11.94,0.909,12.06
A0315,2025-05-03,193.3,3.01,7.16,13.04,0.909,13.17
A0315,2025-05-04,193.3,1.95,4.33,7.71,0.909,7.78
A0315,2025-05-05,193.3,2.37,5.27,9.38,0.909,9.47
A0315,2025-05-06,193.3,2.42,5.69,10.34,0.909,10.45
A0315,2025-05-07,193.3,1.68,4.57,8.69,0.909,8.78
A0315,2025-05-08,193.3,2.18,5.8,10.92,0.909,11.04
A0315,2025-05-09,193.3,2.19,5.97,11.33,0.909,11.45
A0315,2025-05-10,193.3,2.6,6.81,12.79,0.909,12.93
A0315,2025-05-11,193.3,1.66,4.05,7.44,0.909,7.52
A0315,2025-05-12,193.3,2.34,5.81,10.72,0.909,10.83
A0316,2025-04-29,2.9,21.96,27.7,33.27,0.556,28.48
A0316,2025-04-30,2.9,27.34,33.12,38.73,0.556,33.9
A0316,2025-05-01,2.9,18.59,26.11,33.39,0.556,27.12
A0316,2025-05-02,2.9,25.84,34.0,41.91,0.556,35.1
A0316,2025-05-03,2.9,17.82,25.85,33.65,0.556,26.94
A0316,2025-05-04,2.9,11.06,14.89,18.6,0.556,15.41
A0316,2025-05-05,2.9,13.38,20.77,27.93,0.556,21.76
A0316,2025-05-06,2.9,14.34,20.5,26.47,0.556,21.32
A0316,2025-05-07,2.9,14.95,20.08,25.05,0.556,20.77
A0316,2025-05-08,2.9,17.83,24.81,31.58,0.556,25.75
A0316,2025-05-09,2.9,19.8,27.32,34.6,0.556,28.33
A0316,2025-05-10,2.9,20.31,27.92,35.29,0.556,28.94
A0316,2025-05-11,2.9,12.08,15.8,19.4,0.556,16.3
A0316,2025-05-12,2.9,18.19,25.18,31.96,0.556,26.12
A0317,2025-04-29,413.3,6.75,24.95,52.48,0.909,53.1
A0317,2025-04-30,413.3,9.72,31.99,65.05,0.909,65.8
A0317,2025-05-01,413.3,6.02,23.1,48.72,0.909,49.3
A0317,2025-05-02,413.3,9.86,32.2,65.76,0.909,66.53
A0317,2025-05-03,413.3,10.5,33.46,67.49,0.909,68.26
A0317,2025-05-04,413.3,6.57,23.51,49.56,0.909,50.15
A0317,2025-05-05,413.3,8.27,27.74,57.27,0.909,57.94
A0317,2025-05-06,413.3,8.35,28.18,58.32,0.909,59.0
A0317,2025-05-07,413.3,8.82,29.36,60.43,0.909,61.14
A0317,2025-05-08,413.3,10.0,31.97,65.3,0.909,66.06
A0317,2025-05-09,413.3,11.2,34.74,70.94,0.909,71.76
A0317,2025-05-10,413.3,11.84,35.96,72.48,0.909,73.31
A0317,2025-05-11,413.3,6.66,23.23,49.06,0.909,49.64
A0317,2025-05-12,413.3,10.67,33.16,67.5,0.909,68.28
A0318,2025-04-29,33.1,8.44,14.44,24.73,0.909,24.97
A0318,2025-04-30,33.1,11.38,16.83,26.17,0.909,26.38
A0318,2025-05-01,33.1,7.14,11.58,19.2,0.909,19.37
A0318,2025-05-02,33.1,8.75,15.36,26.67,0.909,26.93
A0318,2025-05-03,33.1,8.94,15.39,26.43,0.909,26.69
A0318,2025-05-04,33.1,6.25,11.43,20.29,0.909,20.49
A0318,2025-05-05,33.1,6.96,11.68,19.78,0.909,19.97
A0318,2025-05-06,33.1,7.56,12.89,22.05,0.909,22.26
A0318,2025-05-07,33.1,8.08,14.87,26.51,0.909,26.78
A0318,2025-05-08,33.1,9.25,17.16,30.73,0.909,31.04
A0318,2025-05-09,33.1,10.34,19.61,35.5,0.909,35.86
A0318,2025-05-10,33.1,10.6,19.19,33.91,0.909,34.25
A0318,2025-05-11,33.1,6.81,13.45,24.83,0.909,25.09
A0318,2025-05-12,33.1,8.29,14.99,26.48,0.909,26.75
A0319,2025-04-29,308.8,7.25,13.68,20.63,0.909,20.79
A0319,2025-04-30,308.8,8.98,17.89,27.52,0.909,27.73
A0319,2025-05-01,308.8,6.37,11.59,17.24,0.909,17.37
A0319,2025-05-02,308.8,8.25,15.45,23.24,0.909,23.42
A0319,2025-05-03,308.8,9.05,15.48,22.43,0.909,22.59
A0319,2025-05-04,308.8,5.42,10.36,15.7,0.909,15.82
A0319,2025-05-05,308.8,6.7,12.22,18.19,0.909,18.32
A0319,2025-05-06,308.8,7.47,13.52,20.05,0.909,20.2
A0319,2025-05-07,308.8,7.5,14.55,22.16,0.909,22.34
A0319,2025-05-08,308.8,8.66,16.52,25.02,0.909,25.21
A0319,2025-05-09,308.8,9.26,17.81,27.07,0.909,27.28
A0319,2025-05-10,308.8,10.24,17.69,25.75,0.909,25.94
A0319,2025-05-11,308.8,14.78,23.4,32.72,0.909,32.93
A0319,2025-05-12,308.8,21.27,34.22,48.22,0.909,48.54
A0320,2025-04-29,293.3,7.06,12.37,19.44,0.909,19.6
A0320,2025-04-30,293.3,7.41,11.01,15.8,0.909,15.91
A0320,2025-05-01,293.3,5.93,9.92,15.25,0.909,15.37
A0320,2025-05-02,293.3,8.35,13.99,21.51,0.909,21.68
A0320,2025-05-03,293.3,8.84,15.03,23.26,0.909,23.45
A0320,2025-05-04,293.3,4.66,7.32,10.87,0.909,10.95
A0320,2025-05-05,293.3,6.11,10.29,15.86,0.909,15.98
A0320,2025-05-06,293.3,6.93,11.95,18.63,0.909,18.78
A0320,2025-05-07,293.3,8.72,14.4,21.96,0.909,22.13
A0320,2025-05-08,293.3,8.37,13.43,20.17,0.909,20.33
A0320,2025-05-09,293.3,9.66,15.99,24.43,0.909,24.63
A0320,2025-05-10,293.3,9.84,16.6,25.59,0.909,25.8
A0320,2025-05-11,293.3,5.47,8.85,13.37,0.909,13.47
A0320,2025-05-12,293.3,7.31,12.06,18.4,0.909,18.54
A0321,2025-04-29,4.4,19.6,58.71,123.73,0.556,67.74
A0321,2025-04-30,4.4,26.19,74.4,153.63,0.556,85.41
A0321,2025-05-01,4.4,18.81,55.86,117.05,0.556,64.36
A0321,2025-05-02,4.4,28.24,78.56,161.53,0.556,90.09
A0321,2025-05-03,4.4,29.35,80.79,164.28,0.556,92.38
A0321,2025-05-04,4.4,20.2,57.31,119.87,0.556,66.0
A0321,2025-05-05,4.4,35.69,93.9,187.3,0.556,106.87
A0321,2025-05-06,4.4,35.65,94.25,188.67,0.556,107.36
A0321,2025-05-07,4.4,36.24,95.97,191.84,0.556,109.29
A0321,2025-05-08,4.4,40.88,105.57,211.99,0.556,120.35
A0321,2025-05-09,4.4,44.0,113.37,231.58,0.556,129.79
A0321,2025-05-10,4.4,44.27,113.45,231.39,0.556,129.83
A0321,2025-05-11,4.4,13.75,41.97,92.0,0.556,48.92
A0321,2025-05-12,4.4,52.03,129.39,261.29,0.556,147.71
A0322,2025-04-29,4.0,69.45,103.95,139.77,0.556,108.93
A0322,2025-04-30,4.0,98.27,148.24,200.1,0.556,155.44
A0322,2025-05-01,4.0,54.77,79.07,104.29,0.556,82.57
A0322,2025-05-02,4.0,82.33,120.64,160.4,0.556,126.16
A0322,2025-05-03,4.0,85.52,125.75,167.51,0.556,131.55
A0322,2025-05-04,4.0,70.11,105.59,142.41,0.556,110.7
A0322,2025-05-05,4.0,64.18,96.16,129.35,0.556,100.77
A0322,2025-05-06,4.0,69.54,104.08,139.94,0.556,109.06
A0322,2025-05-07,4.0,70.27,103.79,138.58,0.556,108.62
A0322,2025-05-08,4.0,74.02,109.12,145.56,0.556,114.18
A0322,2025-05-09,4.0,81.22,120.07,160.39,0.556,125.67
A0322,2025-05-10,4.0,84.1,124.9,167.24,0.556,130.78
A0322,2025-05-11,4.0,58.99,88.25,118.62,0.556,92.47
A0322,2025-05-12,4.0,76.34,115.1,155.32,0.556,120.69
A0323,2025-04-29,5.1,112.71,151.91,206.99,0.556,159.56
A0323,2025-04-30,5.1,148.79,202.23,277.31,0.556,212.66
A0323,2025-05-01,5.1,90.59,122.66,167.72,0.556,128.92
A0323,2025-05-02,5.1,145.59,199.12,274.35,0.556,209.57
A0323,2025-05-03,5.1,141.92,195.6,271.02,0.556,206.07
A0323,2025-05-04,5.1,105.0,142.04,194.08,0.556,149.27
A0323,2025-05-05,5.1,101.19,136.8,186.85,0.556,143.76
A0323,2025-05-06,5.1,106.59,145.65,200.54,0.556,153.28
A0323,2025-05-07,5.1,118.87,159.44,216.44,0.556,167.36
A0323,2025-05-08,5.1,129.59,174.63,237.91,0.556,183.42
A0323,2025-05-09,5.1,156.36,210.41,286.35,0.556,220.96
A0323,2025-05-10,5.1,149.37,203.47,279.5,0.556,214.03
A0323,2025-05-11,5.1,90.48,121.91,166.08,0.556,128.05
A0323,2025-05-12,5.1,124.89,168.67,230.18,0.556,177.21
A0324,2025-04-29,350.0,3.92,9.22,15.84,0.909,15.99
A0324,2025-04-30,350.0,4.88,9.4,15.05,0.909,15.18
A0324,2025-05-01,350.0,3.8,8.43,14.23,0.909,14.36
A0324,2025-05-02,350.0,4.48,10.64,18.34,0.909,18.52
A0324,2025-05-03,350.0,4.53,10.87,18.81,0.909,18.99
A0324,2025-05-04,350.0,2.98,6.53,10.98,0.909,11.08
A0324,2025-05-05,350.0,3.83,8.17,13.59,0.909,13.72
A0324,2025-05-06,350.0,3.81,8.83,15.1,0.909,15.25
A0324,2025-05-07,350.0,4.01,9.83,17.11,0.909,17.27
A0324,2025-05-08,350.0,4.46,10.82,18.78,0.909,18.96
A0324,2025-05-09,350.0,4.67,11.91,20.98,0.909,21.18
A0324,2025-05-10,350.0,4.9,12.18,21.29,0.909,21.5
A0324,2025-05-11,350.0,3.01,7.36,12.79,0.909,12.91
A0324,2025-05-12,350.0,4.02,9.27,15.84,0.909,15.99
A0325,2025-04-29,7.3,166.64,224.88,316.23,0.556,237.57
A0325,2025-04-30,7.3,188.7,261.3,375.17,0.556,277.11
A0325,2025-05-01,7.3,140.31,196.51,284.67,0.556,208.75
A0325,2025-05-02,7.3,193.13,257.86,359.38,0.556,271.96
A0325,2025-05-03,7.3,191.37,256.54,358.77,0.556,270.74
A0325,2025-05-04,7.3,185.23,247.77,345.86,0.556,261.39
A0325,2025-05-05,7.3,265.71,354.26,493.15,0.556,373.55
A0325,2025-05-06,7.3,295.5,387.71,532.35,0.556,407.8
A0325,2025-05-07,7.3,292.1,388.46,539.61,0.556,409.45
A0325,2025-05-08,7.3,174.72,240.44,343.53,0.556,254.76
A0325,2025-05-09,7.3,184.66,250.09,352.72,0.556,264.34
A0325,2025-05-10,7.3,187.97,253.57,356.46,0.556,267.86
A0325,2025-05-11,7.3,155.94,211.13,297.71,0.556,223.16
A0325,2025-05-12,7.3,183.87,244.95,340.76,0.556,258.26
A0326,2025-04-29,5.0,7.38,26.0,54.01,0.556,29.89
A0326,2025-04-30,5.0,9.22,30.4,62.17,0.556,34.82
A0326,2025-05-01,5.0,6.4,23.59,49.6,0.556,27.2
A0326,2025-05-02,5.0,9.68,31.05,63.2,0.556,35.52
A0326,2025-05-03,5.0,9.93,31.51,63.75,0.556,35.99
A0326,2025-05-04,5.0,7.01,24.5,51.6,0.556,28.26
A0326,2025-05-05,5.0,7.86,26.44,54.81,0.556,30.38
A0326,2025-05-06,5.0,8.26,27.54,56.99,0.556,31.63
A0326,2025-05-07,5.0,8.58,28.27,58.24,0.556,32.43
A0326,2025-05-08,5.0,9.72,30.65,62.62,0.556,35.09
A0326,2025-05-09,5.0,10.72,32.92,67.02,0.556,37.66
A0326,2025-05-10,5.0,11.04,33.56,67.8,0.556,38.32
A0326,2025-05-11,5.0,6.95,23.97,50.52,0.556,27.65
A0326,2025-05-12,5.0,10.08,31.19,63.59,0.556,35.69
A0327,2025-04-29,160.3,16.21,25.65,34.1,0.909,34.29
A0327,2025-04-30,160.3,17.21,28.08,37.83,0.909,38.05
A0327,2025-05-01,160.3,8.31,18.23,27.13,0.909,27.33
A0327,2025-05-02,160.3,18.48,30.81,41.86,0.909,42.11
A0327,2025-05-03,160.3,16.54,34.53,50.66,0.909,51.03
A0327,2025-05-04,160.3,13.83,20.85,27.15,0.909,27.29
A0327,2025-05-05,160.3,13.16,22.35,30.58,0.909,30.77
A0327,2025-05-06,160.3,18.73,27.17,34.74,0.909,34.91
A0327,2025-05-07,160.3,19.73,32.12,43.21,0.909,43.47
A0327,2025-05-08,160.3,22.82,32.96,42.05,0.909,42.26
A0327,2025-05-09,160.3,23.69,36.3,47.59,0.909,47.85
A0327,2025-05-10,160.3,21.26,39.0,54.91,0.909,55.27
A0327,2025-05-11,160.3,14.47,20.77,26.42,0.909,26.55
A0327,2025-05-12,160.3,19.55,28.82,37.12,0.909,37.31
A0328,2025-04-29,148.0,18.86,28.43,40.31,0.909,40.58
A0328,2025-04-30,148.0,23.58,36.06,51.56,0.909,51.91
A0328,2025-05-01,148.0,15.7,23.58,33.37,0.909,33.6
A0328,2025-05-02,148.0,22.45,34.82,50.18,0.909,50.53
A0328,2025-05-03,148.0,21.73,33.01,47.01,0.909,47.33
A0328,2025-05-04,148.0,15.03,23.69,34.43,0.909,34.67
A0328,2025-05-05,148.0,16.44,25.05,35.74,0.909,35.98
A0328,2025-05-06,148.0,17.99,27.39,39.06,0.909,39.33
A0328,2025-05-07,148.0,17.53,26.12,36.79,0.909,37.03
A0328,2025-05-08,148.0,19.98,29.41,41.12,0.909,41.38
A0328,2025-05-09,148.0,23.41,35.89,51.38,0.909,51.73
A0328,2025-05-10,148.0,22.8,34.1,48.14,0.909,48.46
A0328,2025-05-11,148.0,14.05,20.95,29.52,0.909,29.71
A0328,2025-05-12,148.0,19.28,28.81,40.64,0.909,40.91
A0329,2025-04-29,4.8,24.41,35.61,50.51,0.556,37.68
A0329,2025-04-30,4.8,28.38,42.22,60.63,0.556,44.78
A0329,2025-05-01,4.8,22.29,32.37,45.79,0.556,34.24
A0329,2025-05-02,4.8,31.43,46.12,65.65,0.556,48.83
A0329,2025-05-03,4.8,30.72,45.97,66.24,0.556,48.78
A0329,2025-05-04,4.8,21.58,32.52,47.08,0.556,34.54
A0329,2025-05-05,4.8,25.12,36.4,51.4,0.556,38.48
A0329,2025-05-06,4.8,26.62,37.68,52.38,0.556,39.72
A0329,2025-05-07,4.8,25.6,36.86,51.83,0.556,38.93
A0329,2025-05-08,4.8,29.66,42.8,60.27,0.556,45.23
A0329,2025-05-09,4.8,32.34,47.25,67.08,0.556,50.0
A0329,2025-05-10,4.8,31.89,47.3,67.78,0.556,50.14
A0329,2025-05-11,4.8,19.78,29.5,42.41,0.556,31.29
A0329,2025-05-12,4.8,28.69,41.74,59.09,0.556,44.15
A0330,2025-04-29,4.9,15.29,23.98,35.4,0.556,25.56
A0330,2025-04-30,4.9,18.14,30.22,46.09,0.556,32.42
A0330,2025-05-01,4.9,13.83,20.95,30.31,0.556,22.25
A0330,2025-05-02,4.9,18.06,27.86,40.76,0.556,29.65
A0330,2025-05-03,4.9,19.66,29.54,42.53,0.556,31.35
A0330,2025-05-04,4.9,14.01,23.28,35.48,0.556,24.98
A0330,2025-05-05,4.9,15.36,24.01,35.4,0.556,25.6
A0330,2025-05-06,4.9,15.69,24.03,35.0,0.556,25.55
A0330,2025-05-07,4.9,16.36,24.68,35.62,0.556,26.2
A0330,2025-05-08,4.9,17.51,26.12,37.45,0.556,27.7
A0330,2025-05-09,4.9,18.31,28.38,41.64,0.556,30.23
A0330,2025-05-10,4.9,20.28,30.27,43.42,0.556,32.1
A0330,2025-05-11,4.9,13.52,20.82,30.42,0.556,22.15
A0330,2025-05-12,4.9,18.14,27.76,40.42,0.556,29.52
A0331,2025-04-29,397.2,28.94,40.1,55.1,0.909,55.44
A0331,2025-04-30,397.2,34.03,46.22,62.61,0.909,62.98
A0331,2025-05-01,397.2,24.73,32.71,43.44,0.909,43.68
A0331,2025-05-02,397.2,37.83,49.88,66.07,0.909,66.44
A0331,2025-05-03,397.2,36.91,49.79,67.1,0.909,67.5
A0331,2025-05-04,397.2,24.64,33.36,45.08,0.909,45.35
A0331,2025-05-05,397.2,29.95,39.27,51.79,0.909,52.08
A0331,2025-05-06,397.2,29.67,40.48,55.0,0.909,55.33
A0331,2025-05-07,397.2,31.95,44.81,62.1,0.909,62.49
A0331,2025-05-08,397.2,35.71,47.33,62.95,0.909,63.3
A0331,2025-05-09,397.2,41.98,55.36,73.34,0.909,73.75
A0331,2025-05-10,397.2,40.62,54.7,73.63,0.909,74.06
A0331,2025-05-11,397.2,24.2,33.55,46.1,0.909,46.39
A0331,2025-05-12,397.2,35.24,46.78,62.29,0.909,62.64
A0332,2025-04-29,6.0,59.85,83.72,115.52,0.556,88.13
A0332,2025-04-30,6.0,70.65,98.64,135.93,0.556,103.82
A0332,2025-05-01,6.0,50.48,70.37,96.88,0.556,74.06
A0332,2025-05-02,6.0,67.77,93.57,127.94,0.556,98.34
A0332,2025-05-03,6.0,67.93,93.17,126.8,0.556,97.84
A0332,2025-05-04,6.0,58.09,80.57,110.52,0.556,84.73
A0332,2025-05-05,6.0,54.1,73.63,99.65,0.556,77.25
A0332,2025-05-06,6.0,61.92,85.57,117.07,0.556,89.94
A0332,2025-05-07,6.0,61.54,85.81,118.14,0.556,90.3
A0332,2025-05-08,6.0,69.5,95.65,130.5,0.556,100.49
A0332,2025-05-09,6.0,70.77,96.91,131.74,0.556,101.75
A0332,2025-05-10,6.0,70.71,96.2,130.16,0.556,100.92
A0332,2025-05-11,6.0,52.45,73.22,100.89,0.556,77.06
A0332,2025-05-12,6.0,62.65,85.29,115.47,0.556,89.48
A0333,2025-04-29,362.0,6.91,14.97,25.4,0.909,25.64
A0333,2025-04-30,362.0,8.0,17.52,29.84,0.909,30.12
A0333,2025-05-01,362.0,6.02,12.57,21.05,0.909,21.24
A0333,2025-05-02,362.0,8.41,16.86,27.81,0.909,28.05
A0333,2025-05-03,362.0,8.43,17.05,28.22,0.909,28.48
A0333,2025-05-04,362.0,5.42,11.24,18.77,0.909,18.94
A0333,2025-05-05,362.0,6.89,12.75,20.34,0.909,20.51
A0333,2025-05-06,362.0,7.26,14.53,23.94,0.909,24.16
A0333,2025-05-07,362.0,8.02,17.08,28.81,0.909,29.08
A0333,2025-05-08,362.0,8.64,18.55,31.38,0.909,31.67
A0333,2025-05-09,362.0,9.83,20.61,34.57,0.909,34.89
A0333,2025-05-10,362.0,9.92,20.47,34.12,0.909,34.43
A0333,2025-05-11,362.0,5.89,11.91,19.71,0.909,19.89
A0333,2025-05-12,362.0,8.0,15.57,25.37,0.909,25.6
A0334,2025-04-29,3.1,45.54,68.4,94.62,0.556,72.05
A0334,2025-04-30,3.1,63.26,91.13,123.09,0.556,95.57
A0334,2025-05-01,3.1,41.0,63.62,89.55,0.556,67.22
A0334,2025-05-02,3.1,58.8,88.45,122.45,0.556,93.17
A0334,2025-05-03,3.1,59.51,88.69,122.16,0.556,93.34
A0334,2025-05-04,3.1,39.07,58.71,81.23,0.556,61.84
A0334,2025-05-05,3.1,41.6,65.02,91.87,0.556,68.75
A0334,2025-05-06,3.1,43.22,65.38,90.79,0.556,68.91
A0334,2025-05-07,3.1,46.69,69.03,94.63,0.556,72.58
A0334,2025-05-08,3.1,53.91,80.52,111.04,0.556,84.76
A0334,2025-05-09,3.1,60.77,90.47,124.54,0.556,95.21
A0334,2025-05-10,3.1,60.69,89.64,122.83,0.556,94.25
A0334,2025-05-11,3.1,33.95,50.21,68.86,0.556,52.8
A0334,2025-05-12,3.1,50.98,77.24,107.36,0.556,81.42
A0335,2025-04-29,7.1,205.54,282.21,389.53,0.556,297.11
A0335,2025-04-30,7.1,252.46,352.05,491.45,0.556,371.41
A0335,2025-05-01,7.1,169.95,231.34,317.27,0.556,243.28
A0335,2025-05-02,7.1,223.18,305.15,419.89,0.556,321.09
A0335,2025-05-03,7.1,220.17,301.32,414.91,0.556,317.1
A0335,2025-05-04,7.1,218.38,308.88,435.54,0.556,326.47
A0335,2025-05-05,7.1,177.59,247.57,345.52,0.556,261.17
A0335,2025-05-06,7.1,207.94,285.55,394.18,0.556,300.64
A0335,2025-05-07,7.1,212.59,280.67,375.95,0.556,293.9
A0335,2025-05-08,7.1,237.77,316.44,426.57,0.556,331.74
A0335,2025-05-09,7.1,239.01,320.27,434.02,0.556,336.07
A0335,2025-05-10,7.1,233.02,313.76,426.79,0.556,329.46
A0335,2025-05-11,7.1,193.1,265.13,365.95,0.556,279.13
A0335,2025-05-12,7.1,217.18,298.67,412.73,0.556,314.51
A0336,2025-04-29,416.4,9.3,16.13,24.2,0.909,24.38
A0336,2025-04-30,416.4,11.59,19.86,29.63,0.909,29.85
A0336,2025-05-01,416.4,8.17,14.93,22.91,0.909,23.09
A0336,2025-05-02,416.4,11.89,20.34,30.32,0.909,30.55
A0336,2025-05-03,416.4,13.27,22.39,33.17,0.909,33.41
A0336,2025-05-04,416.4,7.97,14.2,21.56,0.909,21.73
A0336,2025-05-05,416.4,9.43,16.27,24.34,0.909,24.53
A0336,2025-05-06,416.4,8.71,15.52,23.57,0.909,23.75
A0336,2025-05-07,416.4,8.5,15.14,22.98,0.909,23.16
A0336,2025-05-08,416.4,9.17,17.06,26.38,0.909,26.6
A0336,2025-05-09,416.4,10.78,19.2,29.13,0.909,29.36
A0336,2025-05-10,416.4,12.54,21.62,32.34,0.909,32.58
A0336,2025-05-11,416.4,7.54,13.05,19.56,0.909,19.71
A0336,2025-05-12,416.4,10.72,18.13,26.89,0.909,27.09
A0337,2025-04-29,370.0,6.48,13.11,21.96,0.909,22.16
A0337,2025-04-30,370.0,8.19,15.68,25.66,0.909,25.89
A0337,2025-05-01,370.0,6.41,10.94,17.0,0.909,17.13
A0337,2025-05-02,370.0,7.73,15.25,25.28,0.909,25.51
A0337,2025-05-03,370.0,7.87,16.44,27.87,0.909,28.13
A0337,2025-05-04,370.0,5.21,9.76,15.82,0.909,15.96
A0337,2025-05-05,370.0,6.87,11.74,18.23,0.909,18.38
A0337,2025-05-06,370.0,6.57,12.78,21.06,0.909,21.25
A0337,2025-05-07,370.0,6.7,14.35,24.55,0.909,24.78
A0337,2025-05-08,370.0,6.93,15.18,26.18,0.909,26.43
A0337,2025-05-09,370.0,7.33,16.39,28.47,0.909,28.75
A0337,2025-05-10,370.0,7.69,17.7,31.05,0.909,31.35
A0337,2025-05-11,370.0,5.35,10.27,16.84,0.909,16.99
A0337,2025-05-12,370.0,7.02,13.79,22.83,0.909,23.04
A0338,2025-04-29,7.1,38.58,53.34,73.22,0.556,56.1
A0338,2025-04-30,7.1,49.21,68.44,94.35,0.556,72.04
A0338,2025-05-01,7.1,36.12,48.91,66.13,0.556,51.3
A0338,2025-05-02,7.1,54.57,75.52,103.75,0.556,79.44
A0338,2025-05-03,7.1,53.61,74.66,103.02,0.556,78.6
A0338,2025-05-04,7.1,40.92,56.1,76.56,0.556,58.94
A0338,2025-05-05,7.1,42.16,57.37,77.87,0.556,60.22
A0338,2025-05-06,7.1,44.02,59.11,79.45,0.556,61.93
A0338,2025-05-07,7.1,43.41,59.43,81.03,0.556,62.43
A0338,2025-05-08,7.1,49.96,66.05,87.74,0.556,69.06
A0338,2025-05-09,7.1,55.92,76.15,103.4,0.556,79.93
A0338,2025-05-10,7.1,53.96,74.47,102.11,0.556,78.31
A0338,2025-05-11,7.1,34.16,47.74,66.03,0.556,50.28
A0338,2025-05-12,7.1,47.15,64.7,88.35,0.556,67.98
A0339,2025-04-29,4.7,74.25,107.35,146.9,0.556,112.84
A0339,2025-04-30,4.7,89.83,127.46,172.42,0.556,133.7
A0339,2025-05-01,4.7,63.17,88.76,119.34,0.556,93.01
A0339,2025-05-02,4.7,84.92,116.42,154.06,0.556,121.65
A0339,2025-05-03,4.7,87.62,124.39,168.32,0.556,130.49
A0339,2025-05-04,4.7,77.64,112.91,155.07,0.556,118.77
A0339,2025-05-05,4.7,69.1,97.64,131.76,0.556,102.38
A0339,2025-05-06,4.7,75.92,109.24,149.06,0.556,114.77
A0339,2025-05-07,4.7,73.98,99.21,129.35,0.556,103.4
A0339,2025-05-08,4.7,82.45,113.52,150.66,0.556,118.68
A0339,2025-05-09,4.7,87.83,119.63,157.64,0.556,124.91
A0339,2025-05-10,4.7,89.57,126.76,171.21,0.556,132.94
A0339,2025-05-11,4.7,67.55,95.33,128.52,0.556,99.94
A0339,2025-05-12,4.7,81.55,113.83,152.4,0.556,119.19
A0340,2025-04-29,176.7,9.25,16.07,25.22,0.909,25.43
A0340,2025-04-30,176.7,11.63,20.21,31.75,0.909,32.01
A0340,2025-05-01,176.7,8.38,13.52,20.45,0.909,20.6
A0340,2025-05-02,176.7,11.45,19.14,29.48,0.909,29.72
A0340,2025-05-03,176.7,11.55,19.24,29.59,0.909,29.82
A0340,2025-05-04,176.7,7.81,13.0,19.99,0.909,20.15
A0340,2025-05-05,176.7,8.99,14.79,22.6,0.909,22.78
A0340,2025-05-06,176.7,9.47,16.27,25.41,0.909,25.62
A0340,2025-05-07,176.7,9.42,16.63,26.33,0.909,26.55
A0340,2025-05-08,176.7,10.85,18.26,28.23,0.909,28.46
A0340,2025-05-09,176.7,11.01,18.72,29.09,0.909,29.33
A0340,2025-05-10,176.7,11.49,19.2,29.56,0.909,29.8
A0340,2025-05-11,176.7,7.06,11.81,18.19,0.909,18.33
A0340,2025-05-12,176.7,10.21,17.23,26.65,0.909,26.87
A0341,2025-04-29,325.8,434.6,620.36,908.5,0.909,915.05
A0341,2025-04-30,325.8,512.92,733.09,1074.59,0.909,1082.35
A0341,2025-05-01,325.8,75.76,106.29,153.65,0.909,154.73
A0341,2025-05-02,325.8,114.05,154.36,216.87,0.909,218.3
A0341,2025-05-03,325.8,121.58,165.18,232.8,0.909,234.34
A0341,2025-05-04,325.8,81.62,110.79,156.03,0.909,157.06
A0341,2025-05-05,325.8,91.29,126.91,182.15,0.909,183.41
A0341,2025-05-06,325.8,93.6,126.68,177.98,0.909,179.15
A0341,2025-05-07,325.8,110.08,145.06,199.33,0.909,200.56
A0341,2025-05-08,325.8,121.37,161.08,222.66,0.909,224.06
A0341,2025-05-09,325.8,139.47,183.41,251.56,0.909,253.11
A0341,2025-05-10,325.8,142.7,190.27,264.06,0.909,265.73
A0341,2025-05-11,325.8,87.18,117.66,164.94,0.909,166.01
A0341,2025-05-12,325.8,119.08,160.4,224.48,0.909,225.94
A0342,2025-04-29,157.6,1.41,11.12,27.34,0.909,27.71
A0342,2025-04-30,157.6,2.19,13.57,31.62,0.909,32.03
A0342,2025-05-01,157.6,1.07,10.7,26.08,0.909,26.43
A0342,2025-05-02,157.6,2.16,13.8,32.17,0.909,32.59
A0342,2025-05-03,157.6,2.47,14.67,33.63,0.909,34.06
A0342,2025-05-04,157.6,1.12,10.7,26.29,0.909,26.65
A0342,2025-05-05,157.6,1.87,12.62,29.82,0.909,30.21
A0342,2025-05-06,157.6,2.01,13.21,31.12,0.909,31.53
A0342,2025-05-07,157.6,6.04,23.32,49.55,0.909,50.15
A0342,2025-05-08,157.6,6.78,25.03,53.08,0.909,53.71
A0342,2025-05-09,157.6,7.2,26.42,56.74,0.909,57.42
A0342,2025-05-10,157.6,7.15,26.13,56.1,0.909,56.78
A0342,2025-05-11,157.6,4.38,18.23,40.82,0.909,41.33
A0342,2025-05-12,157.6,6.54,23.95,52.18,0.909,52.82
A0343,2025-04-29,2.4,46.91,66.42,95.8,0.556,70.5
A0343,2025-04-30,2.4,66.33,91.93,130.48,0.556,97.28
A0343,2025-05-01,2.4,40.33,59.02,87.16,0.556,62.93
A0343,2025-05-02,2.4,60.34,87.71,128.92,0.556,93.43
A0343,2025-05-03,2.4,59.98,85.86,124.83,0.556,91.27
A0343,2025-05-04,2.4,41.69,58.46,83.72,0.556,61.97
A0343,2025-05-05,2.4,80.82,111.71,158.24,0.556,118.17
A0343,2025-05-06,2.4,82.31,112.91,158.99,0.556,119.31
A0343,2025-05-07,2.4,82.95,116.31,166.56,0.556,123.29
A0343,2025-05-08,2.4,93.59,130.77,186.77,0.556,138.55
A0343,2025-05-09,2.4,103.81,148.07,214.73,0.556,157.33
A0343,2025-05-10,2.4,102.61,144.07,206.5,0.556,152.74
A0343,2025-05-11,2.4,64.05,87.12,121.86,0.556,91.95
A0343,2025-05-12,2.4,78.55,109.12,155.16,0.556,115.52
A0344,2025-04-29,26.5,6.25,12.22,21.48,0.909,21.69
A0344,2025-04-30,26.5,7.32,14.33,25.23,0.909,25.48
A0344,2025-05-01,26.5,5.26,9.98,17.32,0.909,17.48
A0344,2025-05-02,26.5,6.18,12.22,21.6,0.909,21.82
A0344,2025-05-03,26.5,6.52,12.88,22.78,0.909,23.0
A0344,2025-05-04,26.5,4.77,9.79,17.59,0.909,17.77
A0344,2025-05-05,26.5,5.47,10.61,18.59,0.909,18.77
A0344,2025-05-06,26.5,5.7,11.02,19.29,0.909,19.48
A0344,2025-05-07,26.5,6.2,13.81,25.64,0.909,25.91
A0344,2025-05-08,26.5,6.88,14.57,26.51,0.909,26.78
A0344,2025-05-09,26.5,7.19,15.1,27.39,0.909,27.67
A0344,2025-05-10,26.5,7.43,15.39,27.76,0.909,28.04
A0344,2025-05-11,26.5,5.16,10.76,19.45,0.909,19.64
A0344,2025-05-12,26.5,6.27,13.09,23.67,0.909,23.92
A0345,2025-04-29,2.5,30.54,44.94,65.06,0.556,47.73
A0345,2025-04-30,2.5,40.93,61.57,90.44,0.556,65.58
A0345,2025-05-01,2.5,25.93,38.29,55.58,0.556,40.69
A0345,2025-05-02,2.5,41.25,62.52,92.27,0.556,66.66
A0345,2025-05-03,2.5,41.35,60.43,87.12,0.556,64.14
A0345,2025-05-04,2.5,27.19,40.24,58.5,0.556,42.78
A0345,2025-05-05,2.5,31.21,45.91,66.46,0.556,48.76
A0345,2025-05-06,2.5,32.85,47.31,67.54,0.556,50.12
A0345,2025-05-07,2.5,32.67,47.62,68.52,0.556,50.52
A0345,2025-05-08,2.5,36.69,52.68,75.04,0.556,55.78
A0345,2025-05-09,2.5,41.75,62.84,92.35,0.556,66.94
A0345,2025-05-10,2.5,42.21,61.18,87.7,0.556,64.86
A0345,2025-05-11,2.5,23.33,34.34,49.74,0.556,36.48
A0345,2025-05-12,2.5,35.32,52.15,75.69,0.556,55.42
A0346,2025-04-29,4.7,35.29,91.58,182.47,0.556,104.21
A0346,2025-04-30,4.7,47.77,117.81,231.73,0.556,133.63
A0346,2025-05-01,4.7,30.53,79.49,158.78,0.556,90.5
A0346,2025-05-02,4.7,47.83,117.37,230.48,0.556,133.08
A0346,2025-05-03,4.7,48.8,118.9,231.68,0.556,134.57
A0346,2025-05-04,4.7,33.11,83.52,166.24,0.556,95.0
A0346,2025-05-05,4.7,38.0,94.83,187.95,0.556,107.76
A0346,2025-05-06,4.7,38.31,96.48,191.37,0.556,109.66
A0346,2025-05-07,4.7,39.58,99.89,197.6,0.556,113.46
A0346,2025-05-08,4.7,45.15,111.4,219.34,0.556,126.39
A0346,2025-05-09,4.7,50.26,122.34,241.18,0.556,138.85
A0346,2025-05-10,4.7,51.41,124.29,242.93,0.556,140.76
A0346,2025-05-11,4.7,30.29,77.33,154.77,0.556,88.08
A0346,2025-05-12,4.7,45.38,111.31,219.24,0.556,126.3
A0347,2025-04-29,343.1,18.37,26.36,38.16,0.909,38.43
A0347,2025-04-30,343.1,23.63,35.28,52.48,0.909,52.87
A0347,2025-05-01,343.1,15.4,23.75,36.09,0.909,36.37
A0347,2025-05-02,343.1,20.72,31.15,46.55,0.909,46.9
A0347,2025-05-03,343.1,21.49,32.22,48.06,0.909,48.42
A0347,2025-05-04,343.1,15.83,23.69,35.3,0.909,35.57
A0347,2025-05-05,343.1,17.03,25.47,37.93,0.909,38.21
A0347,2025-05-06,343.1,16.86,24.6,36.02,0.909,36.28
A0347,2025-05-07,343.1,17.87,26.5,39.25,0.909,39.54
A0347,2025-05-08,343.1,19.49,29.31,43.83,0.909,44.15
A0347,2025-05-09,343.1,20.92,31.32,46.68,0.909,47.03
A0347,2025-05-10,343.1,21.75,32.32,47.92,0.909,48.27
A0347,2025-05-11,343.1,14.34,20.72,30.14,0.909,30.36
A0347,2025-05-12,343.1,19.78,28.96,42.52,0.909,42.82
A0348,2025-04-29,5.3,48.95,112.86,210.72,0.556,126.45
A0348,2025-04-30,5.3,65.22,143.6,266.11,0.556,160.62
A0348,2025-05-01,5.3,41.2,95.87,180.81,0.556,107.67
A0348,2025-05-02,5.3,64.55,141.13,260.66,0.556,157.73
A0348,2025-05-03,5.3,65.0,141.83,260.88,0.556,158.37
A0348,2025-05-04,5.3,49.33,110.88,208.26,0.556,124.41
A0348,2025-05-05,5.3,48.62,109.32,204.61,0.556,122.55
A0348,2025-05-06,5.3,118.89,252.04,474.95,0.556,283.0
A0348,2025-05-07,5.3,120.53,253.26,480.68,0.556,284.85
A0348,2025-05-08,5.3,138.15,284.96,548.9,0.556,321.62
A0348,2025-05-09,5.3,150.91,310.33,608.45,0.556,351.74
A0348,2025-05-10,5.3,148.7,307.74,602.32,0.556,348.66
A0348,2025-05-11,5.3,31.22,75.44,145.85,0.556,85.22
A0348,2025-05-12,5.3,48.58,110.33,208.52,0.556,123.97
A0349,2025-04-29,3.4,105.3,148.97,198.52,0.556,155.85
A0349,2025-04-30,3.4,138.85,193.21,254.88,0.556,201.78
A0349,2025-05-01,3.4,83.8,123.07,167.61,0.556,129.26
A0349,2025-05-02,3.4,128.9,186.75,252.37,0.556,195.86
A0349,2025-05-03,3.4,126.68,186.81,255.03,0.556,196.29
A0349,2025-05-04,3.4,93.07,131.57,175.24,0.556,137.63
A0349,2025-05-05,3.4,89.62,129.91,175.62,0.556,136.26
A0349,2025-05-06,3.4,101.77,145.63,195.39,0.556,152.54
A0349,2025-05-07,3.4,109.13,152.05,200.75,0.556,158.82
A0349,2025-05-08,3.4,125.24,175.23,231.93,0.556,183.1
A0349,2025-05-09,3.4,141.98,199.06,263.82,0.556,208.06
A0349,2025-05-10,3.4,136.48,195.94,263.4,0.556,205.31
A0349,2025-05-11,3.4,78.75,111.49,148.63,0.556,116.65
A0349,2025-05-12,3.4,113.47,160.78,214.45,0.556,168.23
A0350,2025-04-29,423.4,54.31,74.13,106.58,0.909,107.32
A0350,2025-04-30,423.4,67.44,92.4,133.29,0.909,134.21
A0350,2025-05-01,423.4,73.88,98.71,139.38,0.909,140.3
A0350,2025-05-02,423.4,109.25,148.84,213.68,0.909,215.15
A0350,2025-05-03,423.4,109.69,153.05,224.08,0.909,225.69
A0350,2025-05-04,423.4,42.89,61.61,92.26,0.909,92.96
A0350,2025-05-05,423.4,48.13,64.42,91.12,0.909,91.72
A0350,2025-05-06,423.4,51.36,70.85,102.78,0.909,103.5
A0350,2025-05-07,423.4,58.3,79.31,113.72,0.909,114.51
A0350,2025-05-08,423.4,63.62,87.4,126.36,0.909,127.24
A0350,2025-05-09,423.4,72.05,97.81,140.01,0.909,140.97
A0350,2025-05-10,423.4,72.4,100.41,146.3,0.909,147.34
A0350,2025-05-11,423.4,46.82,64.48,93.42,0.909,94.08
A0350,2025-05-12,423.4,64.66,85.45,119.5,0.909,120.27
A0351,2025-04-29,2.5,31.83,39.29,47.99,0.556,40.5
A0351,2025-04-30,2.5,40.97,49.15,58.7,0.556,50.48
A0351,2025-05-01,2.5,28.29,35.39,43.68,0.556,36.54
A0351,2025-05-02,2.5,44.05,55.44,68.72,0.556,57.28
A0351,2025-05-03,2.5,45.36,56.14,68.73,0.556,57.89
A0351,2025-05-04,2.5,28.2,35.01,42.95,0.556,36.11
A0351,2025-05-05,2.5,32.23,39.65,48.31,0.556,40.86
A0351,2025-05-06,2.5,32.52,40.43,49.65,0.556,41.71
A0351,2025-05-07,2.5,34.59,41.26,49.03,0.556,42.34
A0351,2025-05-08,2.5,39.05,47.55,57.45,0.556,48.92
A0351,2025-05-09,2.5,45.25,54.99,66.34,0.556,56.56
A0351,2025-05-10,2.5,46.0,55.46,66.49,0.556,56.99
A0351,2025-05-11,2.5,25.86,31.65,38.4,0.556,32.58
A0351,2025-05-12,2.5,38.31,46.39,55.82,0.556,47.7
A0352,2025-04-29,145.5,14.65,22.22,33.34,0.909,33.6
A0352,2025-04-30,145.5,18.05,26.85,39.77,0.909,40.06
A0352,2025-05-01,145.5,13.38,20.67,31.38,0.909,31.62
A0352,2025-05-02,145.5,18.11,27.48,41.25,0.909,41.56
A0352,2025-05-03,145.5,18.23,27.42,40.94,0.909,41.25
A0352,2025-05-04,145.5,12.45,18.46,27.29,0.909,27.5
A0352,2025-05-05,145.5,13.96,21.2,31.85,0.909,32.09
A0352,2025-05-06,145.5,14.72,22.48,33.87,0.909,34.13
A0352,2025-05-07,145.5,13.8,21.42,32.61,0.909,32.87
A0352,2025-05-08,145.5,16.03,24.65,37.31,0.909,37.6
A0352,2025-05-09,145.5,17.22,26.59,40.36,0.909,40.67
A0352,2025-05-10,145.5,17.63,26.91,40.54,0.909,40.85
A0352,2025-05-11,145.5,11.47,17.27,25.81,0.909,26.0
A0352,2025-05-12,145.5,15.65,23.55,35.15,0.909,35.41
A0353,2025-04-29,3.3,1.41,12.08,32.36,0.556,14.9
A0353,2025-04-30,3.3,4.01,20.32,48.8,0.556,24.27
A0353,2025-05-01,3.3,2.64,16.54,40.59,0.556,19.88
A0353,2025-05-02,3.3,4.9,23.94,56.43,0.556,28.45
A0353,2025-05-03,3.3,6.11,27.8,63.64,0.556,32.78
A0353,2025-05-04,3.3,4.06,20.61,49.35,0.556,24.6
A0353,2025-05-05,3.3,5.23,24.89,57.81,0.556,29.46
A0353,2025-05-06,3.3,5.45,25.97,60.31,0.556,30.74
A0353,2025-05-07,3.3,5.96,27.79,63.71,0.556,32.78
A0353,2025-05-08,3.3,7.66,32.52,73.76,0.556,38.25
A0353,2025-05-09,3.3,8.45,35.1,79.91,0.556,41.33
A0353,2025-05-10,3.3,9.76,38.52,85.69,0.556,45.07
A0353,2025-05-11,3.3,5.54,24.43,56.67,0.556,28.91
A0353,2025-05-12,3.3,9.41,36.52,81.4,0.556,42.76
A0354,2025-04-29,3.2,45.15,67.03,90.62,0.556,70.3
A0354,2025-04-30,3.2,60.37,85.72,113.05,0.556,89.51
A0354,2025-05-01,3.2,107.68,148.87,193.29,0.556,155.04
A0354,2025-05-02,3.2,156.97,226.57,301.63,0.556,236.99
A0354,2025-05-03,3.2,156.3,226.38,301.96,0.556,236.88
A0354,2025-05-04,3.2,106.7,148.21,192.97,0.556,154.42
A0354,2025-05-05,3.2,115.86,158.7,204.89,0.556,165.11
A0354,2025-05-06,3.2,123.37,174.84,230.36,0.556,182.56
A0354,2025-05-07,3.2,40.9,62.86,86.55,0.556,66.15
A0354,2025-05-08,3.2,49.85,75.77,103.73,0.556,79.66
A0354,2025-05-09,3.2,53.32,82.12,113.17,0.556,86.43
A0354,2025-05-10,3.2,57.9,86.84,118.05,0.556,91.17
A0354,2025-05-11,3.2,31.88,47.42,64.19,0.556,49.75
A0354,2025-05-12,3.2,50.99,74.33,99.51,0.556,77.83
A0355,2025-04-29,317.9,3.61,9.67,17.56,0.909,17.74
A0355,2025-04-30,317.9,3.84,13.02,24.98,0.909,25.25
A0355,2025-05-01,317.9,3.35,8.13,14.37,0.909,14.51
A0355,2025-05-02,317.9,3.88,10.01,18.0,0.909,18.19
A0355,2025-05-03,317.9,4.29,10.18,17.86,0.909,18.03
A0355,2025-05-04,317.9,3.11,7.5,13.22,0.909,13.35
A0355,2025-05-05,317.9,3.67,8.44,14.65,0.909,14.8
A0355,2025-05-06,317.9,3.69,9.07,16.08,0.909,16.24
A0355,2025-05-07,317.9,3.27,10.72,20.43,0.909,20.65
A0355,2025-05-08,317.9,3.6,10.89,20.4,0.909,20.61
A0355,2025-05-09,317.9,3.64,12.43,23.88,0.909,24.14
A0355,2025-05-10,317.9,4.35,12.4,22.9,0.909,23.14
A0355,2025-05-11,317.9,3.33,7.89,13.83,0.909,13.97
A0355,2025-05-12,317.9,4.08,10.2,18.18,0.909,18.36
A0356,2025-04-29,5.9,58.77,82.02,111.73,0.556,86.15
A0356,2025-04-30,5.9,68.31,98.33,136.69,0.556,103.66
A0356,2025-05-01,5.9,49.3,70.08,96.63,0.556,73.77
A0356,2025-05-02,5.9,68.57,94.19,126.93,0.556,98.74
A0356,2025-05-03,5.9,67.79,93.53,126.41,0.556,98.09
A0356,2025-05-04,5.9,55.48,77.36,105.32,0.556,81.25
A0356,2025-05-05,5.9,54.53,75.17,101.54,0.556,78.83
A0356,2025-05-06,5.9,60.78,84.42,114.62,0.556,88.61
A0356,2025-05-07,5.9,59.34,79.95,106.29,0.556,83.61
A0356,2025-05-08,5.9,67.9,92.39,123.68,0.556,96.74
A0356,2025-05-09,5.9,73.83,99.82,133.03,0.556,104.43
A0356,2025-05-10,5.9,72.6,98.84,132.37,0.556,103.5
A0356,2025-05-11,5.9,50.2,68.87,92.72,0.556,72.18
A0356,2025-05-12,5.9,63.95,86.46,115.23,0.556,90.46
A0357,2025-04-29,370.7,9.96,17.58,28.81,0.909,29.07
A0357,2025-04-30,370.7,13.13,24.58,41.43,0.909,41.82
A0357,2025-05-01,370.7,8.13,15.08,25.32,0.909,25.56
A0357,2025-05-02,370.7,6.13,12.0,20.64,0.909,20.83
A0357,2025-05-03,370.7,6.6,12.41,20.96,0.909,21.15
A0357,2025-05-04,370.7,4.27,8.64,15.06,0.909,15.21
A0357,2025-05-05,370.7,4.94,9.22,15.52,0.909,15.66
A0357,2025-05-06,370.7,5.2,9.46,15.74,0.909,15.89
A0357,2025-05-07,370.7,6.35,12.0,20.31,0.909,20.5
A0357,2025-05-08,370.7,6.76,13.0,22.17,0.909,22.38
A0357,2025-05-09,370.7,7.42,14.1,23.92,0.909,24.14
A0357,2025-05-10,370.7,7.77,14.17,23.59,0.909,23.81
A0357,2025-05-11,370.7,4.33,8.23,13.98,0.909,14.11
A0357,2025-05-12,370.7,5.85,11.16,18.98,0.909,19.16
A0358,2025-04-29,4.2,74.04,119.31,170.43,0.556,126.41
A0358,2025-04-30,4.2,95.99,128.45,165.12,0.556,133.55
A0358,2025-05-01,4.2,65.99,102.43,143.58,0.556,108.14
A0358,2025-05-02,4.2,25.04,50.67,79.61,0.556,54.69
A0358,2025-05-03,4.2,25.63,55.63,89.52,0.556,60.34
A0358,2025-05-04,4.2,21.5,46.68,75.11,0.556,50.63
A0358,2025-05-05,4.2,20.35,54.42,92.89,0.556,59.76
A0358,2025-05-06,4.2,21.59,57.7,98.49,0.556,63.37
A0358,2025-05-07,4.2,23.96,51.23,82.02,0.556,55.5
A0358,2025-05-08,4.2,27.83,59.07,94.34,0.556,63.97
A0358,2025-05-09,4.2,32.24,59.91,91.17,0.556,64.25
A0358,2025-05-10,4.2,32.03,64.51,101.19,0.556,69.61
A0358,2025-05-11,4.2,20.18,48.18,79.81,0.556,52.57
A0358,2025-05-12,4.2,27.33,63.25,103.82,0.556,68.89
A0359,2025-04-29,178.8,8.58,18.12,29.14,0.909,29.39
A0359,2025-04-30,178.8,10.59,22.75,36.78,0.909,37.1
A0359,2025-05-01,178.8,7.09,15.62,25.45,0.909,25.68
A0359,2025-05-02,178.8,9.69,20.73,33.47,0.909,33.76
A0359,2025-05-03,178.8,9.87,22.5,37.06,0.909,37.39
A0359,2025-05-04,178.8,7.59,14.41,22.27,0.909,22.45
A0359,2025-05-05,178.8,8.64,15.42,23.23,0.909,23.41
A0359,2025-05-06,178.8,8.91,18.34,29.21,0.909,29.46
A0359,2025-05-07,178.8,7.48,19.17,32.66,0.909,32.96
A0359,2025-05-08,178.8,8.94,20.08,32.92,0.909,33.21
A0359,2025-05-09,178.8,9.3,20.98,34.45,0.909,34.76
A0359,2025-05-10,178.8,10.01,23.29,38.6,0.909,38.95
A0359,2025-05-11,178.8,6.73,13.63,21.59,0.909,21.77
A0359,2025-05-12,178.8,9.4,17.16,26.11,0.909,26.31
A0360,2025-04-29,6.7,38.24,54.93,80.12,0.556,58.43
A0360,2025-04-30,6.7,43.51,62.64,91.52,0.556,66.65
A0360,2025-05-01,6.7,32.6,48.48,72.46,0.556,51.81
A0360,2025-05-02,6.7,40.79,58.23,84.54,0.556,61.88
A0360,2025-05-03,6.7,40.94,59.56,87.65,0.556,63.46
A0360,2025-05-04,6.7,36.77,52.96,77.39,0.556,56.35
A0360,2025-05-05,6.7,34.98,51.28,75.88,0.556,54.7
A0360,2025-05-06,6.7,39.67,56.54,82.0,0.556,60.08
A0360,2025-05-07,6.7,35.39,50.79,74.04,0.556,54.02
A0360,2025-05-08,6.7,38.87,56.78,83.8,0.556,60.53
A0360,2025-05-09,6.7,39.04,56.49,82.83,0.556,60.15
A0360,2025-05-10,6.7,40.17,58.87,87.08,0.556,62.79
A0360,2025-05-11,6.7,32.81,47.47,69.6,0.556,50.55
A0360,2025-05-12,6.7,39.11,56.48,82.68,0.556,60.12
A0361,2025-04-29,12.8,53.52,80.88,112.93,0.909,113.65
A0361,2025-04-30,12.8,64.3,95.55,132.13,0.909,132.97
A0361,2025-05-01,12.8,47.47,70.73,97.96,0.909,98.58
A0361,2025-05-02,12.8,63.33,91.95,125.46,0.909,126.22
A0361,2025-05-03,12.8,65.4,96.38,132.66,0.909,133.48
A0361,2025-05-04,12.8,55.75,81.79,112.29,0.909,112.98
A0361,2025-05-05,12.8,51.15,76.61,106.42,0.909,107.09
A0361,2025-05-06,12.8,54.86,81.52,112.75,0.909,113.46
A0361,2025-05-07,12.8,52.56,80.38,112.96,0.909,113.7
A0361,2025-05-08,12.8,57.07,86.48,120.92,0.909,121.71
A0361,2025-05-09,12.8,58.75,87.66,121.52,0.909,122.29
A0361,2025-05-10,12.8,61.12,92.13,128.45,0.909,129.28
A0361,2025-05-11,12.8,47.13,70.5,97.87,0.909,98.49
A0361,2025-05-12,12.8,58.86,89.0,124.29,0.909,125.09
A0362,2025-04-29,24.4,6.3,11.32,18.21,0.909,18.36
A0362,2025-04-30,24.4,6.61,11.14,17.34,0.909,17.48
A0362,2025-05-01,24.4,5.69,9.16,13.91,0.909,14.02
A0362,2025-05-02,24.4,6.26,11.31,18.24,0.909,18.39
A0362,2025-05-03,24.4,7.08,11.69,18.0,0.909,18.14
A0362,2025-05-04,24.4,4.71,8.54,13.79,0.909,13.91
A0362,2025-05-05,24.4,5.79,9.94,15.62,0.909,15.75
A0362,2025-05-06,24.4,6.01,10.79,17.33,0.909,17.47
A0362,2025-05-07,24.4,6.67,11.37,17.82,0.909,17.96
A0362,2025-05-08,24.4,7.27,12.54,19.76,0.909,19.93
A0362,2025-05-09,24.4,7.58,13.21,20.93,0.909,21.11
A0362,2025-05-10,24.4,8.56,13.6,20.5,0.909,20.66
A0362,2025-05-11,24.4,5.47,9.46,14.92,0.909,15.04
A0362,2025-05-12,24.4,6.83,12.05,19.19,0.909,19.35
A0363,2025-04-29,5.0,98.97,140.5,199.07,0.556,148.63
A0363,2025-04-30,5.0,130.53,185.99,264.21,0.556,196.85
A0363,2025-05-01,5.0,77.51,111.5,159.44,0.556,118.16
A0363,2025-05-02,5.0,109.22,156.53,223.27,0.556,165.8
A0363,2025-05-03,5.0,110.1,158.85,227.61,0.556,168.4
A0363,2025-05-04,5.0,101.14,142.6,201.07,0.556,150.72
A0363,2025-05-05,5.0,88.49,125.24,177.07,0.556,132.43
A0363,2025-05-06,5.0,96.51,138.46,197.62,0.556,146.67
A0363,2025-05-07,5.0,100.09,144.48,207.08,0.556,153.17
A0363,2025-05-08,5.0,103.98,149.89,214.64,0.556,158.88
A0363,2025-05-09,5.0,108.92,155.03,220.05,0.556,164.06
A0363,2025-05-10,5.0,112.0,159.7,226.98,0.556,169.05
A0363,2025-05-11,5.0,88.79,125.38,176.99,0.556,132.55
A0363,2025-05-12,5.0,106.51,149.45,210.02,0.556,157.86
A0364,2025-04-29,293.6,1.63,5.91,10.92,0.909,11.04
A0364,2025-04-30,293.6,2.48,10.72,20.36,0.909,20.58
A0364,2025-05-01,293.6,1.86,4.86,8.38,0.909,8.46
A0364,2025-05-02,293.6,1.1,6.95,13.81,0.909,13.96
A0364,2025-05-03,293.6,1.6,7.78,15.0,0.909,15.17
A0364,2025-05-04,293.6,1.85,8.22,15.68,0.909,15.85
A0364,2025-05-05,293.6,2.27,6.24,10.89,0.909,10.99
A0364,2025-05-06,293.6,1.37,5.84,11.07,0.909,11.19
A0364,2025-05-07,293.6,1.61,5.77,10.64,0.909,10.75
A0364,2025-05-08,293.6,1.07,4.98,9.56,0.909,9.67
A0364,2025-05-09,293.6,0.51,5.09,10.46,0.909,10.58
A0364,2025-05-10,293.6,0.78,5.72,11.5,0.909,11.63
A0364,2025-05-11,293.6,1.67,5.47,9.93,0.909,10.03
A0364,2025-05-12,293.6,1.34,5.82,11.07,0.909,11.19
A0365,2025-04-29,4.2,53.5,82.59,114.09,0.556,86.97
A0365,2025-04-30,4.2,65.89,95.98,128.55,0.556,100.5
A0365,2025-05-01,4.2,46.83,73.31,101.97,0.556,77.29
A0365,2025-05-02,4.2,66.79,95.77,127.13,0.556,100.12
A0365,2025-05-03,4.2,66.32,102.35,141.36,0.556,107.77
A0365,2025-05-04,4.2,54.52,83.67,115.21,0.556,88.05
A0365,2025-05-05,4.2,52.84,86.58,123.11,0.556,91.65
A0365,2025-05-06,4.2,58.86,87.99,119.52,0.556,92.37
A0365,2025-05-07,4.2,59.22,84.73,112.35,0.556,88.56
A0365,2025-05-08,4.2,65.42,95.36,127.78,0.556,99.87
A0365,2025-05-09,4.2,69.6,98.33,129.43,0.556,102.65
A0365,2025-05-10,4.2,69.47,105.22,143.93,0.556,110.6
A0365,2025-05-11,4.2,48.84,75.38,104.12,0.556,79.37
A0365,2025-05-12,4.2,62.83,98.82,137.78,0.556,104.23
A0366,2025-04-29,376.0,2.3,6.63,11.43,0.909,11.53
A0366,2025-04-30,376.0,2.76,8.35,14.57,0.909,14.71
A0366,2025-05-01,376.0,2.14,5.35,8.92,0.909,9.01
A0366,2025-05-02,376.0,2.66,7.02,11.85,0.909,11.96
A0366,2025-05-03,376.0,2.65,7.3,12.47,0.909,12.59
A0366,2025-05-04,376.0,2.01,5.34,9.03,0.909,9.12
A0366,2025-05-05,376.0,2.26,5.74,9.6,0.909,9.69
A0366,2025-05-06,376.0,2.06,6.29,10.99,0.909,11.09
A0366,2025-05-07,376.0,2.59,7.17,12.26,0.909,12.38
A0366,2025-05-08,376.0,2.36,7.5,13.2,0.909,13.33
A0366,2025-05-09,376.0,2.79,7.97,13.72,0.909,13.85
A0366,2025-05-10,376.0,2.73,8.19,14.24,0.909,14.38
A0366,2025-05-11,376.0,2.1,5.49,9.25,0.909,9.34
A0366,2025-05-12,376.0,2.41,6.96,12.01,0.909,12.12
A0367,2025-04-29,367.4,14.12,37.02,70.08,0.909,70.83
A0367,2025-04-30,367.4,18.57,52.22,100.78,0.909,101.89
A0367,2025-05-01,367.4,8.8,30.28,61.27,0.909,61.97
A0367,2025-05-02,367.4,4.35,13.14,25.83,0.909,26.12
A0367,2025-05-03,367.4,5.46,15.15,29.14,0.909,29.46
A0367,2025-05-04,367.4,3.05,10.6,21.48,0.909,21.73
A0367,2025-05-05,367.4,4.01,11.97,23.48,0.909,23.74
A0367,2025-05-06,367.4,4.05,12.43,24.53,0.909,24.8
A0367,2025-05-07,367.4,5.47,16.65,32.8,0.909,33.16
A0367,2025-05-08,367.4,4.77,17.79,36.59,0.909,37.01
A0367,2025-05-09,367.4,6.95,19.54,37.71,0.909,38.13
A0367,2025-05-10,367.4,7.92,21.2,40.38,0.909,40.82
A0367,2025-05-11,367.4,4.7,13.01,25.0,0.909,25.27
A0367,2025-05-12,367.4,6.17,16.48,31.37,0.909,31.71
A0368,2025-04-29,302.6,56.31,82.2,105.24,0.909,105.76
A0368,2025-04-30,302.6,70.42,92.12,111.43,0.909,111.87
A0368,2025-05-01,302.6,49.72,73.46,94.58,0.909,95.06
A0368,2025-05-02,302.6,69.11,99.22,126.01,0.909,126.62
A0368,2025-05-03,302.6,70.35,105.5,136.78,0.909,137.49
A0368,2025-05-04,302.6,48.99,69.77,88.27,0.909,88.69
A0368,2025-05-05,302.6,54.53,82.35,107.1,0.909,107.66
A0368,2025-05-06,302.6,55.8,79.39,100.37,0.909,100.85
A0368,2025-05-07,302.6,58.21,82.65,104.4,0.909,104.9
A0368,2025-05-08,302.6,65.21,89.9,111.87,0.909,112.36
A0368,2025-05-09,302.6,72.54,103.91,131.83,0.909,132.46
A0368,2025-05-10,302.6,73.59,109.16,140.81,0.909,141.53
A0368,2025-05-11,302.6,45.35,64.96,82.4,0.909,82.8
A0368,2025-05-12,302.6,62.32,90.89,116.31,0.909,116.88
A0369,2025-04-29,5.3,37.03,53.82,75.22,0.556,56.79
A0369,2025-04-30,5.3,44.55,68.14,98.23,0.556,72.32
A0369,2025-05-01,5.3,30.34,41.91,56.65,0.556,43.96
A0369,2025-05-02,5.3,40.97,59.35,82.8,0.556,62.61
A0369,2025-05-03,5.3,41.37,58.89,81.23,0.556,61.99
A0369,2025-05-04,5.3,34.18,50.0,70.17,0.556,52.8
A0369,2025-05-05,5.3,33.8,48.86,68.06,0.556,51.52
A0369,2025-05-06,5.3,36.95,53.21,73.96,0.556,56.09
A0369,2025-05-07,5.3,36.43,53.48,75.21,0.556,56.5
A0369,2025-05-08,5.3,40.64,57.86,79.83,0.556,60.92
A0369,2025-05-09,5.3,42.33,61.04,84.89,0.556,64.35
A0369,2025-05-10,5.3,43.33,60.97,83.46,0.556,64.09
A0369,2025-05-11,5.3,31.14,44.0,60.41,0.556,46.28
A0369,2025-05-12,5.3,40.88,59.58,83.42,0.556,62.89
A0370,2025-04-29,327.1,41.31,54.33,73.05,0.909,73.47
A0370,2025-04-30,327.1,48.63,62.51,82.46,0.909,82.91
A0370,2025-05-01,327.1,32.57,42.81,57.53,0.909,57.87
A0370,2025-05-02,327.1,45.08,59.83,81.03,0.909,81.52
A0370,2025-05-03,327.1,46.9,62.0,83.71,0.909,84.21
A0370,2025-05-04,327.1,31.54,41.37,55.5,0.909,55.82
A0370,2025-05-05,327.1,34.49,46.12,62.82,0.909,63.2
A0370,2025-05-06,327.1,41.11,53.45,71.17,0.909,71.58
A0370,2025-05-07,327.1,46.14,60.03,80.0,0.909,80.45
A0370,2025-05-08,327.1,50.79,66.5,89.08,0.909,89.6
A0370,2025-05-09,327.1,53.29,70.4,94.99,0.909,95.55
A0370,2025-05-10,327.1,55.4,72.51,97.09,0.909,97.65
A0370,2025-05-11,327.1,34.27,44.63,59.52,0.909,59.86
A0370,2025-05-12,327.1,45.4,60.4,81.96,0.909,82.45
A0371,2025-04-29,8.4,64.05,90.54,123.71,0.556,95.15
A0371,2025-04-30,8.4,79.36,114.17,157.73,0.556,120.22
A0371,2025-05-01,8.4,50.6,76.28,108.43,0.556,80.75
A0371,2025-05-02,8.4,71.55,99.94,135.48,0.556,104.88
A0371,2025-05-03,8.4,71.98,100.93,137.17,0.556,105.97
A0371,2025-05-04,8.4,69.5,100.66,139.68,0.556,106.08
A0371,2025-05-05,8.4,57.6,82.17,112.93,0.556,86.44
A0371,2025-05-06,8.4,68.86,95.51,128.87,0.556,100.14
A0371,2025-05-07,8.4,68.6,93.59,124.87,0.556,97.94
A0371,2025-05-08,8.4,69.37,100.3,139.01,0.556,105.67
A0371,2025-05-09,8.4,70.05,98.67,134.49,0.556,103.64
A0371,2025-05-10,8.4,72.63,101.86,138.44,0.556,106.94
A0371,2025-05-11,8.4,58.81,84.64,116.98,0.556,89.13
A0371,2025-05-12,8.4,70.39,97.88,132.3,0.556,102.66
A0372,2025-04-29,6.8,69.54,99.72,138.09,0.556,105.05
A0372,2025-04-30,6.8,86.16,120.48,164.11,0.556,126.54
A0372,2025-05-01,6.8,56.73,83.69,117.97,0.556,88.45
A0372,2025-05-02,6.8,91.38,133.4,186.82,0.556,140.82
A0372,2025-05-03,6.8,97.03,138.13,190.4,0.556,145.39
A0372,2025-05-04,6.8,66.43,95.39,132.2,0.556,100.5
A0372,2025-05-05,6.8,67.81,98.65,137.85,0.556,104.09
A0372,2025-05-06,6.8,70.29,100.69,139.36,0.556,106.06
A0372,2025-05-07,6.8,76.0,105.38,142.74,0.556,110.57
A0372,2025-05-08,6.8,83.17,117.91,162.07,0.556,124.04
A0372,2025-05-09,6.8,98.49,140.96,194.95,0.556,148.45
A0372,2025-05-10,6.8,102.9,144.53,197.46,0.556,151.88
A0372,2025-05-11,6.8,58.33,84.97,118.85,0.556,89.68
A0372,2025-05-12,6.8,82.8,119.15,165.37,0.556,125.57
A0373,2025-04-29,392.1,5.38,11.7,18.9,0.909,19.07
A0373,2025-04-30,392.1,6.73,14.8,23.99,0.909,24.2
A0373,2025-05-01,392.1,5.77,11.17,17.32,0.909,17.46
A0373,2025-05-02,392.1,7.5,14.48,22.42,0.909,22.6
A0373,2025-05-03,392.1,7.84,15.44,24.08,0.909,24.28
A0373,2025-05-04,392.1,6.74,13.59,21.4,0.909,21.57
A0373,2025-05-05,392.1,7.04,12.97,19.71,0.909,19.87
A0373,2025-05-06,392.1,5.46,12.0,19.44,0.909,19.61
A0373,2025-05-07,392.1,5.77,11.66,18.37,0.909,18.52
A0373,2025-05-08,392.1,5.69,12.16,19.52,0.909,19.68
A0373,2025-05-09,392.1,6.82,13.02,20.07,0.909,20.23
A0373,2025-05-10,392.1,7.07,13.91,21.7,0.909,21.88
A0373,2025-05-11,392.1,5.69,11.22,17.52,0.909,17.66
A0373,2025-05-12,392.1,7.15,13.55,20.84,0.909,21.01
A0374,2025-04-29,12.9,127.82,184.13,247.59,0.909,249.04
A0374,2025-04-30,12.9,175.01,247.93,330.11,0.909,331.98
A0374,2025-05-01,12.9,111.38,162.66,220.45,0.909,221.77
A0374,2025-05-02,12.9,151.39,218.4,293.92,0.909,295.64
A0374,2025-05-03,12.9,155.23,224.79,303.19,0.909,304.97
A0374,2025-05-04,12.9,140.26,200.34,268.06,0.909,269.6
A0374,2025-05-05,12.9,122.44,177.88,240.35,0.909,241.77
A0374,2025-05-06,12.9,129.77,187.28,252.08,0.909,253.56
A0374,2025-05-07,12.9,127.51,182.65,244.8,0.909,246.21
A0374,2025-05-08,12.9,140.41,201.59,270.54,0.909,272.11
A0374,2025-05-09,12.9,146.87,213.28,288.12,0.909,289.82
A0374,2025-05-10,12.9,152.84,222.22,300.42,0.909,302.2
A0374,2025-05-11,12.9,114.76,166.04,223.83,0.909,225.14
A0374,2025-05-12,12.9,140.05,201.88,271.56,0.909,273.14
A0375,2025-04-29,324.3,9.74,20.86,37.3,0.909,37.68
A0375,2025-04-30,324.3,15.13,27.51,45.84,0.909,46.25
A0375,2025-05-01,324.3,10.97,18.38,29.34,0.909,29.59
A0375,2025-05-02,324.3,14.1,27.18,46.54,0.909,46.98
A0375,2025-05-03,324.3,15.38,27.98,46.63,0.909,47.05
A0375,2025-05-04,324.3,9.02,16.12,26.63,0.909,26.87
A0375,2025-05-05,324.3,11.79,19.56,31.05,0.909,31.31
A0375,2025-05-06,324.3,11.73,21.73,36.53,0.909,36.87
A0375,2025-05-07,324.3,12.12,25.7,45.79,0.909,46.25
A0375,2025-05-08,324.3,12.32,26.9,48.47,0.909,48.96
A0375,2025-05-09,324.3,13.09,30.4,55.99,0.909,56.57
A0375,2025-05-10,324.3,15.04,30.94,54.47,0.909,55.0
A0375,2025-05-11,324.3,9.14,17.31,29.39,0.909,29.66
A0375,2025-05-12,324.3,12.07,23.58,40.6,0.909,40.99
A0376,2025-04-29,422.6,18.57,28.67,41.61,0.909,41.9
A0376,2025-04-30,422.6,24.71,38.9,57.09,0.909,57.5
A0376,2025-05-01,422.6,16.79,25.27,36.14,0.909,36.38
A0376,2025-05-02,422.6,24.37,36.25,51.47,0.909,51.82
A0376,2025-05-03,422.6,25.26,38.72,55.98,0.909,56.37
A0376,2025-05-04,422.6,17.55,27.15,39.44,0.909,39.72
A0376,2025-05-05,422.6,57.02,86.88,125.15,0.909,126.02
A0376,2025-05-06,422.6,56.96,86.38,124.08,0.909,124.94
A0376,2025-05-07,422.6,57.28,87.12,125.37,0.909,126.24
A0376,2025-05-08,422.6,66.01,101.14,146.15,0.909,147.17
A0376,2025-05-09,422.6,71.33,106.48,151.53,0.909,152.55
A0376,2025-05-10,422.6,73.87,113.62,164.56,0.909,165.71
A0376,2025-05-11,422.6,12.23,20.34,30.73,0.909,30.97
A0376,2025-05-12,422.6,18.72,30.87,46.43,0.909,46.79
A0377,2025-04-29,8.1,30.77,42.74,58.06,0.556,44.87
A0377,2025-04-30,8.1,38.58,53.29,72.12,0.556,55.91
A0377,2025-05-01,8.1,25.29,35.58,48.75,0.556,37.41
A0377,2025-05-02,8.1,30.96,44.42,61.63,0.556,46.81
A0377,2025-05-03,8.1,33.12,46.97,64.71,0.556,49.44
A0377,2025-05-04,8.1,31.61,44.56,61.13,0.556,46.86
A0377,2025-05-05,8.1,27.42,39.03,53.9,0.556,41.1
A0377,2025-05-06,8.1,30.12,41.89,56.96,0.556,43.99
A0377,2025-05-07,8.1,28.33,40.84,56.85,0.556,43.07
A0377,2025-05-08,8.1,31.77,45.15,62.27,0.556,47.53
A0377,2025-05-09,8.1,30.44,44.11,61.61,0.556,46.54
A0377,2025-05-10,8.1,33.43,47.43,65.34,0.556,49.92
A0377,2025-05-11,8.1,28.49,40.24,55.27,0.556,42.33
A0377,2025-05-12,8.1,31.73,45.09,62.2,0.556,47.47
A0378,2025-04-29,4.1,7.39,25.09,51.92,0.556,28.82
A0378,2025-04-30,4.1,10.53,31.96,64.52,0.556,36.49
A0378,2025-05-01,4.1,6.73,23.41,48.78,0.556,26.93
A0378,2025-05-02,4.1,10.04,30.64,62.24,0.556,35.03
A0378,2025-05-03,4.1,10.49,31.53,63.46,0.556,35.97
A0378,2025-05-04,4.1,8.53,26.74,55.18,0.556,30.69
A0378,2025-05-05,4.1,8.44,26.71,54.87,0.556,30.62
A0378,2025-05-06,4.1,8.54,27.23,56.06,0.556,31.23
A0378,2025-05-07,4.1,8.51,27.2,55.94,0.556,31.19
A0378,2025-05-08,4.1,9.55,29.3,59.88,0.556,33.55
A0378,2025-05-09,4.1,10.36,31.07,63.54,0.556,35.58
A0378,2025-05-10,4.1,10.96,32.3,65.27,0.556,36.88
A0378,2025-05-11,4.1,7.41,24.06,50.1,0.556,27.67
A0378,2025-05-12,4.1,10.28,30.73,62.43,0.556,35.13
A0379,2025-04-29,6.7,0.0,5.71,20.31,0.556,7.74
A0379,2025-04-30,6.7,3.51,17.55,46.88,0.556,21.62
A0379,2025-05-01,6.7,4.21,20.76,54.05,0.556,25.39
A0379,2025-05-02,6.7,8.73,35.13,86.23,0.556,42.23
A0379,2025-05-03,6.7,11.6,44.59,106.05,0.556,53.13
A0379,2025-05-04,6.7,7.96,32.94,81.39,0.556,39.67
A0379,2025-05-05,6.7,10.08,40.29,96.8,0.556,48.14
A0379,2025-05-06,6.7,11.02,44.17,105.82,0.556,52.74
A0379,2025-05-07,6.7,12.68,49.9,117.48,0.556,59.28
A0379,2025-05-08,6.7,15.89,59.46,138.5,0.556,70.44
A0379,2025-05-09,6.7,18.43,67.2,156.16,0.556,79.56
A0379,2025-05-10,6.7,21.04,74.23,169.27,0.556,87.43
A0379,2025-05-11,6.7,11.54,43.49,102.86,0.556,51.74
A0379,2025-05-12,6.7,19.09,67.22,153.54,0.556,79.21
A0380,2025-04-29,7.0,47.73,71.23,97.94,0.556,74.94
A0380,2025-04-30,7.0,58.8,84.8,114.34,0.556,88.9
A0380,2025-05-01,7.0,40.3,60.21,82.83,0.556,63.35
A0380,2025-05-02,7.0,52.68,76.85,104.33,0.556,80.67
A0380,2025-05-03,7.0,54.7,77.31,103.0,0.556,80.88
A0380,2025-05-04,7.0,47.73,69.82,94.92,0.556,73.3
A0380,2025-05-05,7.0,43.32,65.45,90.61,0.556,68.95
A0380,2025-05-06,7.0,47.3,71.43,98.85,0.556,75.24
A0380,2025-05-07,7.0,47.43,68.44,92.31,0.556,71.75
A0380,2025-05-08,7.0,53.22,77.29,104.63,0.556,81.09
A0380,2025-05-09,7.0,55.06,79.39,107.05,0.556,83.23
A0380,2025-05-10,7.0,57.15,80.11,106.21,0.556,83.74
A0380,2025-05-11,7.0,42.93,63.5,86.88,0.556,66.75
A0380,2025-05-12,7.0,51.14,75.66,103.52,0.556,79.53
A0381,2025-04-29,4.4,68.74,96.95,131.68,0.556,101.78
A0381,2025-04-30,4.4,83.92,115.15,153.58,0.556,120.49
A0381,2025-05-01,4.4,55.49,77.8,105.26,0.556,81.62
A0381,2025-05-02,4.4,78.94,108.98,145.96,0.556,114.12
A0381,2025-05-03,4.4,80.16,111.68,150.47,0.556,117.06
A0381,2025-05-04,4.4,63.37,89.19,120.96,0.556,93.6
A0381,2025-05-05,4.4,61.9,87.68,119.41,0.556,92.09
A0381,2025-05-06,4.4,68.4,96.36,130.78,0.556,101.14
A0381,2025-05-07,4.4,75.33,102.59,136.14,0.556,107.25
A0381,2025-05-08,4.4,81.43,109.18,143.32,0.556,113.92
A0381,2025-05-09,4.4,87.59,117.99,155.41,0.556,123.19
A0381,2025-05-10,4.4,87.32,119.11,158.24,0.556,124.54
A0381,2025-05-11,4.4,59.43,83.41,112.93,0.556,87.51
A0381,2025-05-12,4.4,75.71,104.61,140.17,0.556,109.55
A0382,2025-04-29,7.2,91.53,124.13,164.48,0.556,129.74
A0382,2025-04-30,7.2,116.82,157.21,207.2,0.556,164.15
A0382,2025-05-01,7.2,73.52,98.34,129.06,0.556,102.61
A0382,2025-05-02,7.2,115.56,157.65,209.73,0.556,164.88
A0382,2025-05-03,7.2,111.07,153.93,206.98,0.556,161.3
A0382,2025-05-04,7.2,85.97,115.0,150.93,0.556,119.99
A0382,2025-05-05,7.2,82.65,111.37,146.92,0.556,116.31
A0382,2025-05-06,7.2,88.3,120.54,160.44,0.556,126.08
A0382,2025-05-07,7.2,94.93,127.96,168.83,0.556,133.63
A0382,2025-05-08,7.2,105.26,142.35,188.25,0.556,148.73
A0382,2025-05-09,7.2,122.42,165.75,219.37,0.556,173.2
A0382,2025-05-10,7.2,116.78,160.69,215.03,0.556,168.23
A0382,2025-05-11,7.2,75.89,101.43,133.04,0.556,105.82
A0382,2025-05-12,7.2,102.45,140.13,186.77,0.556,146.61
A0383,2025-04-29,164.8,4.1,8.92,15.13,0.909,15.27
A0383,2025-04-30,164.8,4.33,9.27,15.62,0.909,15.76
A0383,2025-05-01,164.8,3.86,7.71,12.66,0.909,12.77
A0383,2025-05-02,164.8,8.56,16.83,27.45,0.909,27.69
A0383,2025-05-03,164.8,8.99,18.23,30.1,0.909,30.36
A0383,2025-05-04,164.8,5.71,11.54,19.02,0.909,19.19
A0383,2025-05-05,164.8,6.82,13.8,22.76,0.909,22.96
A0383,2025-05-06,164.8,7.4,15.32,25.5,0.909,25.73
A0383,2025-05-07,164.8,3.59,7.88,13.38,0.909,13.51
A0383,2025-05-08,164.8,4.31,9.06,15.16,0.909,15.3
A0383,2025-05-09,164.8,4.03,9.25,15.95,0.909,16.1
A0383,2025-05-10,164.8,5.16,11.06,18.64,0.909,18.81
A0383,2025-05-11,164.8,2.83,6.46,11.13,0.909,11.24
A0383,2025-05-12,164.8,4.18,9.08,15.38,0.909,15.52
A0384,2025-04-29,392.2,23.7,35.78,47.82,0.909,48.1
A0384,2025-04-30,392.2,34.22,53.38,72.49,0.909,72.92
A0384,2025-05-01,392.2,19.81,30.58,41.32,0.909,41.56
A0384,2025-05-02,392.2,26.47,40.61,54.71,0.909,55.03
A0384,2025-05-03,392.2,27.27,42.9,58.5,0.909,58.85
A0384,2025-05-04,392.2,20.99,33.2,45.39,0.909,45.66
A0384,2025-05-05,392.2,20.09,30.91,41.7,0.909,41.95
A0384,2025-05-06,392.2,22.43,34.13,45.79,0.909,46.06
A0384,2025-05-07,392.2,23.93,36.29,48.61,0.909,48.89
A0384,2025-05-08,392.2,26.85,40.99,55.09,0.909,55.41
A0384,2025-05-09,392.2,28.27,42.6,56.88,0.909,57.21
A0384,2025-05-10,392.2,29.06,44.75,60.39,0.909,60.74
A0384,2025-05-11,392.2,18.43,27.6,36.74,0.909,36.95
A0384,2025-05-12,392.2,24.44,37.15,49.83,0.909,50.12
A0385,2025-04-29,381.4,3.7,9.0,17.75,0.909,17.95
A0385,2025-04-30,381.4,6.71,12.58,22.27,0.909,22.49
A0385,2025-05-01,381.4,3.15,7.14,13.74,0.909,13.89
A0385,2025-05-02,381.4,4.29,9.94,19.28,0.909,19.49
A0385,2025-05-03,381.4,4.41,10.3,20.04,0.909,20.26
A0385,2025-05-04,381.4,3.23,7.08,13.45,0.909,13.59
A0385,2025-05-05,381.4,3.67,7.61,14.11,0.909,14.26
A0385,2025-05-06,381.4,3.95,9.06,17.51,0.909,17.7
A0385,2025-05-07,381.4,6.26,11.61,20.46,0.909,20.66
A0385,2025-05-08,381.4,5.99,12.08,22.15,0.909,22.37
A0385,2025-05-09,381.4,5.71,12.74,24.37,0.909,24.63
A0385,2025-05-10,381.4,5.75,12.94,24.81,0.909,25.08
A0385,2025-05-11,381.4,3.89,8.11,15.08,0.909,15.24
A0385,2025-05-12,381.4,4.99,10.03,18.36,0.909,18.55
A0386,2025-04-29,318.8,5.54,12.69,22.53,0.909,22.76
A0386,2025-04-30,318.8,7.31,16.04,28.06,0.909,28.34
A0386,2025-05-01,318.8,5.13,11.0,19.09,0.909,19.28
A0386,2025-05-02,318.8,6.01,13.38,23.53,0.909,23.76
A0386,2025-05-03,318.8,6.74,14.31,24.74,0.909,24.98
A0386,2025-05-04,318.8,4.62,9.23,15.57,0.909,15.72
A0386,2025-05-05,318.8,5.4,11.0,18.72,0.909,18.9
A0386,2025-05-06,318.8,5.36,11.69,20.41,0.909,20.6
A0386,2025-05-07,318.8,5.91,15.41,28.5,0.909,28.8
A0386,2025-05-08,318.8,6.31,16.38,30.26,0.909,30.58
A0386,2025-05-09,318.8,6.58,16.74,30.73,0.909,31.05
A0386,2025-05-10,318.8,7.41,17.31,30.95,0.909,31.26
A0386,2025-05-11,318.8,5.05,10.37,17.69,0.909,17.86
A0386,2025-05-12,318.8,6.13,13.8,24.36,0.909,24.6
A0387,2025-04-29,29.5,1.86,6.62,13.2,0.909,13.35
A0387,2025-04-30,29.5,2.91,7.94,14.91,0.909,15.07
A0387,2025-05-01,29.5,2.49,5.59,9.88,0.909,9.97
A0387,2025-05-02,29.5,2.58,7.11,13.4,0.909,13.54
A0387,2025-05-03,29.5,3.11,7.6,13.83,0.909,13.98
A0387,2025-05-04,29.5,2.14,5.91,11.14,0.909,11.26
A0387,2025-05-05,29.5,2.84,6.41,11.35,0.909,11.46
A0387,2025-05-06,29.5,2.17,6.48,12.46,0.909,12.6
A0387,2025-05-07,29.5,1.64,6.81,13.97,0.909,14.13
A0387,2025-05-08,29.5,2.35,6.97,13.37,0.909,13.52
A0387,2025-05-09,29.5,2.4,7.71,15.08,0.909,15.25
A0387,2025-05-10,29.5,2.93,8.04,15.13,0.909,15.29
A0387,2025-05-11,29.5,1.82,5.63,10.91,0.909,11.03
A0387,2025-05-12,29.5,2.33,6.85,13.13,0.909,13.27
A0388,2025-04-29,415.5,5.65,11.85,18.92,0.909,19.08
A0388,2025-04-30,415.5,8.78,17.35,27.12,0.909,27.34
A0388,2025-05-01,415.5,5.34,11.08,17.63,0.909,17.78
A0388,2025-05-02,415.5,7.58,14.72,22.86,0.909,23.05
A0388,2025-05-03,415.5,7.99,15.52,24.11,0.909,24.3
A0388,2025-05-04,415.5,5.28,11.59,18.78,0.909,18.95
A0388,2025-05-05,415.5,6.2,12.04,18.7,0.909,18.85
A0388,2025-05-06,415.5,5.86,12.04,19.08,0.909,19.24
A0388,2025-05-07,415.5,5.17,11.38,18.45,0.909,18.61
A0388,2025-05-08,415.5,5.53,12.6,20.67,0.909,20.85
A0388,2025-05-09,415.5,5.98,13.08,21.17,0.909,21.36
A0388,2025-05-10,415.5,6.89,14.37,22.9,0.909,23.09
A0388,2025-05-11,415.5,4.08,9.39,15.45,0.909,15.59
A0388,2025-05-12,415.5,6.15,12.62,20.0,0.909,20.17
A0389,2025-04-29,7.9,60.31,88.13,123.01,0.556,92.98
A0389,2025-04-30,7.9,74.29,110.73,156.42,0.556,117.08
A0389,2025-05-01,7.9,52.29,77.44,108.96,0.556,81.82
A0389,2025-05-02,7.9,64.91,93.78,129.96,0.556,98.8
A0389,2025-05-03,7.9,67.29,96.33,132.72,0.556,101.38
A0389,2025-05-04,7.9,68.53,98.71,136.54,0.556,103.97
A0389,2025-05-05,7.9,57.43,82.39,113.67,0.556,86.73
A0389,2025-05-06,7.9,66.19,93.71,128.2,0.556,98.5
A0389,2025-05-07,7.9,67.72,95.23,129.71,0.556,100.02
A0389,2025-05-08,7.9,78.94,109.07,146.83,0.556,114.31
A0389,2025-05-09,7.9,74.66,104.29,141.43,0.556,109.45
A0389,2025-05-10,7.9,75.16,104.81,141.99,0.556,109.98
A0389,2025-05-11,7.9,60.72,85.71,117.03,0.556,90.06
A0389,2025-05-12,7.9,68.44,96.74,132.21,0.556,101.67
A0390,2025-04-29,174.3,6.04,10.73,16.87,0.909,17.01
A0390,2025-04-30,174.3,7.77,12.37,18.39,0.909,18.52
A0390,2025-05-01,174.3,4.91,8.73,13.73,0.909,13.84
A0390,2025-05-02,174.3,7.2,12.47,19.35,0.909,19.5
A0390,2025-05-03,174.3,6.92,12.11,18.9,0.909,19.05
A0390,2025-05-04,174.3,4.98,8.27,12.57,0.909,12.66
A0390,2025-05-05,174.3,5.4,9.56,15.0,0.909,15.12
A0390,2025-05-06,174.3,5.63,10.25,16.28,0.909,16.41
A0390,2025-05-07,174.3,6.08,10.44,16.13,0.909,16.26
A0390,2025-05-08,174.3,6.9,11.87,18.36,0.909,18.51
A0390,2025-05-09,174.3,7.87,13.16,20.07,0.909,20.23
A0390,2025-05-10,174.3,7.6,12.79,19.57,0.909,19.72
A0390,2025-05-11,174.3,4.79,7.91,11.99,0.909,12.09
A0390,2025-05-12,174.3,6.47,11.24,17.46,0.909,17.6
A0391,2025-04-29,292.2,10.68,23.47,39.36,0.909,39.72
A0391,2025-04-30,292.2,14.65,26.73,41.75,0.909,42.09
A0391,2025-05-01,292.2,10.12,19.39,30.9,0.909,31.16
A0391,2025-05-02,292.2,12.81,27.28,45.26,0.909,45.67
A0391,2025-05-03,292.2,13.46,27.45,44.82,0.909,45.22
A0391,2025-05-04,292.2,8.39,16.22,25.96,0.909,26.18
A0391,2025-05-05,292.2,10.36,20.5,33.1,0.909,33.39
A0391,2025-05-06,292.2,10.71,22.35,36.81,0.909,37.14
A0391,2025-05-07,292.2,11.72,28.02,48.29,0.909,48.75
A0391,2025-05-08,292.2,12.7,28.07,47.16,0.909,47.6
A0391,2025-05-09,292.2,13.92,32.87,56.41,0.909,56.95
A0391,2025-05-10,292.2,14.41,31.98,53.8,0.909,54.3
A0391,2025-05-11,292.2,8.74,18.84,31.37,0.909,31.66
A0391,2025-05-12,292.2,11.57,25.18,42.1,0.909,42.49
A0392,2025-04-29,3.4,48.91,76.01,109.82,0.556,80.7
A0392,2025-04-30,3.4,70.39,101.68,140.74,0.556,107.11
A0392,2025-05-01,3.4,44.7,71.64,105.27,0.556,76.31
A0392,2025-05-02,3.4,69.1,102.78,144.8,0.556,108.61
A0392,2025-05-03,3.4,68.63,104.53,149.34,0.556,110.76
A0392,2025-05-04,3.4,45.81,68.06,95.82,0.556,71.91
A0392,2025-05-05,3.4,49.34,75.67,108.54,0.556,80.24
A0392,2025-05-06,3.4,50.29,77.45,111.33,0.556,82.15
A0392,2025-05-07,3.4,43.91,68.76,99.77,0.556,73.06
A0392,2025-05-08,3.4,52.83,84.3,123.57,0.556,89.75
A0392,2025-05-09,3.4,62.64,95.54,136.61,0.556,101.25
A0392,2025-05-10,3.4,64.14,99.29,143.15,0.556,105.38
A0392,2025-05-11,3.4,34.46,53.34,76.89,0.556,56.61
A0392,2025-05-12,3.4,55.44,84.56,120.9,0.556,89.6
A0393,2025-04-29,4.4,57.11,85.93,120.11,0.556,90.68
A0393,2025-04-30,4.4,71.89,108.39,151.69,0.556,114.4
A0393,2025-05-01,4.4,46.2,67.17,92.05,0.556,70.62
A0393,2025-05-02,4.4,72.18,102.61,138.72,0.556,107.63
A0393,2025-05-03,4.4,69.91,103.23,142.76,0.556,108.72
A0393,2025-05-04,4.4,57.02,85.4,119.07,0.556,90.08
A0393,2025-05-05,4.4,54.96,81.19,112.31,0.556,85.51
A0393,2025-05-06,4.4,58.33,88.09,123.39,0.556,92.99
A0393,2025-05-07,4.4,64.82,91.85,123.91,0.556,96.3
A0393,2025-05-08,4.4,67.31,99.03,136.67,0.556,104.26
A0393,2025-05-09,4.4,77.43,107.96,144.18,0.556,112.99
A0393,2025-05-10,4.4,73.04,106.82,146.9,0.556,112.39
A0393,2025-05-11,4.4,51.73,77.32,107.69,0.556,81.54
A0393,2025-05-12,4.4,66.52,99.02,137.58,0.556,104.38
A0394,2025-04-29,3.5,44.9,64.72,92.0,0.556,68.51
A0394,2025-04-30,3.5,60.33,88.56,127.39,0.556,93.95
A0394,2025-05-01,3.5,35.29,52.34,75.8,0.556,55.6
A0394,2025-05-02,3.5,54.03,78.71,112.67,0.556,83.43
A0394,2025-05-03,3.5,54.37,79.6,114.3,0.556,84.42
A0394,2025-05-04,3.5,37.39,54.04,76.94,0.556,57.22
A0394,2025-05-05,3.5,40.94,59.06,84.0,0.556,62.53
A0394,2025-05-06,3.5,43.32,63.07,90.25,0.556,66.84
A0394,2025-05-07,3.5,45.54,64.85,91.41,0.556,68.54
A0394,2025-05-08,3.5,49.9,72.84,104.4,0.556,77.22
A0394,2025-05-09,3.5,56.98,81.46,115.13,0.556,86.14
A0394,2025-05-10,3.5,57.48,82.48,116.86,0.556,87.25
A0394,2025-05-11,3.5,32.67,46.14,64.68,0.556,48.72
A0394,2025-05-12,3.5,49.61,70.76,99.85,0.556,74.8
A0395,2025-04-29,2.4,34.87,55.08,82.45,0.556,58.88
A0395,2025-04-30,2.4,46.44,71.29,104.93,0.556,75.96
A0395,2025-05-01,2.4,33.64,51.18,74.92,0.556,54.48
A0395,2025-05-02,2.4,49.08,73.87,107.45,0.556,78.54
A0395,2025-05-03,2.4,49.08,74.62,109.2,0.556,79.42
A0395,2025-05-04,2.4,31.73,48.05,70.14,0.556,51.12
A0395,2025-05-05,2.4,36.78,56.08,82.23,0.556,59.71
A0395,2025-05-06,2.4,37.78,58.24,85.94,0.556,62.09
A0395,2025-05-07,2.4,51.13,78.55,115.67,0.556,83.7
A0395,2025-05-08,2.4,57.58,89.79,133.41,0.556,95.85
A0395,2025-05-09,2.4,61.98,98.18,147.21,0.556,104.99
A0395,2025-05-10,2.4,62.51,99.96,150.66,0.556,107.0
A0395,2025-05-11,2.4,38.07,58.95,87.22,0.556,62.88
A0395,2025-05-12,2.4,56.62,88.5,131.68,0.556,94.5
A0396,2025-04-29,5.5,100.28,143.93,201.8,0.556,151.96
A0396,2025-04-30,5.5,122.5,164.26,219.65,0.556,171.96
A0396,2025-05-01,5.5,88.88,144.31,217.81,0.556,154.52
A0396,2025-05-02,5.5,128.45,191.33,274.71,0.556,202.91
A0396,2025-05-03,5.5,124.97,182.9,259.71,0.556,193.56
A0396,2025-05-04,5.5,106.61,146.84,200.19,0.556,154.25
A0396,2025-05-05,5.5,102.53,156.0,226.89,0.556,165.85
A0396,2025-05-06,5.5,105.43,151.72,213.1,0.556,160.25
A0396,2025-05-07,5.5,161.98,215.08,285.49,0.556,224.86
A0396,2025-05-08,5.5,179.56,253.54,351.62,0.556,267.16
A0396,2025-05-09,5.5,196.21,279.45,389.82,0.556,294.78
A0396,2025-05-10,5.5,193.26,271.51,375.27,0.556,285.92
A0396,2025-05-11,5.5,74.41,118.06,175.94,0.556,126.1
A0396,2025-05-12,5.5,104.98,158.76,230.07,0.556,168.66
A0397,2025-04-29,417.0,13.71,25.4,39.3,0.909,39.62
A0397,2025-04-30,417.0,17.51,31.08,47.22,0.909,47.59
A0397,2025-05-01,417.0,11.69,20.4,30.77,0.909,31.01
A0397,2025-05-02,417.0,9.11,18.06,28.7,0.909,28.94
A0397,2025-05-03,417.0,9.84,20.02,32.12,0.909,32.4
A0397,2025-05-04,417.0,6.44,12.44,19.57,0.909,19.73
A0397,2025-05-05,417.0,7.94,14.98,23.35,0.909,23.55
A0397,2025-05-06,417.0,8.4,16.34,25.78,0.909,26.0
A0397,2025-05-07,417.0,8.33,17.74,28.93,0.909,29.18
A0397,2025-05-08,417.0,9.81,20.09,32.32,0.909,32.6
A0397,2025-05-09,417.0,9.75,20.19,32.59,0.909,32.88
A0397,2025-05-10,417.0,10.89,22.59,36.51,0.909,36.83
A0397,2025-05-11,417.0,18.39,32.47,49.21,0.909,49.59
A0397,2025-05-12,417.0,25.04,45.09,68.94,0.909,69.48
A0398,2025-04-29,4.8,44.59,63.42,86.38,0.556,66.61
A0398,2025-04-30,4.8,52.72,78.77,110.55,0.556,83.18
A0398,2025-05-01,4.8,35.75,50.3,68.04,0.556,52.76
A0398,2025-05-02,4.8,49.75,71.18,97.31,0.556,74.81
A0398,2025-05-03,4.8,50.77,72.29,98.54,0.556,75.94
A0398,2025-05-04,4.8,41.07,59.53,82.04,0.556,62.66
A0398,2025-05-05,4.8,41.2,58.79,80.24,0.556,61.77
A0398,2025-05-06,4.8,45.46,64.14,86.94,0.556,67.31
A0398,2025-05-07,4.8,46.48,65.94,89.67,0.556,69.23
A0398,2025-05-08,4.8,50.27,70.97,96.2,0.556,74.47
A0398,2025-05-09,4.8,52.74,74.56,101.17,0.556,78.26
A0398,2025-05-10,4.8,53.99,75.83,102.48,0.556,79.53
A0398,2025-05-11,4.8,38.74,54.58,73.88,0.556,57.26
A0398,2025-05-12,4.8,49.98,71.31,97.32,0.556,74.92
A0399,2025-04-29,5.3,28.36,40.01,58.77,0.556,42.61
A0399,2025-04-30,5.3,36.75,55.23,85.01,0.556,59.37
A0399,2025-05-01,5.3,24.9,35.61,52.86,0.556,38.01
A0399,2025-05-02,5.3,37.7,54.88,82.57,0.556,58.73
A0399,2025-05-03,5.3,36.45,52.03,77.12,0.556,55.51
A0399,2025-05-04,5.3,26.59,39.52,60.35,0.556,42.42
A0399,2025-05-05,5.3,27.84,39.48,58.24,0.556,42.09
A0399,2025-05-06,5.3,28.29,39.37,57.22,0.556,41.85
A0399,2025-05-07,5.3,30.95,43.85,64.64,0.556,46.74
A0399,2025-05-08,5.3,34.21,48.92,72.62,0.556,52.21
A0399,2025-05-09,5.3,40.23,57.92,86.42,0.556,61.88
A0399,2025-05-10,5.3,38.04,53.77,79.12,0.556,57.29
A0399,2025-05-11,5.3,24.35,34.59,51.07,0.556,36.88
A0399,2025-05-12,5.3,32.94,46.64,68.7,0.556,49.7
A0400,2025-04-29,7.0,13.43,40.26,80.66,0.556,45.87
A0400,2025-04-30,7.0,17.66,49.34,96.99,0.556,55.95
A0400,2025-05-01,7.0,11.95,36.07,72.88,0.556,41.18
A0400,2025-05-02,7.0,18.24,50.13,98.56,0.556,56.85
A0400,2025-05-03,7.0,18.84,51.17,99.84,0.556,57.93
A0400,2025-05-04,7.0,11.56,34.21,69.8,0.556,39.15
A0400,2025-05-05,7.0,14.55,41.07,82.01,0.556,46.75
A0400,2025-05-06,7.0,39.33,95.66,182.78,0.556,107.76
A0400,2025-05-07,7.0,41.72,100.26,191.97,0.556,113.0
A0400,2025-05-08,7.0,47.95,112.6,217.76,0.556,127.21
A0400,2025-05-09,7.0,16.54,46.16,93.72,0.556,52.77
A0400,2025-05-10,7.0,17.83,48.86,97.56,0.556,55.62
A0400,2025-05-11,7.0,10.45,31.43,65.27,0.556,36.13
A0400,2025-05-12,7.0,16.9,46.34,92.44,0.556,52.74
A0401,2025-04-29,5.0,35.16,54.22,77.34,0.556,57.43
A0401,2025-04-30,5.0,40.68,61.32,86.35,0.556,64.79
A0401,2025-05-01,5.0,28.54,44.2,63.21,0.556,46.84
A0401,2025-05-02,5.0,43.78,67.41,96.07,0.556,71.39
A0401,2025-05-03,5.0,44.35,66.5,93.37,0.556,70.23
A0401,2025-05-04,5.0,30.99,47.3,67.1,0.556,50.05
A0401,2025-05-05,5.0,33.76,51.07,72.06,0.556,53.98
A0401,2025-05-06,5.0,35.88,54.87,77.91,0.556,58.07
A0401,2025-05-07,5.0,36.13,55.23,78.4,0.556,58.45
A0401,2025-05-08,5.0,41.73,63.68,90.32,0.556,67.38
A0401,2025-05-09,5.0,47.22,72.32,102.77,0.556,76.55
A0401,2025-05-10,5.0,47.82,71.26,99.71,0.556,75.21
A0401,2025-05-11,5.0,29.6,46.03,65.97,0.556,48.8
A0401,2025-05-12,5.0,41.07,61.83,87.01,0.556,65.33
A0402,2025-04-29,2.4,25.91,68.06,131.9,0.556,76.92
A0402,2025-04-30,2.4,37.45,91.3,173.31,0.556,102.69
A0402,2025-05-01,2.4,22.83,59.96,116.61,0.556,67.83
A0402,2025-05-02,2.4,37.37,90.75,172.9,0.556,102.16
A0402,2025-05-03,2.4,38.26,92.23,174.18,0.556,103.61
A0402,2025-05-04,2.4,24.24,60.92,118.78,0.556,68.96
A0402,2025-05-05,2.4,27.72,69.5,134.08,0.556,78.47
A0402,2025-05-06,2.4,28.13,71.36,138.0,0.556,80.61
A0402,2025-05-07,2.4,29.25,74.17,142.85,0.556,83.71
A0402,2025-05-08,2.4,33.94,83.84,160.56,0.556,94.49
A0402,2025-05-09,2.4,39.01,94.14,180.36,0.556,106.11
A0402,2025-05-10,2.4,40.07,95.92,181.94,0.556,107.86
A0402,2025-05-11,2.4,21.05,54.28,106.75,0.556,61.56
A0402,2025-05-12,2.4,87.82,198.31,378.07,0.556,223.28
A0403,2025-04-29,5.3,82.49,117.09,165.96,0.556,123.88
A0403,2025-04-30,5.3,116.65,158.48,217.57,0.556,166.68
A0403,2025-05-01,5.3,67.61,95.3,134.42,0.556,100.74
A0403,2025-05-02,5.3,104.3,152.29,220.08,0.556,161.71
A0403,2025-05-03,5.3,103.42,150.35,216.63,0.556,159.55
A0403,2025-05-04,5.3,80.87,113.52,159.64,0.556,119.93
A0403,2025-05-05,5.3,73.89,105.64,150.49,0.556,111.87
A0403,2025-05-06,5.3,82.21,117.07,166.31,0.556,123.91
A0403,2025-05-07,5.3,86.58,122.55,173.36,0.556,129.61
A0403,2025-05-08,5.3,97.09,139.45,199.29,0.556,147.76
A0403,2025-05-09,5.3,107.83,156.46,225.15,0.556,166.0
A0403,2025-05-10,5.3,106.78,154.4,221.68,0.556,163.75
A0403,2025-05-11,5.3,66.24,96.59,139.46,0.556,102.55
A0403,2025-05-12,5.3,90.91,132.29,190.74,0.556,140.4
A0404,2025-04-29,162.6,14.18,22.39,32.3,0.909,32.53
A0404,2025-04-30,162.6,18.45,27.56,38.55,0.909,38.8
A0404,2025-05-01,162.6,11.31,18.35,26.86,0.909,27.05
A0404,2025-05-02,162.6,15.88,26.53,39.38,0.909,39.68
A0404,2025-05-03,162.6,15.26,25.53,37.93,0.909,38.21
A0404,2025-05-04,162.6,11.42,18.14,26.26,0.909,26.44
A0404,2025-05-05,162.6,12.57,20.39,29.83,0.909,30.04
A0404,2025-05-06,162.6,13.77,21.82,31.54,0.909,31.76
A0404,2025-05-07,162.6,13.14,21.2,30.92,0.909,31.15
A0404,2025-05-08,162.6,14.91,24.01,35.0,0.909,35.25
A0404,2025-05-09,162.6,16.01,26.72,39.65,0.909,39.94
A0404,2025-05-10,162.6,15.67,25.94,38.34,0.909,38.62
A0404,2025-05-11,162.6,10.25,16.39,23.81,0.909,23.98
A0404,2025-05-12,162.6,70.71,109.26,155.79,0.909,156.85
A0405,2025-04-29,377.5,7.08,10.41,13.7,0.909,13.77
A0405,2025-04-30,377.5,9.19,12.57,15.91,0.909,15.99
A0405,2025-05-01,377.5,5.9,8.93,11.91,0.909,11.98
A0405,2025-05-02,377.5,7.06,11.07,15.03,0.909,15.12
A0405,2025-05-03,377.5,7.77,10.98,14.14,0.909,14.21
A0405,2025-05-04,377.5,4.71,7.66,10.57,0.909,10.64
A0405,2025-05-05,377.5,5.42,8.24,11.03,0.909,11.09
A0405,2025-05-06,377.5,6.11,9.39,12.63,0.909,12.71
A0405,2025-05-07,377.5,7.3,10.19,13.04,0.909,13.11
A0405,2025-05-08,377.5,8.14,11.9,15.62,0.909,15.7
A0405,2025-05-09,377.5,8.51,12.54,16.51,0.909,16.6
A0405,2025-05-10,377.5,9.17,12.38,15.54,0.909,15.61
A0405,2025-05-11,377.5,5.41,8.11,10.77,0.909,10.83
A0405,2025-05-12,377.5,6.86,9.98,13.05,0.909,13.12
A0406,2025-04-29,5.0,60.66,84.68,113.52,0.556,88.68
A0406,2025-04-30,5.0,73.4,105.78,144.69,0.556,111.19
A0406,2025-05-01,5.0,48.64,68.46,92.28,0.556,71.77
A0406,2025-05-02,5.0,69.36,95.69,127.33,0.556,100.09
A0406,2025-05-03,5.0,70.51,98.87,132.95,0.556,103.6
A0406,2025-05-04,5.0,57.25,81.57,110.8,0.556,85.63
A0406,2025-05-05,5.0,53.41,76.68,104.64,0.556,80.56
A0406,2025-05-06,5.0,60.03,85.05,115.11,0.556,89.23
A0406,2025-05-07,5.0,64.14,87.46,115.48,0.556,91.35
A0406,2025-05-08,5.0,71.06,98.04,130.46,0.556,102.54
A0406,2025-05-09,5.0,76.06,102.17,133.53,0.556,106.53
A0406,2025-05-10,5.0,75.02,103.52,137.76,0.556,108.28
A0406,2025-05-11,5.0,52.9,74.6,100.67,0.556,78.22
A0406,2025-05-12,5.0,64.92,92.15,124.87,0.556,96.7
A0407,2025-04-29,335.6,30.07,45.0,65.04,0.909,65.49
A0407,2025-04-30,335.6,38.76,58.7,85.46,0.909,86.07
A0407,2025-05-01,335.6,24.7,37.12,53.77,0.909,54.15
A0407,2025-05-02,335.6,36.6,54.29,78.03,0.909,78.57
A0407,2025-05-03,335.6,36.68,54.5,78.41,0.909,78.95
A0407,2025-05-04,335.6,27.11,40.12,57.59,0.909,57.99
A0407,2025-05-05,335.6,29.52,43.52,62.3,0.909,62.72
A0407,2025-05-06,335.6,30.69,45.6,65.61,0.909,66.07
A0407,2025-05-07,335.6,31.9,47.15,67.61,0.909,68.08
A0407,2025-05-08,335.6,34.45,51.25,73.79,0.909,74.3
A0407,2025-05-09,335.6,37.82,55.28,78.72,0.909,79.25
A0407,2025-05-10,335.6,37.45,55.03,78.63,0.909,79.16
A0407,2025-05-11,335.6,23.99,35.18,50.19,0.909,50.53
A0407,2025-05-12,335.6,34.29,50.61,72.5,0.909,73.0
A0408,2025-04-29,29.9,6.3,11.79,19.44,0.909,19.62
A0408,2025-04-30,29.9,6.87,11.71,18.44,0.909,18.6
A0408,2025-05-01,29.9,5.35,9.39,15.02,0.909,15.15
A0408,2025-05-02,29.9,6.66,13.24,22.41,0.909,22.62
A0408,2025-05-03,29.9,6.37,12.65,21.39,0.909,21.59
A0408,2025-05-04,29.9,5.02,10.15,17.3,0.909,17.47
A0408,2025-05-05,29.9,5.58,10.28,16.83,0.909,16.98
A0408,2025-05-06,29.9,5.99,10.95,17.85,0.909,18.01
A0408,2025-05-07,29.9,6.59,12.75,21.33,0.909,21.53
A0408,2025-05-08,29.9,6.7,12.74,21.16,0.909,21.35
A0408,2025-05-09,29.9,7.46,15.42,26.5,0.909,26.75
A0408,2025-05-10,29.9,7.22,14.52,24.69,0.909,24.93
A0408,2025-05-11,29.9,5.4,11.27,19.44,0.909,19.63
A0408,2025-05-12,29.9,6.56,12.49,20.74,0.909,20.93
A0409,2025-04-29,14.2,36.58,53.82,81.19,0.909,81.81
A0409,2025-04-30,14.2,46.89,70.87,108.94,0.909,109.8
A0409,2025-05-01,14.2,33.26,49.09,74.24,0.909,74.81
A0409,2025-05-02,14.2,43.47,63.2,94.54,0.909,95.25
A0409,2025-05-03,14.2,46.81,67.51,100.38,0.909,101.12
A0409,2025-05-04,14.2,37.81,54.43,80.82,0.909,81.42
A0409,2025-05-05,14.2,36.41,52.84,78.92,0.909,79.52
A0409,2025-05-06,14.2,39.56,57.04,84.78,0.909,85.41
A0409,2025-05-07,14.2,34.56,52.89,81.98,0.909,82.65
A0409,2025-05-08,14.2,39.11,58.27,88.71,0.909,89.4
A0409,2025-05-09,14.2,39.28,58.94,90.15,0.909,90.86
A0409,2025-05-10,14.2,43.9,64.61,97.5,0.909,98.25
A0409,2025-05-11,14.2,31.78,46.54,69.97,0.909,70.5
A0409,2025-05-12,14.2,39.5,57.58,86.29,0.909,86.95
A0410,2025-04-29,3.0,48.87,68.03,93.56,0.556,71.58
A0410,2025-04-30,3.0,66.36,89.52,120.38,0.556,93.81
A0410,2025-05-01,3.0,37.71,54.21,76.18,0.556,57.26
A0410,2025-05-02,3.0,59.95,84.59,117.42,0.556,89.15
A0410,2025-05-03,3.0,59.74,84.08,116.5,0.556,88.58
A0410,2025-05-04,3.0,40.64,55.91,76.25,0.556,58.73
A0410,2025-05-05,3.0,42.74,60.58,84.35,0.556,63.88
A0410,2025-05-06,3.0,45.6,64.79,90.36,0.556,68.34
A0410,2025-05-07,3.0,49.5,69.23,95.5,0.556,72.88
A0410,2025-05-08,3.0,55.25,77.2,106.43,0.556,81.26
A0410,2025-05-09,3.0,64.9,89.38,121.99,0.556,93.91
A0410,2025-05-10,3.0,64.21,88.39,120.62,0.556,92.87
A0410,2025-05-11,3.0,36.06,50.03,68.65,0.556,52.62
A0410,2025-05-12,3.0,103.51,145.83,202.21,0.556,153.66
A0411,2025-04-29,423.3,14.77,28.6,47.13,0.909,47.55
A0411,2025-04-30,423.3,18.87,34.67,55.83,0.909,56.32
A0411,2025-05-01,423.3,11.14,20.49,33.03,0.909,33.31
A0411,2025-05-02,423.3,17.96,33.85,55.14,0.909,55.62
A0411,2025-05-03,423.3,7.46,15.4,26.06,0.909,26.3
A0411,2025-05-04,423.3,4.77,10.31,17.74,0.909,17.91
A0411,2025-05-05,423.3,5.73,11.27,18.7,0.909,18.87
A0411,2025-05-06,423.3,6.24,13.25,22.65,0.909,22.87
A0411,2025-05-07,423.3,7.16,15.41,26.46,0.909,26.72
A0411,2025-05-08,423.3,7.94,18.08,31.67,0.909,31.97
A0411,2025-05-09,423.3,8.98,20.42,35.75,0.909,36.1
A0411,2025-05-10,423.3,9.61,19.72,33.27,0.909,33.58
A0411,2025-05-11,423.3,5.93,12.2,20.61,0.909,20.8
A0411,2025-05-12,423.3,7.49,15.56,26.37,0.909,26.62
A0412,2025-04-29,6.1,43.48,83.19,131.48,0.556,89.89
A0412,2025-04-30,6.1,52.06,102.95,164.84,0.556,111.54
A0412,2025-05-01,6.1,36.61,78.99,130.53,0.556,86.15
A0412,2025-05-02,6.1,28.38,55.71,88.95,0.556,60.33
A0412,2025-05-03,6.1,28.75,52.89,82.24,0.556,56.96
A0412,2025-05-04,6.1,21.0,39.49,61.98,0.556,42.61
A0412,2025-05-05,6.1,24.38,45.78,71.81,0.556,49.39
A0412,2025-05-06,6.1,24.6,45.79,71.55,0.556,49.36
A0412,2025-05-07,6.1,24.25,45.07,70.38,0.556,48.58
A0412,2025-05-08,6.1,26.97,55.61,90.43,0.556,60.44
A0412,2025-05-09,6.1,32.03,62.93,100.52,0.556,68.15
A0412,2025-05-10,6.1,31.85,58.73,91.42,0.556,63.27
A0412,2025-05-11,6.1,19.54,36.05,56.15,0.556,38.85
A0412,2025-05-12,6.1,29.11,53.31,82.75,0.556,57.4
A0413,2025-04-29,25.3,14.53,24.61,36.19,0.909,36.45
A0413,2025-04-30,25.3,17.84,27.64,38.89,0.909,39.15
A0413,2025-05-01,25.3,12.15,20.8,30.74,0.909,30.97
A0413,2025-05-02,25.3,14.89,25.16,36.97,0.909,37.24
A0413,2025-05-03,25.3,15.03,25.65,37.85,0.909,38.12
A0413,2025-05-04,25.3,10.91,18.76,27.78,0.909,27.99
A0413,2025-05-05,25.3,12.27,21.66,32.44,0.909,32.69
A0413,2025-05-06,25.3,13.34,22.72,33.5,0.909,33.74
A0413,2025-05-07,25.3,15.09,25.77,38.05,0.909,38.33
A0413,2025-05-08,25.3,16.46,28.39,42.1,0.909,42.41
A0413,2025-05-09,25.3,17.97,31.51,47.06,0.909,47.41
A0413,2025-05-10,25.3,18.06,31.57,47.1,0.909,47.46
A0413,2025-05-11,25.3,12.26,21.74,32.63,0.909,32.88
A0413,2025-05-12,25.3,15.13,26.58,39.75,0.909,40.04
A0414,2025-04-29,5.8,22.0,45.68,72.54,0.556,49.41
A0414,2025-04-30,5.8,29.65,50.0,73.09,0.556,53.21
A0414,2025-05-01,5.8,19.4,42.59,68.89,0.556,46.24
A0414,2025-05-02,5.8,30.42,53.77,80.24,0.556,57.44
A0414,2025-05-03,5.8,30.4,53.03,78.68,0.556,56.59
A0414,2025-05-04,5.8,20.76,36.97,55.35,0.556,39.52
A0414,2025-05-05,5.8,23.11,45.3,70.46,0.556,48.79
A0414,2025-05-06,5.8,23.15,50.81,82.17,0.556,55.16
A0414,2025-05-07,5.8,24.29,42.93,64.08,0.556,45.87
A0414,2025-05-08,5.8,26.07,51.59,80.53,0.556,55.6
A0414,2025-05-09,5.8,30.13,56.18,85.74,0.556,60.29
A0414,2025-05-10,5.8,30.1,56.04,85.47,0.556,60.13
A0414,2025-05-11,5.8,17.31,39.05,63.71,0.556,42.48
A0414,2025-05-12,5.8,26.08,49.22,75.47,0.556,52.87
A0415,2025-04-29,4.5,38.95,56.62,79.08,0.556,59.74
A0415,2025-04-30,4.5,45.67,66.6,93.2,0.556,70.29
A0415,2025-05-01,4.5,34.62,51.64,73.27,0.556,54.65
A0415,2025-05-02,4.5,46.41,66.76,92.63,0.556,70.36
A0415,2025-05-03,4.5,47.04,66.53,91.31,0.556,69.97
A0415,2025-05-04,4.5,36.97,53.34,74.16,0.556,56.23
A0415,2025-05-05,4.5,39.33,58.03,81.79,0.556,61.33
A0415,2025-05-06,4.5,41.0,58.74,81.3,0.556,61.87
A0415,2025-05-07,4.5,42.15,60.06,82.82,0.556,63.22
A0415,2025-05-08,4.5,46.99,66.17,90.56,0.556,69.56
A0415,2025-05-09,4.5,49.6,70.26,96.52,0.556,73.9
A0415,2025-05-10,4.5,50.36,70.16,95.34,0.556,73.66
A0415,2025-05-11,4.5,34.55,49.95,69.53,0.556,52.67
A0415,2025-05-12,4.5,46.14,66.06,91.39,0.556,69.58
A0416,2025-04-29,7.0,194.14,231.05,268.39,0.556,236.24
A0416,2025-04-30,7.0,225.54,261.36,297.6,0.556,266.39
A0416,2025-05-01,7.0,162.52,200.89,239.7,0.556,206.28
A0416,2025-05-02,7.0,202.13,237.12,272.52,0.556,242.04
A0416,2025-05-03,7.0,211.58,257.91,304.78,0.556,264.42
A0416,2025-05-04,7.0,186.57,219.14,252.09,0.556,223.72
A0416,2025-05-05,7.0,172.09,212.06,252.5,0.556,217.68
A0416,2025-05-06,7.0,185.62,222.21,259.23,0.556,227.35
A0416,2025-05-07,7.0,190.69,226.29,262.29,0.556,231.29
A0416,2025-05-08,7.0,213.01,250.69,288.79,0.556,255.98
A0416,2025-05-09,7.0,217.95,252.25,286.95,0.556,257.07
A0416,2025-05-10,7.0,223.6,268.9,314.72,0.556,275.27
A0416,2025-05-11,7.0,171.12,202.68,234.6,0.556,207.11
A0416,2025-05-12,7.0,200.44,240.06,280.14,0.556,245.63
A0417,2025-04-29,5.8,71.85,105.33,149.01,0.556,111.39
A0417,2025-04-30,5.8,83.42,119.13,165.74,0.556,125.6
A0417,2025-05-01,5.8,59.06,85.96,121.07,0.556,90.84
A0417,2025-05-02,5.8,91.31,133.52,188.62,0.556,141.18
A0417,2025-05-03,5.8,90.09,131.48,185.52,0.556,138.99
A0417,2025-05-04,5.8,66.83,94.74,131.17,0.556,99.8
A0417,2025-05-05,5.8,69.31,100.7,141.68,0.556,106.39
A0417,2025-05-06,5.8,74.01,106.12,148.04,0.556,111.94
A0417,2025-05-07,5.8,70.67,104.24,148.05,0.556,110.32
A0417,2025-05-08,5.8,80.92,117.8,165.93,0.556,124.48
A0417,2025-05-09,5.8,92.84,138.05,197.06,0.556,146.25
A0417,2025-05-10,5.8,92.1,135.68,192.55,0.556,143.58
A0417,2025-05-11,5.8,57.48,84.19,119.06,0.556,89.04
A0417,2025-05-12,5.8,82.18,120.95,171.55,0.556,127.97
A0418,2025-04-29,4.4,121.21,165.28,215.36,0.556,172.23
A0418,2025-04-30,4.4,140.75,187.98,241.65,0.556,195.43
A0418,2025-05-01,4.4,89.75,123.32,161.47,0.556,128.62
A0418,2025-05-02,4.4,135.0,182.7,236.9,0.556,190.23
A0418,2025-05-03,4.4,134.9,182.97,237.61,0.556,190.56
A0418,2025-05-04,4.4,114.94,153.1,196.46,0.556,159.12
A0418,2025-05-05,4.4,107.85,146.22,189.84,0.556,152.28
A0418,2025-05-06,4.4,123.69,167.01,216.24,0.556,173.85
A0418,2025-05-07,4.4,125.17,168.02,216.72,0.556,174.78
A0418,2025-05-08,4.4,131.48,173.84,221.98,0.556,180.52
A0418,2025-05-09,4.4,146.28,194.87,250.1,0.556,202.54
A0418,2025-05-10,4.4,146.54,195.18,250.45,0.556,202.85
A0418,2025-05-11,4.4,103.73,139.31,179.74,0.556,144.92
A0418,2025-05-12,4.4,131.54,175.99,226.49,0.556,183.0
A0419,2025-04-29,35.9,6.38,11.61,19.85,0.909,20.03
A0419,2025-04-30,35.9,7.16,12.5,20.91,0.909,21.1
A0419,2025-05-01,35.9,5.44,9.95,17.04,0.909,17.21
A0419,2025-05-02,35.9,6.48,11.46,19.29,0.909,19.47
A0419,2025-05-03,35.9,6.46,11.64,19.8,0.909,19.98
A0419,2025-05-04,35.9,4.52,9.45,17.2,0.909,17.38
A0419,2025-05-05,35.9,5.3,10.41,18.48,0.909,18.66
A0419,2025-05-06,35.9,5.92,10.79,18.48,0.909,18.65
A0419,2025-05-07,35.9,7.11,13.45,23.43,0.909,23.66
A0419,2025-05-08,35.9,7.69,14.64,25.6,0.909,25.85
A0419,2025-05-09,35.9,8.15,14.98,25.73,0.909,25.98
A0419,2025-05-10,35.9,7.99,14.85,25.68,0.909,25.92
A0419,2025-05-11,35.9,5.34,11.81,22.01,0.909,22.25
A0419,2025-05-12,35.9,6.68,13.31,23.76,0.909,23.99
A0420,2025-04-29,211.2,15.39,23.56,34.17,0.909,34.41
A0420,2025-04-30,211.2,18.25,27.87,40.36,0.909,40.64
A0420,2025-05-01,211.2,6.7,11.64,18.07,0.909,18.21
A0420,2025-05-02,211.2,10.65,19.06,29.99,0.909,30.24
A0420,2025-05-03,211.2,11.15,19.2,29.66,0.909,29.9
A0420,2025-05-04,211.2,7.09,11.99,18.35,0.909,18.49
A0420,2025-05-05,211.2,9.03,14.9,22.51,0.909,22.69
A0420,2025-05-06,211.2,9.64,16.15,24.61,0.909,24.8
A0420,2025-05-07,211.2,9.89,16.8,25.77,0.909,25.98
A0420,2025-05-08,211.2,10.54,17.37,26.25,0.909,26.45
A0420,2025-05-09,211.2,12.06,20.52,31.5,0.909,31.75
A0420,2025-05-10,211.2,12.86,20.93,31.4,0.909,31.64
A0420,2025-05-11,211.2,9.29,14.12,20.4,0.909,20.54
A0420,2025-05-12,211.2,13.39,20.73,30.25,0.909,30.47
A0421,2025-04-29,6.0,59.46,86.2,114.19,0.556,90.09
A0421,2025-04-30,6.0,72.12,103.48,136.3,0.556,108.03
A0421,2025-05-01,6.0,48.85,71.48,95.17,0.556,74.77
A0421,2025-05-02,6.0,67.48,98.38,130.72,0.556,102.87
A0421,2025-05-03,6.0,68.69,99.74,132.24,0.556,104.25
A0421,2025-05-04,6.0,60.99,87.95,116.16,0.556,91.86
A0421,2025-05-05,6.0,59.39,84.75,111.3,0.556,88.44
A0421,2025-05-06,6.0,60.2,86.68,114.41,0.556,90.53
A0421,2025-05-07,6.0,63.86,91.75,120.94,0.556,95.8
A0421,2025-05-08,6.0,67.33,96.01,126.04,0.556,100.18
A0421,2025-05-09,6.0,72.56,103.74,136.38,0.556,108.27
A0421,2025-05-10,6.0,73.58,104.8,137.48,0.556,109.34
A0421,2025-05-11,6.0,54.44,79.6,105.94,0.556,83.26
A0421,2025-05-12,6.0,68.71,97.51,127.66,0.556,101.7
A0422,2025-04-29,4.5,10.14,32.81,66.85,0.556,37.54
A0422,2025-04-30,4.5,13.33,39.96,79.86,0.556,45.5
A0422,2025-05-01,4.5,9.03,29.81,61.27,0.556,34.18
A0422,2025-05-02,4.5,13.79,40.52,80.91,0.556,46.13
A0422,2025-05-03,4.5,14.25,41.34,81.94,0.556,46.98
A0422,2025-05-04,4.5,9.64,30.44,62.62,0.556,34.91
A0422,2025-05-05,4.5,11.33,34.29,69.46,0.556,39.17
A0422,2025-05-06,4.5,11.69,35.4,71.74,0.556,40.45
A0422,2025-05-07,4.5,12.28,36.81,74.26,0.556,42.01
A0422,2025-05-08,4.5,13.79,39.97,80.02,0.556,45.53
A0422,2025-05-09,4.5,15.26,43.27,86.48,0.556,49.27
A0422,2025-05-10,4.5,15.76,44.21,87.6,0.556,50.24
A0422,2025-05-11,4.5,9.53,29.78,61.41,0.556,34.18
A0422,2025-05-12,4.5,14.22,40.64,81.27,0.556,46.28
A0423,2025-04-29,2.5,9.2,14.92,21.89,0.556,15.89
A0423,2025-04-30,2.5,11.97,19.82,29.37,0.556,21.15
A0423,2025-05-01,2.5,8.42,14.47,21.84,0.556,15.5
A0423,2025-05-02,2.5,12.95,20.92,30.63,0.556,22.27
A0423,2025-05-03,2.5,12.61,20.39,29.85,0.556,21.7
A0423,2025-05-04,2.5,8.85,14.12,20.54,0.556,15.01
A0423,2025-05-05,2.5,10.46,16.96,24.88,0.556,18.06
A0423,2025-05-06,2.5,10.14,16.01,23.16,0.556,17.0
A0423,2025-05-07,2.5,10.29,16.18,23.37,0.556,17.18
A0423,2025-05-08,2.5,11.47,18.38,26.8,0.556,19.55
A0423,2025-05-09,2.5,13.2,20.96,30.4,0.556,22.27
A0423,2025-05-10,2.5,12.79,20.43,29.72,0.556,21.72
A0423,2025-05-11,2.5,7.65,12.27,17.88,0.556,13.05
A0423,2025-05-12,2.5,11.46,18.4,26.85,0.556,19.58
A0424,2025-04-29,6.0,103.55,144.8,194.3,0.556,151.68
A0424,2025-04-30,6.0,122.79,169.19,224.87,0.556,176.93
A0424,2025-05-01,6.0,80.55,110.43,146.28,0.556,115.41
A0424,2025-05-02,6.0,116.55,162.25,217.09,0.556,169.87
A0424,2025-05-03,6.0,118.93,165.36,221.07,0.556,173.1
A0424,2025-05-04,6.0,98.44,136.91,183.06,0.556,143.32
A0424,2025-05-05,6.0,95.1,131.78,175.78,0.556,137.89
A0424,2025-05-06,6.0,102.51,144.1,193.99,0.556,151.02
A0424,2025-05-07,6.0,98.44,136.43,182.01,0.556,142.76
A0424,2025-05-08,6.0,105.97,144.0,189.63,0.556,150.33
A0424,2025-05-09,6.0,118.57,164.07,218.65,0.556,171.65
A0424,2025-05-10,6.0,121.45,167.8,223.42,0.556,175.53
A0424,2025-05-11,6.0,88.5,123.55,165.61,0.556,129.39
A0424,2025-05-12,6.0,110.18,151.62,201.33,0.556,158.52
A0425,2025-04-29,5.5,23.78,38.34,59.07,0.556,41.22
A0425,2025-04-30,5.5,30.67,48.96,74.98,0.556,52.57
A0425,2025-05-01,5.5,17.64,29.13,45.49,0.556,31.41
A0425,2025-05-02,5.5,29.1,49.17,77.74,0.556,53.14
A0425,2025-05-03,5.5,31.17,49.27,75.02,0.556,52.84
A0425,2025-05-04,5.5,21.2,33.93,52.05,0.556,36.45
A0425,2025-05-05,5.5,23.01,36.03,54.56,0.556,38.61
A0425,2025-05-06,5.5,24.91,39.11,59.31,0.556,41.92
A0425,2025-05-07,5.5,24.49,39.63,61.18,0.556,42.63
A0425,2025-05-08,5.5,26.85,44.42,69.4,0.556,47.89
A0425,2025-05-09,5.5,31.28,52.46,82.58,0.556,56.64
A0425,2025-05-10,5.5,33.42,52.32,79.21,0.556,56.06
A0425,2025-05-11,5.5,19.75,31.37,47.9,0.556,33.67
A0425,2025-05-12,5.5,28.58,44.94,68.22,0.556,48.17
A0426,2025-04-29,376.1,4.79,11.5,22.64,0.909,22.89
A0426,2025-04-30,376.1,5.89,11.91,21.88,0.909,22.11
A0426,2025-05-01,376.1,4.28,8.91,16.59,0.909,16.76
A0426,2025-05-02,376.1,5.52,11.69,21.91,0.909,22.14
A0426,2025-05-03,376.1,5.36,12.58,24.53,0.909,24.8
A0426,2025-05-04,376.1,3.73,7.89,14.79,0.909,14.95
A0426,2025-05-05,376.1,4.7,10.24,19.41,0.909,19.62
A0426,2025-05-06,376.1,4.46,10.96,21.74,0.909,21.99
A0426,2025-05-07,376.1,5.04,12.66,25.29,0.909,25.57
A0426,2025-05-08,376.1,5.3,13.91,28.18,0.909,28.51
A0426,2025-05-09,376.1,6.19,14.75,28.95,0.909,29.28
A0426,2025-05-10,376.1,5.99,15.78,32.02,0.909,32.39
A0426,2025-05-11,376.1,3.87,10.02,20.21,0.909,20.44
A0426,2025-05-12,376.1,5.15,13.05,26.14,0.909,26.44
A0427,2025-04-29,147.2,8.15,14.42,22.09,0.909,22.26
A0427,2025-04-30,147.2,9.13,16.37,25.23,0.909,25.43
A0427,2025-05-01,147.2,6.82,11.14,16.43,0.909,16.55
A0427,2025-05-02,147.2,9.7,16.87,25.66,0.909,25.86
A0427,2025-05-03,147.2,10.42,17.49,26.15,0.909,26.34
A0427,2025-05-04,147.2,6.71,11.53,17.43,0.909,17.56
A0427,2025-05-05,147.2,8.11,13.27,19.59,0.909,19.74
A0427,2025-05-06,147.2,8.08,14.22,21.74,0.909,21.91
A0427,2025-05-07,147.2,7.9,14.05,21.59,0.909,21.76
A0427,2025-05-08,147.2,9.14,15.14,22.5,0.909,22.67
A0427,2025-05-09,147.2,10.2,17.3,25.99,0.909,26.18
A0427,2025-05-10,147.2,11.02,17.97,26.48,0.909,26.67
A0427,2025-05-11,147.2,6.34,10.58,15.78,0.909,15.9
A0427,2025-05-12,147.2,9.16,15.3,22.83,0.909,23.0
A0428,2025-04-29,322.1,10.04,16.81,24.74,0.909,24.92
A0428,2025-04-30,322.1,11.29,20.23,30.7,0.909,30.94
A0428,2025-05-01,322.1,8.85,14.66,21.46,0.909,21.62
A0428,2025-05-02,322.1,11.89,19.97,29.43,0.909,29.65
A0428,2025-05-03,322.1,11.94,20.18,29.83,0.909,30.05
A0428,2025-05-04,322.1,8.53,14.83,22.21,0.909,22.37
A0428,2025-05-05,322.1,9.63,15.85,23.14,0.909,23.3
A0428,2025-05-06,322.1,10.04,16.81,24.74,0.909,24.92
A0428,2025-05-07,322.1,10.02,16.17,23.39,0.909,23.55
A0428,2025-05-08,322.1,11.96,19.71,28.78,0.909,28.99
A0428,2025-05-09,322.1,11.99,20.0,29.39,0.909,29.6
A0428,2025-05-10,322.1,12.39,20.56,30.13,0.909,30.34
A0428,2025-05-11,322.1,7.95,13.12,19.16,0.909,19.3
A0428,2025-05-12,322.1,11.27,18.48,26.92,0.909,27.11
A0429,2025-04-29,6.3,2.3,15.79,40.7,0.556,19.25
A0429,2025-04-30,6.3,4.71,23.52,56.18,0.556,28.06
A0429,2025-05-01,6.3,3.84,20.86,50.31,0.556,24.95
A0429,2025-05-02,6.3,6.36,29.18,68.05,0.556,34.58
A0429,2025-05-03,6.3,7.62,33.14,75.42,0.556,39.01
A0429,2025-05-04,6.3,5.22,24.72,58.74,0.556,29.45
A0429,2025-05-05,6.3,6.69,29.38,67.94,0.556,34.74
A0429,2025-05-06,6.3,7.31,31.39,72.4,0.556,37.09
A0429,2025-05-07,6.3,8.16,34.06,77.45,0.556,40.09
A0429,2025-05-08,6.3,10.1,39.14,87.97,0.556,45.92
A0429,2025-05-09,6.3,11.04,42.17,94.95,0.556,49.5
A0429,2025-05-10,6.3,12.25,45.13,99.69,0.556,52.71
A0429,2025-05-11,6.3,7.23,28.99,66.82,0.556,34.24
A0429,2025-05-12,6.3,11.35,41.43,92.1,0.556,48.47
A0430,2025-04-29,6.1,15.74,25.48,38.55,0.556,27.3
A0430,2025-04-30,6.1,20.02,33.59,51.78,0.556,36.11
A0430,2025-05-01,6.1,14.45,23.27,35.09,0.556,24.91
A0430,2025-05-02,6.1,19.33,31.49,47.8,0.556,33.76
A0430,2025-05-03,6.1,19.64,31.81,48.14,0.556,34.08
A0430,2025-05-04,6.1,14.72,24.28,37.09,0.556,26.06
A0430,2025-05-05,6.1,15.74,25.07,37.57,0.556,26.8
A0430,2025-05-06,6.1,16.13,25.49,38.03,0.556,27.23
A0430,2025-05-07,6.1,17.26,27.6,41.47,0.556,29.53
A0430,2025-05-08,6.1,19.11,30.77,46.42,0.556,32.95
A0430,2025-05-09,6.1,21.0,34.21,51.94,0.556,36.67
A0430,2025-05-10,6.1,21.02,34.02,51.46,0.556,36.44
A0430,2025-05-11,6.1,14.14,22.54,33.8,0.556,24.1
A0430,2025-05-12,6.1,18.14,29.0,43.55,0.556,31.02
A0431,2025-04-29,372.0,30.42,37.06,48.91,0.909,49.17
A0431,2025-04-30,372.0,39.64,46.82,59.65,0.909,59.95
A0431,2025-05-01,372.0,28.75,38.77,56.66,0.909,57.07
A0431,2025-05-02,372.0,37.53,48.05,66.84,0.909,67.27
A0431,2025-05-03,372.0,37.81,47.42,64.6,0.909,64.99
A0431,2025-05-04,372.0,28.41,34.67,45.85,0.909,46.11
A0431,2025-05-05,372.0,30.13,38.55,53.58,0.909,53.93
A0431,2025-05-06,372.0,29.23,35.91,47.83,0.909,48.1
A0431,2025-05-07,372.0,31.08,37.92,50.14,0.909,50.42
A0431,2025-05-08,372.0,34.05,43.52,60.42,0.909,60.81
A0431,2025-05-09,372.0,36.69,46.61,64.33,0.909,64.73
A0431,2025-05-10,372.0,37.15,46.25,62.51,0.909,62.88
A0431,2025-05-11,372.0,26.27,32.13,42.59,0.909,42.82
A0431,2025-05-12,372.0,34.38,42.51,57.02,0.909,57.35
A0432,2025-04-29,387.6,35.03,47.99,63.29,0.909,63.64
A0432,2025-04-30,387.6,42.3,59.78,80.43,0.909,80.9
A0432,2025-05-01,387.6,28.06,39.69,53.43,0.909,53.74
A0432,2025-05-02,387.6,41.29,56.63,74.75,0.909,75.16
A0432,2025-05-03,387.6,41.33,58.26,78.24,0.909,78.7
A0432,2025-05-04,387.6,27.9,38.41,50.82,0.909,51.1
A0432,2025-05-05,387.6,30.23,42.28,56.52,0.909,56.85
A0432,2025-05-06,387.6,33.98,46.5,61.29,0.909,61.63
A0432,2025-05-07,387.6,39.06,53.45,70.45,0.909,70.83
A0432,2025-05-08,387.6,41.82,56.59,74.03,0.909,74.43
A0432,2025-05-09,387.6,47.22,64.06,83.95,0.909,84.4
A0432,2025-05-10,387.6,46.46,64.76,86.37,0.909,86.86
A0432,2025-05-11,387.6,122.75,185.26,259.09,0.909,260.76
A0432,2025-05-12,387.6,169.39,257.99,362.62,0.909,365.0
A0433,2025-04-29,5.6,49.34,75.17,110.84,0.556,80.12
A0433,2025-04-30,5.6,65.18,95.86,138.22,0.556,101.74
A0433,2025-05-01,5.6,40.06,58.68,84.4,0.556,62.25
A0433,2025-05-02,5.6,59.81,92.48,137.6,0.556,98.75
A0433,2025-05-03,5.6,62.12,95.23,140.95,0.556,101.58
A0433,2025-05-04,5.6,43.61,66.09,97.14,0.556,70.4
A0433,2025-05-05,5.6,46.29,70.46,103.84,0.556,75.1
A0433,2025-05-06,5.6,48.38,73.69,108.64,0.556,78.54
A0433,2025-05-07,5.6,69.42,105.46,155.23,0.556,112.38
A0433,2025-05-08,5.6,76.92,113.61,164.27,0.556,120.65
A0433,2025-05-09,5.6,87.78,134.28,198.51,0.556,143.2
A0433,2025-05-10,5.6,89.45,136.19,200.74,0.556,145.16
A0433,2025-05-11,5.6,35.86,56.73,85.54,0.556,60.73
A0433,2025-05-12,5.6,50.39,80.01,120.9,0.556,85.69
A0434,2025-04-29,396.3,9.21,18.09,28.35,0.909,28.58
A0434,2025-04-30,396.3,14.94,23.79,34.02,0.909,34.25
A0434,2025-05-01,396.3,8.71,17.19,27.0,0.909,27.23
A0434,2025-05-02,396.3,12.69,21.49,31.66,0.909,31.89
A0434,2025-05-03,396.3,13.36,23.49,35.21,0.909,35.47
A0434,2025-05-04,396.3,11.36,18.63,27.03,0.909,27.22
A0434,2025-05-05,396.3,10.68,19.19,29.02,0.909,29.24
A0434,2025-05-06,396.3,7.59,16.67,27.17,0.909,27.41
A0434,2025-05-07,396.3,12.42,21.38,31.73,0.909,31.97
A0434,2025-05-08,396.3,10.64,19.67,30.12,0.909,30.35
A0434,2025-05-09,396.3,13.11,21.03,30.19,0.909,30.4
A0434,2025-05-10,396.3,13.03,22.26,32.93,0.909,33.18
A0434,2025-05-11,396.3,9.14,16.07,24.09,0.909,24.27
A0434,2025-05-12,396.3,11.66,20.34,30.38,0.909,30.61
A0435,2025-04-29,6.0,90.49,117.32,152.0,0.556,122.13
A0435,2025-04-30,6.0,100.97,129.08,165.43,0.556,134.13
A0435,2025-05-01,6.0,70.83,95.68,127.81,0.556,100.14
A0435,2025-05-02,6.0,96.65,127.31,166.96,0.556,132.82
A0435,2025-05-03,6.0,97.76,129.49,170.5,0.556,135.18
A0435,2025-05-04,6.0,86.13,108.68,137.83,0.556,112.73
A0435,2025-05-05,6.0,78.9,105.72,140.41,0.556,110.54
A0435,2025-05-06,6.0,89.25,116.4,151.51,0.556,121.28
A0435,2025-05-07,6.0,97.18,123.16,156.74,0.556,127.82
A0435,2025-05-08,6.0,103.84,132.37,169.26,0.556,137.5
A0435,2025-05-09,6.0,109.54,138.39,175.69,0.556,143.57
A0435,2025-05-10,6.0,109.34,139.39,178.24,0.556,144.79
A0435,2025-05-11,6.0,81.89,102.71,129.62,0.556,106.45
A0435,2025-05-12,6.0,99.15,128.35,166.09,0.556,133.59
A0436,2025-04-29,24.3,12.24,15.64,19.23,0.909,19.31
A0436,2025-04-30,24.3,13.98,18.54,23.33,0.909,23.44
A0436,2025-05-01,24.3,10.25,13.92,17.78,0.909,17.87
A0436,2025-05-02,24.3,13.33,16.64,20.12,0.909,20.2
A0436,2025-05-03,24.3,13.36,16.82,20.46,0.909,20.54
A0436,2025-05-04,24.3,8.84,12.27,15.87,0.909,15.95
A0436,2025-05-05,24.3,10.16,13.91,17.85,0.909,17.94
A0436,2025-05-06,24.3,11.35,15.0,18.85,0.909,18.93
A0436,2025-05-07,24.3,13.78,16.93,20.25,0.909,20.32
A0436,2025-05-08,24.3,14.47,18.63,23.0,0.909,23.1
A0436,2025-05-09,24.3,16.01,19.46,23.09,0.909,23.18
A0436,2025-05-10,24.3,15.82,19.54,23.46,0.909,23.55
A0436,2025-05-11,24.3,10.28,13.43,16.74,0.909,16.82
A0436,2025-05-12,24.3,12.91,16.92,21.13,0.909,21.23
A0437,2025-04-29,325.3,5.2,12.71,26.07,0.909,26.37
A0437,2025-04-30,325.3,8.07,15.12,27.66,0.909,27.95
A0437,2025-05-01,325.3,5.71,11.36,21.41,0.909,21.63
A0437,2025-05-02,325.3,6.17,14.3,28.74,0.909,29.07
A0437,2025-05-03,325.3,6.73,14.85,29.28,0.909,29.61
A0437,2025-05-04,325.3,5.56,10.25,18.57,0.909,18.76
A0437,2025-05-05,325.3,6.07,12.11,22.85,0.909,23.09
A0437,2025-05-06,325.3,5.62,12.29,24.13,0.909,24.4
A0437,2025-05-07,325.3,5.16,14.93,32.3,0.909,32.69
A0437,2025-05-08,325.3,5.73,15.67,33.32,0.909,33.72
A0437,2025-05-09,325.3,5.44,17.41,38.68,0.909,39.17
A0437,2025-05-10,325.3,6.31,17.65,37.81,0.909,38.27
A0437,2025-05-11,325.3,5.11,11.65,23.28,0.909,23.55
A0437,2025-05-12,325.3,6.01,14.32,29.1,0.909,29.43
A0438,2025-04-29,207.4,10.12,17.07,26.0,0.909,26.2
A0438,2025-04-30,207.4,12.26,21.11,32.48,0.909,32.74
A0438,2025-05-01,207.4,8.81,14.66,22.17,0.909,22.34
A0438,2025-05-02,207.4,12.76,20.74,30.99,0.909,31.22
A0438,2025-05-03,207.4,12.29,20.25,30.48,0.909,30.71
A0438,2025-05-04,207.4,8.6,13.69,20.22,0.909,20.37
A0438,2025-05-05,207.4,10.03,15.94,23.54,0.909,23.71
A0438,2025-05-06,207.4,9.99,17.21,26.49,0.909,26.7
A0438,2025-05-07,207.4,9.83,16.17,24.31,0.909,24.5
A0438,2025-05-08,207.4,11.06,18.23,27.44,0.909,27.65
A0438,2025-05-09,207.4,12.84,20.72,30.84,0.909,31.07
A0438,2025-05-10,207.4,12.52,20.51,30.78,0.909,31.01
A0438,2025-05-11,207.4,8.06,12.57,18.35,0.909,18.48
A0438,2025-05-12,207.4,11.24,17.79,26.22,0.909,26.41
A0439,2025-04-29,202.3,15.69,27.93,49.03,0.909,49.51
A0439,2025-04-30,202.3,20.33,33.02,54.92,0.909,55.42
A0439,2025-05-01,202.3,4.95,9.11,16.29,0.909,16.45
A0439,2025-05-02,202.3,8.64,15.35,26.92,0.909,27.19
A0439,2025-05-03,202.3,9.12,16.67,29.69,0.909,29.98
A0439,2025-05-04,202.3,5.36,9.64,17.03,0.909,17.2
A0439,2025-05-05,202.3,6.43,11.22,19.48,0.909,19.66
A0439,2025-05-06,202.3,6.89,13.01,23.57,0.909,23.81
A0439,2025-05-07,202.3,6.16,12.04,22.19,0.909,22.42
A0439,2025-05-08,202.3,6.98,13.37,24.38,0.909,24.63
A0439,2025-05-09,202.3,8.31,15.18,27.02,0.909,27.29
A0439,2025-05-10,202.3,9.01,16.72,30.04,0.909,30.34
A0439,2025-05-11,202.3,4.69,8.87,16.08,0.909,16.25
A0439,2025-05-12,202.3,7.49,13.58,24.08,0.909,24.32
A0440,2025-04-29,215.7,1.55,11.63,27.78,0.909,28.14
A0440,2025-04-30,215.7,2.24,13.76,31.52,0.909,31.93
A0440,2025-05-01,215.7,1.15,10.94,26.19,0.909,26.54
A0440,2025-05-02,215.7,2.23,13.88,31.87,0.909,32.28
A0440,2025-05-03,215.7,2.47,14.49,32.83,0.909,33.24
A0440,2025-05-04,215.7,1.12,10.62,25.84,0.909,26.19
A0440,2025-05-05,215.7,1.77,12.33,28.96,0.909,29.33
A0440,2025-05-06,215.7,1.95,12.87,30.09,0.909,30.48
A0440,2025-05-07,215.7,2.17,13.49,31.19,0.909,31.6
A0440,2025-05-08,215.7,2.71,14.76,33.62,0.909,34.05
A0440,2025-05-09,215.7,3.04,15.68,35.61,0.909,36.07
A0440,2025-05-10,215.7,3.34,16.39,36.66,0.909,37.12
A0440,2025-05-11,215.7,1.52,11.35,27.28,0.909,27.64
A0440,2025-05-12,215.7,2.98,15.17,34.4,0.909,34.84
A0441,2025-04-29,5.1,44.78,62.04,83.75,0.556,65.06
A0441,2025-04-30,5.1,56.58,78.18,105.33,0.556,81.95
A0441,2025-05-01,5.1,37.07,51.51,69.67,0.556,54.04
A0441,2025-05-02,5.1,51.68,71.02,95.35,0.556,74.4
A0441,2025-05-03,5.1,52.86,71.29,94.46,0.556,74.51
A0441,2025-05-04,5.1,42.99,59.39,80.0,0.556,62.25
A0441,2025-05-05,5.1,41.96,58.37,79.0,0.556,61.23
A0441,2025-05-06,5.1,45.6,63.24,85.41,0.556,66.32
A0441,2025-05-07,5.1,48.5,65.56,87.02,0.556,68.54
A0441,2025-05-08,5.1,52.08,71.08,94.97,0.556,74.4
A0441,2025-05-09,5.1,55.53,75.59,100.8,0.556,79.09
A0441,2025-05-10,5.1,56.52,75.75,99.92,0.556,79.11
A0441,2025-05-11,5.1,39.28,54.81,74.34,0.556,57.52
A0441,2025-05-12,5.1,50.45,69.42,93.27,0.556,72.73
A0442,2025-04-29,5.8,435.86,653.81,914.31,0.556,689.99
A0442,2025-04-30,5.8,506.36,838.79,1236.11,0.556,893.97
A0442,2025-05-01,5.8,426.61,602.63,813.02,0.556,631.85
A0442,2025-05-02,5.8,445.65,692.52,987.56,0.556,733.49
A0442,2025-05-03,5.8,428.07,665.54,949.36,0.556,704.96
A0442,2025-05-04,5.8,471.75,744.81,1071.16,0.556,790.14
A0442,2025-05-05,5.8,59.65,89.14,124.39,0.556,94.04
A0442,2025-05-06,5.8,72.47,105.25,144.42,0.556,110.69
A0442,2025-05-07,5.8,76.71,110.7,151.33,0.556,116.34
A0442,2025-05-08,5.8,86.54,121.77,163.87,0.556,127.61
A0442,2025-05-09,5.8,93.69,130.99,175.57,0.556,137.18
A0442,2025-05-10,5.8,97.69,133.49,176.27,0.556,139.43
A0442,2025-05-11,5.8,75.25,108.64,148.55,0.556,114.18
A0442,2025-05-12,5.8,89.7,123.69,164.32,0.556,129.33
A0443,2025-04-29,296.1,8.66,14.48,22.48,0.909,22.67
A0443,2025-04-30,296.1,10.03,18.29,29.65,0.909,29.9
A0443,2025-05-01,296.1,8.5,14.37,22.44,0.909,22.62
A0443,2025-05-02,296.1,9.52,16.27,25.54,0.909,25.75
A0443,2025-05-03,296.1,10.13,17.09,26.67,0.909,26.89
A0443,2025-05-04,296.1,9.19,16.69,26.99,0.909,27.22
A0443,2025-05-05,296.1,8.98,15.1,23.52,0.909,23.71
A0443,2025-05-06,296.1,9.28,15.44,23.91,0.909,24.1
A0443,2025-05-07,296.1,7.73,13.18,20.67,0.909,20.84
A0443,2025-05-08,296.1,8.82,14.99,23.47,0.909,23.67
A0443,2025-05-09,296.1,8.54,14.45,22.57,0.909,22.76
A0443,2025-05-10,296.1,9.56,15.82,24.43,0.909,24.63
A0443,2025-05-11,296.1,7.63,13.39,21.32,0.909,21.5
A0443,2025-05-12,296.1,8.95,15.17,23.7,0.909,23.9
A0444,2025-04-29,7.6,94.79,147.69,216.33,0.556,157.23
A0444,2025-04-30,7.6,112.58,167.48,238.71,0.556,177.37
A0444,2025-05-01,7.6,79.07,124.83,184.2,0.556,133.08
A0444,2025-05-02,7.6,105.89,158.37,226.46,0.556,167.83
A0444,2025-05-03,7.6,101.6,154.08,222.17,0.556,163.54
A0444,2025-05-04,7.6,95.85,145.81,210.63,0.556,154.81
A0444,2025-05-05,7.6,89.24,135.35,195.17,0.556,143.66
A0444,2025-05-06,7.6,96.76,150.64,220.54,0.556,160.35
A0444,2025-05-07,7.6,92.06,139.76,201.65,0.556,148.36
A0444,2025-05-08,7.6,101.1,158.54,233.06,0.556,168.89
A0444,2025-05-09,7.6,104.46,159.91,231.83,0.556,169.89
A0444,2025-05-10,7.6,102.29,158.02,230.33,0.556,168.07
A0444,2025-05-11,7.6,84.22,134.5,199.72,0.556,143.55
A0444,2025-05-12,7.6,99.85,151.99,219.62,0.556,161.38
A0445,2025-04-29,370.0,6.74,13.84,23.17,0.909,23.38
A0445,2025-04-30,370.0,8.15,13.06,19.51,0.909,19.66
A0445,2025-05-01,370.0,5.96,10.46,16.37,0.909,16.5
A0445,2025-05-02,370.0,7.27,14.69,24.44,0.909,24.66
A0445,2025-05-03,370.0,7.5,14.78,24.35,0.909,24.56
A0445,2025-05-04,370.0,4.84,8.71,13.81,0.909,13.92
A0445,2025-05-05,370.0,6.0,10.98,17.53,0.909,17.68
A0445,2025-05-06,370.0,6.53,13.58,22.84,0.909,23.05
A0445,2025-05-07,370.0,6.9,14.3,24.03,0.909,24.25
A0445,2025-05-08,370.0,7.63,15.96,26.9,0.909,27.15
A0445,2025-05-09,370.0,7.76,17.04,29.22,0.909,29.5
A0445,2025-05-10,370.0,8.28,17.28,29.12,0.909,29.39
A0445,2025-05-11,370.0,5.38,11.2,18.84,0.909,19.01
A0445,2025-05-12,370.0,7.11,14.11,23.32,0.909,23.53
A0446,2025-04-29,7.7,63.71,92.15,123.51,0.556,96.5
A0446,2025-04-30,7.7,80.08,111.87,146.94,0.556,116.74
A0446,2025-05-01,7.7,52.18,74.45,99.01,0.556,77.86
A0446,2025-05-02,7.7,72.32,105.67,142.45,0.556,110.78
A0446,2025-05-03,7.7,71.7,104.95,141.62,0.556,110.04
A0446,2025-05-04,7.7,65.37,93.76,125.07,0.556,98.11
A0446,2025-05-05,7.7,58.05,84.18,112.99,0.556,88.18
A0446,2025-05-06,7.7,63.77,91.87,122.87,0.556,96.18
A0446,2025-05-07,7.7,62.03,89.68,120.17,0.556,93.92
A0446,2025-05-08,7.7,69.04,100.89,136.02,0.556,105.77
A0446,2025-05-09,7.7,72.74,106.29,143.28,0.556,111.42
A0446,2025-05-10,7.7,72.31,105.61,142.34,0.556,110.71
A0446,2025-05-11,7.7,58.32,84.35,113.05,0.556,88.34
A0446,2025-05-12,7.7,68.49,100.03,134.81,0.556,104.86
A0447,2025-04-29,7.4,51.48,76.35,107.48,0.556,80.68
A0447,2025-04-30,7.4,64.08,97.68,139.72,0.556,103.52
A0447,2025-05-01,7.4,42.14,61.46,85.64,0.556,64.82
A0447,2025-05-02,7.4,56.89,82.19,113.85,0.556,86.59
A0447,2025-05-03,7.4,55.76,81.52,113.75,0.556,86.0
A0447,2025-05-04,7.4,52.56,79.69,113.64,0.556,84.41
A0447,2025-05-05,7.4,46.99,66.98,92.0,0.556,70.46
A0447,2025-05-06,7.4,50.69,75.53,106.61,0.556,79.84
A0447,2025-05-07,7.4,55.33,79.15,108.97,0.556,83.29
A0447,2025-05-08,7.4,55.95,82.77,116.32,0.556,87.43
A0447,2025-05-09,7.4,60.29,85.88,117.91,0.556,90.33
A0447,2025-05-10,7.4,58.36,84.39,116.96,0.556,88.91
A0447,2025-05-11,7.4,47.61,70.47,99.06,0.556,74.44
A0447,2025-05-12,7.4,55.77,79.53,109.26,0.556,83.66
A0448,2025-04-29,4.4,16.95,53.81,113.07,0.556,62.04
A0448,2025-04-30,4.4,23.66,69.95,145.71,0.556,80.48
A0448,2025-05-01,4.4,13.67,44.57,95.54,0.556,51.65
A0448,2025-05-02,4.4,7.02,29.08,66.47,0.556,34.27
A0448,2025-05-03,4.4,8.11,32.05,71.58,0.556,37.54
A0448,2025-05-04,4.4,5.69,24.46,56.14,0.556,28.86
A0448,2025-05-05,4.4,7.43,29.28,65.64,0.556,34.33
A0448,2025-05-06,4.4,8.3,31.62,70.12,0.556,36.97
A0448,2025-05-07,4.4,9.38,34.55,75.54,0.556,40.24
A0448,2025-05-08,4.4,11.44,39.4,84.88,0.556,45.72
A0448,2025-05-09,4.4,12.93,43.37,93.16,0.556,50.28
A0448,2025-05-10,4.4,14.04,45.73,96.62,0.556,52.8
A0448,2025-05-11,4.4,8.37,29.91,65.47,0.556,34.85
A0448,2025-05-12,4.4,13.13,42.74,90.61,0.556,49.38
A0449,2025-04-29,430.3,9.03,18.27,29.25,0.909,29.5
A0449,2025-04-30,430.3,13.51,25.38,39.5,0.909,39.82
A0449,2025-05-01,430.3,9.87,17.1,25.71,0.909,25.91
A0449,2025-05-02,430.3,11.86,22.13,34.35,0.909,34.62
A0449,2025-05-03,430.3,13.31,24.62,38.09,0.909,38.4
A0449,2025-05-04,430.3,12.38,22.48,34.5,0.909,34.78
A0449,2025-05-05,430.3,10.67,19.42,29.83,0.909,30.06
A0449,2025-05-06,430.3,9.12,18.75,30.2,0.909,30.46
A0449,2025-05-07,430.3,8.05,17.15,27.99,0.909,28.23
A0449,2025-05-08,430.3,9.66,18.02,27.98,0.909,28.2
A0449,2025-05-09,430.3,9.81,18.62,29.1,0.909,29.34
A0449,2025-05-10,430.3,11.61,21.5,33.27,0.909,33.53
A0449,2025-05-11,430.3,9.12,17.34,27.12,0.909,27.34
A0449,2025-05-12,430.3,9.99,19.24,30.25,0.909,30.5
A0450,2025-04-29,3.5,25.77,43.33,63.23,0.556,46.09
A0450,2025-04-30,3.5,35.85,61.01,89.53,0.556,64.97
A0450,2025-05-01,3.5,25.01,38.35,53.47,0.556,40.45
A0450,2025-05-02,3.5,37.92,59.88,84.78,0.556,63.34
A0450,2025-05-03,3.5,42.0,65.29,91.69,0.556,68.96
A0450,2025-05-04,3.5,27.59,43.39,61.29,0.556,45.87
A0450,2025-05-05,3.5,30.21,46.52,65.0,0.556,49.09
A0450,2025-05-06,3.5,29.57,47.28,67.34,0.556,50.06
A0450,2025-05-07,3.5,30.91,48.0,67.37,0.556,50.69
A0450,2025-05-08,3.5,34.06,52.68,73.78,0.556,55.61
A0450,2025-05-09,3.5,36.59,58.12,82.52,0.556,61.51
A0450,2025-05-10,3.5,40.72,63.62,89.58,0.556,67.23
A0450,2025-05-11,3.5,23.21,36.08,50.67,0.556,38.11
A0450,2025-05-12,3.5,34.57,53.88,75.78,0.556,56.92
A0451,2025-04-29,5.6,503.31,754.6,1066.46,0.556,797.91
A0451,2025-04-30,5.6,537.89,814.15,1157.0,0.556,861.77
A0451,2025-05-01,5.6,455.47,650.8,893.2,0.556,684.46
A0451,2025-05-02,5.6,259.78,341.39,442.66,0.556,355.45
A0451,2025-05-03,5.6,255.64,346.24,458.68,0.556,361.86
A0451,2025-05-04,5.6,221.14,292.3,380.6,0.556,304.56
A0451,2025-05-05,5.6,214.0,282.17,366.78,0.556,293.92
A0451,2025-05-06,5.6,246.35,326.06,424.99,0.556,339.8
A0451,2025-05-07,5.6,254.87,328.5,419.89,0.556,341.2
A0451,2025-05-08,5.6,287.34,368.83,469.96,0.556,382.87
A0451,2025-05-09,5.6,306.1,392.07,498.77,0.556,406.89
A0451,2025-05-10,5.6,295.68,390.37,507.89,0.556,406.69
A0451,2025-05-11,5.6,214.54,278.49,357.85,0.556,289.51
A0451,2025-05-12,5.6,267.33,348.19,448.55,0.556,362.13
A0452,2025-04-29,10.8,84.35,135.75,198.38,0.909,199.8
A0452,2025-04-30,10.8,97.57,153.61,221.9,0.909,223.45
A0452,2025-05-01,10.8,68.91,110.78,161.81,0.909,162.97
A0452,2025-05-02,10.8,31.96,52.87,78.35,0.909,78.92
A0452,2025-05-03,10.8,34.18,54.95,80.27,0.909,80.84
A0452,2025-05-04,10.8,26.74,43.81,64.62,0.909,65.09
A0452,2025-05-05,10.8,27.11,43.14,62.68,0.909,63.12
A0452,2025-05-06,10.8,31.37,50.36,73.49,0.909,74.02
A0452,2025-05-07,10.8,30.42,47.7,68.76,0.909,69.24
A0452,2025-05-08,10.8,33.98,53.15,76.5,0.909,77.03
A0452,2025-05-09,10.8,36.8,57.6,82.94,0.909,83.51
A0452,2025-05-10,10.8,38.94,59.86,85.34,0.909,85.92
A0452,2025-05-11,10.8,25.79,42.44,62.73,0.909,63.19
A0452,2025-05-12,10.8,34.52,52.68,74.8,0.909,75.31
A0453,2025-04-29,316.0,4.71,9.13,14.21,0.909,14.33
A0453,2025-04-30,316.0,7.19,13.5,20.76,0.909,20.92
A0453,2025-05-01,316.0,5.1,9.97,15.58,0.909,15.71
A0453,2025-05-02,316.0,5.35,10.78,17.02,0.909,17.16
A0453,2025-05-03,316.0,6.04,12.07,19.0,0.909,19.16
A0453,2025-05-04,316.0,6.11,11.49,17.69,0.909,17.83
A0453,2025-05-05,316.0,5.29,9.97,15.35,0.909,15.48
A0453,2025-05-06,316.0,4.92,9.69,15.18,0.909,15.3
A0453,2025-05-07,316.0,4.0,7.95,12.5,0.909,12.6
A0453,2025-05-08,316.0,4.38,8.76,13.79,0.909,13.91
A0453,2025-05-09,316.0,3.73,8.03,12.98,0.909,13.09
A0453,2025-05-10,316.0,4.65,9.6,15.3,0.909,15.43
A0453,2025-05-11,316.0,4.6,8.54,13.06,0.909,13.17
A0453,2025-05-12,316.0,4.85,9.15,14.1,0.909,14.21
A0454,2025-04-29,6.2,96.04,137.02,183.58,0.556,143.49
A0454,2025-04-30,6.2,119.55,166.19,219.19,0.556,173.56
A0454,2025-05-01,6.2,83.08,120.16,162.29,0.556,126.01
A0454,2025-05-02,6.2,115.03,170.71,233.97,0.556,179.49
A0454,2025-05-03,6.2,118.75,171.67,231.79,0.556,180.02
A0454,2025-05-04,6.2,86.57,123.27,164.96,0.556,129.06
A0454,2025-05-05,6.2,91.67,134.18,182.48,0.556,140.89
A0454,2025-05-06,6.2,89.47,128.63,173.13,0.556,134.81
A0454,2025-05-07,6.2,89.67,130.18,176.19,0.556,136.57
A0454,2025-05-08,6.2,105.17,152.08,205.38,0.556,159.48
A0454,2025-05-09,6.2,116.54,174.4,240.15,0.556,183.53
A0454,2025-05-10,6.2,121.33,175.44,236.92,0.556,183.98
A0454,2025-05-11,6.2,77.8,110.31,147.25,0.556,115.44
A0454,2025-05-12,6.2,109.09,158.65,214.97,0.556,166.48
A0455,2025-04-29,309.1,4.37,9.37,17.34,0.909,17.52
A0455,2025-04-30,309.1,6.05,12.79,23.52,0.909,23.76
A0455,2025-05-01,309.1,5.23,8.95,14.87,0.909,15.0
A0455,2025-05-02,309.1,4.96,11.41,21.68,0.909,21.92
A0455,2025-05-03,309.1,10.87,22.66,41.46,0.909,41.89
A0455,2025-05-04,309.1,11.26,22.28,39.84,0.909,40.24
A0455,2025-05-05,309.1,9.14,17.98,32.06,0.909,32.38
A0455,2025-05-06,309.1,8.81,19.0,35.23,0.909,35.6
A0455,2025-05-07,309.1,5.7,14.14,27.6,0.909,27.9
A0455,2025-05-08,309.1,7.3,16.42,30.95,0.909,31.28
A0455,2025-05-09,309.1,0.77,5.75,13.7,0.909,13.88
A0455,2025-05-10,309.1,2.32,7.46,15.63,0.909,15.82
A0455,2025-05-11,309.1,3.52,7.94,14.99,0.909,15.16
A0455,2025-05-12,309.1,3.34,8.76,17.41,0.909,17.61
A0456,2025-04-29,433.6,7.87,16.83,27.14,0.909,27.37
A0456,2025-04-30,433.6,11.44,22.59,35.41,0.909,35.7
A0456,2025-05-01,433.6,8.34,15.14,22.96,0.909,23.13
A0456,2025-05-02,433.6,11.0,21.48,33.53,0.909,33.81
A0456,2025-05-03,433.6,11.8,23.54,37.04,0.909,37.34
A0456,2025-05-04,433.6,10.55,20.53,31.99,0.909,32.25
A0456,2025-05-05,433.6,9.45,18.01,27.85,0.909,28.07
A0456,2025-05-06,433.6,8.54,17.88,28.61,0.909,28.86
A0456,2025-05-07,433.6,7.74,15.21,23.8,0.909,23.99
A0456,2025-05-08,433.6,7.9,15.89,25.06,0.909,25.27
A0456,2025-05-09,433.6,9.67,18.19,27.97,0.909,28.2
A0456,2025-05-10,433.6,10.68,20.41,31.6,0.909,31.85
A0456,2025-05-11,433.6,7.79,14.96,23.19,0.909,23.38
A0456,2025-05-12,433.6,8.59,17.73,28.24,0.909,28.48
A0457,2025-04-29,12.6,45.42,64.62,86.77,0.909,87.27
A0457,2025-04-30,12.6,61.01,87.18,117.38,0.909,118.07
A0457,2025-05-01,12.6,36.52,53.07,72.18,0.909,72.61
A0457,2025-05-02,12.6,49.15,71.92,98.2,0.909,98.79
A0457,2025-05-03,12.6,48.81,73.02,100.96,0.909,101.59
A0457,2025-05-04,12.6,44.68,66.29,91.23,0.909,91.79
A0457,2025-05-05,12.6,40.31,59.13,80.85,0.909,81.35
A0457,2025-05-06,12.6,43.19,61.92,83.52,0.909,84.02
A0457,2025-05-07,12.6,43.55,63.52,86.57,0.909,87.09
A0457,2025-05-08,12.6,46.84,67.82,92.03,0.909,92.58
A0457,2025-05-09,12.6,50.15,72.74,98.82,0.909,99.41
A0457,2025-05-10,12.6,50.36,74.19,101.7,0.909,102.32
A0457,2025-05-11,12.6,38.95,56.84,77.48,0.909,77.95
A0457,2025-05-12,12.6,46.6,67.95,92.6,0.909,93.16
A0458,2025-04-29,7.0,82.52,113.76,155.81,0.556,119.6
A0458,2025-04-30,7.0,105.17,147.63,204.78,0.556,155.57
A0458,2025-05-01,7.0,71.89,98.87,135.19,0.556,103.91
A0458,2025-05-02,7.0,105.18,145.89,200.68,0.556,153.5
A0458,2025-05-03,7.0,100.0,136.78,186.27,0.556,143.65
A0458,2025-05-04,7.0,74.26,103.34,142.49,0.556,108.78
A0458,2025-05-05,7.0,80.36,109.38,148.45,0.556,114.81
A0458,2025-05-06,7.0,82.03,112.9,154.46,0.556,118.67
A0458,2025-05-07,7.0,82.2,115.08,159.34,0.556,121.23
A0458,2025-05-08,7.0,95.65,133.22,183.79,0.556,140.24
A0458,2025-05-09,7.0,108.9,152.03,210.08,0.556,160.09
A0458,2025-05-10,7.0,103.48,142.21,194.34,0.556,149.45
A0458,2025-05-11,7.0,65.96,92.34,127.85,0.556,97.27
A0458,2025-05-12,7.0,93.46,128.13,174.79,0.556,134.61
A0459,2025-04-29,6.5,47.53,68.25,96.06,0.556,72.12
A0459,2025-04-30,6.5,57.6,89.46,132.23,0.556,95.4
A0459,2025-05-01,6.5,40.81,59.39,84.32,0.556,62.85
A0459,2025-05-02,6.5,55.41,78.51,109.53,0.556,82.82
A0459,2025-05-03,6.5,55.45,77.42,106.92,0.556,81.52
A0459,2025-05-04,6.5,48.31,72.61,105.22,0.556,77.14
A0459,2025-05-05,6.5,45.18,65.0,91.59,0.556,68.69
A0459,2025-05-06,6.5,49.39,70.45,98.72,0.556,74.38
A0459,2025-05-07,6.5,48.33,69.0,96.74,0.556,72.85
A0459,2025-05-08,6.5,53.08,74.75,103.82,0.556,78.79
A0459,2025-05-09,6.5,57.02,80.45,111.9,0.556,84.82
A0459,2025-05-10,6.5,56.67,79.07,109.12,0.556,83.24
A0459,2025-05-11,6.5,43.03,63.21,90.28,0.556,66.97
A0459,2025-05-12,6.5,52.26,73.72,102.51,0.556,77.71
A0460,2025-04-29,10.2,163.12,237.77,332.39,0.909,334.54
A0460,2025-04-30,10.2,206.54,291.84,399.95,0.909,402.4
A0460,2025-05-01,10.2,128.68,189.78,267.23,0.909,268.99
A0460,2025-05-02,10.2,175.95,258.99,364.24,0.909,366.63
A0460,2025-05-03,10.2,178.15,266.58,378.65,0.909,381.2
A0460,2025-05-04,10.2,167.68,234.0,318.07,0.909,319.98
A0460,2025-05-05,10.2,141.28,209.49,295.95,0.909,297.91
A0460,2025-05-06,10.2,154.41,225.18,314.89,0.909,316.93
A0460,2025-05-07,10.2,159.35,237.41,336.34,0.909,338.59
A0460,2025-05-08,10.2,169.22,243.65,337.99,0.909,340.14
A0460,2025-05-09,10.2,179.94,264.13,370.84,0.909,373.26
A0460,2025-05-10,10.2,182.53,270.51,382.02,0.909,384.55
A0460,2025-05-11,10.2,145.25,203.91,278.25,0.909,279.94
A0460,2025-05-12,10.2,171.18,249.65,349.11,0.909,351.37
A0461,2025-04-29,5.9,40.27,53.93,71.91,0.556,56.43
A0461,2025-04-30,5.9,50.9,66.88,87.9,0.556,69.8
A0461,2025-05-01,5.9,33.93,44.85,59.22,0.556,46.85
A0461,2025-05-02,5.9,48.38,64.95,86.75,0.556,67.98
A0461,2025-05-03,5.9,50.64,66.29,86.89,0.556,69.15
A0461,2025-05-04,5.9,37.75,50.53,67.35,0.556,52.87
A0461,2025-05-05,5.9,38.61,51.63,68.77,0.556,54.01
A0461,2025-05-06,5.9,40.86,54.33,72.04,0.556,56.79
A0461,2025-05-07,5.9,43.13,56.11,73.18,0.556,58.48
A0461,2025-05-08,5.9,45.94,59.41,77.13,0.556,61.87
A0461,2025-05-09,5.9,51.09,67.08,88.1,0.556,70.0
A0461,2025-05-10,5.9,53.51,68.55,88.33,0.556,71.3
A0461,2025-05-11,5.9,34.81,45.66,59.91,0.556,47.64
A0461,2025-05-12,5.9,46.24,60.62,79.54,0.556,63.25
A0462,2025-04-29,7.1,89.18,134.32,187.74,0.556,141.74
A0462,2025-04-30,7.1,107.09,190.24,288.62,0.556,203.9
A0462,2025-05-01,7.1,72.54,115.45,166.22,0.556,122.5
A0462,2025-05-02,7.1,101.62,155.46,219.18,0.556,164.31
A0462,2025-05-03,7.1,105.09,159.85,224.65,0.556,168.85
A0462,2025-05-04,7.1,99.23,156.59,224.47,0.556,166.02
A0462,2025-05-05,7.1,86.48,130.31,182.16,0.556,137.51
A0462,2025-05-06,7.1,95.19,140.13,193.29,0.556,147.51
A0462,2025-05-07,7.1,97.02,149.3,211.16,0.556,157.89
A0462,2025-05-08,7.1,106.56,164.67,233.44,0.556,174.22
A0462,2025-05-09,7.1,149.19,207.87,277.31,0.556,217.52
A0462,2025-05-10,7.1,149.45,209.04,279.56,0.556,218.84
A0462,2025-05-11,7.1,112.53,161.92,220.36,0.556,170.03
A0462,2025-05-12,7.1,129.72,186.16,252.94,0.556,195.43
A0463,2025-04-29,350.7,4.2,9.81,17.23,0.909,17.4
A0463,2025-04-30,350.7,5.33,12.5,21.97,0.909,22.19
A0463,2025-05-01,350.7,4.02,8.25,13.85,0.909,13.98
A0463,2025-05-02,350.7,5.22,11.25,19.22,0.909,19.4
A0463,2025-05-03,350.7,5.4,11.38,19.29,0.909,19.47
A0463,2025-05-04,350.7,3.63,7.77,13.25,0.909,13.37
A0463,2025-05-05,350.7,4.04,8.34,14.02,0.909,14.15
A0463,2025-05-06,350.7,4.29,9.49,16.36,0.909,16.52
A0463,2025-05-07,350.7,4.51,11.0,19.58,0.909,19.77
A0463,2025-05-08,350.7,5.17,12.28,21.68,0.909,21.9
A0463,2025-05-09,350.7,5.54,13.11,23.11,0.909,23.34
A0463,2025-05-10,350.7,5.7,12.97,22.58,0.909,22.8
A0463,2025-05-11,350.7,3.73,8.02,13.69,0.909,13.82
A0463,2025-05-12,350.7,4.51,10.27,17.9,0.909,18.07
A0464,2025-04-29,5.9,19.85,31.54,46.04,0.556,33.55
A0464,2025-04-30,5.9,26.18,40.19,57.56,0.556,42.6
A0464,2025-05-01,5.9,18.9,29.44,42.51,0.556,31.26
A0464,2025-05-02,5.9,26.17,41.36,60.2,0.556,43.98
A0464,2025-05-03,5.9,25.24,40.01,58.32,0.556,42.55
A0464,2025-05-04,5.9,18.08,28.78,42.04,0.556,30.62
A0464,2025-05-05,5.9,20.42,32.02,46.4,0.556,34.02
A0464,2025-05-06,5.9,20.91,32.59,47.06,0.556,34.6
A0464,2025-05-07,5.9,20.36,31.71,45.79,0.556,33.67
A0464,2025-05-08,5.9,23.65,37.59,54.88,0.556,39.99
A0464,2025-05-09,5.9,26.09,41.83,61.35,0.556,44.54
A0464,2025-05-10,5.9,25.57,40.85,59.79,0.556,43.48
A0464,2025-05-11,5.9,16.46,26.35,38.61,0.556,28.05
A0464,2025-05-12,5.9,22.57,36.01,52.68,0.556,38.32
A0465,2025-04-29,335.1,0.31,7.72,22.98,0.909,23.33
A0465,2025-04-30,335.1,1.87,12.69,32.85,0.909,33.31
A0465,2025-05-01,335.1,1.02,10.75,28.46,0.909,28.86
A0465,2025-05-02,335.1,2.31,15.08,37.74,0.909,38.25
A0465,2025-05-03,335.1,3.12,17.6,42.39,0.909,42.95
A0465,2025-05-04,335.1,1.96,13.58,34.28,0.909,34.75
A0465,2025-05-05,335.1,2.7,16.32,39.82,0.909,40.36
A0465,2025-05-06,335.1,2.86,17.11,41.58,0.909,42.14
A0465,2025-05-07,335.1,3.12,18.21,43.7,0.909,44.28
A0465,2025-05-08,335.1,4.08,20.98,49.59,0.909,50.24
A0465,2025-05-09,335.1,4.5,22.49,53.24,0.909,53.94
A0465,2025-05-10,335.1,5.39,24.85,57.35,0.909,58.08
A0465,2025-05-11,335.1,3.06,16.95,40.89,0.909,41.43
A0465,2025-05-12,335.1,5.37,24.18,55.83,0.909,56.55
A0466,2025-04-29,202.2,10.79,17.71,24.67,0.909,24.83
A0466,2025-04-30,202.2,13.83,21.43,29.09,0.909,29.27
A0466,2025-05-01,202.2,8.97,14.31,19.69,0.909,19.81
A0466,2025-05-02,202.2,12.8,20.8,28.85,0.909,29.03
A0466,2025-05-03,202.2,12.29,20.77,29.32,0.909,29.51
A0466,2025-05-04,202.2,8.81,14.32,19.87,0.909,20.0
A0466,2025-05-05,202.2,9.61,15.59,21.61,0.909,21.75
A0466,2025-05-06,202.2,14.25,23.44,32.69,0.909,32.9
A0466,2025-05-07,202.2,14.83,24.0,33.23,0.909,33.44
A0466,2025-05-08,202.2,15.73,24.98,34.3,0.909,34.51
A0466,2025-05-09,202.2,17.74,28.61,39.57,0.909,39.82
A0466,2025-05-10,202.2,17.42,28.89,40.45,0.909,40.71
A0466,2025-05-11,202.2,11.02,17.81,24.65,0.909,24.8
A0466,2025-05-12,202.2,10.63,17.73,24.88,0.909,25.04
A0467,2025-04-29,6.1,33.3,51.85,74.84,0.556,55.04
A0467,2025-04-30,6.1,41.02,58.47,80.11,0.556,61.48
A0467,2025-05-01,6.1,28.63,44.14,63.37,0.556,46.81
A0467,2025-05-02,6.1,41.28,67.0,98.88,0.556,71.42
A0467,2025-05-03,6.1,42.98,66.43,95.5,0.556,70.47
A0467,2025-05-04,6.1,30.36,44.64,62.35,0.556,47.1
A0467,2025-05-05,6.1,33.11,50.56,72.19,0.556,53.56
A0467,2025-05-06,6.1,35.6,53.09,74.77,0.556,56.1
A0467,2025-05-07,6.1,37.85,58.71,84.57,0.556,62.3
A0467,2025-05-08,6.1,41.71,64.22,92.13,0.556,68.1
A0467,2025-05-09,6.1,44.17,71.83,106.12,0.556,76.59
A0467,2025-05-10,6.1,45.86,70.55,101.16,0.556,74.8
A0467,2025-05-11,6.1,28.87,44.13,63.06,0.556,46.76
A0467,2025-05-12,6.1,39.61,61.11,87.78,0.556,64.82
A0468,2025-04-29,10.3,11.47,34.55,68.82,0.909,69.6
A0468,2025-04-30,10.3,15.45,42.97,84.28,0.909,85.22
A0468,2025-05-01,10.3,9.98,30.87,62.34,0.909,63.05
A0468,2025-05-02,10.3,15.34,42.24,82.76,0.909,83.68
A0468,2025-05-03,10.3,15.76,43.02,83.82,0.909,84.75
A0468,2025-05-04,10.3,12.18,35.03,70.21,0.909,71.01
A0468,2025-05-05,10.3,12.61,35.88,71.26,0.909,72.07
A0468,2025-05-06,10.3,12.95,36.99,73.51,0.909,74.34
A0468,2025-05-07,10.3,13.1,37.36,74.07,0.909,74.9
A0468,2025-05-08,10.3,14.91,41.0,80.66,0.909,81.56
A0468,2025-05-09,10.3,16.39,44.06,86.51,0.909,87.47
A0468,2025-05-10,10.3,16.88,45.03,87.78,0.909,88.75
A0468,2025-05-11,10.3,11.05,32.27,64.91,0.909,65.65
A0468,2025-05-12,10.3,15.54,42.06,82.48,0.909,83.4
A0469,2025-04-29,403.9,4.4,8.97,15.19,0.909,15.33
A0469,2025-04-30,403.9,7.09,14.04,23.51,0.909,23.72
A0469,2025-05-01,403.9,4.79,9.16,15.09,0.909,15.23
A0469,2025-05-02,403.9,5.62,11.31,19.04,0.909,19.22
A0469,2025-05-03,403.9,5.72,11.48,19.31,0.909,19.49
A0469,2025-05-04,403.9,5.64,11.44,19.33,0.909,19.51
A0469,2025-05-05,403.9,5.09,9.9,16.45,0.909,16.59
A0469,2025-05-06,403.9,4.79,9.54,16.0,0.909,16.15
A0469,2025-05-07,403.9,4.64,8.94,14.79,0.909,14.92
A0469,2025-05-08,403.9,4.93,9.4,15.48,0.909,15.62
A0469,2025-05-09,403.9,4.96,9.67,16.07,0.909,16.22
A0469,2025-05-10,403.9,5.17,10.03,16.64,0.909,16.79
A0469,2025-05-11,403.9,4.43,8.47,13.96,0.909,14.08
A0469,2025-05-12,403.9,5.05,9.83,16.33,0.909,16.48
A0470,2025-04-29,207.8,7.85,14.33,22.67,0.909,22.86
A0470,2025-04-30,207.8,9.19,16.21,25.23,0.909,25.44
A0470,2025-05-01,207.8,6.06,10.93,17.2,0.909,17.35
A0470,2025-05-02,207.8,9.15,16.85,26.75,0.909,26.97
A0470,2025-05-03,207.8,9.41,18.31,29.77,0.909,30.03
A0470,2025-05-04,207.8,6.01,10.76,16.87,0.909,17.01
A0470,2025-05-05,207.8,7.2,13.13,20.76,0.909,20.93
A0470,2025-05-06,207.8,7.68,14.11,22.39,0.909,22.58
A0470,2025-05-07,207.8,8.11,13.95,21.45,0.909,21.62
A0470,2025-05-08,207.8,8.68,15.04,23.22,0.909,23.41
A0470,2025-05-09,207.8,9.88,17.55,27.42,0.909,27.65
A0470,2025-05-10,207.8,9.98,18.84,30.24,0.909,30.5
A0470,2025-05-11,207.8,5.95,10.21,15.7,0.909,15.82
A0470,2025-05-12,207.8,8.54,15.33,24.06,0.909,24.26
A0471,2025-04-29,6.2,22.56,32.76,47.44,0.556,34.8
A0471,2025-04-30,6.2,28.53,38.38,52.55,0.556,40.35
A0471,2025-05-01,6.2,19.78,27.5,38.61,0.556,29.04
A0471,2025-05-02,6.2,29.13,42.59,61.95,0.556,45.28
A0471,2025-05-03,6.2,28.93,41.55,59.7,0.556,44.07
A0471,2025-05-04,6.2,20.96,28.87,40.26,0.556,30.46
A0471,2025-05-05,6.2,22.33,31.26,44.1,0.556,33.04
A0471,2025-05-06,6.2,22.86,32.85,47.23,0.556,34.85
A0471,2025-05-07,6.2,24.66,34.86,49.54,0.556,36.9
A0471,2025-05-08,6.2,26.82,37.53,52.93,0.556,39.67
A0471,2025-05-09,6.2,30.42,44.76,65.4,0.556,47.63
A0471,2025-05-10,6.2,30.01,43.35,62.52,0.556,46.01
A0471,2025-05-11,6.2,19.52,27.77,39.65,0.556,29.42
A0471,2025-05-12,6.2,26.52,37.12,52.36,0.556,39.24
A0472,2025-04-29,6.2,53.97,82.3,113.99,0.556,86.7
A0472,2025-04-30,6.2,67.38,103.18,143.21,0.556,108.74
A0472,2025-05-01,6.2,43.63,68.04,95.34,0.556,71.83
A0472,2025-05-02,6.2,58.83,89.71,124.23,0.556,94.5
A0472,2025-05-03,6.2,58.3,89.42,124.22,0.556,94.25
A0472,2025-05-04,6.2,57.47,87.44,120.97,0.556,92.1
A0472,2025-05-05,6.2,49.69,75.26,103.85,0.556,79.23
A0472,2025-05-06,6.2,54.18,82.2,113.55,0.556,86.56
A0472,2025-05-07,6.2,50.86,76.9,106.01,0.556,80.94
A0472,2025-05-08,6.2,57.71,88.11,122.11,0.556,92.83
A0472,2025-05-09,6.2,58.27,89.54,124.51,0.556,94.4
A0472,2025-05-10,6.2,58.1,89.49,124.6,0.556,94.36
A0472,2025-05-11,6.2,48.84,74.35,102.88,0.556,78.32
A0472,2025-05-12,6.2,56.77,85.27,117.15,0.556,89.7
A0473,2025-04-29,331.7,10.12,17.66,28.81,0.909,29.07
A0473,2025-04-30,331.7,12.12,20.1,31.9,0.909,32.17
A0473,2025-05-01,331.7,8.73,14.83,23.85,0.909,24.05
A0473,2025-05-02,331.7,10.85,19.19,31.51,0.909,31.79
A0473,2025-05-03,331.7,11.12,19.56,32.03,0.909,32.31
A0473,2025-05-04,331.7,7.35,12.8,20.87,0.909,21.06
A0473,2025-05-05,331.7,8.8,15.15,24.54,0.909,24.75
A0473,2025-05-06,331.7,9.83,16.68,26.81,0.909,27.04
A0473,2025-05-07,331.7,11.16,20.24,33.66,0.909,33.97
A0473,2025-05-08,331.7,12.51,22.49,37.25,0.909,37.58
A0473,2025-05-09,331.7,13.11,24.09,40.32,0.909,40.69
A0473,2025-05-10,331.7,13.42,24.05,39.78,0.909,40.14
A0473,2025-05-11,331.7,8.44,14.92,24.5,0.909,24.72
A0473,2025-05-12,331.7,10.81,19.22,31.67,0.909,31.95
A0474,2025-04-29,7.3,66.04,94.29,129.01,0.556,99.11
A0474,2025-04-30,7.3,85.34,120.38,163.44,0.556,126.36
A0474,2025-05-01,7.3,55.7,80.19,110.27,0.556,84.37
A0474,2025-05-02,7.3,77.12,111.48,153.71,0.556,117.35
A0474,2025-05-03,7.3,76.63,106.45,143.09,0.556,111.54
A0474,2025-05-04,7.3,68.05,98.97,136.96,0.556,104.24
A0474,2025-05-05,7.3,61.2,88.84,122.8,0.556,93.56
A0474,2025-05-06,7.3,65.65,94.75,130.49,0.556,99.71
A0474,2025-05-07,7.3,70.55,98.0,131.73,0.556,102.69
A0474,2025-05-08,7.3,74.88,105.74,143.67,0.556,111.01
A0474,2025-05-09,7.3,78.75,112.96,155.0,0.556,118.8
A0474,2025-05-10,7.3,78.79,108.79,145.65,0.556,113.91
A0474,2025-05-11,7.3,61.67,90.2,125.27,0.556,95.07
A0474,2025-05-12,7.3,72.35,103.4,141.55,0.556,108.7
A0475,2025-04-29,4.8,18.22,51.72,101.47,0.556,58.63
A0475,2025-04-30,4.8,23.64,63.14,121.96,0.556,71.31
A0475,2025-05-01,4.8,16.34,46.39,91.67,0.556,52.68
A0475,2025-05-02,4.8,24.73,64.69,124.74,0.556,73.03
A0475,2025-05-03,4.8,25.35,65.66,125.77,0.556,74.01
A0475,2025-05-04,4.8,16.88,46.33,91.86,0.556,52.66
A0475,2025-05-05,4.8,19.24,51.85,101.62,0.556,58.76
A0475,2025-05-06,4.8,20.29,54.63,107.01,0.556,61.9
A0475,2025-05-07,4.8,21.43,57.35,111.77,0.556,64.91
A0475,2025-05-08,4.8,24.16,62.92,121.79,0.556,71.09
A0475,2025-05-09,4.8,27.11,69.16,133.7,0.556,78.13
A0475,2025-05-10,4.8,27.73,70.2,134.65,0.556,79.15
A0475,2025-05-11,4.8,16.17,44.47,88.54,0.556,50.59
A0475,2025-05-12,4.8,24.45,63.1,122.19,0.556,71.31
A0476,2025-04-29,7.0,30.18,45.86,64.92,0.556,48.5
A0476,2025-04-30,7.0,37.69,54.4,74.72,0.556,57.22
A0476,2025-05-01,7.0,24.32,35.49,49.06,0.556,37.38
A0476,2025-05-02,7.0,37.62,59.19,85.41,0.556,62.83
A0476,2025-05-03,7.0,35.79,55.47,79.4,0.556,58.79
A0476,2025-05-04,7.0,26.84,39.97,55.94,0.556,42.19
A0476,2025-05-05,7.0,28.45,41.52,57.41,0.556,43.73
A0476,2025-05-06,7.0,29.53,45.08,63.98,0.556,47.7
A0476,2025-05-07,7.0,30.42,45.78,64.45,0.556,48.37
A0476,2025-05-08,7.0,33.5,52.31,75.18,0.556,55.49
A0476,2025-05-09,7.0,39.63,62.22,89.67,0.556,66.03
A0476,2025-05-10,7.0,37.76,58.28,83.23,0.556,61.74
A0476,2025-05-11,7.0,24.65,37.53,53.2,0.556,39.71
A0476,2025-05-12,7.0,33.93,51.45,72.76,0.556,54.41
A0477,2025-04-29,5.8,21.67,33.17,47.4,0.556,35.15
A0477,2025-04-30,5.8,27.92,42.27,60.03,0.556,44.74
A0477,2025-05-01,5.8,18.53,28.84,41.6,0.556,30.61
A0477,2025-05-02,5.8,25.81,40.49,58.67,0.556,43.02
A0477,2025-05-03,5.8,26.38,40.4,57.76,0.556,42.81
A0477,2025-05-04,5.8,19.49,29.76,42.46,0.556,31.52
A0477,2025-05-05,5.8,21.32,32.99,47.44,0.556,35.0
A0477,2025-05-06,5.8,21.02,32.23,46.09,0.556,34.15
A0477,2025-05-07,5.8,21.59,33.58,48.42,0.556,35.64
A0477,2025-05-08,5.8,24.85,38.27,54.88,0.556,40.58
A0477,2025-05-09,5.8,28.18,43.24,61.87,0.556,45.83
A0477,2025-05-10,5.8,28.73,42.99,60.65,0.556,45.44
A0477,2025-05-11,5.8,18.31,27.49,38.85,0.556,29.07
A0477,2025-05-12,5.8,25.07,38.54,55.2,0.556,40.85
A0478,2025-04-29,310.1,17.6,31.19,47.92,0.909,48.3
A0478,2025-04-30,310.1,23.99,41.38,62.77,0.909,63.26
A0478,2025-05-01,310.1,16.84,29.08,44.14,0.909,44.48
A0478,2025-05-02,310.1,22.21,39.82,61.48,0.909,61.98
A0478,2025-05-03,310.1,24.19,41.99,63.89,0.909,64.38
A0478,2025-05-04,310.1,14.99,27.93,43.85,0.909,44.22
A0478,2025-05-05,310.1,17.64,30.76,46.9,0.909,47.26
A0478,2025-05-06,310.1,18.19,31.83,48.62,0.909,49.0
A0478,2025-05-07,310.1,18.27,30.87,46.37,0.909,46.73
A0478,2025-05-08,310.1,20.96,36.77,56.22,0.909,56.66
A0478,2025-05-09,310.1,20.53,37.89,59.26,0.909,59.74
A0478,2025-05-10,310.1,23.78,41.36,62.99,0.909,63.48
A0478,2025-05-11,310.1,13.0,23.81,37.11,0.909,37.42
A0478,2025-05-12,310.1,20.46,35.48,53.97,0.909,54.39
A0479,2025-04-29,4.1,27.72,42.82,60.87,0.556,45.33
A0479,2025-04-30,4.1,35.81,55.24,78.47,0.556,58.47
A0479,2025-05-01,4.1,25.57,37.73,52.28,0.556,39.75
A0479,2025-05-02,4.1,34.98,51.31,70.83,0.556,54.02
A0479,2025-05-03,4.1,35.7,53.66,75.15,0.556,56.65
A0479,2025-05-04,4.1,30.53,45.85,64.16,0.556,48.39
A0479,2025-05-05,4.1,31.23,45.53,62.64,0.556,47.91
A0479,2025-05-06,4.1,30.68,45.72,63.69,0.556,48.21
A0479,2025-05-07,4.1,28.95,44.61,63.34,0.556,47.21
A0479,2025-05-08,4.1,31.69,46.98,65.27,0.556,49.52
A0479,2025-05-09,4.1,33.69,50.29,70.14,0.556,53.05
A0479,2025-05-10,4.1,34.93,53.16,74.97,0.556,56.19
A0479,2025-05-11,4.1,25.63,39.51,56.11,0.556,41.82
A0479,2025-05-12,4.1,33.01,49.06,68.25,0.556,51.73
A0480,2025-04-29,192.5,22.15,35.05,55.17,0.909,55.62
A0480,2025-04-30,192.5,25.42,38.45,58.77,0.909,59.23
A0480,2025-05-01,192.5,19.5,29.19,44.28,0.909,44.63
A0480,2025-05-02,192.5,28.54,41.98,62.93,0.909,63.41
A0480,2025-05-03,192.5,28.82,43.8,67.15,0.909,67.68
A0480,2025-05-04,192.5,18.25,26.92,40.43,0.909,40.74
A0480,2025-05-05,192.5,22.17,33.34,50.76,0.909,51.15
A0480,2025-05-06,192.5,23.4,36.56,57.08,0.909,57.55
A0480,2025-05-07,192.5,21.21,32.95,51.24,0.909,51.65
A0480,2025-05-08,192.5,25.2,38.01,57.98,0.909,58.43
A0480,2025-05-09,192.5,28.03,41.46,62.41,0.909,62.89
A0480,2025-05-10,192.5,28.73,43.82,67.34,0.909,67.87
A0480,2025-05-11,192.5,15.74,24.19,37.37,0.909,37.67
A0480,2025-05-12,192.5,53.74,82.27,126.75,0.909,127.76
A0481,2025-04-29,5.8,44.34,62.62,85.01,0.556,65.73
A0481,2025-04-30,5.8,60.51,82.12,108.59,0.556,85.79
A0481,2025-05-01,5.8,40.89,54.77,71.78,0.556,57.14
A0481,2025-05-02,5.8,53.02,73.41,98.38,0.556,76.88
A0481,2025-05-03,5.8,55.35,75.85,100.96,0.556,79.33
A0481,2025-05-04,5.8,42.27,58.97,79.44,0.556,61.82
A0481,2025-05-05,5.8,42.38,57.84,76.78,0.556,60.47
A0481,2025-05-06,5.8,44.08,62.48,85.02,0.556,65.61
A0481,2025-05-07,5.8,42.79,60.18,81.49,0.556,63.14
A0481,2025-05-08,5.8,48.25,68.98,94.39,0.556,72.51
A0481,2025-05-09,5.8,49.2,70.29,96.13,0.556,73.88
A0481,2025-05-10,5.8,53.46,74.69,100.7,0.556,78.3
A0481,2025-05-11,5.8,37.82,53.34,72.36,0.556,55.98
A0481,2025-05-12,5.8,49.56,68.72,92.19,0.556,71.98
A0482,2025-04-29,356.9,31.16,42.88,57.78,0.909,58.12
A0482,2025-04-30,356.9,144.29,205.22,282.68,0.909,284.44
A0482,2025-05-01,356.9,131.71,183.94,250.35,0.909,251.86
A0482,2025-05-02,356.9,173.9,230.35,302.12,0.909,303.76
A0482,2025-05-03,356.9,39.65,54.67,73.76,0.909,74.19
A0482,2025-05-04,356.9,23.37,33.11,45.5,0.909,45.78
A0482,2025-05-05,356.9,25.42,38.6,55.36,0.909,55.74
A0482,2025-05-06,356.9,25.2,36.64,51.18,0.909,51.51
A0482,2025-05-07,356.9,36.24,48.94,65.1,0.909,65.47
A0482,2025-05-08,356.9,34.24,48.99,67.74,0.909,68.17
A0482,2025-05-09,356.9,42.42,57.63,76.97,0.909,77.41
A0482,2025-05-10,356.9,48.54,64.25,84.22,0.909,84.67
A0482,2025-05-11,356.9,27.29,36.18,47.48,0.909,47.74
A0482,2025-05-12,356.9,35.74,49.75,67.55,0.909,67.95
A0483,2025-04-29,373.3,54.17,77.84,103.9,0.909,104.49
A0483,2025-04-30,373.3,65.84,94.26,125.54,0.909,126.25
A0483,2025-05-01,373.3,45.62,62.83,81.78,0.909,82.21
A0483,2025-05-02,373.3,69.21,97.27,128.16,0.909,128.86
A0483,2025-05-03,373.3,70.49,98.62,129.59,0.909,130.29
A0483,2025-05-04,373.3,44.32,65.11,88.01,0.909,88.53
A0483,2025-05-05,373.3,50.71,72.34,96.14,0.909,96.68
A0483,2025-05-06,373.3,55.85,79.49,105.52,0.909,106.11
A0483,2025-05-07,373.3,60.85,85.24,112.1,0.909,112.71
A0483,2025-05-08,373.3,66.67,91.55,118.94,0.909,119.57
A0483,2025-05-09,373.3,74.66,103.62,135.5,0.909,136.23
A0483,2025-05-10,373.3,75.77,104.75,136.65,0.909,137.38
A0483,2025-05-11,373.3,43.96,63.65,85.33,0.909,85.82
A0483,2025-05-12,373.3,126.29,173.16,224.77,0.909,225.94
A0484,2025-04-29,8.4,73.62,112.95,163.93,0.556,120.03
A0484,2025-04-30,8.4,89.32,125.86,173.21,0.556,132.43
A0484,2025-05-01,8.4,62.88,91.13,127.75,0.556,96.22
A0484,2025-05-02,8.4,87.65,127.8,179.84,0.556,135.03
A0484,2025-05-03,8.4,87.0,127.66,180.36,0.556,134.98
A0484,2025-05-04,8.4,80.23,113.8,157.3,0.556,119.84
A0484,2025-05-05,8.4,70.75,100.93,140.06,0.556,106.37
A0484,2025-05-06,8.4,74.76,114.16,165.22,0.556,121.25
A0484,2025-05-07,8.4,65.56,100.02,144.67,0.556,106.22
A0484,2025-05-08,8.4,73.03,114.38,167.97,0.556,121.82
A0484,2025-05-09,8.4,78.14,120.39,175.16,0.556,128.0
A0484,2025-05-10,8.4,79.93,122.69,178.1,0.556,130.38
A0484,2025-05-11,8.4,66.86,100.9,145.0,0.556,107.02
A0484,2025-05-12,8.4,76.59,114.0,162.47,0.556,120.73
A0485,2025-04-29,353.3,18.79,31.48,48.56,0.909,48.95
A0485,2025-04-30,353.3,26.05,42.29,64.12,0.909,64.62
A0485,2025-05-01,353.3,18.75,30.52,46.34,0.909,46.7
A0485,2025-05-02,353.3,27.2,43.5,65.42,0.909,65.92
A0485,2025-05-03,353.3,27.28,42.47,62.89,0.909,63.36
A0485,2025-05-04,353.3,19.1,30.35,45.48,0.909,45.82
A0485,2025-05-05,353.3,21.52,34.51,51.98,0.909,52.38
A0485,2025-05-06,353.3,21.48,34.44,51.86,0.909,52.26
A0485,2025-05-07,353.3,21.3,33.46,49.82,0.909,50.19
A0485,2025-05-08,353.3,24.31,38.2,56.89,0.909,57.31
A0485,2025-05-09,353.3,26.85,42.93,64.55,0.909,65.04
A0485,2025-05-10,353.3,26.92,42.02,62.33,0.909,62.79
A0485,2025-05-11,353.3,15.99,25.84,39.09,0.909,39.39
A0485,2025-05-12,353.3,23.66,37.82,56.85,0.909,57.28
A0486,2025-04-29,7.6,86.79,121.71,169.26,0.556,128.31
A0486,2025-04-30,7.6,198.25,267.7,362.29,0.556,280.84
A0486,2025-05-01,7.6,130.23,175.66,237.54,0.556,184.25
A0486,2025-05-02,7.6,174.22,237.73,324.24,0.556,249.74
A0486,2025-05-03,7.6,173.44,241.53,334.26,0.556,254.41
A0486,2025-05-04,7.6,167.64,228.07,310.39,0.556,239.51
A0486,2025-05-05,7.6,142.49,195.22,267.03,0.556,205.19
A0486,2025-05-06,7.6,160.7,218.2,296.51,0.556,229.08
A0486,2025-05-07,7.6,76.28,111.82,160.22,0.556,118.54
A0486,2025-05-08,7.6,84.58,122.85,174.97,0.556,130.09
A0486,2025-05-09,7.6,92.06,130.15,182.04,0.556,137.36
A0486,2025-05-10,7.6,92.43,133.08,188.46,0.556,140.77
A0486,2025-05-11,7.6,77.45,110.14,154.67,0.556,116.33
A0486,2025-05-12,7.6,90.65,128.44,179.91,0.556,135.59
A0487,2025-04-29,171.6,1.55,11.67,27.74,0.909,28.11
A0487,2025-04-30,171.6,2.24,13.69,31.34,0.909,31.75
A0487,2025-05-01,171.6,1.13,10.82,25.96,0.909,26.3
A0487,2025-05-02,171.6,2.22,13.71,31.48,0.909,31.89
A0487,2025-05-03,171.6,2.42,14.24,32.31,0.909,32.72
A0487,2025-05-04,171.6,1.01,10.3,25.24,0.909,25.58
A0487,2025-05-05,171.6,1.64,11.92,28.12,0.909,28.49
A0487,2025-05-06,171.6,1.83,12.51,29.35,0.909,29.73
A0487,2025-05-07,171.6,2.07,13.13,30.45,0.909,30.84
A0487,2025-05-08,171.6,2.59,14.38,32.84,0.909,33.26
A0487,2025-05-09,171.6,2.92,15.29,34.78,0.909,35.22
A0487,2025-05-10,171.6,3.19,15.93,35.72,0.909,36.17
A0487,2025-05-11,171.6,1.34,10.88,26.38,0.909,26.73
A0487,2025-05-12,171.6,2.78,14.57,33.22,0.909,33.65
A0488,2025-04-29,374.8,7.43,13.13,21.09,0.909,21.27
A0488,2025-04-30,374.8,9.21,16.67,27.07,0.909,27.3
A0488,2025-05-01,374.8,6.26,10.66,16.79,0.909,16.93
A0488,2025-05-02,374.8,8.66,15.45,24.92,0.909,25.13
A0488,2025-05-03,374.8,8.93,16.09,26.07,0.909,26.3
A0488,2025-05-04,374.8,6.14,10.8,17.31,0.909,17.46
A0488,2025-05-05,374.8,6.95,11.96,18.96,0.909,19.11
A0488,2025-05-06,374.8,7.11,12.56,20.17,0.909,20.34
A0488,2025-05-07,374.8,8.71,15.21,24.28,0.909,24.49
A0488,2025-05-08,374.8,9.47,16.95,27.39,0.909,27.63
A0488,2025-05-09,374.8,10.64,19.06,30.8,0.909,31.07
A0488,2025-05-10,374.8,10.7,19.39,31.52,0.909,31.79
A0488,2025-05-11,374.8,6.77,11.71,18.6,0.909,18.76
A0488,2025-05-12,374.8,8.57,15.29,24.67,0.909,24.88
A0489,2025-04-29,9.7,27.07,40.84,60.93,0.556,43.63
A0489,2025-04-30,9.7,33.34,48.5,70.61,0.556,51.57
A0489,2025-05-01,9.7,23.66,36.97,56.4,0.556,39.67
A0489,2025-05-02,9.7,32.4,49.07,73.39,0.556,52.45
A0489,2025-05-03,9.7,32.54,49.66,74.64,0.556,53.13
A0489,2025-05-04,9.7,26.2,38.66,56.84,0.556,41.18
A0489,2025-05-05,9.7,26.23,39.64,59.22,0.556,42.36
A0489,2025-05-06,9.7,28.08,41.34,60.71,0.556,44.03
A0489,2025-05-07,9.7,28.14,42.94,64.54,0.556,45.94
A0489,2025-05-08,9.7,31.61,46.74,68.83,0.556,49.81
A0489,2025-05-09,9.7,33.75,50.39,74.66,0.556,53.76
A0489,2025-05-10,9.7,34.07,50.95,75.59,0.556,54.38
A0489,2025-05-11,9.7,23.15,34.75,51.68,0.556,37.11
A0489,2025-05-12,9.7,29.75,44.21,65.31,0.556,47.14
A0490,2025-04-29,7.6,101.42,146.2,195.44,0.556,153.03
A0490,2025-04-30,7.6,122.93,182.93,248.92,0.556,192.09
A0490,2025-05-01,7.6,80.47,115.83,154.72,0.556,121.23
A0490,2025-05-02,7.6,111.97,162.63,218.35,0.556,170.37
A0490,2025-05-03,7.6,113.68,166.08,223.72,0.556,174.09
A0490,2025-05-04,7.6,106.91,160.04,218.46,0.556,168.15
A0490,2025-05-05,7.6,88.12,126.23,168.15,0.556,132.05
A0490,2025-05-06,7.6,100.65,145.62,195.07,0.556,152.48
A0490,2025-05-07,7.6,105.97,151.95,202.53,0.556,158.98
A0490,2025-05-08,7.6,111.7,161.87,217.04,0.556,169.53
A0490,2025-05-09,7.6,112.43,163.1,218.83,0.556,170.84
A0490,2025-05-10,7.6,114.44,166.93,224.66,0.556,174.95
A0490,2025-05-11,7.6,94.04,140.02,190.59,0.556,147.04
A0490,2025-05-12,7.6,106.3,152.77,203.87,0.556,159.86
A0491,2025-04-29,336.6,3.65,16.15,37.83,0.909,38.32
A0491,2025-04-30,336.6,4.23,17.88,40.81,0.909,41.33
A0491,2025-05-01,336.6,2.68,14.03,33.32,0.909,33.75
A0491,2025-05-02,336.6,1.41,11.03,27.36,0.909,27.74
A0491,2025-05-03,336.6,1.69,11.89,28.82,0.909,29.21
A0491,2025-05-04,336.6,0.81,8.97,23.43,0.909,23.76
A0491,2025-05-05,336.6,1.47,10.73,26.68,0.909,27.04
A0491,2025-05-06,336.6,1.59,11.4,28.1,0.909,28.48
A0491,2025-05-07,336.6,1.98,12.46,30.1,0.909,30.5
A0491,2025-05-08,336.6,11.57,35.16,75.41,0.909,76.33
A0491,2025-05-09,336.6,12.58,38.29,83.64,0.909,84.67
A0491,2025-05-10,336.6,11.79,36.41,79.73,0.909,80.71
A0491,2025-05-11,336.6,7.16,23.56,53.97,0.909,54.66
A0491,2025-05-12,336.6,1.69,11.64,28.94,0.909,29.34
A0492,2025-04-29,431.2,8.75,16.3,25.76,0.909,25.97
A0492,2025-04-30,431.2,11.3,21.93,35.25,0.909,35.55
A0492,2025-05-01,431.2,7.95,15.05,23.95,0.909,24.15
A0492,2025-05-02,431.2,10.32,18.65,29.1,0.909,29.34
A0492,2025-05-03,431.2,10.18,18.42,28.74,0.909,28.98
A0492,2025-05-04,431.2,6.78,12.69,20.11,0.909,20.28
A0492,2025-05-05,431.2,8.06,15.13,23.99,0.909,24.19
A0492,2025-05-06,431.2,8.57,15.71,24.66,0.909,24.87
A0492,2025-05-07,431.2,10.1,18.92,29.97,0.909,30.22
A0492,2025-05-08,431.2,11.02,20.59,32.58,0.909,32.86
A0492,2025-05-09,431.2,12.49,23.51,37.31,0.909,37.62
A0492,2025-05-10,431.2,12.16,22.74,35.99,0.909,36.29
A0492,2025-05-11,431.2,7.57,13.93,21.9,0.909,22.08
A0492,2025-05-12,431.2,9.71,18.22,28.88,0.909,29.12
A0493,2025-04-29,365.0,22.58,26.86,30.91,0.909,31.0
A0493,2025-04-30,365.0,41.05,49.21,56.91,0.909,57.08
A0493,2025-05-01,365.0,30.14,39.7,48.73,0.909,48.93
A0493,2025-05-02,365.0,39.05,47.29,55.08,0.909,55.25
A0493,2025-05-03,365.0,39.72,48.69,57.17,0.909,57.36
A0493,2025-05-04,365.0,36.13,44.2,51.84,0.909,52.01
A0493,2025-05-05,365.0,19.41,25.16,30.59,0.909,30.71
A0493,2025-05-06,365.0,22.01,26.87,31.47,0.909,31.57
A0493,2025-05-07,365.0,21.16,24.98,28.58,0.909,28.66
A0493,2025-05-08,365.0,23.63,28.44,32.99,0.909,33.09
A0493,2025-05-09,365.0,25.73,29.76,33.56,0.909,33.64
A0493,2025-05-10,365.0,27.65,32.24,36.59,0.909,36.68
A0493,2025-05-11,365.0,20.04,24.2,28.13,0.909,28.22
A0493,2025-05-12,365.0,24.07,28.91,33.47,0.909,33.58
A0494,2025-04-29,7.0,41.17,95.38,177.21,0.556,106.74
A0494,2025-04-30,7.0,51.92,115.71,214.71,0.556,129.46
A0494,2025-05-01,7.0,34.16,80.25,151.14,0.556,90.1
A0494,2025-05-02,7.0,49.72,110.4,204.04,0.556,123.41
A0494,2025-05-03,7.0,50.4,111.61,205.37,0.556,124.63
A0494,2025-05-04,7.0,45.43,101.94,190.37,0.556,114.22
A0494,2025-05-05,7.0,41.14,93.02,173.51,0.556,104.2
A0494,2025-05-06,7.0,43.92,99.66,185.45,0.556,111.57
A0494,2025-05-07,7.0,43.91,99.84,185.45,0.556,111.73
A0494,2025-05-08,7.0,48.41,108.02,200.09,0.556,120.8
A0494,2025-05-09,7.0,51.51,113.66,210.81,0.556,127.15
A0494,2025-05-10,7.0,52.15,114.79,211.82,0.556,128.27
A0494,2025-05-11,7.0,39.67,90.54,168.74,0.556,101.4
A0494,2025-05-12,7.0,48.84,108.42,200.76,0.556,121.24
A0495,2025-04-29,5.3,154.56,207.85,267.18,0.556,216.09
A0495,2025-04-30,5.3,184.88,249.81,322.1,0.556,259.85
A0495,2025-05-01,5.3,118.44,161.49,209.43,0.556,168.15
A0495,2025-05-02,5.3,169.76,226.45,289.56,0.556,235.21
A0495,2025-05-03,5.3,168.09,226.76,292.09,0.556,235.83
A0495,2025-05-04,5.3,145.81,195.59,251.03,0.556,203.29
A0495,2025-05-05,5.3,130.44,178.36,231.72,0.556,185.77
A0495,2025-05-06,5.3,150.05,205.04,266.28,0.556,213.55
A0495,2025-05-07,5.3,158.15,211.41,270.73,0.556,219.65
A0495,2025-05-08,5.3,169.73,228.58,294.11,0.556,237.68
A0495,2025-05-09,5.3,184.58,242.57,307.15,0.556,251.54
A0495,2025-05-10,5.3,182.05,242.6,310.03,0.556,251.97
A0495,2025-05-11,5.3,131.88,178.75,230.95,0.556,186.0
A0495,2025-05-12,5.3,162.75,220.57,284.96,0.556,229.51
A0496,2025-04-29,6.4,96.46,135.89,185.96,0.556,142.85
A0496,2025-04-30,6.4,116.11,160.61,217.13,0.556,168.46
A0496,2025-05-01,6.4,81.43,111.66,150.04,0.556,116.99
A0496,2025-05-02,6.4,110.03,150.06,200.88,0.556,157.12
A0496,2025-05-03,6.4,111.64,151.65,202.45,0.556,158.7
A0496,2025-05-04,6.4,100.69,138.37,186.22,0.556,145.02
A0496,2025-05-05,6.4,90.13,123.51,165.9,0.556,129.4
A0496,2025-05-06,6.4,99.25,138.58,188.52,0.556,145.52
A0496,2025-05-07,6.4,189.94,262.24,354.05,0.556,274.99
A0496,2025-05-08,6.4,206.05,287.4,390.7,0.556,301.75
A0496,2025-05-09,6.4,206.91,287.37,389.55,0.556,301.56
A0496,2025-05-10,6.4,207.36,287.69,389.69,0.556,301.86
A0496,2025-05-11,6.4,78.05,112.36,155.93,0.556,118.41
A0496,2025-05-12,6.4,93.66,132.82,182.54,0.556,139.73
A0497,2025-04-29,13.5,30.37,45.24,61.97,0.909,62.35
A0497,2025-04-30,13.5,40.21,56.85,75.57,0.909,76.0
A0497,2025-05-01,13.5,25.42,40.23,56.89,0.909,57.27
A0497,2025-05-02,13.5,35.12,51.44,69.81,0.909,70.22
A0497,2025-05-03,13.5,35.63,54.16,74.99,0.909,75.47
A0497,2025-05-04,13.5,31.44,46.33,63.09,0.909,63.47
A0497,2025-05-05,13.5,29.57,45.57,63.56,0.909,63.97
A0497,2025-05-06,13.5,29.83,45.06,62.19,0.909,62.58
A0497,2025-05-07,13.5,29.73,44.18,60.43,0.909,60.8
A0497,2025-05-08,13.5,31.34,46.8,64.2,0.909,64.59
A0497,2025-05-09,13.5,34.77,50.81,68.85,0.909,69.26
A0497,2025-05-10,13.5,35.66,54.0,74.64,0.909,75.11
A0497,2025-05-11,13.5,26.78,40.9,56.78,0.909,57.15
A0497,2025-05-12,13.5,32.77,49.08,67.43,0.909,67.84
A0498,2025-04-29,150.5,5.03,12.86,21.31,0.909,21.51
A0498,2025-04-30,150.5,7.36,16.82,27.05,0.909,27.29
A0498,2025-05-01,150.5,4.45,9.39,14.74,0.909,14.86
A0498,2025-05-02,150.5,7.15,17.28,28.24,0.909,28.48
A0498,2025-05-03,150.5,22.79,34.31,46.78,0.909,47.07
A0498,2025-05-04,150.5,18.74,27.14,36.22,0.909,36.42
A0498,2025-05-05,150.5,19.28,27.38,36.14,0.909,36.34
A0498,2025-05-06,150.5,19.03,29.37,40.55,0.909,40.81
A0498,2025-05-07,150.5,17.51,26.4,36.01,0.909,36.23
A0498,2025-05-08,150.5,20.37,30.19,40.82,0.909,41.06
A0498,2025-05-09,150.5,5.07,15.3,26.37,0.909,26.62
A0498,2025-05-10,150.5,6.02,15.4,25.55,0.909,25.78
A0498,2025-05-11,150.5,3.52,9.27,15.5,0.909,15.64
A0498,2025-05-12,150.5,5.53,13.33,21.77,0.909,21.96
A0499,2025-04-29,4.5,58.35,86.5,123.15,0.556,91.59
A0499,2025-04-30,4.5,73.45,108.87,154.95,0.556,115.27
A0499,2025-05-01,4.5,48.84,72.38,103.03,0.556,76.64
A0499,2025-05-02,4.5,70.29,99.27,136.98,0.556,104.51
A0499,2025-05-03,4.5,68.7,97.46,134.88,0.556,102.66
A0499,2025-05-04,4.5,57.12,83.49,117.81,0.556,88.26
A0499,2025-05-05,4.5,56.12,83.86,119.96,0.556,88.88
A0499,2025-05-06,4.5,58.72,87.76,125.54,0.556,93.01
A0499,2025-05-07,4.5,59.66,84.55,116.94,0.556,89.05
A0499,2025-05-08,4.5,63.62,91.23,127.17,0.556,96.23
A0499,2025-05-09,4.5,70.37,99.44,137.29,0.556,104.7
A0499,2025-05-10,4.5,68.77,97.93,135.87,0.556,103.2
A0499,2025-05-11,4.5,50.51,73.69,103.86,0.556,77.88
A0499,2025-05-12,4.5,64.66,94.72,133.84,0.556,100.15
A0500,2025-04-29,383.4,33.68,85.78,171.27,0.909,173.22
A0500,2025-04-30,383.4,42.6,104.33,205.64,0.909,207.94
A0500,2025-05-01,383.4,28.93,73.89,148.77,0.909,150.47
A0500,2025-05-02,383.4,44.19,106.98,209.84,0.909,212.18
A0500,2025-05-03,383.4,44.83,108.11,210.84,0.909,213.17
A0500,2025-05-04,383.4,26.16,66.68,136.2,0.909,137.78
A0500,2025-05-05,383.4,32.35,80.2,160.12,0.909,161.94
A0500,2025-05-06,383.4,34.15,84.81,169.48,0.909,171.41
A0500,2025-05-07,383.4,37.19,91.75,181.85,0.909,183.9
A0500,2025-05-08,383.4,42.19,102.06,201.04,0.909,203.29
A0500,2025-05-09,383.4,47.67,113.93,223.75,0.909,226.25
A0500,2025-05-10,383.4,48.45,115.32,225.03,0.909,227.52
A0500,2025-05-11,383.4,25.82,65.47,133.54,0.909,135.09
A0500,2025-05-12,383.4,39.69,96.28,190.3,0.909,192.44
A0501,2025-04-29,174.3,11.35,18.78,31.47,0.909,31.76
A0501,2025-04-30,174.3,13.04,19.26,29.9,0.909,30.14
A0501,2025-05-01,174.3,10.0,15.31,24.38,0.909,24.59
A0501,2025-05-02,174.3,13.5,21.78,35.91,0.909,36.23
A0501,2025-05-03,174.3,13.98,21.88,35.38,0.909,35.69
A0501,2025-05-04,174.3,9.81,15.01,23.9,0.909,24.1
A0501,2025-05-05,174.3,11.14,17.5,28.38,0.909,28.62
A0501,2025-05-06,174.3,11.51,18.81,31.28,0.909,31.57
A0501,2025-05-07,174.3,11.52,18.59,30.66,0.909,30.93
A0501,2025-05-08,174.3,13.12,20.33,32.65,0.909,32.93
A0501,2025-05-09,174.3,14.08,22.49,36.87,0.909,37.19
A0501,2025-05-10,174.3,14.48,22.46,36.1,0.909,36.41
A0501,2025-05-11,174.3,9.17,14.72,24.21,0.909,24.42
A0501,2025-05-12,174.3,12.46,20.15,33.3,0.909,33.6
A0502,2025-04-29,352.1,12.29,18.91,27.03,0.909,27.22
A0502,2025-04-30,352.1,22.64,38.84,58.72,0.909,59.17
A0502,2025-05-01,352.1,14.42,22.08,31.48,0.909,31.69
A0502,2025-05-02,352.1,20.67,32.08,46.08,0.909,46.4
A0502,2025-05-03,352.1,14.81,23.55,34.26,0.909,34.51
A0502,2025-05-04,352.1,11.04,18.75,28.2,0.909,28.42
A0502,2025-05-05,352.1,12.02,18.68,26.85,0.909,27.04
A0502,2025-05-06,352.1,12.32,19.06,27.32,0.909,27.51
A0502,2025-05-07,352.1,11.88,19.26,28.33,0.909,28.53
A0502,2025-05-08,352.1,12.54,19.6,28.27,0.909,28.47
A0502,2025-05-09,352.1,14.47,22.48,32.3,0.909,32.52
A0502,2025-05-10,352.1,14.37,23.02,33.62,0.909,33.86
A0502,2025-05-11,352.1,10.01,16.18,23.76,0.909,23.93
A0502,2025-05-12,352.1,13.33,20.94,30.26,0.909,30.47
A0503,2025-04-29,7.9,101.47,138.42,182.34,0.556,144.52
A0503,2025-04-30,7.9,122.81,170.07,226.25,0.556,177.87
A0503,2025-05-01,7.9,78.13,105.11,137.17,0.556,109.56
A0503,2025-05-02,7.9,110.38,152.74,203.09,0.556,159.74
A0503,2025-05-03,7.9,107.66,148.43,196.88,0.556,155.16
A0503,2025-05-04,7.9,102.03,143.99,193.86,0.556,150.92
A0503,2025-05-05,7.9,87.51,119.6,157.75,0.556,124.9
A0503,2025-05-06,7.9,99.75,137.22,181.75,0.556,143.4
A0503,2025-05-07,7.9,99.35,136.73,181.16,0.556,142.9
A0503,2025-05-08,7.9,109.05,149.14,196.8,0.556,155.76
A0503,2025-05-09,7.9,115.93,158.24,208.53,0.556,165.22
A0503,2025-05-10,7.9,112.01,152.91,201.53,0.556,159.67
A0503,2025-05-11,7.9,92.22,130.2,175.33,0.556,136.46
A0503,2025-05-12,7.9,105.36,144.67,191.4,0.556,151.16
A0504,2025-04-29,5.8,52.76,67.45,89.14,0.556,70.46
A0504,2025-04-30,5.8,60.22,72.85,91.49,0.556,75.44
A0504,2025-05-01,5.8,43.52,56.78,76.35,0.556,59.49
A0504,2025-05-02,5.8,61.54,77.66,101.45,0.556,80.96
A0504,2025-05-03,5.8,61.25,79.17,105.62,0.556,82.85
A0504,2025-05-04,5.8,49.29,61.54,79.62,0.556,64.05
A0504,2025-05-05,5.8,50.18,65.27,87.53,0.556,68.36
A0504,2025-05-06,5.8,55.15,70.21,92.45,0.556,73.3
A0504,2025-05-07,5.8,57.81,70.61,89.5,0.556,73.23
A0504,2025-05-08,5.8,63.98,78.82,100.72,0.556,81.86
A0504,2025-05-09,5.8,69.26,84.86,107.88,0.556,88.06
A0504,2025-05-10,5.8,67.6,85.13,110.99,0.556,88.72
A0504,2025-05-11,5.8,47.82,60.3,78.7,0.556,62.85
A0504,2025-05-12,5.8,61.59,77.55,101.1,0.556,80.82
A0505,2025-04-29,5.5,33.99,54.94,78.63,0.556,58.23
A0505,2025-04-30,5.5,41.26,63.33,88.28,0.556,66.79
A0505,2025-05-01,5.5,29.86,44.0,59.99,0.556,46.22
A0505,2025-05-02,5.5,40.62,62.49,87.22,0.556,65.92
A0505,2025-05-03,5.5,42.74,66.25,92.83,0.556,69.94
A0505,2025-05-04,5.5,33.35,51.43,71.89,0.556,54.27
A0505,2025-05-05,5.5,33.15,50.22,69.53,0.556,52.9
A0505,2025-05-06,5.5,34.78,55.88,79.73,0.556,59.19
A0505,2025-05-07,5.5,34.6,53.48,74.82,0.556,56.44
A0505,2025-05-08,5.5,38.28,59.48,83.45,0.556,62.8
A0505,2025-05-09,5.5,40.87,63.01,88.04,0.556,66.49
A0505,2025-05-10,5.5,42.64,66.46,93.4,0.556,70.2
A0505,2025-05-11,5.5,30.16,46.85,65.73,0.556,49.47
A0505,2025-05-12,5.5,38.68,60.72,85.65,0.556,64.18
A0506,2025-04-29,3.0,86.37,126.73,178.77,0.556,133.95
A0506,2025-04-30,3.0,113.08,166.34,235.04,0.556,175.88
A0506,2025-05-01,3.0,74.24,111.52,159.59,0.556,118.19
A0506,2025-05-02,3.0,117.54,172.46,243.28,0.556,182.29
A0506,2025-05-03,3.0,114.64,170.63,242.84,0.556,180.66
A0506,2025-05-04,3.0,79.86,114.37,158.87,0.556,120.55
A0506,2025-05-05,3.0,84.77,121.81,169.58,0.556,128.45
A0506,2025-05-06,3.0,88.63,130.09,183.54,0.556,137.51
A0506,2025-05-07,3.0,87.97,127.12,177.6,0.556,134.13
A0506,2025-05-08,3.0,103.55,151.78,213.99,0.556,160.42
A0506,2025-05-09,3.0,118.92,172.55,241.72,0.556,182.16
A0506,2025-05-10,3.0,230.44,340.35,482.09,0.556,360.04
A0506,2025-05-11,3.0,134.64,191.51,264.85,0.556,201.7
A0506,2025-05-12,3.0,205.74,292.9,405.3,0.556,308.51
A0507,2025-04-29,2.7,15.26,25.48,37.66,0.556,27.17
A0507,2025-04-30,2.7,20.0,31.69,45.64,0.556,33.63
A0507,2025-05-01,2.7,15.01,25.25,37.46,0.556,26.94
A0507,2025-05-02,2.7,20.98,34.63,50.91,0.556,36.89
A0507,2025-05-03,2.7,22.2,36.11,52.7,0.556,38.41
A0507,2025-05-04,2.7,13.99,22.06,31.68,0.556,23.39
A0507,2025-05-05,2.7,16.24,26.61,38.99,0.556,28.33
A0507,2025-05-06,2.7,16.52,26.89,39.26,0.556,28.61
A0507,2025-05-07,2.7,16.21,26.68,39.17,0.556,28.42
A0507,2025-05-08,2.7,18.54,30.53,44.83,0.556,32.52
A0507,2025-05-09,2.7,20.18,33.57,49.55,0.556,35.79
A0507,2025-05-10,2.7,21.62,35.34,51.71,0.556,37.62
A0507,2025-05-11,2.7,12.24,19.92,29.08,0.556,21.19
A0507,2025-05-12,2.7,17.65,28.86,42.24,0.556,30.72
A0508,2025-04-29,387.0,1.35,3.25,6.33,0.909,6.4
A0508,2025-04-30,387.0,1.93,4.08,7.57,0.909,7.64
A0508,2025-05-01,387.0,0.93,4.43,10.12,0.909,10.25
A0508,2025-05-02,387.0,1.53,3.65,7.1,0.909,7.17
A0508,2025-05-03,387.0,1.67,3.54,6.59,0.909,6.66
A0508,2025-05-04,387.0,0.96,2.7,5.54,0.909,5.6
A0508,2025-05-05,387.0,1.15,3.53,7.39,0.909,7.48
A0508,2025-05-06,387.0,1.26,3.43,6.95,0.909,7.03
A0508,2025-05-07,387.0,1.6,3.26,5.96,0.909,6.02
A0508,2025-05-08,387.0,1.51,5.06,10.82,0.909,10.95
A0508,2025-05-09,387.0,1.89,4.16,7.85,0.909,7.93
A0508,2025-05-10,387.0,2.06,4.16,7.59,0.909,7.66
A0508,2025-05-11,387.0,1.17,3.25,6.62,0.909,6.7
A0508,2025-05-12,387.0,1.51,3.95,7.91,0.909,8.0
A0509,2025-04-29,33.1,5.85,12.26,20.33,0.909,20.51
A0509,2025-04-30,33.1,6.89,14.76,24.68,0.909,24.9
A0509,2025-05-01,33.1,9.42,15.89,24.04,0.909,24.23
A0509,2025-05-02,33.1,12.52,23.08,36.39,0.909,36.69
A0509,2025-05-03,33.1,11.72,23.78,38.97,0.909,39.32
A0509,2025-05-04,33.1,8.46,18.63,31.42,0.909,31.72
A0509,2025-05-05,33.1,9.79,17.48,27.17,0.909,27.39
A0509,2025-05-06,33.1,10.14,20.12,32.69,0.909,32.98
A0509,2025-05-07,33.1,4.56,10.99,19.08,0.909,19.26
A0509,2025-05-08,33.1,5.45,13.26,23.1,0.909,23.32
A0509,2025-05-09,33.1,5.85,13.72,23.64,0.909,23.86
A0509,2025-05-10,33.1,6.07,14.85,25.91,0.909,26.16
A0509,2025-05-11,33.1,4.95,11.22,19.1,0.909,19.28
A0509,2025-05-12,33.1,6.18,12.98,21.54,0.909,21.74
A0510,2025-04-29,7.7,51.19,73.76,104.5,0.556,78.03
A0510,2025-04-30,7.7,64.35,90.35,125.76,0.556,95.27
A0510,2025-05-01,7.7,43.21,61.43,86.24,0.556,64.88
A0510,2025-05-02,7.7,61.35,86.22,120.08,0.556,90.92
A0510,2025-05-03,7.7,61.54,85.51,118.16,0.556,90.05
A0510,2025-05-04,7.7,56.72,79.17,109.75,0.556,83.42
A0510,2025-05-05,7.7,50.44,70.91,98.78,0.556,74.78
A0510,2025-05-06,7.7,53.67,76.21,106.9,0.556,80.47
A0510,2025-05-07,7.7,56.86,79.03,109.21,0.556,83.22
A0510,2025-05-08,7.7,60.78,85.02,118.02,0.556,89.6
A0510,2025-05-09,7.7,64.59,89.47,123.35,0.556,94.18
A0510,2025-05-10,7.7,138.77,187.74,254.42,0.556,197.0
A0510,2025-05-11,7.7,118.2,159.38,215.45,0.556,167.17
A0510,2025-05-12,7.7,133.86,184.39,253.19,0.556,193.94
A0511,2025-04-29,370.5,5.62,10.83,18.64,0.909,18.82
A0511,2025-04-30,370.5,5.91,16.82,33.16,0.909,33.53
A0511,2025-05-01,370.5,4.68,8.51,14.26,0.909,14.39
A0511,2025-05-02,370.5,5.13,12.27,22.97,0.909,23.22
A0511,2025-05-03,370.5,5.55,13.32,24.96,0.909,25.22
A0511,2025-05-04,370.5,3.98,9.18,16.98,0.909,17.15
A0511,2025-05-05,370.5,4.7,9.04,15.53,0.909,15.68
A0511,2025-05-06,370.5,5.18,9.57,16.15,0.909,16.3
A0511,2025-05-07,370.5,5.54,13.58,25.62,0.909,25.9
A0511,2025-05-08,370.5,6.34,14.78,27.41,0.909,27.7
A0511,2025-05-09,370.5,6.47,16.34,31.12,0.909,31.46
A0511,2025-05-10,370.5,7.05,17.02,31.95,0.909,32.29
A0511,2025-05-11,370.5,5.01,9.49,16.2,0.909,16.35
A0511,2025-05-12,370.5,5.91,12.8,23.13,0.909,23.36
A0512,2025-04-29,371.2,23.1,34.69,49.88,0.909,50.22
A0512,2025-04-30,371.2,32.66,44.78,60.67,0.909,61.03
A0512,2025-05-01,371.2,18.97,27.54,38.78,0.909,39.03
A0512,2025-05-02,371.2,27.71,40.79,57.94,0.909,58.33
A0512,2025-05-03,371.2,26.63,39.29,55.9,0.909,56.28
A0512,2025-05-04,371.2,20.04,29.33,41.52,0.909,41.79
A0512,2025-05-05,371.2,20.63,30.54,43.52,0.909,43.82
A0512,2025-05-06,371.2,21.67,33.22,48.36,0.909,48.7
A0512,2025-05-07,371.2,23.66,35.07,50.03,0.909,50.37
A0512,2025-05-08,371.2,26.55,39.04,55.41,0.909,55.78
A0512,2025-05-09,371.2,29.78,42.82,59.92,0.909,60.3
A0512,2025-05-10,371.2,28.78,41.39,57.94,0.909,58.31
A0512,2025-05-11,371.2,18.36,27.29,39.0,0.909,39.26
A0512,2025-05-12,371.2,25.44,37.5,53.31,0.909,53.67
A0513,2025-04-29,5.8,29.04,40.82,56.58,0.556,43.01
A0513,2025-04-30,5.8,33.94,46.1,62.36,0.556,48.36
A0513,2025-05-01,5.8,24.86,35.59,49.92,0.556,37.58
A0513,2025-05-02,5.8,34.89,47.94,65.37,0.556,50.36
A0513,2025-05-03,5.8,35.9,48.61,65.59,0.556,50.96
A0513,2025-05-04,5.8,25.26,36.3,51.06,0.556,38.35
A0513,2025-05-05,5.8,26.83,37.49,51.74,0.556,39.47
A0513,2025-05-06,5.8,29.28,40.85,56.3,0.556,42.99
A0513,2025-05-07,5.8,30.02,41.75,57.42,0.556,43.92
A0513,2025-05-08,5.8,33.35,46.97,65.18,0.556,49.5
A0513,2025-05-09,5.8,36.84,50.22,68.11,0.556,52.71
A0513,2025-05-10,5.8,37.88,50.82,68.1,0.556,53.22
A0513,2025-05-11,5.8,23.76,34.5,48.85,0.556,36.49
A0513,2025-05-12,5.8,32.25,44.49,60.86,0.556,46.77
A0514,2025-04-29,162.9,8.35,14.34,22.16,0.909,22.34
A0514,2025-04-30,162.9,12.47,21.07,32.29,0.909,32.55
A0514,2025-05-01,162.9,6.33,10.47,15.88,0.909,16.0
A0514,2025-05-02,162.9,9.72,17.21,26.99,0.909,27.21
A0514,2025-05-03,162.9,10.97,18.3,27.88,0.909,28.1
A0514,2025-05-04,162.9,6.42,11.02,17.03,0.909,17.16
A0514,2025-05-05,162.9,7.09,12.1,18.64,0.909,18.79
A0514,2025-05-06,162.9,7.31,13.3,21.12,0.909,21.3
A0514,2025-05-07,162.9,8.38,14.21,21.83,0.909,22.0
A0514,2025-05-08,162.9,8.86,15.16,23.38,0.909,23.57
A0514,2025-05-09,162.9,10.05,17.63,27.54,0.909,27.76
A0514,2025-05-10,162.9,11.36,18.79,28.49,0.909,28.71
A0514,2025-05-11,162.9,5.96,9.77,14.74,0.909,14.85
A0514,2025-05-12,162.9,8.85,15.1,23.24,0.909,23.43
A0515,2025-04-29,158.3,3.05,6.91,11.43,0.909,11.53
A0515,2025-04-30,158.3,3.67,8.31,13.72,0.909,13.85
A0515,2025-05-01,158.3,2.86,6.71,11.22,0.909,11.32
A0515,2025-05-02,158.3,3.64,8.22,13.56,0.909,13.69
A0515,2025-05-03,158.3,4.13,8.98,14.64,0.909,14.77
A0515,2025-05-04,158.3,2.43,5.61,9.32,0.909,9.4
A0515,2025-05-05,158.3,2.99,6.93,11.54,0.909,11.64
A0515,2025-05-06,158.3,3.27,7.01,11.38,0.909,11.48
A0515,2025-05-07,158.3,2.81,6.36,10.51,0.909,10.6
A0515,2025-05-08,158.3,3.17,7.13,11.77,0.909,11.87
A0515,2025-05-09,158.3,3.2,7.88,13.34,0.909,13.46
A0515,2025-05-10,158.3,3.83,8.72,14.44,0.909,14.57
A0515,2025-05-11,158.3,2.15,4.82,7.93,0.909,8.0
A0515,2025-05-12,158.3,3.09,7.11,11.81,0.909,11.91
A0516,2025-04-29,422.3,11.46,13.86,17.74,0.909,17.83
A0516,2025-04-30,422.3,14.03,17.49,23.12,0.909,23.25
A0516,2025-05-01,422.3,9.63,12.44,16.99,0.909,17.1
A0516,2025-05-02,422.3,12.29,16.63,23.67,0.909,23.83
A0516,2025-05-03,422.3,13.06,16.46,21.97,0.909,22.09
A0516,2025-05-04,422.3,8.04,10.93,15.64,0.909,15.74
A0516,2025-05-05,422.3,9.62,12.53,17.24,0.909,17.34
A0516,2025-05-06,422.3,10.33,12.77,16.72,0.909,16.81
A0516,2025-05-07,422.3,12.6,16.03,21.61,0.909,21.73
A0516,2025-05-08,422.3,13.67,16.52,21.13,0.909,21.24
A0516,2025-05-09,422.3,14.81,19.22,26.37,0.909,26.53
A0516,2025-05-10,422.3,15.54,19.01,24.63,0.909,24.75
A0516,2025-05-11,422.3,9.43,12.44,17.33,0.909,17.44
A0516,2025-05-12,422.3,12.11,15.03,19.79,0.909,19.89
A0517,2025-04-29,6.1,258.73,360.53,493.74,0.556,379.03
A0517,2025-04-30,6.1,326.95,462.56,640.03,0.556,487.21
A0517,2025-05-01,6.1,423.1,627.03,893.9,0.556,664.09
A0517,2025-05-02,6.1,495.55,714.74,1001.57,0.556,754.58
A0517,2025-05-03,6.1,494.28,711.24,995.17,0.556,750.68
A0517,2025-05-04,6.1,383.15,560.61,792.84,0.556,592.87
A0517,2025-05-05,6.1,342.74,488.88,680.12,0.556,515.44
A0517,2025-05-06,6.1,387.54,548.23,758.52,0.556,577.44
A0517,2025-05-07,6.1,375.84,524.07,718.04,0.556,551.01
A0517,2025-05-08,6.1,404.65,569.5,785.24,0.556,599.47
A0517,2025-05-09,6.1,241.85,348.81,488.78,0.556,368.25
A0517,2025-05-10,6.1,248.91,355.46,494.89,0.556,374.83
A0517,2025-05-11,6.1,211.19,307.44,433.38,0.556,324.93
A0517,2025-05-12,6.1,244.67,343.36,472.5,0.556,361.3
A0518,2025-04-29,340.3,51.51,71.37,93.26,0.909,93.76
A0518,2025-04-30,340.3,62.31,84.67,109.32,0.909,109.88
A0518,2025-05-01,340.3,43.79,62.19,82.48,0.909,82.94
A0518,2025-05-02,340.3,64.63,89.4,116.72,0.909,117.35
A0518,2025-05-03,340.3,65.55,91.63,120.39,0.909,121.04
A0518,2025-05-04,340.3,44.96,61.13,78.97,0.909,79.37
A0518,2025-05-05,340.3,50.26,69.24,90.16,0.909,90.63
A0518,2025-05-06,340.3,87.25,114.76,145.11,0.909,145.8
A0518,2025-05-07,340.3,89.77,119.26,151.77,0.909,152.51
A0518,2025-05-08,340.3,97.3,128.69,163.31,0.909,164.09
A0518,2025-05-09,340.3,107.8,143.97,183.86,0.909,184.76
A0518,2025-05-10,340.3,106.68,144.48,186.17,0.909,187.12
A0518,2025-05-11,340.3,67.51,89.45,113.65,0.909,114.2
A0518,2025-05-12,340.3,92.99,122.89,155.87,0.909,156.62
A0519,2025-04-29,378.0,4.85,7.55,11.9,0.909,12.0
A0519,2025-04-30,378.0,5.57,8.99,14.5,0.909,14.63
A0519,2025-05-01,378.0,3.6,6.99,12.46,0.909,12.58
A0519,2025-05-02,378.0,5.41,9.3,15.57,0.909,15.72
A0519,2025-05-03,378.0,5.65,9.15,14.79,0.909,14.92
A0519,2025-05-04,378.0,3.56,6.69,11.73,0.909,11.85
A0519,2025-05-05,378.0,4.18,7.61,13.16,0.909,13.28
A0519,2025-05-06,378.0,4.67,7.63,12.4,0.909,12.51
A0519,2025-05-07,378.0,5.58,8.12,12.23,0.909,12.32
A0519,2025-05-08,378.0,5.81,8.85,13.75,0.909,13.86
A0519,2025-05-09,378.0,6.79,10.59,16.71,0.909,16.84
A0519,2025-05-10,378.0,6.92,10.49,16.25,0.909,16.38
A0519,2025-05-11,378.0,3.91,7.01,12.01,0.909,12.13
A0519,2025-05-12,378.0,5.16,8.44,13.73,0.909,13.85
A0520,2025-04-29,5.7,24.67,38.91,55.67,0.556,41.24
A0520,2025-04-30,5.7,31.85,45.23,60.96,0.556,47.41
A0520,2025-05-01,5.7,21.92,34.27,48.8,0.556,36.29
A0520,2025-05-02,5.7,30.77,47.72,67.66,0.556,50.49
A0520,2025-05-03,5.7,32.06,49.55,70.14,0.556,52.41
A0520,2025-05-04,5.7,22.8,33.81,46.75,0.556,35.6
A0520,2025-05-05,5.7,24.62,37.25,52.12,0.556,39.32
A0520,2025-05-06,5.7,24.58,38.76,55.43,0.556,41.08
A0520,2025-05-07,5.7,26.41,40.22,56.47,0.556,42.48
A0520,2025-05-08,5.7,29.13,45.69,65.16,0.556,48.39
A0520,2025-05-09,5.7,31.28,49.36,70.63,0.556,52.32
A0520,2025-05-10,5.7,32.89,51.49,73.37,0.556,54.53
A0520,2025-05-11,5.7,21.57,33.32,47.15,0.556,35.24
A0520,2025-05-12,5.7,29.07,43.88,61.29,0.556,46.29
A0521,2025-04-29,306.3,22.86,37.39,54.01,0.909,54.39
A0521,2025-04-30,306.3,29.34,46.58,66.32,0.909,66.77
A0521,2025-05-01,306.3,21.77,34.21,48.44,0.909,48.76
A0521,2025-05-02,306.3,30.94,47.95,67.41,0.909,67.85
A0521,2025-05-03,306.3,31.33,49.14,69.51,0.909,69.98
A0521,2025-05-04,306.3,22.52,33.91,46.94,0.909,47.23
A0521,2025-05-05,306.3,24.84,37.92,52.89,0.909,53.23
A0521,2025-05-06,306.3,25.44,40.36,57.43,0.909,57.82
A0521,2025-05-07,306.3,26.32,41.53,58.94,0.909,59.34
A0521,2025-05-08,306.3,28.22,44.78,63.74,0.909,64.17
A0521,2025-05-09,306.3,28.91,45.68,64.87,0.909,65.31
A0521,2025-05-10,306.3,29.38,47.11,67.39,0.909,67.85
A0521,2025-05-11,306.3,19.5,30.41,42.89,0.909,43.17
A0521,2025-05-12,306.3,27.35,42.69,60.24,0.909,60.63
A0522,2025-04-29,432.4,6.1,13.99,26.07,0.909,26.35
A0522,2025-04-30,432.4,8.11,13.34,21.35,0.909,21.54
A0522,2025-05-01,432.4,5.74,12.22,22.12,0.909,22.35
A0522,2025-05-02,432.4,6.61,13.71,24.58,0.909,24.83
A0522,2025-05-03,432.4,7.09,14.76,26.49,0.909,26.76
A0522,2025-05-04,432.4,4.99,8.79,14.62,0.909,14.76
A0522,2025-05-05,432.4,5.74,11.99,21.56,0.909,21.78
A0522,2025-05-06,432.4,6.13,13.15,23.89,0.909,24.13
A0522,2025-05-07,432.4,6.13,15.71,30.37,0.909,30.7
A0522,2025-05-08,432.4,7.03,17.54,33.63,0.909,33.99
A0522,2025-05-09,432.4,7.31,17.9,34.11,0.909,34.48
A0522,2025-05-10,432.4,8.02,18.8,35.31,0.909,35.68
A0522,2025-05-11,432.4,5.27,11.74,21.65,0.909,21.87
A0522,2025-05-12,432.4,6.51,15.01,28.02,0.909,28.32
A0523,2025-04-29,3.1,29.43,47.04,69.98,0.556,50.22
A0523,2025-04-30,3.1,39.64,60.23,87.06,0.556,63.96
A0523,2025-05-01,3.1,25.29,40.41,60.11,0.556,43.15
A0523,2025-05-02,3.1,38.24,57.54,82.69,0.556,61.03
A0523,2025-05-03,3.1,37.59,57.5,83.45,0.556,61.11
A0523,2025-05-04,3.1,25.85,38.92,55.96,0.556,41.29
A0523,2025-05-05,3.1,29.91,45.7,66.28,0.556,48.56
A0523,2025-05-06,3.1,29.6,47.64,71.14,0.556,50.9
A0523,2025-05-07,3.1,29.08,44.85,65.4,0.556,47.71
A0523,2025-05-08,3.1,32.75,51.38,75.67,0.556,54.76
A0523,2025-05-09,3.1,38.5,57.41,82.06,0.556,60.83
A0523,2025-05-10,3.1,38.23,57.91,83.56,0.556,61.47
A0523,2025-05-11,3.1,22.27,33.88,49.02,0.556,35.98
A0523,2025-05-12,3.1,34.41,51.94,74.79,0.556,55.11
A0524,2025-04-29,7.1,15.67,25.25,38.58,0.556,27.1
A0524,2025-04-30,7.1,20.47,33.71,52.11,0.556,36.26
A0524,2025-05-01,7.1,13.84,23.19,36.19,0.556,25.0
A0524,2025-05-02,7.1,19.98,32.28,49.37,0.556,34.65
A0524,2025-05-03,7.1,19.68,31.35,47.57,0.556,33.6
A0524,2025-05-04,7.1,13.44,22.55,35.21,0.556,24.31
A0524,2025-05-05,7.1,15.21,24.66,37.79,0.556,26.48
A0524,2025-05-06,7.1,15.53,24.63,37.27,0.556,26.38
A0524,2025-05-07,7.1,16.96,27.07,41.13,0.556,29.03
A0524,2025-05-08,7.1,18.61,29.86,45.5,0.556,32.03
A0524,2025-05-09,7.1,21.33,35.1,54.24,0.556,37.76
A0524,2025-05-10,7.1,21.01,33.8,51.57,0.556,36.27
A0524,2025-05-11,7.1,12.59,20.63,31.81,0.556,22.18
A0524,2025-05-12,7.1,18.03,28.6,43.29,0.556,30.64
A0525,2025-04-29,6.1,89.28,128.79,179.17,0.556,135.78
A0525,2025-04-30,6.1,101.72,148.22,207.52,0.556,156.46
A0525,2025-05-01,6.1,72.17,102.91,142.11,0.556,108.35
A0525,2025-05-02,6.1,98.54,143.0,199.71,0.556,150.88
A0525,2025-05-03,6.1,161.56,225.8,307.75,0.556,237.19
A0525,2025-05-04,6.1,147.54,208.68,286.67,0.556,219.52
A0525,2025-05-05,6.1,127.23,175.21,236.41,0.556,183.71
A0525,2025-05-06,6.1,143.47,203.44,279.93,0.556,214.06
A0525,2025-05-07,6.1,138.92,197.86,273.04,0.556,208.3
A0525,2025-05-08,6.1,149.29,213.2,294.71,0.556,224.52
A0525,2025-05-09,6.1,87.29,132.26,189.61,0.556,140.22
A0525,2025-05-10,6.1,93.41,137.23,193.12,0.556,144.99
A0525,2025-05-11,6.1,74.5,112.41,160.76,0.556,119.12
A0525,2025-05-12,6.1,89.57,129.77,181.05,0.556,136.89
A0526,2025-04-29,4.8,40.95,58.96,75.83,0.556,61.31
A0526,2025-04-30,4.8,51.83,77.36,101.26,0.556,80.68
A0526,2025-05-01,4.8,35.96,53.66,70.24,0.556,55.97
A0526,2025-05-02,4.8,52.75,73.62,93.17,0.556,76.34
A0526,2025-05-03,4.8,52.08,74.28,95.07,0.556,77.17
A0526,2025-05-04,4.8,37.1,52.58,67.07,0.556,54.59
A0526,2025-05-05,4.8,39.18,57.34,74.35,0.556,59.71
A0526,2025-05-06,4.8,41.38,59.88,77.2,0.556,62.29
A0526,2025-05-07,4.8,41.95,61.5,79.8,0.556,64.04
A0526,2025-05-08,4.8,49.29,73.16,95.51,0.556,76.27
A0526,2025-05-09,4.8,54.8,76.19,96.22,0.556,78.97
A0526,2025-05-10,4.8,53.72,76.63,98.09,0.556,79.61
A0526,2025-05-11,4.8,33.25,47.12,60.1,0.556,48.92
A0526,2025-05-12,4.8,47.57,69.33,89.7,0.556,72.16
A0527,2025-04-29,7.0,76.1,109.95,147.97,0.556,115.23
A0527,2025-04-30,7.0,87.75,121.23,158.83,0.556,126.45
A0527,2025-05-01,7.0,60.46,84.06,110.57,0.556,87.74
A0527,2025-05-02,7.0,82.27,116.23,154.39,0.556,121.53
A0527,2025-05-03,7.0,80.5,112.95,149.4,0.556,118.01
A0527,2025-05-04,7.0,75.78,106.7,141.44,0.556,111.53
A0527,2025-05-05,7.0,69.1,96.84,128.0,0.556,101.17
A0527,2025-05-06,7.0,74.58,108.89,147.43,0.556,114.24
A0527,2025-05-07,7.0,75.02,105.64,140.04,0.556,110.42
A0527,2025-05-08,7.0,82.75,115.12,151.47,0.556,120.16
A0527,2025-05-09,7.0,88.31,122.81,161.58,0.556,128.2
A0527,2025-05-10,7.0,85.45,118.52,155.67,0.556,123.68
A0527,2025-05-11,7.0,70.01,100.58,134.91,0.556,105.35
A0527,2025-05-12,7.0,82.5,115.26,152.07,0.556,120.38
A0528,2025-04-29,327.9,0.0,4.53,15.83,0.909,16.09
A0528,2025-04-30,327.9,0.21,5.79,18.21,0.909,18.49
A0528,2025-05-01,327.9,0.0,5.32,16.9,0.909,17.16
A0528,2025-05-02,327.9,0.23,6.53,19.51,0.909,19.8
A0528,2025-05-03,327.9,0.47,7.48,21.18,0.909,21.49
A0528,2025-05-04,327.9,0.07,5.86,17.92,0.909,18.19
A0528,2025-05-05,327.9,0.38,6.98,20.08,0.909,20.38
A0528,2025-05-06,327.9,0.51,7.66,21.51,0.909,21.83
A0528,2025-05-07,327.9,3.21,14.45,35.03,0.909,35.49
A0528,2025-05-08,327.9,3.53,15.54,37.5,0.909,38.0
A0528,2025-05-09,327.9,3.54,16.14,39.34,0.909,39.87
A0528,2025-05-10,327.9,3.52,16.35,39.59,0.909,40.12
A0528,2025-05-11,327.9,2.21,12.27,31.05,0.909,31.47
A0528,2025-05-12,327.9,0.6,8.69,23.91,0.909,24.26
A0529,2025-04-29,306.8,5.99,13.9,24.08,0.909,24.31
A0529,2025-04-30,306.8,6.7,15.67,27.21,0.909,27.47
A0529,2025-05-01,306.8,5.74,10.84,17.41,0.909,17.56
A0529,2025-05-02,306.8,7.63,15.01,24.49,0.909,24.71
A0529,2025-05-03,306.8,7.84,15.54,25.43,0.909,25.66
A0529,2025-05-04,306.8,4.77,10.09,16.92,0.909,17.07
A0529,2025-05-05,306.8,6.37,11.71,18.58,0.909,18.74
A0529,2025-05-06,306.8,6.38,14.33,24.57,0.909,24.8
A0529,2025-05-07,306.8,6.62,15.18,26.18,0.909,26.43
A0529,2025-05-08,306.8,7.27,16.43,28.21,0.909,28.48
A0529,2025-05-09,306.8,8.26,17.15,28.59,0.909,28.85
A0529,2025-05-10,306.8,8.41,17.66,29.54,0.909,29.81
A0529,2025-05-11,306.8,5.12,11.33,19.31,0.909,19.49
A0529,2025-05-12,306.8,6.75,14.14,23.63,0.909,23.85
A0530,2025-04-29,6.4,31.04,47.25,73.01,0.556,50.82
A0530,2025-04-30,6.4,38.93,55.34,81.44,0.556,58.97
A0530,2025-05-01,6.4,28.56,42.65,65.06,0.556,45.77
A0530,2025-05-02,6.4,41.51,60.9,91.73,0.556,65.18
A0530,2025-05-03,6.4,41.77,59.81,88.52,0.556,63.8
A0530,2025-05-04,6.4,27.22,39.14,58.08,0.556,41.77
A0530,2025-05-05,6.4,31.61,45.93,68.7,0.556,49.09
A0530,2025-05-06,6.4,33.14,49.88,76.52,0.556,53.58
A0530,2025-05-07,6.4,31.77,46.73,70.51,0.556,50.03
A0530,2025-05-08,6.4,36.62,54.15,82.03,0.556,58.02
A0530,2025-05-09,6.4,41.66,61.93,94.16,0.556,66.4
A0530,2025-05-10,6.4,41.93,60.98,91.27,0.556,65.19
A0530,2025-05-11,6.4,25.1,37.5,57.23,0.556,40.25
A0530,2025-05-12,6.4,36.83,52.96,78.62,0.556,56.53
A0531,2025-04-29,351.0,10.11,17.2,27.58,0.909,27.81
A0531,2025-04-30,351.0,11.29,20.2,33.25,0.909,33.55
A0531,2025-05-01,351.0,8.85,12.01,16.62,0.909,16.72
A0531,2025-05-02,351.0,11.22,19.25,30.99,0.909,31.26
A0531,2025-05-03,351.0,11.04,19.09,30.87,0.909,31.14
A0531,2025-05-04,351.0,7.11,12.63,20.71,0.909,20.89
A0531,2025-05-05,351.0,9.12,13.07,18.86,0.909,18.99
A0531,2025-05-06,351.0,9.84,16.79,26.96,0.909,27.19
A0531,2025-05-07,351.0,11.31,19.02,30.31,0.909,30.57
A0531,2025-05-08,351.0,12.45,21.39,34.47,0.909,34.77
A0531,2025-05-09,351.0,13.37,23.71,38.83,0.909,39.18
A0531,2025-05-10,351.0,13.11,23.28,38.15,0.909,38.49
A0531,2025-05-11,351.0,8.31,14.52,23.6,0.909,23.8
A0531,2025-05-12,351.0,11.27,18.74,29.67,0.909,29.92
A0532,2025-04-29,6.0,30.05,46.26,71.67,0.556,49.79
A0532,2025-04-30,6.0,38.73,61.96,98.36,0.556,67.01
A0532,2025-05-01,6.0,27.12,38.65,56.73,0.556,41.16
A0532,2025-05-02,6.0,36.55,57.08,89.25,0.556,61.55
A0532,2025-05-03,6.0,40.43,61.01,93.27,0.556,65.49
A0532,2025-05-04,6.0,29.46,46.78,73.9,0.556,50.54
A0532,2025-05-05,6.0,30.62,44.21,65.49,0.556,47.16
A0532,2025-05-06,6.0,31.63,47.17,71.51,0.556,50.55
A0532,2025-05-07,6.0,32.27,49.94,77.61,0.556,53.78
A0532,2025-05-08,6.0,36.95,55.65,84.96,0.556,59.72
A0532,2025-05-09,6.0,38.83,60.59,94.7,0.556,65.33
A0532,2025-05-10,6.0,43.0,64.47,98.12,0.556,69.15
A0532,2025-05-11,6.0,25.6,40.01,62.6,0.556,43.15
A0532,2025-05-12,6.0,35.29,53.75,82.68,0.556,57.77
A0533,2025-04-29,2.7,30.7,46.22,60.74,0.556,48.24
A0533,2025-04-30,2.7,38.75,60.62,81.07,0.556,63.46
A0533,2025-05-01,2.7,25.87,41.77,56.64,0.556,43.84
A0533,2025-05-02,2.7,43.72,64.01,82.98,0.556,66.64
A0533,2025-05-03,2.7,40.81,62.8,83.36,0.556,65.65
A0533,2025-05-04,2.7,28.0,43.77,58.52,0.556,45.82
A0533,2025-05-05,2.7,31.22,47.72,63.15,0.556,49.86
A0533,2025-05-06,2.7,32.19,46.89,60.63,0.556,48.8
A0533,2025-05-07,2.7,35.8,50.32,63.89,0.556,52.2
A0533,2025-05-08,2.7,39.41,55.58,70.69,0.556,57.68
A0533,2025-05-09,2.7,47.36,66.6,84.59,0.556,69.1
A0533,2025-05-10,2.7,43.27,63.72,82.84,0.556,66.37
A0533,2025-05-11,2.7,25.52,36.59,46.94,0.556,38.03
A0533,2025-05-12,2.7,38.93,55.56,71.11,0.556,57.72
A0534,2025-04-29,207.5,27.22,42.28,60.57,0.909,60.99
A0534,2025-04-30,207.5,32.69,47.48,65.45,0.909,65.86
A0534,2025-05-01,207.5,22.29,35.18,50.84,0.909,51.19
A0534,2025-05-02,207.5,33.66,51.47,73.11,0.909,73.6
A0534,2025-05-03,207.5,34.48,53.3,76.17,0.909,76.69
A0534,2025-05-04,207.5,20.29,29.87,41.51,0.909,41.77
A0534,2025-05-05,207.5,25.5,39.76,57.09,0.909,57.48
A0534,2025-05-06,207.5,27.55,43.32,62.47,0.909,62.9
A0534,2025-05-07,207.5,28.93,43.46,61.11,0.909,61.51
A0534,2025-05-08,207.5,32.97,48.82,68.08,0.909,68.52
A0534,2025-05-09,207.5,36.29,54.21,75.97,0.909,76.46
A0534,2025-05-10,207.5,36.99,56.21,79.54,0.909,80.08
A0534,2025-05-11,207.5,19.32,29.56,42.0,0.909,42.29
A0534,2025-05-12,207.5,30.87,46.75,66.04,0.909,66.48
A0535,2025-04-29,383.9,20.61,33.09,47.3,0.909,47.62
A0535,2025-04-30,383.9,25.41,39.37,55.27,0.909,55.63
A0535,2025-05-01,383.9,17.94,28.96,41.5,0.909,41.78
A0535,2025-05-02,383.9,24.04,38.58,55.13,0.909,55.51
A0535,2025-05-03,383.9,23.89,38.22,54.53,0.909,54.9
A0535,2025-05-04,383.9,19.34,29.23,40.49,0.909,40.74
A0535,2025-05-05,383.9,20.82,32.88,46.61,0.909,46.93
A0535,2025-05-06,383.9,20.69,33.22,47.48,0.909,47.81
A0535,2025-05-07,383.9,21.5,33.26,46.64,0.909,46.95
A0535,2025-05-08,383.9,23.54,36.98,52.28,0.909,52.63
A0535,2025-05-09,383.9,25.42,39.81,56.2,0.909,56.57
A0535,2025-05-10,383.9,24.78,38.99,55.17,0.909,55.54
A0535,2025-05-11,383.9,17.93,26.86,37.02,0.909,37.25
A0535,2025-05-12,383.9,23.96,37.48,52.87,0.909,53.22
A0536,2025-04-29,408.0,56.51,75.72,98.83,0.909,99.36
A0536,2025-04-30,408.0,69.07,94.99,126.17,0.909,126.88
A0536,2025-05-01,408.0,44.35,60.24,79.35,0.909,79.78
A0536,2025-05-02,408.0,65.85,87.79,114.2,0.909,114.81
A0536,2025-05-03,408.0,66.12,91.32,121.65,0.909,122.34
A0536,2025-05-04,408.0,44.81,62.5,83.78,0.909,84.26
A0536,2025-05-05,408.0,49.57,65.96,85.68,0.909,86.13
A0536,2025-05-06,408.0,54.34,72.16,93.61,0.909,94.1
A0536,2025-05-07,408.0,61.61,83.58,110.01,0.909,110.62
A0536,2025-05-08,408.0,95.97,135.92,183.99,0.909,185.09
A0536,2025-05-09,408.0,105.61,144.53,191.36,0.909,192.42
A0536,2025-05-10,408.0,103.0,146.52,198.9,0.909,200.09
A0536,2025-05-11,408.0,64.78,90.12,120.61,0.909,121.3
A0536,2025-05-12,408.0,87.63,120.58,160.21,0.909,161.12
A0537,2025-04-29,4.0,112.5,160.6,217.02,0.556,168.44
A0537,2025-04-30,4.0,137.97,196.49,265.15,0.556,206.03
A0537,2025-05-01,4.0,89.29,128.36,174.2,0.556,134.73
A0537,2025-05-02,4.0,123.56,175.22,235.81,0.556,183.63
A0537,2025-05-03,4.0,123.84,178.27,242.12,0.556,187.14
A0537,2025-05-04,4.0,109.75,158.36,215.39,0.556,166.28
A0537,2025-05-05,4.0,98.32,141.2,191.5,0.556,148.19
A0537,2025-05-06,4.0,113.34,160.18,215.13,0.556,167.81
A0537,2025-05-07,4.0,112.23,159.59,215.14,0.556,167.3
A0537,2025-05-08,4.0,123.9,174.1,232.99,0.556,182.28
A0537,2025-05-09,4.0,130.57,183.27,245.09,0.556,191.86
A0537,2025-05-10,4.0,131.13,186.07,250.52,0.556,195.02
A0537,2025-05-11,4.0,97.26,138.4,186.66,0.556,145.1
A0537,2025-05-12,4.0,119.65,170.83,230.86,0.556,179.16
A0538,2025-04-29,205.9,8.08,13.05,20.4,0.909,20.57
A0538,2025-04-30,205.9,9.0,15.71,25.65,0.909,25.88
A0538,2025-05-01,205.9,6.06,10.42,16.89,0.909,17.04
A0538,2025-05-02,205.9,8.97,14.41,22.46,0.909,22.65
A0538,2025-05-03,205.9,8.66,14.72,23.7,0.909,23.9
A0538,2025-05-04,205.9,5.58,9.84,16.16,0.909,16.31
A0538,2025-05-05,205.9,6.49,11.35,18.54,0.909,18.7
A0538,2025-05-06,205.9,7.68,12.72,20.2,0.909,20.37
A0538,2025-05-07,205.9,8.17,12.78,19.61,0.909,19.77
A0538,2025-05-08,205.9,11.99,18.22,27.45,0.909,27.66
A0538,2025-05-09,205.9,13.07,19.42,28.82,0.909,29.04
A0538,2025-05-10,205.9,12.33,19.43,29.96,0.909,30.2
A0538,2025-05-11,205.9,7.69,11.94,18.24,0.909,18.39
A0538,2025-05-12,205.9,10.62,16.84,26.04,0.909,26.25
A0539,2025-04-29,5.3,17.27,26.67,37.83,0.556,28.22
A0539,2025-04-30,5.3,22.03,32.97,45.96,0.556,34.77
A0539,2025-05-01,5.3,15.37,23.91,34.05,0.556,25.31
A0539,2025-05-02,5.3,22.28,34.33,48.64,0.556,36.31
A0539,2025-05-03,5.3,22.32,34.63,49.26,0.556,36.67
A0539,2025-05-04,5.3,15.19,23.65,33.71,0.556,25.05
A0539,2025-05-05,5.3,16.82,26.1,37.12,0.556,27.63
A0539,2025-05-06,5.3,17.38,26.43,37.18,0.556,27.92
A0539,2025-05-07,5.3,18.73,28.56,40.23,0.556,30.18
A0539,2025-05-08,5.3,21.04,31.89,44.79,0.556,33.68
A0539,2025-05-09,5.3,24.07,36.71,51.74,0.556,38.8
A0539,2025-05-10,5.3,24.11,36.86,52.02,0.556,38.97
A0539,2025-05-11,5.3,14.25,22.13,31.48,0.556,23.43
A0539,2025-05-12,5.3,19.73,30.34,42.95,0.556,32.09
A0540,2025-04-29,421.2,1.67,5.18,9.72,0.909,9.82
A0540,2025-04-30,421.2,2.46,8.15,15.51,0.909,15.68
A0540,2025-05-01,421.2,2.27,5.03,8.6,0.909,8.68
A0540,2025-05-02,421.2,2.25,6.65,12.35,0.909,12.48
A0540,2025-05-03,421.2,7.82,17.06,29.0,0.909,29.27
A0540,2025-05-04,421.2,5.17,11.67,20.06,0.909,20.25
A0540,2025-05-05,421.2,5.78,12.31,20.74,0.909,20.93
A0540,2025-05-06,421.2,1.78,5.19,9.59,0.909,9.69
A0540,2025-05-07,421.2,1.11,5.3,10.71,0.909,10.83
A0540,2025-05-08,421.2,1.55,5.99,11.72,0.909,11.85
A0540,2025-05-09,421.2,1.32,6.34,12.83,0.909,12.98
A0540,2025-05-10,421.2,1.89,6.77,13.07,0.909,13.21
A0540,2025-05-11,421.2,1.4,4.22,7.86,0.909,7.94
A0540,2025-05-12,421.2,7.39,15.97,27.06,0.909,27.31
A0541,2025-04-29,7.3,94.84,127.7,178.71,0.556,134.78
A0541,2025-04-30,7.3,117.04,155.28,214.66,0.556,163.53
A0541,2025-05-01,7.3,73.17,101.12,144.5,0.556,107.14
A0541,2025-05-02,7.3,106.88,143.22,199.64,0.556,151.06
A0541,2025-05-03,7.3,106.47,142.92,199.51,0.556,150.78
A0541,2025-05-04,7.3,97.08,131.13,184.0,0.556,138.48
A0541,2025-05-05,7.3,84.07,113.52,159.26,0.556,119.87
A0541,2025-05-06,7.3,94.4,127.26,178.28,0.556,134.34
A0541,2025-05-07,7.3,98.71,131.4,182.16,0.556,138.45
A0541,2025-05-08,7.3,107.64,145.57,204.47,0.556,153.75
A0541,2025-05-09,7.3,115.47,152.36,209.64,0.556,160.32
A0541,2025-05-10,7.3,113.22,150.21,207.63,0.556,158.18
A0541,2025-05-11,7.3,86.46,118.28,167.68,0.556,125.14
A0541,2025-05-12,7.3,100.95,135.55,189.28,0.556,143.01
A0542,2025-04-29,415.4,8.64,16.27,25.37,0.909,25.57
A0542,2025-04-30,415.4,9.6,21.29,35.22,0.909,35.54
A0542,2025-05-01,415.4,7.98,15.4,24.26,0.909,24.46
A0542,2025-05-02,415.4,8.81,18.25,29.51,0.909,29.76
A0542,2025-05-03,415.4,10.19,21.34,34.63,0.909,34.93
A0542,2025-05-04,415.4,9.47,19.53,31.53,0.909,31.81
A0542,2025-05-05,415.4,8.9,17.31,27.35,0.909,27.57
A0542,2025-05-06,415.4,8.68,16.55,25.94,0.909,26.16
A0542,2025-05-07,415.4,7.91,15.49,24.52,0.909,24.73
A0542,2025-05-08,415.4,8.0,15.86,25.24,0.909,25.45
A0542,2025-05-09,415.4,7.72,15.43,24.62,0.909,24.83
A0542,2025-05-10,415.4,9.34,18.61,29.67,0.909,29.92
A0542,2025-05-11,415.4,8.11,15.1,23.43,0.909,23.62
A0542,2025-05-12,415.4,8.96,17.49,27.65,0.909,27.88
A0543,2025-04-29,390.9,6.91,27.62,61.0,0.909,61.76
A0543,2025-04-30,390.9,9.46,34.69,74.27,0.909,75.17
A0543,2025-05-01,390.9,6.38,26.33,57.99,0.909,58.71
A0543,2025-05-02,390.9,10.15,36.3,77.45,0.909,78.39
A0543,2025-05-03,390.9,23.74,69.8,139.66,0.909,141.25
A0543,2025-05-04,390.9,16.13,49.01,100.52,0.909,101.69
A0543,2025-05-05,390.9,18.05,53.83,110.62,0.909,111.91
A0543,2025-05-06,390.9,18.48,55.12,113.96,0.909,115.3
A0543,2025-05-07,390.9,20.7,60.26,123.96,0.909,125.41
A0543,2025-05-08,390.9,8.55,31.21,69.02,0.909,69.88
A0543,2025-05-09,390.9,10.15,35.41,77.59,0.909,78.55
A0543,2025-05-10,390.9,11.65,38.74,83.02,0.909,84.02
A0543,2025-05-11,390.9,6.9,25.6,57.13,0.909,57.85
A0543,2025-05-12,390.9,11.37,37.21,79.5,0.909,80.46
A0544,2025-04-29,5.7,70.55,156.0,292.4,0.556,174.94
A0544,2025-04-30,5.7,87.3,186.67,349.53,0.556,209.29
A0544,2025-05-01,5.7,59.72,132.64,250.45,0.556,149.0
A0544,2025-05-02,5.7,84.85,180.56,336.69,0.556,202.25
A0544,2025-05-03,5.7,85.48,181.61,336.96,0.556,203.18
A0544,2025-05-04,5.7,78.18,167.41,315.01,0.556,187.91
A0544,2025-05-05,5.7,68.98,148.98,279.55,0.556,167.11
A0544,2025-05-06,5.7,75.03,162.68,304.75,0.556,182.41
A0544,2025-05-07,5.7,74.92,162.73,304.27,0.556,182.39
A0544,2025-05-08,5.7,82.24,175.91,328.46,0.556,197.1
A0544,2025-05-09,5.7,87.48,185.22,346.65,0.556,207.64
A0544,2025-05-10,5.7,88.14,186.35,346.91,0.556,208.65
A0544,2025-05-11,5.7,67.25,146.54,274.52,0.556,164.31
A0544,2025-05-12,5.7,82.26,175.19,327.12,0.556,196.29
A0545,2025-04-29,33.5,7.54,14.89,25.61,0.909,25.86
A0545,2025-04-30,33.5,15.45,25.06,39.09,0.909,39.4
A0545,2025-05-01,33.5,9.75,16.8,27.09,0.909,27.33
A0545,2025-05-02,33.5,12.93,21.74,34.61,0.909,34.9
A0545,2025-05-03,33.5,12.17,22.41,37.37,0.909,37.71
A0545,2025-05-04,33.5,7.89,17.19,30.79,0.909,31.09
A0545,2025-05-05,33.5,10.05,18.47,30.77,0.909,31.05
A0545,2025-05-06,33.5,6.2,12.82,22.49,0.909,22.71
A0545,2025-05-07,33.5,7.4,16.06,28.7,0.909,28.99
A0545,2025-05-08,33.5,8.27,16.02,27.35,0.909,27.6
A0545,2025-05-09,33.5,8.87,18.23,31.91,0.909,32.22
A0545,2025-05-10,33.5,9.04,19.35,34.41,0.909,34.75
A0545,2025-05-11,33.5,5.91,15.32,29.05,0.909,29.37
A0545,2025-05-12,33.5,7.82,15.75,27.32,0.909,27.58
A0546,2025-04-29,4.9,29.93,44.25,64.54,0.556,47.07
A0546,2025-04-30,4.9,36.9,53.78,77.68,0.556,57.1
A0546,2025-05-01,4.9,25.93,37.08,52.86,0.556,39.27
A0546,2025-05-02,4.9,37.35,56.76,84.25,0.556,60.58
A0546,2025-05-03,4.9,38.62,57.16,83.42,0.556,60.81
A0546,2025-05-04,4.9,28.8,42.52,61.95,0.556,45.22
A0546,2025-05-05,4.9,29.94,42.98,61.45,0.556,45.54
A0546,2025-05-06,4.9,32.04,46.01,65.79,0.556,48.76
A0546,2025-05-07,4.9,32.04,46.53,67.05,0.556,49.38
A0546,2025-05-08,4.9,38.47,55.6,79.86,0.556,58.97
A0546,2025-05-09,4.9,41.12,61.87,91.26,0.556,65.95
A0546,2025-05-10,4.9,42.42,62.01,89.76,0.556,65.87
A0546,2025-05-11,4.9,26.29,38.92,56.81,0.556,41.4
A0546,2025-05-12,4.9,36.89,54.19,78.7,0.556,57.6
A0547,2025-04-29,6.3,52.33,73.21,98.75,0.556,76.76
A0547,2025-04-30,6.3,64.61,92.55,126.71,0.556,97.29
A0547,2025-05-01,6.3,45.47,65.81,90.69,0.556,69.27
A0547,2025-05-02,6.3,65.34,91.93,124.45,0.556,96.45
A0547,2025-05-03,6.3,65.42,89.68,119.34,0.556,93.79
A0547,2025-05-04,6.3,44.97,63.76,86.73,0.556,66.95
A0547,2025-05-05,6.3,50.45,71.36,96.92,0.556,74.91
A0547,2025-05-06,6.3,52.64,73.12,98.15,0.556,76.59
A0547,2025-05-07,6.3,54.8,76.34,102.68,0.556,80.0
A0547,2025-05-08,6.3,61.65,86.0,115.78,0.556,90.14
A0547,2025-05-09,6.3,70.68,98.94,133.49,0.556,103.74
A0547,2025-05-10,6.3,70.31,95.84,127.07,0.556,100.18
A0547,2025-05-11,6.3,42.04,58.8,79.3,0.556,61.65
A0547,2025-05-12,6.3,60.05,83.19,111.48,0.556,87.12
A0548,2025-04-29,338.6,16.17,24.97,37.64,0.909,37.93
A0548,2025-04-30,338.6,20.05,33.58,53.07,0.909,53.51
A0548,2025-05-01,338.6,13.71,21.72,33.26,0.909,33.53
A0548,2025-05-02,338.6,17.74,29.27,45.88,0.909,46.26
A0548,2025-05-03,338.6,18.99,30.88,48.01,0.909,48.4
A0548,2025-05-04,338.6,16.85,28.37,44.98,0.909,45.36
A0548,2025-05-05,338.6,15.43,24.65,37.94,0.909,38.24
A0548,2025-05-06,338.6,15.99,24.99,37.96,0.909,38.26
A0548,2025-05-07,338.6,16.01,24.42,36.53,0.909,36.81
A0548,2025-05-08,338.6,16.28,24.55,36.47,0.909,36.74
A0548,2025-05-09,338.6,17.64,27.17,40.91,0.909,41.22
A0548,2025-05-10,338.6,19.05,29.03,43.4,0.909,43.73
A0548,2025-05-11,338.6,14.25,22.08,33.36,0.909,33.62
A0548,2025-05-12,338.6,16.81,26.02,39.29,0.909,39.59
A0549,2025-04-29,427.8,17.2,27.55,39.36,0.909,39.63
A0549,2025-04-30,427.8,14.25,22.91,32.79,0.909,33.01
A0549,2025-05-01,427.8,9.77,15.57,22.18,0.909,22.33
A0549,2025-05-02,427.8,13.7,22.63,32.83,0.909,33.06
A0549,2025-05-03,427.8,13.63,22.12,31.8,0.909,32.02
A0549,2025-05-04,427.8,19.7,31.91,45.84,0.909,46.16
A0549,2025-05-05,427.8,18.62,28.99,40.83,0.909,41.1
A0549,2025-05-06,427.8,21.64,35.26,50.8,0.909,51.15
A0549,2025-05-07,427.8,20.79,33.86,48.77,0.909,49.11
A0549,2025-05-08,427.8,24.33,39.42,56.64,0.909,57.03
A0549,2025-05-09,427.8,12.93,21.7,31.7,0.909,31.93
A0549,2025-05-10,427.8,13.34,21.75,31.34,0.909,31.56
A0549,2025-05-11,427.8,9.32,15.57,22.7,0.909,22.86
A0549,2025-05-12,427.8,12.2,19.2,27.19,0.909,27.37
A0550,2025-04-29,5.0,94.74,134.78,192.3,0.556,142.77
A0550,2025-04-30,5.0,116.95,163.02,229.21,0.556,172.22
A0550,2025-05-01,5.0,80.89,120.47,177.32,0.556,128.37
A0550,2025-05-02,5.0,124.59,174.33,245.79,0.556,184.26
A0550,2025-05-03,5.0,126.13,177.19,250.54,0.556,187.38
A0550,2025-05-04,5.0,95.91,133.41,187.27,0.556,140.89
A0550,2025-05-05,5.0,95.2,135.45,193.26,0.556,143.48
A0550,2025-05-06,5.0,100.07,139.49,196.1,0.556,147.35
A0550,2025-05-07,5.0,98.0,136.7,192.29,0.556,144.42
A0550,2025-05-08,5.0,109.28,155.76,222.51,0.556,165.03
A0550,2025-05-09,5.0,126.6,178.16,252.24,0.556,188.45
A0550,2025-05-10,5.0,128.17,180.73,256.24,0.556,191.22
A0550,2025-05-11,5.0,77.99,111.51,159.66,0.556,118.2
A0550,2025-05-12,5.0,109.71,154.68,219.26,0.556,163.65
A0551,2025-04-29,6.0,37.66,54.27,74.58,0.556,57.09
A0551,2025-04-30,6.0,50.15,71.75,98.16,0.556,75.42
A0551,2025-05-01,6.0,32.87,49.51,69.86,0.556,52.34
A0551,2025-05-02,6.0,42.95,61.44,84.05,0.556,64.58
A0551,2025-05-03,6.0,44.97,64.82,89.1,0.556,68.2
A0551,2025-05-04,6.0,40.11,57.96,79.78,0.556,60.99
A0551,2025-05-05,6.0,35.71,51.43,70.66,0.556,54.1
A0551,2025-05-06,6.0,36.13,52.82,73.22,0.556,55.65
A0551,2025-05-07,6.0,40.67,58.78,80.93,0.556,61.86
A0551,2025-05-08,6.0,43.71,62.69,85.9,0.556,65.91
A0551,2025-05-09,6.0,45.83,64.07,86.37,0.556,67.17
A0551,2025-05-10,6.0,47.13,66.75,90.74,0.556,70.08
A0551,2025-05-11,6.0,35.94,52.11,71.89,0.556,54.86
A0551,2025-05-12,6.0,41.44,58.27,78.85,0.556,61.13
A0552,2025-04-29,5.5,37.14,52.14,67.73,0.556,54.31
A0552,2025-04-30,5.5,45.4,65.92,87.24,0.556,68.88
A0552,2025-05-01,5.5,30.21,43.41,57.12,0.556,45.31
A0552,2025-05-02,5.5,42.94,60.64,79.04,0.556,63.2
A0552,2025-05-03,5.5,44.24,61.23,78.88,0.556,63.69
A0552,2025-05-04,5.5,33.57,49.66,66.37,0.556,51.98
A0552,2025-05-05,5.5,33.54,47.47,61.94,0.556,49.48
A0552,2025-05-06,5.5,36.38,50.95,66.08,0.556,53.05
A0552,2025-05-07,5.5,40.79,55.93,71.67,0.556,58.12
A0552,2025-05-08,5.5,44.19,61.69,79.87,0.556,64.22
A0552,2025-05-09,5.5,48.81,67.14,86.17,0.556,69.78
A0552,2025-05-10,5.5,49.13,66.5,84.54,0.556,69.01
A0552,2025-05-11,5.5,32.26,45.59,59.44,0.556,47.51
A0552,2025-05-12,5.5,41.34,57.78,74.85,0.556,60.15
A0553,2025-04-29,5.2,57.8,86.0,115.22,0.556,90.06
A0553,2025-04-30,5.2,70.51,99.5,129.55,0.556,103.67
A0553,2025-05-01,5.2,46.62,69.72,93.68,0.556,73.05
A0553,2025-05-02,5.2,67.88,97.46,128.12,0.556,101.72
A0553,2025-05-03,5.2,70.59,100.18,130.86,0.556,104.44
A0553,2025-05-04,5.2,53.47,77.4,102.21,0.556,80.85
A0553,2025-05-05,5.2,53.29,79.62,106.92,0.556,83.41
A0553,2025-05-06,5.2,146.81,215.75,287.22,0.556,225.68
A0553,2025-05-07,5.2,154.17,223.93,296.25,0.556,233.98
A0553,2025-05-08,5.2,165.65,236.17,309.26,0.556,246.32
A0553,2025-05-09,5.2,176.19,251.42,329.41,0.556,262.25
A0553,2025-05-10,5.2,174.72,249.58,327.18,0.556,260.36
A0553,2025-05-11,5.2,137.8,196.26,256.86,0.556,204.67
A0553,2025-05-12,5.2,167.24,240.1,315.62,0.556,250.59
A0554,2025-04-29,192.8,19.85,28.74,40.17,0.909,40.43
A0554,2025-04-30,192.8,24.65,36.24,51.13,0.909,51.47
A0554,2025-05-01,192.8,16.87,25.11,35.69,0.909,35.93
A0554,2025-05-02,192.8,23.2,35.12,50.42,0.909,50.77
A0554,2025-05-03,192.8,24.16,35.25,49.49,0.909,49.81
A0554,2025-05-04,192.8,16.34,23.94,33.69,0.909,33.91
A0554,2025-05-05,192.8,19.09,28.51,40.61,0.909,40.88
A0554,2025-05-06,192.8,19.38,28.04,39.17,0.909,39.42
A0554,2025-05-07,192.8,21.01,30.49,42.66,0.909,42.93
A0554,2025-05-08,192.8,22.89,33.23,46.51,0.909,46.82
A0554,2025-05-09,192.8,24.76,36.83,52.33,0.909,52.68
A0554,2025-05-10,192.8,26.03,37.16,51.45,0.909,51.77
A0554,2025-05-11,192.8,15.5,22.16,30.71,0.909,30.91
A0554,2025-05-12,192.8,22.64,33.23,46.82,0.909,47.13
A0555,2025-04-29,5.3,26.85,69.87,135.58,0.556,79.0
A0555,2025-04-30,5.3,35.27,86.89,166.44,0.556,97.94
A0555,2025-05-01,5.3,23.42,61.32,119.87,0.556,69.45
A0555,2025-05-02,5.3,35.48,86.75,166.06,0.556,97.76
A0555,2025-05-03,5.3,36.16,87.83,167.14,0.556,98.85
A0555,2025-05-04,5.3,25.83,65.48,127.58,0.556,74.1
A0555,2025-05-05,5.3,28.45,71.17,137.78,0.556,80.42
A0555,2025-05-06,5.3,29.16,73.41,142.22,0.556,82.97
A0555,2025-05-07,5.3,30.18,75.91,146.66,0.556,85.73
A0555,2025-05-08,5.3,33.87,83.28,160.09,0.556,93.95
A0555,2025-05-09,5.3,37.49,90.7,174.32,0.556,102.31
A0555,2025-05-10,5.3,38.31,92.09,175.76,0.556,103.72
A0555,2025-05-11,5.3,23.72,60.91,119.25,0.556,69.01
A0555,2025-05-12,5.3,34.32,83.84,161.15,0.556,94.58
A0556,2025-04-29,5.3,41.31,57.74,80.44,0.556,60.89
A0556,2025-04-30,5.3,55.04,77.33,108.14,0.556,81.61
A0556,2025-05-01,5.3,33.18,45.43,62.37,0.556,47.79
A0556,2025-05-02,5.3,44.8,63.41,89.12,0.556,66.98
A0556,2025-05-03,5.3,46.46,64.72,89.96,0.556,68.23
A0556,2025-05-04,5.3,40.5,59.1,84.8,0.556,62.67
A0556,2025-05-05,5.3,37.77,53.17,74.45,0.556,56.13
A0556,2025-05-06,5.3,40.34,56.23,78.18,0.556,59.27
A0556,2025-05-07,5.3,39.44,55.99,78.86,0.556,59.17
A0556,2025-05-08,5.3,42.73,59.84,83.48,0.556,63.12
A0556,2025-05-09,5.3,44.46,63.3,89.34,0.556,66.92
A0556,2025-05-10,5.3,47.22,65.51,90.78,0.556,69.02
A0556,2025-05-11,5.3,35.12,50.4,71.52,0.556,53.34
A0556,2025-05-12,5.3,43.99,62.35,87.74,0.556,65.88
A0557,2025-04-29,6.9,0.11,7.6,23.2,0.556,9.77
A0557,2025-04-30,6.9,2.16,14.91,38.31,0.556,18.16
A0557,2025-05-01,6.9,2.04,14.76,37.67,0.556,17.94
A0557,2025-05-02,6.9,3.87,20.94,51.0,0.556,25.12
A0557,2025-05-03,6.9,5.1,24.94,58.76,0.556,29.64
A0557,2025-05-04,6.9,3.47,19.18,47.14,0.556,23.07
A0557,2025-05-05,6.9,4.6,23.11,55.12,0.556,27.55
A0557,2025-05-06,6.9,5.04,24.71,58.68,0.556,29.43
A0557,2025-05-07,6.9,5.68,26.92,62.99,0.556,31.93
A0557,2025-05-08,6.9,7.25,31.38,72.45,0.556,37.08
A0557,2025-05-09,6.9,7.97,33.78,78.08,0.556,39.94
A0557,2025-05-10,6.9,9.19,36.98,83.68,0.556,43.46
A0557,2025-05-11,6.9,5.36,24.08,56.86,0.556,28.63
A0557,2025-05-12,6.9,8.72,34.6,78.63,0.556,40.72
A0558,2025-04-29,5.1,80.47,118.13,164.61,0.556,124.58
A0558,2025-04-30,5.1,105.23,154.0,214.2,0.556,162.36
A0558,2025-05-01,5.1,69.58,101.86,141.71,0.556,107.4
A0558,2025-05-02,5.1,103.79,151.29,209.93,0.556,159.43
A0558,2025-05-03,5.1,102.6,149.71,207.87,0.556,157.78
A0558,2025-05-04,5.1,76.66,110.81,152.98,0.556,116.67
A0558,2025-05-05,5.1,80.93,117.45,162.54,0.556,123.71
A0558,2025-05-06,5.1,79.35,116.24,161.78,0.556,122.56
A0558,2025-05-07,5.1,82.61,119.98,166.12,0.556,126.39
A0558,2025-05-08,5.1,92.72,135.48,188.25,0.556,142.81
A0558,2025-05-09,5.1,107.19,157.06,218.61,0.556,165.6
A0558,2025-05-10,5.1,105.88,154.92,215.45,0.556,163.33
A0558,2025-05-11,5.1,65.53,95.45,132.37,0.556,100.58
A0558,2025-05-12,5.1,94.64,137.41,190.21,0.556,144.75
A0559,2025-04-29,6.0,47.42,67.53,93.82,0.556,71.18
A0559,2025-04-30,6.0,54.46,82.76,119.76,0.556,87.9
A0559,2025-05-01,6.0,37.83,54.76,76.9,0.556,57.84
A0559,2025-05-02,6.0,56.02,78.06,106.86,0.556,82.06
A0559,2025-05-03,6.0,55.53,77.54,106.32,0.556,81.54
A0559,2025-05-04,6.0,45.95,64.6,88.99,0.556,67.99
A0559,2025-05-05,6.0,45.25,65.39,91.72,0.556,69.05
A0559,2025-05-06,6.0,48.4,68.86,95.62,0.556,72.58
A0559,2025-05-07,6.0,53.92,73.7,99.56,0.556,77.29
A0559,2025-05-08,6.0,56.69,77.76,105.31,0.556,81.59
A0559,2025-05-09,6.0,63.57,85.61,114.43,0.556,89.61
A0559,2025-05-10,6.0,61.53,83.7,112.68,0.556,87.72
A0559,2025-05-11,6.0,42.73,58.86,79.95,0.556,61.79
A0559,2025-05-12,6.0,55.22,77.63,106.94,0.556,81.7
A0560,2025-04-29,5.0,293.31,413.46,564.74,0.556,434.47
A0560,2025-04-30,5.0,330.21,464.65,633.92,0.556,488.16
A0560,2025-05-01,5.0,255.48,356.54,483.8,0.556,374.22
A0560,2025-05-02,5.0,160.89,233.98,326.02,0.556,246.77
A0560,2025-05-03,5.0,163.96,237.36,329.78,0.556,250.2
A0560,2025-05-04,5.0,133.64,193.65,269.22,0.556,204.15
A0560,2025-05-05,5.0,125.47,183.57,256.72,0.556,193.73
A0560,2025-05-06,5.0,140.3,203.96,284.13,0.556,215.1
A0560,2025-05-07,5.0,150.05,216.88,301.02,0.556,228.56
A0560,2025-05-08,5.0,160.52,229.5,316.36,0.556,241.56
A0560,2025-05-09,5.0,179.24,253.32,346.59,0.556,266.27
A0560,2025-05-10,5.0,178.21,251.63,344.07,0.556,264.47
A0560,2025-05-11,5.0,121.96,175.57,243.07,0.556,184.95
A0560,2025-05-12,5.0,155.22,223.0,308.34,0.556,234.85
A0561,2025-04-29,312.2,45.97,68.82,95.69,0.909,96.3
A0561,2025-04-30,312.2,57.52,85.51,118.42,0.909,119.17
A0561,2025-05-01,312.2,38.21,59.4,84.32,0.909,84.89
A0561,2025-05-02,312.2,56.76,85.59,119.5,0.909,120.28
A0561,2025-05-03,312.2,76.08,114.08,158.77,0.909,159.79
A0561,2025-05-04,312.2,57.66,86.43,120.27,0.909,121.04
A0561,2025-05-05,312.2,58.87,87.11,120.32,0.909,121.07
A0561,2025-05-06,312.2,60.47,90.56,125.95,0.909,126.76
A0561,2025-05-07,312.2,62.05,92.5,128.3,0.909,129.12
A0561,2025-05-08,312.2,48.16,75.07,106.72,0.909,107.44
A0561,2025-05-09,312.2,55.64,84.09,117.55,0.909,118.31
A0561,2025-05-10,312.2,57.21,85.8,119.41,0.909,120.17
A0561,2025-05-11,312.2,37.46,56.69,79.31,0.909,79.82
A0561,2025-05-12,312.2,53.18,78.29,107.83,0.909,108.5
A0562,2025-04-29,345.8,8.9,11.62,15.0,0.909,15.07
A0562,2025-04-30,345.8,10.01,14.6,20.28,0.909,20.41
A0562,2025-05-01,345.8,7.26,9.69,12.71,0.909,12.78
A0562,2025-05-02,345.8,9.16,12.69,17.04,0.909,17.14
A0562,2025-05-03,345.8,8.91,12.76,17.51,0.909,17.62
A0562,2025-05-04,345.8,7.24,11.12,15.93,0.909,16.04
A0562,2025-05-05,345.8,7.03,9.78,13.18,0.909,13.26
A0562,2025-05-06,345.8,7.9,10.84,14.48,0.909,14.56
A0562,2025-05-07,345.8,8.93,11.46,14.59,0.909,14.66
A0562,2025-05-08,345.8,9.54,12.28,15.67,0.909,15.75
A0562,2025-05-09,345.8,10.25,13.09,16.59,0.909,16.67
A0562,2025-05-10,345.8,9.94,13.11,17.04,0.909,17.13
A0562,2025-05-11,345.8,7.63,10.28,13.55,0.909,13.63
A0562,2025-05-12,345.8,9.0,11.84,15.36,0.909,15.44
A0563,2025-04-29,8.3,60.82,87.34,122.17,0.556,92.17
A0563,2025-04-30,8.3,68.93,98.89,138.26,0.556,104.36
A0563,2025-05-01,8.3,49.15,71.47,100.8,0.556,75.55
A0563,2025-05-02,8.3,69.02,97.4,134.69,0.556,102.58
A0563,2025-05-03,8.3,69.56,97.0,133.05,0.556,102.01
A0563,2025-05-04,8.3,59.07,83.77,116.23,0.556,88.28
A0563,2025-05-05,8.3,54.99,79.29,111.23,0.556,83.73
A0563,2025-05-06,8.3,62.39,88.98,123.92,0.556,93.83
A0563,2025-05-07,8.3,61.61,87.51,121.54,0.556,92.24
A0563,2025-05-08,8.3,66.78,93.9,129.53,0.556,98.85
A0563,2025-05-09,8.3,73.32,102.23,140.21,0.556,107.5
A0563,2025-05-10,8.3,73.56,101.52,138.27,0.556,106.63
A0563,2025-05-11,8.3,54.26,77.62,108.32,0.556,81.89
A0563,2025-05-12,8.3,64.93,91.91,127.34,0.556,96.83
A0564,2025-04-29,422.6,5.43,10.25,17.59,0.909,17.76
A0564,2025-04-30,422.6,7.46,14.4,24.97,0.909,25.21
A0564,2025-05-01,422.6,4.27,8.42,14.74,0.909,14.89
A0564,2025-05-02,422.6,4.66,10.62,19.69,0.909,19.89
A0564,2025-05-03,422.6,5.71,11.92,21.38,0.909,21.6
A0564,2025-05-04,422.6,6.13,11.45,19.55,0.909,19.73
A0564,2025-05-05,422.6,4.81,10.1,18.17,0.909,18.35
A0564,2025-05-06,422.6,4.77,9.9,17.72,0.909,17.9
A0564,2025-05-07,422.6,4.55,8.77,15.19,0.909,15.34
A0564,2025-05-08,422.6,4.26,8.7,15.45,0.909,15.6
A0564,2025-05-09,422.6,4.5,9.18,16.31,0.909,16.47
A0564,2025-05-10,422.6,5.71,10.74,18.4,0.909,18.57
A0564,2025-05-11,422.6,5.25,8.92,14.52,0.909,14.65
A0564,2025-05-12,422.6,5.22,10.52,18.59,0.909,18.78
A0565,2025-04-29,322.2,14.58,23.58,34.82,0.909,35.08
A0565,2025-04-30,322.2,18.79,32.12,48.76,0.909,49.14
A0565,2025-05-01,322.2,14.18,22.28,32.4,0.909,32.63
A0565,2025-05-02,322.2,19.55,30.11,43.29,0.909,43.59
A0565,2025-05-03,322.2,19.0,29.39,42.35,0.909,42.65
A0565,2025-05-04,322.2,14.03,22.08,32.11,0.909,32.34
A0565,2025-05-05,322.2,16.11,24.94,35.95,0.909,36.2
A0565,2025-05-06,322.2,16.0,24.99,36.22,0.909,36.48
A0565,2025-05-07,322.2,15.1,23.89,34.86,0.909,35.11
A0565,2025-05-08,322.2,17.18,27.41,40.17,0.909,40.46
A0565,2025-05-09,322.2,18.51,29.18,42.49,0.909,42.79
A0565,2025-05-10,322.2,18.22,28.71,41.8,0.909,42.09
A0565,2025-05-11,322.2,11.66,18.14,26.21,0.909,26.4
A0565,2025-05-12,322.2,17.24,27.25,39.75,0.909,40.03
A0566,2025-04-29,321.1,0.41,7.8,21.08,0.909,21.39
A0566,2025-04-30,321.1,0.65,8.62,22.47,0.909,22.79
A0566,2025-05-01,321.1,0.16,7.24,19.64,0.909,19.92
A0566,2025-05-02,321.1,0.53,8.34,21.92,0.909,22.23
A0566,2025-05-03,321.1,0.64,8.75,22.56,0.909,22.87
A0566,2025-05-04,321.1,0.06,6.52,18.45,0.909,18.72
A0566,2025-05-05,321.1,0.39,7.58,20.4,0.909,20.69
A0566,2025-05-06,321.1,0.49,8.17,21.63,0.909,21.94
A0566,2025-05-07,321.1,0.67,8.79,22.78,0.909,23.1
A0566,2025-05-08,321.1,0.95,9.58,24.33,0.909,24.66
A0566,2025-05-09,321.1,1.05,10.01,25.34,0.909,25.69
A0566,2025-05-10,321.1,1.21,10.47,26.06,0.909,26.41
A0566,2025-05-11,321.1,1.55,10.58,26.52,0.909,26.88
A0566,2025-05-12,321.1,2.46,13.3,31.86,0.909,32.29
A0567,2025-04-29,383.9,5.0,12.04,20.49,0.909,20.69
A0567,2025-04-30,383.9,4.67,16.11,29.85,0.909,30.17
A0567,2025-05-01,383.9,3.91,11.92,21.54,0.909,21.75
A0567,2025-05-02,383.9,5.53,15.43,27.32,0.909,27.59
A0567,2025-05-03,383.9,6.0,15.52,26.96,0.909,27.22
A0567,2025-05-04,383.9,3.14,10.82,20.05,0.909,20.26
A0567,2025-05-05,383.9,4.78,11.19,18.88,0.909,19.06
A0567,2025-05-06,383.9,5.19,12.15,20.49,0.909,20.68
A0567,2025-05-07,383.9,6.07,15.81,27.49,0.909,27.76
A0567,2025-05-08,383.9,6.35,16.35,28.34,0.909,28.62
A0567,2025-05-09,383.9,6.53,19.64,35.37,0.909,35.73
A0567,2025-05-10,383.9,6.92,19.29,34.14,0.909,34.48
A0567,2025-05-11,383.9,3.52,13.23,24.89,0.909,25.15
A0567,2025-05-12,383.9,5.88,13.34,22.3,0.909,22.5
A0568,2025-04-29,2.9,16.53,26.7,38.9,0.556,28.4
A0568,2025-04-30,2.9,22.28,38.73,58.45,0.556,41.47
A0568,2025-05-01,2.9,14.52,24.94,37.43,0.556,26.67
A0568,2025-05-02,2.9,21.84,36.25,53.55,0.556,38.66
A0568,2025-05-03,2.9,22.45,37.14,54.75,0.556,39.59
A0568,2025-05-04,2.9,14.75,24.04,35.19,0.556,25.59
A0568,2025-05-05,2.9,16.7,27.37,40.18,0.556,29.15
A0568,2025-05-06,2.9,17.21,27.17,39.12,0.556,28.83
A0568,2025-05-07,2.9,16.45,27.97,41.8,0.556,29.89
A0568,2025-05-08,2.9,18.46,30.52,44.98,0.556,32.53
A0568,2025-05-09,2.9,21.1,35.47,52.7,0.556,37.86
A0568,2025-05-10,2.9,21.91,36.44,53.86,0.556,38.86
A0568,2025-05-11,2.9,12.18,19.59,28.47,0.556,20.82
A0568,2025-05-12,2.9,18.68,30.25,44.13,0.556,32.18
A0569,2025-04-29,6.7,191.54,265.48,357.54,0.556,278.27
A0569,2025-04-30,6.7,230.32,336.27,468.2,0.556,354.6
A0569,2025-05-01,6.7,151.08,224.51,315.94,0.556,237.21
A0569,2025-05-02,6.7,233.42,315.9,418.62,0.556,330.17
A0569,2025-05-03,6.7,229.87,316.02,423.29,0.556,330.92
A0569,2025-05-04,6.7,226.85,318.8,433.31,0.556,334.71
A0569,2025-05-05,6.7,184.81,254.39,341.02,0.556,266.42
A0569,2025-05-06,6.7,112.0,164.6,230.1,0.556,173.7
A0569,2025-05-07,6.7,119.26,172.72,239.29,0.556,181.97
A0569,2025-05-08,6.7,136.56,199.81,278.58,0.556,210.75
A0569,2025-05-09,6.7,146.1,203.73,275.48,0.556,213.69
A0569,2025-05-10,6.7,143.51,203.56,278.33,0.556,213.94
A0569,2025-05-11,6.7,125.54,176.57,240.11,0.556,185.39
A0569,2025-05-12,6.7,141.26,196.66,265.64,0.556,206.24
A0570,2025-04-29,380.9,28.73,40.05,55.83,0.909,56.19
A0570,2025-04-30,380.9,34.05,45.57,61.64,0.909,62.01
A0570,2025-05-01,380.9,23.69,34.19,48.84,0.909,49.18
A0570,2025-05-02,380.9,33.58,47.75,67.52,0.909,67.97
A0570,2025-05-03,380.9,33.13,46.81,65.89,0.909,66.32
A0570,2025-05-04,380.9,22.89,31.92,44.51,0.909,44.79
A0570,2025-05-05,380.9,25.27,37.57,54.73,0.909,55.12
A0570,2025-05-06,380.9,26.51,37.74,53.4,0.909,53.75
A0570,2025-05-07,380.9,29.59,40.94,56.77,0.909,57.13
A0570,2025-05-08,380.9,32.57,45.01,62.35,0.909,62.75
A0570,2025-05-09,380.9,36.66,50.85,70.64,0.909,71.09
A0570,2025-05-10,380.9,35.94,49.59,68.63,0.909,69.06
A0570,2025-05-11,380.9,22.39,31.23,43.56,0.909,43.84
A0570,2025-05-12,380.9,31.5,45.24,64.41,0.909,64.85
A0571,2025-04-29,201.7,10.79,18.01,27.55,0.909,27.76
A0571,2025-04-30,201.7,12.23,18.03,25.71,0.909,25.88
A0571,2025-05-01,201.7,9.02,14.66,22.11,0.909,22.28
A0571,2025-05-02,201.7,12.91,21.86,33.69,0.909,33.96
A0571,2025-05-03,201.7,12.51,21.72,33.91,0.909,34.18
A0571,2025-05-04,201.7,7.77,12.07,17.76,0.909,17.89
A0571,2025-05-05,201.7,9.43,15.78,24.16,0.909,24.35
A0571,2025-05-06,201.7,10.52,17.44,26.6,0.909,26.81
A0571,2025-05-07,201.7,10.3,17.44,26.88,0.909,27.09
A0571,2025-05-08,201.7,11.64,18.95,28.61,0.909,28.83
A0571,2025-05-09,201.7,12.71,21.83,33.9,0.909,34.18
A0571,2025-05-10,201.7,12.43,21.69,33.93,0.909,34.21
A0571,2025-05-11,201.7,7.37,11.94,17.99,0.909,18.12
A0571,2025-05-12,201.7,10.79,18.09,27.74,0.909,27.96
A0572,2025-04-29,3.3,7.91,27.0,54.88,0.556,30.87
A0572,2025-04-30,3.3,11.43,34.82,68.88,0.556,39.55
A0572,2025-05-01,3.3,6.6,23.88,49.27,0.556,27.41
A0572,2025-05-02,3.3,11.25,34.18,67.9,0.556,38.86
A0572,2025-05-03,3.3,11.65,34.98,69.01,0.556,39.71
A0572,2025-05-04,3.3,7.27,24.73,51.11,0.556,28.39
A0572,2025-05-05,3.3,8.57,27.73,56.21,0.556,31.68
A0572,2025-05-06,3.3,8.7,28.38,57.62,0.556,32.44
A0572,2025-05-07,3.3,9.04,29.15,58.88,0.556,33.28
A0572,2025-05-08,3.3,10.49,32.27,64.56,0.556,36.76
A0572,2025-05-09,3.3,12.07,35.6,70.94,0.556,40.51
A0572,2025-05-10,3.3,12.57,36.62,72.35,0.556,41.58
A0572,2025-05-11,3.3,6.67,23.04,47.99,0.556,26.51
A0572,2025-05-12,3.3,10.96,32.97,65.82,0.556,37.53
A0573,2025-04-29,432.6,3.8,8.95,15.66,0.909,15.82
A0573,2025-04-30,432.6,4.26,11.33,20.55,0.909,20.76
A0573,2025-05-01,432.6,3.53,7.58,12.87,0.909,12.99
A0573,2025-05-02,432.6,4.55,10.43,18.11,0.909,18.28
A0573,2025-05-03,432.6,4.57,10.07,17.26,0.909,17.43
A0573,2025-05-04,432.6,3.19,8.12,14.57,0.909,14.72
A0573,2025-05-05,432.6,3.63,7.37,12.25,0.909,12.36
A0573,2025-05-06,432.6,3.75,8.38,14.43,0.909,14.56
A0573,2025-05-07,432.6,4.72,10.88,18.93,0.909,19.11
A0573,2025-05-08,432.6,5.25,12.36,21.64,0.909,21.85
A0573,2025-05-09,432.6,5.73,13.35,23.3,0.909,23.52
A0573,2025-05-10,432.6,5.51,12.29,21.15,0.909,21.35
A0573,2025-05-11,432.6,3.68,8.48,14.74,0.909,14.88
A0573,2025-05-12,432.6,4.53,9.81,16.72,0.909,16.87
A0574,2025-04-29,6.5,50.92,72.86,99.63,0.556,76.58
A0574,2025-04-30,6.5,63.05,90.51,124.0,0.556,95.16
A0574,2025-05-01,6.5,45.99,64.24,86.51,0.556,67.33
A0574,2025-05-02,6.5,70.68,98.93,133.39,0.556,103.71
A0574,2025-05-03,6.5,74.12,100.67,133.05,0.556,105.17
A0574,2025-05-04,6.5,51.32,71.34,95.75,0.556,74.73
A0574,2025-05-05,6.5,53.86,74.88,100.51,0.556,78.44
A0574,2025-05-06,6.5,54.91,76.41,102.62,0.556,80.05
A0574,2025-05-07,6.5,52.59,75.43,103.3,0.556,79.3
A0574,2025-05-08,6.5,61.0,84.62,113.44,0.556,88.62
A0574,2025-05-09,6.5,71.7,100.98,136.69,0.556,105.94
A0574,2025-05-10,6.5,74.67,101.96,135.24,0.556,106.58
A0574,2025-05-11,6.5,43.77,61.61,83.36,0.556,64.63
A0574,2025-05-12,6.5,62.89,87.68,117.91,0.556,91.88
A0575,2025-04-29,381.2,5.88,10.16,15.98,0.909,16.11
A0575,2025-04-30,381.2,7.0,13.33,21.92,0.909,22.12
A0575,2025-05-01,381.2,5.11,8.63,13.41,0.909,13.52
A0575,2025-05-02,381.2,6.76,11.45,17.81,0.909,17.95
A0575,2025-05-03,381.2,7.04,12.32,19.48,0.909,19.64
A0575,2025-05-04,381.2,5.77,11.16,18.46,0.909,18.62
A0575,2025-05-05,381.2,5.43,8.93,13.68,0.909,13.79
A0575,2025-05-06,381.2,6.69,11.04,16.93,0.909,17.06
A0575,2025-05-07,381.2,5.11,9.15,14.62,0.909,14.75
A0575,2025-05-08,381.2,6.22,11.0,17.48,0.909,17.62
A0575,2025-05-09,381.2,6.08,10.27,15.95,0.909,16.07
A0575,2025-05-10,381.2,6.6,11.35,17.8,0.909,17.94
A0575,2025-05-11,381.2,4.81,8.73,14.05,0.909,14.18
A0575,2025-05-12,381.2,5.82,9.88,15.37,0.909,15.5
A0576,2025-04-29,165.5,3.12,7.64,13.21,0.909,13.34
A0576,2025-04-30,165.5,4.9,9.59,15.35,0.909,15.48
A0576,2025-05-01,165.5,2.42,6.1,10.63,0.909,10.73
A0576,2025-05-02,165.5,3.52,8.68,15.03,0.909,15.17
A0576,2025-05-03,165.5,3.49,8.67,15.05,0.909,15.19
A0576,2025-05-04,165.5,2.56,5.58,9.3,0.909,9.39
A0576,2025-05-05,165.5,2.64,6.8,11.91,0.909,12.03
A0576,2025-05-06,165.5,2.59,7.14,12.74,0.909,12.87
A0576,2025-05-07,165.5,2.98,7.22,12.43,0.909,12.55
A0576,2025-05-08,165.5,3.16,7.94,13.83,0.909,13.97
A0576,2025-05-09,165.5,3.69,8.94,15.4,0.909,15.55
A0576,2025-05-10,165.5,3.75,9.04,15.54,0.909,15.69
A0576,2025-05-11,165.5,2.4,5.33,8.93,0.909,9.02
A0576,2025-05-12,165.5,2.97,7.78,13.7,0.909,13.84
A0577,2025-04-29,341.6,7.95,12.84,19.73,0.909,19.89
A0577,2025-04-30,341.6,8.99,12.32,17.01,0.909,17.12
A0577,2025-05-01,341.6,6.25,10.68,16.94,0.909,17.09
A0577,2025-05-02,341.6,8.02,13.95,22.32,0.909,22.51
A0577,2025-05-03,341.6,8.19,13.75,21.6,0.909,21.78
A0577,2025-05-04,341.6,5.16,7.54,10.91,0.909,10.99
A0577,2025-05-05,341.6,6.22,10.12,15.63,0.909,15.76
A0577,2025-05-06,341.6,6.95,10.82,16.27,0.909,16.4
A0577,2025-05-07,341.6,8.77,15.95,26.08,0.909,26.31
A0577,2025-05-08,341.6,9.12,15.31,24.05,0.909,24.25
A0577,2025-05-09,341.6,10.43,18.44,29.75,0.909,30.01
A0577,2025-05-10,341.6,10.3,17.19,26.92,0.909,27.14
A0577,2025-05-11,341.6,6.19,9.52,14.21,0.909,14.31
A0577,2025-05-12,341.6,7.93,12.83,19.74,0.909,19.9
A0578,2025-04-29,5.5,64.34,92.97,128.19,0.556,97.86
A0578,2025-04-30,5.5,78.7,112.98,155.16,0.556,118.84
A0578,2025-05-01,5.5,50.57,72.48,99.44,0.556,76.23
A0578,2025-05-02,5.5,72.36,104.23,143.42,0.556,109.67
A0578,2025-05-03,5.5,73.23,106.89,148.31,0.556,112.65
A0578,2025-05-04,5.5,66.31,92.94,125.7,0.556,97.49
A0578,2025-05-05,5.5,60.21,87.64,121.38,0.556,92.33
A0578,2025-05-06,5.5,65.73,94.26,129.36,0.556,99.13
A0578,2025-05-07,5.5,65.19,92.43,125.95,0.556,97.09
A0578,2025-05-08,5.5,70.57,98.27,132.34,0.556,103.0
A0578,2025-05-09,5.5,75.29,107.06,146.14,0.556,112.49
A0578,2025-05-10,5.5,75.55,109.09,150.34,0.556,114.82
A0578,2025-05-11,5.5,56.39,79.34,107.57,0.556,83.26
A0578,2025-05-12,5.5,69.88,101.58,140.58,0.556,107.0
A0579,2025-04-29,187.6,6.11,10.23,16.27,0.909,16.41
A0579,2025-04-30,187.6,7.79,13.45,21.75,0.909,21.94
A0579,2025-05-01,187.6,4.96,9.69,16.61,0.909,16.77
A0579,2025-05-02,187.6,7.15,13.08,21.77,0.909,21.97
A0579,2025-05-03,187.6,7.44,12.8,20.66,0.909,20.84
A0579,2025-05-04,187.6,4.33,8.5,14.63,0.909,14.77
A0579,2025-05-05,187.6,5.33,9.61,15.9,0.909,16.04
A0579,2025-05-06,187.6,5.31,9.47,15.57,0.909,15.71
A0579,2025-05-07,187.6,5.43,9.66,15.86,0.909,16.0
A0579,2025-05-08,187.6,6.17,11.28,18.77,0.909,18.94
A0579,2025-05-09,187.6,7.52,13.41,22.06,0.909,22.25
A0579,2025-05-10,187.6,8.05,13.4,21.25,0.909,21.42
A0579,2025-05-11,187.6,4.12,7.71,12.98,0.909,13.1
A0579,2025-05-12,187.6,6.37,10.83,17.38,0.909,17.53
A0580,2025-04-29,6.7,132.93,190.11,253.11,0.556,198.86
A0580,2025-04-30,6.7,167.73,244.58,329.25,0.556,256.34
A0580,2025-05-01,6.7,115.69,167.01,223.54,0.556,174.86
A0580,2025-05-02,6.7,167.79,246.43,333.08,0.556,258.46
A0580,2025-05-03,6.7,170.57,244.19,325.3,0.556,255.46
A0580,2025-05-04,6.7,138.73,194.35,255.63,0.556,202.86
A0580,2025-05-05,6.7,131.79,187.39,248.65,0.556,195.9
A0580,2025-05-06,6.7,139.94,192.57,250.55,0.556,200.62
A0580,2025-05-07,6.7,142.09,207.67,279.93,0.556,217.71
A0580,2025-05-08,6.7,160.9,228.98,303.99,0.556,239.4
A0580,2025-05-09,6.7,172.09,255.48,347.36,0.556,268.25
A0580,2025-05-10,6.7,174.83,251.0,334.92,0.556,262.65
A0580,2025-05-11,6.7,114.51,161.53,213.35,0.556,168.73
A0580,2025-05-12,6.7,157.11,224.59,298.94,0.556,234.92
A0581,2025-04-29,4.9,31.6,49.18,71.72,0.556,52.31
A0581,2025-04-30,4.9,37.72,64.78,99.48,0.556,69.6
A0581,2025-05-01,4.9,25.61,39.74,57.86,0.556,42.25
A0581,2025-05-02,4.9,39.39,61.94,90.85,0.556,65.95
A0581,2025-05-03,4.9,39.17,60.9,88.76,0.556,64.77
A0581,2025-05-04,4.9,28.74,45.7,67.46,0.556,48.72
A0581,2025-05-05,4.9,32.1,48.76,70.12,0.556,51.72
A0581,2025-05-06,4.9,32.88,50.49,73.07,0.556,53.63
A0581,2025-05-07,4.9,35.22,53.54,77.03,0.556,56.8
A0581,2025-05-08,4.9,38.85,58.12,82.84,0.556,61.56
A0581,2025-05-09,4.9,44.49,67.87,97.85,0.556,72.03
A0581,2025-05-10,4.9,43.8,66.32,95.2,0.556,70.33
A0581,2025-05-11,4.9,26.92,41.3,59.74,0.556,43.86
A0581,2025-05-12,4.9,38.3,57.92,83.07,0.556,61.41
A0582,2025-04-29,10.9,9.27,36.71,86.85,0.909,87.99
A0582,2025-04-30,10.9,17.95,61.65,138.99,0.909,140.75
A0582,2025-05-01,10.9,11.12,44.35,101.83,0.909,103.13
A0582,2025-05-02,10.9,19.75,69.24,154.73,0.909,156.67
A0582,2025-05-03,10.9,22.12,76.46,168.77,0.909,170.87
A0582,2025-05-04,10.9,19.19,68.16,153.15,0.909,155.08
A0582,2025-05-05,10.9,17.92,64.63,144.07,0.909,145.88
A0582,2025-05-06,10.9,19.19,69.28,154.82,0.909,156.76
A0582,2025-05-07,10.9,20.19,72.06,159.85,0.909,161.84
A0582,2025-05-08,10.9,25.13,84.58,185.93,0.909,188.24
A0582,2025-05-09,10.9,28.47,92.88,204.24,0.909,206.77
A0582,2025-05-10,10.9,30.83,98.41,213.48,0.909,216.09
A0582,2025-05-11,10.9,19.71,67.31,147.96,0.909,149.79
A0582,2025-05-12,10.9,29.24,93.55,202.68,0.909,205.16
A0583,2025-04-29,5.0,29.2,43.26,61.52,0.556,45.8
A0583,2025-04-30,5.0,36.26,52.78,74.22,0.556,55.76
A0583,2025-05-01,5.0,25.74,39.49,57.34,0.556,41.97
A0583,2025-05-02,5.0,32.61,48.24,68.53,0.556,51.06
A0583,2025-05-03,5.0,34.22,48.88,67.89,0.556,51.52
A0583,2025-05-04,5.0,28.38,40.81,56.94,0.556,43.05
A0583,2025-05-05,5.0,28.22,42.43,60.86,0.556,44.99
A0583,2025-05-06,5.0,28.49,42.59,60.89,0.556,45.13
A0583,2025-05-07,5.0,29.2,42.98,60.87,0.556,45.47
A0583,2025-05-08,5.0,32.32,47.33,66.82,0.556,50.04
A0583,2025-05-09,5.0,33.28,49.01,69.42,0.556,51.84
A0583,2025-05-10,5.0,35.13,49.89,69.03,0.556,52.55
A0583,2025-05-11,5.0,25.83,37.23,52.03,0.556,39.29
A0583,2025-05-12,5.0,32.69,47.57,66.89,0.556,50.26
A0584,2025-04-29,386.9,22.02,62.76,127.54,0.909,129.01
A0584,2025-04-30,386.9,28.08,76.15,155.87,0.909,157.68
A0584,2025-05-01,386.9,26.69,73.82,151.71,0.909,153.48
A0584,2025-05-02,386.9,45.38,118.16,252.0,0.909,255.04
A0584,2025-05-03,386.9,40.72,106.68,224.91,0.909,227.59
A0584,2025-05-04,386.9,25.58,66.89,141.97,0.909,143.68
A0584,2025-05-05,386.9,2.74,14.48,33.51,0.909,33.94
A0584,2025-05-06,386.9,3.05,15.52,35.54,0.909,35.99
A0584,2025-05-07,386.9,32.1,85.21,172.73,0.909,174.71
A0584,2025-05-08,386.9,42.63,108.34,223.8,0.909,226.42
A0584,2025-05-09,386.9,50.31,126.87,274.3,0.909,277.65
A0584,2025-05-10,386.9,46.46,117.58,249.62,0.909,252.62
A0584,2025-05-11,386.9,30.13,75.93,156.72,0.909,158.56
A0584,2025-05-12,386.9,4.38,18.3,40.86,0.909,41.37
A0585,2025-04-29,5.2,32.51,49.56,69.95,0.556,52.39
A0585,2025-04-30,5.2,39.08,62.99,91.6,0.556,66.97
A0585,2025-05-01,5.2,26.64,39.87,55.69,0.556,42.07
A0585,2025-05-02,5.2,36.77,56.05,79.11,0.556,59.25
A0585,2025-05-03,5.2,36.95,56.63,80.17,0.556,59.9
A0585,2025-05-04,5.2,31.1,49.23,70.93,0.556,52.25
A0585,2025-05-05,5.2,30.28,45.83,64.44,0.556,48.42
A0585,2025-05-06,5.2,32.97,50.19,70.78,0.556,53.05
A0585,2025-05-07,5.2,33.46,50.3,70.45,0.556,53.1
A0585,2025-05-08,5.2,36.55,54.29,75.51,0.556,57.24
A0585,2025-05-09,5.2,40.03,59.43,82.63,0.556,62.65
A0585,2025-05-10,5.2,39.86,59.74,83.52,0.556,63.04
A0585,2025-05-11,5.2,28.91,44.26,62.61,0.556,46.81
A0585,2025-05-12,5.2,36.85,55.06,76.85,0.556,58.09
A0586,2025-04-29,33.8,5.34,11.66,23.52,0.909,23.79
A0586,2025-04-30,33.8,7.01,12.41,22.54,0.909,22.77
A0586,2025-05-01,33.8,5.48,10.05,18.61,0.909,18.8
A0586,2025-05-02,33.8,6.93,12.59,23.2,0.909,23.44
A0586,2025-05-03,33.8,7.52,13.18,23.79,0.909,24.03
A0586,2025-05-04,33.8,4.45,8.5,16.11,0.909,16.28
A0586,2025-05-05,33.8,5.55,10.2,18.93,0.909,19.13
A0586,2025-05-06,33.8,5.64,11.2,21.62,0.909,21.86
A0586,2025-05-07,33.8,5.64,12.9,26.53,0.909,26.84
A0586,2025-05-08,33.8,6.41,14.14,28.63,0.909,28.96
A0586,2025-05-09,33.8,7.19,15.64,31.49,0.909,31.85
A0586,2025-05-10,33.8,7.79,15.79,30.81,0.909,31.15
A0586,2025-05-11,33.8,4.67,10.26,20.73,0.909,20.97
A0586,2025-05-12,33.8,6.3,12.68,24.63,0.909,24.9
A0587,2025-04-29,5.6,12.31,38.43,76.78,0.556,43.75
A0587,2025-04-30,5.6,16.36,47.44,92.9,0.556,53.75
A0587,2025-05-01,5.6,10.76,34.39,69.33,0.556,39.25
A0587,2025-05-02,5.6,16.81,47.92,93.86,0.556,54.3
A0587,2025-05-03,5.6,17.39,48.88,95.07,0.556,55.29
A0587,2025-05-04,5.6,11.38,34.82,70.25,0.556,39.74
A0587,2025-05-05,5.6,13.42,39.47,78.53,0.556,44.9
A0587,2025-05-06,5.6,13.96,41.09,81.75,0.556,46.74
A0587,2025-05-07,5.6,14.86,43.23,85.49,0.556,49.1
A0587,2025-05-08,5.6,16.67,47.02,92.36,0.556,53.31
A0587,2025-05-09,5.6,18.74,51.46,100.91,0.556,58.33
A0587,2025-05-10,5.6,19.3,52.43,102.0,0.556,59.32
A0587,2025-05-11,5.6,11.18,33.88,68.6,0.556,38.71
A0587,2025-05-12,5.6,17.07,47.47,93.25,0.556,53.83
A0588,2025-04-29,35.8,1.37,4.03,8.69,0.909,8.8
A0588,2025-04-30,35.8,1.3,4.76,10.83,0.909,10.97
A0588,2025-05-01,35.8,1.29,3.98,8.69,0.909,8.8
A0588,2025-05-02,35.8,1.3,4.48,10.06,0.909,10.18
A0588,2025-05-03,35.8,1.42,4.43,9.71,0.909,9.83
A0588,2025-05-04,35.8,1.25,3.73,8.08,0.909,8.18
A0588,2025-05-05,35.8,1.65,4.36,9.1,0.909,9.21
A0588,2025-05-06,35.8,1.47,3.94,8.25,0.909,8.35
A0588,2025-05-07,35.8,1.45,4.88,10.89,0.909,11.03
A0588,2025-05-08,35.8,1.56,5.09,11.27,0.909,11.41
A0588,2025-05-09,35.8,1.42,5.44,12.47,0.909,12.63
A0588,2025-05-10,35.8,1.53,5.2,11.63,0.909,11.77
A0588,2025-05-11,35.8,1.37,4.06,8.77,0.909,8.88
A0588,2025-05-12,35.8,1.53,4.73,10.34,0.909,10.47
A0589,2025-04-29,5.0,69.35,98.69,128.94,0.556,102.89
A0589,2025-04-30,5.0,84.03,118.62,154.29,0.556,123.57
A0589,2025-05-01,5.0,55.16,80.58,106.78,0.556,84.22
A0589,2025-05-02,5.0,78.57,111.48,145.42,0.556,116.2
A0589,2025-05-03,5.0,81.79,115.02,149.28,0.556,119.77
A0589,2025-05-04,5.0,63.64,90.45,118.1,0.556,94.29
A0589,2025-05-05,5.0,64.69,93.75,123.72,0.556,97.91
A0589,2025-05-06,5.0,70.35,100.43,131.44,0.556,104.74
A0589,2025-05-07,5.0,72.74,101.11,130.37,0.556,105.17
A0589,2025-05-08,5.0,78.68,111.16,144.65,0.556,115.81
A0589,2025-05-09,5.0,84.61,118.26,152.96,0.556,123.08
A0589,2025-05-10,5.0,87.23,121.4,156.63,0.556,126.29
A0589,2025-05-11,5.0,58.6,84.24,110.67,0.556,87.91
A0589,2025-05-12,5.0,77.1,110.11,144.16,0.556,114.84
A0590,2025-04-29,7.8,61.33,145.68,280.88,0.556,164.46
A0590,2025-04-30,7.8,77.71,176.96,338.9,0.556,199.45
A0590,2025-05-01,7.8,53.01,126.14,244.38,0.556,142.56
A0590,2025-05-02,7.8,78.08,176.41,336.04,0.556,198.58
A0590,2025-05-03,7.8,79.09,177.86,336.38,0.556,199.88
A0590,2025-05-04,7.8,67.02,151.99,292.17,0.556,171.46
A0590,2025-05-05,7.8,63.18,144.86,278.03,0.556,163.36
A0590,2025-05-06,7.8,66.91,154.51,296.85,0.556,174.28
A0590,2025-05-07,7.8,67.24,155.92,298.99,0.556,175.79
A0590,2025-05-08,7.8,75.68,171.71,328.01,0.556,193.42
A0590,2025-05-09,7.8,81.57,183.19,350.56,0.556,206.43
A0590,2025-05-10,7.8,82.35,184.21,349.84,0.556,207.22
A0590,2025-05-11,7.8,59.24,136.74,262.87,0.556,154.26
A0590,2025-05-12,7.8,76.15,171.88,328.2,0.556,193.59
A0591,2025-04-29,384.2,2.8,15.14,35.07,0.909,35.52
A0591,2025-04-30,384.2,4.7,20.09,44.43,0.909,44.98
A0591,2025-05-01,384.2,2.89,15.51,35.38,0.909,35.84
A0591,2025-05-02,384.2,4.45,19.51,43.64,0.909,44.19
A0591,2025-05-03,384.2,4.94,20.62,45.35,0.909,45.91
A0591,2025-05-04,384.2,4.58,19.26,42.76,0.909,43.29
A0591,2025-05-05,384.2,4.02,18.04,40.4,0.909,40.91
A0591,2025-05-06,384.2,3.88,17.75,40.02,0.909,40.52
A0591,2025-05-07,384.2,3.63,17.13,38.84,0.909,39.33
A0591,2025-05-08,384.2,4.23,18.54,41.82,0.909,42.34
A0591,2025-05-09,384.2,4.64,19.57,44.16,0.909,44.72
A0591,2025-05-10,384.2,5.26,20.96,46.35,0.909,46.92
A0591,2025-05-11,384.2,3.89,17.08,38.39,0.909,38.87
A0591,2025-05-12,384.2,5.17,20.68,45.76,0.909,46.33
A0592,2025-04-29,7.9,121.63,149.79,192.89,0.556,155.77
A0592,2025-04-30,7.9,138.35,169.33,216.74,0.556,175.91
A0592,2025-05-01,7.9,94.88,122.71,165.31,0.556,128.63
A0592,2025-05-02,7.9,130.7,162.38,210.87,0.556,169.11
A0592,2025-05-03,7.9,127.79,161.27,212.52,0.556,168.39
A0592,2025-05-04,7.9,120.31,148.17,190.82,0.556,154.09
A0592,2025-05-05,7.9,101.52,126.12,163.77,0.556,131.35
A0592,2025-05-06,7.9,118.31,146.58,189.87,0.556,152.59
A0592,2025-05-07,7.9,121.26,147.72,188.23,0.556,153.35
A0592,2025-05-08,7.9,131.4,163.71,213.17,0.556,170.58
A0592,2025-05-09,7.9,139.02,169.93,217.24,0.556,176.5
A0592,2025-05-10,7.9,135.25,167.99,218.11,0.556,174.95
A0592,2025-05-11,7.9,108.55,133.54,171.81,0.556,138.86
A0592,2025-05-12,7.9,123.9,150.76,191.88,0.556,156.47
A0593,2025-04-29,5.4,34.18,42.12,54.38,0.556,43.82
A0593,2025-04-30,5.4,40.86,48.65,60.7,0.556,50.33
A0593,2025-05-01,5.4,28.24,37.19,51.03,0.556,39.11
A0593,2025-05-02,5.4,39.91,48.48,61.72,0.556,50.32
A0593,2025-05-03,5.4,39.89,50.2,66.14,0.556,52.41
A0593,2025-05-04,5.4,30.15,37.93,49.97,0.556,39.6
A0593,2025-05-05,5.4,30.82,39.05,51.76,0.556,40.81
A0593,2025-05-06,5.4,32.8,40.84,53.28,0.556,42.57
A0593,2025-05-07,5.4,33.96,41.45,53.02,0.556,43.05
A0593,2025-05-08,5.4,35.67,44.31,57.65,0.556,46.16
A0593,2025-05-09,5.4,40.31,48.54,61.28,0.556,50.31
A0593,2025-05-10,5.4,40.48,50.46,65.88,0.556,52.6
A0593,2025-05-11,5.4,28.09,35.61,47.22,0.556,37.22
A0593,2025-05-12,5.4,36.38,44.41,56.82,0.556,46.13
A0594,2025-04-29,415.1,4.29,8.8,15.32,0.909,15.46
A0594,2025-04-30,415.1,4.87,11.24,20.43,0.909,20.64
A0594,2025-05-01,415.1,3.59,6.25,10.1,0.909,10.19
A0594,2025-05-02,415.1,4.81,10.3,18.21,0.909,18.39
A0594,2025-05-03,415.1,4.91,10.42,18.37,0.909,18.55
A0594,2025-05-04,415.1,3.12,6.64,11.74,0.909,11.85
A0594,2025-05-05,415.1,4.04,7.28,11.95,0.909,12.06
A0594,2025-05-06,415.1,4.47,8.67,14.72,0.909,14.86
A0594,2025-05-07,415.1,4.47,9.63,17.07,0.909,17.24
A0594,2025-05-08,415.1,5.04,10.61,18.64,0.909,18.82
A0594,2025-05-09,415.1,5.25,11.61,20.78,0.909,20.99
A0594,2025-05-10,415.1,5.48,11.67,20.61,0.909,20.82
A0594,2025-05-11,415.1,3.07,6.3,10.95,0.909,11.06
A0594,2025-05-12,415.1,4.41,9.17,16.03,0.909,16.18
A0595,2025-04-29,409.3,26.18,39.34,57.28,0.909,57.68
A0595,2025-04-30,409.3,34.32,51.7,75.39,0.909,75.93
A0595,2025-05-01,409.3,23.65,35.12,50.75,0.909,51.11
A0595,2025-05-02,409.3,33.64,49.2,70.4,0.909,70.88
A0595,2025-05-03,409.3,35.43,51.36,73.08,0.909,73.57
A0595,2025-05-04,409.3,25.73,37.92,54.53,0.909,54.91
A0595,2025-05-05,409.3,27.35,39.54,56.14,0.909,56.52
A0595,2025-05-06,409.3,27.31,40.2,57.76,0.909,58.16
A0595,2025-05-07,409.3,26.86,40.24,58.47,0.909,58.89
A0595,2025-05-08,409.3,30.47,45.67,66.4,0.909,66.87
A0595,2025-05-09,409.3,33.59,49.24,70.57,0.909,71.05
A0595,2025-05-10,409.3,35.38,51.3,73.0,0.909,73.5
A0595,2025-05-11,409.3,22.11,32.5,46.66,0.909,46.98
A0595,2025-05-12,409.3,31.13,45.2,64.36,0.909,64.8
A0596,2025-04-29,322.7,9.79,17.66,26.97,0.909,27.18
A0596,2025-04-30,322.7,12.44,25.39,40.71,0.909,41.05
A0596,2025-05-01,322.7,8.35,16.14,25.36,0.909,25.57
A0596,2025-05-02,322.7,10.32,19.83,31.09,0.909,31.35
A0596,2025-05-03,322.7,12.25,22.4,34.41,0.909,34.68
A0596,2025-05-04,322.7,11.48,21.21,32.73,0.909,32.99
A0596,2025-05-05,322.7,9.97,18.15,27.84,0.909,28.06
A0596,2025-05-06,322.7,10.17,18.31,27.95,0.909,28.17
A0596,2025-05-07,322.7,8.12,15.5,24.23,0.909,24.43
A0596,2025-05-08,322.7,8.5,16.48,25.93,0.909,26.14
A0596,2025-05-09,322.7,8.99,16.99,26.45,0.909,26.67
A0596,2025-05-10,322.7,11.43,20.12,30.4,0.909,30.63
A0596,2025-05-11,322.7,8.85,15.31,22.95,0.909,23.13
A0596,2025-05-12,322.7,9.98,18.14,27.8,0.909,28.02
A0597,2025-04-29,2.8,33.52,54.32,75.12,0.556,57.21
A0597,2025-04-30,2.8,40.87,60.92,80.98,0.556,63.71
A0597,2025-05-01,2.8,27.48,43.05,58.63,0.556,45.22
A0597,2025-05-02,2.8,48.19,75.35,102.52,0.556,79.13
A0597,2025-05-03,2.8,47.97,73.66,99.35,0.556,77.22
A0597,2025-05-04,2.8,31.01,45.83,60.65,0.556,47.89
A0597,2025-05-05,2.8,34.15,50.1,66.04,0.556,52.31
A0597,2025-05-06,2.8,37.25,58.05,78.87,0.556,60.94
A0597,2025-05-07,2.8,35.72,55.68,75.63,0.556,58.45
A0597,2025-05-08,2.8,39.67,62.94,86.21,0.556,66.17
A0597,2025-05-09,2.8,47.93,74.82,101.72,0.556,78.56
A0597,2025-05-10,2.8,48.03,73.47,98.92,0.556,77.01
A0597,2025-05-11,2.8,25.9,40.57,55.24,0.556,42.6
A0597,2025-05-12,2.8,40.32,61.15,81.97,0.556,64.04
A0598,2025-04-29,421.5,2.98,9.55,18.24,0.909,18.44
A0598,2025-04-30,421.5,3.01,11.24,22.14,0.909,22.39
A0598,2025-05-01,421.5,3.5,7.78,13.44,0.909,13.57
A0598,2025-05-02,421.5,3.25,9.07,16.78,0.909,16.95
A0598,2025-05-03,421.5,3.5,10.24,19.16,0.909,19.36
A0598,2025-05-04,421.5,2.08,7.03,13.58,0.909,13.73
A0598,2025-05-05,421.5,3.12,7.92,14.27,0.909,14.41
A0598,2025-05-06,421.5,2.94,8.87,16.72,0.909,16.9
A0598,2025-05-07,421.5,2.45,10.69,21.61,0.909,21.85
A0598,2025-05-08,421.5,3.47,12.14,23.62,0.909,23.88
A0598,2025-05-09,421.5,3.31,11.58,22.54,0.909,22.79
A0598,2025-05-10,421.5,3.7,12.83,24.93,0.909,25.21
A0598,2025-05-11,421.5,2.51,8.32,16.01,0.909,16.18
A0598,2025-05-12,421.5,3.25,10.39,19.84,0.909,20.05
A0599,2025-04-29,433.1,44.99,63.78,93.06,0.909,93.73
A0599,2025-04-30,433.1,60.63,80.78,112.18,0.909,112.9
A0599,2025-05-01,433.1,39.37,53.18,74.72,0.909,75.21
A0599,2025-05-02,433.1,57.18,82.18,121.16,0.909,122.05
A0599,2025-05-03,433.1,56.77,77.68,110.29,0.909,111.03
A0599,2025-05-04,433.1,39.83,51.2,68.94,0.909,69.34
A0599,2025-05-05,433.1,42.98,59.04,84.09,0.909,84.66
A0599,2025-05-06,433.1,43.85,61.63,89.34,0.909,89.97
A0599,2025-05-07,433.1,47.27,69.86,105.07,0.909,105.87
A0599,2025-05-08,433.1,50.21,70.23,101.43,0.909,102.13
A0599,2025-05-09,433.1,58.34,87.0,131.67,0.909,132.68
A0599,2025-05-10,433.1,58.12,81.6,118.2,0.909,119.03
A0599,2025-05-11,433.1,37.01,49.62,69.27,0.909,69.72
A0599,2025-05-12,433.1,50.96,70.99,102.2,0.909,102.91
A0600,2025-04-29,6.7,327.76,441.77,591.86,0.556,462.61
A0600,2025-04-30,6.7,363.83,483.15,640.24,0.556,504.97
A0600,2025-05-01,6.7,261.23,360.8,491.9,0.556,379.01
A0600,2025-05-02,6.7,342.86,470.06,637.54,0.556,493.32
A0600,2025-05-03,6.7,337.99,458.81,617.86,0.556,480.9
A0600,2025-05-04,6.7,318.58,431.49,580.14,0.556,452.13
A0600,2025-05-05,6.7,275.98,380.46,518.02,0.556,399.56
A0600,2025-05-06,6.7,314.86,427.33,575.41,0.556,447.9
A0600,2025-05-07,6.7,320.76,427.85,568.82,0.556,447.43
A0600,2025-05-08,6.7,354.21,480.19,646.05,0.556,503.23
A0600,2025-05-09,6.7,365.76,494.31,663.55,0.556,517.81
A0600,2025-05-10,6.7,353.91,475.42,635.4,0.556,497.64
A0600,2025-05-11,6.7,298.44,402.71,540.0,0.556,421.78
A0600,2025-05-12,6.7,329.33,450.97,611.13,0.556,473.22
A0601,2025-04-29,5.2,31.57,44.84,60.59,0.556,47.03
A0601,2025-04-30,5.2,38.38,54.61,73.87,0.556,57.29
A0601,2025-05-01,5.2,28.24,40.93,55.99,0.556,43.02
A0601,2025-05-02,5.2,37.06,53.6,73.22,0.556,56.32
A0601,2025-05-03,5.2,38.35,54.07,72.72,0.556,56.66
A0601,2025-05-04,5.2,31.14,43.56,58.29,0.556,45.6
A0601,2025-05-05,5.2,31.63,45.01,60.89,0.556,47.22
A0601,2025-05-06,5.2,31.82,45.58,61.91,0.556,47.85
A0601,2025-05-07,5.2,32.45,45.68,61.38,0.556,47.86
A0601,2025-05-08,5.2,35.57,50.26,67.68,0.556,52.68
A0601,2025-05-09,5.2,38.77,55.51,75.35,0.556,58.26
A0601,2025-05-10,5.2,39.72,55.81,74.89,0.556,58.46
A0601,2025-05-11,5.2,27.96,39.92,54.1,0.556,41.89
A0601,2025-05-12,5.2,35.86,50.29,67.42,0.556,52.67
A0602,2025-04-29,5.0,35.6,48.99,66.84,0.556,51.47
A0602,2025-04-30,5.0,40.29,53.43,70.94,0.556,55.86
A0602,2025-05-01,5.0,31.1,42.92,58.68,0.556,45.11
A0602,2025-05-02,5.0,45.94,63.89,87.82,0.556,67.21
A0602,2025-05-03,5.0,45.33,62.02,84.28,0.556,65.11
A0602,2025-05-04,5.0,29.83,40.4,54.51,0.556,42.36
A0602,2025-05-05,5.0,34.26,47.03,64.07,0.556,49.4
A0602,2025-05-06,5.0,34.76,47.84,65.28,0.556,50.26
A0602,2025-05-07,5.0,38.05,52.39,71.52,0.556,55.05
A0602,2025-05-08,5.0,42.24,57.78,78.51,0.556,60.66
A0602,2025-05-09,5.0,48.37,66.86,91.52,0.556,70.29
A0602,2025-05-10,5.0,46.99,64.03,86.75,0.556,67.18
A0602,2025-05-11,5.0,28.89,39.98,54.76,0.556,42.03
A0602,2025-05-12,5.0,41.63,56.97,77.41,0.556,59.8
A0603,2025-04-29,170.9,11.65,17.44,26.11,0.909,26.31
A0603,2025-04-30,170.9,13.12,19.55,29.17,0.909,29.39
A0603,2025-05-01,170.9,9.25,13.69,20.32,0.909,20.47
A0603,2025-05-02,170.9,13.84,22.05,34.32,0.909,34.6
A0603,2025-05-03,170.9,14.6,22.4,34.05,0.909,34.32
A0603,2025-05-04,170.9,8.63,13.63,21.11,0.909,21.28
A0603,2025-05-05,170.9,10.77,16.22,24.36,0.909,24.54
A0603,2025-05-06,170.9,11.45,17.19,25.78,0.909,25.97
A0603,2025-05-07,170.9,11.75,17.24,25.46,0.909,25.64
A0603,2025-05-08,170.9,12.96,19.69,29.77,0.909,30.0
A0603,2025-05-09,170.9,14.64,22.94,35.34,0.909,35.62
A0603,2025-05-10,170.9,15.65,23.5,35.24,0.909,35.51
A0603,2025-05-11,170.9,8.45,13.02,19.85,0.909,20.0
A0603,2025-05-12,170.9,12.79,19.62,29.83,0.909,30.07
A0604,2025-04-29,366.0,5.44,12.37,22.5,0.909,22.73
A0604,2025-04-30,366.0,6.57,15.1,27.59,0.909,27.88
A0604,2025-05-01,366.0,4.71,11.16,20.59,0.909,20.8
A0604,2025-05-02,366.0,6.48,14.33,25.82,0.909,26.09
A0604,2025-05-03,366.0,7.06,14.6,25.62,0.909,25.87
A0604,2025-05-04,366.0,4.43,9.13,16.02,0.909,16.17
A0604,2025-05-05,366.0,5.34,11.86,21.4,0.909,21.61
A0604,2025-05-06,366.0,5.84,12.09,21.23,0.909,21.44
A0604,2025-05-07,366.0,6.18,15.08,28.11,0.909,28.41
A0604,2025-05-08,366.0,6.51,15.48,28.6,0.909,28.9
A0604,2025-05-09,366.0,6.84,17.26,32.5,0.909,32.85
A0604,2025-05-10,366.0,7.58,17.18,31.23,0.909,31.55
A0604,2025-05-11,366.0,4.65,10.02,17.88,0.909,18.06
A0604,2025-05-12,366.0,5.89,13.83,25.45,0.909,25.71
A0605,2025-04-29,2.8,15.29,26.29,41.4,0.556,28.39
A0605,2025-04-30,2.8,18.87,33.35,53.23,0.556,36.11
A0605,2025-05-01,2.8,13.63,23.52,37.1,0.556,25.41
A0605,2025-05-02,2.8,20.57,34.58,53.81,0.556,37.25
A0605,2025-05-03,2.8,21.92,36.87,57.4,0.556,39.72
A0605,2025-05-04,2.8,14.04,23.38,36.2,0.556,25.16
A0605,2025-05-05,2.8,16.73,27.29,41.78,0.556,29.3
A0605,2025-05-06,2.8,16.88,27.89,43.01,0.556,29.99
A0605,2025-05-07,2.8,16.31,26.71,40.98,0.556,28.69
A0605,2025-05-08,2.8,19.71,32.13,49.19,0.556,34.5
A0605,2025-05-09,2.8,21.51,35.27,54.15,0.556,37.89
A0605,2025-05-10,2.8,22.87,37.57,57.75,0.556,40.37
A0605,2025-05-11,2.8,12.16,19.89,30.51,0.556,21.36
A0605,2025-05-12,2.8,18.63,30.51,46.83,0.556,32.78
A0606,2025-04-29,5.2,38.1,53.07,74.52,0.556,56.05
A0606,2025-04-30,5.2,44.96,62.15,86.81,0.556,65.58
A0606,2025-05-01,5.2,31.98,44.09,61.47,0.556,46.51
A0606,2025-05-02,5.2,40.67,56.07,78.16,0.556,59.14
A0606,2025-05-03,5.2,41.72,58.49,82.54,0.556,61.83
A0606,2025-05-04,5.2,94.62,135.34,193.73,0.556,143.45
A0606,2025-05-05,5.2,96.18,137.14,195.88,0.556,145.3
A0606,2025-05-06,5.2,102.14,145.67,208.1,0.556,154.34
A0606,2025-05-07,5.2,99.55,139.1,195.81,0.556,146.97
A0606,2025-05-08,5.2,112.73,160.9,229.97,0.556,170.49
A0606,2025-05-09,5.2,35.91,51.75,74.46,0.556,54.9
A0606,2025-05-10,5.2,37.96,55.24,80.03,0.556,58.69
A0606,2025-05-11,5.2,29.26,42.29,60.98,0.556,44.89
A0606,2025-05-12,5.2,39.16,55.91,79.94,0.556,59.25
A0607,2025-04-29,169.9,3.59,7.49,12.26,0.909,12.37
A0607,2025-04-30,169.9,3.78,7.46,11.95,0.909,12.05
A0607,2025-05-01,169.9,3.03,6.35,10.42,0.909,10.51
A0607,2025-05-02,169.9,4.18,8.83,14.53,0.909,14.66
A0607,2025-05-03,169.9,4.54,8.93,14.31,0.909,14.43
A0607,2025-05-04,169.9,7.6,14.21,22.29,0.909,22.48
A0607,2025-05-05,169.9,8.73,17.24,27.64,0.909,27.88
A0607,2025-05-06,169.9,8.79,17.21,27.51,0.909,27.74
A0607,2025-05-07,169.9,9.01,17.33,27.51,0.909,27.74
A0607,2025-05-08,169.9,10.04,18.74,29.39,0.909,29.63
A0607,2025-05-09,169.9,11.18,21.95,35.12,0.909,35.42
A0607,2025-05-10,169.9,4.09,8.51,13.91,0.909,14.03
A0607,2025-05-11,169.9,2.65,5.41,8.8,0.909,8.87
A0607,2025-05-12,169.9,3.45,7.51,12.47,0.909,12.59
A0608,2025-04-29,6.2,80.6,113.56,156.58,0.556,119.53
A0608,2025-04-30,6.2,101.75,136.85,182.67,0.556,143.21
A0608,2025-05-01,6.2,68.98,92.53,123.28,0.556,96.8
A0608,2025-05-02,6.2,110.71,151.95,205.78,0.556,159.43
A0608,2025-05-03,6.2,107.68,146.71,197.65,0.556,153.78
A0608,2025-05-04,6.2,255.51,350.32,474.08,0.556,367.51
A0608,2025-05-05,6.2,286.44,395.3,537.41,0.556,415.04
A0608,2025-05-06,6.2,297.96,426.09,593.34,0.556,449.32
A0608,2025-05-07,6.2,294.21,421.42,587.47,0.556,444.48
A0608,2025-05-08,6.2,319.16,444.82,608.85,0.556,467.6
A0608,2025-05-09,6.2,359.8,525.12,740.92,0.556,555.09
A0608,2025-05-10,6.2,88.73,129.7,183.19,0.556,137.13
A0608,2025-05-11,6.2,52.45,77.69,110.63,0.556,82.26
A0608,2025-05-12,6.2,80.81,115.71,161.27,0.556,122.04
A0609,2025-04-29,5.7,45.79,66.18,91.3,0.556,69.67
A0609,2025-04-30,5.7,57.8,86.84,122.61,0.556,91.81
A0609,2025-05-01,5.7,37.56,54.18,74.64,0.556,57.02
A0609,2025-05-02,5.7,57.69,84.72,118.01,0.556,89.35
A0609,2025-05-03,5.7,57.21,83.78,116.5,0.556,88.32
A0609,2025-05-04,5.7,42.07,63.01,88.81,0.556,66.6
A0609,2025-05-05,5.7,45.03,66.07,92.0,0.556,69.67
A0609,2025-05-06,5.7,46.48,65.75,89.48,0.556,69.05
A0609,2025-05-07,5.7,52.79,74.88,102.08,0.556,78.66
A0609,2025-05-08,5.7,57.57,81.06,109.98,0.556,85.08
A0609,2025-05-09,5.7,66.12,94.9,130.36,0.556,99.83
A0609,2025-05-10,5.7,64.62,92.35,126.51,0.556,97.1
A0609,2025-05-11,5.7,99.79,136.64,182.04,0.556,142.95
A0609,2025-05-12,5.7,139.35,192.1,257.06,0.556,201.12
A0610,2025-04-29,6.5,28.57,47.42,69.78,0.556,50.52
A0610,2025-04-30,6.5,35.25,48.55,64.33,0.556,50.74
A0610,2025-05-01,6.5,24.99,38.22,53.92,0.556,40.4
A0610,2025-05-02,6.5,34.59,54.87,78.94,0.556,58.21
A0610,2025-05-03,6.5,34.87,56.4,81.97,0.556,59.96
A0610,2025-05-04,6.5,26.07,39.96,56.45,0.556,42.25
A0610,2025-05-05,6.5,28.68,44.87,64.08,0.556,47.54
A0610,2025-05-06,6.5,30.15,48.02,69.24,0.556,50.97
A0610,2025-05-07,6.5,27.67,41.61,58.16,0.556,43.91
A0610,2025-05-08,6.5,32.27,50.73,72.64,0.556,53.77
A0610,2025-05-09,6.5,35.19,57.03,82.94,0.556,60.63
A0610,2025-05-10,6.5,36.24,59.0,86.0,0.556,62.75
A0610,2025-05-11,6.5,24.14,38.11,54.68,0.556,40.41
A0610,2025-05-12,6.5,32.77,52.15,75.15,0.556,55.35
A0611,2025-04-29,334.9,4.28,8.66,14.24,0.909,14.36
A0611,2025-04-30,334.9,5.02,11.38,19.48,0.909,19.67
A0611,2025-05-01,334.9,4.64,8.71,13.89,0.909,14.01
A0611,2025-05-02,334.9,5.57,10.78,17.41,0.909,17.57
A0611,2025-05-03,334.9,5.8,11.43,18.59,0.909,18.75
A0611,2025-05-04,334.9,5.26,11.07,18.46,0.909,18.63
A0611,2025-05-05,334.9,5.29,10.43,16.96,0.909,17.11
A0611,2025-05-06,334.9,4.4,9.17,15.24,0.909,15.38
A0611,2025-05-07,334.9,4.48,8.63,13.91,0.909,14.03
A0611,2025-05-08,334.9,4.52,8.5,13.55,0.909,13.67
A0611,2025-05-09,334.9,5.18,9.23,14.37,0.909,14.49
A0611,2025-05-10,334.9,5.35,9.87,15.64,0.909,15.77
A0611,2025-05-11,334.9,4.66,8.88,14.25,0.909,14.37
A0611,2025-05-12,334.9,5.4,10.3,16.54,0.909,16.68
A0612,2025-04-29,2.5,14.04,22.14,32.66,0.556,23.6
A0612,2025-04-30,2.5,17.11,25.79,37.07,0.556,27.36
A0612,2025-05-01,2.5,11.16,17.53,25.79,0.556,18.67
A0612,2025-05-02,2.5,17.81,28.64,42.71,0.556,30.6
A0612,2025-05-03,2.5,17.98,28.77,42.77,0.556,30.71
A0612,2025-05-04,2.5,11.35,18.07,26.81,0.556,19.29
A0612,2025-05-05,2.5,12.65,19.81,29.11,0.556,21.1
A0612,2025-05-06,2.5,13.03,20.98,31.29,0.556,22.41
A0612,2025-05-07,2.5,14.03,21.7,31.65,0.556,23.08
A0612,2025-05-08,2.5,15.9,24.63,35.95,0.556,26.2
A0612,2025-05-09,2.5,18.65,29.4,43.37,0.556,31.34
A0612,2025-05-10,2.5,18.73,29.37,43.18,0.556,31.29
A0612,2025-05-11,2.5,10.7,16.77,24.64,0.556,17.86
A0612,2025-05-12,2.5,15.84,24.31,35.3,0.556,25.83
A0613,2025-04-29,360.3,56.41,81.1,110.33,0.909,111.0
A0613,2025-04-30,360.3,64.81,105.58,153.87,0.909,154.97
A0613,2025-05-01,360.3,27.84,39.83,54.04,0.909,54.36
A0613,2025-05-02,360.3,42.74,59.96,80.35,0.909,80.82
A0613,2025-05-03,360.3,44.98,63.18,84.74,0.909,85.23
A0613,2025-05-04,360.3,30.82,46.14,64.29,0.909,64.7
A0613,2025-05-05,360.3,34.56,47.94,63.79,0.909,64.15
A0613,2025-05-06,360.3,37.76,52.79,70.58,0.909,70.98
A0613,2025-05-07,360.3,40.17,56.81,76.52,0.909,76.97
A0613,2025-05-08,360.3,45.35,61.92,81.54,0.909,81.99
A0613,2025-05-09,360.3,51.24,69.72,91.6,0.909,92.1
A0613,2025-05-10,360.3,51.8,71.26,94.32,0.909,94.84
A0613,2025-05-11,360.3,31.51,44.78,60.49,0.909,60.85
A0613,2025-05-12,360.3,43.3,59.16,77.94,0.909,78.36
A0614,2025-04-29,6.4,53.08,73.06,102.99,0.556,77.22
A0614,2025-04-30,6.4,68.32,91.13,125.29,0.556,95.88
A0614,2025-05-01,6.4,46.83,65.19,92.67,0.556,69.0
A0614,2025-05-02,6.4,67.79,94.57,134.67,0.556,100.14
A0614,2025-05-03,6.4,66.13,91.68,129.93,0.556,96.99
A0614,2025-05-04,6.4,47.29,65.29,92.24,0.556,69.03
A0614,2025-05-05,6.4,52.54,72.79,103.13,0.556,77.01
A0614,2025-05-06,6.4,54.81,74.67,104.42,0.556,78.8
A0614,2025-05-07,6.4,56.93,77.44,108.16,0.556,81.71
A0614,2025-05-08,6.4,63.25,86.33,120.9,0.556,91.13
A0614,2025-05-09,6.4,70.04,97.98,139.82,0.556,103.79
A0614,2025-05-10,6.4,68.55,95.11,134.89,0.556,100.64
A0614,2025-05-11,6.4,42.73,60.33,86.68,0.556,63.99
A0614,2025-05-12,6.4,61.32,84.12,118.27,0.556,88.86
A0615,2025-04-29,404.9,79.0,101.66,130.71,0.909,131.37
A0615,2025-04-30,404.9,92.21,120.78,157.4,0.909,158.24
A0615,2025-05-01,404.9,61.04,77.06,97.59,0.909,98.06
A0615,2025-05-02,404.9,88.65,117.08,153.52,0.909,154.35
A0615,2025-05-03,404.9,55.69,81.23,113.98,0.909,114.73
A0615,2025-05-04,404.9,39.74,57.38,79.99,0.909,80.5
A0615,2025-05-05,404.9,45.85,61.57,81.71,0.909,82.17
A0615,2025-05-06,404.9,51.35,69.75,93.33,0.909,93.87
A0615,2025-05-07,404.9,56.38,75.12,99.14,0.909,99.69
A0615,2025-05-08,404.9,143.44,192.7,255.86,0.909,257.29
A0615,2025-05-09,404.9,160.62,217.74,290.95,0.909,292.61
A0615,2025-05-10,404.9,161.58,224.01,304.03,0.909,305.85
A0615,2025-05-11,404.9,104.54,142.48,191.11,0.909,192.21
A0615,2025-05-12,404.9,142.37,189.98,251.02,0.909,252.41
A0616,2025-04-29,4.6,30.03,41.61,59.2,0.556,44.06
A0616,2025-04-30,4.6,37.54,49.19,66.89,0.556,51.65
A0616,2025-05-01,4.6,25.19,33.17,45.3,0.556,34.86
A0616,2025-05-02,4.6,34.59,47.23,66.44,0.556,49.9
A0616,2025-05-03,4.6,34.6,47.5,67.11,0.556,50.23
A0616,2025-05-04,4.6,26.36,35.92,50.45,0.556,37.94
A0616,2025-05-05,4.6,26.65,36.64,51.83,0.556,38.75
A0616,2025-05-06,4.6,29.41,41.28,59.3,0.556,43.78
A0616,2025-05-07,4.6,30.5,40.2,54.95,0.556,42.25
A0616,2025-05-08,4.6,33.26,43.66,59.45,0.556,45.85
A0616,2025-05-09,4.6,35.7,48.38,67.66,0.556,51.06
A0616,2025-05-10,4.6,35.7,48.76,68.6,0.556,51.51
A0616,2025-05-11,4.6,25.22,34.27,48.01,0.556,36.18
A0616,2025-05-12,4.6,32.2,43.68,61.13,0.556,46.11
A0617,2025-04-29,14.2,43.86,67.21,91.71,0.909,92.27
A0617,2025-04-30,14.2,54.56,83.89,114.68,0.909,115.38
A0617,2025-05-01,14.2,37.72,58.68,80.67,0.909,81.17
A0617,2025-05-02,14.2,50.52,77.7,106.23,0.909,106.88
A0617,2025-05-03,14.2,53.82,81.41,110.35,0.909,111.01
A0617,2025-05-04,14.2,45.62,69.16,93.86,0.909,94.42
A0617,2025-05-05,14.2,42.97,64.46,87.01,0.909,87.52
A0617,2025-05-06,14.2,45.67,68.46,92.38,0.909,92.93
A0617,2025-05-07,14.2,43.63,66.37,90.23,0.909,90.77
A0617,2025-05-08,14.2,49.37,76.77,105.53,0.909,106.18
A0617,2025-05-09,14.2,50.46,77.76,106.42,0.909,107.07
A0617,2025-05-10,14.2,53.79,81.3,110.16,0.909,110.82
A0617,2025-05-11,14.2,39.03,59.02,80.0,0.909,80.48
A0617,2025-05-12,14.2,48.39,73.06,98.95,0.909,99.54
A0618,2025-04-29,5.0,60.82,88.61,131.18,0.556,94.52
A0618,2025-04-30,5.0,77.55,113.47,168.49,0.556,121.11
A0618,2025-05-01,5.0,50.81,73.08,107.19,0.556,77.82
A0618,2025-05-02,5.0,78.23,113.24,166.88,0.556,120.69
A0618,2025-05-03,5.0,79.97,114.76,168.05,0.556,122.16
A0618,2025-05-04,5.0,57.34,83.83,124.43,0.556,89.47
A0618,2025-05-05,5.0,58.18,81.8,117.99,0.556,86.83
A0618,2025-05-06,5.0,59.71,86.7,128.04,0.556,92.44
A0618,2025-05-07,5.0,64.32,93.58,138.42,0.556,99.81
A0618,2025-05-08,5.0,69.6,102.89,153.88,0.556,109.97
A0618,2025-05-09,5.0,83.97,121.94,180.1,0.556,130.01
A0618,2025-05-10,5.0,84.38,121.59,178.59,0.556,129.5
A0618,2025-05-11,5.0,51.53,75.24,111.55,0.556,80.28
A0618,2025-05-12,5.0,71.45,102.27,149.49,0.556,108.83
A0619,2025-04-29,2.8,25.29,37.54,55.02,0.556,39.97
A0619,2025-04-30,2.8,35.33,52.05,75.92,0.556,55.36
A0619,2025-05-01,2.8,23.01,34.7,51.39,0.556,37.01
A0619,2025-05-02,2.8,35.04,51.88,75.91,0.556,55.21
A0619,2025-05-03,2.8,36.35,52.47,75.48,0.556,55.67
A0619,2025-05-04,2.8,23.35,33.98,49.16,0.556,36.09
A0619,2025-05-05,2.8,26.31,37.75,54.07,0.556,40.02
A0619,2025-05-06,2.8,26.95,39.04,56.3,0.556,41.44
A0619,2025-05-07,2.8,26.38,38.37,55.5,0.556,40.75
A0619,2025-05-08,2.8,30.79,45.42,66.32,0.556,48.33
A0619,2025-05-09,2.8,32.78,49.12,72.44,0.556,52.36
A0619,2025-05-10,2.8,35.07,50.67,72.93,0.556,53.76
A0619,2025-05-11,2.8,19.23,27.77,39.96,0.556,29.46
A0619,2025-05-12,2.8,30.69,43.49,61.77,0.556,46.03
A0620,2025-04-29,5.6,32.55,47.08,64.91,0.556,49.55
A0620,2025-04-30,5.6,41.76,60.89,84.38,0.556,64.15
A0620,2025-05-01,5.6,28.12,42.06,59.18,0.556,44.44
A0620,2025-05-02,5.6,37.4,55.43,77.58,0.556,58.5
A0620,2025-05-03,5.6,36.65,55.31,78.23,0.556,58.49
A0620,2025-05-04,5.6,30.94,47.36,67.54,0.556,50.16
A0620,2025-05-05,5.6,29.51,44.38,62.65,0.556,46.92
A0620,2025-05-06,5.6,32.1,46.37,63.9,0.556,48.81
A0620,2025-05-07,5.6,33.13,49.5,69.6,0.556,52.29
A0620,2025-05-08,5.6,36.7,52.8,72.58,0.556,55.55
A0620,2025-05-09,5.6,39.17,56.88,78.63,0.556,59.9
A0620,2025-05-10,5.6,38.84,57.07,79.47,0.556,60.18
A0620,2025-05-11,5.6,27.42,41.64,59.1,0.556,44.06
A0620,2025-05-12,5.6,35.05,51.53,71.77,0.556,54.34
A0621,2025-04-29,425.3,7.95,15.83,26.41,0.909,26.65
A0621,2025-04-30,425.3,10.11,20.21,33.75,0.909,34.06
A0621,2025-05-01,425.3,7.12,14.13,23.55,0.909,23.76
A0621,2025-05-02,425.3,8.97,18.13,30.43,0.909,30.71
A0621,2025-05-03,425.3,9.36,18.08,29.78,0.909,30.05
A0621,2025-05-04,425.3,6.22,11.98,19.7,0.909,19.87
A0621,2025-05-05,425.3,7.5,14.6,24.12,0.909,24.34
A0621,2025-05-06,425.3,10.5,19.44,31.45,0.909,31.72
A0621,2025-05-07,425.3,11.15,21.73,35.93,0.909,36.25
A0621,2025-05-08,425.3,11.87,22.74,37.34,0.909,37.67
A0621,2025-05-09,425.3,12.45,24.89,41.59,0.909,41.96
A0621,2025-05-10,425.3,12.69,24.34,39.97,0.909,40.33
A0621,2025-05-11,425.3,7.88,14.79,24.06,0.909,24.27
A0621,2025-05-12,425.3,10.37,20.19,33.37,0.909,33.67
A0622,2025-04-29,5.0,29.97,44.51,63.84,0.556,47.19
A0622,2025-04-30,5.0,39.29,62.56,93.5,0.556,66.86
A0622,2025-05-01,5.0,25.22,37.36,53.48,0.556,39.6
A0622,2025-05-02,5.0,39.18,60.52,88.89,0.556,64.46
A0622,2025-05-03,5.0,36.86,57.32,84.52,0.556,61.1
A0622,2025-05-04,5.0,28.11,45.33,68.23,0.556,48.51
A0622,2025-05-05,5.0,28.39,42.36,60.94,0.556,44.94
A0622,2025-05-06,5.0,30.03,43.89,62.32,0.556,46.45
A0622,2025-05-07,5.0,30.08,46.98,69.45,0.556,50.1
A0622,2025-05-08,5.0,34.63,52.63,76.57,0.556,55.96
A0622,2025-05-09,5.0,40.59,63.42,93.78,0.556,67.64
A0622,2025-05-10,5.0,38.22,59.71,88.29,0.556,63.68
A0622,2025-05-11,5.0,24.94,38.78,57.19,0.556,41.34
A0622,2025-05-12,5.0,34.29,52.44,76.57,0.556,55.79
A0623,2025-04-29,430.8,40.72,69.21,99.23,0.909,99.91
A0623,2025-04-30,430.8,52.05,83.79,117.24,0.909,118.0
A0623,2025-05-01,430.8,31.74,53.7,76.85,0.909,77.38
A0623,2025-05-02,430.8,48.22,83.63,120.95,0.909,121.8
A0623,2025-05-03,430.8,47.94,80.72,115.28,0.909,116.06
A0623,2025-05-04,430.8,34.76,58.91,84.36,0.909,84.94
A0623,2025-05-05,430.8,11.13,21.64,32.71,0.909,32.97
A0623,2025-05-06,430.8,12.51,25.66,39.53,0.909,39.84
A0623,2025-05-07,430.8,13.92,26.81,40.39,0.909,40.7
A0623,2025-05-08,430.8,16.95,31.34,46.5,0.909,46.85
A0623,2025-05-09,430.8,18.9,35.23,52.43,0.909,52.82
A0623,2025-05-10,430.8,21.49,36.58,52.48,0.909,52.84
A0623,2025-05-11,430.8,13.21,23.52,34.38,0.909,34.63
A0623,2025-05-12,430.8,18.77,31.23,44.36,0.909,44.66
A0624,2025-04-29,7.6,465.19,651.62,886.65,0.556,684.26
A0624,2025-04-30,7.6,477.29,695.65,970.95,0.556,733.89
A0624,2025-05-01,7.6,400.02,560.89,763.71,0.556,589.06
A0624,2025-05-02,7.6,458.95,646.38,882.69,0.556,679.2
A0624,2025-05-03,7.6,478.22,683.81,943.01,0.556,719.81
A0624,2025-05-04,7.6,471.34,665.45,910.18,0.556,699.44
A0624,2025-05-05,7.6,149.02,215.74,299.86,0.556,227.43
A0624,2025-05-06,7.6,176.48,256.17,356.64,0.556,270.12
A0624,2025-05-07,7.6,174.77,250.8,346.66,0.556,264.11
A0624,2025-05-08,7.6,202.06,283.79,386.83,0.556,298.1
A0624,2025-05-09,7.6,206.75,287.54,389.41,0.556,301.69
A0624,2025-05-10,7.6,223.85,312.5,424.28,0.556,328.03
A0624,2025-05-11,7.6,184.49,258.38,351.55,0.556,271.32
A0624,2025-05-12,7.6,206.52,280.89,374.66,0.556,293.92
A0625,2025-04-29,316.8,0.0,4.19,15.46,0.909,15.71
A0625,2025-04-30,316.8,0.13,6.71,20.64,0.909,20.95
A0625,2025-05-01,316.8,0.35,7.72,22.43,0.909,22.76
A0625,2025-05-02,316.8,0.82,9.51,26.41,0.909,26.8
A0625,2025-05-03,316.8,1.3,11.18,29.61,0.909,30.03
A0625,2025-05-04,316.8,0.69,8.94,25.11,0.909,25.47
A0625,2025-05-05,316.8,1.27,10.79,28.84,0.909,29.25
A0625,2025-05-06,316.8,1.5,11.96,31.36,0.909,31.8
A0625,2025-05-07,316.8,1.87,13.31,34.07,0.909,34.54
A0625,2025-05-08,316.8,2.53,15.27,38.22,0.909,38.74
A0625,2025-05-09,316.8,2.71,16.11,40.26,0.909,40.81
A0625,2025-05-10,316.8,3.21,17.49,42.73,0.909,43.31
A0625,2025-05-11,316.8,1.75,12.44,32.29,0.909,32.74
A0625,2025-05-12,316.8,2.94,16.21,40.09,0.909,40.63
A0626,2025-04-29,3.1,24.21,35.82,51.23,0.556,37.96
A0626,2025-04-30,3.1,30.06,43.37,61.04,0.556,45.82
A0626,2025-05-01,3.1,21.26,31.54,45.18,0.556,33.43
A0626,2025-05-02,3.1,31.15,45.9,65.47,0.556,48.61
A0626,2025-05-03,3.1,30.67,44.64,63.18,0.556,47.21
A0626,2025-05-04,3.1,26.68,37.07,50.86,0.556,38.99
A0626,2025-05-05,3.1,29.32,42.54,60.09,0.556,44.98
A0626,2025-05-06,3.1,29.58,43.12,61.1,0.556,45.62
A0626,2025-05-07,3.1,21.73,33.09,48.18,0.556,35.19
A0626,2025-05-08,3.1,24.72,37.49,54.46,0.556,39.85
A0626,2025-05-09,3.1,29.84,44.42,63.77,0.556,47.1
A0626,2025-05-10,3.1,30.02,43.86,62.24,0.556,46.41
A0626,2025-05-11,3.1,18.09,26.34,37.29,0.556,27.86
A0626,2025-05-12,3.1,26.85,39.61,56.54,0.556,41.96
A0627,2025-04-29,14.2,96.72,138.49,187.63,0.909,188.74
A0627,2025-04-30,14.2,122.72,182.93,253.77,0.909,255.38
A0627,2025-05-01,14.2,82.34,120.13,164.59,0.909,165.6
A0627,2025-05-02,14.2,110.97,159.42,216.41,0.909,217.71
A0627,2025-05-03,14.2,113.4,162.06,219.3,0.909,220.6
A0627,2025-05-04,14.2,94.43,138.48,190.31,0.909,191.49
A0627,2025-05-05,14.2,91.77,134.86,185.54,0.909,186.7
A0627,2025-05-06,14.2,93.76,134.66,182.77,0.909,183.86
A0627,2025-05-07,14.2,95.5,137.48,186.86,0.909,187.98
A0627,2025-05-08,14.2,108.03,154.48,209.11,0.909,210.35
A0627,2025-05-09,14.2,114.1,162.84,220.16,0.909,221.47
A0627,2025-05-10,14.2,116.18,164.8,222.0,0.909,223.3
A0627,2025-05-11,14.2,84.06,119.51,161.22,0.909,162.17
A0627,2025-05-12,14.2,109.32,157.42,214.0,0.909,215.29
A0628,2025-04-29,399.6,35.71,50.29,67.9,0.909,68.3
A0628,2025-04-30,399.6,41.02,57.61,77.65,0.909,78.1
A0628,2025-05-01,399.6,28.52,40.17,54.25,0.909,54.57
A0628,2025-05-02,399.6,87.52,123.2,166.31,0.909,167.29
A0628,2025-05-03,399.6,93.41,138.71,193.43,0.909,194.67
A0628,2025-05-04,399.6,69.32,97.84,132.29,0.909,133.07
A0628,2025-05-05,399.6,73.38,105.97,145.34,0.909,146.23
A0628,2025-05-06,399.6,76.79,113.1,156.97,0.909,157.97
A0628,2025-05-07,399.6,79.54,115.37,158.64,0.909,159.62
A0628,2025-05-08,399.6,33.71,49.74,69.11,0.909,69.55
A0628,2025-05-09,399.6,38.69,56.0,76.9,0.909,77.37
A0628,2025-05-10,399.6,41.06,60.67,84.36,0.909,84.9
A0628,2025-05-11,399.6,28.92,41.0,55.6,0.909,55.93
A0628,2025-05-12,399.6,38.14,53.68,72.45,0.909,72.88
A0629,2025-04-29,360.4,2.1,4.93,8.86,0.909,8.95
A0629,2025-04-30,360.4,2.71,6.6,12.01,0.909,12.13
A0629,2025-05-01,360.4,2.12,4.77,8.47,0.909,8.55
A0629,2025-05-02,360.4,2.29,5.48,9.92,0.909,10.02
A0629,2025-05-03,360.4,2.49,5.63,9.99,0.909,10.09
A0629,2025-05-04,360.4,1.66,4.23,7.79,0.909,7.87
A0629,2025-05-05,360.4,1.87,4.97,9.29,0.909,9.38
A0629,2025-05-06,360.4,1.99,4.54,8.09,0.909,8.18
A0629,2025-05-07,360.4,2.22,5.36,9.73,0.909,9.83
A0629,2025-05-08,360.4,2.53,5.84,10.44,0.909,10.54
A0629,2025-05-09,360.4,2.35,6.15,11.46,0.909,11.58
A0629,2025-05-10,360.4,2.6,6.21,11.24,0.909,11.36
A0629,2025-05-11,360.4,1.8,4.09,7.27,0.909,7.35
A0629,2025-05-12,360.4,2.03,5.59,10.56,0.909,10.67
A0630,2025-04-29,302.2,18.71,27.0,39.4,0.909,39.68
A0630,2025-04-30,302.2,21.1,31.46,46.95,0.909,47.3
A0630,2025-05-01,302.2,9.36,14.68,22.65,0.909,22.83
A0630,2025-05-02,302.2,12.2,19.28,29.86,0.909,30.1
A0630,2025-05-03,302.2,12.13,19.48,30.46,0.909,30.71
A0630,2025-05-04,302.2,8.13,12.93,20.11,0.909,20.28
A0630,2025-05-05,302.2,10.44,15.92,24.11,0.909,24.3
A0630,2025-05-06,302.2,11.12,16.94,25.65,0.909,25.85
A0630,2025-05-07,302.2,11.53,17.62,26.73,0.909,26.94
A0630,2025-05-08,302.2,12.98,19.53,29.33,0.909,29.55
A0630,2025-05-09,302.2,14.25,21.27,31.76,0.909,32.0
A0630,2025-05-10,302.2,14.18,21.56,32.59,0.909,32.84
A0630,2025-05-11,302.2,9.02,13.61,20.47,0.909,20.63
A0630,2025-05-12,302.2,12.91,19.15,28.47,0.909,28.69
A0631,2025-04-29,390.0,13.56,21.2,32.26,0.909,32.51
A0631,2025-04-30,390.0,17.64,28.54,44.31,0.909,44.67
A0631,2025-05-01,390.0,11.43,18.4,28.49,0.909,28.72
A0631,2025-05-02,390.0,15.19,24.71,38.47,0.909,38.78
A0631,2025-05-03,390.0,16.33,27.69,44.11,0.909,44.49
A0631,2025-05-04,390.0,15.3,25.3,39.78,0.909,40.11
A0631,2025-05-05,390.0,12.7,20.74,32.38,0.909,32.64
A0631,2025-05-06,390.0,13.07,20.93,32.3,0.909,32.56
A0631,2025-05-07,390.0,12.56,19.62,29.83,0.909,30.06
A0631,2025-05-08,390.0,13.17,20.42,30.9,0.909,31.14
A0631,2025-05-09,390.0,14.05,21.56,32.42,0.909,32.67
A0631,2025-05-10,390.0,15.47,24.6,37.81,0.909,38.11
A0631,2025-05-11,390.0,11.84,18.55,28.26,0.909,28.48
A0631,2025-05-12,390.0,13.77,21.84,33.5,0.909,33.77
A0632,2025-04-29,6.8,79.15,115.77,162.34,0.556,122.24
A0632,2025-04-30,6.8,105.7,149.33,204.81,0.556,157.04
A0632,2025-05-01,6.8,61.69,93.51,133.98,0.556,99.13
A0632,2025-05-02,6.8,100.9,146.74,205.01,0.556,154.83
A0632,2025-05-03,6.8,97.73,142.53,199.48,0.556,150.44
A0632,2025-05-04,6.8,75.13,106.04,145.34,0.556,111.5
A0632,2025-05-05,6.8,73.48,106.58,148.65,0.556,112.42
A0632,2025-05-06,6.8,79.42,115.1,160.45,0.556,121.4
A0632,2025-05-07,6.8,82.53,122.15,172.52,0.556,129.15
A0632,2025-05-08,6.8,92.95,135.99,190.69,0.556,143.58
A0632,2025-05-09,6.8,111.82,160.42,222.2,0.556,169.0
A0632,2025-05-10,6.8,107.15,154.1,213.78,0.556,162.39
A0632,2025-05-11,6.8,63.08,92.25,129.33,0.556,97.4
A0632,2025-05-12,6.8,89.87,130.69,182.6,0.556,137.9
A0633,2025-04-29,4.9,96.05,128.19,167.6,0.556,133.66
A0633,2025-04-30,4.9,118.72,156.43,202.66,0.556,162.85
A0633,2025-05-01,4.9,79.33,108.81,144.97,0.556,113.83
A0633,2025-05-02,4.9,117.47,158.93,209.78,0.556,166.0
A0633,2025-05-03,4.9,116.62,158.95,210.85,0.556,166.16
A0633,2025-05-04,4.9,85.28,112.05,144.87,0.556,116.61
A0633,2025-05-05,4.9,86.26,119.96,161.29,0.556,125.7
A0633,2025-05-06,4.9,94.09,126.91,167.15,0.556,132.5
A0633,2025-05-07,4.9,94.32,123.54,159.37,0.556,128.51
A0633,2025-05-08,4.9,106.94,141.4,183.65,0.556,147.27
A0633,2025-05-09,4.9,123.01,162.91,211.82,0.556,169.7
A0633,2025-05-10,4.9,120.12,161.22,211.6,0.556,168.21
A0633,2025-05-11,4.9,75.61,99.49,128.78,0.556,103.56
A0633,2025-05-12,4.9,102.89,138.82,182.88,0.556,144.94
A0634,2025-04-29,339.6,6.05,12.53,20.37,0.909,20.55
A0634,2025-04-30,339.6,7.41,15.91,26.2,0.909,26.43
A0634,2025-05-01,339.6,4.86,9.37,14.84,0.909,14.96
A0634,2025-05-02,339.6,7.04,14.1,22.65,0.909,22.84
A0634,2025-05-03,339.6,2.41,6.38,11.18,0.909,11.29
A0634,2025-05-04,339.6,2.73,6.68,11.47,0.909,11.58
A0634,2025-05-05,339.6,2.45,5.14,8.39,0.909,8.46
A0634,2025-05-06,339.6,2.53,5.91,10.01,0.909,10.11
A0634,2025-05-07,339.6,1.93,5.08,8.89,0.909,8.98
A0634,2025-05-08,339.6,1.84,5.28,9.45,0.909,9.55
A0634,2025-05-09,339.6,1.94,5.01,8.73,0.909,8.82
A0634,2025-05-10,339.6,1.89,5.38,9.59,0.909,9.69
A0634,2025-05-11,339.6,2.18,5.29,9.05,0.909,9.13
A0634,2025-05-12,339.6,2.47,5.8,9.84,0.909,9.93
A0635,2025-04-29,5.9,123.38,174.48,224.41,0.556,181.42
A0635,2025-04-30,5.9,138.88,187.19,234.38,0.556,193.74
A0635,2025-05-01,5.9,99.16,156.48,212.48,0.556,164.26
A0635,2025-05-02,5.9,134.98,186.41,236.65,0.556,193.39
A0635,2025-05-03,5.9,67.13,91.41,115.14,0.556,94.71
A0635,2025-05-04,5.9,54.14,76.12,97.58,0.556,79.1
A0635,2025-05-05,5.9,55.83,79.91,103.44,0.556,83.18
A0635,2025-05-06,5.9,63.14,88.58,113.43,0.556,92.03
A0635,2025-05-07,5.9,69.14,86.76,103.98,0.556,89.16
A0635,2025-05-08,5.9,75.18,98.65,121.58,0.556,101.83
A0635,2025-05-09,5.9,83.68,104.14,124.14,0.556,106.92
A0635,2025-05-10,5.9,85.36,108.92,131.92,0.556,112.11
A0635,2025-05-11,5.9,56.5,78.55,100.09,0.556,81.54
A0635,2025-05-12,5.9,73.88,96.22,118.05,0.556,99.25
A0636,2025-04-29,3.0,24.94,38.26,56.05,0.556,40.73
A0636,2025-04-30,3.0,33.04,56.71,88.36,0.556,61.11
A0636,2025-05-01,3.0,22.41,35.72,53.51,0.556,38.19
A0636,2025-05-02,3.0,36.12,54.69,79.51,0.556,58.14
A0636,2025-05-03,3.0,36.07,54.23,78.5,0.556,57.6
A0636,2025-05-04,3.0,24.47,37.73,55.45,0.556,40.19
A0636,2025-05-05,3.0,27.61,40.9,58.68,0.556,43.37
A0636,2025-05-06,3.0,28.33,41.52,59.14,0.556,43.96
A0636,2025-05-07,3.0,26.12,41.35,61.71,0.556,44.18
A0636,2025-05-08,3.0,30.83,48.02,70.99,0.556,51.21
A0636,2025-05-09,3.0,35.31,53.8,78.52,0.556,57.24
A0636,2025-05-10,3.0,35.74,53.77,77.87,0.556,57.12
A0636,2025-05-11,3.0,19.32,29.61,43.37,0.556,31.52
A0636,2025-05-12,3.0,30.97,46.22,66.6,0.556,49.05
A0637,2025-04-29,28.3,0.95,9.85,26.94,0.909,27.33
A0637,2025-04-30,28.3,1.62,12.32,31.78,0.909,32.22
A0637,2025-05-01,28.3,1.63,12.45,31.66,0.909,32.09
A0637,2025-05-02,28.3,2.34,14.78,36.8,0.909,37.3
A0637,2025-05-03,28.3,2.93,16.49,39.9,0.909,40.43
A0637,2025-05-04,28.3,1.98,13.0,33.09,0.909,33.55
A0637,2025-05-05,28.3,2.86,15.65,38.29,0.909,38.8
A0637,2025-05-06,28.3,3.33,17.09,41.38,0.909,41.93
A0637,2025-05-07,28.3,3.96,18.89,44.85,0.909,45.44
A0637,2025-05-08,28.3,4.94,21.45,50.08,0.909,50.73
A0637,2025-05-09,28.3,5.21,22.37,52.36,0.909,53.04
A0637,2025-05-10,28.3,5.64,23.42,53.96,0.909,54.65
A0637,2025-05-11,28.3,3.58,16.66,40.46,0.909,41.0
A0637,2025-05-12,28.3,5.08,21.27,49.7,0.909,50.34
A0638,2025-04-29,190.0,6.16,11.4,17.45,0.909,17.58
A0638,2025-04-30,190.0,6.49,12.66,19.78,0.909,19.94
A0638,2025-05-01,190.0,5.78,10.87,16.73,0.909,16.86
A0638,2025-05-02,190.0,7.58,14.32,22.09,0.909,22.26
A0638,2025-05-03,190.0,7.51,14.42,22.39,0.909,22.58
A0638,2025-05-04,190.0,5.01,9.04,13.69,0.909,13.8
A0638,2025-05-05,190.0,6.62,11.91,18.01,0.909,18.15
A0638,2025-05-06,190.0,6.42,11.55,17.47,0.909,17.6
A0638,2025-05-07,190.0,6.41,11.86,18.15,0.909,18.3
A0638,2025-05-08,190.0,7.07,12.85,19.5,0.909,19.65
A0638,2025-05-09,190.0,7.66,14.4,22.16,0.909,22.34
A0638,2025-05-10,190.0,7.85,14.71,22.62,0.909,22.8
A0638,2025-05-11,190.0,4.88,8.52,12.73,0.909,12.82
A0638,2025-05-12,190.0,7.25,12.93,19.48,0.909,19.63
A0639,2025-04-29,9.6,52.34,74.84,102.94,0.556,78.74
A0639,2025-04-30,9.6,78.97,118.46,167.77,0.556,125.31
A0639,2025-05-01,9.6,44.9,65.02,90.16,0.556,68.51
A0639,2025-05-02,9.6,63.43,91.44,126.41,0.556,96.3
A0639,2025-05-03,9.6,66.58,95.55,131.73,0.556,100.58
A0639,2025-05-04,9.6,57.11,85.46,120.88,0.556,90.38
A0639,2025-05-05,9.6,49.32,71.85,99.98,0.556,75.75
A0639,2025-05-06,9.6,52.07,74.57,102.67,0.556,78.47
A0639,2025-05-07,9.6,52.13,75.33,104.3,0.556,79.35
A0639,2025-05-08,9.6,56.09,80.95,112.0,0.556,85.26
A0639,2025-05-09,9.6,62.68,90.39,124.99,0.556,95.19
A0639,2025-05-10,9.6,66.49,95.16,130.97,0.556,100.14
A0639,2025-05-11,9.6,46.27,67.71,94.48,0.556,71.43
A0639,2025-05-12,9.6,56.39,81.43,112.71,0.556,85.77
A0640,2025-04-29,6.4,32.8,48.15,67.06,0.556,50.78
A0640,2025-04-30,6.4,41.47,64.33,92.5,0.556,68.24
A0640,2025-05-01,6.4,28.12,42.6,60.44,0.556,45.07
A0640,2025-05-02,6.4,42.93,62.87,87.44,0.556,66.28
A0640,2025-05-03,6.4,41.22,60.07,83.3,0.556,63.3
A0640,2025-05-04,6.4,28.96,43.71,61.88,0.556,46.23
A0640,2025-05-05,6.4,32.06,47.84,67.29,0.556,50.54
A0640,2025-05-06,6.4,33.04,48.55,67.67,0.556,51.21
A0640,2025-05-07,6.4,35.54,50.55,69.06,0.556,53.12
A0640,2025-05-08,6.4,40.23,58.02,79.94,0.556,61.07
A0640,2025-05-09,6.4,47.2,68.09,93.84,0.556,71.67
A0640,2025-05-10,6.4,44.61,64.38,88.74,0.556,67.76
A0640,2025-05-11,6.4,27.05,39.66,55.19,0.556,41.81
A0640,2025-05-12,6.4,38.58,56.19,77.9,0.556,59.21
A0641,2025-04-29,301.0,97.8,139.18,187.96,0.909,189.07
A0641,2025-04-30,301.0,120.1,175.84,241.55,0.909,243.05
A0641,2025-05-01,301.0,80.38,114.29,154.27,0.909,155.18
A0641,2025-05-02,301.0,126.43,176.34,235.17,0.909,236.51
A0641,2025-05-03,301.0,131.31,183.43,244.88,0.909,246.27
A0641,2025-05-04,301.0,83.18,119.83,163.04,0.909,164.02
A0641,2025-05-05,301.0,92.69,130.62,175.34,0.909,176.36
A0641,2025-05-06,301.0,96.95,137.88,186.12,0.909,187.22
A0641,2025-05-07,301.0,109.31,152.25,202.86,0.909,204.01
A0641,2025-05-08,301.0,116.22,163.87,220.03,0.909,221.31
A0641,2025-05-09,301.0,132.86,185.09,246.65,0.909,248.05
A0641,2025-05-10,301.0,137.14,191.4,255.35,0.909,256.81
A0641,2025-05-11,301.0,78.24,111.09,149.81,0.909,150.69
A0641,2025-05-12,301.0,113.09,158.45,211.93,0.909,213.14
A0642,2025-04-29,389.0,4.02,9.5,17.06,0.909,17.23
A0642,2025-04-30,389.0,5.46,11.95,20.9,0.909,21.1
A0642,2025-05-01,389.0,4.11,9.45,16.82,0.909,16.98
A0642,2025-05-02,389.0,4.51,10.96,19.85,0.909,20.05
A0642,2025-05-03,389.0,5.25,11.41,19.92,0.909,20.12
A0642,2025-05-04,389.0,3.07,7.72,14.15,0.909,14.3
A0642,2025-05-05,389.0,3.92,9.12,16.31,0.909,16.47
A0642,2025-05-06,389.0,4.09,9.35,16.61,0.909,16.77
A0642,2025-05-07,389.0,3.8,10.11,18.83,0.909,19.02
A0642,2025-05-08,389.0,4.54,11.69,21.57,0.909,21.8
A0642,2025-05-09,389.0,4.4,11.91,22.29,0.909,22.52
A0642,2025-05-10,389.0,5.33,12.39,22.13,0.909,22.35
A0642,2025-05-11,389.0,3.21,8.17,15.02,0.909,15.18
A0642,2025-05-12,389.0,4.24,10.42,18.95,0.909,19.14
A0643,2025-04-29,437.1,17.57,28.34,41.12,0.909,41.41
A0643,2025-04-30,437.1,21.54,36.16,53.51,0.909,53.9
A0643,2025-05-01,437.1,15.22,23.75,33.87,0.909,34.1
A0643,2025-05-02,437.1,18.17,29.99,44.03,0.909,44.35
A0643,2025-05-03,437.1,18.71,31.98,47.72,0.909,48.08
A0643,2025-05-04,437.1,19.38,30.84,44.44,0.909,44.75
A0643,2025-05-05,437.1,16.3,26.12,37.77,0.909,38.03
A0643,2025-05-06,437.1,18.47,30.06,43.82,0.909,44.13
A0643,2025-05-07,437.1,15.98,26.26,38.47,0.909,38.74
A0643,2025-05-08,437.1,17.62,28.14,40.63,0.909,40.91
A0643,2025-05-09,437.1,15.76,25.96,38.07,0.909,38.34
A0643,2025-05-10,437.1,16.93,28.73,42.74,0.909,43.06
A0643,2025-05-11,437.1,16.13,25.49,36.6,0.909,36.85
A0643,2025-05-12,437.1,17.56,28.36,41.17,0.909,41.46
A0644,2025-04-29,4.1,40.34,69.4,102.53,0.556,74.01
A0644,2025-04-30,4.1,45.89,86.74,133.3,0.556,93.2
A0644,2025-05-01,4.1,34.5,54.27,76.81,0.556,57.4
A0644,2025-05-02,4.1,52.13,79.93,111.62,0.556,84.33
A0644,2025-05-03,4.1,240.64,377.11,532.69,0.556,398.72
A0644,2025-05-04,4.1,257.29,376.57,512.54,0.556,395.45
A0644,2025-05-05,4.1,274.57,378.22,496.38,0.556,394.63
A0644,2025-05-06,4.1,263.34,396.49,548.28,0.556,417.57
A0644,2025-05-07,4.1,212.43,331.05,466.28,0.556,349.84
A0644,2025-05-08,4.1,235.47,367.58,518.18,0.556,388.49
A0644,2025-05-09,4.1,250.26,374.88,516.95,0.556,394.61
A0644,2025-05-10,4.1,39.32,71.34,107.85,0.556,76.41
A0644,2025-05-11,4.1,26.5,50.03,76.84,0.556,53.75
A0644,2025-05-12,4.1,38.35,67.91,101.61,0.556,72.59
A0645,2025-04-29,6.0,48.85,77.1,116.74,0.556,82.6
A0645,2025-04-30,6.0,67.95,101.07,147.56,0.556,107.53
A0645,2025-05-01,6.0,41.93,67.94,104.44,0.556,73.01
A0645,2025-05-02,6.0,63.38,95.02,139.41,0.556,101.18
A0645,2025-05-03,6.0,64.2,96.69,142.3,0.556,103.03
A0645,2025-05-04,6.0,51.78,74.34,106.01,0.556,78.74
A0645,2025-05-05,6.0,48.36,75.47,113.52,0.556,80.75
A0645,2025-05-06,6.0,51.05,78.96,118.15,0.556,84.41
A0645,2025-05-07,6.0,51.23,79.01,118.0,0.556,84.42
A0645,2025-05-08,6.0,58.11,90.11,135.01,0.556,96.34
A0645,2025-05-09,6.0,62.63,96.88,144.94,0.556,103.55
A0645,2025-05-10,6.0,63.9,98.8,147.79,0.556,105.61
A0645,2025-05-11,6.0,41.15,62.39,92.2,0.556,66.53
A0645,2025-05-12,6.0,56.72,87.67,131.11,0.556,93.71
A0646,2025-04-29,33.9,9.27,16.35,25.98,0.909,26.2
A0646,2025-04-30,33.9,11.89,19.61,30.11,0.909,30.35
A0646,2025-05-01,33.9,8.43,14.91,23.72,0.909,23.92
A0646,2025-05-02,33.9,10.72,18.79,29.77,0.909,30.02
A0646,2025-05-03,33.9,10.27,18.26,29.14,0.909,29.39
A0646,2025-05-04,33.9,7.36,13.84,22.66,0.909,22.86
A0646,2025-05-05,33.9,8.19,15.44,25.29,0.909,25.52
A0646,2025-05-06,33.9,8.52,15.32,24.58,0.909,24.79
A0646,2025-05-07,33.9,9.64,17.57,28.36,0.909,28.6
A0646,2025-05-08,33.9,10.06,18.33,29.57,0.909,29.82
A0646,2025-05-09,33.9,11.26,20.7,33.55,0.909,33.84
A0646,2025-05-10,33.9,10.74,19.93,32.42,0.909,32.7
A0646,2025-05-11,33.9,7.67,14.78,24.45,0.909,24.67
A0646,2025-05-12,33.9,9.68,18.02,29.36,0.909,29.62
A0647,2025-04-29,3.6,20.85,33.51,51.78,0.556,36.05
A0647,2025-04-30,3.6,27.66,43.14,65.47,0.556,46.24
A0647,2025-05-01,3.6,19.67,30.17,45.32,0.556,32.28
A0647,2025-05-02,3.6,28.6,44.15,66.58,0.556,47.26
A0647,2025-05-03,3.6,27.93,44.26,67.81,0.556,47.53
A0647,2025-05-04,3.6,19.32,28.76,42.37,0.556,30.65
A0647,2025-05-05,3.6,23.06,33.87,49.46,0.556,36.03
A0647,2025-05-06,3.6,22.71,35.15,53.1,0.556,37.64
A0647,2025-05-07,3.6,20.29,32.47,50.03,0.556,34.91
A0647,2025-05-08,3.6,24.07,37.28,56.33,0.556,39.92
A0647,2025-05-09,3.6,26.85,42.3,64.58,0.556,45.39
A0647,2025-05-10,3.6,26.73,42.85,66.11,0.556,46.08
A0647,2025-05-11,3.6,15.6,23.61,35.17,0.556,25.22
A0647,2025-05-12,3.6,24.16,36.41,54.09,0.556,38.87
A0648,2025-04-29,320.4,8.73,16.95,28.37,0.909,28.63
A0648,2025-04-30,320.4,10.2,23.74,42.53,0.909,42.96
A0648,2025-05-01,320.4,8.05,14.43,23.29,0.909,23.49
A0648,2025-05-02,320.4,10.09,18.61,30.42,0.909,30.69
A0648,2025-05-03,320.4,10.21,19.94,33.44,0.909,33.75
A0648,2025-05-04,320.4,6.79,13.54,22.92,0.909,23.13
A0648,2025-05-05,320.4,8.75,15.53,24.95,0.909,25.16
A0648,2025-05-06,320.4,8.63,16.08,26.42,0.909,26.65
A0648,2025-05-07,320.4,8.04,18.34,32.63,0.909,32.95
A0648,2025-05-08,320.4,8.38,19.99,36.1,0.909,36.47
A0648,2025-05-09,320.4,9.67,20.99,36.7,0.909,37.06
A0648,2025-05-10,320.4,10.34,22.72,39.89,0.909,40.28
A0648,2025-05-11,320.4,7.34,13.88,22.96,0.909,23.16
A0648,2025-05-12,320.4,8.97,18.49,31.7,0.909,32.0
A0649,2025-04-29,2.8,43.7,67.15,91.93,0.556,70.59
A0649,2025-04-30,2.8,59.14,85.77,113.91,0.556,89.68
A0649,2025-05-01,2.8,39.97,64.47,90.36,0.556,68.06
A0649,2025-05-02,2.8,58.35,89.34,122.08,0.556,93.89
A0649,2025-05-03,2.8,59.54,90.82,123.88,0.556,95.42
A0649,2025-05-04,2.8,38.74,57.06,76.42,0.556,59.75
A0649,2025-05-05,2.8,43.52,67.36,92.56,0.556,70.86
A0649,2025-05-06,2.8,45.5,69.02,93.87,0.556,72.47
A0649,2025-05-07,2.8,47.61,71.38,96.51,0.556,74.87
A0649,2025-05-08,2.8,52.67,80.68,110.28,0.556,84.79
A0649,2025-05-09,2.8,57.2,87.95,120.44,0.556,92.46
A0649,2025-05-10,2.8,59.79,90.88,123.74,0.556,95.44
A0649,2025-05-11,2.8,33.26,50.18,68.06,0.556,52.67
A0649,2025-05-12,2.8,51.26,77.39,105.0,0.556,81.22
A0650,2025-04-29,14.2,60.71,87.41,118.81,0.909,119.52
A0650,2025-04-30,14.2,64.27,99.67,141.29,0.909,142.24
A0650,2025-05-01,14.2,39.64,55.67,74.52,0.909,74.95
A0650,2025-05-02,14.2,53.42,75.21,100.83,0.909,101.41
A0650,2025-05-03,14.2,54.58,83.72,117.98,0.909,118.76
A0650,2025-05-04,14.2,50.52,71.87,96.98,0.909,97.55
A0650,2025-05-05,14.2,45.75,65.83,89.44,0.909,89.98
A0650,2025-05-06,14.2,50.78,74.96,103.38,0.909,104.02
A0650,2025-05-07,14.2,50.29,75.79,105.77,0.909,106.45
A0650,2025-05-08,14.2,54.15,78.81,107.81,0.909,108.47
A0650,2025-05-09,14.2,55.33,77.12,102.73,0.909,103.31
A0650,2025-05-10,14.2,57.3,86.85,121.6,0.909,122.39
A0650,2025-05-11,14.2,43.91,63.14,85.76,0.909,86.28
A0650,2025-05-12,14.2,53.62,78.68,108.16,0.909,108.83
A0651,2025-04-29,10.0,57.2,86.76,116.28,0.556,90.86
A0651,2025-04-30,10.0,73.83,111.67,149.44,0.556,116.91
A0651,2025-05-01,10.0,47.75,75.18,102.58,0.556,78.99
A0651,2025-05-02,10.0,61.85,93.38,124.86,0.556,97.75
A0651,2025-05-03,10.0,64.45,97.65,130.8,0.556,102.25
A0651,2025-05-04,10.0,59.52,87.63,115.7,0.556,91.53
A0651,2025-05-05,10.0,54.63,82.66,110.66,0.556,86.55
A0651,2025-05-06,10.0,58.91,89.13,119.31,0.556,93.32
A0651,2025-05-07,10.0,55.18,83.99,112.77,0.556,87.99
A0651,2025-05-08,10.0,63.28,96.94,130.54,0.556,101.6
A0651,2025-05-09,10.0,60.97,92.25,123.48,0.556,96.59
A0651,2025-05-10,10.0,65.49,98.68,131.82,0.556,103.28
A0651,2025-05-11,10.0,49.72,74.83,99.91,0.556,78.32
A0651,2025-05-12,10.0,61.62,92.72,123.78,0.556,97.04
A0652,2025-04-29,28.7,17.2,29.48,47.26,0.909,47.66
A0652,2025-04-30,28.7,20.71,33.91,53.01,0.909,53.45
A0652,2025-05-01,28.7,14.13,22.5,34.61,0.909,34.89
A0652,2025-05-02,28.7,20.41,33.46,52.37,0.909,52.8
A0652,2025-05-03,28.7,20.53,33.87,53.17,0.909,53.61
A0652,2025-05-04,28.7,14.12,25.36,41.63,0.909,41.99
A0652,2025-05-05,28.7,15.5,25.38,39.68,0.909,40.01
A0652,2025-05-06,28.7,16.36,28.13,45.16,0.909,45.55
A0652,2025-05-07,28.7,18.64,31.35,49.77,0.909,50.18
A0652,2025-05-08,28.7,20.09,33.8,53.66,0.909,54.11
A0652,2025-05-09,28.7,22.99,38.15,60.1,0.909,60.6
A0652,2025-05-10,28.7,22.78,37.96,59.95,0.909,60.45
A0652,2025-05-11,28.7,14.67,26.51,43.65,0.909,44.04
A0652,2025-05-12,28.7,19.14,32.14,50.95,0.909,51.38
A0653,2025-04-29,5.5,37.82,55.14,74.92,0.556,57.89
A0653,2025-04-30,5.5,102.1,154.08,213.42,0.556,162.32
A0653,2025-05-01,5.5,72.41,100.31,132.16,0.556,104.74
A0653,2025-05-02,5.5,96.05,136.24,182.11,0.556,142.61
A0653,2025-05-03,5.5,93.92,133.26,178.18,0.556,139.5
A0653,2025-05-04,5.5,83.29,116.52,154.47,0.556,121.79
A0653,2025-05-05,5.5,32.0,48.68,67.73,0.556,51.33
A0653,2025-05-06,5.5,33.04,50.15,69.67,0.556,52.86
A0653,2025-05-07,5.5,32.85,51.08,71.9,0.556,53.97
A0653,2025-05-08,5.5,38.82,57.08,77.94,0.556,59.98
A0653,2025-05-09,5.5,45.75,66.24,89.63,0.556,69.49
A0653,2025-05-10,5.5,46.81,66.78,89.58,0.556,69.95
A0653,2025-05-11,5.5,61.3,83.06,107.91,0.556,86.51
A0653,2025-05-12,5.5,75.06,104.71,138.56,0.556,109.41
A0654,2025-04-29,3.3,50.78,79.4,113.22,0.556,84.1
A0654,2025-04-30,3.3,252.92,421.06,619.69,0.556,448.65
A0654,2025-05-01,3.3,208.27,312.58,435.81,0.556,329.69
A0654,2025-05-02,3.3,292.2,432.96,599.27,0.556,456.06
A0654,2025-05-03,3.3,281.17,418.62,581.01,0.556,441.17
A0654,2025-05-04,3.3,207.7,300.37,409.84,0.556,315.57
A0654,2025-05-05,3.3,251.0,357.23,482.74,0.556,374.66
A0654,2025-05-06,3.3,238.29,339.55,459.18,0.556,356.17
A0654,2025-05-07,3.3,38.25,69.33,106.05,0.556,74.43
A0654,2025-05-08,3.3,43.27,77.33,117.58,0.556,82.92
A0654,2025-05-09,3.3,52.14,91.34,137.66,0.556,97.78
A0654,2025-05-10,3.3,59.06,97.09,142.02,0.556,103.33
A0654,2025-05-11,3.3,37.68,57.85,81.69,0.556,61.17
A0654,2025-05-12,3.3,150.77,220.56,303.01,0.556,232.01
A0655,2025-04-29,346.7,54.73,74.07,97.0,0.909,97.52
A0655,2025-04-30,346.7,72.06,105.21,144.52,0.909,145.42
A0655,2025-05-01,346.7,47.15,65.8,87.9,0.909,88.4
A0655,2025-05-02,346.7,68.52,93.46,123.04,0.909,123.71
A0655,2025-05-03,346.7,69.64,96.66,128.71,0.909,129.44
A0655,2025-05-04,346.7,49.25,71.56,98.02,0.909,98.62
A0655,2025-05-05,346.7,51.63,71.58,95.24,0.909,95.78
A0655,2025-05-06,346.7,54.34,73.34,95.87,0.909,96.38
A0655,2025-05-07,346.7,58.3,80.77,107.42,0.909,108.02
A0655,2025-05-08,346.7,63.34,87.55,116.26,0.909,116.91
A0655,2025-05-09,346.7,71.56,98.12,129.62,0.909,130.34
A0655,2025-05-10,346.7,72.47,101.0,134.84,0.909,135.61
A0655,2025-05-11,346.7,44.47,62.31,83.47,0.909,83.95
A0655,2025-05-12,346.7,61.81,85.46,113.51,0.909,114.15
A0656,2025-04-29,206.3,17.74,28.13,40.15,0.909,40.43
A0656,2025-04-30,206.3,24.59,43.02,64.35,0.909,64.83
A0656,2025-05-01,206.3,16.13,25.41,36.15,0.909,36.4
A0656,2025-05-02,206.3,24.17,38.49,55.06,0.909,55.44
A0656,2025-05-03,206.3,24.33,36.41,50.39,0.909,50.71
A0656,2025-05-04,206.3,16.34,26.28,37.79,0.909,38.05
A0656,2025-05-05,206.3,18.33,28.16,39.54,0.909,39.8
A0656,2025-05-06,206.3,17.85,28.33,40.45,0.909,40.73
A0656,2025-05-07,206.3,19.93,30.19,42.05,0.909,42.32
A0656,2025-05-08,206.3,21.09,32.72,46.19,0.909,46.5
A0656,2025-05-09,206.3,24.78,39.12,55.71,0.909,56.09
A0656,2025-05-10,206.3,38.14,55.61,75.85,0.909,76.31
A0656,2025-05-11,206.3,22.63,33.34,45.74,0.909,46.02
A0656,2025-05-12,206.3,31.25,47.18,65.63,0.909,66.05
A0657,2025-04-29,401.4,12.18,17.97,27.16,0.909,27.37
A0657,2025-04-30,401.4,12.32,20.58,33.69,0.909,33.99
A0657,2025-05-01,401.4,10.04,15.49,24.15,0.909,24.35
A0657,2025-05-02,401.4,13.11,19.63,29.99,0.909,30.22
A0657,2025-05-03,401.4,13.51,20.25,30.95,0.909,31.2
A0657,2025-05-04,401.4,11.9,18.81,29.77,0.909,30.02
A0657,2025-05-05,401.4,12.06,17.79,26.88,0.909,27.09
A0657,2025-05-06,401.4,13.97,19.82,29.13,0.909,29.34
A0657,2025-05-07,401.4,14.27,19.83,28.67,0.909,28.87
A0657,2025-05-08,401.4,16.34,21.85,30.61,0.909,30.81
A0657,2025-05-09,401.4,15.89,21.82,31.23,0.909,31.45
A0657,2025-05-10,401.4,16.32,22.49,32.3,0.909,32.52
A0657,2025-05-11,401.4,11.87,17.2,25.66,0.909,25.85
A0657,2025-05-12,401.4,14.77,20.46,29.49,0.909,29.7
A0658,2025-04-29,4.3,45.33,68.94,96.93,0.556,72.83
A0658,2025-04-30,4.3,55.51,81.14,111.51,0.556,85.36
A0658,2025-05-01,4.3,39.57,61.54,87.59,0.556,65.16
A0658,2025-05-02,4.3,56.69,83.16,114.54,0.556,87.52
A0658,2025-05-03,4.3,60.33,85.73,115.84,0.556,89.91
A0658,2025-05-04,4.3,49.0,70.44,95.86,0.556,73.98
A0658,2025-05-05,4.3,46.63,70.59,98.98,0.556,74.53
A0658,2025-05-06,4.3,49.69,73.24,101.17,0.556,77.12
A0658,2025-05-07,4.3,47.89,72.96,102.68,0.556,77.09
A0658,2025-05-08,4.3,49.68,74.52,103.98,0.556,78.61
A0658,2025-05-09,4.3,52.68,78.22,108.5,0.556,82.42
A0658,2025-05-10,4.3,57.2,81.72,110.79,0.556,85.76
A0658,2025-05-11,4.3,40.61,61.08,85.34,0.556,64.45
A0658,2025-05-12,4.3,51.06,76.58,106.83,0.556,80.78
A0659,2025-04-29,12.8,26.73,43.0,61.86,0.909,62.29
A0659,2025-04-30,12.8,34.9,54.4,77.01,0.909,77.53
A0659,2025-05-01,12.8,25.52,38.16,52.8,0.909,53.14
A0659,2025-05-02,12.8,34.44,51.29,70.84,0.909,71.28
A0659,2025-05-03,12.8,34.89,53.16,74.33,0.909,74.81
A0659,2025-05-04,12.8,30.27,45.25,62.61,0.909,63.0
A0659,2025-05-05,12.8,30.11,44.19,60.52,0.909,60.89
A0659,2025-05-06,12.8,29.3,45.73,64.78,0.909,65.21
A0659,2025-05-07,12.8,28.26,44.25,62.8,0.909,63.22
A0659,2025-05-08,12.8,31.6,48.68,68.49,0.909,68.94
A0659,2025-05-09,12.8,33.54,50.17,69.45,0.909,69.88
A0659,2025-05-10,12.8,34.32,52.4,73.36,0.909,73.84
A0659,2025-05-11,12.8,25.11,38.59,54.22,0.909,54.58
A0659,2025-05-12,12.8,31.4,47.96,67.17,0.909,67.6
A0660,2025-04-29,5.2,272.04,465.4,691.65,0.556,496.83
A0660,2025-04-30,5.2,433.64,816.2,1263.8,0.556,878.36
A0660,2025-05-01,5.2,381.4,659.29,984.44,0.556,704.45
A0660,2025-05-02,5.2,432.15,841.97,1321.48,0.556,908.57
A0660,2025-05-03,5.2,454.11,912.39,1448.59,0.556,986.86
A0660,2025-05-04,5.2,434.23,727.48,1070.59,0.556,775.13
A0660,2025-05-05,5.2,372.46,688.8,1058.93,0.556,740.21
A0660,2025-05-06,5.2,193.58,390.88,621.73,0.556,422.95
A0660,2025-05-07,5.2,232.63,408.1,613.4,0.556,436.61
A0660,2025-05-08,5.2,219.92,442.02,701.88,0.556,478.11
A0660,2025-05-09,5.2,273.56,505.08,775.97,0.556,542.7
A0660,2025-05-10,5.2,475.99,1124.12,1882.46,0.556,1229.45
A0660,2025-05-11,5.2,458.1,850.05,1308.65,0.556,913.75
A0660,2025-05-12,5.2,475.05,1002.92,1620.55,0.556,1088.7
A0661,2025-04-29,363.4,61.55,81.43,100.93,0.909,101.38
A0661,2025-04-30,363.4,76.1,95.62,114.78,0.909,115.22
A0661,2025-05-01,363.4,51.84,65.98,79.84,0.909,80.16
A0661,2025-05-02,363.4,71.47,95.19,118.47,0.909,119.0
A0661,2025-05-03,363.4,74.37,98.01,121.21,0.909,121.74
A0661,2025-05-04,363.4,52.31,66.87,81.16,0.909,81.49
A0661,2025-05-05,363.4,55.74,73.17,90.28,0.909,90.67
A0661,2025-05-06,363.4,61.71,81.29,100.5,0.909,100.93
A0661,2025-05-07,363.4,68.02,87.74,107.1,0.909,107.54
A0661,2025-05-08,363.4,74.82,95.12,115.05,0.909,115.5
A0661,2025-05-09,363.4,80.33,104.12,127.48,0.909,128.01
A0661,2025-05-10,363.4,82.73,106.35,129.52,0.909,130.05
A0661,2025-05-11,363.4,52.25,66.59,80.67,0.909,80.99
A0661,2025-05-12,363.4,68.57,89.9,110.84,0.909,111.32
A0662,2025-04-29,2.9,14.48,22.46,34.08,0.556,24.07
A0662,2025-04-30,2.9,17.69,26.51,39.36,0.556,28.3
A0662,2025-05-01,2.9,12.75,19.7,29.82,0.556,21.1
A0662,2025-05-02,2.9,20.14,30.29,45.07,0.556,32.35
A0662,2025-05-03,2.9,20.36,31.67,48.15,0.556,33.96
A0662,2025-05-04,2.9,12.61,18.94,28.17,0.556,20.23
A0662,2025-05-05,2.9,15.22,23.27,34.98,0.556,24.89
A0662,2025-05-06,2.9,15.36,23.43,35.17,0.556,25.06
A0662,2025-05-07,2.9,14.93,23.25,35.35,0.556,24.93
A0662,2025-05-08,2.9,16.8,26.28,40.07,0.556,28.19
A0662,2025-05-09,2.9,19.19,29.39,44.26,0.556,31.46
A0662,2025-05-10,2.9,19.56,30.97,47.58,0.556,33.27
A0662,2025-05-11,2.9,11.26,17.53,26.67,0.556,18.8
A0662,2025-05-12,2.9,17.22,26.71,40.52,0.556,28.63
A0663,2025-04-29,370.9,0.27,5.18,16.82,0.909,17.09
A0663,2025-04-30,370.9,0.41,5.86,17.97,0.909,18.24
A0663,2025-05-01,370.9,0.01,4.95,15.83,0.909,16.07
A0663,2025-05-02,370.9,0.19,5.88,17.83,0.909,18.1
A0663,2025-05-03,370.9,0.3,6.37,18.6,0.909,18.88
A0663,2025-05-04,370.9,0.0,4.7,15.37,0.909,15.61
A0663,2025-05-05,370.9,0.23,5.72,17.31,0.909,17.57
A0663,2025-05-06,370.9,0.23,6.24,18.39,0.909,18.67
A0663,2025-05-07,370.9,0.37,6.79,19.42,0.909,19.71
A0663,2025-05-08,370.9,0.63,7.61,21.07,0.909,21.37
A0663,2025-05-09,370.9,0.66,7.95,21.91,0.909,22.22
A0663,2025-05-10,370.9,0.78,8.45,22.72,0.909,23.04
A0663,2025-05-11,370.9,0.18,6.11,18.11,0.909,18.38
A0663,2025-05-12,370.9,0.6,7.72,21.3,0.909,21.61
A0664,2025-04-29,6.9,53.67,73.79,102.22,0.556,77.74
A0664,2025-04-30,6.9,65.69,92.48,130.34,0.556,97.74
A0664,2025-05-01,6.9,45.29,63.48,89.19,0.556,67.05
A0664,2025-05-02,6.9,60.97,84.82,118.53,0.556,89.5
A0664,2025-05-03,6.9,61.99,85.73,119.27,0.556,90.38
A0664,2025-05-04,6.9,54.11,76.53,108.22,0.556,80.93
A0664,2025-05-05,6.9,49.3,69.22,97.36,0.556,73.13
A0664,2025-05-06,6.9,54.42,74.69,103.34,0.556,78.67
A0664,2025-05-07,6.9,55.11,75.36,103.96,0.556,79.33
A0664,2025-05-08,6.9,61.06,83.76,115.83,0.556,88.21
A0664,2025-05-09,6.9,62.42,86.17,119.73,0.556,90.83
A0664,2025-05-10,6.9,63.35,87.05,120.54,0.556,91.7
A0664,2025-05-11,6.9,48.64,68.02,95.4,0.556,71.82
A0664,2025-05-12,6.9,58.38,80.84,112.58,0.556,85.25
A0665,2025-04-29,292.8,9.64,15.84,24.86,0.909,25.07
A0665,2025-04-30,292.8,9.99,17.84,29.29,0.909,29.55
A0665,2025-05-01,292.8,7.76,13.66,22.26,0.909,22.46
A0665,2025-05-02,292.8,10.77,18.07,28.72,0.909,28.96
A0665,2025-05-03,292.8,10.7,18.65,30.24,0.909,30.51
A0665,2025-05-04,292.8,6.73,11.89,19.42,0.909,19.59
A0665,2025-05-05,292.8,8.53,14.47,23.12,0.909,23.32
A0665,2025-05-06,292.8,9.55,15.2,23.45,0.909,23.63
A0665,2025-05-07,292.8,10.68,18.07,28.84,0.909,29.09
A0665,2025-05-08,292.8,11.61,19.51,31.02,0.909,31.28
A0665,2025-05-09,292.8,12.99,21.55,34.04,0.909,34.33
A0665,2025-05-10,292.8,12.83,21.81,34.91,0.909,35.21
A0665,2025-05-11,292.8,7.54,12.53,19.81,0.909,19.98
A0665,2025-05-12,292.8,10.4,17.51,27.87,0.909,28.11
A0666,2025-04-29,5.4,49.18,74.76,106.56,0.556,79.18
A0666,2025-04-30,5.4,65.04,104.62,153.81,0.556,111.45
A0666,2025-05-01,5.4,42.44,63.3,89.23,0.556,66.9
A0666,2025-05-02,5.4,58.81,89.01,126.55,0.556,94.22
A0666,2025-05-03,5.4,60.79,89.31,124.78,0.556,94.24
A0666,2025-05-04,5.4,48.63,76.2,110.46,0.556,80.95
A0666,2025-05-05,5.4,48.42,73.62,104.94,0.556,77.97
A0666,2025-05-06,5.4,48.93,74.56,106.41,0.556,78.98
A0666,2025-05-07,5.4,48.57,74.38,106.45,0.556,78.83
A0666,2025-05-08,5.4,52.38,80.18,114.74,0.556,84.98
A0666,2025-05-09,5.4,58.3,88.57,126.19,0.556,93.79
A0666,2025-05-10,5.4,60.98,89.58,125.13,0.556,94.52
A0666,2025-05-11,5.4,42.29,64.72,92.6,0.556,68.59
A0666,2025-05-12,5.4,56.25,85.29,121.39,0.556,90.31
A0667,2025-04-29,5.3,76.35,112.59,158.23,0.556,118.92
A0667,2025-04-30,5.3,77.97,118.18,168.85,0.556,125.22
A0667,2025-05-01,5.3,65.66,95.36,132.77,0.556,100.55
A0667,2025-05-02,5.3,88.18,126.21,174.11,0.556,132.86
A0667,2025-05-03,5.3,88.83,129.62,181.0,0.556,136.75
A0667,2025-05-04,5.3,68.99,101.93,143.44,0.556,107.7
A0667,2025-05-05,5.3,74.8,109.03,152.16,0.556,115.02
A0667,2025-05-06,5.3,138.95,193.94,263.21,0.556,203.56
A0667,2025-05-07,5.3,137.22,187.93,251.81,0.556,196.8
A0667,2025-05-08,5.3,151.12,205.18,273.27,0.556,214.63
A0667,2025-05-09,5.3,157.28,215.16,288.07,0.556,225.29
A0667,2025-05-10,5.3,159.09,221.13,299.28,0.556,231.98
A0667,2025-05-11,5.3,120.41,165.68,222.72,0.556,173.6
A0667,2025-05-12,5.3,150.57,207.82,279.93,0.556,217.83
A0668,2025-04-29,6.0,106.61,148.11,209.26,0.556,156.6
A0668,2025-04-30,6.0,126.51,174.04,244.09,0.556,183.77
A0668,2025-05-01,6.0,95.86,133.69,189.43,0.556,141.43
A0668,2025-05-02,6.0,118.27,160.59,222.97,0.556,169.26
A0668,2025-05-03,6.0,124.0,169.19,235.78,0.556,178.44
A0668,2025-05-04,6.0,117.61,160.82,224.5,0.556,169.67
A0668,2025-05-05,6.0,103.25,141.15,196.99,0.556,148.9
A0668,2025-05-06,6.0,112.27,153.55,214.39,0.556,162.0
A0668,2025-05-07,6.0,103.63,143.32,201.8,0.556,151.44
A0668,2025-05-08,6.0,117.18,161.17,226.0,0.556,170.17
A0668,2025-05-09,6.0,114.61,157.56,220.87,0.556,166.36
A0668,2025-05-10,6.0,122.09,167.83,235.24,0.556,177.2
A0668,2025-05-11,6.0,101.04,139.72,196.72,0.556,147.63
A0668,2025-05-12,6.0,114.82,156.58,218.12,0.556,165.13
A0669,2025-04-29,13.9,40.38,72.09,107.25,0.909,108.05
A0669,2025-04-30,13.9,56.3,86.52,120.03,0.909,120.79
A0669,2025-05-01,13.9,93.92,121.18,151.41,0.909,152.09
A0669,2025-05-02,13.9,118.14,148.92,183.06,0.909,183.84
A0669,2025-05-03,13.9,117.08,149.43,185.3,0.909,186.12
A0669,2025-05-04,13.9,120.69,144.16,170.19,0.909,170.78
A0669,2025-05-05,13.9,95.65,126.05,159.77,0.909,160.54
A0669,2025-05-06,13.9,29.62,60.47,94.68,0.909,95.46
A0669,2025-05-07,13.9,30.04,63.28,100.15,0.909,100.99
A0669,2025-05-08,13.9,38.89,68.64,101.63,0.909,102.38
A0669,2025-05-09,13.9,43.8,77.74,115.38,0.909,116.24
A0669,2025-05-10,13.9,48.9,84.1,123.13,0.909,124.02
A0669,2025-05-11,13.9,40.81,66.61,95.23,0.909,95.88
A0669,2025-05-12,13.9,48.11,80.4,116.21,0.909,117.03
A0670,2025-04-29,421.2,2.04,5.45,10.94,0.909,11.06
A0670,2025-04-30,421.2,2.81,6.88,13.42,0.909,13.57
A0670,2025-05-01,421.2,1.79,3.61,6.53,0.909,6.6
A0670,2025-05-02,421.2,2.37,5.75,11.18,0.909,11.3
A0670,2025-05-03,421.2,2.62,5.56,10.28,0.909,10.39
A0670,2025-05-04,421.2,1.83,4.27,8.18,0.909,8.27
A0670,2025-05-05,421.2,2.0,4.25,7.88,0.909,7.96
A0670,2025-05-06,421.2,2.17,5.54,10.95,0.909,11.08
A0670,2025-05-07,421.2,2.84,5.71,10.33,0.909,10.43
A0670,2025-05-08,421.2,2.8,5.99,11.1,0.909,11.22
A0670,2025-05-09,421.2,2.94,6.82,13.06,0.909,13.2
A0670,2025-05-10,421.2,3.18,6.52,11.89,0.909,12.02
A0670,2025-05-11,421.2,1.93,4.18,7.79,0.909,7.87
A0670,2025-05-12,421.2,2.32,5.4,10.35,0.909,10.46
A0671,2025-04-29,296.6,13.52,22.26,33.43,0.909,33.68
A0671,2025-04-30,296.6,17.19,28.79,43.62,0.909,43.96
A0671,2025-05-01,296.6,12.53,19.57,28.57,0.909,28.77
A0671,2025-05-02,296.6,16.46,25.55,37.16,0.909,37.43
A0671,2025-05-03,296.6,16.98,26.75,39.23,0.909,39.52
A0671,2025-05-04,296.6,12.17,19.95,29.88,0.909,30.11
A0671,2025-05-05,296.6,13.39,20.85,30.38,0.909,30.59
A0671,2025-05-06,296.6,14.05,23.0,34.45,0.909,34.71
A0671,2025-05-07,296.6,13.37,22.09,33.22,0.909,33.48
A0671,2025-05-08,296.6,16.13,25.94,38.48,0.909,38.76
A0671,2025-05-09,296.6,16.17,25.13,36.59,0.909,36.85
A0671,2025-05-10,296.6,17.12,26.84,39.26,0.909,39.55
A0671,2025-05-11,296.6,11.14,17.96,26.68,0.909,26.88
A0671,2025-05-12,296.6,15.3,24.2,35.58,0.909,35.84
A0672,2025-04-29,7.5,36.92,52.46,73.39,0.556,55.37
A0672,2025-04-30,7.5,44.09,58.68,78.3,0.556,61.4
A0672,2025-05-01,7.5,29.62,42.36,59.51,0.556,44.74
A0672,2025-05-02,7.5,37.35,51.9,71.49,0.556,54.63
A0672,2025-05-03,7.5,37.48,53.24,74.44,0.556,56.19
A0672,2025-05-04,7.5,33.41,47.12,65.56,0.556,49.68
A0672,2025-05-05,7.5,31.54,44.45,61.83,0.556,46.87
A0672,2025-05-06,7.5,36.16,52.22,73.83,0.556,55.22
A0672,2025-05-07,7.5,35.14,49.39,68.58,0.556,52.06
A0672,2025-05-08,7.5,39.55,56.56,79.44,0.556,59.74
A0672,2025-05-09,7.5,40.14,54.66,74.19,0.556,57.37
A0672,2025-05-10,7.5,40.58,56.46,77.83,0.556,59.43
A0672,2025-05-11,7.5,31.61,45.83,64.96,0.556,48.48
A0672,2025-05-12,7.5,36.86,51.87,72.06,0.556,54.67
A0673,2025-04-29,312.9,15.84,28.46,42.19,0.909,42.5
A0673,2025-04-30,312.9,21.13,38.12,56.57,0.909,56.99
A0673,2025-05-01,312.9,13.53,22.64,32.54,0.909,32.76
A0673,2025-05-02,312.9,19.99,34.42,50.11,0.909,50.46
A0673,2025-05-03,312.9,20.71,34.83,50.17,0.909,50.52
A0673,2025-05-04,312.9,15.73,26.3,37.79,0.909,38.05
A0673,2025-05-05,312.9,16.45,25.96,36.29,0.909,36.52
A0673,2025-05-06,312.9,16.28,28.52,41.83,0.909,42.13
A0673,2025-05-07,312.9,16.12,29.15,43.32,0.909,43.64
A0673,2025-05-08,312.9,18.18,32.15,47.33,0.909,47.68
A0673,2025-05-09,312.9,20.02,35.41,52.13,0.909,52.51
A0673,2025-05-10,312.9,20.55,35.43,51.6,0.909,51.96
A0673,2025-05-11,312.9,13.35,22.61,32.67,0.909,32.9
A0673,2025-05-12,312.9,18.52,30.56,43.64,0.909,43.93
A0674,2025-04-29,5.5,30.83,45.57,61.91,0.556,47.84
A0674,2025-04-30,5.5,37.83,54.6,73.19,0.556,57.18
A0674,2025-05-01,5.5,25.38,36.78,49.4,0.556,38.53
A0674,2025-05-02,5.5,37.97,53.54,70.78,0.556,55.93
A0674,2025-05-03,5.5,38.25,53.92,71.29,0.556,56.34
A0674,2025-05-04,5.5,29.14,42.99,58.34,0.556,45.12
A0674,2025-05-05,5.5,29.72,42.82,57.33,0.556,44.83
A0674,2025-05-06,5.5,31.48,46.2,62.52,0.556,48.47
A0674,2025-05-07,5.5,34.39,48.18,63.45,0.556,50.3
A0674,2025-05-08,5.5,36.34,51.27,67.8,0.556,53.56
A0674,2025-05-09,5.5,40.56,56.56,74.29,0.556,59.02
A0674,2025-05-10,5.5,40.66,56.75,74.58,0.556,59.23
A0674,2025-05-11,5.5,26.72,39.53,53.72,0.556,41.5
A0674,2025-05-12,5.5,36.2,51.32,68.06,0.556,53.64
A0675,2025-04-29,5.8,33.66,49.74,72.98,0.556,52.97
A0675,2025-04-30,5.8,40.62,60.96,90.37,0.556,65.05
A0675,2025-05-01,5.8,31.29,46.63,68.8,0.556,49.71
A0675,2025-05-02,5.8,40.01,59.41,87.45,0.556,63.3
A0675,2025-05-03,5.8,44.09,64.76,94.64,0.556,68.91
A0675,2025-05-04,5.8,34.4,50.36,73.43,0.556,53.56
A0675,2025-05-05,5.8,35.99,52.68,76.79,0.556,56.03
A0675,2025-05-06,5.8,37.03,53.96,78.43,0.556,57.36
A0675,2025-05-07,5.8,34.52,50.03,72.46,0.556,53.15
A0675,2025-05-08,5.8,39.73,58.63,85.94,0.556,62.42
A0675,2025-05-09,5.8,42.78,63.09,92.45,0.556,67.17
A0675,2025-05-10,5.8,38.65,58.72,87.72,0.556,62.74
A0675,2025-05-11,5.8,26.82,39.64,58.17,0.556,42.21
A0675,2025-05-12,5.8,36.65,54.49,80.27,0.556,58.07
A0676,2025-04-29,5.6,38.04,57.91,84.98,0.556,61.67
A0676,2025-04-30,5.6,45.37,63.17,87.42,0.556,66.54
A0676,2025-05-01,5.6,32.81,52.81,80.05,0.556,56.59
A0676,2025-05-02,5.6,47.06,73.48,109.47,0.556,78.47
A0676,2025-05-03,5.6,45.63,70.26,103.81,0.556,74.92
A0676,2025-05-04,5.6,32.0,47.8,69.34,0.556,50.79
A0676,2025-05-05,5.6,36.42,57.41,86.0,0.556,61.38
A0676,2025-05-06,5.6,38.21,58.02,85.02,0.556,61.77
A0676,2025-05-07,5.6,38.75,57.58,83.23,0.556,61.14
A0676,2025-05-08,5.6,43.58,65.35,95.01,0.556,69.47
A0676,2025-05-09,5.6,50.83,78.21,115.53,0.556,83.4
A0676,2025-05-10,5.6,49.21,74.69,109.41,0.556,79.51
A0676,2025-05-11,5.6,30.56,47.29,70.09,0.556,50.45
A0676,2025-05-12,5.6,41.41,63.41,93.39,0.556,67.58
A0677,2025-04-29,10.4,23.68,35.67,52.45,0.909,52.84
A0677,2025-04-30,10.4,38.41,58.04,85.51,0.909,86.13
A0677,2025-05-01,10.4,27.3,42.17,62.99,0.909,63.46
A0677,2025-05-02,10.4,35.03,53.79,80.05,0.909,80.64
A0677,2025-05-03,10.4,25.68,40.84,62.07,0.909,62.55
A0677,2025-05-04,10.4,21.72,33.86,50.85,0.909,51.24
A0677,2025-05-05,10.4,21.61,33.57,50.3,0.909,50.68
A0677,2025-05-06,10.4,23.44,35.47,52.31,0.909,52.69
A0677,2025-05-07,10.4,22.06,33.98,50.67,0.909,51.05
A0677,2025-05-08,10.4,24.79,38.33,57.28,0.909,57.71
A0677,2025-05-09,10.4,25.32,40.51,61.77,0.909,62.26
A0677,2025-05-10,10.4,28.07,43.26,64.52,0.909,65.0
A0677,2025-05-11,10.4,21.17,31.56,46.09,0.909,46.42
A0677,2025-05-12,10.4,26.55,39.32,57.18,0.909,57.59
A0678,2025-04-29,3.5,14.09,23.16,35.39,0.556,24.86
A0678,2025-04-30,3.5,19.2,30.29,45.25,0.556,32.37
A0678,2025-05-01,3.5,12.24,20.59,31.86,0.556,22.15
A0678,2025-05-02,3.5,18.93,31.21,47.77,0.556,33.51
A0678,2025-05-03,3.5,19.31,31.07,46.92,0.556,33.27
A0678,2025-05-04,3.5,12.81,20.35,30.53,0.556,21.76
A0678,2025-05-05,3.5,14.81,24.61,37.84,0.556,26.45
A0678,2025-05-06,3.5,14.45,23.65,36.05,0.556,25.37
A0678,2025-05-07,3.5,14.97,23.89,35.92,0.556,25.56
A0678,2025-05-08,3.5,16.62,26.11,38.91,0.556,27.89
A0678,2025-05-09,3.5,18.77,30.82,47.06,0.556,33.07
A0678,2025-05-10,3.5,19.44,31.03,46.67,0.556,33.21
A0678,2025-05-11,3.5,11.04,17.74,26.78,0.556,19.0
A0678,2025-05-12,3.5,17.27,27.78,41.95,0.556,29.75
A0679,2025-04-29,413.1,22.64,31.71,43.16,0.909,43.42
A0679,2025-04-30,413.1,26.09,38.79,54.82,0.909,55.18
A0679,2025-05-01,413.1,19.36,25.66,33.62,0.909,33.8
A0679,2025-05-02,413.1,26.75,38.51,53.36,0.909,53.7
A0679,2025-05-03,413.1,27.46,39.34,54.34,0.909,54.69
A0679,2025-05-04,413.1,18.88,27.58,38.57,0.909,38.82
A0679,2025-05-05,413.1,21.13,29.09,39.15,0.909,39.38
A0679,2025-05-06,413.1,22.62,31.74,43.26,0.909,43.52
A0679,2025-05-07,413.1,23.92,33.62,45.86,0.909,46.14
A0679,2025-05-08,413.1,27.13,37.63,50.89,0.909,51.19
A0679,2025-05-09,413.1,28.63,40.81,56.2,0.909,56.55
A0679,2025-05-10,413.1,29.26,41.58,57.14,0.909,57.49
A0679,2025-05-11,413.1,19.34,27.18,37.08,0.909,37.31
A0679,2025-05-12,413.1,26.05,36.57,49.84,0.909,50.14
A0680,2025-04-29,431.3,17.75,28.12,44.24,0.909,44.61
A0680,2025-04-30,431.3,23.48,38.15,60.94,0.909,61.46
A0680,2025-05-01,431.3,16.97,27.28,43.31,0.909,43.68
A0680,2025-05-02,431.3,26.41,40.81,63.19,0.909,63.7
A0680,2025-05-03,431.3,26.54,40.56,62.35,0.909,62.85
A0680,2025-05-04,431.3,17.07,26.97,42.36,0.909,42.71
A0680,2025-05-05,431.3,19.31,30.62,48.19,0.909,48.59
A0680,2025-05-06,431.3,18.83,29.1,45.05,0.909,45.42
A0680,2025-05-07,431.3,40.12,62.57,97.47,0.909,98.26
A0680,2025-05-08,431.3,44.84,70.24,109.72,0.909,110.61
A0680,2025-05-09,431.3,50.32,78.49,122.29,0.909,123.28
A0680,2025-05-10,431.3,48.97,76.33,118.85,0.909,119.82
A0680,2025-05-11,431.3,31.36,48.05,73.98,0.909,74.57
A0680,2025-05-12,431.3,16.94,29.65,49.41,0.909,49.86
A0681,2025-04-29,358.7,5.94,11.47,17.85,0.909,17.99
A0681,2025-04-30,358.7,6.93,13.23,20.5,0.909,20.67
A0681,2025-05-01,358.7,4.99,9.56,14.84,0.909,14.96
A0681,2025-05-02,358.7,6.36,13.15,20.98,0.909,21.16
A0681,2025-05-03,358.7,6.67,13.4,21.17,0.909,21.34
A0681,2025-05-04,358.7,6.23,11.6,17.79,0.909,17.93
A0681,2025-05-05,358.7,5.7,11.3,17.76,0.909,17.91
A0681,2025-05-06,358.7,5.71,11.43,18.02,0.909,18.17
A0681,2025-05-07,358.7,6.75,12.08,18.23,0.909,18.37
A0681,2025-05-08,358.7,6.96,12.76,19.45,0.909,19.6
A0681,2025-05-09,358.7,7.26,13.11,19.86,0.909,20.02
A0681,2025-05-10,358.7,7.22,13.12,19.93,0.909,20.09
A0681,2025-05-11,358.7,5.9,10.47,15.75,0.909,15.87
A0681,2025-05-12,358.7,6.65,12.9,20.11,0.909,20.27
A0682,2025-04-29,7.0,80.37,187.02,369.0,0.556,212.29
A0682,2025-04-30,7.0,101.62,227.82,447.69,0.556,258.36
A0682,2025-05-01,7.0,68.88,160.71,317.2,0.556,182.44
A0682,2025-05-02,7.0,99.87,222.96,434.65,0.556,252.36
A0682,2025-05-03,7.0,100.69,223.85,433.3,0.556,252.94
A0682,2025-05-04,7.0,163.89,352.66,723.23,0.556,404.12
A0682,2025-05-05,7.0,153.52,331.8,687.5,0.556,381.2
A0682,2025-05-06,7.0,165.79,358.41,749.25,0.556,412.69
A0682,2025-05-07,7.0,161.69,351.85,736.96,0.556,405.34
A0682,2025-05-08,7.0,178.85,385.32,814.21,0.556,444.88
A0682,2025-05-09,7.0,186.84,403.68,867.69,0.556,468.13
A0682,2025-05-10,7.0,185.97,403.29,860.6,0.556,466.8
A0682,2025-05-11,7.0,56.5,135.81,275.71,0.556,155.24
A0682,2025-05-12,7.0,76.43,177.51,356.44,0.556,202.36
A0683,2025-04-29,6.9,12.24,21.79,33.62,0.556,23.44
A0683,2025-04-30,6.9,15.06,29.32,46.97,0.556,31.77
A0683,2025-05-01,6.9,10.76,20.08,31.62,0.556,21.68
A0683,2025-05-02,6.9,15.24,27.18,41.96,0.556,29.23
A0683,2025-05-03,6.9,15.31,27.12,41.73,0.556,29.15
A0683,2025-05-04,6.9,11.16,20.62,32.32,0.556,22.24
A0683,2025-05-05,6.9,12.52,22.88,35.7,0.556,24.66
A0683,2025-05-06,6.9,12.86,22.23,33.84,0.556,23.84
A0683,2025-05-07,6.9,12.19,21.5,33.03,0.556,23.1
A0683,2025-05-08,6.9,13.44,23.99,37.07,0.556,25.81
A0683,2025-05-09,6.9,15.0,27.52,43.02,0.556,29.67
A0683,2025-05-10,6.9,15.59,27.87,43.07,0.556,29.98
A0683,2025-05-11,6.9,10.05,17.68,27.13,0.556,18.99
A0683,2025-05-12,6.9,14.31,25.45,39.24,0.556,27.37
A0684,2025-04-29,34.9,3.6,8.01,14.22,0.909,14.36
A0684,2025-04-30,34.9,3.51,8.91,16.52,0.909,16.69
A0684,2025-05-01,34.9,3.38,7.37,12.99,0.909,13.12
A0684,2025-05-02,34.9,4.19,9.33,16.56,0.909,16.73
A0684,2025-05-03,34.9,4.09,8.81,15.47,0.909,15.62
A0684,2025-05-04,34.9,3.01,7.24,13.2,0.909,13.34
A0684,2025-05-05,34.9,3.52,8.09,14.52,0.909,14.67
A0684,2025-05-06,34.9,3.64,7.71,13.43,0.909,13.56
A0684,2025-05-07,34.9,3.86,8.97,16.16,0.909,16.33
A0684,2025-05-08,34.9,4.2,9.63,17.28,0.909,17.45
A0684,2025-05-09,34.9,4.5,10.8,19.67,0.909,19.87
A0684,2025-05-10,34.9,4.44,10.07,18.0,0.909,18.18
A0684,2025-05-11,34.9,3.21,7.57,13.72,0.909,13.86
A0684,2025-05-12,34.9,3.86,9.32,17.01,0.909,17.19
A0685,2025-04-29,344.4,30.09,56.95,84.99,0.909,85.63
A0685,2025-04-30,344.4,38.01,79.04,121.86,0.909,122.83
A0685,2025-05-01,344.4,26.98,50.6,75.25,0.909,75.81
A0685,2025-05-02,344.4,38.12,73.83,111.12,0.909,111.96
A0685,2025-05-03,344.4,40.5,71.79,104.46,0.909,105.2
A0685,2025-05-04,344.4,31.41,59.11,88.02,0.909,88.68
A0685,2025-05-05,344.4,34.55,59.05,84.63,0.909,85.21
A0685,2025-05-06,344.4,33.87,59.91,87.09,0.909,87.71
A0685,2025-05-07,344.4,29.62,57.82,87.25,0.909,87.92
A0685,2025-05-08,344.4,34.01,66.08,99.56,0.909,100.32
A0685,2025-05-09,344.4,33.63,71.44,110.92,0.909,111.82
A0685,2025-05-10,344.4,37.32,70.02,104.17,0.909,104.94
A0685,2025-05-11,344.4,25.72,48.57,72.42,0.909,72.96
A0685,2025-05-12,344.4,36.39,65.3,95.48,0.909,96.17
A0686,2025-04-29,313.3,70.41,108.9,173.86,0.909,175.34
A0686,2025-04-30,313.3,92.73,135.68,208.19,0.909,209.84
A0686,2025-05-01,313.3,62.37,85.47,124.45,0.909,125.34
A0686,2025-05-02,313.3,85.11,126.21,195.59,0.909,197.17
A0686,2025-05-03,313.3,84.37,129.21,204.92,0.909,206.64
A0686,2025-05-04,313.3,53.94,84.53,136.17,0.909,137.35
A0686,2025-05-05,313.3,62.4,92.86,144.29,0.909,145.46
A0686,2025-05-06,313.3,66.23,107.23,176.47,0.909,178.04
A0686,2025-05-07,313.3,79.08,114.27,173.67,0.909,175.02
A0686,2025-05-08,313.3,88.19,126.68,191.65,0.909,193.13
A0686,2025-05-09,313.3,96.47,139.24,211.44,0.909,213.08
A0686,2025-05-10,313.3,95.05,142.84,223.51,0.909,225.34
A0686,2025-05-11,313.3,53.6,85.18,138.47,0.909,139.68
A0686,2025-05-12,313.3,78.68,118.48,185.67,0.909,187.19
A0687,2025-04-29,351.6,8.87,17.55,31.16,0.909,31.47
A0687,2025-04-30,351.6,11.43,21.3,36.76,0.909,37.11
A0687,2025-05-01,351.6,9.1,14.11,21.97,0.909,22.15
A0687,2025-05-02,351.6,10.49,19.9,34.66,0.909,35.0
A0687,2025-05-03,351.6,10.02,20.13,35.97,0.909,36.33
A0687,2025-05-04,351.6,7.14,13.19,22.66,0.909,22.88
A0687,2025-05-05,351.6,9.0,14.8,23.89,0.909,24.09
A0687,2025-05-06,351.6,9.1,16.91,29.14,0.909,29.42
A0687,2025-05-07,351.6,9.01,21.22,40.38,0.909,40.81
A0687,2025-05-08,351.6,10.19,23.12,43.39,0.909,43.85
A0687,2025-05-09,351.6,11.11,24.89,46.49,0.909,46.98
A0687,2025-05-10,351.6,10.89,24.94,46.98,0.909,47.48
A0687,2025-05-11,351.6,7.47,15.58,28.29,0.909,28.58
A0687,2025-05-12,351.6,9.63,19.61,35.25,0.909,35.61
A0688,2025-04-29,4.9,22.34,35.6,51.35,0.556,37.79
A0688,2025-04-30,4.9,27.35,41.38,58.03,0.556,43.69
A0688,2025-05-01,4.9,20.9,33.5,48.46,0.556,35.58
A0688,2025-05-02,4.9,28.2,44.12,63.01,0.556,46.74
A0688,2025-05-03,4.9,30.09,46.54,66.07,0.556,49.26
A0688,2025-05-04,4.9,20.89,31.4,43.88,0.556,33.13
A0688,2025-05-05,4.9,23.75,37.13,53.01,0.556,39.34
A0688,2025-05-06,4.9,24.1,37.58,53.58,0.556,39.8
A0688,2025-05-07,4.9,21.29,34.41,49.99,0.556,36.58
A0688,2025-05-08,4.9,25.06,40.1,57.94,0.556,42.57
A0688,2025-05-09,4.9,27.04,43.37,62.75,0.556,46.06
A0688,2025-05-10,4.9,29.59,46.55,66.67,0.556,49.34
A0688,2025-05-11,4.9,18.98,29.66,42.35,0.556,31.42
A0688,2025-05-12,4.9,25.67,40.3,57.67,0.556,42.72
A0689,2025-04-29,7.3,221.61,319.26,431.82,0.556,334.89
A0689,2025-04-30,7.3,248.65,381.65,534.96,0.556,402.94
A0689,2025-05-01,7.3,197.1,276.64,368.33,0.556,289.37
A0689,2025-05-02,7.3,68.12,109.37,156.91,0.556,115.97
A0689,2025-05-03,7.3,67.58,108.36,155.37,0.556,114.89
A0689,2025-05-04,7.3,68.0,110.61,159.73,0.556,117.43
A0689,2025-05-05,7.3,60.56,91.71,127.62,0.556,96.7
A0689,2025-05-06,7.3,66.24,105.03,149.75,0.556,111.24
A0689,2025-05-07,7.3,64.05,100.86,143.3,0.556,106.76
A0689,2025-05-08,7.3,69.28,112.03,161.3,0.556,118.87
A0689,2025-05-09,7.3,77.4,117.98,164.76,0.556,124.48
A0689,2025-05-10,7.3,76.42,116.92,163.61,0.556,123.41
A0689,2025-05-11,7.3,62.7,97.87,138.4,0.556,103.5
A0689,2025-05-12,7.3,74.26,112.67,156.95,0.556,118.82
A0690,2025-04-29,418.0,13.24,22.91,33.46,0.909,33.69
A0690,2025-04-30,418.0,14.75,24.19,34.5,0.909,34.74
A0690,2025-05-01,418.0,12.3,22.83,34.33,0.909,34.59
A0690,2025-05-02,418.0,17.56,29.28,42.08,0.909,42.37
A0690,2025-05-03,418.0,17.19,29.12,42.15,0.909,42.45
A0690,2025-05-04,418.0,11.22,18.86,27.19,0.909,27.38
A0690,2025-05-05,418.0,14.28,23.92,34.43,0.909,34.67
A0690,2025-05-06,418.0,14.59,24.1,34.48,0.909,34.72
A0690,2025-05-07,418.0,12.89,22.6,33.19,0.909,33.44
A0690,2025-05-08,418.0,14.94,26.78,39.71,0.909,40.0
A0690,2025-05-09,418.0,16.78,28.49,41.27,0.909,41.56
A0690,2025-05-10,418.0,16.59,28.44,41.39,0.909,41.68
A0690,2025-05-11,418.0,10.15,17.69,25.93,0.909,26.12
A0690,2025-05-12,418.0,15.28,25.55,36.76,0.909,37.01
A0691,2025-04-29,5.0,63.16,88.24,116.72,0.556,92.2
A0691,2025-04-30,5.0,77.74,110.94,148.63,0.556,116.18
A0691,2025-05-01,5.0,48.48,65.52,84.86,0.556,68.21
A0691,2025-05-02,5.0,72.97,101.63,134.15,0.556,106.14
A0691,2025-05-03,5.0,70.66,99.1,131.38,0.556,103.58
A0691,2025-05-04,5.0,56.42,80.88,108.64,0.556,84.74
A0691,2025-05-05,5.0,55.49,78.14,103.86,0.556,81.71
A0691,2025-05-06,5.0,61.62,86.37,114.45,0.556,90.27
A0691,2025-05-07,5.0,65.45,90.83,119.63,0.556,94.83
A0691,2025-05-08,5.0,71.31,95.59,123.14,0.556,99.42
A0691,2025-05-09,5.0,81.14,110.42,143.66,0.556,115.04
A0691,2025-05-10,5.0,77.79,106.71,139.53,0.556,111.27
A0691,2025-05-11,5.0,52.91,74.17,98.31,0.556,77.53
A0691,2025-05-12,5.0,68.68,95.93,126.87,0.556,100.23
A0692,2025-04-29,5.3,23.4,40.34,58.01,0.556,42.79
A0692,2025-04-30,5.3,32.28,52.33,73.26,0.556,55.24
A0692,2025-05-01,5.3,20.84,35.24,50.27,0.556,37.33
A0692,2025-05-02,5.3,27.26,45.18,63.88,0.556,47.78
A0692,2025-05-03,5.3,27.21,44.4,62.34,0.556,46.89
A0692,2025-05-04,5.3,24.11,40.41,57.42,0.556,42.77
A0692,2025-05-05,5.3,23.45,39.25,55.73,0.556,41.54
A0692,2025-05-06,5.3,23.71,40.71,58.45,0.556,43.18
A0692,2025-05-07,5.3,22.37,36.91,52.08,0.556,39.02
A0692,2025-05-08,5.3,24.83,41.32,58.52,0.556,43.71
A0692,2025-05-09,5.3,25.83,44.01,62.99,0.556,46.65
A0692,2025-05-10,5.3,26.7,44.15,62.36,0.556,46.68
A0692,2025-05-11,5.3,20.1,34.21,48.93,0.556,36.25
A0692,2025-05-12,5.3,25.74,42.69,60.38,0.556,45.15
A0693,2025-04-29,4.4,29.2,43.02,60.14,0.556,45.4
A0693,2025-04-30,4.4,34.3,53.52,77.32,0.556,56.83
A0693,2025-05-01,4.4,25.75,36.26,49.29,0.556,38.07
A0693,2025-05-02,4.4,34.58,49.29,67.5,0.556,51.82
A0693,2025-05-03,4.4,36.05,50.61,68.64,0.556,53.11
A0693,2025-05-04,4.4,28.21,42.37,59.91,0.556,44.81
A0693,2025-05-05,4.4,28.87,41.25,56.59,0.556,43.38
A0693,2025-05-06,4.4,31.22,44.72,61.43,0.556,47.04
A0693,2025-05-07,4.4,30.38,43.53,59.82,0.556,45.8
A0693,2025-05-08,4.4,34.25,48.93,67.11,0.556,51.46
A0693,2025-05-09,4.4,34.86,50.1,68.97,0.556,52.72
A0693,2025-05-10,4.4,36.5,51.45,69.97,0.556,54.02
A0693,2025-05-11,4.4,25.62,37.25,51.66,0.556,39.25
A0693,2025-05-12,4.4,33.68,48.39,66.6,0.556,50.92
A0694,2025-04-29,4.1,28.37,48.23,70.22,0.556,51.28
A0694,2025-04-30,4.1,39.23,62.21,87.66,0.556,65.75
A0694,2025-05-01,4.1,25.82,40.92,57.65,0.556,43.25
A0694,2025-05-02,4.1,38.05,60.81,86.0,0.556,64.3
A0694,2025-05-03,4.1,38.53,60.62,85.08,0.556,64.01
A0694,2025-05-04,4.1,34.33,53.45,74.62,0.556,56.39
A0694,2025-05-05,4.1,31.44,49.66,69.83,0.556,52.46
A0694,2025-05-06,4.1,28.51,48.36,70.33,0.556,51.41
A0694,2025-05-07,4.1,28.6,49.89,73.48,0.556,53.17
A0694,2025-05-08,4.1,28.48,49.39,72.54,0.556,52.6
A0694,2025-05-09,4.1,33.23,55.71,80.61,0.556,59.17
A0694,2025-05-10,4.1,33.82,55.64,79.82,0.556,59.0
A0694,2025-05-11,4.1,27.7,45.85,65.93,0.556,48.64
A0694,2025-05-12,4.1,33.47,55.12,79.09,0.556,58.45
A0695,2025-04-29,3.5,11.17,40.03,85.91,0.556,46.4
A0695,2025-04-30,3.5,15.4,50.9,106.7,0.556,58.65
A0695,2025-05-01,3.5,3.58,19.76,46.62,0.556,23.49
A0695,2025-05-02,3.5,6.71,29.4,66.91,0.556,34.61
A0695,2025-05-03,3.5,8.01,33.23,73.77,0.556,38.86
A0695,2025-05-04,3.5,5.15,23.87,55.04,0.556,28.2
A0695,2025-05-05,3.5,6.95,29.47,65.98,0.556,34.54
A0695,2025-05-06,3.5,7.38,30.9,69.03,0.556,36.2
A0695,2025-05-07,3.5,8.17,33.26,73.39,0.556,38.83
A0695,2025-05-08,3.5,10.27,38.7,84.37,0.556,45.04
A0695,2025-05-09,3.5,11.72,42.74,93.24,0.556,49.75
A0695,2025-05-10,3.5,13.11,45.97,98.29,0.556,53.24
A0695,2025-05-11,3.5,7.16,27.98,62.29,0.556,32.75
A0695,2025-05-12,3.5,12.16,42.6,91.41,0.556,49.38
A0696,2025-04-29,7.8,115.94,170.56,240.19,0.556,180.23
A0696,2025-04-30,7.8,145.99,207.76,286.51,0.556,218.7
A0696,2025-05-01,7.8,95.3,145.41,209.29,0.556,154.28
A0696,2025-05-02,7.8,130.71,191.51,269.02,0.556,202.28
A0696,2025-05-03,7.8,133.64,191.84,266.04,0.556,202.15
A0696,2025-05-04,7.8,118.97,174.04,244.24,0.556,183.79
A0696,2025-05-05,7.8,105.83,154.54,216.63,0.556,163.16
A0696,2025-05-06,7.8,115.03,168.8,237.35,0.556,178.32
A0696,2025-05-07,7.8,114.94,169.54,239.15,0.556,179.21
A0696,2025-05-08,7.8,122.94,183.96,261.76,0.556,194.77
A0696,2025-05-09,7.8,131.36,193.25,272.16,0.556,204.21
A0696,2025-05-10,7.8,133.75,192.64,267.71,0.556,203.06
A0696,2025-05-11,7.8,100.42,150.79,215.0,0.556,159.71
A0696,2025-05-12,7.8,403.88,610.36,873.58,0.556,646.91
A0697,2025-04-29,303.2,0.73,9.34,24.68,0.909,25.02
A0697,2025-04-30,303.2,1.64,12.24,29.94,0.909,30.34
A0697,2025-05-01,303.2,0.73,9.96,25.15,0.909,25.5
A0697,2025-05-02,303.2,1.5,12.5,30.48,0.909,30.89
A0697,2025-05-03,303.2,1.88,13.61,32.36,0.909,32.78
A0697,2025-05-04,303.2,1.5,12.1,29.44,0.909,29.84
A0697,2025-05-05,303.2,6.22,24.87,52.92,0.909,53.56
A0697,2025-05-06,303.2,6.15,24.7,52.96,0.909,53.6
A0697,2025-05-07,303.2,6.12,24.45,52.48,0.909,53.12
A0697,2025-05-08,303.2,11.81,38.92,82.86,0.909,83.86
A0697,2025-05-09,303.2,11.82,39.11,86.08,0.909,87.14
A0697,2025-05-10,303.2,11.96,39.12,85.91,0.909,86.97
A0697,2025-05-11,303.2,10.98,34.37,74.47,0.909,75.38
A0697,2025-05-12,303.2,0.91,10.28,27.18,0.909,27.56
A0698,2025-04-29,5.5,25.03,37.94,53.4,0.556,40.09
A0698,2025-04-30,5.5,32.75,51.04,72.92,0.556,54.08
A0698,2025-05-01,5.5,21.25,32.92,46.9,0.556,34.87
A0698,2025-05-02,5.5,30.45,47.13,67.08,0.556,49.9
A0698,2025-05-03,5.5,29.14,43.5,60.67,0.556,45.88
A0698,2025-05-04,5.5,20.99,33.61,48.7,0.556,35.7
A0698,2025-05-05,5.5,23.12,35.99,51.39,0.556,38.13
A0698,2025-05-06,5.5,22.84,35.63,50.94,0.556,37.76
A0698,2025-05-07,5.5,24.94,38.13,53.92,0.556,40.32
A0698,2025-05-08,5.5,27.07,41.33,58.38,0.556,43.7
A0698,2025-05-09,5.5,44.84,69.39,98.77,0.556,73.48
A0698,2025-05-10,5.5,41.89,62.95,88.16,0.556,66.45
A0698,2025-05-11,5.5,35.96,55.0,77.78,0.556,58.16
A0698,2025-05-12,5.5,47.37,72.99,103.63,0.556,77.24
A0699,2025-04-29,3.5,18.32,51.02,99.72,0.556,57.78
A0699,2025-04-30,3.5,24.88,64.61,123.97,0.556,72.85
A0699,2025-05-01,3.5,16.39,45.75,90.03,0.556,51.9
A0699,2025-05-02,3.5,25.64,65.74,126.5,0.556,74.18
A0699,2025-05-03,3.5,26.2,66.77,127.34,0.556,75.18
A0699,2025-05-04,3.5,17.18,45.85,90.87,0.556,52.11
A0699,2025-05-05,3.5,20.31,53.37,103.91,0.556,60.39
A0699,2025-05-06,3.5,20.38,54.12,105.73,0.556,61.29
A0699,2025-05-07,3.5,20.98,55.69,108.31,0.556,63.0
A0699,2025-05-08,3.5,24.36,62.57,120.92,0.556,70.68
A0699,2025-05-09,3.5,27.27,68.92,133.31,0.556,77.87
A0699,2025-05-10,3.5,27.92,70.15,134.27,0.556,79.05
A0699,2025-05-11,3.5,15.97,43.05,85.75,0.556,48.98
A0699,2025-05-12,3.5,24.91,63.36,122.39,0.556,71.56
A0700,2025-04-29,7.7,53.46,77.03,103.83,0.556,80.75
A0700,2025-04-30,7.7,63.71,95.16,130.93,0.556,100.13
A0700,2025-05-01,7.7,45.56,62.75,82.3,0.556,65.47
A0700,2025-05-02,7.7,61.47,87.7,117.54,0.556,91.85
A0700,2025-05-03,7.7,60.24,85.79,114.85,0.556,89.83
A0700,2025-05-04,7.7,56.07,83.47,114.63,0.556,87.79
A0700,2025-05-05,7.7,49.42,68.44,90.06,0.556,71.44
A0700,2025-05-06,7.7,54.39,77.99,104.84,0.556,81.72
A0700,2025-05-07,7.7,53.51,75.09,99.63,0.556,78.5
A0700,2025-05-08,7.7,59.13,84.42,113.18,0.556,88.41
A0700,2025-05-09,7.7,61.98,88.37,118.38,0.556,92.54
A0700,2025-05-10,7.7,60.31,86.02,115.26,0.556,90.08
A0700,2025-05-11,7.7,49.96,72.8,98.79,0.556,76.41
A0700,2025-05-12,7.7,56.61,79.71,106.0,0.556,83.37
A0701,2025-04-29,171.9,8.61,15.13,23.16,0.909,23.34
A0701,2025-04-30,171.9,11.6,21.48,33.66,0.909,33.94
A0701,2025-05-01,171.9,6.83,12.74,20.02,0.909,20.19
A0701,2025-05-02,171.9,10.48,19.04,29.59,0.909,29.83
A0701,2025-05-03,171.9,10.93,19.12,29.21,0.909,29.44
A0701,2025-05-04,171.9,6.94,11.9,18.01,0.909,18.15
A0701,2025-05-05,171.9,8.31,14.63,22.41,0.909,22.59
A0701,2025-05-06,171.9,8.89,15.54,23.72,0.909,23.91
A0701,2025-05-07,171.9,8.8,15.62,24.02,0.909,24.21
A0701,2025-05-08,171.9,9.42,16.96,26.24,0.909,26.45
A0701,2025-05-09,171.9,10.52,19.08,29.64,0.909,29.88
A0701,2025-05-10,171.9,11.31,19.55,29.71,0.909,29.95
A0701,2025-05-11,171.9,6.08,10.28,15.46,0.909,15.58
A0701,2025-05-12,171.9,9.53,16.7,25.54,0.909,25.74
A0702,2025-04-29,347.5,5.48,10.4,16.03,0.909,16.16
A0702,2025-04-30,347.5,7.23,14.2,22.18,0.909,22.36
A0702,2025-05-01,347.5,5.82,10.96,16.86,0.909,16.99
A0702,2025-05-02,347.5,7.02,12.59,18.98,0.909,19.13
A0702,2025-05-03,347.5,7.05,13.17,20.18,0.909,20.34
A0702,2025-05-04,347.5,6.35,12.04,18.56,0.909,18.7
A0702,2025-05-05,347.5,6.41,11.77,17.9,0.909,18.04
A0702,2025-05-06,347.5,6.1,11.18,16.99,0.909,17.12
A0702,2025-05-07,347.5,5.4,10.29,15.88,0.909,16.0
A0702,2025-05-08,347.5,5.9,11.33,17.55,0.909,17.69
A0702,2025-05-09,347.5,5.64,10.55,16.18,0.909,16.31
A0702,2025-05-10,347.5,5.85,11.31,17.57,0.909,17.72
A0702,2025-05-11,347.5,9.33,15.81,23.22,0.909,23.39
A0702,2025-05-12,347.5,10.92,18.68,27.56,0.909,27.76
A0703,2025-04-29,333.8,13.41,21.88,31.79,0.909,32.02
A0703,2025-04-30,333.8,18.03,28.35,40.43,0.909,40.71
A0703,2025-05-01,333.8,12.11,19.88,28.96,0.909,29.17
A0703,2025-05-02,333.8,16.57,26.58,38.29,0.909,38.55
A0703,2025-05-03,333.8,17.33,27.83,40.12,0.909,40.4
A0703,2025-05-04,333.8,11.91,19.68,28.77,0.909,28.97
A0703,2025-05-05,333.8,12.94,20.84,30.09,0.909,30.3
A0703,2025-05-06,333.8,12.56,20.71,30.24,0.909,30.46
A0703,2025-05-07,333.8,12.57,21.36,31.65,0.909,31.89
A0703,2025-05-08,333.8,14.22,23.85,35.12,0.909,35.38
A0703,2025-05-09,333.8,15.11,25.12,36.83,0.909,37.09
A0703,2025-05-10,333.8,16.49,26.87,39.01,0.909,39.28
A0703,2025-05-11,333.8,10.29,17.0,24.85,0.909,25.03
A0703,2025-05-12,333.8,14.75,23.67,34.1,0.909,34.34
A0704,2025-04-29,396.2,1.2,10.58,26.14,0.909,26.49
A0704,2025-04-30,396.2,1.59,11.85,28.41,0.909,28.78
A0704,2025-05-01,396.2,0.81,9.79,24.35,0.909,24.68
A0704,2025-05-02,396.2,1.42,11.49,27.77,0.909,28.14
A0704,2025-05-03,396.2,1.65,12.05,28.68,0.909,29.06
A0704,2025-05-04,396.2,0.62,8.9,22.93,0.909,23.25
A0704,2025-05-05,396.2,1.22,10.48,25.83,0.909,26.18
A0704,2025-05-06,396.2,1.43,11.23,27.36,0.909,27.73
A0704,2025-05-07,396.2,1.82,12.25,29.25,0.909,29.64
A0704,2025-05-08,396.2,2.23,13.29,31.27,0.909,31.68
A0704,2025-05-09,396.2,2.48,14.05,32.91,0.909,33.34
A0704,2025-05-10,396.2,2.72,14.57,33.68,0.909,34.11
A0704,2025-05-11,396.2,1.27,10.37,25.82,0.909,26.17
A0704,2025-05-12,396.2,2.16,12.87,30.53,0.909,30.93
A0705,2025-04-29,29.3,8.72,14.24,21.62,0.909,21.79
A0705,2025-04-30,29.3,9.95,15.5,22.92,0.909,23.08
A0705,2025-05-01,29.3,7.71,12.86,19.74,0.909,19.9
A0705,2025-05-02,29.3,9.58,15.1,22.47,0.909,22.63
A0705,2025-05-03,29.3,9.91,15.94,24.0,0.909,24.18
A0705,2025-05-04,29.3,6.47,11.65,18.57,0.909,18.73
A0705,2025-05-05,29.3,7.7,13.54,21.35,0.909,21.53
A0705,2025-05-06,29.3,8.18,13.4,20.39,0.909,20.55
A0705,2025-05-07,29.3,9.18,15.11,23.03,0.909,23.21
A0705,2025-05-08,29.3,20.23,32.56,49.02,0.909,49.4
A0705,2025-05-09,29.3,22.53,35.0,51.66,0.909,52.04
A0705,2025-05-10,29.3,22.34,35.62,53.37,0.909,53.77
A0705,2025-05-11,29.3,6.73,12.42,20.02,0.909,20.2
A0705,2025-05-12,29.3,8.87,15.54,24.45,0.909,24.66
A0706,2025-04-29,6.8,7.87,14.0,20.91,0.556,14.96
A0706,2025-04-30,6.8,7.81,15.42,24.0,0.556,16.61
A0706,2025-05-01,6.8,6.87,12.1,17.98,0.556,12.91
A0706,2025-05-02,6.8,9.95,18.33,27.79,0.556,19.65
A0706,2025-05-03,6.8,9.78,17.89,27.03,0.556,19.16
A0706,2025-05-04,6.8,6.3,11.58,17.53,0.556,12.41
A0706,2025-05-05,6.8,8.12,13.96,20.55,0.556,14.88
A0706,2025-05-06,6.8,8.3,14.4,21.28,0.556,15.36
A0706,2025-05-07,6.8,7.94,14.91,22.76,0.556,16.0
A0706,2025-05-08,6.8,9.19,16.7,25.16,0.556,17.87
A0706,2025-05-09,6.8,10.71,19.45,29.3,0.556,20.82
A0706,2025-05-10,6.8,10.62,19.04,28.54,0.556,20.36
A0706,2025-05-11,6.8,6.44,11.62,17.46,0.556,12.43
A0706,2025-05-12,6.8,9.29,16.43,24.49,0.556,17.55
A0707,2025-04-29,29.4,18.31,32.63,54.5,0.909,54.99
A0707,2025-04-30,29.4,21.29,33.83,52.95,0.909,53.39
A0707,2025-05-01,29.4,16.59,27.48,44.11,0.909,44.49
A0707,2025-05-02,29.4,20.22,33.69,54.24,0.909,54.71
A0707,2025-05-03,29.4,19.89,33.18,53.47,0.909,53.93
A0707,2025-05-04,29.4,14.3,24.7,40.57,0.909,40.93
A0707,2025-05-05,29.4,16.13,28.18,46.56,0.909,46.97
A0707,2025-05-06,29.4,18.0,29.87,47.98,0.909,48.39
A0707,2025-05-07,29.4,21.23,38.9,65.85,0.909,66.46
A0707,2025-05-08,29.4,22.7,42.86,73.62,0.909,74.32
A0707,2025-05-09,29.4,23.99,45.15,77.45,0.909,78.18
A0707,2025-05-10,29.4,23.51,42.72,72.04,0.909,72.71
A0707,2025-05-11,29.4,16.55,30.54,51.89,0.909,52.38
A0707,2025-05-12,29.4,20.01,37.63,64.53,0.909,65.14
A0708,2025-04-29,9.9,13.84,38.84,75.8,0.556,43.98
A0708,2025-04-30,9.9,18.6,48.51,93.41,0.556,54.75
A0708,2025-05-01,9.9,11.79,34.12,67.61,0.556,38.77
A0708,2025-05-02,9.9,17.74,46.27,89.26,0.556,52.24
A0708,2025-05-03,9.9,18.17,47.07,90.39,0.556,53.09
A0708,2025-05-04,9.9,14.81,40.13,78.57,0.556,45.47
A0708,2025-05-05,9.9,14.52,39.25,76.75,0.556,44.46
A0708,2025-05-06,9.9,15.04,40.8,79.7,0.556,46.2
A0708,2025-05-07,9.9,15.1,40.89,79.77,0.556,46.29
A0708,2025-05-08,9.9,16.89,44.43,86.11,0.556,50.22
A0708,2025-05-09,9.9,18.47,47.47,91.93,0.556,53.65
A0708,2025-05-10,9.9,19.0,48.52,93.38,0.556,54.75
A0708,2025-05-11,9.9,12.87,35.86,70.59,0.556,40.68
A0708,2025-05-12,9.9,17.46,45.35,87.74,0.556,51.24
A0709,2025-04-29,320.5,12.39,21.61,33.74,0.909,34.02
A0709,2025-04-30,320.5,14.75,23.33,34.61,0.909,34.87
A0709,2025-05-01,320.5,9.77,16.18,24.62,0.909,24.81
A0709,2025-05-02,320.5,14.3,24.59,38.12,0.909,38.43
A0709,2025-05-03,320.5,13.86,23.71,36.65,0.909,36.95
A0709,2025-05-04,320.5,10.15,16.67,25.24,0.909,25.43
A0709,2025-05-05,320.5,10.58,17.47,26.52,0.909,26.73
A0709,2025-05-06,320.5,11.6,20.33,31.79,0.909,32.05
A0709,2025-05-07,320.5,12.67,21.8,33.79,0.909,34.07
A0709,2025-05-08,320.5,14.2,24.11,37.15,0.909,37.44
A0709,2025-05-09,320.5,15.17,25.57,39.25,0.909,39.56
A0709,2025-05-10,320.5,14.61,24.38,37.22,0.909,37.51
A0709,2025-05-11,320.5,9.48,15.7,23.88,0.909,24.07
A0709,2025-05-12,320.5,12.88,21.59,33.04,0.909,33.3
A0710,2025-04-29,2.7,29.59,41.56,53.19,0.556,43.18
A0710,2025-04-30,2.7,35.0,47.68,59.98,0.556,49.39
A0710,2025-05-01,2.7,25.44,36.83,47.88,0.556,38.36
A0710,2025-05-02,2.7,38.85,57.09,74.79,0.556,59.55
A0710,2025-05-03,2.7,35.65,48.78,61.53,0.556,50.56
A0710,2025-05-04,2.7,23.28,31.58,39.64,0.556,32.7
A0710,2025-05-05,2.7,28.15,40.26,52.03,0.556,41.9
A0710,2025-05-06,2.7,28.3,39.25,49.88,0.556,40.73
A0710,2025-05-07,2.7,31.63,45.49,58.94,0.556,47.36
A0710,2025-05-08,2.7,34.85,46.33,57.48,0.556,47.88
A0710,2025-05-09,2.7,42.81,61.45,79.55,0.556,63.97
A0710,2025-05-10,2.7,38.54,51.5,64.08,0.556,53.25
A0710,2025-05-11,2.7,22.27,30.05,37.61,0.556,31.1
A0710,2025-05-12,2.7,33.43,45.77,57.74,0.556,47.43
A0711,2025-04-29,11.4,13.5,21.03,30.44,0.909,30.65
A0711,2025-04-30,11.4,15.23,24.98,37.16,0.909,37.44
A0711,2025-05-01,11.4,12.21,18.47,26.29,0.909,26.46
A0711,2025-05-02,11.4,14.58,23.44,34.52,0.909,34.77
A0711,2025-05-03,11.4,14.57,24.03,35.86,0.909,36.12
A0711,2025-05-04,11.4,12.32,19.63,28.75,0.909,28.96
A0711,2025-05-05,11.4,12.94,20.25,29.38,0.909,29.58
A0711,2025-05-06,11.4,13.53,20.74,29.74,0.909,29.95
A0711,2025-05-07,11.4,12.45,20.76,31.14,0.909,31.38
A0711,2025-05-08,11.4,14.22,22.22,32.23,0.909,32.46
A0711,2025-05-09,11.4,25.34,37.82,53.42,0.909,53.77
A0711,2025-05-10,11.4,25.67,38.77,55.15,0.909,55.53
A0711,2025-05-11,11.4,19.64,28.42,39.4,0.909,39.65
A0711,2025-05-12,11.4,12.77,21.16,31.65,0.909,31.89
A0712,2025-04-29,328.9,0.0,4.39,16.11,0.909,16.38
A0712,2025-04-30,328.9,0.26,7.4,22.35,0.909,22.69
A0712,2025-05-01,328.9,0.43,8.22,23.79,0.909,24.15
A0712,2025-05-02,328.9,1.04,10.41,28.65,0.909,29.06
A0712,2025-05-03,328.9,1.57,12.31,32.33,0.909,32.79
A0712,2025-05-04,328.9,0.88,9.79,27.2,0.909,27.6
A0712,2025-05-05,328.9,1.5,11.75,31.19,0.909,31.63
A0712,2025-05-06,328.9,1.77,12.98,33.86,0.909,34.33
A0712,2025-05-07,328.9,2.19,14.54,36.99,0.909,37.5
A0712,2025-05-08,328.9,2.91,16.7,41.6,0.909,42.17
A0712,2025-05-09,328.9,3.12,17.63,43.87,0.909,44.47
A0712,2025-05-10,328.9,3.68,19.24,46.81,0.909,47.44
A0712,2025-05-11,328.9,2.0,13.48,34.8,0.909,35.29
A0712,2025-05-12,328.9,3.37,17.75,43.7,0.909,44.29
A0713,2025-04-29,364.0,0.0,4.11,16.35,0.909,16.63
A0713,2025-04-30,364.0,0.96,7.3,23.14,0.909,23.5
A0713,2025-05-01,364.0,0.06,5.65,18.97,0.909,19.27
A0713,2025-05-02,364.0,0.61,8.27,24.76,0.909,25.14
A0713,2025-05-03,364.0,0.95,9.8,27.65,0.909,28.06
A0713,2025-05-04,364.0,0.77,9.25,26.59,0.909,26.99
A0713,2025-05-05,364.0,0.64,9.08,25.95,0.909,26.34
A0713,2025-05-06,364.0,0.56,9.3,26.53,0.909,26.92
A0713,2025-05-07,364.0,0.54,9.49,26.79,0.909,27.18
A0713,2025-05-08,364.0,1.01,11.03,30.34,0.909,30.78
A0713,2025-05-09,364.0,1.2,11.89,32.44,0.909,32.9
A0713,2025-05-10,364.0,1.72,13.62,35.83,0.909,36.33
A0713,2025-05-11,364.0,1.08,11.3,30.49,0.909,30.92
A0713,2025-05-12,364.0,1.96,14.36,37.25,0.909,37.77
A0714,2025-04-29,6.1,56.3,82.42,113.84,0.556,86.78
A0714,2025-04-30,6.1,72.01,102.23,138.59,0.556,107.28
A0714,2025-05-01,6.1,47.68,67.67,91.72,0.556,71.01
A0714,2025-05-02,6.1,67.3,95.59,129.64,0.556,100.32
A0714,2025-05-03,6.1,66.73,96.83,133.05,0.556,101.86
A0714,2025-05-04,6.1,64.23,91.24,123.75,0.556,95.76
A0714,2025-05-05,6.1,54.16,73.74,97.29,0.556,77.01
A0714,2025-05-06,6.1,60.57,86.79,118.34,0.556,91.17
A0714,2025-05-07,6.1,56.28,81.59,112.05,0.556,85.82
A0714,2025-05-08,6.1,61.27,89.61,123.72,0.556,94.35
A0714,2025-05-09,6.1,64.58,93.29,127.84,0.556,98.09
A0714,2025-05-10,6.1,156.97,227.81,313.04,0.556,239.65
A0714,2025-05-11,6.1,131.77,188.51,256.78,0.556,197.99
A0714,2025-05-12,6.1,147.05,203.97,272.45,0.556,213.48
A0715,2025-04-29,423.3,3.81,7.58,13.3,0.909,13.43
A0715,2025-04-30,423.3,4.66,9.76,17.5,0.909,17.68
A0715,2025-05-01,423.3,3.56,7.18,12.68,0.909,12.8
A0715,2025-05-02,423.3,4.93,9.34,16.03,0.909,16.18
A0715,2025-05-03,423.3,4.92,9.25,15.82,0.909,15.97
A0715,2025-05-04,423.3,3.76,8.7,16.19,0.909,16.36
A0715,2025-05-05,423.3,4.05,8.24,14.61,0.909,14.76
A0715,2025-05-06,423.3,4.01,7.8,13.54,0.909,13.68
A0715,2025-05-07,423.3,4.57,8.29,13.93,0.909,14.06
A0715,2025-05-08,423.3,4.87,8.49,13.99,0.909,14.11
A0715,2025-05-09,423.3,5.17,9.08,15.0,0.909,15.13
A0715,2025-05-10,423.3,4.97,8.83,14.68,0.909,14.82
A0715,2025-05-11,423.3,3.48,7.18,12.8,0.909,12.93
A0715,2025-05-12,423.3,4.5,8.68,15.03,0.909,15.17
A0716,2025-04-29,6.8,47.46,65.54,89.34,0.556,68.85
A0716,2025-04-30,6.8,60.59,84.02,114.86,0.556,88.3
A0716,2025-05-01,6.8,42.81,57.81,77.55,0.556,60.55
A0716,2025-05-02,6.8,63.1,88.35,121.57,0.556,92.96
A0716,2025-05-03,6.8,64.05,86.52,116.09,0.556,90.63
A0716,2025-05-04,6.8,43.57,61.7,85.54,0.556,65.01
A0716,2025-05-05,6.8,46.9,64.47,87.6,0.556,67.69
A0716,2025-05-06,6.8,48.17,65.45,88.19,0.556,68.61
A0716,2025-05-07,6.8,51.11,69.6,93.94,0.556,72.98
A0716,2025-05-08,6.8,57.7,76.93,102.22,0.556,80.44
A0716,2025-05-09,6.8,65.51,91.43,125.54,0.556,96.17
A0716,2025-05-10,6.8,65.92,88.66,118.59,0.556,92.82
A0716,2025-05-11,6.8,40.21,55.51,75.64,0.556,58.31
A0716,2025-05-12,6.8,56.56,76.61,102.98,0.556,80.27
A0717,2025-04-29,384.5,7.83,13.2,21.36,0.909,21.54
A0717,2025-04-30,384.5,9.45,15.76,25.37,0.909,25.59
A0717,2025-05-01,384.5,7.24,12.74,21.11,0.909,21.3
A0717,2025-05-02,384.5,8.98,15.01,24.19,0.909,24.4
A0717,2025-05-03,384.5,8.7,15.08,24.79,0.909,25.01
A0717,2025-05-04,384.5,6.07,10.71,17.78,0.909,17.94
A0717,2025-05-05,384.5,7.19,12.23,19.91,0.909,20.09
A0717,2025-05-06,384.5,7.07,12.19,19.98,0.909,20.15
A0717,2025-05-07,384.5,7.18,13.19,22.34,0.909,22.55
A0717,2025-05-08,384.5,8.86,15.52,25.65,0.909,25.88
A0717,2025-05-09,384.5,9.23,15.28,24.48,0.909,24.69
A0717,2025-05-10,384.5,9.03,15.33,24.91,0.909,25.13
A0717,2025-05-11,384.5,6.04,10.25,16.66,0.909,16.81
A0717,2025-05-12,384.5,8.44,14.04,22.57,0.909,22.76
A0718,2025-04-29,27.3,5.98,12.52,21.89,0.909,22.1
A0718,2025-04-30,27.3,7.1,12.43,20.07,0.909,20.25
A0718,2025-05-01,27.3,5.13,10.81,18.95,0.909,19.14
A0718,2025-05-02,27.3,6.19,11.68,19.55,0.909,19.73
A0718,2025-05-03,27.3,6.21,12.23,20.86,0.909,21.05
A0718,2025-05-04,27.3,4.52,9.31,16.16,0.909,16.32
A0718,2025-05-05,27.3,5.23,10.58,18.24,0.909,18.41
A0718,2025-05-06,27.3,5.91,11.81,20.26,0.909,20.46
A0718,2025-05-07,27.3,6.05,12.63,22.04,0.909,22.26
A0718,2025-05-08,27.3,6.58,14.35,25.48,0.909,25.74
A0718,2025-05-09,27.3,6.91,14.79,26.1,0.909,26.35
A0718,2025-05-10,27.3,7.09,15.35,27.18,0.909,27.45
A0718,2025-05-11,27.3,4.84,11.23,20.38,0.909,20.59
A0718,2025-05-12,27.3,6.14,12.65,21.97,0.909,22.19
A0719,2025-04-29,4.8,46.97,59.49,71.87,0.556,61.21
A0719,2025-04-30,4.8,57.82,70.97,83.96,0.556,72.77
A0719,2025-05-01,4.8,38.02,52.94,67.68,0.556,54.98
A0719,2025-05-02,4.8,50.59,64.44,78.14,0.556,66.34
A0719,2025-05-03,4.8,48.9,64.46,79.85,0.556,66.6
A0719,2025-05-04,4.8,43.84,55.84,67.71,0.556,57.49
A0719,2025-05-05,4.8,41.93,55.46,68.84,0.556,57.32
A0719,2025-05-06,4.8,45.08,57.44,69.66,0.556,59.14
A0719,2025-05-07,4.8,45.22,57.91,70.45,0.556,59.65
A0719,2025-05-08,4.8,50.79,64.88,78.81,0.556,66.81
A0719,2025-05-09,4.8,55.63,68.68,81.59,0.556,70.48
A0719,2025-05-10,4.8,54.21,68.82,83.27,0.556,70.83
A0719,2025-05-11,4.8,40.59,51.6,62.47,0.556,53.11
A0719,2025-05-12,4.8,51.67,64.74,77.66,0.556,66.54
A0720,2025-04-29,6.9,32.32,47.46,68.43,0.556,50.37
A0720,2025-04-30,6.9,36.91,53.54,76.58,0.556,56.74
A0720,2025-05-01,6.9,27.51,39.51,56.12,0.556,41.82
A0720,2025-05-02,6.9,42.52,63.54,92.64,0.556,67.58
A0720,2025-05-03,6.9,38.91,57.04,82.16,0.556,60.53
A0720,2025-05-04,6.9,27.82,40.48,58.03,0.556,42.92
A0720,2025-05-05,6.9,31.86,46.45,66.66,0.556,49.26
A0720,2025-05-06,6.9,32.97,48.0,68.82,0.556,50.9
A0720,2025-05-07,6.9,33.05,49.14,71.43,0.556,52.24
A0720,2025-05-08,6.9,38.78,56.78,81.71,0.556,60.24
A0720,2025-05-09,6.9,44.23,66.29,96.86,0.556,70.54
A0720,2025-05-10,6.9,40.31,59.28,85.54,0.556,62.92
A0720,2025-05-11,6.9,26.57,39.44,57.27,0.556,41.92
A0720,2025-05-12,6.9,37.34,55.34,80.26,0.556,58.8
A0721,2025-04-29,322.0,21.89,36.8,54.44,0.909,54.84
A0721,2025-04-30,322.0,30.9,47.23,66.57,0.909,67.01
A0721,2025-05-01,322.0,19.56,34.91,53.07,0.909,53.48
A0721,2025-05-02,322.0,26.05,43.97,65.18,0.909,65.66
A0721,2025-05-03,322.0,26.33,43.2,63.17,0.909,63.62
A0721,2025-05-04,322.0,21.16,33.84,48.85,0.909,49.19
A0721,2025-05-05,322.0,20.92,35.43,52.61,0.909,53.0
A0721,2025-05-06,322.0,23.23,38.46,56.48,0.909,56.89
A0721,2025-05-07,322.0,19.62,33.55,50.05,0.909,50.42
A0721,2025-05-08,322.0,25.34,42.11,61.96,0.909,62.41
A0721,2025-05-09,322.0,26.45,44.38,65.6,0.909,66.09
A0721,2025-05-10,322.0,27.22,44.22,64.33,0.909,64.78
A0721,2025-05-11,322.0,16.79,28.53,42.43,0.909,42.74
A0721,2025-05-12,322.0,21.97,37.3,55.43,0.909,55.84
A0722,2025-04-29,11.1,33.28,84.43,162.61,0.909,164.39
A0722,2025-04-30,11.1,43.89,105.28,200.49,0.909,202.65
A0722,2025-05-01,11.1,29.56,74.94,144.79,0.909,146.38
A0722,2025-05-02,11.1,43.12,102.78,195.78,0.909,197.89
A0722,2025-05-03,11.1,44.07,104.26,197.15,0.909,199.26
A0722,2025-05-04,11.1,37.58,90.35,173.07,0.909,174.95
A0722,2025-05-05,11.1,35.69,86.32,165.39,0.909,167.19
A0722,2025-05-06,11.1,37.46,91.32,175.17,0.909,177.08
A0722,2025-05-07,11.1,37.65,91.92,176.12,0.909,178.03
A0722,2025-05-08,11.1,41.89,100.18,191.26,0.909,193.33
A0722,2025-05-09,11.1,45.26,106.67,204.04,0.909,206.25
A0722,2025-05-10,11.1,46.23,108.3,205.55,0.909,207.76
A0722,2025-05-11,11.1,32.35,79.44,152.7,0.909,154.36
A0722,2025-05-12,11.1,43.08,102.05,194.67,0.909,196.77
A0723,2025-04-29,6.0,21.92,33.35,48.0,0.556,35.39
A0723,2025-04-30,6.0,31.33,49.62,73.08,0.556,52.88
A0723,2025-05-01,6.0,19.27,28.8,41.02,0.556,30.5
A0723,2025-05-02,6.0,27.38,42.07,60.89,0.556,44.68
A0723,2025-05-03,6.0,27.61,42.6,61.82,0.556,45.27
A0723,2025-05-04,6.0,19.42,31.07,46.01,0.556,33.14
A0723,2025-05-05,6.0,20.12,30.89,44.7,0.556,32.81
A0723,2025-05-06,6.0,21.06,32.05,46.14,0.556,34.01
A0723,2025-05-07,6.0,22.49,34.39,49.66,0.556,36.51
A0723,2025-05-08,6.0,25.71,39.48,57.15,0.556,41.94
A0723,2025-05-09,6.0,28.47,44.07,64.06,0.556,46.84
A0723,2025-05-10,6.0,28.72,44.4,64.5,0.556,47.19
A0723,2025-05-11,6.0,17.51,26.81,38.74,0.556,28.47
A0723,2025-05-12,6.0,24.05,37.12,53.87,0.556,39.44
A0724,2025-04-29,6.7,9.64,31.58,64.9,0.556,36.21
A0724,2025-04-30,6.7,12.02,37.1,74.97,0.556,42.36
A0724,2025-05-01,6.7,8.61,28.77,59.62,0.556,33.05
A0724,2025-05-02,6.7,12.62,38.06,76.83,0.556,43.44
A0724,2025-05-03,6.7,13.09,38.94,77.91,0.556,44.35
A0724,2025-05-04,6.7,13.49,38.93,77.89,0.556,44.34
A0724,2025-05-05,6.7,15.03,42.7,84.77,0.556,48.54
A0724,2025-05-06,6.7,15.56,44.18,87.82,0.556,50.24
A0724,2025-05-07,6.7,16.75,46.9,92.58,0.556,53.25
A0724,2025-05-08,6.7,15.82,44.75,89.05,0.556,50.9
A0724,2025-05-09,6.7,17.2,48.11,96.17,0.556,54.79
A0724,2025-05-10,6.7,17.42,48.34,96.23,0.556,54.99
A0724,2025-05-11,6.7,10.92,32.64,67.32,0.556,37.46
A0724,2025-05-12,6.7,15.58,43.6,87.55,0.556,49.71
A0725,2025-04-29,300.0,12.48,20.88,32.56,0.909,32.82
A0725,2025-04-30,300.0,15.77,26.6,41.66,0.909,42.01
A0725,2025-05-01,300.0,10.33,16.58,25.26,0.909,25.46
A0725,2025-05-02,300.0,13.61,22.77,35.49,0.909,35.78
A0725,2025-05-03,300.0,33.01,56.32,88.72,0.909,89.46
A0725,2025-05-04,300.0,20.69,37.06,59.82,0.909,60.34
A0725,2025-05-05,300.0,22.12,36.54,56.6,0.909,57.06
A0725,2025-05-06,300.0,24.74,43.5,69.59,0.909,70.18
A0725,2025-05-07,300.0,28.19,50.8,82.24,0.909,82.96
A0725,2025-05-08,300.0,12.57,23.37,38.39,0.909,38.73
A0725,2025-05-09,300.0,13.82,24.5,39.35,0.909,39.68
A0725,2025-05-10,300.0,15.56,26.94,42.76,0.909,43.12
A0725,2025-05-11,300.0,9.7,16.72,26.48,0.909,26.7
A0725,2025-05-12,300.0,12.37,20.8,32.53,0.909,32.79
A0726,2025-04-29,424.0,5.46,13.41,24.73,0.909,24.99
A0726,2025-04-30,424.0,7.04,14.55,25.25,0.909,25.49
A0726,2025-05-01,424.0,5.52,10.98,18.73,0.909,18.91
A0726,2025-05-02,424.0,6.79,14.65,25.83,0.909,26.09
A0726,2025-05-03,424.0,7.06,15.2,26.78,0.909,27.05
A0726,2025-05-04,424.0,5.14,9.76,16.33,0.909,16.48
A0726,2025-05-05,424.0,6.0,11.78,20.0,0.909,20.19
A0726,2025-05-06,424.0,5.83,13.27,23.87,0.909,24.11
A0726,2025-05-07,424.0,6.62,16.5,30.56,0.909,30.88
A0726,2025-05-08,424.0,7.24,17.36,31.75,0.909,32.08
A0726,2025-05-09,424.0,7.54,18.52,34.14,0.909,34.5
A0726,2025-05-10,424.0,7.8,18.8,34.46,0.909,34.81
A0726,2025-05-11,424.0,5.19,11.8,21.21,0.909,21.42
A0726,2025-05-12,424.0,6.65,14.92,26.68,0.909,26.95
A0727,2025-04-29,406.5,7.91,15.71,26.25,0.909,26.49
A0727,2025-04-30,406.5,9.42,19.13,32.27,0.909,32.57
A0727,2025-05-01,406.5,8.26,15.51,25.32,0.909,25.55
A0727,2025-05-02,406.5,9.15,18.52,31.2,0.909,31.49
A0727,2025-05-03,406.5,10.18,20.06,33.43,0.909,33.74
A0727,2025-05-04,406.5,10.07,18.92,30.91,0.909,31.18
A0727,2025-05-05,406.5,8.87,16.71,27.31,0.909,27.55
A0727,2025-05-06,406.5,8.42,16.56,27.57,0.909,27.82
A0727,2025-05-07,406.5,6.08,12.67,21.58,0.909,21.78
A0727,2025-05-08,406.5,7.45,15.14,25.55,0.909,25.79
A0727,2025-05-09,406.5,6.43,14.01,24.28,0.909,24.51
A0727,2025-05-10,406.5,8.08,16.25,27.32,0.909,27.57
A0727,2025-05-11,406.5,7.57,13.99,22.68,0.909,22.88
A0727,2025-05-12,406.5,8.33,16.2,26.85,0.909,27.09
A0728,2025-04-29,312.1,5.77,12.59,21.39,0.909,21.59
A0728,2025-04-30,312.1,7.55,13.21,20.52,0.909,20.69
A0728,2025-05-01,312.1,5.26,10.25,16.68,0.909,16.83
A0728,2025-05-02,312.1,5.65,12.37,21.07,0.909,21.26
A0728,2025-05-03,312.1,5.63,13.88,24.52,0.909,24.76
A0728,2025-05-04,312.1,4.52,8.27,13.11,0.909,13.22
A0728,2025-05-05,312.1,5.06,10.14,16.7,0.909,16.85
A0728,2025-05-06,312.1,5.48,11.75,19.85,0.909,20.03
A0728,2025-05-07,312.1,6.15,14.23,24.67,0.909,24.91
A0728,2025-05-08,312.1,6.94,15.37,26.25,0.909,26.49
A0728,2025-05-09,312.1,7.03,15.61,26.7,0.909,26.95
A0728,2025-05-10,312.1,7.01,17.13,30.21,0.909,30.51
A0728,2025-05-11,312.1,5.13,10.22,16.8,0.909,16.95
A0728,2025-05-12,312.1,5.98,13.17,22.45,0.909,22.67
A0729,2025-04-29,8.3,28.33,70.62,133.47,0.556,79.35
A0729,2025-04-30,8.3,36.12,85.71,161.28,0.556,96.2
A0729,2025-05-01,8.3,23.88,60.26,115.39,0.556,67.92
A0729,2025-05-02,8.3,35.06,82.55,154.9,0.556,92.6
A0729,2025-05-03,8.3,35.85,83.95,156.7,0.556,94.06
A0729,2025-05-04,8.3,31.45,74.99,141.91,0.556,84.29
A0729,2025-05-05,8.3,30.19,72.08,136.19,0.556,80.98
A0729,2025-05-06,8.3,31.6,75.74,142.94,0.556,85.08
A0729,2025-05-07,8.3,31.65,75.99,143.19,0.556,85.32
A0729,2025-05-08,8.3,34.74,81.72,153.47,0.556,91.68
A0729,2025-05-09,8.3,37.0,85.97,161.67,0.556,96.48
A0729,2025-05-10,8.3,37.65,87.15,162.97,0.556,97.68
A0729,2025-05-11,8.3,28.49,68.78,130.09,0.556,77.3
A0729,2025-05-12,8.3,35.56,82.96,155.65,0.556,93.05
A0730,2025-04-29,382.5,0.0,3.27,7.74,0.909,7.84
A0730,2025-04-30,382.5,0.0,3.61,9.17,0.909,9.29
A0730,2025-05-01,382.5,0.02,2.89,6.57,0.909,6.66
A0730,2025-05-02,382.5,0.0,3.09,7.66,0.909,7.77
A0730,2025-05-03,382.5,0.0,3.56,8.38,0.909,8.49
A0730,2025-05-04,382.5,0.0,2.65,6.3,0.909,6.38
A0730,2025-05-05,382.5,0.17,3.28,7.27,0.909,7.37
A0730,2025-05-06,382.5,0.0,3.16,7.25,0.909,7.34
A0730,2025-05-07,382.5,0.0,3.83,9.33,0.909,9.46
A0730,2025-05-08,382.5,0.0,4.15,9.95,0.909,10.08
A0730,2025-05-09,382.5,0.0,4.29,10.56,0.909,10.7
A0730,2025-05-10,382.5,0.0,4.73,11.08,0.909,11.22
A0730,2025-05-11,382.5,0.18,3.52,7.8,0.909,7.9
A0730,2025-05-12,382.5,0.02,4.03,9.19,0.909,9.3
A0731,2025-04-29,196.3,10.65,18.02,30.17,0.909,30.44
A0731,2025-04-30,196.3,13.28,22.54,37.81,0.909,38.15
A0731,2025-05-01,196.3,8.13,13.68,22.83,0.909,23.04
A0731,2025-05-02,196.3,13.44,22.35,37.05,0.909,37.38
A0731,2025-05-03,196.3,60.87,90.27,138.73,0.909,139.83
A0731,2025-05-04,196.3,45.53,64.29,95.22,0.909,95.92
A0731,2025-05-05,196.3,50.74,72.57,108.55,0.909,109.36
A0731,2025-05-06,196.3,52.38,76.91,117.35,0.909,118.27
A0731,2025-05-07,196.3,54.66,79.89,121.47,0.909,122.42
A0731,2025-05-08,196.3,63.47,90.17,134.17,0.909,135.17
A0731,2025-05-09,196.3,71.51,101.04,149.73,0.909,150.84
A0731,2025-05-10,196.3,11.49,20.3,34.8,0.909,35.13
A0731,2025-05-11,196.3,6.99,12.08,20.48,0.909,20.67
A0731,2025-05-12,196.3,11.02,18.87,31.81,0.909,32.11
A0732,2025-04-29,349.5,10.98,18.58,27.31,0.909,27.51
A0732,2025-04-30,349.5,15.49,27.51,41.31,0.909,41.63
A0732,2025-05-01,349.5,9.88,17.34,25.9,0.909,26.09
A0732,2025-05-02,349.5,11.77,21.59,32.86,0.909,33.12
A0732,2025-05-03,349.5,12.39,22.84,34.85,0.909,35.12
A0732,2025-05-04,349.5,13.12,24.02,36.54,0.909,36.82
A0732,2025-05-05,349.5,10.31,18.9,28.77,0.909,28.99
A0732,2025-05-06,349.5,11.03,19.33,28.85,0.909,29.07
A0732,2025-05-07,349.5,9.53,17.0,25.57,0.909,25.77
A0732,2025-05-08,349.5,10.32,18.09,27.01,0.909,27.21
A0732,2025-05-09,349.5,9.57,17.61,26.84,0.909,27.05
A0732,2025-05-10,349.5,11.09,19.99,30.2,0.909,30.43
A0732,2025-05-11,349.5,10.33,18.36,27.58,0.909,27.79
A0732,2025-05-12,349.5,10.67,19.26,29.13,0.909,29.35
A0733,2025-04-29,5.1,52.49,80.18,121.87,0.556,85.97
A0733,2025-04-30,5.1,54.97,82.52,123.99,0.556,88.28
A0733,2025-05-01,5.1,41.2,61.81,92.84,0.556,66.12
A0733,2025-05-02,5.1,34.8,52.29,78.62,0.556,55.95
A0733,2025-05-03,5.1,37.8,55.95,83.29,0.556,59.75
A0733,2025-05-04,5.1,32.14,48.85,74.01,0.556,52.34
A0733,2025-05-05,5.1,33.97,51.22,77.18,0.556,54.82
A0733,2025-05-06,5.1,37.36,56.56,85.46,0.556,60.57
A0733,2025-05-07,5.1,35.1,53.48,81.14,0.556,57.32
A0733,2025-05-08,5.1,38.6,55.82,81.74,0.556,59.42
A0733,2025-05-09,5.1,41.95,60.13,87.52,0.556,63.94
A0733,2025-05-10,5.1,44.17,62.87,91.03,0.556,66.78
A0733,2025-05-11,5.1,31.91,47.9,71.99,0.556,51.25
A0733,2025-05-12,5.1,41.05,60.22,89.08,0.556,64.23
A0734,2025-04-29,5.3,76.36,118.86,175.89,0.556,126.78
A0734,2025-04-30,5.3,93.64,154.65,236.54,0.556,166.03
A0734,2025-05-01,5.3,66.26,102.97,152.24,0.556,109.81
A0734,2025-05-02,5.3,97.34,150.12,220.98,0.556,159.96
A0734,2025-05-03,5.3,96.84,150.4,222.29,0.556,160.38
A0734,2025-05-04,5.3,80.59,123.13,180.23,0.556,131.06
A0734,2025-05-05,5.3,76.73,115.48,167.48,0.556,122.7
A0734,2025-05-06,5.3,84.24,126.24,182.61,0.556,134.07
A0734,2025-05-07,5.3,79.4,121.37,177.71,0.556,129.2
A0734,2025-05-08,5.3,94.03,141.92,206.19,0.556,150.85
A0734,2025-05-09,5.3,100.4,155.29,228.96,0.556,165.52
A0734,2025-05-10,5.3,100.16,155.52,229.83,0.556,165.84
A0734,2025-05-11,5.3,66.56,100.6,146.29,0.556,106.95
A0734,2025-05-12,5.3,90.61,136.58,198.28,0.556,145.15
A0735,2025-04-29,4.9,59.31,80.05,105.96,0.556,83.65
A0735,2025-04-30,4.9,74.11,98.91,129.89,0.556,103.21
A0735,2025-05-01,4.9,48.15,66.96,90.48,0.556,70.23
A0735,2025-05-02,4.9,66.49,90.07,119.53,0.556,94.16
A0735,2025-05-03,4.9,68.45,91.98,121.39,0.556,96.06
A0735,2025-05-04,4.9,52.93,71.33,94.31,0.556,74.52
A0735,2025-05-05,4.9,53.19,73.19,98.19,0.556,76.66
A0735,2025-05-06,4.9,57.23,77.18,102.12,0.556,80.65
A0735,2025-05-07,4.9,59.95,82.23,110.09,0.556,86.1
A0735,2025-05-08,4.9,62.91,85.02,112.66,0.556,88.86
A0735,2025-05-09,4.9,69.6,93.29,122.9,0.556,97.4
A0735,2025-05-10,4.9,72.03,95.37,124.55,0.556,99.43
A0735,2025-05-11,4.9,49.02,65.48,86.05,0.556,68.34
A0735,2025-05-12,4.9,63.88,85.58,112.7,0.556,89.35
A0736,2025-04-29,3.0,61.16,78.03,101.38,0.556,81.27
A0736,2025-04-30,3.0,75.74,90.56,111.08,0.556,93.41
A0736,2025-05-01,3.0,51.28,66.6,87.82,0.556,69.55
A0736,2025-05-02,3.0,78.05,100.29,131.09,0.556,104.57
A0736,2025-05-03,3.0,78.77,100.38,130.31,0.556,104.54
A0736,2025-05-04,3.0,50.84,62.53,78.72,0.556,64.78
A0736,2025-05-05,3.0,57.93,74.45,97.33,0.556,77.63
A0736,2025-05-06,3.0,61.04,78.22,102.02,0.556,81.53
A0736,2025-05-07,3.0,59.22,74.42,95.46,0.556,77.34
A0736,2025-05-08,3.0,68.36,86.09,110.64,0.556,89.5
A0736,2025-05-09,3.0,77.66,98.36,127.01,0.556,102.34
A0736,2025-05-10,3.0,79.08,99.36,127.43,0.556,103.26
A0736,2025-05-11,3.0,44.73,56.15,71.95,0.556,58.34
A0736,2025-05-12,3.0,68.74,86.44,110.95,0.556,89.85
A0737,2025-04-29,305.0,6.25,13.06,22.25,0.909,22.46
A0737,2025-04-30,305.0,8.39,17.69,30.25,0.909,30.54
A0737,2025-05-01,305.0,5.07,10.15,17.02,0.909,17.17
A0737,2025-05-02,305.0,6.56,14.1,24.28,0.909,24.52
A0737,2025-05-03,305.0,7.07,14.24,23.92,0.909,24.14
A0737,2025-05-04,305.0,4.7,9.91,16.94,0.909,17.1
A0737,2025-05-05,305.0,5.55,11.09,18.58,0.909,18.75
A0737,2025-05-06,305.0,5.76,12.06,20.57,0.909,20.77
A0737,2025-05-07,305.0,6.51,14.44,25.17,0.909,25.41
A0737,2025-05-08,305.0,7.07,14.46,24.45,0.909,24.67
A0737,2025-05-09,305.0,7.82,17.01,29.43,0.909,29.71
A0737,2025-05-10,305.0,8.34,16.8,28.23,0.909,28.49
A0737,2025-05-11,305.0,5.0,10.02,16.79,0.909,16.95
A0737,2025-05-12,305.0,6.27,13.29,22.79,0.909,23.0
A0738,2025-04-29,7.2,144.74,202.4,291.68,0.556,214.8
A0738,2025-04-30,7.2,183.45,256.53,369.7,0.556,272.25
A0738,2025-05-01,7.2,118.06,164.82,237.23,0.556,174.88
A0738,2025-05-02,7.2,178.23,246.21,351.47,0.556,260.83
A0738,2025-05-03,7.2,183.27,252.48,359.65,0.556,267.36
A0738,2025-05-04,7.2,139.33,192.47,274.76,0.556,203.9
A0738,2025-05-05,7.2,130.87,181.53,259.97,0.556,192.42
A0738,2025-05-06,7.2,148.8,206.6,296.11,0.556,219.03
A0738,2025-05-07,7.2,145.43,199.23,282.55,0.556,210.81
A0738,2025-05-08,7.2,166.73,230.16,328.38,0.556,243.8
A0738,2025-05-09,7.2,182.65,253.47,363.14,0.556,268.7
A0738,2025-05-10,7.2,187.6,259.63,371.16,0.556,275.12
A0738,2025-05-11,7.2,117.62,162.62,232.31,0.556,172.3
A0738,2025-05-12,7.2,160.04,221.84,317.53,0.556,235.13
A0739,2025-04-29,7.2,64.08,97.33,141.14,0.556,103.41
A0739,2025-04-30,7.2,76.53,120.92,179.42,0.556,129.04
A0739,2025-05-01,7.2,51.0,79.0,115.9,0.556,84.12
A0739,2025-05-02,7.2,38.08,61.21,91.69,0.556,65.44
A0739,2025-05-03,7.2,38.68,59.25,86.37,0.556,63.02
A0739,2025-05-04,7.2,29.29,45.43,66.71,0.556,48.39
A0739,2025-05-05,7.2,31.4,47.5,68.74,0.556,50.45
A0739,2025-05-06,7.2,33.82,51.2,74.11,0.556,54.38
A0739,2025-05-07,7.2,35.16,53.58,77.85,0.556,56.95
A0739,2025-05-08,7.2,39.17,60.39,88.36,0.556,64.28
A0739,2025-05-09,7.2,46.58,71.49,104.32,0.556,76.05
A0739,2025-05-10,7.2,45.65,67.67,96.68,0.556,71.7
A0739,2025-05-11,7.2,29.51,44.48,64.21,0.556,47.22
A0739,2025-05-12,7.2,39.52,58.95,84.57,0.556,62.51
A0740,2025-04-29,399.9,10.32,17.22,25.16,0.909,25.34
A0740,2025-04-30,399.9,12.5,22.25,33.47,0.909,33.73
A0740,2025-05-01,399.9,7.99,12.53,17.75,0.909,17.87
A0740,2025-05-02,399.9,11.87,19.91,29.16,0.909,29.37
A0740,2025-05-03,399.9,12.07,20.24,29.64,0.909,29.86
A0740,2025-05-04,399.9,7.78,14.69,22.65,0.909,22.83
A0740,2025-05-05,399.9,8.36,13.87,20.22,0.909,20.37
A0740,2025-05-06,399.9,9.93,16.83,24.77,0.909,24.95
A0740,2025-05-07,399.9,9.92,16.81,24.75,0.909,24.93
A0740,2025-05-08,399.9,11.12,18.59,27.2,0.909,27.39
A0740,2025-05-09,399.9,11.84,19.82,29.02,0.909,29.23
A0740,2025-05-10,399.9,12.32,20.44,29.79,0.909,30.01
A0740,2025-05-11,399.9,7.49,13.21,19.8,0.909,19.95
A0740,2025-05-12,399.9,10.33,17.5,25.77,0.909,25.95
A0741,2025-04-29,6.1,419.83,674.72,984.72,0.556,717.77
A0741,2025-04-30,6.1,472.38,757.54,1104.36,0.556,805.71
A0741,2025-05-01,6.1,65.93,107.95,159.05,0.556,115.05
A0741,2025-05-02,6.1,109.82,172.41,248.54,0.556,182.99
A0741,2025-05-03,6.1,118.82,177.94,249.85,0.556,187.93
A0741,2025-05-04,6.1,109.89,169.28,241.51,0.556,179.31
A0741,2025-05-05,6.1,94.22,140.84,197.55,0.556,148.72
A0741,2025-05-06,6.1,112.75,173.87,248.21,0.556,184.2
A0741,2025-05-07,6.1,114.46,165.82,228.3,0.556,174.5
A0741,2025-05-08,6.1,127.7,188.73,262.95,0.556,199.04
A0741,2025-05-09,6.1,129.49,191.17,266.19,0.556,201.59
A0741,2025-05-10,6.1,137.45,196.32,267.91,0.556,206.26
A0741,2025-05-11,6.1,101.14,155.34,221.26,0.556,164.5
A0741,2025-05-12,6.1,118.07,174.12,242.29,0.556,183.59
A0742,2025-04-29,311.5,8.96,16.6,27.65,0.909,27.9
A0742,2025-04-30,311.5,10.84,19.32,31.59,0.909,31.87
A0742,2025-05-01,311.5,7.78,13.96,22.91,0.909,23.12
A0742,2025-05-02,311.5,9.78,18.57,31.3,0.909,31.59
A0742,2025-05-03,311.5,9.36,16.99,28.03,0.909,28.28
A0742,2025-05-04,311.5,6.46,11.85,19.67,0.909,19.84
A0742,2025-05-05,311.5,7.6,13.86,22.92,0.909,23.13
A0742,2025-05-06,311.5,8.34,15.11,24.91,0.909,25.14
A0742,2025-05-07,311.5,9.56,18.94,32.51,0.909,32.82
A0742,2025-05-08,311.5,10.48,19.67,32.97,0.909,33.27
A0742,2025-05-09,311.5,11.52,23.38,40.55,0.909,40.94
A0742,2025-05-10,311.5,10.99,20.73,34.84,0.909,35.16
A0742,2025-05-11,311.5,7.38,13.61,22.62,0.909,22.82
A0742,2025-05-12,311.5,9.14,17.14,28.7,0.909,28.97
A0743,2025-04-29,31.0,6.39,12.08,19.01,0.909,19.17
A0743,2025-04-30,31.0,6.83,12.3,18.96,0.909,19.11
A0743,2025-05-01,31.0,6.69,11.88,18.2,0.909,18.34
A0743,2025-05-02,31.0,15.74,27.62,42.09,0.909,42.42
A0743,2025-05-03,31.0,15.61,28.27,43.67,0.909,44.02
A0743,2025-05-04,31.0,10.2,20.33,32.67,0.909,32.95
A0743,2025-05-05,31.0,11.47,20.82,32.2,0.909,32.46
A0743,2025-05-06,31.0,12.62,23.49,36.73,0.909,37.03
A0743,2025-05-07,31.0,14.47,27.11,42.5,0.909,42.85
A0743,2025-05-08,31.0,15.6,28.51,44.22,0.909,44.58
A0743,2025-05-09,31.0,6.35,13.19,21.5,0.909,21.69
A0743,2025-05-10,31.0,7.22,14.26,22.83,0.909,23.03
A0743,2025-05-11,31.0,4.65,9.98,16.47,0.909,16.62
A0743,2025-05-12,31.0,6.1,11.7,18.52,0.909,18.68
A0744,2025-04-29,3.4,22.58,32.6,48.63,0.556,34.82
A0744,2025-04-30,3.4,27.67,38.77,56.52,0.556,41.24
A0744,2025-05-01,3.4,70.83,96.6,137.81,0.556,102.32
A0744,2025-05-02,3.4,103.23,137.58,192.52,0.556,145.21
A0744,2025-05-03,3.4,106.02,146.65,211.64,0.556,155.68
A0744,2025-05-04,3.4,69.61,93.95,132.87,0.556,99.35
A0744,2025-05-05,3.4,83.24,111.39,156.41,0.556,117.65
A0744,2025-05-06,3.4,19.02,29.73,46.87,0.556,32.11
A0744,2025-05-07,3.4,19.99,29.27,44.1,0.556,31.33
A0744,2025-05-08,3.4,23.49,34.38,51.79,0.556,36.8
A0744,2025-05-09,3.4,26.84,37.75,55.18,0.556,40.17
A0744,2025-05-10,3.4,30.51,43.72,64.84,0.556,46.65
A0744,2025-05-11,3.4,16.54,24.44,37.06,0.556,26.19
A0744,2025-05-12,3.4,24.5,34.89,51.52,0.556,37.2
A0745,2025-04-29,4.1,123.77,309.13,656.86,0.556,357.42
A0745,2025-04-30,4.1,155.19,368.9,803.44,0.556,429.25
A0745,2025-05-01,4.1,107.04,264.8,579.73,0.556,308.54
A0745,2025-05-02,4.1,40.17,109.58,234.14,0.556,126.88
A0745,2025-05-03,4.1,44.02,117.97,246.22,0.556,135.79
A0745,2025-05-04,4.1,36.82,100.87,211.89,0.556,116.29
A0745,2025-05-05,4.1,38.82,103.53,214.1,0.556,118.89
A0745,2025-05-06,4.1,44.93,119.26,245.09,0.556,136.74
A0745,2025-05-07,4.1,48.31,127.01,258.65,0.556,145.29
A0745,2025-05-08,4.1,186.14,418.43,917.01,0.556,487.68
A0745,2025-05-09,4.1,204.63,453.34,1042.08,0.556,535.11
A0745,2025-05-10,4.1,201.97,449.86,1038.78,0.556,531.65
A0745,2025-05-11,4.1,156.63,346.29,802.73,0.556,409.68
A0745,2025-05-12,4.1,193.04,431.69,1013.68,0.556,512.52
A0746,2025-04-29,190.4,2.67,16.06,39.27,0.909,39.8
A0746,2025-04-30,190.4,4.16,20.88,48.38,0.909,49.01
A0746,2025-05-01,190.4,2.75,16.73,39.78,0.909,40.3
A0746,2025-05-02,190.4,4.7,22.84,52.5,0.909,53.17
A0746,2025-05-03,190.4,5.46,25.01,56.3,0.909,57.01
A0746,2025-05-04,190.4,3.42,18.25,43.11,0.909,43.68
A0746,2025-05-05,190.4,4.68,22.1,50.73,0.909,51.38
A0746,2025-05-06,190.4,4.97,22.96,52.6,0.909,53.27
A0746,2025-05-07,190.4,5.44,24.4,55.26,0.909,55.96
A0746,2025-05-08,190.4,6.78,27.78,62.13,0.909,62.91
A0746,2025-05-09,190.4,7.4,29.75,66.64,0.909,67.47
A0746,2025-05-10,190.4,8.21,31.67,69.64,0.909,70.5
A0746,2025-05-11,190.4,4.66,20.8,48.03,0.909,48.65
A0746,2025-05-12,190.4,7.67,29.51,65.42,0.909,66.24
A0747,2025-04-29,3.0,20.45,31.59,45.57,0.556,33.53
A0747,2025-04-30,3.0,26.46,40.05,57.11,0.556,42.42
A0747,2025-05-01,3.0,17.76,29.58,44.44,0.556,31.65
A0747,2025-05-02,3.0,27.66,42.75,61.71,0.556,45.38
A0747,2025-05-03,3.0,27.99,42.69,61.16,0.556,45.25
A0747,2025-05-04,3.0,39.65,57.06,78.93,0.556,60.09
A0747,2025-05-05,3.0,45.36,70.3,101.63,0.556,74.65
A0747,2025-05-06,3.0,44.09,64.75,90.71,0.556,68.36
A0747,2025-05-07,3.0,43.93,64.81,91.04,0.556,68.45
A0747,2025-05-08,3.0,19.11,31.79,47.72,0.556,34.0
A0747,2025-05-09,3.0,22.92,37.7,56.27,0.556,40.28
A0747,2025-05-10,3.0,24.37,38.74,56.8,0.556,41.25
A0747,2025-05-11,3.0,14.27,22.41,32.64,0.556,23.83
A0747,2025-05-12,3.0,23.28,37.1,54.47,0.556,39.52
A0748,2025-04-29,304.7,15.58,23.14,33.35,0.909,33.58
A0748,2025-04-30,304.7,20.37,33.95,52.29,0.909,52.71
A0748,2025-05-01,304.7,13.0,20.19,29.88,0.909,30.1
A0748,2025-05-02,304.7,17.72,27.58,40.89,0.909,41.19
A0748,2025-05-03,304.7,17.63,28.64,43.5,0.909,43.84
A0748,2025-05-04,304.7,16.49,27.4,42.13,0.909,42.47
A0748,2025-05-05,304.7,14.13,22.61,34.05,0.909,34.31
A0748,2025-05-06,304.7,15.79,23.65,34.27,0.909,34.51
A0748,2025-05-07,304.7,15.14,22.96,33.52,0.909,33.76
A0748,2025-05-08,304.7,16.64,24.01,33.95,0.909,34.18
A0748,2025-05-09,304.7,17.66,25.28,35.57,0.909,35.8
A0748,2025-05-10,304.7,17.62,26.32,38.08,0.909,38.34
A0748,2025-05-11,304.7,12.88,19.75,29.02,0.909,29.23
A0748,2025-05-12,304.7,15.25,23.64,34.96,0.909,35.22
A0749,2025-04-29,149.9,26.57,42.25,64.12,0.909,64.62
A0749,2025-04-30,149.9,38.34,60.7,91.87,0.909,92.58
A0749,2025-05-01,149.9,21.15,33.59,50.94,0.909,51.34
A0749,2025-05-02,149.9,38.28,58.52,86.75,0.909,87.4
A0749,2025-05-03,149.9,36.31,55.78,82.93,0.909,83.55
A0749,2025-05-04,149.9,23.03,37.35,57.33,0.909,57.78
A0749,2025-05-05,149.9,6.1,11.19,18.29,0.909,18.45
A0749,2025-05-06,149.9,6.16,11.96,20.04,0.909,20.23
A0749,2025-05-07,149.9,5.77,11.55,19.6,0.909,19.78
A0749,2025-05-08,149.9,6.22,12.98,22.41,0.909,22.62
A0749,2025-05-09,149.9,8.05,15.6,26.12,0.909,26.36
A0749,2025-05-10,149.9,8.72,15.98,26.1,0.909,26.33
A0749,2025-05-11,149.9,5.22,9.46,15.37,0.909,15.5
A0749,2025-05-12,149.9,8.41,14.92,24.0,0.909,24.21
A0750,2025-04-29,25.8,6.49,13.49,25.07,0.909,25.34
A0750,2025-04-30,25.8,7.74,12.95,21.58,0.909,21.78
A0750,2025-05-01,25.8,5.86,9.69,16.02,0.909,16.17
A0750,2025-05-02,25.8,6.59,12.32,21.81,0.909,22.02
A0750,2025-05-03,25.8,6.83,13.19,23.72,0.909,23.96
A0750,2025-05-04,25.8,5.3,10.09,18.03,0.909,18.21
A0750,2025-05-05,25.8,5.95,10.18,17.18,0.909,17.33
A0750,2025-05-06,25.8,6.1,12.33,22.63,0.909,22.87
A0750,2025-05-07,25.8,6.81,13.7,25.1,0.909,25.36
A0750,2025-05-08,25.8,7.39,14.63,26.62,0.909,26.89
A0750,2025-05-09,25.8,7.72,15.46,28.27,0.909,28.56
A0750,2025-05-10,25.8,7.98,16.19,29.76,0.909,30.07
A0750,2025-05-11,25.8,5.86,11.88,21.83,0.909,22.05
A0750,2025-05-12,25.8,6.94,13.02,23.07,0.909,23.29
A0751,2025-04-29,7.1,129.51,169.66,227.29,0.556,177.67
A0751,2025-04-30,7.1,152.76,201.8,272.18,0.556,211.58
A0751,2025-05-01,7.1,105.11,130.72,167.47,0.556,135.82
A0751,2025-05-02,7.1,80.19,108.42,148.95,0.556,114.05
A0751,2025-05-03,7.1,82.19,112.31,155.53,0.556,118.31
A0751,2025-05-04,7.1,73.34,101.14,141.03,0.556,106.68
A0751,2025-05-05,7.1,64.28,83.75,111.7,0.556,87.63
A0751,2025-05-06,7.1,74.07,100.33,138.01,0.556,105.56
A0751,2025-05-07,7.1,77.81,103.78,141.05,0.556,108.96
A0751,2025-05-08,7.1,83.78,109.65,146.78,0.556,114.8
A0751,2025-05-09,7.1,90.59,117.82,156.9,0.556,123.25
A0751,2025-05-10,7.1,90.85,119.89,161.57,0.556,125.68
A0751,2025-05-11,7.1,67.3,91.37,125.91,0.556,96.16
A0751,2025-05-12,7.1,79.29,103.15,137.4,0.556,107.91
A0752,2025-04-29,29.4,6.26,12.78,21.72,0.909,21.92
A0752,2025-04-30,29.4,7.32,11.8,17.94,0.909,18.08
A0752,2025-05-01,29.4,5.49,10.11,16.43,0.909,16.58
A0752,2025-05-02,29.4,6.63,13.22,22.25,0.909,22.45
A0752,2025-05-03,29.4,6.54,13.28,22.5,0.909,22.71
A0752,2025-05-04,29.4,5.16,9.57,15.6,0.909,15.74
A0752,2025-05-05,29.4,5.76,11.16,18.56,0.909,18.73
A0752,2025-05-06,29.4,6.24,12.14,20.23,0.909,20.41
A0752,2025-05-07,29.4,6.97,14.47,24.74,0.909,24.98
A0752,2025-05-08,29.4,7.28,16.55,29.26,0.909,29.55
A0752,2025-05-09,29.4,7.77,17.83,31.6,0.909,31.92
A0752,2025-05-10,29.4,7.68,17.49,30.93,0.909,31.24
A0752,2025-05-11,29.4,5.77,12.99,22.88,0.909,23.1
A0752,2025-05-12,29.4,6.83,14.85,25.83,0.909,26.08
A0753,2025-04-29,309.4,2.91,7.07,12.76,0.909,12.89
A0753,2025-04-30,309.4,3.54,9.2,16.94,0.909,17.12
A0753,2025-05-01,309.4,3.0,6.25,10.69,0.909,10.8
A0753,2025-05-02,309.4,2.87,7.8,14.54,0.909,14.7
A0753,2025-05-03,309.4,3.17,7.92,14.43,0.909,14.57
A0753,2025-05-04,309.4,2.16,5.4,9.84,0.909,9.94
A0753,2025-05-05,309.4,2.72,6.17,10.89,0.909,11.0
A0753,2025-05-06,309.4,2.4,6.42,11.91,0.909,12.03
A0753,2025-05-07,309.4,2.6,7.6,14.43,0.909,14.58
A0753,2025-05-08,309.4,2.84,7.86,14.74,0.909,14.9
A0753,2025-05-09,309.4,2.55,8.76,17.26,0.909,17.45
A0753,2025-05-10,309.4,2.9,8.79,16.83,0.909,17.01
A0753,2025-05-11,309.4,2.36,5.96,10.88,0.909,10.99
A0753,2025-05-12,309.4,2.79,7.19,13.22,0.909,13.35
A0754,2025-04-29,6.7,45.79,68.93,92.63,0.556,72.22
A0754,2025-04-30,6.7,57.85,90.16,123.26,0.556,94.76
A0754,2025-05-01,6.7,24.42,37.48,50.85,0.556,39.34
A0754,2025-05-02,6.7,38.19,57.7,77.68,0.556,60.48
A0754,2025-05-03,6.7,38.79,58.62,78.93,0.556,61.44
A0754,2025-05-04,6.7,26.39,41.08,56.13,0.556,43.17
A0754,2025-05-05,6.7,28.56,43.75,59.3,0.556,45.91
A0754,2025-05-06,6.7,31.41,45.54,60.02,0.556,47.55
A0754,2025-05-07,6.7,33.86,49.8,66.12,0.556,52.07
A0754,2025-05-08,6.7,38.61,56.26,74.34,0.556,58.77
A0754,2025-05-09,6.7,43.58,64.04,84.99,0.556,66.95
A0754,2025-05-10,6.7,43.72,64.41,85.6,0.556,67.35
A0754,2025-05-11,6.7,25.8,39.25,53.02,0.556,41.16
A0754,2025-05-12,6.7,36.26,53.99,72.16,0.556,56.52
A0755,2025-04-29,423.7,6.64,12.48,19.2,0.909,19.36
A0755,2025-04-30,423.7,8.72,15.5,23.28,0.909,23.46
A0755,2025-05-01,423.7,5.53,9.51,14.07,0.909,14.18
A0755,2025-05-02,423.7,6.85,13.79,21.76,0.909,21.94
A0755,2025-05-03,423.7,7.21,13.48,20.68,0.909,20.85
A0755,2025-05-04,423.7,4.72,9.48,14.96,0.909,15.08
A0755,2025-05-05,423.7,5.26,9.51,14.39,0.909,14.5
A0755,2025-05-06,423.7,5.91,11.34,17.58,0.909,17.72
A0755,2025-05-07,423.7,6.63,12.97,20.25,0.909,20.41
A0755,2025-05-08,423.7,6.99,13.65,21.31,0.909,21.49
A0755,2025-05-09,423.7,7.22,15.24,24.46,0.909,24.67
A0755,2025-05-10,423.7,7.83,14.86,22.94,0.909,23.12
A0755,2025-05-11,423.7,5.12,9.8,15.18,0.909,15.3
A0755,2025-05-12,423.7,6.48,12.2,18.76,0.909,18.91
A0756,2025-04-29,200.6,6.56,11.34,17.46,0.909,17.6
A0756,2025-04-30,200.6,7.96,14.19,22.16,0.909,22.34
A0756,2025-05-01,200.6,5.46,9.35,14.32,0.909,14.43
A0756,2025-05-02,200.6,10.5,17.92,27.4,0.909,27.61
A0756,2025-05-03,200.6,9.89,18.04,28.46,0.909,28.69
A0756,2025-05-04,200.6,7.05,11.91,18.12,0.909,18.26
A0756,2025-05-05,200.6,7.8,13.5,20.78,0.909,20.94
A0756,2025-05-06,200.6,8.35,14.45,22.25,0.909,22.42
A0756,2025-05-07,200.6,6.54,11.7,18.3,0.909,18.45
A0756,2025-05-08,200.6,7.18,12.2,18.62,0.909,18.77
A0756,2025-05-09,200.6,7.73,13.46,20.77,0.909,20.94
A0756,2025-05-10,200.6,7.42,13.66,21.63,0.909,21.82
A0756,2025-05-11,200.6,5.1,8.36,12.54,0.909,12.63
A0756,2025-05-12,200.6,6.77,11.8,18.24,0.909,18.39
A0757,2025-04-29,6.9,39.83,57.39,79.26,0.556,60.43
A0757,2025-04-30,6.9,47.82,67.94,93.0,0.556,71.42
A0757,2025-05-01,6.9,32.84,47.6,65.98,0.556,50.16
A0757,2025-05-02,6.9,50.01,72.29,100.03,0.556,76.14
A0757,2025-05-03,6.9,49.07,71.24,98.84,0.556,75.07
A0757,2025-05-04,6.9,34.05,49.04,67.72,0.556,51.64
A0757,2025-05-05,6.9,37.22,53.45,73.66,0.556,56.25
A0757,2025-05-06,6.9,40.06,57.7,79.68,0.556,60.76
A0757,2025-05-07,6.9,41.15,58.76,80.7,0.556,61.81
A0757,2025-05-08,6.9,46.15,66.94,92.83,0.556,70.54
A0757,2025-05-09,6.9,51.95,75.12,103.98,0.556,79.13
A0757,2025-05-10,6.9,51.21,74.26,102.96,0.556,78.25
A0757,2025-05-11,6.9,31.57,45.93,63.82,0.556,48.42
A0757,2025-05-12,6.9,45.3,65.32,90.25,0.556,68.78
A0758,2025-04-29,434.9,7.43,13.92,21.9,0.909,22.08
A0758,2025-04-30,434.9,9.38,18.34,29.36,0.909,29.61
A0758,2025-05-01,434.9,6.94,11.83,17.85,0.909,17.98
A0758,2025-05-02,434.9,9.24,17.05,26.66,0.909,26.88
A0758,2025-05-03,434.9,9.59,17.28,26.74,0.909,26.96
A0758,2025-05-04,434.9,6.41,12.36,19.68,0.909,19.84
A0758,2025-05-05,434.9,7.37,12.93,19.77,0.909,19.92
A0758,2025-05-06,434.9,7.83,14.59,22.9,0.909,23.08
A0758,2025-05-07,434.9,7.52,13.44,20.71,0.909,20.88
A0758,2025-05-08,434.9,9.14,15.85,24.11,0.909,24.3
A0758,2025-05-09,434.9,9.01,16.75,26.27,0.909,26.48
A0758,2025-05-10,434.9,9.5,17.23,26.73,0.909,26.94
A0758,2025-05-11,434.9,6.11,11.19,17.45,0.909,17.59
A0758,2025-05-12,434.9,8.66,15.18,23.21,0.909,23.39
A0759,2025-04-29,346.6,9.46,16.72,25.52,0.909,25.72
A0759,2025-04-30,346.6,12.42,22.04,33.69,0.909,33.96
A0759,2025-05-01,346.6,8.5,15.54,24.08,0.909,24.27
A0759,2025-05-02,346.6,10.5,19.45,30.3,0.909,30.54
A0759,2025-05-03,346.6,23.0,36.34,52.51,0.909,52.88
A0759,2025-05-04,346.6,20.67,34.22,50.64,0.909,51.02
A0759,2025-05-05,346.6,18.89,30.7,45.02,0.909,45.35
A0759,2025-05-06,346.6,39.94,62.84,90.61,0.909,91.24
A0759,2025-05-07,346.6,33.64,53.75,78.14,0.909,78.69
A0759,2025-05-08,346.6,38.84,59.98,85.6,0.909,86.18
A0759,2025-05-09,346.6,40.42,62.76,89.85,0.909,90.47
A0759,2025-05-10,346.6,43.63,66.82,94.94,0.909,95.58
A0759,2025-05-11,346.6,38.78,59.71,85.08,0.909,85.66
A0759,2025-05-12,346.6,43.7,67.23,95.77,0.909,96.42
A0760,2025-04-29,5.3,26.79,37.79,52.86,0.556,39.88
A0760,2025-04-30,5.3,35.41,48.47,66.38,0.556,50.96
A0760,2025-05-01,5.3,21.85,29.76,40.59,0.556,31.26
A0760,2025-05-02,5.3,32.19,47.03,67.37,0.556,49.86
A0760,2025-05-03,5.3,34.58,49.68,70.37,0.556,52.55
A0760,2025-05-04,5.3,22.66,32.79,46.67,0.556,34.72
A0760,2025-05-05,5.3,24.42,33.52,45.99,0.556,35.25
A0760,2025-05-06,5.3,26.3,36.91,51.45,0.556,38.93
A0760,2025-05-07,5.3,29.57,41.25,57.25,0.556,43.47
A0760,2025-05-08,5.3,31.41,44.27,61.91,0.556,46.72
A0760,2025-05-09,5.3,35.35,50.52,71.31,0.556,53.41
A0760,2025-05-10,5.3,37.62,52.86,73.75,0.556,55.76
A0760,2025-05-11,5.3,21.9,31.07,43.63,0.556,32.81
A0760,2025-05-12,5.3,30.07,42.13,58.66,0.556,44.43
A0761,2025-04-29,7.4,153.18,221.71,314.5,0.556,234.6
A0761,2025-04-30,7.4,193.89,292.52,426.06,0.556,311.07
A0761,2025-05-01,7.4,127.7,180.92,252.97,0.556,190.92
A0761,2025-05-02,7.4,175.97,250.27,350.87,0.556,264.24
A0761,2025-05-03,7.4,180.69,257.27,360.95,0.556,271.67
A0761,2025-05-04,7.4,175.51,266.56,389.82,0.556,283.68
A0761,2025-05-05,7.4,147.17,200.71,273.19,0.556,210.78
A0761,2025-05-06,7.4,162.62,228.35,317.35,0.556,240.72
A0761,2025-05-07,7.4,161.37,231.9,327.37,0.556,245.16
A0761,2025-05-08,7.4,174.58,250.8,354.0,0.556,265.14
A0761,2025-05-09,7.4,179.97,254.03,354.3,0.556,267.96
A0761,2025-05-10,7.4,183.24,258.58,360.59,0.556,272.75
A0761,2025-05-11,7.4,147.95,217.23,311.02,0.556,230.26
A0761,2025-05-12,7.4,170.45,238.23,329.99,0.556,250.98
A0762,2025-04-29,5.1,19.21,53.39,105.85,0.556,60.67
A0762,2025-04-30,5.1,24.88,65.31,127.64,0.556,73.97
A0762,2025-05-01,5.1,16.99,47.51,94.9,0.556,54.09
A0762,2025-05-02,5.1,25.69,66.52,129.84,0.556,75.31
A0762,2025-05-03,5.1,26.16,67.29,130.44,0.556,76.06
A0762,2025-05-04,5.1,18.08,48.86,97.67,0.556,55.64
A0762,2025-05-05,5.1,20.98,55.49,109.6,0.556,63.0
A0762,2025-05-06,5.1,21.22,56.48,111.75,0.556,64.15
A0762,2025-05-07,5.1,21.97,58.42,115.23,0.556,66.31
A0762,2025-05-08,5.1,24.84,64.26,125.96,0.556,72.83
A0762,2025-05-09,5.1,27.44,69.99,137.14,0.556,79.32
A0762,2025-05-10,5.1,28.04,71.07,138.13,0.556,80.39
A0762,2025-05-11,5.1,17.27,46.85,94.06,0.556,53.41
A0762,2025-05-12,5.1,25.29,64.97,127.33,0.556,73.63
A0763,2025-04-29,427.8,20.14,32.63,46.46,0.909,46.77
A0763,2025-04-30,427.8,25.25,38.9,54.0,0.909,54.35
A0763,2025-05-01,427.8,17.12,26.71,37.32,0.909,37.56
A0763,2025-05-02,427.8,24.41,38.52,54.14,0.909,54.49
A0763,2025-05-03,427.8,23.47,37.95,53.97,0.909,54.33
A0763,2025-05-04,427.8,17.89,27.64,38.42,0.909,38.67
A0763,2025-05-05,427.8,19.63,30.77,43.1,0.909,43.38
A0763,2025-05-06,427.8,19.25,32.19,46.51,0.909,46.83
A0763,2025-05-07,427.8,20.06,31.88,44.97,0.909,45.26
A0763,2025-05-08,427.8,21.97,35.04,49.5,0.909,49.83
A0763,2025-05-09,427.8,24.32,38.53,54.24,0.909,54.6
A0763,2025-05-10,427.8,23.69,38.43,54.74,0.909,55.11
A0763,2025-05-11,427.8,16.34,25.92,36.52,0.909,36.76
A0763,2025-05-12,427.8,22.97,36.13,50.68,0.909,51.01
A0764,2025-04-29,307.8,3.98,18.91,41.92,0.909,42.45
A0764,2025-04-30,307.8,5.86,23.97,51.17,0.909,51.79
A0764,2025-05-01,307.8,3.34,17.48,38.94,0.909,39.43
A0764,2025-05-02,307.8,5.91,24.19,51.87,0.909,52.5
A0764,2025-05-03,307.8,6.41,25.31,53.49,0.909,54.13
A0764,2025-05-04,307.8,3.81,18.06,40.1,0.909,40.6
A0764,2025-05-05,307.8,4.88,20.91,45.39,0.909,45.95
A0764,2025-05-06,307.8,5.15,21.8,47.3,0.909,47.88
A0764,2025-05-07,307.8,5.57,22.9,49.34,0.909,49.94
A0764,2025-05-08,307.8,6.41,24.89,53.09,0.909,53.73
A0764,2025-05-09,307.8,7.32,27.15,57.8,0.909,58.49
A0764,2025-05-10,307.8,7.87,28.28,59.32,0.909,60.02
A0764,2025-05-11,307.8,4.23,18.57,41.0,0.909,41.51
A0764,2025-05-12,307.8,7.17,26.3,55.63,0.909,56.3
A0765,2025-04-29,429.9,86.7,122.88,164.72,0.909,165.68
A0765,2025-04-30,429.9,104.27,151.3,205.7,0.909,206.93
A0765,2025-05-01,429.9,68.6,97.33,130.57,0.909,131.33
A0765,2025-05-02,429.9,106.05,146.27,192.8,0.909,193.86
A0765,2025-05-03,429.9,105.45,147.73,196.65,0.909,197.76
A0765,2025-05-04,429.9,53.35,80.73,112.4,0.909,113.12
A0765,2025-05-05,429.9,61.91,88.91,120.15,0.909,120.86
A0765,2025-05-06,429.9,67.7,98.49,134.1,0.909,134.91
A0765,2025-05-07,429.9,73.95,103.54,137.76,0.909,138.53
A0765,2025-05-08,429.9,84.12,116.13,153.16,0.909,154.0
A0765,2025-05-09,429.9,99.32,135.23,176.77,0.909,177.71
A0765,2025-05-10,429.9,98.8,136.5,180.11,0.909,181.1
A0765,2025-05-11,429.9,57.34,81.96,110.44,0.909,111.09
A0765,2025-05-12,429.9,82.54,113.6,149.53,0.909,150.34
A0766,2025-04-29,7.1,32.62,49.26,69.77,0.556,52.11
A0766,2025-04-30,7.1,41.96,68.19,100.52,0.556,72.68
A0766,2025-05-01,7.1,29.68,47.38,69.19,0.556,50.41
A0766,2025-05-02,7.1,26.03,40.31,57.9,0.556,42.75
A0766,2025-05-03,7.1,25.72,39.77,57.09,0.556,42.18
A0766,2025-05-04,7.1,25.48,41.51,61.26,0.556,44.25
A0766,2025-05-05,7.1,23.99,37.48,54.1,0.556,39.79
A0766,2025-05-06,7.1,24.3,37.4,53.55,0.556,39.64
A0766,2025-05-07,7.1,24.86,38.39,55.06,0.556,40.7
A0766,2025-05-08,7.1,27.85,43.28,62.3,0.556,45.92
A0766,2025-05-09,7.1,29.31,43.88,61.84,0.556,46.38
A0766,2025-05-10,7.1,28.92,43.28,60.99,0.556,45.74
A0766,2025-05-11,7.1,23.24,36.57,52.99,0.556,38.85
A0766,2025-05-12,7.1,27.74,42.02,59.62,0.556,44.47
A0767,2025-04-29,2.5,40.65,63.31,89.63,0.556,66.96
A0767,2025-04-30,2.5,63.26,101.28,145.47,0.556,107.42
A0767,2025-05-01,2.5,38.2,57.22,79.33,0.556,60.29
A0767,2025-05-02,2.5,57.43,88.86,125.38,0.556,93.93
A0767,2025-05-03,2.5,61.07,93.51,131.21,0.556,98.75
A0767,2025-05-04,2.5,40.71,63.66,90.34,0.556,67.37
A0767,2025-05-05,2.5,43.66,66.35,92.72,0.556,70.01
A0767,2025-05-06,2.5,44.54,67.1,93.33,0.556,70.75
A0767,2025-05-07,2.5,38.36,62.79,91.18,0.556,66.73
A0767,2025-05-08,2.5,46.28,74.45,107.2,0.556,79.0
A0767,2025-05-09,2.5,49.24,80.76,117.4,0.556,85.85
A0767,2025-05-10,2.5,55.44,87.94,125.71,0.556,93.18
A0767,2025-05-11,2.5,30.29,48.5,69.66,0.556,51.44
A0767,2025-05-12,2.5,47.88,75.69,108.0,0.556,80.17
A0768,2025-04-29,316.6,60.54,79.06,106.17,0.909,106.78
A0768,2025-04-30,316.6,74.15,96.76,129.85,0.909,130.6
A0768,2025-05-01,316.6,48.4,64.8,88.81,0.909,89.35
A0768,2025-05-02,316.6,71.84,93.18,124.41,0.909,125.12
A0768,2025-05-03,316.6,70.71,93.4,126.61,0.909,127.37
A0768,2025-05-04,316.6,47.9,63.79,87.05,0.909,87.58
A0768,2025-05-05,316.6,52.38,69.61,94.83,0.909,95.4
A0768,2025-05-06,316.6,58.24,76.84,104.06,0.909,104.68
A0768,2025-05-07,316.6,66.7,85.5,113.02,0.909,113.64
A0768,2025-05-08,316.6,70.84,92.82,124.97,0.909,125.7
A0768,2025-05-09,316.6,81.38,104.41,138.11,0.909,138.88
A0768,2025-05-10,316.6,79.04,103.5,139.3,0.909,140.11
A0768,2025-05-11,316.6,47.66,63.35,86.31,0.909,86.83
A0768,2025-05-12,316.6,66.2,86.34,115.82,0.909,116.49
A0769,2025-04-29,4.7,67.43,95.4,132.88,0.556,100.61
A0769,2025-04-30,4.7,88.38,124.03,171.8,0.556,130.66
A0769,2025-05-01,4.7,55.83,77.05,105.48,0.556,81.0
A0769,2025-05-02,4.7,81.59,113.04,155.19,0.556,118.9
A0769,2025-05-03,4.7,84.68,117.87,162.33,0.556,124.04
A0769,2025-05-04,4.7,65.01,92.21,128.66,0.556,97.28
A0769,2025-05-05,4.7,63.79,90.71,126.78,0.556,95.72
A0769,2025-05-06,4.7,69.12,97.48,135.48,0.556,102.76
A0769,2025-05-07,4.7,70.54,98.33,135.56,0.556,103.5
A0769,2025-05-08,4.7,74.46,102.38,139.79,0.556,107.57
A0769,2025-05-09,4.7,80.56,112.19,154.56,0.556,118.07
A0769,2025-05-10,4.7,84.44,117.97,162.89,0.556,124.21
A0769,2025-05-11,4.7,56.72,81.31,114.24,0.556,85.88
A0769,2025-05-12,4.7,74.51,105.53,147.09,0.556,111.3
A0770,2025-04-29,312.3,0.11,17.73,36.77,0.909,37.2
A0770,2025-04-30,312.3,5.8,17.84,30.86,0.909,31.15
A0770,2025-05-01,312.3,1.91,13.71,26.46,0.909,26.75
A0770,2025-05-02,312.3,4.42,16.46,29.48,0.909,29.77
A0770,2025-05-03,312.3,3.52,17.69,33.01,0.909,33.35
A0770,2025-05-04,312.3,3.41,10.51,18.19,0.909,18.36
A0770,2025-05-05,312.3,3.49,12.92,23.11,0.909,23.34
A0770,2025-05-06,312.3,0.0,18.81,40.6,0.909,41.1
A0770,2025-05-07,312.3,3.56,15.76,28.95,0.909,29.25
A0770,2025-05-08,312.3,2.9,18.24,34.82,0.909,35.2
A0770,2025-05-09,312.3,3.92,18.86,35.01,0.909,35.37
A0770,2025-05-10,312.3,2.09,21.07,41.58,0.909,42.05
A0770,2025-05-11,312.3,1.58,12.69,24.7,0.909,24.97
A0770,2025-05-12,312.3,3.75,14.82,26.79,0.909,27.06
A0771,2025-04-29,385.3,12.31,20.59,32.71,0.909,32.98
A0771,2025-04-30,385.3,14.79,24.3,38.24,0.909,38.56
A0771,2025-05-01,385.3,10.86,18.42,29.5,0.909,29.76
A0771,2025-05-02,385.3,14.05,22.68,35.32,0.909,35.61
A0771,2025-05-03,385.3,14.93,24.39,38.24,0.909,38.56
A0771,2025-05-04,385.3,8.95,15.13,24.18,0.909,24.38
A0771,2025-05-05,385.3,10.94,18.12,28.64,0.909,28.88
A0771,2025-05-06,385.3,12.22,20.31,32.17,0.909,32.44
A0771,2025-05-07,385.3,13.69,23.02,36.7,0.909,37.01
A0771,2025-05-08,385.3,15.03,25.49,40.81,0.909,41.16
A0771,2025-05-09,385.3,15.63,25.61,40.22,0.909,40.55
A0771,2025-05-10,385.3,16.74,27.53,43.34,0.909,43.7
A0771,2025-05-11,385.3,9.74,16.47,26.32,0.909,26.55
A0771,2025-05-12,385.3,13.18,21.85,34.55,0.909,34.84
A0772,2025-04-29,4.8,95.87,135.44,190.23,0.556,143.05
A0772,2025-04-30,4.8,122.83,178.01,254.42,0.556,188.63
A0772,2025-05-01,4.8,81.56,113.95,158.79,0.556,120.18
A0772,2025-05-02,4.8,114.49,157.86,217.9,0.556,166.2
A0772,2025-05-03,4.8,117.63,160.75,220.47,0.556,169.05
A0772,2025-05-04,4.8,102.75,143.64,200.26,0.556,151.5
A0772,2025-05-05,4.8,96.41,133.07,183.83,0.556,140.12
A0772,2025-05-06,4.8,99.85,138.84,192.83,0.556,146.34
A0772,2025-05-07,4.8,98.68,137.67,191.65,0.556,145.17
A0772,2025-05-08,4.8,105.55,145.64,201.14,0.556,153.35
A0772,2025-05-09,4.8,112.91,156.3,216.36,0.556,164.64
A0772,2025-05-10,4.8,115.5,158.45,217.92,0.556,166.71
A0772,2025-05-11,4.8,87.73,121.12,167.36,0.556,127.55
A0772,2025-05-12,4.8,107.58,148.56,205.3,0.556,156.44
A0773,2025-04-29,3.6,122.05,157.01,199.55,0.556,162.92
A0773,2025-04-30,3.6,158.22,202.52,256.43,0.556,210.01
A0773,2025-05-01,3.6,102.45,135.85,176.48,0.556,141.49
A0773,2025-05-02,3.6,160.67,208.12,265.86,0.556,216.14
A0773,2025-05-03,3.6,155.47,206.98,269.67,0.556,215.69
A0773,2025-05-04,3.6,106.73,136.99,173.8,0.556,142.1
A0773,2025-05-05,3.6,107.32,148.21,197.97,0.556,155.12
A0773,2025-05-06,3.6,127.53,162.56,205.19,0.556,168.48
A0773,2025-05-07,3.6,129.03,166.91,213.02,0.556,173.32
A0773,2025-05-08,3.6,152.44,192.53,241.31,0.556,199.3
A0773,2025-05-09,3.6,169.57,214.33,268.8,0.556,221.9
A0773,2025-05-10,3.6,405.05,453.81,513.15,0.556,462.05
A0773,2025-05-11,3.6,291.58,317.9,349.94,0.556,322.35
A0773,2025-05-12,3.6,406.07,451.86,507.59,0.556,459.6
A0774,2025-04-29,378.8,3.61,7.69,12.94,0.909,13.06
A0774,2025-04-30,378.8,3.72,8.54,14.74,0.909,14.88
A0774,2025-05-01,378.8,3.36,6.81,11.24,0.909,11.34
A0774,2025-05-02,378.8,4.13,8.68,14.55,0.909,14.68
A0774,2025-05-03,378.8,3.55,8.54,14.95,0.909,15.09
A0774,2025-05-04,378.8,3.91,8.02,13.3,0.909,13.42
A0774,2025-05-05,378.8,3.92,7.88,12.98,0.909,13.09
A0774,2025-05-06,378.8,3.81,8.29,14.05,0.909,14.18
A0774,2025-05-07,378.8,3.79,7.18,11.54,0.909,11.64
A0774,2025-05-08,378.8,4.06,7.9,12.84,0.909,12.95
A0774,2025-05-09,378.8,4.1,8.09,13.22,0.909,13.34
A0774,2025-05-10,378.8,3.62,8.13,13.93,0.909,14.06
A0774,2025-05-11,378.8,3.5,7.0,11.5,0.909,11.61
A0774,2025-05-12,378.8,3.85,7.94,13.21,0.909,13.33
A0775,2025-04-29,35.9,2.6,5.63,9.32,0.909,9.4
A0775,2025-04-30,35.9,3.09,5.97,9.49,0.909,9.57
A0775,2025-05-01,35.9,2.25,4.36,6.92,0.909,6.98
A0775,2025-05-02,35.9,2.72,6.03,10.08,0.909,10.17
A0775,2025-05-03,35.9,2.96,6.59,11.02,0.909,11.12
A0775,2025-05-04,35.9,1.78,4.48,7.77,0.909,7.85
A0775,2025-05-05,35.9,2.32,4.84,7.9,0.909,7.97
A0775,2025-05-06,35.9,2.3,5.36,9.08,0.909,9.17
A0775,2025-05-07,35.9,2.21,5.52,9.55,0.909,9.64
A0775,2025-05-08,35.9,2.19,5.89,10.4,0.909,10.5
A0775,2025-05-09,35.9,2.61,6.34,10.89,0.909,10.99
A0775,2025-05-10,35.9,2.98,7.06,12.04,0.909,12.15
A0775,2025-05-11,35.9,1.87,5.15,9.14,0.909,9.23
A0775,2025-05-12,35.9,2.51,5.96,10.18,0.909,10.27
A0776,2025-04-29,5.7,63.03,92.17,124.16,0.556,96.62
A0776,2025-04-30,5.7,83.04,123.66,168.25,0.556,129.85
A0776,2025-05-01,5.7,50.7,74.19,99.98,0.556,77.77
A0776,2025-05-02,5.7,72.04,104.3,139.72,0.556,109.22
A0776,2025-05-03,5.7,70.97,103.85,139.95,0.556,108.87
A0776,2025-05-04,5.7,58.56,88.71,121.79,0.556,93.3
A0776,2025-05-05,5.7,56.36,82.16,110.49,0.556,86.1
A0776,2025-05-06,5.7,61.95,90.71,122.27,0.556,95.09
A0776,2025-05-07,5.7,63.94,91.65,122.07,0.556,95.88
A0776,2025-05-08,5.7,73.55,103.05,135.43,0.556,107.55
A0776,2025-05-09,5.7,79.82,112.43,148.23,0.556,117.4
A0776,2025-05-10,5.7,78.19,111.27,147.59,0.556,116.32
A0776,2025-05-11,5.7,53.94,78.43,105.3,0.556,82.16
A0776,2025-05-12,5.7,69.63,98.69,130.59,0.556,103.12
A0777,2025-04-29,5.6,33.9,54.49,81.74,0.556,58.28
A0777,2025-04-30,5.6,39.56,61.54,90.62,0.556,65.58
A0777,2025-05-01,5.6,27.81,44.08,65.62,0.556,47.08
A0777,2025-05-02,5.6,43.71,70.73,106.5,0.556,75.7
A0777,2025-05-03,5.6,44.83,71.24,106.19,0.556,76.1
A0777,2025-05-04,5.6,30.5,47.44,69.85,0.556,50.55
A0777,2025-05-05,5.6,33.99,52.36,76.67,0.556,55.74
A0777,2025-05-06,5.6,34.35,53.68,79.25,0.556,57.23
A0777,2025-05-07,5.6,36.44,57.73,85.9,0.556,61.64
A0777,2025-05-08,5.6,39.63,64.34,97.04,0.556,68.88
A0777,2025-05-09,5.6,47.04,76.75,116.06,0.556,82.21
A0777,2025-05-10,5.6,47.03,75.36,112.84,0.556,80.56
A0777,2025-05-11,5.6,28.54,44.94,66.65,0.556,47.96
A0777,2025-05-12,5.6,40.39,63.68,94.52,0.556,67.97
A0778,2025-04-29,13.3,41.2,59.33,78.74,0.909,79.18
A0778,2025-04-30,13.3,49.06,69.8,92.0,0.909,92.5
A0778,2025-05-01,13.3,33.83,49.04,65.32,0.909,65.69
A0778,2025-05-02,13.3,42.49,62.69,84.31,0.909,84.8
A0778,2025-05-03,13.3,44.98,66.17,88.85,0.909,89.37
A0778,2025-05-04,13.3,38.39,56.3,75.47,0.909,75.91
A0778,2025-05-05,13.3,35.88,51.16,67.52,0.909,67.89
A0778,2025-05-06,13.3,39.6,58.05,77.79,0.909,78.24
A0778,2025-05-07,13.3,38.06,55.0,73.13,0.909,73.54
A0778,2025-05-08,13.3,44.84,63.68,83.84,0.909,84.29
A0778,2025-05-09,13.3,45.11,65.24,86.78,0.909,87.27
A0778,2025-05-10,13.3,48.17,69.42,92.16,0.909,92.67
A0778,2025-05-11,13.3,35.86,52.33,69.95,0.909,70.35
A0778,2025-05-12,13.3,43.27,60.37,78.68,0.909,79.09
A0779,2025-04-29,6.9,71.06,99.82,138.23,0.556,105.15
A0779,2025-04-30,6.9,89.2,128.32,180.57,0.556,135.58
A0779,2025-05-01,6.9,58.16,84.85,120.5,0.556,89.8
A0779,2025-05-02,6.9,89.34,126.78,176.77,0.556,133.72
A0779,2025-05-03,6.9,86.76,122.1,169.3,0.556,128.65
A0779,2025-05-04,6.9,64.95,94.15,133.17,0.556,99.57
A0779,2025-05-05,6.9,62.39,89.59,125.93,0.556,94.64
A0779,2025-05-06,6.9,71.89,101.86,141.9,0.556,107.42
A0779,2025-05-07,6.9,70.5,98.94,136.93,0.556,104.21
A0779,2025-05-08,6.9,81.86,117.62,165.38,0.556,124.25
A0779,2025-05-09,6.9,93.73,131.83,182.72,0.556,138.9
A0779,2025-05-10,6.9,92.13,128.5,177.08,0.556,135.24
A0779,2025-05-11,6.9,56.77,82.65,117.23,0.556,87.46
A0779,2025-05-12,6.9,196.85,280.41,392.01,0.556,295.91
A0780,2025-04-29,4.9,16.99,26.82,39.78,0.556,28.62
A0780,2025-04-30,4.9,24.69,36.48,52.03,0.556,38.64
A0780,2025-05-01,4.9,16.16,26.74,40.69,0.556,28.67
A0780,2025-05-02,4.9,20.85,33.63,50.48,0.556,35.97
A0780,2025-05-03,4.9,21.45,33.12,48.51,0.556,35.26
A0780,2025-05-04,4.9,15.56,24.15,35.48,0.556,25.72
A0780,2025-05-05,4.9,17.55,28.11,42.05,0.556,30.05
A0780,2025-05-06,4.9,16.45,26.33,39.36,0.556,28.14
A0780,2025-05-07,4.9,16.23,26.32,39.62,0.556,28.16
A0780,2025-05-08,4.9,18.89,30.49,45.81,0.556,32.62
A0780,2025-05-09,4.9,19.79,32.88,50.16,0.556,35.28
A0780,2025-05-10,4.9,21.08,33.05,48.85,0.556,35.25
A0780,2025-05-11,4.9,13.55,21.72,32.5,0.556,23.22
A0780,2025-05-12,4.9,19.09,30.2,44.86,0.556,32.24
A0781,2025-04-29,435.1,54.98,73.24,97.29,0.909,97.84
A0781,2025-04-30,435.1,65.9,86.96,114.68,0.909,115.31
A0781,2025-05-01,435.1,44.55,60.76,82.11,0.909,82.59
A0781,2025-05-02,435.1,61.98,85.03,115.36,0.909,116.05
A0781,2025-05-03,435.1,64.35,87.58,118.16,0.909,118.86
A0781,2025-05-04,435.1,44.6,59.52,79.15,0.909,79.6
A0781,2025-05-05,435.1,146.54,195.45,259.84,0.909,261.3
A0781,2025-05-06,435.1,152.22,204.76,273.93,0.909,275.5
A0781,2025-05-07,435.1,161.76,216.62,288.85,0.909,290.49
A0781,2025-05-08,435.1,182.58,243.18,322.97,0.909,324.78
A0781,2025-05-09,435.1,199.54,268.07,358.29,0.909,360.34
A0781,2025-05-10,435.1,197.53,266.7,357.75,0.909,359.82
A0781,2025-05-11,435.1,33.8,48.82,68.59,0.909,69.04
A0781,2025-05-12,435.1,48.65,68.35,94.28,0.909,94.87
A0782,2025-04-29,5.3,57.3,84.01,116.45,0.556,88.51
A0782,2025-04-30,5.3,73.21,107.6,149.37,0.556,113.4
A0782,2025-05-01,5.3,48.29,72.55,102.02,0.556,76.64
A0782,2025-05-02,5.3,73.05,108.06,150.58,0.556,113.96
A0782,2025-05-03,5.3,70.93,104.42,145.1,0.556,110.07
A0782,2025-05-04,5.3,54.16,79.18,109.56,0.556,83.4
A0782,2025-05-05,5.3,50.75,74.3,102.9,0.556,78.27
A0782,2025-05-06,5.3,55.58,80.33,110.39,0.556,84.5
A0782,2025-05-07,5.3,61.95,91.2,126.73,0.556,96.13
A0782,2025-05-08,5.3,68.33,99.56,137.5,0.556,104.83
A0782,2025-05-09,5.3,77.02,114.64,160.34,0.556,120.99
A0782,2025-05-10,5.3,73.71,108.75,151.3,0.556,114.66
A0782,2025-05-11,5.3,46.85,68.27,94.29,0.556,71.88
A0782,2025-05-12,5.3,63.05,91.23,125.47,0.556,95.99
A0783,2025-04-29,3.5,43.53,63.69,90.43,0.556,67.4
A0783,2025-04-30,3.5,57.83,82.75,115.79,0.556,87.34
A0783,2025-05-01,3.5,37.22,55.19,79.03,0.556,58.5
A0783,2025-05-02,3.5,54.35,81.13,116.65,0.556,86.06
A0783,2025-05-03,3.5,55.91,81.67,115.83,0.556,86.41
A0783,2025-05-04,3.5,36.65,53.35,75.51,0.556,56.43
A0783,2025-05-05,3.5,40.73,61.07,88.05,0.556,64.82
A0783,2025-05-06,3.5,44.99,65.22,92.05,0.556,68.94
A0783,2025-05-07,3.5,41.35,60.66,86.26,0.556,64.21
A0783,2025-05-08,3.5,49.04,71.02,100.16,0.556,75.06
A0783,2025-05-09,3.5,52.59,79.1,114.26,0.556,83.98
A0783,2025-05-10,3.5,55.15,80.68,114.54,0.556,85.38
A0783,2025-05-11,3.5,30.54,45.16,64.56,0.556,47.86
A0783,2025-05-12,3.5,46.97,69.44,99.26,0.556,73.59
A0784,2025-04-29,4.3,37.95,56.19,76.62,0.556,59.03
A0784,2025-04-30,4.3,48.46,73.66,101.88,0.556,77.58
A0784,2025-05-01,4.3,28.6,41.92,56.84,0.556,43.99
A0784,2025-05-02,4.3,41.14,61.6,84.51,0.556,64.78
A0784,2025-05-03,4.3,42.58,64.86,89.82,0.556,68.33
A0784,2025-05-04,4.3,36.09,54.04,74.15,0.556,56.84
A0784,2025-05-05,4.3,34.03,50.15,68.21,0.556,52.66
A0784,2025-05-06,4.3,38.24,56.27,76.45,0.556,59.07
A0784,2025-05-07,4.3,39.74,58.73,80.0,0.556,61.69
A0784,2025-05-08,4.3,43.67,64.66,88.17,0.556,67.93
A0784,2025-05-09,4.3,45.84,66.9,90.47,0.556,70.17
A0784,2025-05-10,4.3,46.87,69.69,95.24,0.556,73.24
A0784,2025-05-11,4.3,33.34,48.95,66.43,0.556,51.38
A0784,2025-05-12,4.3,42.31,62.79,85.74,0.556,65.98
A0785,2025-04-29,3.0,117.19,164.02,220.31,0.556,171.83
A0785,2025-04-30,3.0,156.16,217.26,290.71,0.556,227.46
A0785,2025-05-01,3.0,96.31,137.35,186.69,0.556,144.2
A0785,2025-05-02,3.0,140.14,201.24,274.69,0.556,211.44
A0785,2025-05-03,3.0,143.29,206.43,282.34,0.556,216.98
A0785,2025-05-04,3.0,104.45,144.15,191.87,0.556,150.78
A0785,2025-05-05,3.0,106.82,150.09,202.1,0.556,157.31
A0785,2025-05-06,3.0,117.86,163.4,218.15,0.556,171.01
A0785,2025-05-07,3.0,118.54,166.73,224.65,0.556,174.77
A0785,2025-05-08,3.0,141.07,195.88,261.78,0.556,205.04
A0785,2025-05-09,3.0,147.32,208.71,282.49,0.556,218.95
A0785,2025-05-10,3.0,150.64,213.4,288.84,0.556,223.88
A0785,2025-05-11,3.0,86.89,119.78,159.3,0.556,125.27
A0785,2025-05-12,3.0,129.74,182.1,245.04,0.556,190.84
A0786,2025-04-29,404.8,13.01,28.65,49.6,0.909,50.08
A0786,2025-04-30,404.8,14.91,36.2,64.73,0.909,65.38
A0786,2025-05-01,404.8,13.48,23.46,36.84,0.909,37.14
A0786,2025-05-02,404.8,16.22,33.81,57.36,0.909,57.9
A0786,2025-05-03,404.8,16.42,33.02,55.25,0.909,55.76
A0786,2025-05-04,404.8,10.58,21.96,37.2,0.909,37.55
A0786,2025-05-05,404.8,13.62,25.55,41.54,0.909,41.9
A0786,2025-05-06,404.8,27.63,46.58,71.98,0.909,72.56
A0786,2025-05-07,404.8,29.63,54.72,88.35,0.909,89.11
A0786,2025-05-08,404.8,31.71,59.85,97.57,0.909,98.43
A0786,2025-05-09,404.8,36.96,68.53,110.84,0.909,111.8
A0786,2025-05-10,404.8,14.2,35.79,64.73,0.909,65.39
A0786,2025-05-11,404.8,9.83,22.22,38.83,0.909,39.21
A0786,2025-05-12,404.8,13.4,31.62,56.03,0.909,56.59
A0787,2025-04-29,35.5,5.82,11.65,20.7,0.909,20.9
A0787,2025-04-30,35.5,7.69,12.7,20.47,0.909,20.65
A0787,2025-05-01,35.5,5.77,9.09,14.25,0.909,14.36
A0787,2025-05-02,35.5,6.41,11.9,20.42,0.909,20.61
A0787,2025-05-03,35.5,6.43,12.53,21.97,0.909,22.18
A0787,2025-05-04,35.5,4.76,9.59,17.07,0.909,17.24
A0787,2025-05-05,35.5,5.36,10.04,17.3,0.909,17.47
A0787,2025-05-06,35.5,5.65,10.82,18.82,0.909,19.01
A0787,2025-05-07,35.5,5.72,12.67,23.44,0.909,23.69
A0787,2025-05-08,35.5,6.58,13.99,25.48,0.909,25.74
A0787,2025-05-09,35.5,6.84,15.01,27.66,0.909,27.95
A0787,2025-05-10,35.5,6.88,15.45,28.74,0.909,29.04
A0787,2025-05-11,35.5,4.74,11.57,22.15,0.909,22.39
A0787,2025-05-12,35.5,5.68,13.09,24.58,0.909,24.84
A0788,2025-04-29,415.1,16.26,26.18,38.47,0.909,38.75
A0788,2025-04-30,415.1,22.04,33.52,47.76,0.909,48.09
A0788,2025-05-01,415.1,14.31,22.41,32.44,0.909,32.67
A0788,2025-05-02,415.1,21.68,34.55,50.51,0.909,50.87
A0788,2025-05-03,415.1,22.12,34.68,50.26,0.909,50.61
A0788,2025-05-04,415.1,16.02,24.06,34.02,0.909,34.25
A0788,2025-05-05,415.1,32.96,50.66,72.61,0.909,73.11
A0788,2025-05-06,415.1,32.57,51.15,74.19,0.909,74.71
A0788,2025-05-07,415.1,34.02,53.7,78.1,0.909,78.65
A0788,2025-05-08,415.1,15.87,26.87,40.52,0.909,40.83
A0788,2025-05-09,415.1,18.39,31.14,46.95,0.909,47.3
A0788,2025-05-10,415.1,19.48,31.94,47.39,0.909,47.74
A0788,2025-05-11,415.1,12.91,20.6,30.14,0.909,30.35
A0788,2025-05-12,415.1,18.34,29.35,43.0,0.909,43.32
A0789,2025-04-29,353.9,103.26,134.25,176.25,0.909,177.2
A0789,2025-04-30,353.9,124.41,167.3,225.43,0.909,226.75
A0789,2025-05-01,353.9,81.69,103.31,132.63,0.909,133.29
A0789,2025-05-02,353.9,120.41,159.41,212.29,0.909,213.5
A0789,2025-05-03,353.9,121.31,161.48,215.95,0.909,217.19
A0789,2025-05-04,353.9,83.9,111.37,148.61,0.909,149.46
A0789,2025-05-05,353.9,93.26,120.13,156.56,0.909,157.38
A0789,2025-05-06,353.9,101.72,131.83,172.64,0.909,173.57
A0789,2025-05-07,353.9,105.76,140.99,188.76,0.909,189.85
A0789,2025-05-08,353.9,120.91,157.83,207.88,0.909,209.01
A0789,2025-05-09,353.9,132.89,176.31,235.18,0.909,236.52
A0789,2025-05-10,353.9,133.65,177.82,237.7,0.909,239.07
A0789,2025-05-11,353.9,81.88,108.04,143.52,0.909,144.32
A0789,2025-05-12,353.9,113.49,149.42,198.12,0.909,199.23
A0790,2025-04-29,5.7,106.8,150.15,205.41,0.556,157.82
A0790,2025-04-30,5.7,135.3,182.15,241.87,0.556,190.44
A0790,2025-05-01,5.7,84.61,118.81,162.4,0.556,124.87
A0790,2025-05-02,5.7,111.91,157.38,215.36,0.556,165.44
A0790,2025-05-03,5.7,114.61,162.3,223.11,0.556,170.75
A0790,2025-05-04,5.7,106.65,150.39,206.15,0.556,158.13
A0790,2025-05-05,5.7,90.11,128.67,177.83,0.556,135.5
A0790,2025-05-06,5.7,105.11,147.87,202.38,0.556,155.44
A0790,2025-05-07,5.7,101.35,143.25,196.68,0.556,150.67
A0790,2025-05-08,5.7,115.51,161.12,219.27,0.556,169.2
A0790,2025-05-09,5.7,195.66,276.71,380.03,0.556,291.06
A0790,2025-05-10,5.7,198.73,283.3,391.11,0.556,298.28
A0790,2025-05-11,5.7,162.3,233.97,325.35,0.556,246.66
A0790,2025-05-12,5.7,182.65,262.2,363.62,0.556,276.29
A0791,2025-04-29,301.0,7.36,13.56,21.59,0.909,21.78
A0791,2025-04-30,301.0,9.62,18.18,29.28,0.909,29.53
A0791,2025-05-01,301.0,7.57,14.76,24.08,0.909,24.3
A0791,2025-05-02,301.0,9.66,17.79,28.33,0.909,28.57
A0791,2025-05-03,301.0,10.67,18.84,29.45,0.909,29.69
A0791,2025-05-04,301.0,6.59,12.11,19.28,0.909,19.45
A0791,2025-05-05,301.0,8.4,15.22,24.07,0.909,24.27
A0791,2025-05-06,301.0,7.41,13.74,21.95,0.909,22.13
A0791,2025-05-07,301.0,7.61,14.49,23.4,0.909,23.6
A0791,2025-05-08,301.0,8.41,16.17,26.23,0.909,26.45
A0791,2025-05-09,301.0,9.01,17.07,27.54,0.909,27.78
A0791,2025-05-10,301.0,10.19,18.37,28.98,0.909,29.22
A0791,2025-05-11,301.0,6.14,11.21,17.78,0.909,17.93
A0791,2025-05-12,301.0,9.0,16.08,25.26,0.909,25.47
A0792,2025-04-29,5.3,73.99,105.29,141.68,0.556,110.34
A0792,2025-04-30,5.3,91.08,130.91,177.21,0.556,137.34
A0792,2025-05-01,5.3,66.14,98.91,137.01,0.556,104.2
A0792,2025-05-02,5.3,95.71,138.69,188.67,0.556,145.63
A0792,2025-05-03,5.3,97.45,138.23,185.64,0.556,144.82
A0792,2025-05-04,5.3,64.26,91.83,123.87,0.556,96.28
A0792,2025-05-05,5.3,73.11,105.95,144.13,0.556,111.25
A0792,2025-05-06,5.3,74.59,106.05,142.64,0.556,111.14
A0792,2025-05-07,5.3,74.88,107.53,145.48,0.556,112.8
A0792,2025-05-08,5.3,84.56,122.83,167.34,0.556,129.02
A0792,2025-05-09,5.3,98.38,141.85,192.39,0.556,148.87
A0792,2025-05-10,5.3,99.78,141.08,189.1,0.556,147.75
A0792,2025-05-11,5.3,69.85,98.84,132.54,0.556,103.52
A0792,2025-05-12,5.3,97.62,138.17,185.31,0.556,144.71
A0793,2025-04-29,436.2,5.02,9.92,15.58,0.909,15.71
A0793,2025-04-30,436.2,5.48,13.75,23.3,0.909,23.52
A0793,2025-05-01,436.2,12.53,23.97,37.2,0.909,37.5
A0793,2025-05-02,436.2,18.45,33.62,51.15,0.909,51.55
A0793,2025-05-03,436.2,17.38,32.47,49.9,0.909,50.3
A0793,2025-05-04,436.2,15.22,30.96,49.13,0.909,49.55
A0793,2025-05-05,436.2,15.87,27.73,41.43,0.909,41.74
A0793,2025-05-06,436.2,15.65,26.6,39.24,0.909,39.53
A0793,2025-05-07,436.2,3.86,8.81,14.53,0.909,14.66
A0793,2025-05-08,436.2,3.67,9.53,16.3,0.909,16.46
A0793,2025-05-09,436.2,4.05,10.03,16.94,0.909,17.09
A0793,2025-05-10,436.2,4.55,10.57,17.53,0.909,17.69
A0793,2025-05-11,436.2,4.52,9.29,14.8,0.909,14.92
A0793,2025-05-12,436.2,4.97,10.73,17.39,0.909,17.54
A0794,2025-04-29,7.8,26.75,39.85,56.26,0.556,42.13
A0794,2025-04-30,7.8,31.88,52.06,77.33,0.556,55.57
A0794,2025-05-01,7.8,23.56,35.17,49.7,0.556,37.19
A0794,2025-05-02,7.8,50.05,72.86,101.42,0.556,76.82
A0794,2025-05-03,7.8,48.46,71.34,99.98,0.556,75.32
A0794,2025-05-04,7.8,44.97,70.9,103.38,0.556,75.42
A0794,2025-05-05,7.8,40.97,60.41,84.74,0.556,63.79
A0794,2025-05-06,7.8,44.22,62.28,84.9,0.556,65.42
A0794,2025-05-07,7.8,25.8,38.38,54.14,0.556,40.57
A0794,2025-05-08,7.8,29.2,44.07,62.69,0.556,46.65
A0794,2025-05-09,7.8,31.08,47.15,67.28,0.556,49.95
A0794,2025-05-10,7.8,31.59,47.5,67.42,0.556,50.27
A0794,2025-05-11,7.8,24.06,37.12,53.47,0.556,39.39
A0794,2025-05-12,7.8,30.09,45.8,65.48,0.556,48.54
A0795,2025-04-29,332.7,62.73,87.47,119.26,0.909,119.98
A0795,2025-04-30,332.7,72.85,106.3,149.28,0.909,150.26
A0795,2025-05-01,332.7,25.31,36.47,50.82,0.909,51.15
A0795,2025-05-02,332.7,41.64,60.12,83.86,0.909,84.4
A0795,2025-05-03,332.7,43.61,62.52,86.82,0.909,87.37
A0795,2025-05-04,332.7,28.47,41.88,59.11,0.909,59.5
A0795,2025-05-05,332.7,34.38,47.71,64.84,0.909,65.23
A0795,2025-05-06,332.7,62.8,87.39,118.99,0.909,119.71
A0795,2025-05-07,332.7,67.04,91.73,123.46,0.909,124.18
A0795,2025-05-08,332.7,73.3,100.39,135.2,0.909,135.99
A0795,2025-05-09,332.7,82.5,113.93,154.31,0.909,155.23
A0795,2025-05-10,332.7,83.22,115.24,156.38,0.909,157.32
A0795,2025-05-11,332.7,50.71,69.79,94.3,0.909,94.85
A0795,2025-05-12,332.7,72.83,99.56,133.9,0.909,134.68
A0796,2025-04-29,319.2,12.94,23.44,35.5,0.909,35.77
A0796,2025-04-30,319.2,17.34,31.92,48.68,0.909,49.06
A0796,2025-05-01,319.2,10.12,19.01,29.21,0.909,29.44
A0796,2025-05-02,319.2,16.08,28.9,43.64,0.909,43.98
A0796,2025-05-03,319.2,11.27,20.9,31.96,0.909,32.21
A0796,2025-05-04,319.2,7.37,14.83,23.4,0.909,23.59
A0796,2025-05-05,319.2,8.56,15.64,23.78,0.909,23.96
A0796,2025-05-06,319.2,8.94,16.9,26.05,0.909,26.26
A0796,2025-05-07,319.2,8.34,16.44,25.75,0.909,25.96
A0796,2025-05-08,319.2,9.48,19.46,30.92,0.909,31.18
A0796,2025-05-09,319.2,10.04,19.69,30.78,0.909,31.04
A0796,2025-05-10,319.2,11.51,21.13,32.19,0.909,32.44
A0796,2025-05-11,319.2,6.89,13.3,20.68,0.909,20.85
A0796,2025-05-12,319.2,10.07,18.75,28.73,0.909,28.96
A0797,2025-04-29,14.3,28.93,45.66,66.25,0.909,66.72
A0797,2025-04-30,14.3,37.36,59.06,85.76,0.909,86.37
A0797,2025-05-01,14.3,24.82,38.21,54.67,0.909,55.05
A0797,2025-05-02,14.3,35.79,54.9,78.41,0.909,78.95
A0797,2025-05-03,14.3,38.73,57.73,81.1,0.909,81.63
A0797,2025-05-04,14.3,31.72,49.0,70.25,0.909,70.73
A0797,2025-05-05,14.3,29.03,43.59,61.49,0.909,61.9
A0797,2025-05-06,14.3,29.46,45.87,66.05,0.909,66.51
A0797,2025-05-07,14.3,28.76,46.01,67.23,0.909,67.71
A0797,2025-05-08,14.3,30.02,47.97,70.06,0.909,70.56
A0797,2025-05-09,14.3,33.71,52.85,76.4,0.909,76.93
A0797,2025-05-10,14.3,37.01,55.9,79.14,0.909,79.67
A0797,2025-05-11,14.3,26.08,40.5,58.24,0.909,58.64
A0797,2025-05-12,14.3,33.19,50.99,72.89,0.909,73.38
A0798,2025-04-29,6.4,34.75,53.03,81.67,0.556,57.01
A0798,2025-04-30,6.4,41.43,60.97,91.58,0.556,65.22
A0798,2025-05-01,6.4,28.35,39.9,57.99,0.556,42.41
A0798,2025-05-02,6.4,46.49,66.62,98.13,0.556,71.0
A0798,2025-05-03,6.4,46.07,65.79,96.67,0.556,70.08
A0798,2025-05-04,6.4,31.53,46.28,69.39,0.556,49.49
A0798,2025-05-05,6.4,35.45,50.19,73.27,0.556,53.39
A0798,2025-05-06,6.4,35.69,54.17,83.1,0.556,58.19
A0798,2025-05-07,6.4,38.43,54.97,80.86,0.556,58.56
A0798,2025-05-08,6.4,41.28,60.34,90.2,0.556,64.49
A0798,2025-05-09,6.4,48.55,69.78,103.02,0.556,74.39
A0798,2025-05-10,6.4,67.64,95.57,139.31,0.556,101.65
A0798,2025-05-11,6.4,40.86,60.25,90.62,0.556,64.47
A0798,2025-05-12,6.4,57.29,82.99,123.24,0.556,88.58
A0799,2025-04-29,6.0,20.04,28.79,38.55,0.556,30.15
A0799,2025-04-30,6.0,26.04,34.99,44.97,0.556,36.37
A0799,2025-05-01,6.0,18.27,27.03,36.8,0.556,28.39
A0799,2025-05-02,6.0,26.27,36.3,47.49,0.556,37.86
A0799,2025-05-03,6.0,25.12,36.92,50.07,0.556,38.74
A0799,2025-05-04,6.0,16.17,24.38,33.53,0.556,25.65
A0799,2025-05-05,6.0,18.55,27.24,36.93,0.556,28.59
A0799,2025-05-06,6.0,19.94,27.92,36.81,0.556,29.15
A0799,2025-05-07,6.0,20.83,29.11,38.34,0.556,30.39
A0799,2025-05-08,6.0,23.61,32.48,42.36,0.556,33.85
A0799,2025-05-09,6.0,27.32,37.96,49.82,0.556,39.6
A0799,2025-05-10,6.0,26.21,38.35,51.88,0.556,40.23
A0799,2025-05-11,6.0,15.13,22.3,30.31,0.556,23.42
A0799,2025-05-12,6.0,22.14,31.01,40.9,0.556,32.38
A0800,2025-04-29,4.9,78.45,114.85,160.55,0.556,121.2
A0800,2025-04-30,4.9,95.63,137.87,190.9,0.556,145.23
A0800,2025-05-01,4.9,66.77,97.88,136.94,0.556,103.31
A0800,2025-05-02,4.9,103.24,153.07,215.64,0.556,161.76
A0800,2025-05-03,4.9,99.16,146.29,205.46,0.556,154.51
A0800,2025-05-04,4.9,78.9,113.16,156.17,0.556,119.13
A0800,2025-05-05,4.9,74.99,108.9,151.48,0.556,114.82
A0800,2025-05-06,4.9,80.38,116.45,161.73,0.556,122.74
A0800,2025-05-07,4.9,81.7,117.65,162.8,0.556,123.92
A0800,2025-05-08,4.9,93.46,135.94,189.27,0.556,143.34
A0800,2025-05-09,4.9,107.04,158.4,222.89,0.556,167.36
A0800,2025-05-10,4.9,101.77,150.13,210.84,0.556,158.56
A0800,2025-05-11,4.9,67.13,98.22,137.24,0.556,103.64
A0800,2025-05-12,4.9,91.39,133.21,185.73,0.556,140.5
A0801,2025-04-29,35.7,8.32,16.3,27.86,0.909,28.13
A0801,2025-04-30,35.7,9.17,17.86,30.44,0.909,30.73
A0801,2025-05-01,35.7,7.98,13.62,21.81,0.909,21.99
A0801,2025-05-02,35.7,10.02,17.64,28.69,0.909,28.94
A0801,2025-05-03,35.7,9.6,16.6,26.74,0.909,26.97
A0801,2025-05-04,35.7,6.81,13.27,22.65,0.909,22.86
A0801,2025-05-05,35.7,8.21,14.31,23.16,0.909,23.36
A0801,2025-05-06,35.7,8.69,15.76,26.02,0.909,26.25
A0801,2025-05-07,35.7,9.92,19.79,34.09,0.909,34.41
A0801,2025-05-08,35.7,10.65,21.91,38.25,0.909,38.62
A0801,2025-05-09,35.7,11.75,23.65,40.9,0.909,41.29
A0801,2025-05-10,35.7,11.31,21.61,36.55,0.909,36.89
A0801,2025-05-11,35.7,7.88,16.42,28.79,0.909,29.07
A0801,2025-05-12,35.7,9.93,19.09,32.37,0.909,32.67
A0802,2025-04-29,400.1,7.67,15.62,25.12,0.909,25.33
A0802,2025-04-30,400.1,8.45,14.9,22.61,0.909,22.78
A0802,2025-05-01,400.1,6.24,11.95,18.76,0.909,18.91
A0802,2025-05-02,400.1,8.23,15.6,24.4,0.909,24.6
A0802,2025-05-03,400.1,8.76,16.4,25.51,0.909,25.72
A0802,2025-05-04,400.1,5.43,9.99,15.42,0.909,15.55
A0802,2025-05-05,400.1,6.56,12.58,19.77,0.909,19.94
A0802,2025-05-06,400.1,7.11,14.4,23.1,0.909,23.3
A0802,2025-05-07,400.1,8.56,17.08,27.24,0.909,27.47
A0802,2025-05-08,400.1,9.1,18.4,29.5,0.909,29.75
A0802,2025-05-09,400.1,10.07,19.78,31.38,0.909,31.65
A0802,2025-05-10,400.1,10.54,20.23,31.79,0.909,32.05
A0802,2025-05-11,400.1,6.51,12.4,19.42,0.909,19.58
A0802,2025-05-12,400.1,8.56,16.49,25.96,0.909,26.17
A0803,2025-04-29,204.6,17.01,26.69,37.95,0.909,38.21
A0803,2025-04-30,204.6,22.94,36.55,52.4,0.909,52.76
A0803,2025-05-01,204.6,15.2,24.77,35.91,0.909,36.16
A0803,2025-05-02,204.6,21.26,33.46,47.66,0.909,47.98
A0803,2025-05-03,204.6,22.88,34.84,48.78,0.909,49.1
A0803,2025-05-04,204.6,14.17,22.62,32.45,0.909,32.67
A0803,2025-05-05,204.6,16.94,27.38,39.54,0.909,39.81
A0803,2025-05-06,204.6,16.79,26.13,37.01,0.909,37.26
A0803,2025-05-07,204.6,17.68,28.09,40.21,0.909,40.48
A0803,2025-05-08,204.6,19.25,30.72,44.08,0.909,44.39
A0803,2025-05-09,204.6,21.06,33.57,48.14,0.909,48.47
A0803,2025-05-10,204.6,22.91,35.04,49.16,0.909,49.48
A0803,2025-05-11,204.6,12.62,19.73,27.99,0.909,28.18
A0803,2025-05-12,204.6,19.28,30.82,44.26,0.909,44.57
A0804,2025-04-29,5.1,41.25,61.63,88.08,0.556,65.31
A0804,2025-04-30,5.1,49.27,73.93,105.92,0.556,78.37
A0804,2025-05-01,5.1,37.29,54.72,77.33,0.556,57.86
A0804,2025-05-02,5.1,53.65,78.87,111.6,0.556,83.42
A0804,2025-05-03,5.1,53.6,78.35,110.47,0.556,82.81
A0804,2025-05-04,5.1,36.38,53.02,74.6,0.556,56.01
A0804,2025-05-05,5.1,42.63,63.16,89.78,0.556,66.85
A0804,2025-05-06,5.1,43.87,64.7,91.71,0.556,68.45
A0804,2025-05-07,5.1,44.4,65.16,92.1,0.556,68.9
A0804,2025-05-08,5.1,51.19,74.24,104.14,0.556,78.39
A0804,2025-05-09,5.1,56.23,82.43,116.43,0.556,87.15
A0804,2025-05-10,5.1,56.43,82.29,115.85,0.556,86.95
A0804,2025-05-11,5.1,34.1,50.41,71.57,0.556,53.35
A0804,2025-05-12,5.1,49.77,73.53,104.37,0.556,77.82
A0805,2025-04-29,435.0,7.75,15.35,24.96,0.909,25.18
A0805,2025-04-30,435.0,9.62,19.59,32.18,0.909,32.47
A0805,2025-05-01,435.0,6.07,11.96,19.4,0.909,19.57
A0805,2025-05-02,435.0,8.22,15.53,24.77,0.909,24.98
A0805,2025-05-03,435.0,8.41,16.49,26.69,0.909,26.92
A0805,2025-05-04,435.0,5.34,11.22,18.66,0.909,18.83
A0805,2025-05-05,435.0,6.0,11.37,18.16,0.909,18.32
A0805,2025-05-06,435.0,7.16,14.32,23.38,0.909,23.58
A0805,2025-05-07,435.0,8.2,16.54,27.09,0.909,27.33
A0805,2025-05-08,435.0,9.1,18.58,30.55,0.909,30.82
A0805,2025-05-09,435.0,10.12,19.66,31.72,0.909,32.0
A0805,2025-05-10,435.0,10.31,20.54,33.46,0.909,33.76
A0805,2025-05-11,435.0,6.06,12.29,20.16,0.909,20.34
A0805,2025-05-12,435.0,7.66,14.79,23.81,0.909,24.01
A0806,2025-04-29,316.3,1.36,6.12,12.59,0.909,12.74
A0806,2025-04-30,316.3,1.62,6.83,13.91,0.909,14.07
A0806,2025-05-01,316.3,1.78,5.42,10.38,0.909,10.49
A0806,2025-05-02,316.3,1.95,6.73,13.23,0.909,13.38
A0806,2025-05-03,316.3,1.74,6.34,12.59,0.909,12.73
A0806,2025-05-04,316.3,1.43,4.32,8.25,0.909,8.34
A0806,2025-05-05,316.3,1.94,5.47,10.26,0.909,10.37
A0806,2025-05-06,316.3,1.61,5.87,11.66,0.909,11.8
A0806,2025-05-07,316.3,0.87,6.89,15.06,0.909,15.25
A0806,2025-05-08,316.3,1.14,7.14,15.3,0.909,15.48
A0806,2025-05-09,316.3,1.16,7.95,17.19,0.909,17.4
A0806,2025-05-10,316.3,1.18,7.4,15.86,0.909,16.05
A0806,2025-05-11,316.3,1.19,4.81,9.72,0.909,9.84
A0806,2025-05-12,316.3,1.46,6.27,12.79,0.909,12.94
A0807,2025-04-29,6.1,23.81,36.41,52.73,0.556,38.67
A0807,2025-04-30,6.1,29.09,42.81,60.6,0.556,45.28
A0807,2025-05-01,6.1,22.35,35.0,51.4,0.556,37.28
A0807,2025-05-02,6.1,32.11,48.41,69.54,0.556,51.35
A0807,2025-05-03,6.1,30.43,46.2,66.64,0.556,49.04
A0807,2025-05-04,6.1,21.33,32.37,46.68,0.556,34.36
A0807,2025-05-05,6.1,24.61,37.85,55.02,0.556,40.24
A0807,2025-05-06,6.1,24.49,37.02,53.26,0.556,39.27
A0807,2025-05-07,6.1,26.15,39.91,57.75,0.556,42.39
A0807,2025-05-08,6.1,28.5,43.09,61.99,0.556,45.71
A0807,2025-05-09,6.1,33.48,50.78,73.22,0.556,53.9
A0807,2025-05-10,6.1,31.62,48.3,69.91,0.556,51.3
A0807,2025-05-11,6.1,20.33,31.89,46.88,0.556,33.97
A0807,2025-05-12,6.1,27.94,42.31,60.93,0.556,44.89
A0808,2025-04-29,294.6,22.51,33.49,46.29,0.909,46.58
A0808,2025-04-30,294.6,29.33,42.54,57.94,0.909,58.29
A0808,2025-05-01,294.6,19.01,28.85,40.32,0.909,40.58
A0808,2025-05-02,294.6,26.93,39.45,54.05,0.909,54.38
A0808,2025-05-03,294.6,27.83,40.24,54.71,0.909,55.04
A0808,2025-05-04,294.6,19.52,29.48,41.1,0.909,41.36
A0808,2025-05-05,294.6,20.91,31.2,43.21,0.909,43.48
A0808,2025-05-06,294.6,23.3,34.63,47.85,0.909,48.15
A0808,2025-05-07,294.6,22.2,32.34,44.16,0.909,44.43
A0808,2025-05-08,294.6,24.55,36.63,50.71,0.909,51.03
A0808,2025-05-09,294.6,27.17,39.59,54.06,0.909,54.39
A0808,2025-05-10,294.6,28.4,40.84,55.35,0.909,55.68
A0808,2025-05-11,294.6,17.08,26.08,36.58,0.909,36.82
A0808,2025-05-12,294.6,23.63,35.08,48.43,0.909,48.74
A0809,2025-04-29,312.2,6.75,11.65,19.3,0.909,19.47
A0809,2025-04-30,312.2,7.71,10.94,15.97,0.909,16.08
A0809,2025-05-01,312.2,19.27,30.75,48.67,0.909,49.08
A0809,2025-05-02,312.2,29.27,43.76,66.37,0.909,66.89
A0809,2025-05-03,312.2,27.04,43.3,68.68,0.909,69.26
A0809,2025-05-04,312.2,4.17,7.06,11.57,0.909,11.67
A0809,2025-05-05,312.2,5.35,9.38,15.68,0.909,15.82
A0809,2025-05-06,312.2,5.97,10.8,18.34,0.909,18.51
A0809,2025-05-07,312.2,6.76,11.39,18.63,0.909,18.79
A0809,2025-05-08,312.2,7.93,14.04,23.58,0.909,23.8
A0809,2025-05-09,312.2,8.81,14.52,23.45,0.909,23.65
A0809,2025-05-10,312.2,8.56,14.88,24.75,0.909,24.97
A0809,2025-05-11,312.2,13.41,21.41,33.9,0.909,34.18
A0809,2025-05-12,312.2,18.99,29.4,45.66,0.909,46.03
A0810,2025-04-29,5.9,90.27,123.31,167.4,0.556,129.43
A0810,2025-04-30,5.9,99.94,143.45,201.5,0.556,151.51
A0810,2025-05-01,5.9,75.27,99.68,132.26,0.556,104.21
A0810,2025-05-02,5.9,96.65,130.1,174.73,0.556,136.3
A0810,2025-05-03,5.9,92.58,126.87,172.63,0.556,133.23
A0810,2025-05-04,5.9,30.12,43.9,62.28,0.556,46.46
A0810,2025-05-05,5.9,33.43,45.98,62.71,0.556,48.3
A0810,2025-05-06,5.9,36.81,51.95,72.16,0.556,54.76
A0810,2025-05-07,5.9,39.46,53.83,72.99,0.556,56.49
A0810,2025-05-08,5.9,44.82,60.32,81.0,0.556,63.19
A0810,2025-05-09,5.9,51.73,67.5,88.55,0.556,70.42
A0810,2025-05-10,5.9,51.31,67.43,88.94,0.556,70.42
A0810,2025-05-11,5.9,36.54,47.97,63.24,0.556,50.09
A0810,2025-05-12,5.9,47.58,62.74,82.97,0.556,65.55
A0811,2025-04-29,325.9,6.89,14.05,22.02,0.909,22.2
A0811,2025-04-30,325.9,8.16,15.32,23.3,0.909,23.48
A0811,2025-05-01,325.9,6.06,10.19,14.78,0.909,14.89
A0811,2025-05-02,325.9,7.81,16.43,26.03,0.909,26.24
A0811,2025-05-03,325.9,8.22,16.55,25.84,0.909,26.05
A0811,2025-05-04,325.9,5.21,10.74,16.9,0.909,17.04
A0811,2025-05-05,325.9,6.05,11.27,17.07,0.909,17.21
A0811,2025-05-06,325.9,6.86,13.44,20.76,0.909,20.93
A0811,2025-05-07,325.9,6.96,14.44,22.78,0.909,22.97
A0811,2025-05-08,325.9,7.94,15.78,24.51,0.909,24.71
A0811,2025-05-09,325.9,8.16,18.21,29.42,0.909,29.67
A0811,2025-05-10,325.9,8.61,18.03,28.52,0.909,28.76
A0811,2025-05-11,325.9,5.39,11.09,17.44,0.909,17.58
A0811,2025-05-12,325.9,7.12,14.47,22.66,0.909,22.85
A0812,2025-04-29,2.5,36.64,61.77,87.03,0.556,65.28
A0812,2025-04-30,2.5,47.06,78.69,110.49,0.556,83.1
A0812,2025-05-01,2.5,31.56,53.98,76.53,0.556,57.11
A0812,2025-05-02,2.5,17.12,31.98,46.92,0.556,34.05
A0812,2025-05-03,2.5,17.94,32.86,47.86,0.556,34.94
A0812,2025-05-04,2.5,12.23,21.02,29.84,0.556,22.24
A0812,2025-05-05,2.5,14.35,25.41,36.53,0.556,26.95
A0812,2025-05-06,2.5,14.98,26.43,37.95,0.556,28.03
A0812,2025-05-07,2.5,15.17,26.21,37.32,0.556,27.75
A0812,2025-05-08,2.5,17.27,29.57,41.93,0.556,31.28
A0812,2025-05-09,2.5,20.26,34.82,49.47,0.556,36.86
A0812,2025-05-10,2.5,21.12,35.75,50.46,0.556,37.79
A0812,2025-05-11,2.5,11.92,19.42,26.97,0.556,20.47
A0812,2025-05-12,2.5,39.49,63.38,87.41,0.556,66.72
A0813,2025-04-29,198.3,13.28,21.83,33.87,0.909,34.14
A0813,2025-04-30,198.3,17.3,25.91,38.02,0.909,38.3
A0813,2025-05-01,198.3,11.09,17.97,27.64,0.909,27.86
A0813,2025-05-02,198.3,16.36,26.4,40.51,0.909,40.83
A0813,2025-05-03,198.3,16.52,27.05,41.86,0.909,42.19
A0813,2025-05-04,198.3,10.83,17.14,26.01,0.909,26.21
A0813,2025-05-05,198.3,13.08,20.77,31.57,0.909,31.82
A0813,2025-05-06,198.3,12.82,20.99,32.47,0.909,32.73
A0813,2025-05-07,198.3,14.17,22.34,33.84,0.909,34.1
A0813,2025-05-08,198.3,15.2,24.12,36.68,0.909,36.96
A0813,2025-05-09,198.3,17.39,27.61,41.98,0.909,42.31
A0813,2025-05-10,198.3,17.53,28.09,42.92,0.909,43.26
A0813,2025-05-11,198.3,10.0,15.79,23.94,0.909,24.12
A0813,2025-05-12,198.3,15.14,24.01,36.47,0.909,36.75
A0814,2025-04-29,318.7,10.18,16.73,26.46,0.909,26.68
A0814,2025-04-30,318.7,14.64,22.42,33.98,0.909,34.24
A0814,2025-05-01,318.7,8.14,12.86,19.88,0.909,20.04
A0814,2025-05-02,318.7,10.4,18.77,31.21,0.909,31.49
A0814,2025-05-03,318.7,11.43,19.27,30.92,0.909,31.19
A0814,2025-05-04,318.7,7.32,12.5,20.21,0.909,20.38
A0814,2025-05-05,318.7,7.77,12.94,20.62,0.909,20.79
A0814,2025-05-06,318.7,9.3,15.39,24.44,0.909,24.64
A0814,2025-05-07,318.7,10.4,17.93,29.11,0.909,29.36
A0814,2025-05-08,318.7,12.57,20.85,33.16,0.909,33.44
A0814,2025-05-09,318.7,12.35,22.31,37.1,0.909,37.44
A0814,2025-05-10,318.7,13.46,22.5,35.94,0.909,36.25
A0814,2025-05-11,318.7,8.05,13.34,21.2,0.909,21.38
A0814,2025-05-12,318.7,10.11,17.18,27.68,0.909,27.92
A0815,2025-04-29,208.0,5.82,11.39,18.61,0.909,18.78
A0815,2025-04-30,208.0,7.21,13.68,22.08,0.909,22.27
A0815,2025-05-01,208.0,4.84,9.3,15.08,0.909,15.21
A0815,2025-05-02,208.0,7.73,14.6,23.51,0.909,23.72
A0815,2025-05-03,208.0,7.87,14.79,23.77,0.909,23.98
A0815,2025-05-04,208.0,4.76,9.08,14.69,0.909,14.82
A0815,2025-05-05,208.0,16.49,27.95,42.82,0.909,43.16
A0815,2025-05-06,208.0,17.34,29.94,46.29,0.909,46.66
A0815,2025-05-07,208.0,18.56,30.88,46.86,0.909,47.22
A0815,2025-05-08,208.0,20.79,34.17,51.53,0.909,51.92
A0815,2025-05-09,208.0,24.32,40.42,61.3,0.909,61.77
A0815,2025-05-10,208.0,23.91,40.04,60.95,0.909,61.43
A0815,2025-05-11,208.0,14.71,23.64,35.22,0.909,35.48
A0815,2025-05-12,208.0,4.97,10.71,18.15,0.909,18.32
A0816,2025-04-29,10.3,18.53,27.68,39.27,0.909,39.53
A0816,2025-04-30,10.3,26.23,37.94,52.77,0.909,53.11
A0816,2025-05-01,10.3,14.85,22.67,32.56,0.909,32.79
A0816,2025-05-02,10.3,19.67,29.65,42.27,0.909,42.56
A0816,2025-05-03,10.3,21.53,32.91,47.31,0.909,47.64
A0816,2025-05-04,10.3,18.12,27.15,38.58,0.909,38.84
A0816,2025-05-05,10.3,16.56,25.3,36.35,0.909,36.6
A0816,2025-05-06,10.3,16.88,25.92,37.36,0.909,37.61
A0816,2025-05-07,10.3,17.34,27.13,39.52,0.909,39.8
A0816,2025-05-08,10.3,18.16,28.3,41.13,0.909,41.42
A0816,2025-05-09,10.3,18.94,28.93,41.58,0.909,41.87
A0816,2025-05-10,10.3,21.46,32.82,47.19,0.909,47.52
A0816,2025-05-11,10.3,15.34,23.39,33.57,0.909,33.8
A0816,2025-05-12,10.3,18.83,28.9,41.64,0.909,41.93
A0817,2025-04-29,364.6,55.9,75.57,100.89,0.909,101.47
A0817,2025-04-30,364.6,69.19,96.08,130.7,0.909,131.49
A0817,2025-05-01,364.6,48.53,66.56,89.78,0.909,90.3
A0817,2025-05-02,364.6,67.4,89.79,118.62,0.909,119.28
A0817,2025-05-03,364.6,68.81,93.24,124.7,0.909,125.41
A0817,2025-05-04,364.6,47.61,66.15,90.02,0.909,90.56
A0817,2025-05-05,364.6,52.54,72.13,97.36,0.909,97.93
A0817,2025-05-06,364.6,55.41,75.02,100.27,0.909,100.84
A0817,2025-05-07,364.6,59.85,81.08,108.4,0.909,109.02
A0817,2025-05-08,364.6,65.83,88.38,117.41,0.909,118.07
A0817,2025-05-09,364.6,72.06,95.59,125.89,0.909,126.58
A0817,2025-05-10,364.6,72.98,98.59,131.56,0.909,132.31
A0817,2025-05-11,364.6,45.66,62.68,84.59,0.909,85.09
A0817,2025-05-12,364.6,63.2,85.37,113.92,0.909,114.57
A0818,2025-04-29,296.9,0.24,3.1,8.57,0.909,8.7
A0818,2025-04-30,296.9,0.25,3.32,9.19,0.909,9.33
A0818,2025-05-01,296.9,0.73,2.58,6.11,0.909,6.19
A0818,2025-05-02,296.9,0.5,3.43,9.05,0.909,9.18
A0818,2025-05-03,296.9,0.62,3.42,8.79,0.909,8.91
A0818,2025-05-04,296.9,0.52,2.93,7.55,0.909,7.65
A0818,2025-05-05,296.9,0.89,3.03,7.11,0.909,7.2
A0818,2025-05-06,296.9,0.55,3.37,8.77,0.909,8.89
A0818,2025-05-07,296.9,0.64,3.31,8.42,0.909,8.53
A0818,2025-05-08,296.9,0.73,3.51,8.82,0.909,8.94
A0818,2025-05-09,296.9,0.36,3.98,10.91,0.909,11.07
A0818,2025-05-10,296.9,0.57,3.99,10.53,0.909,10.68
A0818,2025-05-11,296.9,0.66,3.33,8.44,0.909,8.55
A0818,2025-05-12,296.9,0.9,3.6,8.76,0.909,8.87
A0819,2025-04-29,4.8,42.59,60.06,82.75,0.556,63.21
A0819,2025-04-30,4.8,52.8,74.3,102.25,0.556,78.19
A0819,2025-05-01,4.8,33.79,47.18,64.57,0.556,49.59
A0819,2025-05-02,4.8,46.62,66.07,91.35,0.556,69.58
A0819,2025-05-03,4.8,49.1,67.37,91.11,0.556,70.67
A0819,2025-05-04,4.8,38.49,55.03,76.53,0.556,58.02
A0819,2025-05-05,4.8,37.69,53.32,73.62,0.556,56.14
A0819,2025-05-06,4.8,39.89,57.44,80.25,0.556,60.61
A0819,2025-05-07,4.8,41.57,57.93,79.19,0.556,60.89
A0819,2025-05-08,4.8,44.56,62.51,85.84,0.556,65.75
A0819,2025-05-09,4.8,48.73,68.38,93.91,0.556,71.92
A0819,2025-05-10,4.8,51.48,69.97,93.99,0.556,73.3
A0819,2025-05-11,4.8,36.28,50.87,69.82,0.556,53.5
A0819,2025-05-12,4.8,46.07,64.32,88.02,0.556,67.61
A0820,2025-04-29,182.2,22.01,33.71,47.52,0.909,47.83
A0820,2025-04-30,182.2,27.16,44.5,64.95,0.909,65.42
A0820,2025-05-01,182.2,19.3,29.31,41.13,0.909,41.4
A0820,2025-05-02,182.2,27.0,40.98,57.48,0.909,57.85
A0820,2025-05-03,182.2,27.96,41.77,58.05,0.909,58.42
A0820,2025-05-04,182.2,17.93,27.87,39.59,0.909,39.86
A0820,2025-05-05,182.2,21.4,32.12,44.76,0.909,45.05
A0820,2025-05-06,182.2,22.06,33.51,47.03,0.909,47.33
A0820,2025-05-07,182.2,22.08,34.02,48.11,0.909,48.43
A0820,2025-05-08,182.2,24.26,36.32,50.55,0.909,50.87
A0820,2025-05-09,182.2,27.41,41.7,58.55,0.909,58.94
A0820,2025-05-10,182.2,28.59,42.6,59.12,0.909,59.5
A0820,2025-05-11,182.2,16.19,24.31,33.88,0.909,34.09
A0820,2025-05-12,182.2,24.93,36.74,50.68,0.909,50.99
A0821,2025-04-29,310.1,2.42,7.48,15.2,0.909,15.38
A0821,2025-04-30,310.1,2.16,8.36,17.81,0.909,18.03
A0821,2025-05-01,310.1,2.61,6.18,11.61,0.909,11.74
A0821,2025-05-02,310.1,2.67,7.71,15.39,0.909,15.56
A0821,2025-05-03,310.1,2.69,8.43,17.19,0.909,17.39
A0821,2025-05-04,310.1,1.96,5.68,11.34,0.909,11.47
A0821,2025-05-05,310.1,3.07,6.4,11.48,0.909,11.59
A0821,2025-05-06,310.1,2.54,7.25,14.42,0.909,14.58
A0821,2025-05-07,310.1,2.24,8.15,17.16,0.909,17.37
A0821,2025-05-08,310.1,2.42,8.17,16.94,0.909,17.14
A0821,2025-05-09,310.1,2.57,8.7,18.04,0.909,18.25
A0821,2025-05-10,310.1,2.79,9.56,19.89,0.909,20.12
A0821,2025-05-11,310.1,2.15,5.99,11.86,0.909,11.99
A0821,2025-05-12,310.1,2.97,7.38,14.09,0.909,14.25
A0822,2025-04-29,6.1,324.28,468.64,663.79,0.556,495.74
A0822,2025-04-30,6.1,374.93,515.23,704.9,0.556,541.57
A0822,2025-05-01,6.1,279.36,402.01,567.82,0.556,425.04
A0822,2025-05-02,6.1,399.9,541.28,732.4,0.556,567.82
A0822,2025-05-03,6.1,398.33,536.33,722.88,0.556,562.24
A0822,2025-05-04,6.1,283.43,408.18,576.82,0.556,431.6
A0822,2025-05-05,6.1,272.26,389.79,548.68,0.556,411.86
A0822,2025-05-06,6.1,319.94,468.67,669.72,0.556,496.59
A0822,2025-05-07,6.1,337.62,467.27,642.54,0.556,491.62
A0822,2025-05-08,6.1,373.2,522.02,723.2,0.556,549.96
A0822,2025-05-09,6.1,424.08,566.32,758.6,0.556,593.02
A0822,2025-05-10,6.1,409.31,549.31,738.56,0.556,575.59
A0822,2025-05-11,6.1,272.75,397.21,565.47,0.556,420.58
A0822,2025-05-12,6.1,325.6,457.4,635.57,0.556,482.14
A0823,2025-04-29,310.5,59.56,97.64,141.44,0.909,142.43
A0823,2025-04-30,310.5,80.77,125.76,177.51,0.909,178.69
A0823,2025-05-01,310.5,53.88,111.08,176.87,0.909,178.36
A0823,2025-05-02,310.5,77.08,126.82,184.04,0.909,185.34
A0823,2025-05-03,310.5,80.38,146.08,221.65,0.909,223.37
A0823,2025-05-04,310.5,56.08,86.58,121.67,0.909,122.46
A0823,2025-05-05,310.5,59.46,107.2,162.1,0.909,163.35
A0823,2025-05-06,310.5,62.57,101.69,146.69,0.909,147.71
A0823,2025-05-07,310.5,65.15,113.46,169.03,0.909,170.29
A0823,2025-05-08,310.5,72.11,138.16,214.14,0.909,215.87
A0823,2025-05-09,310.5,80.33,137.79,203.88,0.909,205.38
A0823,2025-05-10,310.5,83.82,159.99,247.59,0.909,249.58
A0823,2025-05-11,310.5,50.78,88.61,132.13,0.909,133.11
A0823,2025-05-12,310.5,68.08,120.21,180.17,0.909,181.53
A0824,2025-04-29,4.8,46.91,65.67,90.93,0.556,69.18
A0824,2025-04-30,4.8,54.15,75.81,104.96,0.556,79.86
A0824,2025-05-01,4.8,39.73,59.94,87.13,0.556,63.72
A0824,2025-05-02,4.8,54.76,78.01,109.28,0.556,82.35
A0824,2025-05-03,4.8,56.64,82.44,117.14,0.556,87.26
A0824,2025-05-04,4.8,45.89,68.19,98.21,0.556,72.36
A0824,2025-05-05,4.8,47.2,69.21,98.84,0.556,73.33
A0824,2025-05-06,4.8,47.5,66.69,92.5,0.556,70.27
A0824,2025-05-07,4.8,46.27,64.42,88.85,0.556,67.81
A0824,2025-05-08,4.8,50.75,74.05,105.39,0.556,78.4
A0824,2025-05-09,4.8,56.18,80.13,112.36,0.556,84.61
A0824,2025-05-10,4.8,58.31,85.08,121.1,0.556,90.08
A0824,2025-05-11,4.8,42.52,64.05,93.02,0.556,68.07
A0824,2025-05-12,4.8,54.13,77.94,109.97,0.556,82.39
A0825,2025-04-29,26.2,6.37,12.4,21.05,0.909,21.24
A0825,2025-04-30,26.2,8.08,13.43,21.1,0.909,21.27
A0825,2025-05-01,26.2,5.42,9.36,15.0,0.909,15.13
A0825,2025-05-02,26.2,7.29,13.66,22.78,0.909,22.99
A0825,2025-05-03,26.2,7.11,12.99,21.42,0.909,21.61
A0825,2025-05-04,26.2,4.85,9.87,17.06,0.909,17.23
A0825,2025-05-05,26.2,5.6,10.13,16.62,0.909,16.77
A0825,2025-05-06,26.2,6.05,11.72,19.83,0.909,20.02
A0825,2025-05-07,26.2,6.51,12.56,21.21,0.909,21.41
A0825,2025-05-08,26.2,7.04,13.87,23.64,0.909,23.87
A0825,2025-05-09,26.2,7.97,15.87,27.2,0.909,27.45
A0825,2025-05-10,26.2,7.86,14.97,25.16,0.909,25.4
A0825,2025-05-11,26.2,5.2,11.15,19.67,0.909,19.86
A0825,2025-05-12,26.2,6.53,12.66,21.43,0.909,21.63
A0826,2025-04-29,5.9,37.28,59.48,86.26,0.556,63.2
A0826,2025-04-30,5.9,47.6,73.5,104.75,0.556,77.84
A0826,2025-05-01,5.9,32.05,48.87,69.17,0.556,51.69
A0826,2025-05-02,5.9,43.18,66.32,94.24,0.556,70.2
A0826,2025-05-03,5.9,47.13,70.27,98.19,0.556,74.15
A0826,2025-05-04,5.9,35.37,55.5,79.78,0.556,58.87
A0826,2025-05-05,5.9,34.11,53.39,76.65,0.556,56.62
A0826,2025-05-06,5.9,60.87,94.45,134.97,0.556,100.08
A0826,2025-05-07,5.9,60.73,90.54,126.52,0.556,95.54
A0826,2025-05-08,5.9,65.29,98.56,138.72,0.556,104.14
A0826,2025-05-09,5.9,67.4,102.35,144.53,0.556,108.21
A0826,2025-05-10,5.9,42.69,66.18,94.53,0.556,70.12
A0826,2025-05-11,5.9,27.69,45.09,66.09,0.556,48.01
A0826,2025-05-12,5.9,37.79,60.92,88.84,0.556,64.8
A0827,2025-04-29,4.7,46.0,64.55,90.72,0.556,68.18
A0827,2025-04-30,4.7,54.63,74.33,102.14,0.556,78.19
A0827,2025-05-01,4.7,40.24,55.0,75.82,0.556,57.89
A0827,2025-05-02,4.7,54.12,73.58,101.05,0.556,77.4
A0827,2025-05-03,4.7,54.01,72.84,99.4,0.556,76.53
A0827,2025-05-04,4.7,42.83,58.9,81.58,0.556,62.05
A0827,2025-05-05,4.7,43.75,60.78,84.8,0.556,64.11
A0827,2025-05-06,4.7,48.04,66.94,93.61,0.556,70.65
A0827,2025-05-07,4.7,49.39,66.31,90.17,0.556,69.62
A0827,2025-05-08,4.7,54.2,71.61,96.19,0.556,75.03
A0827,2025-05-09,4.7,57.35,77.02,104.78,0.556,80.88
A0827,2025-05-10,4.7,57.15,76.28,103.28,0.556,80.03
A0827,2025-05-11,4.7,40.16,55.63,77.46,0.556,58.66
A0827,2025-05-12,4.7,51.76,70.29,96.42,0.556,73.92
A0828,2025-04-29,5.6,51.21,76.37,105.43,0.556,80.4
A0828,2025-04-30,5.6,71.06,110.3,155.63,0.556,116.6
A0828,2025-05-01,5.6,45.98,64.02,84.86,0.556,66.91
A0828,2025-05-02,5.6,63.35,93.99,129.38,0.556,98.9
A0828,2025-05-03,5.6,64.59,93.54,126.97,0.556,98.18
A0828,2025-05-04,5.6,50.78,74.75,102.45,0.556,78.6
A0828,2025-05-05,5.6,113.08,163.51,221.76,0.556,171.6
A0828,2025-05-06,5.6,115.6,175.46,244.62,0.556,185.07
A0828,2025-05-07,5.6,117.03,179.13,250.86,0.556,189.09
A0828,2025-05-08,5.6,127.43,188.95,260.01,0.556,198.82
A0828,2025-05-09,5.6,140.91,218.23,307.55,0.556,230.63
A0828,2025-05-10,5.6,138.68,211.51,295.64,0.556,223.19
A0828,2025-05-11,5.6,93.29,139.47,192.82,0.556,146.88
A0828,2025-05-12,5.6,46.79,73.42,104.18,0.556,77.69
A0829,2025-04-29,358.3,66.66,106.35,157.15,0.909,158.3
A0829,2025-04-30,358.3,84.32,145.2,223.1,0.909,224.87
A0829,2025-05-01,358.3,61.9,102.05,153.43,0.909,154.6
A0829,2025-05-02,358.3,11.76,27.14,46.83,0.909,47.28
A0829,2025-05-03,358.3,13.58,29.14,49.04,0.909,49.5
A0829,2025-05-04,358.3,18.38,35.13,56.57,0.909,57.06
A0829,2025-05-05,358.3,15.2,28.54,45.6,0.909,45.99
A0829,2025-05-06,358.3,14.51,27.69,44.55,0.909,44.93
A0829,2025-05-07,358.3,7.77,19.11,33.61,0.909,33.94
A0829,2025-05-08,358.3,9.21,21.6,37.44,0.909,37.8
A0829,2025-05-09,358.3,6.95,19.34,35.19,0.909,35.55
A0829,2025-05-10,358.3,9.59,22.45,38.9,0.909,39.27
A0829,2025-05-11,358.3,12.27,23.7,38.32,0.909,38.65
A0829,2025-05-12,358.3,12.41,25.33,41.85,0.909,42.22
A0830,2025-04-29,10.4,104.28,164.3,242.79,0.909,244.57
A0830,2025-04-30,10.4,134.48,202.51,291.47,0.909,293.49
A0830,2025-05-01,10.4,88.46,138.15,203.14,0.909,204.62
A0830,2025-05-02,10.4,129.91,198.37,287.91,0.909,289.94
A0830,2025-05-03,10.4,131.38,200.24,290.31,0.909,292.36
A0830,2025-05-04,10.4,303.42,446.83,634.39,0.909,638.65
A0830,2025-05-05,10.4,300.58,435.45,611.84,0.909,615.85
A0830,2025-05-06,10.4,322.4,470.62,664.47,0.909,668.88
A0830,2025-05-07,10.4,309.5,447.88,628.85,0.909,632.97
A0830,2025-05-08,10.4,328.75,484.92,689.16,0.909,693.8
A0830,2025-05-09,10.4,102.44,171.14,261.0,0.909,263.04
A0830,2025-05-10,10.4,107.14,175.99,266.03,0.909,268.07
A0830,2025-05-11,10.4,80.13,130.04,195.31,0.909,196.79
A0830,2025-05-12,10.4,102.62,165.03,246.66,0.909,248.52
A0831,2025-04-29,7.5,50.7,75.81,105.43,0.556,79.93
A0831,2025-04-30,7.5,61.97,92.88,129.34,0.556,97.95
A0831,2025-05-01,7.5,40.95,59.32,80.98,0.556,62.33
A0831,2025-05-02,7.5,57.27,85.24,118.21,0.556,89.82
A0831,2025-05-03,7.5,56.34,81.02,110.13,0.556,85.07
A0831,2025-05-04,7.5,50.8,78.41,110.96,0.556,82.93
A0831,2025-05-05,7.5,44.74,66.09,91.26,0.556,69.58
A0831,2025-05-06,7.5,50.08,75.23,104.89,0.556,79.35
A0831,2025-05-07,7.5,50.33,72.87,99.45,0.556,76.56
A0831,2025-05-08,7.5,55.69,81.62,112.2,0.556,85.87
A0831,2025-05-09,7.5,59.09,87.11,120.15,0.556,91.7
A0831,2025-05-10,7.5,57.83,82.57,111.74,0.556,86.62
A0831,2025-05-11,7.5,45.63,69.11,96.79,0.556,72.95
A0831,2025-05-12,7.5,53.77,79.37,109.54,0.556,83.56
A0832,2025-04-29,367.2,29.79,44.18,65.85,0.909,66.34
A0832,2025-04-30,367.2,36.74,53.81,79.51,0.909,80.1
A0832,2025-05-01,367.2,25.36,36.98,54.48,0.909,54.88
A0832,2025-05-02,367.2,37.83,55.42,81.91,0.909,82.51
A0832,2025-05-03,367.2,39.51,57.63,84.91,0.909,85.53
A0832,2025-05-04,367.2,28.42,40.04,57.52,0.909,57.92
A0832,2025-05-05,367.2,30.69,44.14,64.39,0.909,64.85
A0832,2025-05-06,367.2,31.51,45.65,66.94,0.909,67.43
A0832,2025-05-07,367.2,30.6,45.36,67.57,0.909,68.08
A0832,2025-05-08,367.2,34.22,49.53,72.59,0.909,73.12
A0832,2025-05-09,367.2,37.3,54.69,80.88,0.909,81.48
A0832,2025-05-10,367.2,38.44,56.25,83.07,0.909,83.68
A0832,2025-05-11,367.2,24.54,34.89,50.47,0.909,50.83
A0832,2025-05-12,367.2,33.94,49.52,72.98,0.909,73.52
A0833,2025-04-29,310.8,11.13,16.05,22.04,0.909,22.18
A0833,2025-04-30,310.8,15.39,19.22,23.89,0.909,23.99
A0833,2025-05-01,310.8,8.94,12.67,17.21,0.909,17.31
A0833,2025-05-02,310.8,12.28,15.9,20.3,0.909,20.4
A0833,2025-05-03,310.8,11.72,16.94,23.29,0.909,23.43
A0833,2025-05-04,310.8,8.24,10.85,14.02,0.909,14.09
A0833,2025-05-05,310.8,8.31,12.51,17.62,0.909,17.74
A0833,2025-05-06,310.8,8.95,14.17,20.51,0.909,20.65
A0833,2025-05-07,310.8,33.59,37.32,41.85,0.909,41.95
A0833,2025-05-08,310.8,37.08,41.6,47.09,0.909,47.22
A0833,2025-05-09,310.8,43.47,47.17,51.67,0.909,51.77
A0833,2025-05-10,310.8,12.16,17.61,24.25,0.909,24.4
A0833,2025-05-11,310.8,8.27,11.17,14.69,0.909,14.77
A0833,2025-05-12,310.8,10.18,14.82,20.46,0.909,20.59
A0834,2025-04-29,2.4,20.63,33.67,48.6,0.556,35.75
A0834,2025-04-30,2.4,28.12,44.0,62.17,0.556,46.53
A0834,2025-05-01,2.4,20.28,31.7,44.76,0.556,33.51
A0834,2025-05-02,2.4,30.19,48.85,70.19,0.556,51.81
A0834,2025-05-03,2.4,30.54,49.41,71.01,0.556,52.41
A0834,2025-05-04,2.4,18.91,29.53,41.7,0.556,31.22
A0834,2025-05-05,2.4,22.83,36.05,51.19,0.556,38.16
A0834,2025-05-06,2.4,22.24,35.15,49.93,0.556,37.2
A0834,2025-05-07,2.4,19.86,34.42,51.08,0.556,36.73
A0834,2025-05-08,2.4,23.99,39.5,57.25,0.556,41.97
A0834,2025-05-09,2.4,27.71,46.38,67.74,0.556,49.35
A0834,2025-05-10,2.4,28.57,47.4,68.94,0.556,50.39
A0834,2025-05-11,2.4,15.24,25.24,36.7,0.556,26.84
A0834,2025-05-12,2.4,24.5,40.05,57.85,0.556,42.52
A0835,2025-04-29,5.0,40.93,56.77,78.39,0.556,59.77
A0835,2025-04-30,5.0,51.07,73.24,103.48,0.556,77.44
A0835,2025-05-01,5.0,36.46,52.07,73.36,0.556,55.03
A0835,2025-05-02,5.0,54.56,76.16,105.63,0.556,80.25
A0835,2025-05-03,5.0,53.26,74.49,103.46,0.556,78.52
A0835,2025-05-04,5.0,38.35,53.54,74.28,0.556,56.42
A0835,2025-05-05,5.0,41.57,58.99,82.75,0.556,62.29
A0835,2025-05-06,5.0,42.66,58.18,79.37,0.556,61.13
A0835,2025-05-07,5.0,43.01,59.64,82.34,0.556,62.79
A0835,2025-05-08,5.0,49.39,68.21,93.88,0.556,71.77
A0835,2025-05-09,5.0,57.25,79.37,109.56,0.556,83.56
A0835,2025-05-10,5.0,55.06,76.66,106.14,0.556,80.76
A0835,2025-05-11,5.0,34.34,47.27,64.92,0.556,49.72
A0835,2025-05-12,5.0,48.73,68.01,94.32,0.556,71.66
A0836,2025-04-29,5.0,58.62,82.01,112.95,0.556,86.31
A0836,2025-04-30,5.0,71.09,95.53,127.87,0.556,100.02
A0836,2025-05-01,5.0,46.85,67.23,94.19,0.556,70.97
A0836,2025-05-02,5.0,67.26,93.04,127.15,0.556,97.78
A0836,2025-05-03,5.0,66.69,93.92,129.93,0.556,98.92
A0836,2025-05-04,5.0,55.52,75.03,100.85,0.556,78.62
A0836,2025-05-05,5.0,52.79,75.58,105.73,0.556,79.76
A0836,2025-05-06,5.0,58.27,81.48,112.18,0.556,85.74
A0836,2025-05-07,5.0,62.27,83.8,112.28,0.556,87.75
A0836,2025-05-08,5.0,66.68,90.86,122.84,0.556,95.3
A0836,2025-05-09,5.0,72.33,98.53,133.19,0.556,103.35
A0836,2025-05-10,5.0,71.17,98.75,135.24,0.556,103.82
A0836,2025-05-11,5.0,51.52,69.75,93.88,0.556,73.1
A0836,2025-05-12,5.0,64.94,90.03,123.23,0.556,94.64
A0837,2025-04-29,5.6,48.51,68.49,92.19,0.556,71.78
A0837,2025-04-30,5.6,60.92,82.96,109.11,0.556,86.59
A0837,2025-05-01,5.6,40.35,56.11,74.8,0.556,58.7
A0837,2025-05-02,5.6,54.81,77.71,104.87,0.556,81.48
A0837,2025-05-03,5.6,56.58,79.54,106.78,0.556,83.32
A0837,2025-05-04,5.6,43.65,61.03,81.65,0.556,63.9
A0837,2025-05-05,5.6,45.2,64.12,86.57,0.556,67.24
A0837,2025-05-06,5.6,49.74,69.3,92.51,0.556,72.52
A0837,2025-05-07,5.6,51.98,73.45,98.93,0.556,76.99
A0837,2025-05-08,5.6,57.07,78.01,102.86,0.556,81.46
A0837,2025-05-09,5.6,59.4,82.75,110.46,0.556,86.6
A0837,2025-05-10,5.6,61.27,84.5,112.06,0.556,88.33
A0837,2025-05-11,5.6,40.0,56.88,76.91,0.556,59.67
A0837,2025-05-12,5.6,157.3,229.38,314.9,0.556,241.26
A0838,2025-04-29,431.1,3.98,8.84,15.77,0.909,15.93
A0838,2025-04-30,431.1,4.14,9.95,18.23,0.909,18.42
A0838,2025-05-01,431.1,3.34,6.99,12.18,0.909,12.3
A0838,2025-05-02,431.1,4.41,9.7,17.23,0.909,17.4
A0838,2025-05-03,431.1,4.64,9.78,17.09,0.909,17.26
A0838,2025-05-04,431.1,3.31,7.31,13.0,0.909,13.13
A0838,2025-05-05,431.1,4.09,8.11,13.83,0.909,13.96
A0838,2025-05-06,431.1,4.02,9.0,16.1,0.909,16.26
A0838,2025-05-07,431.1,3.57,8.37,15.19,0.909,15.35
A0838,2025-05-08,431.1,3.81,8.86,16.06,0.909,16.22
A0838,2025-05-09,431.1,3.95,9.22,16.72,0.909,16.89
A0838,2025-05-10,431.1,4.3,9.47,16.82,0.909,16.99
A0838,2025-05-11,431.1,3.11,6.86,12.19,0.909,12.31
A0838,2025-05-12,431.1,4.39,9.14,15.9,0.909,16.06
A0839,2025-04-29,2.7,30.61,46.7,68.76,0.556,49.77
A0839,2025-04-30,2.7,41.02,62.06,90.88,0.556,66.06
A0839,2025-05-01,2.7,26.51,41.16,61.24,0.556,43.95
A0839,2025-05-02,2.7,37.26,56.76,83.49,0.556,60.47
A0839,2025-05-03,2.7,39.03,60.67,90.32,0.556,64.78
A0839,2025-05-04,2.7,26.63,39.56,57.29,0.556,42.02
A0839,2025-05-05,2.7,29.44,44.58,65.33,0.556,47.46
A0839,2025-05-06,2.7,30.31,46.87,69.56,0.556,50.02
A0839,2025-05-07,2.7,29.57,45.11,66.4,0.556,48.06
A0839,2025-05-08,2.7,35.17,53.41,78.41,0.556,56.88
A0839,2025-05-09,2.7,38.17,57.6,84.23,0.556,61.3
A0839,2025-05-10,2.7,40.43,62.2,92.03,0.556,66.34
A0839,2025-05-11,2.7,24.06,35.6,51.42,0.556,37.8
A0839,2025-05-12,2.7,34.65,51.56,74.75,0.556,54.78
A0840,2025-04-29,5.9,29.22,76.45,149.74,0.556,86.63
A0840,2025-04-30,5.9,38.62,95.41,184.27,0.556,107.75
A0840,2025-05-01,5.9,25.62,67.28,132.39,0.556,76.32
A0840,2025-05-02,5.9,38.54,94.62,182.73,0.556,106.86
A0840,2025-05-03,5.9,39.48,96.08,184.27,0.556,108.33
A0840,2025-05-04,5.9,28.03,71.41,139.83,0.556,80.91
A0840,2025-05-05,5.9,31.14,77.98,152.15,0.556,88.29
A0840,2025-05-06,5.9,32.23,81.21,158.46,0.556,91.94
A0840,2025-05-07,5.9,33.74,84.66,164.68,0.556,95.78
A0840,2025-05-08,5.9,37.26,91.76,177.73,0.556,103.7
A0840,2025-05-09,5.9,41.07,99.48,192.8,0.556,112.44
A0840,2025-05-10,5.9,42.08,101.14,194.53,0.556,114.11
A0840,2025-05-11,5.9,26.26,67.41,132.61,0.556,76.47
A0840,2025-05-12,5.9,37.68,92.19,178.65,0.556,104.19
A0841,2025-04-29,5.7,115.14,170.13,238.91,0.556,179.69
A0841,2025-04-30,5.7,143.5,215.2,304.85,0.556,227.65
A0841,2025-05-01,5.7,91.07,134.82,189.54,0.556,142.42
A0841,2025-05-02,5.7,132.76,193.38,269.18,0.556,203.9
A0841,2025-05-03,5.7,131.43,187.99,258.72,0.556,197.81
A0841,2025-05-04,5.7,130.12,190.98,267.09,0.556,201.55
A0841,2025-05-05,5.7,107.8,156.91,218.32,0.556,165.44
A0841,2025-05-06,5.7,119.2,174.7,244.1,0.556,184.34
A0841,2025-05-07,5.7,116.83,169.03,234.31,0.556,178.1
A0841,2025-05-08,5.7,123.84,182.78,256.49,0.556,193.02
A0841,2025-05-09,5.7,135.47,197.16,274.3,0.556,207.87
A0841,2025-05-10,5.7,134.83,192.51,264.64,0.556,202.53
A0841,2025-05-11,5.7,108.8,159.98,223.98,0.556,168.87
A0841,2025-05-12,5.7,125.37,184.52,258.5,0.556,194.8
A0842,2025-04-29,7.0,6.13,22.69,47.86,0.556,26.19
A0842,2025-04-30,7.0,7.96,26.92,55.56,0.556,30.9
A0842,2025-05-01,7.0,5.33,20.57,43.92,0.556,23.81
A0842,2025-05-02,7.0,8.21,27.21,56.14,0.556,31.22
A0842,2025-05-03,7.0,8.52,27.81,56.93,0.556,31.85
A0842,2025-05-04,7.0,5.1,19.47,42.19,0.556,22.63
A0842,2025-05-05,7.0,6.55,22.85,48.12,0.556,26.36
A0842,2025-05-06,7.0,6.82,23.63,49.71,0.556,27.25
A0842,2025-05-07,7.0,7.35,24.89,51.89,0.556,28.64
A0842,2025-05-08,7.0,8.36,27.05,55.88,0.556,31.05
A0842,2025-05-09,7.0,9.3,29.26,60.2,0.556,33.56
A0842,2025-05-10,7.0,9.66,30.0,61.17,0.556,34.33
A0842,2025-05-11,7.0,5.43,19.87,42.9,0.556,23.07
A0842,2025-05-12,7.0,8.39,26.87,55.58,0.556,30.86
A0843,2025-04-29,4.2,40.02,62.43,88.81,0.556,66.09
A0843,2025-04-30,4.2,47.49,71.73,100.25,0.556,75.69
A0843,2025-05-01,4.2,35.68,53.97,75.5,0.556,56.96
A0843,2025-05-02,4.2,48.94,71.81,98.73,0.556,75.55
A0843,2025-05-03,4.2,50.17,74.27,102.63,0.556,78.21
A0843,2025-05-04,4.2,40.63,61.87,86.87,0.556,65.34
A0843,2025-05-05,4.2,40.62,60.93,84.84,0.556,64.25
A0843,2025-05-06,4.2,41.73,63.65,89.46,0.556,67.23
A0843,2025-05-07,4.2,42.01,61.78,85.07,0.556,65.02
A0843,2025-05-08,4.2,46.31,67.6,92.68,0.556,71.09
A0843,2025-05-09,4.2,49.73,72.97,100.33,0.556,76.77
A0843,2025-05-10,4.2,94.49,138.15,189.55,0.556,145.29
A0843,2025-05-11,4.2,69.62,103.38,143.14,0.556,108.9
A0843,2025-05-12,4.2,86.56,126.05,172.54,0.556,132.51
A0844,2025-04-29,5.8,60.21,85.02,113.25,0.556,88.94
A0844,2025-04-30,5.8,84.92,120.86,161.77,0.556,126.54
A0844,2025-05-01,5.8,50.96,75.13,102.64,0.556,78.96
A0844,2025-05-02,5.8,72.82,107.85,147.7,0.556,113.38
A0844,2025-05-03,5.8,75.6,109.02,147.06,0.556,114.31
A0844,2025-05-04,5.8,55.78,81.13,109.99,0.556,85.14
A0844,2025-05-05,5.8,54.46,79.14,107.22,0.556,83.04
A0844,2025-05-06,5.8,55.21,78.61,105.25,0.556,82.31
A0844,2025-05-07,5.8,61.02,88.09,118.88,0.556,92.36
A0844,2025-05-08,5.8,67.55,97.75,132.13,0.556,102.53
A0844,2025-05-09,5.8,75.27,111.2,152.08,0.556,116.88
A0844,2025-05-10,5.8,77.99,111.61,149.87,0.556,116.92
A0844,2025-05-11,5.8,49.22,69.07,91.66,0.556,72.21
A0844,2025-05-12,5.8,66.82,95.68,128.51,0.556,100.24
A0845,2025-04-29,25.7,15.04,17.12,23.56,0.909,23.71
A0845,2025-04-30,25.7,17.1,23.7,44.15,0.909,44.61
A0845,2025-05-01,25.7,12.75,16.86,29.59,0.909,29.88
A0845,2025-05-02,25.7,14.75,19.66,34.86,0.909,35.21
A0845,2025-05-03,25.7,14.81,20.87,39.66,0.909,40.08
A0845,2025-05-04,25.7,11.53,16.23,30.78,0.909,31.11
A0845,2025-05-05,25.7,12.75,18.01,34.34,0.909,34.71
A0845,2025-05-06,25.7,13.74,15.48,20.89,0.909,21.01
A0845,2025-05-07,25.7,15.69,24.21,50.61,0.909,51.21
A0845,2025-05-08,25.7,17.17,21.9,36.56,0.909,36.89
A0845,2025-05-09,25.7,18.42,24.15,41.92,0.909,42.32
A0845,2025-05-10,25.7,18.19,24.82,45.36,0.909,45.82
A0845,2025-05-11,25.7,13.47,17.9,31.64,0.909,31.95
A0845,2025-05-12,25.7,15.67,21.35,38.95,0.909,39.35
A0846,2025-04-29,362.4,8.52,27.79,56.5,0.909,57.15
A0846,2025-04-30,362.4,11.71,34.66,68.83,0.909,69.61
A0846,2025-05-01,362.4,7.42,24.93,51.32,0.909,51.92
A0846,2025-05-02,362.4,11.77,34.47,68.62,0.909,69.4
A0846,2025-05-03,362.4,12.22,35.33,69.76,0.909,70.55
A0846,2025-05-04,362.4,7.84,25.26,52.25,0.909,52.87
A0846,2025-05-05,362.4,9.32,28.65,58.09,0.909,58.76
A0846,2025-05-06,362.4,9.44,29.21,59.33,0.909,60.01
A0846,2025-05-07,362.4,9.75,29.94,60.54,0.909,61.24
A0846,2025-05-08,362.4,11.12,32.81,65.77,0.909,66.52
A0846,2025-05-09,362.4,12.45,35.65,71.22,0.909,72.03
A0846,2025-05-10,362.4,13.01,36.76,72.71,0.909,73.52
A0846,2025-05-11,362.4,7.34,23.92,49.78,0.909,50.36
A0846,2025-05-12,362.4,11.59,33.56,67.12,0.909,67.89
A0847,2025-04-29,5.9,79.18,111.68,147.9,0.556,116.71
A0847,2025-04-30,5.9,100.95,141.35,186.37,0.556,147.61
A0847,2025-05-01,5.9,61.61,84.3,109.59,0.556,87.81
A0847,2025-05-02,5.9,160.71,225.49,297.68,0.556,235.52
A0847,2025-05-03,5.9,159.55,222.67,293.0,0.556,232.44
A0847,2025-05-04,5.9,169.09,238.14,315.09,0.556,248.83
A0847,2025-05-05,5.9,134.89,182.61,235.79,0.556,190.0
A0847,2025-05-06,5.9,155.96,221.15,293.78,0.556,231.23
A0847,2025-05-07,5.9,70.41,99.53,131.97,0.556,104.03
A0847,2025-05-08,5.9,77.89,111.83,149.65,0.556,117.08
A0847,2025-05-09,5.9,82.16,116.31,154.36,0.556,121.59
A0847,2025-05-10,5.9,83.09,117.02,154.82,0.556,122.27
A0847,2025-05-11,5.9,70.88,102.89,138.57,0.556,107.85
A0847,2025-05-12,5.9,80.55,112.87,148.88,0.556,117.87
A0848,2025-04-29,300.7,143.04,186.76,236.6,0.909,237.73
A0848,2025-04-30,300.7,183.36,243.23,311.47,0.909,313.02
A0848,2025-05-01,300.7,111.5,151.51,197.11,0.909,198.15
A0848,2025-05-02,300.7,173.78,224.68,282.71,0.909,284.03
A0848,2025-05-03,300.7,186.59,241.65,304.41,0.909,305.83
A0848,2025-05-04,300.7,105.83,144.42,188.4,0.909,189.4
A0848,2025-05-05,300.7,119.62,163.26,213.01,0.909,214.14
A0848,2025-05-06,300.7,126.24,170.31,220.54,0.909,221.68
A0848,2025-05-07,300.7,159.46,207.09,261.38,0.909,262.62
A0848,2025-05-08,300.7,175.46,226.17,283.97,0.909,285.28
A0848,2025-05-09,300.7,207.79,261.56,322.85,0.909,324.24
A0848,2025-05-10,300.7,212.36,270.58,336.94,0.909,338.45
A0848,2025-05-11,300.7,110.7,146.92,188.2,0.909,189.14
A0848,2025-05-12,300.7,159.51,209.38,266.22,0.909,267.51
A0849,2025-04-29,4.5,135.32,304.44,623.82,0.556,348.8
A0849,2025-04-30,4.5,46.55,113.54,223.3,0.556,128.79
A0849,2025-05-01,4.5,32.17,82.16,163.01,0.556,93.39
A0849,2025-05-02,4.5,50.07,119.71,232.34,0.556,135.35
A0849,2025-05-03,4.5,52.52,124.25,238.61,0.556,140.14
A0849,2025-05-04,4.5,40.72,98.9,192.65,0.556,111.92
A0849,2025-05-05,4.5,41.48,100.64,195.71,0.556,113.84
A0849,2025-05-06,4.5,44.94,108.89,211.15,0.556,123.09
A0849,2025-05-07,4.5,46.45,112.37,217.26,0.556,126.94
A0849,2025-05-08,4.5,51.95,123.13,236.97,0.556,138.94
A0849,2025-05-09,4.5,57.3,133.71,257.42,0.556,150.89
A0849,2025-05-10,4.5,58.45,135.54,259.13,0.556,152.7
A0849,2025-05-11,4.5,37.34,91.65,178.49,0.556,103.71
A0849,2025-05-12,4.5,52.63,123.78,238.01,0.556,139.64
A0850,2025-04-29,406.2,3.1,9.36,17.12,0.909,17.29
A0850,2025-04-30,406.2,3.25,8.52,15.07,0.909,15.22
A0850,2025-05-01,406.2,2.65,7.9,14.41,0.909,14.56
A0850,2025-05-02,406.2,3.27,8.98,16.07,0.909,16.23
A0850,2025-05-03,406.2,2.91,9.29,17.2,0.909,17.37
A0850,2025-05-04,406.2,2.75,6.62,11.41,0.909,11.52
A0850,2025-05-05,406.2,3.32,7.88,13.53,0.909,13.65
A0850,2025-05-06,406.2,3.13,9.06,16.42,0.909,16.59
A0850,2025-05-07,406.2,3.11,9.82,18.16,0.909,18.35
A0850,2025-05-08,406.2,3.26,11.51,21.74,0.909,21.97
A0850,2025-05-09,406.2,3.75,11.67,21.49,0.909,21.71
A0850,2025-05-10,406.2,3.37,11.96,22.61,0.909,22.85
A0850,2025-05-11,406.2,2.73,8.23,15.05,0.909,15.21
A0850,2025-05-12,406.2,3.7,9.61,16.94,0.909,17.11
A0851,2025-04-29,328.9,3.28,9.88,18.44,0.909,18.63
A0851,2025-04-30,328.9,4.07,9.63,16.85,0.909,17.01
A0851,2025-05-01,328.9,3.68,7.83,13.21,0.909,13.33
A0851,2025-05-02,328.9,3.6,10.56,19.59,0.909,19.79
A0851,2025-05-03,328.9,3.23,10.7,20.4,0.909,20.62
A0851,2025-05-04,328.9,3.09,6.93,11.91,0.909,12.03
A0851,2025-05-05,328.9,3.87,8.5,14.5,0.909,14.64
A0851,2025-05-06,328.9,3.71,9.45,16.9,0.909,17.06
A0851,2025-05-07,328.9,3.25,11.53,22.29,0.909,22.53
A0851,2025-05-08,328.9,3.87,11.95,22.44,0.909,22.68
A0851,2025-05-09,328.9,3.75,13.32,25.75,0.909,26.03
A0851,2025-05-10,328.9,3.56,13.28,25.89,0.909,26.18
A0851,2025-05-11,328.9,3.28,8.35,14.92,0.909,15.07
A0851,2025-05-12,328.9,3.76,10.57,19.42,0.909,19.62
A0852,2025-04-29,373.0,39.56,52.93,69.89,0.909,70.27
A0852,2025-04-30,373.0,49.1,70.53,97.73,0.909,98.35
A0852,2025-05-01,373.0,32.63,46.4,63.88,0.909,64.28
A0852,2025-05-02,373.0,44.71,61.88,83.66,0.909,84.16
A0852,2025-05-03,373.0,46.92,66.22,90.71,0.909,91.26
A0852,2025-05-04,373.0,33.68,48.81,68.01,0.909,68.45
A0852,2025-05-05,373.0,35.24,48.89,66.22,0.909,66.61
A0852,2025-05-06,373.0,37.25,49.56,65.19,0.909,65.55
A0852,2025-05-07,373.0,41.11,56.93,77.0,0.909,77.45
A0852,2025-05-08,373.0,46.1,62.19,82.6,0.909,83.06
A0852,2025-05-09,373.0,50.95,69.21,92.38,0.909,92.91
A0852,2025-05-10,373.0,52.43,72.41,97.76,0.909,98.34
A0852,2025-05-11,373.0,32.43,44.15,59.03,0.909,59.36
A0852,2025-05-12,373.0,44.0,59.32,78.78,0.909,79.22
A0853,2025-04-29,347.5,14.12,24.16,36.41,0.909,36.69
A0853,2025-04-30,347.5,18.03,30.25,45.17,0.909,45.5
A0853,2025-05-01,347.5,13.31,22.75,34.27,0.909,34.53
A0853,2025-05-02,347.5,17.46,29.4,43.98,0.909,44.31
A0853,2025-05-03,347.5,18.37,30.41,45.11,0.909,45.44
A0853,2025-05-04,347.5,14.1,22.73,33.25,0.909,33.49
A0853,2025-05-05,347.5,33.03,50.48,71.78,0.909,72.26
A0853,2025-05-06,347.5,35.87,53.81,75.72,0.909,76.21
A0853,2025-05-07,347.5,35.41,53.69,76.0,0.909,76.5
A0853,2025-05-08,347.5,41.1,61.99,87.48,0.909,88.06
A0853,2025-05-09,347.5,43.35,64.62,90.57,0.909,91.16
A0853,2025-05-10,347.5,43.92,65.36,91.53,0.909,92.12
A0853,2025-05-11,347.5,31.08,45.06,62.13,0.909,62.51
A0853,2025-05-12,347.5,14.71,25.56,38.79,0.909,39.1
A0854,2025-04-29,7.8,127.55,178.34,238.52,0.556,186.69
A0854,2025-04-30,7.8,164.37,236.54,322.05,0.556,248.41
A0854,2025-05-01,7.8,105.71,146.09,193.94,0.556,152.74
A0854,2025-05-02,7.8,140.01,193.54,256.95,0.556,202.34
A0854,2025-05-03,7.8,137.5,190.67,253.67,0.556,199.42
A0854,2025-05-04,7.8,139.46,198.34,268.09,0.556,208.02
A0854,2025-05-05,7.8,111.46,153.13,202.5,0.556,159.98
A0854,2025-05-06,7.8,125.86,177.5,238.68,0.556,185.99
A0854,2025-05-07,7.8,122.65,169.94,225.98,0.556,177.73
A0854,2025-05-08,7.8,136.32,191.58,257.06,0.556,200.68
A0854,2025-05-09,7.8,142.04,196.23,260.45,0.556,205.15
A0854,2025-05-10,7.8,139.09,193.2,257.32,0.556,202.11
A0854,2025-05-11,7.8,117.38,163.8,218.79,0.556,171.43
A0854,2025-05-12,7.8,131.23,181.95,242.06,0.556,190.3
A0855,2025-04-29,436.8,7.58,13.33,21.41,0.909,21.59
A0855,2025-04-30,436.8,9.27,17.84,29.87,0.909,30.14
A0855,2025-05-01,436.8,6.18,11.21,18.26,0.909,18.42
A0855,2025-05-02,436.8,8.49,15.56,25.48,0.909,25.7
A0855,2025-05-03,436.8,9.23,17.11,28.16,0.909,28.41
A0855,2025-05-04,436.8,7.77,14.68,24.36,0.909,24.58
A0855,2025-05-05,436.8,7.86,13.96,22.51,0.909,22.71
A0855,2025-05-06,436.8,8.19,14.13,22.45,0.909,22.64
A0855,2025-05-07,436.8,7.18,13.27,21.8,0.909,22.0
A0855,2025-05-08,436.8,7.55,13.82,22.61,0.909,22.81
A0855,2025-05-09,436.8,7.69,14.07,23.02,0.909,23.22
A0855,2025-05-10,436.8,8.67,15.88,25.99,0.909,26.22
A0855,2025-05-11,436.8,6.21,11.73,19.48,0.909,19.65
A0855,2025-05-12,436.8,7.99,14.76,24.26,0.909,24.47
A0856,2025-04-29,13.8,82.77,116.51,162.42,0.909,163.47
A0856,2025-04-30,13.8,101.77,137.93,187.13,0.909,188.25
A0856,2025-05-01,13.8,69.82,96.67,133.19,0.909,134.02
A0856,2025-05-02,13.8,99.97,137.49,188.54,0.909,189.7
A0856,2025-05-03,13.8,104.13,143.27,196.54,0.909,197.75
A0856,2025-05-04,13.8,82.7,113.22,154.74,0.909,155.68
A0856,2025-05-05,13.8,77.81,106.53,145.63,0.909,146.52
A0856,2025-05-06,13.8,80.71,115.21,162.16,0.909,163.23
A0856,2025-05-07,13.8,85.84,119.27,164.77,0.909,165.8
A0856,2025-05-08,13.8,93.05,130.5,181.46,0.909,182.62
A0856,2025-05-09,13.8,103.75,140.94,191.55,0.909,192.7
A0856,2025-05-10,13.8,106.02,145.12,198.34,0.909,199.55
A0856,2025-05-11,13.8,74.22,104.29,145.21,0.909,146.14
A0856,2025-05-12,13.8,90.95,125.2,171.8,0.909,172.86
A0857,2025-04-29,6.2,31.62,92.2,194.31,0.556,106.38
A0857,2025-04-30,6.2,44.88,122.93,254.09,0.556,141.14
A0857,2025-05-01,6.2,30.9,89.69,187.3,0.556,103.25
A0857,2025-05-02,6.2,47.55,127.71,261.93,0.556,146.35
A0857,2025-05-03,6.2,49.97,132.15,268.03,0.556,151.02
A0857,2025-05-04,6.2,41.64,111.69,229.05,0.556,127.99
A0857,2025-05-05,6.2,39.64,107.12,219.94,0.556,122.79
A0857,2025-05-06,6.2,42.15,114.76,236.1,0.556,131.61
A0857,2025-05-07,6.2,43.13,117.39,240.8,0.556,134.53
A0857,2025-05-08,6.2,49.06,129.76,264.84,0.556,148.52
A0857,2025-05-09,6.2,53.4,138.84,284.2,0.556,159.03
A0857,2025-05-10,6.2,55.01,141.61,286.96,0.556,161.8
A0857,2025-05-11,6.2,36.6,99.33,203.68,0.556,113.83
A0857,2025-05-12,6.2,142.1,330.28,728.5,0.556,385.59
A0858,2025-04-29,6.5,19.48,29.69,44.84,0.556,31.79
A0858,2025-04-30,6.5,24.09,37.83,58.24,0.556,40.67
A0858,2025-05-01,6.5,17.43,26.32,39.52,0.556,28.15
A0858,2025-05-02,6.5,33.53,49.62,73.52,0.556,52.94
A0858,2025-05-03,6.5,32.08,46.61,68.19,0.556,49.6
A0858,2025-05-04,6.5,22.24,33.47,50.16,0.556,35.79
A0858,2025-05-05,6.5,24.27,35.62,52.47,0.556,37.96
A0858,2025-05-06,6.5,19.27,29.32,44.24,0.556,31.39
A0858,2025-05-07,6.5,19.23,29.24,44.12,0.556,31.31
A0858,2025-05-08,6.5,22.92,35.05,53.06,0.556,37.55
A0858,2025-05-09,6.5,25.86,40.27,61.67,0.556,43.25
A0858,2025-05-10,6.5,25.97,38.9,58.1,0.556,41.56
A0858,2025-05-11,6.5,16.16,24.45,36.77,0.556,26.16
A0858,2025-05-12,6.5,23.24,34.89,52.19,0.556,37.29
A0859,2025-04-29,364.8,34.54,51.85,75.66,0.909,76.21
A0859,2025-04-30,364.8,44.36,69.13,103.19,0.909,103.97
A0859,2025-05-01,364.8,28.9,42.85,62.02,0.909,62.45
A0859,2025-05-02,364.8,43.51,63.26,90.42,0.909,91.04
A0859,2025-05-03,364.8,45.65,67.04,96.45,0.909,97.12
A0859,2025-05-04,364.8,31.83,48.05,70.35,0.909,70.86
A0859,2025-05-05,364.8,34.83,50.93,73.05,0.909,73.55
A0859,2025-05-06,364.8,35.75,52.35,75.17,0.909,75.69
A0859,2025-05-07,364.8,37.35,56.0,81.63,0.909,82.21
A0859,2025-05-08,364.8,40.24,59.08,84.99,0.909,85.58
A0859,2025-05-09,364.8,46.38,66.87,95.03,0.909,95.67
A0859,2025-05-10,364.8,47.88,69.74,99.81,0.909,100.5
A0859,2025-05-11,364.8,27.49,40.95,59.46,0.909,59.88
A0859,2025-05-12,364.8,39.88,58.9,85.07,0.909,85.66
A0860,2025-04-29,24.1,24.08,38.01,60.22,0.909,60.73
A0860,2025-04-30,24.1,29.03,42.5,63.99,0.909,64.48
A0860,2025-05-01,24.1,21.36,31.24,46.99,0.909,47.35
A0860,2025-05-02,24.1,28.45,41.5,62.34,0.909,62.81
A0860,2025-05-03,24.1,29.58,44.43,68.12,0.909,68.66
A0860,2025-05-04,24.1,19.14,30.86,49.55,0.909,49.98
A0860,2025-05-05,24.1,22.78,33.59,50.83,0.909,51.22
A0860,2025-05-06,24.1,24.25,36.1,54.99,0.909,55.42
A0860,2025-05-07,24.1,26.78,43.31,69.69,0.909,70.29
A0860,2025-05-08,24.1,29.19,45.51,71.55,0.909,72.14
A0860,2025-05-09,24.1,32.51,50.28,78.64,0.909,79.29
A0860,2025-05-10,24.1,33.43,52.42,82.72,0.909,83.41
A0860,2025-05-11,24.1,21.26,34.78,56.35,0.909,56.84
A0860,2025-05-12,24.1,27.11,41.73,65.04,0.909,65.57
A0861,2025-04-29,4.9,29.7,40.33,54.7,0.556,42.33
A0861,2025-04-30,4.9,33.79,45.85,62.15,0.556,48.11
A0861,2025-05-01,4.9,24.41,32.65,43.79,0.556,34.2
A0861,2025-05-02,4.9,32.07,44.35,60.95,0.556,46.66
A0861,2025-05-03,4.9,32.05,44.59,61.54,0.556,46.94
A0861,2025-05-04,4.9,25.18,35.21,48.76,0.556,37.09
A0861,2025-05-05,4.9,26.09,36.64,50.9,0.556,38.62
A0861,2025-05-06,4.9,28.72,39.47,54.0,0.556,41.49
A0861,2025-05-07,4.9,31.09,41.86,56.41,0.556,43.88
A0861,2025-05-08,4.9,34.17,45.68,61.25,0.556,47.85
A0861,2025-05-09,4.9,37.25,49.77,66.69,0.556,52.12
A0861,2025-05-10,4.9,36.61,49.43,66.76,0.556,51.84
A0861,2025-05-11,4.9,26.49,36.27,49.49,0.556,38.11
A0861,2025-05-12,4.9,34.02,46.63,63.68,0.556,49.0
A0862,2025-04-29,3.4,34.9,50.36,69.45,0.556,53.02
A0862,2025-04-30,3.4,42.87,65.79,94.07,0.556,69.72
A0862,2025-05-01,3.4,31.93,47.66,67.07,0.556,50.35
A0862,2025-05-02,3.4,87.05,125.55,173.08,0.556,132.16
A0862,2025-05-03,3.4,84.17,126.3,178.28,0.556,133.52
A0862,2025-05-04,3.4,57.94,83.97,116.08,0.556,88.43
A0862,2025-05-05,3.4,64.4,93.96,130.45,0.556,99.03
A0862,2025-05-06,3.4,64.28,91.61,125.35,0.556,96.3
A0862,2025-05-07,3.4,63.87,91.93,126.57,0.556,96.74
A0862,2025-05-08,3.4,74.13,106.54,146.55,0.556,112.1
A0862,2025-05-09,3.4,41.72,63.35,90.04,0.556,67.06
A0862,2025-05-10,3.4,40.93,64.62,93.87,0.556,68.68
A0862,2025-05-11,3.4,24.66,36.65,51.45,0.556,38.7
A0862,2025-05-12,3.4,39.05,57.36,79.96,0.556,60.5
A0863,2025-04-29,3.0,35.72,60.58,92.64,0.556,65.04
A0863,2025-04-30,3.0,52.32,87.68,133.29,0.556,94.02
A0863,2025-05-01,3.0,36.07,54.51,78.3,0.556,57.82
A0863,2025-05-02,3.0,55.21,87.65,129.49,0.556,93.46
A0863,2025-05-03,3.0,58.37,93.2,138.12,0.556,99.44
A0863,2025-05-04,3.0,35.56,57.56,85.93,0.556,61.5
A0863,2025-05-05,3.0,43.21,64.73,92.49,0.556,68.59
A0863,2025-05-06,3.0,38.0,61.92,92.78,0.556,66.21
A0863,2025-05-07,3.0,31.09,56.84,90.06,0.556,61.46
A0863,2025-05-08,3.0,37.28,66.01,103.07,0.556,71.16
A0863,2025-05-09,3.0,45.17,77.8,119.86,0.556,83.64
A0863,2025-05-10,3.0,50.5,85.04,129.58,0.556,91.22
A0863,2025-05-11,3.0,25.73,43.36,66.1,0.556,46.52
A0863,2025-05-12,3.0,45.21,72.36,107.38,0.556,77.23
A0864,2025-04-29,6.0,374.58,554.89,758.39,0.556,583.15
A0864,2025-04-30,6.0,403.25,570.73,759.75,0.556,596.98
A0864,2025-05-01,6.0,390.01,528.11,683.98,0.556,549.76
A0864,2025-05-02,6.0,97.4,153.8,217.45,0.556,162.64
A0864,2025-05-03,6.0,95.26,150.14,212.09,0.556,158.75
A0864,2025-05-04,6.0,82.58,119.03,160.16,0.556,124.74
A0864,2025-05-05,6.0,86.67,126.21,170.84,0.556,132.41
A0864,2025-05-06,6.0,88.35,132.18,181.64,0.556,139.05
A0864,2025-05-07,6.0,88.39,131.75,180.68,0.556,138.54
A0864,2025-05-08,6.0,105.64,152.8,206.02,0.556,160.19
A0864,2025-05-09,6.0,117.68,176.56,243.01,0.556,185.79
A0864,2025-05-10,6.0,115.25,171.78,235.58,0.556,180.64
A0864,2025-05-11,6.0,85.29,121.75,162.9,0.556,127.47
A0864,2025-05-12,6.0,109.98,158.44,213.13,0.556,166.03
A0865,2025-04-29,336.2,3.86,12.47,22.27,0.909,22.49
A0865,2025-04-30,336.2,8.02,19.65,32.89,0.909,33.19
A0865,2025-05-01,336.2,4.79,11.7,19.58,0.909,19.75
A0865,2025-05-02,336.2,6.54,16.35,27.51,0.909,27.77
A0865,2025-05-03,336.2,5.95,16.36,28.21,0.909,28.48
A0865,2025-05-04,336.2,9.42,18.81,29.5,0.909,29.74
A0865,2025-05-05,336.2,6.0,13.41,21.84,0.909,22.03
A0865,2025-05-06,336.2,4.26,13.27,23.52,0.909,23.75
A0865,2025-05-07,336.2,4.68,12.82,22.09,0.909,22.3
A0865,2025-05-08,336.2,3.31,11.16,20.1,0.909,20.31
A0865,2025-05-09,336.2,4.09,11.94,20.87,0.909,21.07
A0865,2025-05-10,336.2,3.01,11.52,21.21,0.909,21.43
A0865,2025-05-11,336.2,5.27,12.23,20.15,0.909,20.33
A0865,2025-05-12,336.2,3.64,11.29,20.0,0.909,20.19
A0866,2025-04-29,5.2,34.4,51.53,71.12,0.556,54.25
A0866,2025-04-30,5.2,39.83,61.1,85.44,0.556,64.48
A0866,2025-05-01,5.2,28.34,40.81,55.07,0.556,42.79
A0866,2025-05-02,5.2,41.09,58.91,79.29,0.556,61.74
A0866,2025-05-03,5.2,45.01,65.24,88.38,0.556,68.46
A0866,2025-05-04,5.2,31.23,48.22,67.65,0.556,50.92
A0866,2025-05-05,5.2,32.55,48.62,67.01,0.556,51.18
A0866,2025-05-06,5.2,36.25,53.02,72.21,0.556,55.69
A0866,2025-05-07,5.2,36.2,52.37,70.87,0.556,54.94
A0866,2025-05-08,5.2,38.88,55.1,73.66,0.556,57.68
A0866,2025-05-09,5.2,41.34,59.2,79.62,0.556,62.03
A0866,2025-05-10,5.2,45.81,65.94,88.97,0.556,69.14
A0866,2025-05-11,5.2,28.58,42.85,59.17,0.556,45.12
A0866,2025-05-12,5.2,39.42,57.88,79.01,0.556,60.82
A0867,2025-04-29,13.1,61.53,96.35,135.36,0.909,136.25
A0867,2025-04-30,13.1,72.36,110.43,153.1,0.909,154.07
A0867,2025-05-01,13.1,49.44,78.05,110.1,0.909,110.83
A0867,2025-05-02,13.1,67.86,106.35,149.47,0.909,150.45
A0867,2025-05-03,13.1,73.85,113.2,157.3,0.909,158.31
A0867,2025-05-04,13.1,66.1,98.02,133.79,0.909,134.61
A0867,2025-05-05,13.1,60.9,92.24,127.35,0.909,128.15
A0867,2025-05-06,13.1,63.12,99.4,140.06,0.909,140.98
A0867,2025-05-07,13.1,60.81,93.37,129.85,0.909,130.67
A0867,2025-05-08,13.1,64.72,100.36,140.3,0.909,141.21
A0867,2025-05-09,13.1,67.11,104.62,146.66,0.909,147.61
A0867,2025-05-10,13.1,73.21,112.15,155.77,0.909,156.77
A0867,2025-05-11,13.1,57.49,87.45,121.02,0.909,121.79
A0867,2025-05-12,13.1,169.98,251.85,343.59,0.909,345.68
A0868,2025-04-29,5.9,12.08,18.2,26.01,0.556,19.29
A0868,2025-04-30,5.9,15.36,24.05,35.12,0.556,25.59
A0868,2025-05-01,5.9,11.31,15.57,21.0,0.556,16.32
A0868,2025-05-02,5.9,14.9,22.55,32.32,0.556,23.91
A0868,2025-05-03,5.9,14.95,22.71,32.59,0.556,24.08
A0868,2025-05-04,5.9,11.1,18.07,26.96,0.556,19.31
A0868,2025-05-05,5.9,20.85,31.62,45.35,0.556,33.53
A0868,2025-05-06,5.9,21.69,32.33,45.9,0.556,34.21
A0868,2025-05-07,5.9,22.32,33.7,48.2,0.556,35.71
A0868,2025-05-08,5.9,24.18,35.44,49.8,0.556,37.44
A0868,2025-05-09,5.9,26.0,39.84,57.49,0.556,42.29
A0868,2025-05-10,5.9,12.13,19.92,29.85,0.556,21.3
A0868,2025-05-11,5.9,8.98,14.77,22.14,0.556,15.79
A0868,2025-05-12,5.9,12.3,19.71,29.16,0.556,21.02
A0869,2025-04-29,328.6,12.34,20.67,31.18,0.909,31.41
A0869,2025-04-30,328.6,17.16,29.42,44.89,0.909,45.24
A0869,2025-05-01,328.6,10.76,19.27,30.01,0.909,30.25
A0869,2025-05-02,328.6,15.24,26.79,41.34,0.909,41.67
A0869,2025-05-03,328.6,15.83,26.94,40.96,0.909,41.28
A0869,2025-05-04,328.6,11.52,19.49,29.53,0.909,29.76
A0869,2025-05-05,328.6,12.01,20.19,30.5,0.909,30.73
A0869,2025-05-06,328.6,12.25,20.57,31.07,0.909,31.31
A0869,2025-05-07,328.6,13.23,22.22,33.56,0.909,33.81
A0869,2025-05-08,328.6,13.41,23.65,36.55,0.909,36.85
A0869,2025-05-09,328.6,15.02,26.58,41.15,0.909,41.48
A0869,2025-05-10,328.6,15.8,26.93,40.96,0.909,41.28
A0869,2025-05-11,328.6,10.09,16.89,25.46,0.909,25.65
A0869,2025-05-12,328.6,13.35,22.34,33.67,0.909,33.93
A0870,2025-04-29,383.0,2.92,22.62,49.57,0.909,50.19
A0870,2025-04-30,383.0,5.16,24.74,51.53,0.909,52.14
A0870,2025-05-01,383.0,3.02,17.77,37.94,0.909,38.4
A0870,2025-05-02,383.0,5.64,26.33,54.62,0.909,55.26
A0870,2025-05-03,383.0,0.83,10.46,23.63,0.909,23.93
A0870,2025-05-04,383.0,0.7,7.17,16.03,0.909,16.23
A0870,2025-05-05,383.0,2.34,8.94,17.98,0.909,18.19
A0870,2025-05-06,383.0,1.2,9.51,20.87,0.909,21.13
A0870,2025-05-07,383.0,0.54,10.7,24.59,0.909,24.91
A0870,2025-05-08,383.0,0.0,12.5,29.9,0.909,30.3
A0870,2025-05-09,383.0,0.0,13.0,31.97,0.909,32.4
A0870,2025-05-10,383.0,0.65,13.46,30.96,0.909,31.36
A0870,2025-05-11,383.0,1.2,8.85,19.31,0.909,19.54
A0870,2025-05-12,383.0,2.01,11.34,24.1,0.909,24.39
A0871,2025-04-29,2.6,31.35,47.71,68.76,0.556,50.64
A0871,2025-04-30,2.6,41.54,63.43,91.59,0.556,67.34
A0871,2025-05-01,2.6,28.42,43.92,63.86,0.556,46.69
A0871,2025-05-02,2.6,43.76,63.92,89.84,0.556,67.52
A0871,2025-05-03,2.6,44.19,65.52,92.95,0.556,69.33
A0871,2025-05-04,2.6,30.72,46.55,66.92,0.556,49.38
A0871,2025-05-05,2.6,32.76,48.78,69.39,0.556,51.65
A0871,2025-05-06,2.6,34.85,51.13,72.07,0.556,54.04
A0871,2025-05-07,2.6,33.79,49.95,70.73,0.556,52.83
A0871,2025-05-08,2.6,39.33,58.74,83.69,0.556,62.2
A0871,2025-05-09,2.6,43.78,63.82,89.59,0.556,67.4
A0871,2025-05-10,2.6,44.15,65.33,92.57,0.556,69.12
A0871,2025-05-11,2.6,25.46,38.76,55.86,0.556,41.13
A0871,2025-05-12,2.6,37.55,55.59,78.8,0.556,58.82
A0872,2025-04-29,2.8,257.99,381.32,539.33,0.556,403.27
A0872,2025-04-30,2.8,296.2,454.57,657.48,0.556,482.75
A0872,2025-05-01,2.8,51.16,79.65,116.15,0.556,84.72
A0872,2025-05-02,2.8,78.24,120.0,173.51,0.556,127.44
A0872,2025-05-03,2.8,75.74,111.51,157.34,0.556,117.88
A0872,2025-05-04,2.8,51.97,75.73,106.18,0.556,79.96
A0872,2025-05-05,2.8,59.57,87.2,122.6,0.556,92.12
A0872,2025-05-06,2.8,64.72,96.52,137.26,0.556,102.18
A0872,2025-05-07,2.8,66.01,98.18,139.39,0.556,103.9
A0872,2025-05-08,2.8,75.0,111.82,158.98,0.556,118.37
A0872,2025-05-09,2.8,88.16,130.84,185.51,0.556,138.43
A0872,2025-05-10,2.8,84.35,121.05,168.07,0.556,127.58
A0872,2025-05-11,2.8,48.19,69.68,97.23,0.556,73.51
A0872,2025-05-12,2.8,75.06,107.39,148.82,0.556,113.15
A0873,2025-04-29,6.5,34.41,53.7,79.17,0.556,57.23
A0873,2025-04-30,6.5,190.11,299.78,444.56,0.556,319.89
A0873,2025-05-01,6.5,138.27,209.72,304.05,0.556,222.82
A0873,2025-05-02,6.5,202.26,312.71,458.53,0.556,332.97
A0873,2025-05-03,6.5,191.92,295.24,431.64,0.556,314.19
A0873,2025-05-04,6.5,152.65,233.83,340.99,0.556,248.71
A0873,2025-05-05,6.5,27.15,45.35,69.38,0.556,48.69
A0873,2025-05-06,6.5,31.01,50.21,75.56,0.556,53.73
A0873,2025-05-07,6.5,30.09,48.37,72.5,0.556,51.72
A0873,2025-05-08,6.5,37.82,58.57,85.97,0.556,62.38
A0873,2025-05-09,6.5,43.99,69.58,103.35,0.556,74.27
A0873,2025-05-10,6.5,44.28,68.16,99.68,0.556,72.53
A0873,2025-05-11,6.5,29.2,45.02,65.91,0.556,47.92
A0873,2025-05-12,6.5,38.98,59.8,87.29,0.556,63.62
A0874,2025-04-29,4.9,38.4,58.0,82.93,0.556,61.47
A0874,2025-04-30,4.9,48.08,72.38,103.29,0.556,76.68
A0874,2025-05-01,4.9,33.28,50.1,71.48,0.556,53.07
A0874,2025-05-02,4.9,55.13,82.01,116.17,0.556,86.75
A0874,2025-05-03,4.9,52.02,77.56,110.05,0.556,82.08
A0874,2025-05-04,4.9,34.89,52.06,73.9,0.556,55.1
A0874,2025-05-05,4.9,39.75,59.72,85.11,0.556,63.25
A0874,2025-05-06,4.9,41.61,60.89,85.42,0.556,64.3
A0874,2025-05-07,4.9,44.22,64.7,90.74,0.556,68.32
A0874,2025-05-08,4.9,47.13,68.34,95.32,0.556,72.09
A0874,2025-05-09,4.9,57.69,85.84,121.62,0.556,90.81
A0874,2025-05-10,4.9,54.45,81.01,114.78,0.556,85.7
A0874,2025-05-11,4.9,31.93,47.87,68.13,0.556,50.68
A0874,2025-05-12,4.9,46.56,69.26,98.12,0.556,73.27
A0875,2025-04-29,314.2,11.93,21.93,33.9,0.909,34.17
A0875,2025-04-30,314.2,17.52,29.42,43.65,0.909,43.98
A0875,2025-05-01,314.2,11.91,19.68,28.97,0.909,29.18
A0875,2025-05-02,314.2,16.29,27.67,41.28,0.909,41.59
A0875,2025-05-03,314.2,16.3,27.87,41.71,0.909,42.02
A0875,2025-05-04,314.2,11.86,20.05,29.84,0.909,30.06
A0875,2025-05-05,314.2,12.89,21.57,31.94,0.909,32.18
A0875,2025-05-06,314.2,12.12,21.65,33.03,0.909,33.29
A0875,2025-05-07,314.2,24.48,41.97,62.87,0.909,63.34
A0875,2025-05-08,314.2,27.74,45.71,67.19,0.909,67.68
A0875,2025-05-09,314.2,29.99,49.44,72.69,0.909,73.22
A0875,2025-05-10,314.2,13.17,24.56,38.19,0.909,38.5
A0875,2025-05-11,314.2,8.96,15.95,24.31,0.909,24.5
A0875,2025-05-12,314.2,13.2,23.41,35.62,0.909,35.9
A0876,2025-04-29,437.5,35.73,57.37,85.95,0.909,86.6
A0876,2025-04-30,437.5,13.36,23.66,37.26,0.909,37.57
A0876,2025-05-01,437.5,8.53,17.99,30.48,0.909,30.76
A0876,2025-05-02,437.5,13.23,23.81,37.78,0.909,38.1
A0876,2025-05-03,437.5,14.03,24.78,38.97,0.909,39.3
A0876,2025-05-04,437.5,10.65,18.27,28.34,0.909,28.57
A0876,2025-05-05,437.5,12.31,21.32,33.23,0.909,33.5
A0876,2025-05-06,437.5,12.45,21.55,33.56,0.909,33.83
A0876,2025-05-07,437.5,13.42,22.39,34.24,0.909,34.51
A0876,2025-05-08,437.5,13.6,24.32,38.49,0.909,38.81
A0876,2025-05-09,437.5,14.64,25.29,39.37,0.909,39.69
A0876,2025-05-10,437.5,14.99,25.9,40.3,0.909,40.63
A0876,2025-05-11,437.5,9.78,17.17,26.93,0.909,27.15
A0876,2025-05-12,437.5,13.96,23.58,36.29,0.909,36.57
A0877,2025-04-29,379.7,8.15,15.54,24.75,0.909,24.96
A0877,2025-04-30,379.7,7.04,10.65,15.15,0.909,15.25
A0877,2025-05-01,379.7,4.2,7.94,12.59,0.909,12.7
A0877,2025-05-02,379.7,5.48,10.46,16.68,0.909,16.82
A0877,2025-05-03,379.7,5.25,10.56,17.19,0.909,17.34
A0877,2025-05-04,379.7,3.82,6.52,9.88,0.909,9.96
A0877,2025-05-05,379.7,4.27,7.75,12.07,0.909,12.17
A0877,2025-05-06,379.7,4.21,9.37,15.81,0.909,15.96
A0877,2025-05-07,379.7,4.84,10.95,18.56,0.909,18.73
A0877,2025-05-08,379.7,5.52,12.03,20.15,0.909,20.33
A0877,2025-05-09,379.7,6.7,13.23,21.36,0.909,21.55
A0877,2025-05-10,379.7,6.49,13.23,21.63,0.909,21.82
A0877,2025-05-11,379.7,3.95,8.06,13.17,0.909,13.29
A0877,2025-05-12,379.7,5.31,10.06,15.98,0.909,16.11
A0878,2025-04-29,5.9,25.84,37.25,53.47,0.556,39.51
A0878,2025-04-30,5.9,30.73,45.15,65.64,0.556,47.99
A0878,2025-05-01,5.9,21.54,31.31,45.21,0.556,33.24
A0878,2025-05-02,5.9,28.01,39.74,56.4,0.556,42.05
A0878,2025-05-03,5.9,28.72,40.03,56.11,0.556,42.27
A0878,2025-05-04,5.9,23.1,33.12,47.35,0.556,35.1
A0878,2025-05-05,5.9,24.36,35.78,52.01,0.556,38.03
A0878,2025-05-06,5.9,24.81,36.48,53.07,0.556,38.78
A0878,2025-05-07,5.9,26.12,37.02,52.52,0.556,39.17
A0878,2025-05-08,5.9,28.28,39.97,56.57,0.556,42.27
A0878,2025-05-09,5.9,30.03,42.17,59.43,0.556,44.57
A0878,2025-05-10,5.9,31.32,43.12,59.88,0.556,45.44
A0878,2025-05-11,5.9,45.74,62.0,85.1,0.556,65.21
A0878,2025-05-12,5.9,57.52,79.99,111.91,0.556,84.42
A0879,2025-04-29,8.4,64.29,90.01,126.64,0.556,95.1
A0879,2025-04-30,8.4,70.2,95.19,130.79,0.556,100.14
A0879,2025-05-01,8.4,48.81,66.63,92.01,0.556,70.15
A0879,2025-05-02,8.4,71.97,99.54,138.82,0.556,105.0
A0879,2025-05-03,8.4,72.37,99.87,139.05,0.556,105.31
A0879,2025-05-04,8.4,60.75,82.39,113.21,0.556,86.67
A0879,2025-05-05,8.4,57.55,77.95,107.0,0.556,81.98
A0879,2025-05-06,8.4,62.23,87.31,123.03,0.556,92.27
A0879,2025-05-07,8.4,65.82,91.5,128.07,0.556,96.58
A0879,2025-05-08,8.4,69.56,97.14,136.42,0.556,102.59
A0879,2025-05-09,8.4,76.51,104.86,145.25,0.556,110.47
A0879,2025-05-10,8.4,75.47,103.49,143.41,0.556,109.04
A0879,2025-05-11,8.4,56.93,78.53,109.31,0.556,82.81
A0879,2025-05-12,8.4,69.19,94.91,131.55,0.556,100.0
A0880,2025-04-29,35.2,8.63,17.13,29.11,0.909,29.38
A0880,2025-04-30,35.2,10.61,19.83,32.83,0.909,33.13
A0880,2025-05-01,35.2,8.85,16.07,26.26,0.909,26.5
A0880,2025-05-02,35.2,10.21,19.35,32.25,0.909,32.55
A0880,2025-05-03,35.2,10.58,18.9,30.65,0.909,30.91
A0880,2025-05-04,35.2,7.8,13.66,21.92,0.909,22.11
A0880,2025-05-05,35.2,8.42,16.94,28.95,0.909,29.23
A0880,2025-05-06,35.2,9.68,16.95,27.21,0.909,27.44
A0880,2025-05-07,35.2,9.52,22.67,41.22,0.909,41.64
A0880,2025-05-08,35.2,10.98,23.93,42.21,0.909,42.62
A0880,2025-05-09,35.2,10.97,25.29,45.49,0.909,45.95
A0880,2025-05-10,35.2,11.55,23.78,41.03,0.909,41.42
A0880,2025-05-11,35.2,8.5,16.87,28.68,0.909,28.95
A0880,2025-05-12,35.2,25.26,59.16,106.98,0.909,108.07
A0881,2025-04-29,9.9,44.18,65.39,89.32,0.556,68.72
A0881,2025-04-30,9.9,55.97,81.13,109.53,0.556,85.08
A0881,2025-05-01,9.9,37.54,57.23,79.44,0.556,60.31
A0881,2025-05-02,9.9,50.99,74.05,100.07,0.556,77.67
A0881,2025-05-03,9.9,54.36,81.22,111.52,0.556,85.43
A0881,2025-05-04,9.9,45.09,66.16,89.92,0.556,69.46
A0881,2025-05-05,9.9,42.69,64.38,88.86,0.556,67.78
A0881,2025-05-06,9.9,42.68,65.0,90.18,0.556,68.5
A0881,2025-05-07,9.9,43.84,64.27,87.32,0.556,67.48
A0881,2025-05-08,9.9,45.96,69.65,96.39,0.556,73.37
A0881,2025-05-09,9.9,49.14,72.08,97.95,0.556,75.67
A0881,2025-05-10,9.9,53.33,80.53,111.21,0.556,84.79
A0881,2025-05-11,9.9,39.53,59.9,82.89,0.556,63.1
A0881,2025-05-12,9.9,48.67,72.49,99.37,0.556,76.23
A0882,2025-04-29,6.8,93.02,129.68,179.7,0.556,136.63
A0882,2025-04-30,6.8,116.42,163.91,228.7,0.556,172.9
A0882,2025-05-01,6.8,74.51,104.28,144.91,0.556,109.93
A0882,2025-05-02,6.8,112.99,159.29,222.47,0.556,168.07
A0882,2025-05-03,6.8,110.73,156.25,218.36,0.556,164.88
A0882,2025-05-04,6.8,80.64,113.58,158.52,0.556,119.82
A0882,2025-05-05,6.8,83.84,119.14,167.31,0.556,125.83
A0882,2025-05-06,6.8,89.37,126.5,177.17,0.556,133.54
A0882,2025-05-07,6.8,94.64,132.36,183.83,0.556,139.51
A0882,2025-05-08,6.8,105.33,147.48,204.99,0.556,155.47
A0882,2025-05-09,6.8,119.85,167.39,232.25,0.556,176.4
A0882,2025-05-10,6.8,117.28,164.2,228.23,0.556,173.1
A0882,2025-05-11,6.8,76.08,106.55,148.13,0.556,112.32
A0882,2025-05-12,6.8,102.6,145.13,203.16,0.556,153.19
A0883,2025-04-29,5.8,98.24,133.9,181.78,0.556,140.55
A0883,2025-04-30,5.8,117.41,158.55,213.79,0.556,166.22
A0883,2025-05-01,5.8,80.58,109.72,148.85,0.556,115.15
A0883,2025-05-02,5.8,116.87,162.09,222.82,0.556,170.53
A0883,2025-05-03,5.8,119.15,166.5,230.09,0.556,175.34
A0883,2025-05-04,5.8,100.51,130.53,170.84,0.556,136.13
A0883,2025-05-05,5.8,93.76,128.48,175.09,0.556,134.95
A0883,2025-05-06,5.8,103.73,140.24,189.27,0.556,147.05
A0883,2025-05-07,5.8,97.84,136.04,187.35,0.556,143.17
A0883,2025-05-08,5.8,109.03,150.96,207.26,0.556,158.78
A0883,2025-05-09,5.8,119.81,165.39,226.6,0.556,173.9
A0883,2025-05-10,5.8,122.84,170.95,235.55,0.556,179.93
A0883,2025-05-11,5.8,88.54,118.4,158.48,0.556,123.96
A0883,2025-05-12,5.8,109.89,153.23,211.42,0.556,161.31
A0884,2025-04-29,359.2,15.46,26.17,36.68,0.909,36.92
A0884,2025-04-30,359.2,19.82,32.49,44.92,0.909,45.21
A0884,2025-05-01,359.2,20.62,35.26,49.65,0.909,49.98
A0884,2025-05-02,359.2,30.74,48.82,66.58,0.909,66.98
A0884,2025-05-03,359.2,29.42,46.59,63.45,0.909,63.83
A0884,2025-05-04,359.2,20.37,33.63,46.65,0.909,46.94
A0884,2025-05-05,359.2,12.78,22.48,31.99,0.909,32.21
A0884,2025-05-06,359.2,13.94,24.54,34.95,0.909,35.19
A0884,2025-05-07,359.2,13.66,23.79,33.73,0.909,33.96
A0884,2025-05-08,359.2,16.38,27.71,38.84,0.909,39.09
A0884,2025-05-09,359.2,18.29,30.45,42.39,0.909,42.66
A0884,2025-05-10,359.2,18.82,30.33,41.62,0.909,41.88
A0884,2025-05-11,359.2,11.81,19.59,27.23,0.909,27.41
A0884,2025-05-12,359.2,16.92,27.35,37.59,0.909,37.82
A0885,2025-04-29,4.5,24.06,33.36,45.32,0.556,35.02
A0885,2025-04-30,4.5,26.92,38.44,53.26,0.556,40.5
A0885,2025-05-01,4.5,17.73,25.05,34.46,0.556,26.36
A0885,2025-05-02,4.5,25.73,36.67,50.74,0.556,38.63
A0885,2025-05-03,4.5,24.92,36.19,50.69,0.556,38.21
A0885,2025-05-04,4.5,20.95,30.65,43.13,0.556,32.39
A0885,2025-05-05,4.5,20.66,29.77,41.48,0.556,31.39
A0885,2025-05-06,4.5,23.27,32.55,44.49,0.556,34.21
A0885,2025-05-07,4.5,24.92,34.83,47.57,0.556,36.6
A0885,2025-05-08,4.5,26.91,36.74,49.39,0.556,38.5
A0885,2025-05-09,4.5,29.98,40.96,55.07,0.556,42.92
A0885,2025-05-10,4.5,28.82,40.12,54.65,0.556,42.14
A0885,2025-05-11,4.5,41.94,59.54,82.17,0.556,62.69
A0885,2025-05-12,4.5,51.37,72.32,99.25,0.556,76.06
A0886,2025-04-29,391.1,4.49,8.73,15.23,0.909,15.37
A0886,2025-04-30,391.1,5.81,10.43,17.49,0.909,17.65
A0886,2025-05-01,391.1,4.21,7.4,12.27,0.909,12.38
A0886,2025-05-02,391.1,6.09,10.63,17.58,0.909,17.73
A0886,2025-05-03,391.1,5.41,10.72,18.84,0.909,19.02
A0886,2025-05-04,391.1,3.6,7.01,12.23,0.909,12.34
A0886,2025-05-05,391.1,4.1,7.57,12.88,0.909,13.0
A0886,2025-05-06,391.1,4.52,8.6,14.85,0.909,14.99
A0886,2025-05-07,391.1,5.63,10.26,17.34,0.909,17.5
A0886,2025-05-08,391.1,5.96,10.58,17.64,0.909,17.8
A0886,2025-05-09,391.1,6.63,11.53,19.01,0.909,19.18
A0886,2025-05-10,391.1,5.77,11.41,20.04,0.909,20.23
A0886,2025-05-11,391.1,3.48,6.92,12.17,0.909,12.29
A0886,2025-05-12,391.1,4.77,9.05,15.6,0.909,15.75
A0887,2025-04-29,4.9,35.69,52.56,74.22,0.556,55.57
A0887,2025-04-30,4.9,45.49,66.81,94.16,0.556,70.61
A0887,2025-05-01,4.9,28.89,40.16,54.61,0.556,42.16
A0887,2025-05-02,4.9,42.89,60.44,82.95,0.556,63.57
A0887,2025-05-03,4.9,42.7,60.78,83.97,0.556,64.0
A0887,2025-05-04,4.9,33.53,51.15,73.76,0.556,54.29
A0887,2025-05-05,4.9,32.44,45.84,63.03,0.556,48.23
A0887,2025-05-06,4.9,36.04,53.04,74.86,0.556,56.07
A0887,2025-05-07,4.9,36.19,52.96,74.49,0.556,55.95
A0887,2025-05-08,4.9,39.57,56.87,79.07,0.556,59.95
A0887,2025-05-09,4.9,43.66,61.42,84.2,0.556,64.58
A0887,2025-05-10,4.9,43.49,61.82,85.33,0.556,65.08
A0887,2025-05-11,4.9,29.2,44.52,64.17,0.556,47.25
A0887,2025-05-12,4.9,38.93,56.7,79.51,0.556,59.87
A0888,2025-04-29,2.7,35.41,50.11,72.27,0.556,53.19
A0888,2025-04-30,2.7,48.7,70.43,103.17,0.556,74.98
A0888,2025-05-01,2.7,30.06,43.67,64.16,0.556,46.51
A0888,2025-05-02,2.7,45.09,65.48,96.2,0.556,69.75
A0888,2025-05-03,2.7,44.8,64.66,94.59,0.556,68.82
A0888,2025-05-04,2.7,30.98,44.69,65.34,0.556,47.56
A0888,2025-05-05,2.7,33.76,48.66,71.09,0.556,51.77
A0888,2025-05-06,2.7,32.91,47.72,70.03,0.556,50.82
A0888,2025-05-07,2.7,36.09,51.31,74.24,0.556,54.5
A0888,2025-05-08,2.7,39.89,56.64,81.87,0.556,60.14
A0888,2025-05-09,2.7,47.12,67.31,97.73,0.556,71.54
A0888,2025-05-10,2.7,46.03,65.76,95.48,0.556,69.89
A0888,2025-05-11,2.7,27.19,38.56,55.71,0.556,40.94
A0888,2025-05-12,2.7,39.63,56.23,81.24,0.556,59.71
A0889,2025-04-29,343.0,3.91,10.84,19.16,0.909,19.35
A0889,2025-04-30,343.0,4.24,11.76,20.81,0.909,21.02
A0889,2025-05-01,343.0,4.16,8.36,13.41,0.909,13.53
A0889,2025-05-02,343.0,3.59,10.24,18.23,0.909,18.41
A0889,2025-05-03,343.0,3.54,10.75,19.42,0.909,19.62
A0889,2025-05-04,343.0,3.2,7.65,13.01,0.909,13.13
A0889,2025-05-05,343.0,4.15,8.87,14.55,0.909,14.68
A0889,2025-05-06,343.0,3.79,10.37,18.29,0.909,18.47
A0889,2025-05-07,343.0,3.6,11.25,20.45,0.909,20.66
A0889,2025-05-08,343.0,4.28,12.77,22.98,0.909,23.22
A0889,2025-05-09,343.0,4.06,13.17,24.11,0.909,24.36
A0889,2025-05-10,343.0,4.21,13.81,25.36,0.909,25.62
A0889,2025-05-11,343.0,3.73,9.3,16.01,0.909,16.16
A0889,2025-05-12,343.0,4.5,11.55,20.03,0.909,20.22
A0890,2025-04-29,190.4,35.84,44.93,55.49,0.909,55.73
A0890,2025-04-30,190.4,38.3,49.74,63.02,0.909,63.33
A0890,2025-05-01,190.4,52.26,57.7,64.02,0.909,64.16
A0890,2025-05-02,190.4,60.82,71.8,84.53,0.909,84.82
A0890,2025-05-03,190.4,52.81,63.07,74.98,0.909,75.25
A0890,2025-05-04,190.4,5.24,8.23,11.71,0.909,11.79
A0890,2025-05-05,190.4,5.88,9.14,12.92,0.909,13.01
A0890,2025-05-06,190.4,6.03,9.95,14.5,0.909,14.6
A0890,2025-05-07,190.4,9.98,13.37,17.31,0.909,17.4
A0890,2025-05-08,190.4,9.33,12.19,15.51,0.909,15.59
A0890,2025-05-09,190.4,11.39,15.19,19.61,0.909,19.71
A0890,2025-05-10,190.4,9.84,13.51,17.77,0.909,17.87
A0890,2025-05-11,190.4,5.24,7.72,10.59,0.909,10.66
A0890,2025-05-12,190.4,6.45,10.11,14.36,0.909,14.46
A0891,2025-04-29,300.4,1.66,11.79,30.59,0.909,31.02
A0891,2025-04-30,300.4,2.95,15.96,38.38,0.909,38.89
A0891,2025-05-01,300.4,1.46,12.06,30.22,0.909,30.64
A0891,2025-05-02,300.4,2.85,16.48,39.44,0.909,39.96
A0891,2025-05-03,300.4,3.42,18.24,42.51,0.909,43.06
A0891,2025-05-04,300.4,1.99,13.6,33.4,0.909,33.85
A0891,2025-05-05,300.4,2.67,16.05,38.17,0.909,38.68
A0891,2025-05-06,300.4,2.78,16.62,39.53,0.909,40.05
A0891,2025-05-07,300.4,2.98,17.46,41.17,0.909,41.71
A0891,2025-05-08,300.4,3.74,19.61,45.63,0.909,46.22
A0891,2025-05-09,300.4,4.16,21.04,49.01,0.909,49.65
A0891,2025-05-10,300.4,4.85,22.83,52.0,0.909,52.66
A0891,2025-05-11,300.4,2.62,15.56,37.16,0.909,37.65
A0891,2025-05-12,300.4,4.67,21.86,49.96,0.909,50.6
A0892,2025-04-29,5.8,56.55,81.06,111.98,0.556,85.36
A0892,2025-04-30,5.8,66.68,89.65,118.62,0.556,93.67
A0892,2025-05-01,5.8,46.52,65.93,90.4,0.556,69.33
A0892,2025-05-02,5.8,68.69,99.7,138.8,0.556,105.13
A0892,2025-05-03,5.8,67.9,95.06,129.31,0.556,99.82
A0892,2025-05-04,5.8,47.4,66.72,91.08,0.556,70.1
A0892,2025-05-05,5.8,49.97,72.01,99.8,0.556,75.87
A0892,2025-05-06,5.8,53.88,78.95,110.58,0.556,83.35
A0892,2025-05-07,5.8,57.56,79.64,107.48,0.556,83.5
A0892,2025-05-08,5.8,64.07,89.47,121.5,0.556,93.92
A0892,2025-05-09,5.8,72.45,104.0,143.8,0.556,109.53
A0892,2025-05-10,5.8,71.71,99.54,134.63,0.556,104.41
A0892,2025-05-11,5.8,46.08,65.79,90.63,0.556,69.24
A0892,2025-05-12,5.8,62.91,88.99,121.87,0.556,93.55
A0893,2025-04-29,437.0,29.24,46.06,66.26,0.909,66.72
A0893,2025-04-30,437.0,36.31,54.63,76.6,0.909,77.1
A0893,2025-05-01,437.0,25.75,39.9,56.89,0.909,57.28
A0893,2025-05-02,437.0,34.47,53.77,76.93,0.909,77.45
A0893,2025-05-03,437.0,37.04,58.03,83.21,0.909,83.78
A0893,2025-05-04,437.0,26.94,40.49,56.76,0.909,57.13
A0893,2025-05-05,437.0,30.06,44.97,62.86,0.909,63.27
A0893,2025-05-06,437.0,30.75,48.17,69.06,0.909,69.54
A0893,2025-05-07,437.0,27.87,44.34,64.11,0.909,64.56
A0893,2025-05-08,437.0,32.59,51.44,74.05,0.909,74.57
A0893,2025-05-09,437.0,33.94,52.84,75.51,0.909,76.03
A0893,2025-05-10,437.0,37.08,57.88,82.85,0.909,83.42
A0893,2025-05-11,437.0,23.73,36.97,52.87,0.909,53.23
A0893,2025-05-12,437.0,33.51,50.86,71.68,0.909,72.15
A0894,2025-04-29,2.7,41.88,64.89,92.82,0.556,68.77
A0894,2025-04-30,2.7,56.08,85.12,120.41,0.556,90.02
A0894,2025-05-01,2.7,34.07,55.61,81.77,0.556,59.24
A0894,2025-05-02,2.7,51.22,82.49,120.48,0.556,87.77
A0894,2025-05-03,2.7,23.73,37.67,54.61,0.556,40.03
A0894,2025-05-04,2.7,16.15,25.85,37.63,0.556,27.49
A0894,2025-05-05,2.7,17.87,29.24,43.05,0.556,31.16
A0894,2025-05-06,2.7,19.7,30.92,44.55,0.556,32.81
A0894,2025-05-07,2.7,21.16,32.55,46.38,0.556,34.47
A0894,2025-05-08,2.7,24.8,36.88,51.54,0.556,38.91
A0894,2025-05-09,2.7,27.32,42.83,61.66,0.556,45.44
A0894,2025-05-10,2.7,29.9,43.62,60.29,0.556,45.94
A0894,2025-05-11,2.7,16.64,24.79,34.69,0.556,26.16
A0894,2025-05-12,2.7,24.96,37.04,51.72,0.556,39.08
A0895,2025-04-29,417.8,14.36,23.37,34.65,0.909,34.91
A0895,2025-04-30,417.8,14.93,27.55,43.38,0.909,43.74
A0895,2025-05-01,417.8,13.27,21.9,32.71,0.909,32.96
A0895,2025-05-02,417.8,13.69,23.42,35.61,0.909,35.89
A0895,2025-05-03,417.8,19.01,31.14,46.34,0.909,46.69
A0895,2025-05-04,417.8,17.71,29.75,44.84,0.909,45.19
A0895,2025-05-05,417.8,16.61,27.5,41.15,0.909,41.46
A0895,2025-05-06,417.8,14.39,23.99,36.02,0.909,36.29
A0895,2025-05-07,417.8,11.39,19.59,29.86,0.909,30.09
A0895,2025-05-08,417.8,13.78,22.62,33.69,0.909,33.94
A0895,2025-05-09,417.8,11.66,19.89,30.2,0.909,30.44
A0895,2025-05-10,417.8,13.62,22.56,33.76,0.909,34.01
A0895,2025-05-11,417.8,11.77,19.53,29.26,0.909,29.48
A0895,2025-05-12,417.8,14.15,23.31,34.79,0.909,35.05
A0896,2025-04-29,5.0,10.19,18.07,27.71,0.556,19.41
A0896,2025-04-30,5.0,11.96,20.5,30.93,0.556,21.95
A0896,2025-05-01,5.0,9.2,16.76,25.98,0.556,18.04
A0896,2025-05-02,5.0,12.91,23.99,37.53,0.556,25.87
A0896,2025-05-03,5.0,12.76,22.89,35.26,0.556,24.61
A0896,2025-05-04,5.0,24.23,36.94,52.46,0.556,39.09
A0896,2025-05-05,5.0,25.2,40.8,59.86,0.556,43.45
A0896,2025-05-06,5.0,26.12,41.27,59.78,0.556,43.84
A0896,2025-05-07,5.0,27.73,43.31,62.34,0.556,45.95
A0896,2025-05-08,5.0,32.47,52.39,76.72,0.556,55.77
A0896,2025-05-09,5.0,10.94,22.71,37.08,0.556,24.7
A0896,2025-05-10,5.0,11.2,21.82,34.8,0.556,23.62
A0896,2025-05-11,5.0,7.38,13.57,21.13,0.556,14.62
A0896,2025-05-12,5.0,10.86,20.04,31.25,0.556,21.6
A0897,2025-04-29,5.3,71.1,92.31,116.59,0.556,95.68
A0897,2025-04-30,5.3,90.96,120.05,153.36,0.556,124.68
A0897,2025-05-01,5.3,58.64,76.68,97.34,0.556,79.55
A0897,2025-05-02,5.3,89.23,118.0,150.95,0.556,122.58
A0897,2025-05-03,5.3,91.05,117.15,147.04,0.556,121.3
A0897,2025-05-04,5.3,62.29,81.61,103.73,0.556,84.68
A0897,2025-05-05,5.3,66.59,86.46,109.21,0.556,89.62
A0897,2025-05-06,5.3,69.97,91.87,116.95,0.556,95.35
A0897,2025-05-07,5.3,74.25,97.31,123.72,0.556,100.98
A0897,2025-05-08,5.3,80.57,104.64,132.2,0.556,108.47
A0897,2025-05-09,5.3,93.16,120.98,152.83,0.556,125.4
A0897,2025-05-10,5.3,95.81,121.37,150.63,0.556,125.44
A0897,2025-05-11,5.3,57.76,75.09,94.93,0.556,77.84
A0897,2025-05-12,5.3,81.44,104.65,131.23,0.556,108.34
A0898,2025-04-29,5.7,33.37,49.99,72.53,0.556,53.12
A0898,2025-04-30,5.7,43.38,64.17,92.38,0.556,68.09
A0898,2025-05-01,5.7,30.23,44.63,64.16,0.556,47.35
A0898,2025-05-02,5.7,44.26,65.85,95.14,0.556,69.92
A0898,2025-05-03,5.7,42.38,63.85,92.97,0.556,67.89
A0898,2025-05-04,5.7,30.68,45.79,66.27,0.556,48.63
A0898,2025-05-05,5.7,34.56,50.82,72.88,0.556,53.89
A0898,2025-05-06,5.7,35.62,52.04,74.31,0.556,55.13
A0898,2025-05-07,5.7,34.8,50.28,71.28,0.556,53.2
A0898,2025-05-08,5.7,39.99,59.07,84.95,0.556,62.67
A0898,2025-05-09,5.7,45.07,67.53,97.98,0.556,71.76
A0898,2025-05-10,5.7,43.45,65.66,95.79,0.556,69.85
A0898,2025-05-11,5.7,27.47,40.74,58.73,0.556,43.24
A0898,2025-05-12,5.7,39.12,57.93,83.44,0.556,61.47
A0899,2025-04-29,4.1,35.79,51.08,70.82,0.556,53.82
A0899,2025-04-30,4.1,36.48,49.69,66.76,0.556,52.07
A0899,2025-05-01,4.1,28.89,39.68,53.62,0.556,41.62
A0899,2025-05-02,4.1,40.82,56.48,76.7,0.556,59.29
A0899,2025-05-03,4.1,41.73,57.89,78.75,0.556,60.79
A0899,2025-05-04,4.1,31.08,42.12,56.38,0.556,44.11
A0899,2025-05-05,4.1,33.84,47.39,64.89,0.556,49.82
A0899,2025-05-06,4.1,35.16,50.16,69.53,0.556,52.85
A0899,2025-05-07,4.1,36.38,50.29,68.25,0.556,52.78
A0899,2025-05-08,4.1,38.86,53.64,72.71,0.556,56.29
A0899,2025-05-09,4.1,44.9,61.31,82.51,0.556,64.26
A0899,2025-05-10,4.1,44.76,61.57,83.28,0.556,64.59
A0899,2025-05-11,4.1,30.12,41.59,56.4,0.556,43.65
A0899,2025-05-12,4.1,40.14,56.18,76.89,0.556,59.06
A0900,2025-04-29,392.9,169.2,213.94,277.04,0.909,278.48
A0900,2025-04-30,392.9,216.77,282.1,374.24,0.909,376.34
A0900,2025-05-01,392.9,128.72,168.31,224.15,0.909,225.42
A0900,2025-05-02,392.9,192.41,248.56,327.76,0.909,329.56
A0900,2025-05-03,392.9,194.07,253.27,336.78,0.909,338.68
A0900,2025-05-04,392.9,144.6,186.55,245.71,0.909,247.05
A0900,2025-05-05,392.9,141.59,184.7,245.5,0.909,246.88
A0900,2025-05-06,392.9,155.14,200.12,263.58,0.909,265.02
A0900,2025-05-07,392.9,176.22,221.88,286.28,0.909,287.74
A0900,2025-05-08,392.9,329.46,427.64,566.13,0.909,569.28
A0900,2025-05-09,392.9,380.67,486.9,636.73,0.909,640.13
A0900,2025-05-10,392.9,383.92,496.02,654.15,0.909,657.74
A0900,2025-05-11,392.9,245.27,311.32,404.48,0.909,406.6
A0900,2025-05-12,392.9,159.98,210.72,282.28,0.909,283.9
A0901,2025-04-29,4.3,33.57,47.48,66.63,0.556,50.14
A0901,2025-04-30,4.3,37.87,54.54,77.49,0.556,57.73
A0901,2025-05-01,4.3,25.75,35.27,48.39,0.556,37.1
A0901,2025-05-02,4.3,38.53,54.01,75.32,0.556,56.97
A0901,2025-05-03,4.3,38.55,54.14,75.61,0.556,57.12
A0901,2025-05-04,4.3,31.81,46.48,66.68,0.556,49.28
A0901,2025-05-05,4.3,30.33,41.95,57.94,0.556,44.17
A0901,2025-05-06,4.3,33.56,47.72,67.22,0.556,50.43
A0901,2025-05-07,4.3,34.05,46.39,63.39,0.556,48.75
A0901,2025-05-08,4.3,37.97,53.26,74.33,0.556,56.19
A0901,2025-05-09,4.3,41.94,57.51,78.95,0.556,60.49
A0901,2025-05-10,4.3,41.23,57.01,78.73,0.556,60.02
A0901,2025-05-11,4.3,29.73,42.73,60.65,0.556,45.22
A0901,2025-05-12,4.3,37.5,52.3,72.68,0.556,55.13
A0902,2025-04-29,5.0,30.35,43.08,60.07,0.556,45.44
A0902,2025-04-30,5.0,36.41,49.52,67.02,0.556,51.95
A0902,2025-05-01,5.0,24.45,34.52,47.97,0.556,36.39
A0902,2025-05-02,5.0,36.96,53.57,75.75,0.556,56.65
A0902,2025-05-03,5.0,36.58,51.7,71.89,0.556,54.5
A0902,2025-05-04,5.0,25.97,36.47,50.48,0.556,38.41
A0902,2025-05-05,5.0,27.57,39.25,54.85,0.556,41.42
A0902,2025-05-06,5.0,28.77,41.69,58.94,0.556,44.08
A0902,2025-05-07,5.0,38.53,53.23,72.86,0.556,55.96
A0902,2025-05-08,5.0,40.87,56.75,77.96,0.556,59.7
A0902,2025-05-09,5.0,47.25,66.91,93.16,0.556,70.55
A0902,2025-05-10,5.0,46.4,64.36,88.35,0.556,67.69
A0902,2025-05-11,5.0,29.55,41.88,58.35,0.556,44.17
A0902,2025-05-12,5.0,29.87,44.15,63.21,0.556,46.79
A0903,2025-04-29,420.0,24.77,66.53,134.3,0.909,135.84
A0903,2025-04-30,420.0,34.17,86.88,171.85,0.909,173.78
A0903,2025-05-01,420.0,21.76,58.9,119.03,0.909,120.4
A0903,2025-05-02,420.0,34.35,87.28,173.01,0.909,174.96
A0903,2025-05-03,420.0,35.32,89.08,174.66,0.909,176.61
A0903,2025-05-04,420.0,21.81,57.32,116.19,0.909,117.52
A0903,2025-05-05,420.0,26.38,68.59,137.38,0.909,138.95
A0903,2025-05-06,420.0,26.38,69.3,139.27,0.909,140.86
A0903,2025-05-07,420.0,27.3,71.98,144.19,0.909,145.83
A0903,2025-05-08,420.0,31.69,81.31,161.82,0.909,163.65
A0903,2025-05-09,420.0,35.55,90.12,179.65,0.909,181.68
A0903,2025-05-10,420.0,36.82,92.42,182.04,0.909,184.08
A0903,2025-05-11,420.0,19.53,52.25,106.77,0.909,108.01
A0903,2025-05-12,420.0,32.0,81.61,162.52,0.909,164.35
A0904,2025-04-29,7.2,17.19,27.75,40.89,0.556,29.58
A0904,2025-04-30,7.2,19.95,34.09,51.68,0.556,36.53
A0904,2025-05-01,7.2,14.5,21.94,31.19,0.556,23.22
A0904,2025-05-02,7.2,21.31,34.74,51.44,0.556,37.06
A0904,2025-05-03,7.2,21.23,34.31,50.59,0.556,36.58
A0904,2025-05-04,7.2,16.04,26.81,40.21,0.556,28.67
A0904,2025-05-05,7.2,17.44,26.73,38.29,0.556,28.34
A0904,2025-05-06,7.2,18.04,28.31,41.09,0.556,30.09
A0904,2025-05-07,7.2,28.15,43.34,62.23,0.556,45.96
A0904,2025-05-08,7.2,29.29,44.7,63.88,0.556,47.37
A0904,2025-05-09,7.2,33.81,54.05,79.23,0.556,57.55
A0904,2025-05-10,7.2,33.02,52.5,76.74,0.556,55.87
A0904,2025-05-11,7.2,21.73,35.26,52.09,0.556,37.6
A0904,2025-05-12,7.2,28.41,44.42,64.33,0.556,47.18
A0905,2025-04-29,396.5,37.82,50.02,66.06,0.909,66.43
A0905,2025-04-30,396.5,48.31,65.47,88.03,0.909,88.54
A0905,2025-05-01,396.5,32.14,40.7,51.96,0.909,52.21
A0905,2025-05-02,396.5,46.12,62.18,83.29,0.909,83.77
A0905,2025-05-03,396.5,45.56,61.36,82.12,0.909,82.59
A0905,2025-05-04,396.5,32.53,45.02,61.43,0.909,61.8
A0905,2025-05-05,396.5,35.28,46.73,61.78,0.909,62.12
A0905,2025-05-06,396.5,38.06,50.29,66.37,0.909,66.74
A0905,2025-05-07,396.5,41.49,54.49,71.58,0.909,71.96
A0905,2025-05-08,396.5,45.8,59.46,77.42,0.909,77.83
A0905,2025-05-09,396.5,51.37,68.66,91.39,0.909,91.9
A0905,2025-05-10,396.5,49.92,66.91,89.23,0.909,89.74
A0905,2025-05-11,396.5,31.21,42.92,58.32,0.909,58.67
A0905,2025-05-12,396.5,42.39,56.96,76.12,0.909,76.55
A0906,2025-04-29,6.4,25.52,38.38,53.15,0.556,40.43
A0906,2025-04-30,6.4,32.76,50.43,70.72,0.556,53.25
A0906,2025-05-01,6.4,23.46,36.47,51.42,0.556,38.55
A0906,2025-05-02,6.4,33.31,48.58,66.12,0.556,51.02
A0906,2025-05-03,6.4,33.18,49.2,67.58,0.556,51.75
A0906,2025-05-04,6.4,23.16,35.27,49.17,0.556,37.2
A0906,2025-05-05,6.4,26.44,40.9,57.51,0.556,43.21
A0906,2025-05-06,6.4,26.17,38.96,53.64,0.556,41.0
A0906,2025-05-07,6.4,27.56,41.01,56.46,0.556,43.16
A0906,2025-05-08,6.4,30.62,45.25,62.03,0.556,47.58
A0906,2025-05-09,6.4,35.83,51.91,70.37,0.556,54.47
A0906,2025-05-10,6.4,35.27,52.07,71.35,0.556,54.75
A0906,2025-05-11,6.4,21.22,32.08,44.55,0.556,33.81
A0906,2025-05-12,6.4,30.33,45.81,63.58,0.556,48.28
A0907,2025-04-29,7.0,39.47,60.64,86.54,0.556,64.23
A0907,2025-04-30,7.0,48.44,72.25,101.37,0.556,76.29
A0907,2025-05-01,7.0,32.06,49.69,71.25,0.556,52.68
A0907,2025-05-02,7.0,47.66,74.22,106.72,0.556,78.74
A0907,2025-05-03,7.0,49.01,74.1,104.8,0.556,78.37
A0907,2025-05-04,7.0,36.06,53.91,75.74,0.556,56.94
A0907,2025-05-05,7.0,36.56,55.64,78.97,0.556,58.88
A0907,2025-05-06,7.0,38.73,59.38,84.65,0.556,62.89
A0907,2025-05-07,7.0,42.33,64.0,90.52,0.556,67.68
A0907,2025-05-08,7.0,45.53,69.87,99.63,0.556,74.0
A0907,2025-05-09,7.0,51.42,79.54,113.94,0.556,84.32
A0907,2025-05-10,7.0,52.68,78.99,111.17,0.556,83.46
A0907,2025-05-11,7.0,32.99,49.99,70.78,0.556,52.88
A0907,2025-05-12,7.0,45.54,68.99,97.68,0.556,72.97
A0908,2025-04-29,24.3,7.66,17.54,29.66,0.909,29.93
A0908,2025-04-30,24.3,9.6,19.03,30.59,0.909,30.85
A0908,2025-05-01,24.3,7.96,16.69,27.39,0.909,27.64
A0908,2025-05-02,24.3,9.34,18.11,28.86,0.909,29.1
A0908,2025-05-03,24.3,10.35,19.22,30.09,0.909,30.34
A0908,2025-05-04,24.3,7.06,14.28,23.13,0.909,23.33
A0908,2025-05-05,24.3,8.28,17.11,27.93,0.909,28.17
A0908,2025-05-06,24.3,8.36,17.22,28.08,0.909,28.33
A0908,2025-05-07,24.3,8.98,20.46,34.54,0.909,34.86
A0908,2025-05-08,24.3,9.41,21.18,35.6,0.909,35.93
A0908,2025-05-09,24.3,9.75,22.66,38.49,0.909,38.85
A0908,2025-05-10,24.3,10.93,23.35,38.58,0.909,38.93
A0908,2025-05-11,24.3,7.46,17.1,28.92,0.909,29.19
A0908,2025-05-12,24.3,9.06,19.7,32.74,0.909,33.03
A0909,2025-04-29,30.1,12.08,19.78,31.72,0.909,31.99
A0909,2025-04-30,30.1,15.11,23.72,37.07,0.909,37.37
A0909,2025-05-01,30.1,10.71,15.92,24.01,0.909,24.19
A0909,2025-05-02,30.1,64.01,102.52,162.26,0.909,163.62
A0909,2025-05-03,30.1,59.43,97.82,157.38,0.909,158.73
A0909,2025-05-04,30.1,39.22,74.0,127.96,0.909,129.19
A0909,2025-05-05,30.1,50.65,82.53,131.99,0.909,133.11
A0909,2025-05-06,30.1,47.59,83.07,138.09,0.909,139.34
A0909,2025-05-07,30.1,11.09,19.6,32.79,0.909,33.09
A0909,2025-05-08,30.1,12.29,20.76,33.91,0.909,34.21
A0909,2025-05-09,30.1,13.77,23.64,38.96,0.909,39.3
A0909,2025-05-10,30.1,13.9,23.49,38.35,0.909,38.69
A0909,2025-05-11,30.1,10.66,18.56,30.82,0.909,31.1
A0909,2025-05-12,30.1,12.29,20.93,34.33,0.909,34.64
A0910,2025-04-29,27.0,8.89,13.8,21.54,0.909,21.72
A0910,2025-04-30,27.0,10.6,15.39,22.95,0.909,23.12
A0910,2025-05-01,27.0,8.19,11.51,16.74,0.909,16.86
A0910,2025-05-02,27.0,10.05,15.43,23.91,0.909,24.1
A0910,2025-05-03,27.0,9.99,15.66,24.59,0.909,24.8
A0910,2025-05-04,27.0,6.52,11.14,18.42,0.909,18.59
A0910,2025-05-05,27.0,8.84,12.76,18.94,0.909,19.08
A0910,2025-05-06,27.0,9.4,14.04,21.37,0.909,21.53
A0910,2025-05-07,27.0,10.08,15.52,24.09,0.909,24.29
A0910,2025-05-08,27.0,11.53,16.57,24.52,0.909,24.7
A0910,2025-05-09,27.0,12.18,18.3,27.94,0.909,28.16
A0910,2025-05-10,27.0,54.77,75.04,107.0,0.909,107.72
A0910,2025-05-11,27.0,32.11,48.47,74.25,0.909,74.84
A0910,2025-05-12,27.0,51.79,67.68,92.73,0.909,93.3
A0911,2025-04-29,302.6,19.69,28.56,40.29,0.909,40.56
A0911,2025-04-30,302.6,26.55,38.15,53.51,0.909,53.86
A0911,2025-05-01,302.6,17.56,25.5,36.01,0.909,36.25
A0911,2025-05-02,302.6,23.6,34.77,49.54,0.909,49.88
A0911,2025-05-03,302.6,24.36,35.51,50.27,0.909,50.61
A0911,2025-05-04,302.6,17.0,25.44,36.61,0.909,36.86
A0911,2025-05-05,302.6,18.16,26.17,36.77,0.909,37.01
A0911,2025-05-06,302.6,18.19,26.83,38.26,0.909,38.52
A0911,2025-05-07,302.6,18.24,27.19,39.03,0.909,39.3
A0911,2025-05-08,302.6,20.79,31.04,44.59,0.909,44.9
A0911,2025-05-09,302.6,22.47,33.63,48.39,0.909,48.73
A0911,2025-05-10,302.6,23.95,34.99,49.6,0.909,49.93
A0911,2025-05-11,302.6,14.84,21.93,31.31,0.909,31.53
A0911,2025-05-12,302.6,21.18,30.29,42.36,0.909,42.63
A0912,2025-04-29,5.2,18.11,28.41,42.12,0.556,30.31
A0912,2025-04-30,5.2,23.37,34.69,49.77,0.556,36.79
A0912,2025-05-01,5.2,15.58,24.82,37.11,0.556,26.52
A0912,2025-05-02,5.2,22.8,33.77,48.36,0.556,35.79
A0912,2025-05-03,5.2,23.41,34.47,49.19,0.556,36.51
A0912,2025-05-04,5.2,16.25,24.8,36.19,0.556,26.39
A0912,2025-05-05,5.2,16.55,24.76,35.69,0.556,26.28
A0912,2025-05-06,5.2,18.19,28.75,42.82,0.556,30.71
A0912,2025-05-07,5.2,18.31,27.23,39.1,0.556,28.88
A0912,2025-05-08,5.2,21.18,33.11,48.99,0.556,35.32
A0912,2025-05-09,5.2,23.88,35.68,51.38,0.556,37.86
A0912,2025-05-10,5.2,24.5,36.51,52.5,0.556,38.73
A0912,2025-05-11,5.2,29.11,44.59,65.2,0.556,47.45
A0912,2025-05-12,5.2,35.17,52.3,75.1,0.556,55.47
A0913,2025-04-29,2.4,36.63,57.85,80.47,0.556,60.99
A0913,2025-04-30,2.4,42.5,69.82,98.96,0.556,73.87
A0913,2025-05-01,2.4,32.32,53.1,75.27,0.556,56.18
A0913,2025-05-02,2.4,23.96,41.63,60.48,0.556,44.25
A0913,2025-05-03,2.4,23.94,42.74,62.81,0.556,45.53
A0913,2025-05-04,2.4,15.97,26.12,36.94,0.556,27.62
A0913,2025-05-05,2.4,18.72,31.01,44.11,0.556,32.83
A0913,2025-05-06,2.4,20.81,34.62,49.36,0.556,36.67
A0913,2025-05-07,2.4,19.63,32.38,45.98,0.556,34.27
A0913,2025-05-08,2.4,22.93,39.6,57.38,0.556,42.07
A0913,2025-05-09,2.4,26.42,43.73,62.19,0.556,46.29
A0913,2025-05-10,2.4,26.62,45.34,65.31,0.556,48.11
A0913,2025-05-11,2.4,15.49,24.37,33.83,0.556,25.68
A0913,2025-05-12,2.4,23.6,37.99,53.35,0.556,40.13
A0914,2025-04-29,5.6,4.68,22.34,51.17,0.556,26.35
A0914,2025-04-30,5.6,6.72,28.23,62.57,0.556,33.0
A0914,2025-05-01,5.6,4.45,21.53,48.96,0.556,25.34
A0914,2025-05-02,5.6,7.4,29.78,65.6,0.556,34.75
A0914,2025-05-03,5.6,8.19,31.63,68.58,0.556,36.76
A0914,2025-05-04,5.6,5.02,22.08,50.02,0.556,25.96
A0914,2025-05-05,5.6,6.66,26.62,58.9,0.556,31.1
A0914,2025-05-06,5.6,7.15,27.98,61.7,0.556,32.66
A0914,2025-05-07,5.6,7.88,30.06,65.68,0.556,35.01
A0914,2025-05-08,5.6,9.19,33.17,71.71,0.556,38.52
A0914,2025-05-09,5.6,10.3,36.26,78.33,0.556,42.1
A0914,2025-05-10,5.6,11.01,37.74,80.37,0.556,43.66
A0914,2025-05-11,5.6,6.17,24.15,53.8,0.556,28.27
A0914,2025-05-12,5.6,9.87,34.25,73.63,0.556,39.72
A0915,2025-04-29,2.9,60.31,86.74,125.45,0.556,92.12
A0915,2025-04-30,2.9,47.82,77.77,121.62,0.556,83.86
A0915,2025-05-01,2.9,37.03,56.71,85.53,0.556,60.71
A0915,2025-05-02,2.9,58.43,86.24,126.97,0.556,91.9
A0915,2025-05-03,2.9,58.78,88.21,131.32,0.556,94.2
A0915,2025-05-04,2.9,41.46,61.37,90.52,0.556,65.42
A0915,2025-05-05,2.9,46.66,69.22,102.25,0.556,73.8
A0915,2025-05-06,2.9,50.65,71.91,103.03,0.556,76.23
A0915,2025-05-07,2.9,47.09,68.06,98.77,0.556,72.33
A0915,2025-05-08,2.9,56.88,80.62,115.38,0.556,85.44
A0915,2025-05-09,2.9,62.53,90.06,130.37,0.556,95.66
A0915,2025-05-10,2.9,61.63,90.75,133.4,0.556,96.68
A0915,2025-05-11,2.9,34.12,50.41,74.26,0.556,53.72
A0915,2025-05-12,2.9,52.66,77.54,113.99,0.556,82.6
A0916,2025-04-29,422.2,8.54,16.29,25.72,0.909,25.94
A0916,2025-04-30,422.2,37.32,62.25,92.56,0.909,93.25
A0916,2025-05-01,422.2,29.07,49.58,74.53,0.909,75.09
A0916,2025-05-02,422.2,38.61,63.28,93.28,0.909,93.96
A0916,2025-05-03,422.2,9.16,18.98,30.93,0.909,31.2
A0916,2025-05-04,422.2,9.45,17.9,28.18,0.909,28.42
A0916,2025-05-05,422.2,67.67,106.35,153.38,0.909,154.45
A0916,2025-05-06,422.2,69.18,106.03,150.83,0.909,151.85
A0916,2025-05-07,422.2,60.6,89.76,125.2,0.909,126.0
A0916,2025-05-08,422.2,7.37,14.2,22.5,0.909,22.69
A0916,2025-05-09,422.2,7.19,14.61,23.62,0.909,23.83
A0916,2025-05-10,422.2,8.29,16.11,25.63,0.909,25.84
A0916,2025-05-11,422.2,7.67,13.7,21.04,0.909,21.21
A0916,2025-05-12,422.2,8.95,16.62,25.96,0.909,26.17
A0917,2025-04-29,3.2,19.49,30.55,44.8,0.556,32.53
A0917,2025-04-30,3.2,24.51,36.36,51.64,0.556,38.49
A0917,2025-05-01,3.2,16.2,24.98,36.3,0.556,26.55
A0917,2025-05-02,3.2,23.11,35.64,51.79,0.556,37.88
A0917,2025-05-03,3.2,24.02,38.02,56.07,0.556,40.53
A0917,2025-05-04,3.2,15.75,23.95,34.52,0.556,25.42
A0917,2025-05-05,3.2,18.49,27.08,38.15,0.556,28.62
A0917,2025-05-06,3.2,19.1,30.41,44.99,0.556,32.44
A0917,2025-05-07,3.2,18.74,28.41,40.87,0.556,30.14
A0917,2025-05-08,3.2,21.16,33.26,48.86,0.556,35.43
A0917,2025-05-09,3.2,23.58,35.8,51.55,0.556,37.98
A0917,2025-05-10,3.2,25.15,38.91,56.64,0.556,41.37
A0917,2025-05-11,3.2,14.95,22.36,31.91,0.556,23.69
A0917,2025-05-12,3.2,22.15,32.37,45.54,0.556,34.2
A0918,2025-04-29,299.2,6.29,10.4,18.08,0.909,18.25
A0918,2025-04-30,299.2,6.94,11.25,19.28,0.909,19.46
A0918,2025-05-01,299.2,5.26,8.19,13.67,0.909,13.79
A0918,2025-05-02,299.2,7.0,10.92,18.21,0.909,18.38
A0918,2025-05-03,299.2,7.18,10.87,17.76,0.909,17.91
A0918,2025-05-04,299.2,5.04,7.13,11.03,0.909,11.12
A0918,2025-05-05,299.2,5.7,8.94,14.98,0.909,15.12
A0918,2025-05-06,299.2,6.02,9.87,17.04,0.909,17.2
A0918,2025-05-07,299.2,7.46,11.52,19.09,0.909,19.26
A0918,2025-05-08,299.2,8.53,12.01,18.5,0.909,18.65
A0918,2025-05-09,299.2,9.48,13.61,21.32,0.909,21.5
A0918,2025-05-10,299.2,9.25,13.09,20.24,0.909,20.4
A0918,2025-05-11,299.2,5.8,7.7,11.24,0.909,11.32
A0918,2025-05-12,299.2,7.28,10.74,17.19,0.909,17.33
A0919,2025-04-29,183.3,2.49,5.22,8.9,0.909,8.98
A0919,2025-04-30,183.3,2.68,6.12,10.75,0.909,10.86
A0919,2025-05-01,183.3,2.12,5.3,9.58,0.909,9.68
A0919,2025-05-02,183.3,2.46,6.54,12.04,0.909,12.17
A0919,2025-05-03,183.3,2.92,5.97,10.09,0.909,10.18
A0919,2025-05-04,183.3,1.9,4.07,6.99,0.909,7.06
A0919,2025-05-05,183.3,2.26,4.8,8.24,0.909,8.31
A0919,2025-05-06,183.3,2.15,4.92,8.65,0.909,8.73
A0919,2025-05-07,183.3,2.2,4.65,7.95,0.909,8.02
A0919,2025-05-08,183.3,2.53,5.85,10.33,0.909,10.43
A0919,2025-05-09,183.3,2.4,6.46,11.92,0.909,12.04
A0919,2025-05-10,183.3,3.05,6.1,10.21,0.909,10.3
A0919,2025-05-11,183.3,2.11,3.98,6.51,0.909,6.56
A0919,2025-05-12,183.3,2.69,5.28,8.78,0.909,8.86
A0920,2025-04-29,375.1,95.71,109.77,118.88,0.909,119.09
A0920,2025-04-30,375.1,119.35,133.58,142.81,0.909,143.02
A0920,2025-05-01,375.1,89.21,102.32,110.82,0.909,111.01
A0920,2025-05-02,375.1,23.19,34.77,42.27,0.909,42.44
A0920,2025-05-03,375.1,21.8,36.46,45.96,0.909,46.18
A0920,2025-05-04,375.1,18.11,27.66,33.86,0.909,34.0
A0920,2025-05-05,375.1,20.17,32.25,40.08,0.909,40.26
A0920,2025-05-06,375.1,20.51,35.77,45.67,0.909,45.89
A0920,2025-05-07,375.1,22.66,34.7,42.51,0.909,42.69
A0920,2025-05-08,375.1,26.96,38.73,46.36,0.909,46.53
A0920,2025-05-09,375.1,32.65,42.96,49.64,0.909,49.79
A0920,2025-05-10,375.1,30.11,43.64,52.41,0.909,52.61
A0920,2025-05-11,375.1,75.55,84.6,90.46,0.909,90.59
A0920,2025-05-12,375.1,110.33,121.64,128.97,0.909,129.14
A0921,2025-04-29,426.5,75.36,98.35,130.19,0.909,130.92
A0921,2025-04-30,426.5,87.7,118.16,160.35,0.909,161.31
A0921,2025-05-01,426.5,56.04,76.1,103.91,0.909,104.54
A0921,2025-05-02,426.5,62.75,85.89,117.95,0.909,118.68
A0921,2025-05-03,426.5,64.03,88.46,122.31,0.909,123.08
A0921,2025-05-04,426.5,43.73,59.21,80.67,0.909,81.16
A0921,2025-05-05,426.5,49.67,66.39,89.56,0.909,90.08
A0921,2025-05-06,426.5,57.9,74.72,98.01,0.909,98.54
A0921,2025-05-07,426.5,65.39,86.33,115.34,0.909,116.0
A0921,2025-05-08,426.5,74.7,97.5,129.09,0.909,129.81
A0921,2025-05-09,426.5,82.23,108.18,144.13,0.909,144.95
A0921,2025-05-10,426.5,80.85,107.97,145.55,0.909,146.41
A0921,2025-05-11,426.5,48.86,64.93,87.2,0.909,87.7
A0921,2025-05-12,426.5,67.62,88.67,117.84,0.909,118.5
A0922,2025-04-29,2.6,44.6,65.89,90.18,0.556,69.26
A0922,2025-04-30,2.6,59.14,87.14,119.07,0.556,91.57
A0922,2025-05-01,2.6,38.31,58.31,81.11,0.556,61.47
A0922,2025-05-02,2.6,60.46,90.57,124.91,0.556,95.34
A0922,2025-05-03,2.6,57.15,84.65,116.0,0.556,89.0
A0922,2025-05-04,2.6,41.75,59.35,79.44,0.556,62.14
A0922,2025-05-05,2.6,44.17,65.92,90.72,0.556,69.36
A0922,2025-05-06,2.6,44.76,66.61,91.51,0.556,70.07
A0922,2025-05-07,2.6,43.24,64.93,89.67,0.556,68.37
A0922,2025-05-08,2.6,50.92,75.57,103.67,0.556,79.47
A0922,2025-05-09,2.6,60.48,90.29,124.29,0.556,95.01
A0922,2025-05-10,2.6,57.03,84.51,115.85,0.556,88.87
A0922,2025-05-11,2.6,34.99,50.78,68.78,0.556,53.28
A0922,2025-05-12,2.6,52.01,76.31,104.03,0.556,80.16
A0923,2025-04-29,191.0,1.51,11.04,28.04,0.909,28.43
A0923,2025-04-30,191.0,2.19,13.41,32.21,0.909,32.64
A0923,2025-05-01,191.0,1.13,10.7,26.68,0.909,27.04
A0923,2025-05-02,191.0,6.91,25.28,55.01,0.909,55.69
A0923,2025-05-03,191.0,6.74,24.64,53.84,0.909,54.51
A0923,2025-05-04,191.0,4.72,18.55,42.15,0.909,42.68
A0923,2025-05-05,191.0,5.14,19.92,45.37,0.909,45.94
A0923,2025-05-06,191.0,5.17,20.35,46.45,0.909,47.04
A0923,2025-05-07,191.0,1.31,11.38,28.87,0.909,29.26
A0923,2025-05-08,191.0,1.9,12.98,32.08,0.909,32.52
A0923,2025-05-09,191.0,2.17,13.99,34.44,0.909,34.91
A0923,2025-05-10,191.0,2.66,15.31,36.65,0.909,37.14
A0923,2025-05-11,191.0,1.32,11.15,28.22,0.909,28.61
A0923,2025-05-12,191.0,2.76,15.25,36.35,0.909,36.83
A0924,2025-04-29,6.8,15.86,27.65,43.11,0.556,29.79
A0924,2025-04-30,6.8,21.12,33.49,49.71,0.556,35.74
A0924,2025-05-01,6.8,15.77,26.81,41.3,0.556,28.82
A0924,2025-05-02,6.8,21.21,35.82,54.98,0.556,38.48
A0924,2025-05-03,6.8,22.51,35.45,52.43,0.556,37.81
A0924,2025-05-04,6.8,16.13,25.62,38.07,0.556,27.35
A0924,2025-05-05,6.8,17.81,29.3,44.38,0.556,31.39
A0924,2025-05-06,6.8,16.21,27.82,43.04,0.556,29.93
A0924,2025-05-07,6.8,15.86,27.54,42.86,0.556,29.66
A0924,2025-05-08,6.8,18.27,31.4,48.62,0.556,33.79
A0924,2025-05-09,6.8,61.44,97.91,145.75,0.556,104.56
A0924,2025-05-10,6.8,61.56,93.65,135.74,0.556,99.5
A0924,2025-05-11,6.8,41.1,63.44,92.74,0.556,67.51
A0924,2025-05-12,6.8,55.41,85.61,125.23,0.556,91.11
A0925,2025-04-29,5.9,8.43,30.21,63.39,0.556,34.82
A0925,2025-04-30,5.9,11.38,37.56,76.64,0.556,42.99
A0925,2025-05-01,5.9,7.7,28.23,59.22,0.556,32.53
A0925,2025-05-02,5.9,11.92,38.51,78.54,0.556,44.07
A0925,2025-05-03,5.9,12.64,39.79,80.2,0.556,45.4
A0925,2025-05-04,5.9,7.76,27.29,57.59,0.556,31.5
A0925,2025-05-05,5.9,9.88,32.5,67.07,0.556,37.3
A0925,2025-05-06,5.9,10.3,33.77,69.7,0.556,38.76
A0925,2025-05-07,5.9,11.21,36.1,73.92,0.556,41.35
A0925,2025-05-08,5.9,12.59,39.13,79.5,0.556,44.74
A0925,2025-05-09,5.9,14.11,42.77,86.84,0.556,48.89
A0925,2025-05-10,5.9,14.7,43.79,87.92,0.556,49.92
A0925,2025-05-11,5.9,8.24,27.77,58.47,0.556,32.03
A0925,2025-05-12,5.9,12.78,39.14,79.6,0.556,44.76
A0926,2025-04-29,4.9,80.64,113.31,162.37,0.556,120.12
A0926,2025-04-30,4.9,102.16,151.31,225.11,0.556,161.56
A0926,2025-05-01,4.9,62.16,87.15,124.66,0.556,92.36
A0926,2025-05-02,4.9,97.09,141.4,207.95,0.556,150.65
A0926,2025-05-03,4.9,93.09,132.7,192.18,0.556,140.96
A0926,2025-05-04,4.9,71.04,104.83,155.58,0.556,111.88
A0926,2025-05-05,4.9,67.4,94.15,134.32,0.556,99.73
A0926,2025-05-06,4.9,43.45,61.31,88.13,0.556,65.04
A0926,2025-05-07,4.9,49.8,69.41,98.87,0.556,73.5
A0926,2025-05-08,4.9,58.35,80.42,113.56,0.556,85.02
A0926,2025-05-09,4.9,67.9,94.35,134.05,0.556,99.86
A0926,2025-05-10,4.9,66.5,89.68,124.48,0.556,94.51
A0926,2025-05-11,4.9,43.75,58.61,80.93,0.556,61.71
A0926,2025-05-12,4.9,60.06,80.32,110.74,0.556,84.54
A0927,2025-04-29,13.6,30.64,43.34,61.13,0.909,61.54
A0927,2025-04-30,13.6,36.84,51.63,72.34,0.909,72.81
A0927,2025-05-01,13.6,25.21,35.06,48.85,0.909,49.17
A0927,2025-05-02,13.6,34.13,49.05,69.94,0.909,70.41
A0927,2025-05-03,13.6,35.37,51.17,73.3,0.909,73.81
A0927,2025-05-04,13.6,29.15,41.8,59.51,0.909,59.91
A0927,2025-05-05,13.6,28.06,39.92,56.53,0.909,56.9
A0927,2025-05-06,13.6,30.47,42.87,60.23,0.909,60.62
A0927,2025-05-07,13.6,28.37,41.33,59.47,0.909,59.89
A0927,2025-05-08,13.6,31.72,44.81,63.14,0.909,63.56
A0927,2025-05-09,13.6,33.8,48.97,70.2,0.909,70.68
A0927,2025-05-10,13.6,35.94,51.87,74.18,0.909,74.69
A0927,2025-05-11,13.6,26.0,37.56,53.75,0.909,54.12
A0927,2025-05-12,13.6,32.76,46.43,65.58,0.909,66.02
A0928,2025-04-29,5.5,25.17,39.9,58.37,0.556,42.46
A0928,2025-04-30,5.5,30.56,46.56,66.61,0.556,49.34
A0928,2025-05-01,5.5,20.97,32.0,45.82,0.556,33.92
A0928,2025-05-02,5.5,32.66,50.83,73.61,0.556,54.0
A0928,2025-05-03,5.5,32.26,49.9,72.02,0.556,52.97
A0928,2025-05-04,5.5,21.98,33.67,48.32,0.556,35.7
A0928,2025-05-05,5.5,25.17,38.03,54.15,0.556,40.27
A0928,2025-05-06,5.5,25.95,40.85,59.52,0.556,43.44
A0928,2025-05-07,5.5,52.08,78.27,111.1,0.556,82.83
A0928,2025-05-08,5.5,57.36,88.33,127.16,0.556,93.72
A0928,2025-05-09,5.5,64.36,98.26,140.76,0.556,104.17
A0928,2025-05-10,5.5,64.05,97.07,138.47,0.556,102.82
A0928,2025-05-11,5.5,15.88,27.34,41.7,0.556,29.33
A0928,2025-05-12,5.5,25.34,41.45,61.65,0.556,44.25
A0929,2025-04-29,208.5,13.25,20.28,30.34,0.909,30.56
A0929,2025-04-30,208.5,15.97,24.25,36.09,0.909,36.36
A0929,2025-05-01,208.5,11.47,16.84,24.54,0.909,24.71
A0929,2025-05-02,208.5,16.03,24.45,36.5,0.909,36.77
A0929,2025-05-03,208.5,16.93,25.84,38.59,0.909,38.88
A0929,2025-05-04,208.5,10.41,15.75,23.38,0.909,23.55
A0929,2025-05-05,208.5,12.71,19.29,28.69,0.909,28.91
A0929,2025-05-06,208.5,13.31,20.4,30.54,0.909,30.77
A0929,2025-05-07,208.5,13.23,20.12,29.97,0.909,30.19
A0929,2025-05-08,208.5,15.09,22.45,32.98,0.909,33.22
A0929,2025-05-09,208.5,16.47,24.92,37.01,0.909,37.29
A0929,2025-05-10,208.5,17.53,26.49,39.32,0.909,39.61
A0929,2025-05-11,208.5,9.93,14.83,21.84,0.909,22.0
A0929,2025-05-12,208.5,14.72,22.53,33.7,0.909,33.95
A0930,2025-04-29,176.6,10.51,18.24,26.5,0.909,26.69
A0930,2025-04-30,176.6,14.35,22.13,30.43,0.909,30.62
A0930,2025-05-01,176.6,8.81,16.01,23.7,0.909,23.87
A0930,2025-05-02,176.6,13.5,22.69,32.51,0.909,32.74
A0930,2025-05-03,176.6,12.77,21.52,30.86,0.909,31.07
A0930,2025-05-04,176.6,7.72,13.16,18.97,0.909,19.1
A0930,2025-05-05,176.6,9.17,16.24,23.79,0.909,23.97
A0930,2025-05-06,176.6,9.06,16.87,25.22,0.909,25.41
A0930,2025-05-07,176.6,10.64,17.78,25.41,0.909,25.59
A0930,2025-05-08,176.6,12.1,19.89,28.21,0.909,28.4
A0930,2025-05-09,176.6,14.43,23.79,33.78,0.909,34.01
A0930,2025-05-10,176.6,13.68,22.6,32.14,0.909,32.36
A0930,2025-05-11,176.6,7.55,12.93,18.68,0.909,18.81
A0930,2025-05-12,176.6,11.38,18.75,26.63,0.909,26.81
A0931,2025-04-29,210.8,5.0,8.94,13.81,0.909,13.92
A0931,2025-04-30,210.8,8.3,13.62,20.18,0.909,20.33
A0931,2025-05-01,210.8,5.89,10.19,15.51,0.909,15.63
A0931,2025-05-02,210.8,7.81,14.11,21.89,0.909,22.07
A0931,2025-05-03,210.8,7.94,14.27,22.09,0.909,22.27
A0931,2025-05-04,210.8,5.45,9.81,15.19,0.909,15.32
A0931,2025-05-05,210.8,3.83,7.56,12.15,0.909,12.26
A0931,2025-05-06,210.8,4.41,8.54,13.64,0.909,13.76
A0931,2025-05-07,210.8,3.92,7.32,11.52,0.909,11.62
A0931,2025-05-08,210.8,4.39,8.37,13.28,0.909,13.39
A0931,2025-05-09,210.8,4.62,9.33,15.14,0.909,15.27
A0931,2025-05-10,210.8,5.13,9.94,15.87,0.909,16.01
A0931,2025-05-11,210.8,3.44,6.66,10.63,0.909,10.72
A0931,2025-05-12,210.8,4.56,8.74,13.89,0.909,14.01
A0932,2025-04-29,6.5,96.11,134.45,180.45,0.556,140.84
A0932,2025-04-30,6.5,115.47,159.16,211.59,0.556,166.44
A0932,2025-05-01,6.5,73.51,103.7,139.94,0.556,108.73
A0932,2025-05-02,6.5,112.99,160.7,217.96,0.556,168.66
A0932,2025-05-03,6.5,110.01,155.98,211.14,0.556,163.64
A0932,2025-05-04,6.5,84.05,118.42,159.66,0.556,124.15
A0932,2025-05-05,6.5,80.21,113.05,152.47,0.556,118.53
A0932,2025-05-06,6.5,90.16,128.65,174.86,0.556,135.07
A0932,2025-05-07,6.5,97.07,134.41,179.23,0.556,140.64
A0932,2025-05-08,6.5,108.39,152.44,205.3,0.556,159.78
A0932,2025-05-09,6.5,124.18,173.81,233.36,0.556,182.08
A0932,2025-05-10,6.5,119.21,167.0,224.34,0.556,174.96
A0932,2025-05-11,6.5,79.26,111.63,150.49,0.556,117.03
A0932,2025-05-12,6.5,102.65,144.13,193.91,0.556,151.04
A0933,2025-04-29,308.7,1.33,11.23,27.13,0.909,27.5
A0933,2025-04-30,308.7,2.37,14.26,32.78,0.909,33.2
A0933,2025-05-01,308.7,1.11,11.05,26.59,0.909,26.94
A0933,2025-05-02,308.7,2.05,13.69,31.9,0.909,32.31
A0933,2025-05-03,308.7,2.3,14.39,33.0,0.909,33.43
A0933,2025-05-04,308.7,1.96,13.28,31.09,0.909,31.49
A0933,2025-05-05,308.7,1.7,12.68,29.79,0.909,30.18
A0933,2025-05-06,308.7,1.63,12.56,29.71,0.909,30.1
A0933,2025-05-07,308.7,1.49,12.2,29.05,0.909,29.43
A0933,2025-05-08,308.7,1.85,13.09,30.89,0.909,31.29
A0933,2025-05-09,308.7,2.06,13.7,32.34,0.909,32.76
A0933,2025-05-10,308.7,2.42,14.6,33.8,0.909,34.24
A0933,2025-05-11,308.7,1.59,12.11,28.83,0.909,29.21
A0933,2025-05-12,308.7,2.39,14.34,33.29,0.909,33.72
A0934,2025-04-29,395.3,6.72,10.19,15.5,0.909,15.62
A0934,2025-04-30,395.3,6.42,14.08,25.84,0.909,26.1
A0934,2025-05-01,395.3,5.87,7.79,10.74,0.909,10.81
A0934,2025-05-02,395.3,7.06,11.29,17.76,0.909,17.9
A0934,2025-05-03,395.3,7.1,12.27,20.2,0.909,20.38
A0934,2025-05-04,395.3,4.49,8.28,14.08,0.909,14.22
A0934,2025-05-05,395.3,6.1,8.58,12.38,0.909,12.47
A0934,2025-05-06,395.3,6.96,10.24,15.27,0.909,15.38
A0934,2025-05-07,395.3,7.31,11.59,18.16,0.909,18.31
A0934,2025-05-08,395.3,8.51,12.34,18.21,0.909,18.34
A0934,2025-05-09,395.3,8.88,13.45,20.44,0.909,20.6
A0934,2025-05-10,395.3,9.04,14.54,22.97,0.909,23.16
A0934,2025-05-11,395.3,5.43,8.3,12.69,0.909,12.79
A0934,2025-05-12,395.3,7.31,10.72,15.93,0.909,16.05
A0935,2025-04-29,378.9,12.7,19.08,24.38,0.909,24.5
A0935,2025-04-30,378.9,15.75,23.24,29.45,0.909,29.6
A0935,2025-05-01,378.9,10.11,18.05,24.65,0.909,24.8
A0935,2025-05-02,378.9,15.32,22.93,29.26,0.909,29.41
A0935,2025-05-03,378.9,15.57,23.72,30.49,0.909,30.65
A0935,2025-05-04,378.9,10.8,16.69,21.58,0.909,21.69
A0935,2025-05-05,378.9,11.77,19.34,25.63,0.909,25.77
A0935,2025-05-06,378.9,13.09,19.21,24.29,0.909,24.41
A0935,2025-05-07,378.9,13.54,19.94,25.26,0.909,25.38
A0935,2025-05-08,378.9,14.41,22.14,28.56,0.909,28.71
A0935,2025-05-09,378.9,15.94,23.38,29.57,0.909,29.71
A0935,2025-05-10,378.9,16.59,24.48,31.03,0.909,31.18
A0935,2025-05-11,378.9,10.13,15.11,19.24,0.909,19.33
A0935,2025-05-12,378.9,13.97,21.45,27.67,0.909,27.81
A0936,2025-04-29,316.3,68.91,92.57,123.53,0.909,124.23
A0936,2025-04-30,316.3,86.97,110.52,141.35,0.909,142.05
A0936,2025-05-01,316.3,55.35,75.22,101.23,0.909,101.82
A0936,2025-05-02,316.3,80.21,106.23,140.28,0.909,141.05
A0936,2025-05-03,316.3,80.5,107.06,141.82,0.909,142.61
A0936,2025-05-04,316.3,52.23,71.13,95.86,0.909,96.42
A0936,2025-05-05,316.3,57.18,78.66,106.78,0.909,107.42
A0936,2025-05-06,316.3,62.89,86.04,116.34,0.909,117.03
A0936,2025-05-07,316.3,72.12,95.87,126.94,0.909,127.65
A0936,2025-05-08,316.3,79.81,107.83,144.49,0.909,145.33
A0936,2025-05-09,316.3,89.41,119.42,158.69,0.909,159.58
A0936,2025-05-10,316.3,89.02,119.29,158.91,0.909,159.81
A0936,2025-05-11,316.3,52.87,73.86,101.33,0.909,101.95
A0936,2025-05-12,316.3,73.31,99.29,133.3,0.909,134.07
A0937,2025-04-29,6.9,63.76,96.22,131.62,0.556,101.14
A0937,2025-04-30,6.9,80.31,113.58,149.85,0.556,118.62
A0937,2025-05-01,6.9,55.88,84.67,116.05,0.556,89.03
A0937,2025-05-02,6.9,79.69,119.22,162.31,0.556,125.2
A0937,2025-05-03,6.9,80.18,120.93,165.36,0.556,127.1
A0937,2025-05-04,6.9,57.46,84.28,113.52,0.556,88.34
A0937,2025-05-05,6.9,61.5,92.18,125.63,0.556,96.83
A0937,2025-05-06,6.9,63.5,95.06,129.47,0.556,99.84
A0937,2025-05-07,6.9,63.4,95.03,129.52,0.556,99.82
A0937,2025-05-08,6.9,71.62,108.31,148.31,0.556,113.87
A0937,2025-05-09,6.9,80.77,122.89,168.8,0.556,129.27
A0937,2025-05-10,6.9,160.84,240.97,328.34,0.556,253.11
A0937,2025-05-11,6.9,104.75,153.74,207.15,0.556,161.16
A0937,2025-05-12,6.9,146.83,214.2,287.65,0.556,224.4
A0938,2025-04-29,6.8,30.77,44.01,61.16,0.556,46.39
A0938,2025-04-30,6.8,35.99,51.17,70.85,0.556,53.91
A0938,2025-05-01,6.8,26.53,39.49,56.28,0.556,41.82
A0938,2025-05-02,6.8,37.17,53.21,74.01,0.556,56.1
A0938,2025-05-03,6.8,36.79,53.12,74.29,0.556,56.06
A0938,2025-05-04,6.8,25.01,36.8,52.09,0.556,38.93
A0938,2025-05-05,6.8,29.01,42.05,58.95,0.556,44.39
A0938,2025-05-06,6.8,30.73,43.61,60.31,0.556,45.93
A0938,2025-05-07,6.8,31.93,45.41,62.89,0.556,47.84
A0938,2025-05-08,6.8,35.23,50.1,69.38,0.556,52.78
A0938,2025-05-09,6.8,39.35,55.98,77.52,0.556,58.97
A0938,2025-05-10,6.8,39.09,55.85,77.56,0.556,58.86
A0938,2025-05-11,6.8,23.71,34.69,48.92,0.556,36.67
A0938,2025-05-12,6.8,33.82,47.89,66.13,0.556,50.42
A0939,2025-04-29,3.5,68.0,96.11,133.01,0.556,101.23
A0939,2025-04-30,3.5,89.48,124.53,170.55,0.556,130.92
A0939,2025-05-01,3.5,56.37,81.3,114.03,0.556,85.85
A0939,2025-05-02,3.5,88.98,126.62,176.04,0.556,133.48
A0939,2025-05-03,3.5,90.86,127.35,175.26,0.556,134.0
A0939,2025-05-04,3.5,61.67,86.1,118.19,0.556,90.56
A0939,2025-05-05,3.5,62.27,88.3,122.48,0.556,93.05
A0939,2025-05-06,3.5,69.02,95.95,131.31,0.556,100.86
A0939,2025-05-07,3.5,73.85,102.64,140.45,0.556,107.89
A0939,2025-05-08,3.5,82.48,114.94,157.56,0.556,120.86
A0939,2025-05-09,3.5,94.08,131.55,180.76,0.556,138.39
A0939,2025-05-10,3.5,95.25,131.09,178.15,0.556,137.63
A0939,2025-05-11,3.5,51.62,71.85,98.41,0.556,75.54
A0939,2025-05-12,3.5,78.54,109.6,150.38,0.556,115.27
A0940,2025-04-29,298.6,31.74,46.95,65.47,0.909,65.89
A0940,2025-04-30,298.6,41.75,62.39,87.52,0.909,88.09
A0940,2025-05-01,298.6,26.06,38.31,53.23,0.909,53.57
A0940,2025-05-02,298.6,38.13,55.48,76.62,0.909,77.1
A0940,2025-05-03,298.6,39.44,56.16,76.52,0.909,76.98
A0940,2025-05-04,298.6,27.55,41.1,57.6,0.909,57.97
A0940,2025-05-05,298.6,28.29,41.25,57.04,0.909,57.4
A0940,2025-05-06,298.6,31.62,47.03,65.81,0.909,66.24
A0940,2025-05-07,298.6,33.8,47.87,65.01,0.909,65.4
A0940,2025-05-08,298.6,37.82,54.19,74.13,0.909,74.58
A0940,2025-05-09,298.6,40.07,57.46,78.64,0.909,79.12
A0940,2025-05-10,298.6,41.49,58.32,78.81,0.909,79.28
A0940,2025-05-11,298.6,24.79,36.29,50.29,0.909,50.6
A0940,2025-05-12,298.6,34.66,49.61,67.82,0.909,68.23
A0941,2025-04-29,5.9,24.5,42.62,62.88,0.556,45.44
A0941,2025-04-30,5.9,29.63,48.26,69.09,0.556,51.15
A0941,2025-05-01,5.9,20.31,34.21,49.74,0.556,36.37
A0941,2025-05-02,5.9,26.56,45.19,66.03,0.556,48.09
A0941,2025-05-03,5.9,28.45,47.81,69.45,0.556,50.82
A0941,2025-05-04,5.9,23.46,37.11,52.37,0.556,39.23
A0941,2025-05-05,5.9,22.46,37.36,54.02,0.556,39.67
A0941,2025-05-06,5.9,24.02,42.21,62.54,0.556,45.03
A0941,2025-05-07,5.9,23.13,40.44,59.79,0.556,43.13
A0941,2025-05-08,5.9,24.57,42.62,62.8,0.556,45.42
A0941,2025-05-09,5.9,25.14,44.57,66.3,0.556,47.59
A0941,2025-05-10,5.9,27.95,48.12,70.65,0.556,51.25
A0941,2025-05-11,5.9,20.92,34.39,49.44,0.556,36.48
A0941,2025-05-12,5.9,26.96,44.71,64.57,0.556,47.47
A0942,2025-04-29,6.1,78.4,109.2,151.95,0.556,115.14
A0942,2025-04-30,6.1,89.75,119.61,161.05,0.556,125.37
A0942,2025-05-01,6.1,71.41,99.82,139.24,0.556,105.29
A0942,2025-05-02,6.1,90.68,120.88,162.78,0.556,126.7
A0942,2025-05-03,6.1,91.17,122.48,165.94,0.556,128.52
A0942,2025-05-04,6.1,78.88,107.06,146.17,0.556,112.49
A0942,2025-05-05,6.1,75.05,102.81,141.32,0.556,108.16
A0942,2025-05-06,6.1,83.63,113.82,155.71,0.556,119.64
A0942,2025-05-07,6.1,75.11,103.64,143.22,0.556,109.13
A0942,2025-05-08,6.1,83.19,114.07,156.92,0.556,120.02
A0942,2025-05-09,6.1,85.37,116.49,159.68,0.556,122.49
A0942,2025-05-10,6.1,87.19,119.22,163.65,0.556,125.39
A0942,2025-05-11,6.1,225.9,309.33,425.1,0.556,325.41
A0942,2025-05-12,6.1,253.08,341.99,465.36,0.556,359.13
A0943,2025-04-29,5.4,27.13,40.85,57.87,0.556,43.22
A0943,2025-04-30,5.4,61.12,83.71,111.71,0.556,87.6
A0943,2025-05-01,5.4,37.33,52.81,72.01,0.556,55.48
A0943,2025-05-02,5.4,52.92,73.37,98.73,0.556,76.89
A0943,2025-05-03,5.4,52.04,74.73,102.87,0.556,78.64
A0943,2025-05-04,5.4,45.41,63.07,84.98,0.556,66.12
A0943,2025-05-05,5.4,41.69,59.92,82.53,0.556,63.06
A0943,2025-05-06,5.4,20.2,34.14,51.42,0.556,36.54
A0943,2025-05-07,5.4,22.96,35.41,50.85,0.556,37.55
A0943,2025-05-08,5.4,25.56,38.88,55.4,0.556,41.17
A0943,2025-05-09,5.4,30.06,43.01,59.07,0.556,45.24
A0943,2025-05-10,5.4,30.47,44.9,62.78,0.556,47.38
A0943,2025-05-11,5.4,22.85,33.61,46.94,0.556,35.46
A0943,2025-05-12,5.4,29.25,42.7,59.38,0.556,45.02
A0944,2025-04-29,12.8,2.95,17.83,46.64,0.909,47.3
A0944,2025-04-30,12.8,10.83,41.32,97.41,0.909,98.68
A0944,2025-05-01,12.8,8.11,34.89,82.92,0.909,84.01
A0944,2025-05-02,12.8,15.36,56.82,130.35,0.909,132.02
A0944,2025-05-03,12.8,18.11,65.77,148.46,0.909,150.34
A0944,2025-05-04,12.8,15.95,59.01,136.12,0.909,137.87
A0944,2025-05-05,12.8,15.57,58.35,133.13,0.909,134.83
A0944,2025-05-06,12.8,16.82,62.81,143.43,0.909,145.26
A0944,2025-05-07,12.8,17.73,65.48,148.11,0.909,149.99
A0944,2025-05-08,12.8,22.9,79.24,177.51,0.909,179.75
A0944,2025-05-09,12.8,25.85,87.16,195.15,0.909,197.61
A0944,2025-05-10,12.8,28.53,93.95,207.12,0.909,209.7
A0944,2025-05-11,12.8,18.67,64.22,144.15,0.909,145.96
A0944,2025-05-12,12.8,27.51,89.82,197.76,0.909,200.21
A0945,2025-04-29,4.5,231.21,331.78,485.49,0.556,353.13
A0945,2025-04-30,4.5,249.59,395.91,619.55,0.556,426.98
A0945,2025-05-01,4.5,231.77,307.2,422.47,0.556,323.21
A0945,2025-05-02,4.5,38.18,57.71,87.57,0.556,61.86
A0945,2025-05-03,4.5,39.08,60.32,92.78,0.556,64.83
A0945,2025-05-04,4.5,37.76,55.53,82.67,0.556,59.3
A0945,2025-05-05,4.5,41.53,58.16,83.57,0.556,61.69
A0945,2025-05-06,4.5,43.81,62.58,91.28,0.556,66.57
A0945,2025-05-07,4.5,45.5,64.32,93.09,0.556,68.32
A0945,2025-05-08,4.5,52.16,70.95,99.67,0.556,74.94
A0945,2025-05-09,4.5,54.29,74.44,105.25,0.556,78.72
A0945,2025-05-10,4.5,55.42,77.37,110.91,0.556,82.02
A0945,2025-05-11,4.5,44.37,59.79,83.36,0.556,63.07
A0945,2025-05-12,4.5,58.06,77.48,107.17,0.556,81.61
A0946,2025-04-29,4.5,51.89,69.32,93.54,0.556,72.69
A0946,2025-04-30,4.5,63.24,89.45,125.87,0.556,94.51
A0946,2025-05-01,4.5,41.26,55.25,74.7,0.556,57.96
A0946,2025-05-02,4.5,61.21,80.12,106.4,0.556,83.77
A0946,2025-05-03,4.5,60.34,80.36,108.18,0.556,84.22
A0946,2025-05-04,4.5,49.01,68.88,96.49,0.556,72.71
A0946,2025-05-05,4.5,45.32,61.43,83.81,0.556,64.53
A0946,2025-05-06,4.5,52.89,70.88,95.88,0.556,74.35
A0946,2025-05-07,4.5,55.75,73.04,97.05,0.556,76.37
A0946,2025-05-08,4.5,59.18,77.93,104.0,0.556,81.55
A0946,2025-05-09,4.5,65.22,83.45,108.78,0.556,86.96
A0946,2025-05-10,4.5,63.88,83.41,110.54,0.556,87.17
A0946,2025-05-11,4.5,43.02,59.41,82.19,0.556,62.57
A0946,2025-05-12,4.5,55.52,74.09,99.89,0.556,77.67
A0947,2025-04-29,5.2,34.67,48.98,69.28,0.556,51.8
A0947,2025-04-30,5.2,44.38,63.27,90.07,0.556,66.99
A0947,2025-05-01,5.2,28.23,38.17,52.27,0.556,40.13
A0947,2025-05-02,5.2,39.44,54.9,76.83,0.556,57.94
A0947,2025-05-03,5.2,41.22,58.32,82.58,0.556,61.69
A0947,2025-05-04,5.2,32.92,46.75,66.37,0.556,49.48
A0947,2025-05-05,5.2,32.88,44.96,62.09,0.556,47.34
A0947,2025-05-06,5.2,109.17,149.66,207.09,0.556,157.64
A0947,2025-05-07,5.2,113.97,160.73,227.05,0.556,169.94
A0947,2025-05-08,5.2,121.17,164.52,226.0,0.556,173.05
A0947,2025-05-09,5.2,128.44,178.01,248.32,0.556,187.78
A0947,2025-05-10,5.2,35.03,52.24,76.65,0.556,55.63
A0947,2025-05-11,5.2,24.85,35.93,51.66,0.556,38.12
A0947,2025-05-12,5.2,33.82,48.44,69.17,0.556,51.32
A0948,2025-04-29,5.0,31.36,55.98,88.55,0.556,60.5
A0948,2025-04-30,5.0,37.97,61.18,91.88,0.556,65.44
A0948,2025-05-01,5.0,24.41,42.69,66.88,0.556,46.05
A0948,2025-05-02,5.0,36.47,63.85,100.08,0.556,68.88
A0948,2025-05-03,5.0,36.12,65.02,103.24,0.556,70.32
A0948,2025-05-04,5.0,30.17,52.18,81.3,0.556,56.23
A0948,2025-05-05,5.0,29.48,51.4,80.39,0.556,55.43
A0948,2025-05-06,5.0,32.55,55.81,86.58,0.556,60.08
A0948,2025-05-07,5.0,30.24,52.61,82.2,0.556,56.72
A0948,2025-05-08,5.0,32.14,56.25,88.13,0.556,60.67
A0948,2025-05-09,5.0,37.14,66.71,105.83,0.556,72.14
A0948,2025-05-10,5.0,37.45,67.98,108.37,0.556,73.59
A0948,2025-05-11,5.0,26.05,47.16,75.08,0.556,51.03
A0948,2025-05-12,5.0,33.33,58.77,92.43,0.556,63.45
A0949,2025-04-29,5.9,51.11,70.6,96.86,0.556,74.24
A0949,2025-04-30,5.9,64.87,88.85,121.17,0.556,93.34
A0949,2025-05-01,5.9,44.21,62.94,88.17,0.556,66.44
A0949,2025-05-02,5.9,66.93,94.15,130.83,0.556,99.24
A0949,2025-05-03,5.9,66.06,92.25,127.54,0.556,97.15
A0949,2025-05-04,5.9,46.23,64.75,89.7,0.556,68.21
A0949,2025-05-05,5.9,49.15,68.24,93.96,0.556,71.81
A0949,2025-05-06,5.9,50.82,69.98,95.81,0.556,73.57
A0949,2025-05-07,5.9,52.88,73.29,100.79,0.556,77.11
A0949,2025-05-08,5.9,61.51,85.07,116.83,0.556,89.48
A0949,2025-05-09,5.9,71.04,98.72,136.03,0.556,103.9
A0949,2025-05-10,5.9,69.35,95.81,131.47,0.556,100.76
A0949,2025-05-11,5.9,41.31,58.1,80.73,0.556,61.24
A0949,2025-05-12,5.9,58.04,79.68,108.83,0.556,83.73
A0950,2025-04-29,6.6,459.7,637.13,873.22,0.556,669.92
A0950,2025-04-30,6.6,516.88,720.27,990.91,0.556,757.86
A0950,2025-05-01,6.6,376.16,529.12,732.64,0.556,557.38
A0950,2025-05-02,6.6,546.65,749.79,1020.11,0.556,787.34
A0950,2025-05-03,6.6,542.74,735.25,991.41,0.556,770.83
A0950,2025-05-04,6.6,410.57,582.77,811.92,0.556,614.6
A0950,2025-05-05,6.6,402.89,554.22,755.58,0.556,582.18
A0950,2025-05-06,6.6,451.45,626.91,860.39,0.556,659.34
A0950,2025-05-07,6.6,463.37,652.22,903.52,0.556,687.12
A0950,2025-05-08,6.6,499.58,699.25,964.93,0.556,736.15
A0950,2025-05-09,6.6,550.4,753.69,1024.2,0.556,791.26
A0950,2025-05-10,6.6,549.63,741.63,997.11,0.556,777.11
A0950,2025-05-11,6.6,392.15,553.93,769.19,0.556,583.83
A0950,2025-05-12,6.6,469.61,649.51,888.88,0.556,682.75
A0951,2025-04-29,347.2,30.88,46.49,62.63,0.909,63.0
A0951,2025-04-30,347.2,41.08,63.22,86.12,0.909,86.64
A0951,2025-05-01,347.2,26.57,40.37,54.64,0.909,54.97
A0951,2025-05-02,347.2,37.17,56.44,76.37,0.909,76.82
A0951,2025-05-03,347.2,37.69,56.65,76.26,0.909,76.71
A0951,2025-05-04,347.2,27.79,42.15,56.99,0.909,57.33
A0951,2025-05-05,347.2,29.67,45.04,60.93,0.909,61.29
A0951,2025-05-06,347.2,29.79,45.11,60.94,0.909,61.3
A0951,2025-05-07,347.2,30.44,46.41,62.91,0.909,63.29
A0951,2025-05-08,347.2,33.66,51.07,69.06,0.909,69.47
A0951,2025-05-09,347.2,36.3,55.74,75.84,0.909,76.3
A0951,2025-05-10,347.2,37.48,56.48,76.12,0.909,76.57
A0951,2025-05-11,347.2,24.41,36.27,48.54,0.909,48.82
A0951,2025-05-12,347.2,34.37,51.72,69.65,0.909,70.06
A0952,2025-04-29,4.3,37.64,54.26,75.34,0.556,57.18
A0952,2025-04-30,4.3,46.06,65.26,89.65,0.556,68.65
A0952,2025-05-01,4.3,30.48,42.73,58.27,0.556,44.88
A0952,2025-05-02,4.3,45.06,62.14,83.81,0.556,65.15
A0952,2025-05-03,4.3,45.54,63.48,86.24,0.556,66.64
A0952,2025-05-04,4.3,35.31,50.56,69.92,0.556,53.25
A0952,2025-05-05,4.3,34.71,49.22,67.63,0.556,51.77
A0952,2025-05-06,4.3,38.21,54.91,76.11,0.556,57.86
A0952,2025-05-07,4.3,40.58,55.76,75.02,0.556,58.43
A0952,2025-05-08,4.3,43.47,59.79,80.51,0.556,62.67
A0952,2025-05-09,4.3,47.93,65.12,86.93,0.556,68.15
A0952,2025-05-10,4.3,48.01,66.1,89.05,0.556,69.29
A0952,2025-05-11,4.3,31.64,45.33,62.71,0.556,47.74
A0952,2025-05-12,4.3,41.61,58.46,79.85,0.556,61.43
A0953,2025-04-29,5.4,39.14,61.13,88.48,0.556,64.93
A0953,2025-04-30,5.4,38.95,60.55,87.41,0.556,64.28
A0953,2025-05-01,5.4,26.67,42.26,61.64,0.556,44.95
A0953,2025-05-02,5.4,38.01,59.64,86.53,0.556,63.37
A0953,2025-05-03,5.4,38.59,61.14,89.17,0.556,65.03
A0953,2025-05-04,5.4,33.31,51.41,73.92,0.556,54.54
A0953,2025-05-05,5.4,31.95,50.48,73.52,0.556,53.68
A0953,2025-05-06,5.4,34.14,52.6,75.57,0.556,55.79
A0953,2025-05-07,5.4,34.46,53.89,78.03,0.556,57.24
A0953,2025-05-08,5.4,35.93,55.49,79.81,0.556,58.87
A0953,2025-05-09,5.4,39.29,60.33,86.49,0.556,63.96
A0953,2025-05-10,5.4,39.81,61.99,89.57,0.556,65.82
A0953,2025-05-11,5.4,29.69,47.14,68.84,0.556,50.16
A0953,2025-05-12,5.4,37.19,58.03,83.94,0.556,61.63
A0954,2025-04-29,200.8,13.0,21.44,30.35,0.909,30.55
A0954,2025-04-30,200.8,17.56,27.37,37.73,0.909,37.97
A0954,2025-05-01,200.8,10.67,19.09,27.98,0.909,28.18
A0954,2025-05-02,200.8,14.63,25.48,36.94,0.909,37.2
A0954,2025-05-03,200.8,19.45,32.28,45.84,0.909,46.15
A0954,2025-05-04,200.8,13.42,21.87,30.79,0.909,30.99
A0954,2025-05-05,200.8,14.56,26.11,38.31,0.909,38.59
A0954,2025-05-06,200.8,15.33,26.09,37.44,0.909,37.7
A0954,2025-05-07,200.8,16.89,28.44,40.63,0.909,40.91
A0954,2025-05-08,200.8,18.07,30.28,43.18,0.909,43.47
A0954,2025-05-09,200.8,14.47,25.59,37.34,0.909,37.6
A0954,2025-05-10,200.8,14.95,24.74,35.07,0.909,35.31
A0954,2025-05-11,200.8,8.82,14.56,20.63,0.909,20.77
A0954,2025-05-12,200.8,13.2,22.39,32.09,0.909,32.31
A0955,2025-04-29,316.3,2.65,7.06,13.64,0.909,13.79
A0955,2025-04-30,316.3,3.42,8.9,17.07,0.909,17.25
A0955,2025-05-01,316.3,2.38,6.22,11.95,0.909,12.08
A0955,2025-05-02,316.3,2.89,8.22,16.16,0.909,16.34
A0955,2025-05-03,316.3,3.11,8.65,16.9,0.909,17.09
A0955,2025-05-04,316.3,2.2,5.45,10.29,0.909,10.4
A0955,2025-05-05,316.3,2.59,6.5,12.32,0.909,12.45
A0955,2025-05-06,316.3,2.81,7.07,13.42,0.909,13.57
A0955,2025-05-07,316.3,5.16,12.44,23.3,0.909,23.55
A0955,2025-05-08,316.3,5.38,13.45,25.47,0.909,25.75
A0955,2025-05-09,316.3,5.86,14.62,27.68,0.909,27.98
A0955,2025-05-10,316.3,2.87,9.59,19.62,0.909,19.84
A0955,2025-05-11,316.3,1.77,5.55,11.18,0.909,11.3
A0955,2025-05-12,316.3,2.26,7.33,14.89,0.909,15.06
A0956,2025-04-29,5.9,60.96,82.3,109.99,0.556,86.15
A0956,2025-04-30,5.9,76.12,101.47,134.35,0.556,106.03
A0956,2025-05-01,5.9,51.51,68.33,90.15,0.556,71.36
A0956,2025-05-02,5.9,72.39,96.27,127.26,0.556,100.57
A0956,2025-05-03,5.9,73.21,95.97,125.5,0.556,100.07
A0956,2025-05-04,5.9,57.88,78.33,104.85,0.556,82.01
A0956,2025-05-05,5.9,56.44,75.88,101.09,0.556,79.38
A0956,2025-05-06,5.9,59.86,81.52,109.62,0.556,85.42
A0956,2025-05-07,5.9,61.92,83.22,110.87,0.556,87.06
A0956,2025-05-08,5.9,66.78,89.99,120.09,0.556,94.17
A0956,2025-05-09,5.9,74.68,99.09,130.77,0.556,103.49
A0956,2025-05-10,5.9,76.54,99.9,130.2,0.556,104.11
A0956,2025-05-11,5.9,52.98,71.96,96.58,0.556,75.38
A0956,2025-05-12,5.9,68.6,92.45,123.39,0.556,96.75
A0957,2025-04-29,359.8,4.14,11.42,22.19,0.909,22.44
A0957,2025-04-30,359.8,5.13,12.67,23.83,0.909,24.08
A0957,2025-05-01,359.8,4.22,10.71,20.32,0.909,20.54
A0957,2025-05-02,359.8,4.5,11.53,21.93,0.909,22.17
A0957,2025-05-03,359.8,4.16,11.95,23.47,0.909,23.73
A0957,2025-05-04,359.8,4.23,8.53,14.88,0.909,15.03
A0957,2025-05-05,359.8,4.44,10.34,19.08,0.909,19.28
A0957,2025-05-06,359.8,4.41,11.02,20.81,0.909,21.03
A0957,2025-05-07,359.8,4.19,13.28,26.73,0.909,27.04
A0957,2025-05-08,359.8,5.22,14.89,29.2,0.909,29.52
A0957,2025-05-09,359.8,5.34,14.91,29.09,0.909,29.41
A0957,2025-05-10,359.8,4.92,15.07,30.08,0.909,30.42
A0957,2025-05-11,359.8,7.1,12.87,21.41,0.909,21.6
A0957,2025-05-12,359.8,8.02,16.07,27.99,0.909,28.26
A0958,2025-04-29,401.1,16.43,28.1,42.8,0.909,43.13
A0958,2025-04-30,401.1,20.31,40.27,65.44,0.909,66.01
A0958,2025-05-01,401.1,13.97,24.24,37.18,0.909,37.48
A0958,2025-05-02,401.1,13.51,21.94,32.57,0.909,32.81
A0958,2025-05-03,401.1,13.14,21.19,31.34,0.909,31.57
A0958,2025-05-04,401.1,9.68,17.15,26.57,0.909,26.79
A0958,2025-05-05,401.1,10.62,17.18,25.46,0.909,25.65
A0958,2025-05-06,401.1,11.3,18.39,27.33,0.909,27.53
A0958,2025-05-07,401.1,11.75,18.85,27.8,0.909,28.0
A0958,2025-05-08,401.1,13.74,21.59,31.48,0.909,31.71
A0958,2025-05-09,401.1,15.29,23.74,34.4,0.909,34.64
A0958,2025-05-10,401.1,14.66,22.78,33.01,0.909,33.24
A0958,2025-05-11,401.1,9.28,15.25,22.77,0.909,22.94
A0958,2025-05-12,401.1,12.99,20.42,29.77,0.909,29.99
A0959,2025-04-29,411.1,3.09,7.75,14.16,0.909,14.3
A0959,2025-04-30,411.1,3.69,7.45,12.61,0.909,12.73
A0959,2025-05-01,411.1,3.15,6.14,10.25,0.909,10.34
A0959,2025-05-02,411.1,3.5,8.51,15.39,0.909,15.55
A0959,2025-05-03,411.1,3.62,8.66,15.6,0.909,15.75
A0959,2025-05-04,411.1,2.77,5.55,9.37,0.909,9.45
A0959,2025-05-05,411.1,3.16,6.34,10.71,0.909,10.81
A0959,2025-05-06,411.1,3.15,7.7,13.96,0.909,14.1
A0959,2025-05-07,411.1,3.21,7.95,14.46,0.909,14.61
A0959,2025-05-08,411.1,3.52,9.09,16.75,0.909,16.92
A0959,2025-05-09,411.1,3.53,9.36,17.37,0.909,17.55
A0959,2025-05-10,411.1,3.73,9.51,17.47,0.909,17.66
A0959,2025-05-11,411.1,2.75,6.23,11.01,0.909,11.12
A0959,2025-05-12,411.1,3.26,7.77,13.98,0.909,14.12
A0960,2025-04-29,5.5,34.71,50.15,67.73,0.556,52.59
A0960,2025-04-30,5.5,44.52,66.86,92.27,0.556,70.39
A0960,2025-05-01,5.5,27.47,38.76,51.62,0.556,40.55
A0960,2025-05-02,5.5,38.44,55.59,75.11,0.556,58.3
A0960,2025-05-03,5.5,38.27,54.92,73.88,0.556,57.56
A0960,2025-05-04,5.5,30.03,46.68,65.64,0.556,49.32
A0960,2025-05-05,5.5,29.94,43.56,59.07,0.556,45.72
A0960,2025-05-06,5.5,33.67,49.25,66.97,0.556,51.71
A0960,2025-05-07,5.5,35.1,50.73,68.51,0.556,53.2
A0960,2025-05-08,5.5,38.35,54.29,72.43,0.556,56.81
A0960,2025-05-09,5.5,40.15,57.45,77.14,0.556,60.18
A0960,2025-05-10,5.5,40.87,57.72,76.89,0.556,60.38
A0960,2025-05-11,5.5,28.2,42.29,58.32,0.556,44.51
A0960,2025-05-12,5.5,37.07,53.42,72.01,0.556,56.0
A0961,2025-04-29,5.7,50.58,71.19,94.79,0.556,74.47
A0961,2025-04-30,5.7,59.42,84.19,112.53,0.556,88.12
A0961,2025-05-01,5.7,40.52,55.07,71.72,0.556,57.38
A0961,2025-05-02,5.7,55.36,77.19,102.19,0.556,80.66
A0961,2025-05-03,5.7,55.07,77.15,102.42,0.556,80.66
A0961,2025-05-04,5.7,52.56,74.28,99.16,0.556,77.74
A0961,2025-05-05,5.7,46.35,63.56,83.26,0.556,66.29
A0961,2025-05-06,5.7,51.05,71.02,93.88,0.556,74.2
A0961,2025-05-07,5.7,49.74,70.75,94.8,0.556,74.09
A0961,2025-05-08,5.7,55.79,78.06,103.56,0.556,81.6
A0961,2025-05-09,5.7,57.03,79.31,104.81,0.556,82.85
A0961,2025-05-10,5.7,56.97,79.23,104.7,0.556,82.76
A0961,2025-05-11,5.7,46.9,66.21,88.32,0.556,69.28
A0961,2025-05-12,5.7,75.6,104.65,137.92,0.556,109.27
A0962,2025-04-29,321.2,29.42,45.81,66.9,0.909,67.38
A0962,2025-04-30,321.2,38.31,57.96,83.26,0.909,83.83
A0962,2025-05-01,321.2,24.59,36.38,51.56,0.909,51.9
A0962,2025-05-02,321.2,36.53,54.96,78.67,0.909,79.21
A0962,2025-05-03,321.2,38.26,57.61,82.53,0.909,83.1
A0962,2025-05-04,321.2,28.32,41.93,59.45,0.909,59.85
A0962,2025-05-05,321.2,30.09,42.31,58.04,0.909,58.39
A0962,2025-05-06,321.2,30.02,46.69,68.15,0.909,68.64
A0962,2025-05-07,321.2,30.34,46.08,66.34,0.909,66.8
A0962,2025-05-08,321.2,32.97,51.17,74.62,0.909,75.15
A0962,2025-05-09,321.2,36.13,54.43,77.98,0.909,78.52
A0962,2025-05-10,321.2,38.25,57.59,82.5,0.909,83.06
A0962,2025-05-11,321.2,24.52,36.88,52.8,0.909,53.16
A0962,2025-05-12,321.2,34.7,50.05,69.82,0.909,70.27
A0963,2025-04-29,29.4,8.86,13.99,20.2,0.909,20.34
A0963,2025-04-30,29.4,9.67,14.07,19.4,0.909,19.52
A0963,2025-05-01,29.4,7.32,11.73,17.06,0.909,17.18
A0963,2025-05-02,29.4,8.62,14.42,21.44,0.909,21.6
A0963,2025-05-03,29.4,8.91,14.83,21.98,0.909,22.14
A0963,2025-05-04,29.4,6.75,10.96,16.06,0.909,16.18
A0963,2025-05-05,29.4,7.6,12.65,18.75,0.909,18.89
A0963,2025-05-06,29.4,8.52,13.3,19.07,0.909,19.2
A0963,2025-05-07,29.4,9.38,15.24,22.32,0.909,22.49
A0963,2025-05-08,29.4,10.06,16.29,23.83,0.909,24.0
A0963,2025-05-09,29.4,10.39,17.21,25.45,0.909,25.63
A0963,2025-05-10,29.4,10.72,17.45,25.58,0.909,25.76
A0963,2025-05-11,29.4,7.55,12.56,18.61,0.909,18.74
A0963,2025-05-12,29.4,9.04,15.2,22.65,0.909,22.82
A0964,2025-04-29,386.2,6.61,13.35,22.1,0.909,22.3
A0964,2025-04-30,386.2,8.88,18.56,31.14,0.909,31.42
A0964,2025-05-01,386.2,5.0,12.63,22.55,0.909,22.78
A0964,2025-05-02,386.2,6.51,13.86,23.42,0.909,23.64
A0964,2025-05-03,386.2,7.34,15.24,25.5,0.909,25.73
A0964,2025-05-04,386.2,4.53,11.1,19.64,0.909,19.84
A0964,2025-05-05,386.2,5.24,12.22,21.29,0.909,21.5
A0964,2025-05-06,386.2,5.93,12.02,19.94,0.909,20.12
A0964,2025-05-07,386.2,6.33,15.6,27.66,0.909,27.93
A0964,2025-05-08,386.2,7.07,16.32,28.34,0.909,28.61
A0964,2025-05-09,386.2,7.6,17.61,30.62,0.909,30.92
A0964,2025-05-10,386.2,8.45,18.67,31.96,0.909,32.26
A0964,2025-05-11,386.2,5.12,12.33,21.69,0.909,21.9
A0964,2025-05-12,386.2,6.46,14.44,24.8,0.909,25.04
A0965,2025-04-29,351.6,6.53,12.33,19.67,0.909,19.84
A0965,2025-04-30,351.6,8.54,16.98,27.66,0.909,27.9
A0965,2025-05-01,351.6,5.26,8.64,12.92,0.909,13.02
A0965,2025-05-02,351.6,11.28,22.5,36.69,0.909,37.01
A0965,2025-05-03,351.6,10.99,22.1,36.17,0.909,36.49
A0965,2025-05-04,351.6,7.59,15.72,26.01,0.909,26.25
A0965,2025-05-05,351.6,8.34,15.23,23.95,0.909,24.15
A0965,2025-05-06,351.6,8.99,17.64,28.61,0.909,28.86
A0965,2025-05-07,351.6,10.48,22.24,37.13,0.909,37.47
A0965,2025-05-08,351.6,6.62,13.42,22.03,0.909,22.23
A0965,2025-05-09,351.6,7.49,15.81,26.35,0.909,26.59
A0965,2025-05-10,351.6,7.63,15.69,25.88,0.909,26.11
A0965,2025-05-11,351.6,5.01,10.08,16.49,0.909,16.63
A0965,2025-05-12,351.6,6.46,12.68,20.57,0.909,20.74
A0966,2025-04-29,4.1,28.34,40.81,55.18,0.556,42.81
A0966,2025-04-30,4.1,32.16,45.63,61.15,0.556,47.78
A0966,2025-05-01,4.1,22.49,32.52,44.09,0.556,34.13
A0966,2025-05-02,4.1,32.8,46.11,61.45,0.556,48.24
A0966,2025-05-03,4.1,34.85,48.04,63.24,0.556,50.15
A0966,2025-05-04,4.1,25.61,36.66,49.39,0.556,38.43
A0966,2025-05-05,4.1,26.23,38.04,51.66,0.556,39.93
A0966,2025-05-06,4.1,28.09,40.64,55.11,0.556,42.65
A0966,2025-05-07,4.1,30.25,41.41,54.28,0.556,43.2
A0966,2025-05-08,4.1,76.99,106.81,141.19,0.556,111.59
A0966,2025-05-09,4.1,83.7,115.28,151.69,0.556,120.34
A0966,2025-05-10,4.1,83.94,115.27,151.38,0.556,120.28
A0966,2025-05-11,4.1,62.45,86.43,114.07,0.556,90.27
A0966,2025-05-12,4.1,78.01,109.17,145.09,0.556,114.16
A0967,2025-04-29,6.0,14.75,41.81,82.93,0.556,47.52
A0967,2025-04-30,6.0,18.22,49.08,96.19,0.556,55.63
A0967,2025-05-01,6.0,13.15,37.62,75.43,0.556,42.87
A0967,2025-05-02,6.0,19.28,50.88,99.43,0.556,57.62
A0967,2025-05-03,6.0,19.55,51.38,99.8,0.556,58.11
A0967,2025-05-04,6.0,13.08,36.7,74.36,0.556,41.93
A0967,2025-05-05,6.0,15.31,41.69,82.84,0.556,47.41
A0967,2025-05-06,6.0,15.89,43.29,86.04,0.556,49.23
A0967,2025-05-07,6.0,16.66,45.08,89.04,0.556,51.19
A0967,2025-05-08,6.0,18.84,49.53,97.18,0.556,56.15
A0967,2025-05-09,6.0,20.88,54.0,105.73,0.556,61.19
A0967,2025-05-10,6.0,21.26,54.76,106.4,0.556,61.93
A0967,2025-05-11,6.0,13.03,36.34,73.65,0.556,41.53
A0967,2025-05-12,6.0,18.81,49.26,96.72,0.556,55.85
A0968,2025-04-29,370.7,6.65,12.26,19.51,0.909,19.68
A0968,2025-04-30,370.7,8.2,17.55,29.66,0.909,29.94
A0968,2025-05-01,370.7,6.33,10.88,16.77,0.909,16.91
A0968,2025-05-02,370.7,6.94,13.29,21.51,0.909,21.69
A0968,2025-05-03,370.7,8.29,14.96,23.6,0.909,23.79
A0968,2025-05-04,370.7,7.63,14.78,24.05,0.909,24.26
A0968,2025-05-05,370.7,7.8,13.29,20.4,0.909,20.56
A0968,2025-05-06,370.7,6.66,12.57,20.23,0.909,20.41
A0968,2025-05-07,370.7,5.55,10.97,17.98,0.909,18.14
A0968,2025-05-08,370.7,6.04,11.77,19.19,0.909,19.36
A0968,2025-05-09,370.7,6.05,11.78,19.19,0.909,19.36
A0968,2025-05-10,370.7,7.94,14.09,22.05,0.909,22.23
A0968,2025-05-11,370.7,6.55,11.83,18.67,0.909,18.83
A0968,2025-05-12,370.7,7.97,14.1,22.05,0.909,22.23
A0969,2025-04-29,327.4,7.1,14.14,24.57,0.909,24.8
A0969,2025-04-30,327.4,9.44,16.81,27.73,0.909,27.98
A0969,2025-05-01,327.4,6.2,10.93,17.95,0.909,18.11
A0969,2025-05-02,327.4,7.75,15.5,26.97,0.909,27.23
A0969,2025-05-03,327.4,7.62,15.38,26.87,0.909,27.13
A0969,2025-05-04,327.4,5.74,9.7,15.56,0.909,15.7
A0969,2025-05-05,327.4,6.21,11.18,18.53,0.909,18.7
A0969,2025-05-06,327.4,6.58,13.38,23.46,0.909,23.69
A0969,2025-05-07,327.4,7.5,16.35,29.45,0.909,29.75
A0969,2025-05-08,327.4,8.1,17.76,32.06,0.909,32.38
A0969,2025-05-09,327.4,9.16,19.35,34.43,0.909,34.78
A0969,2025-05-10,327.4,9.09,19.1,33.92,0.909,34.26
A0969,2025-05-11,327.4,6.23,11.53,19.39,0.909,19.57
A0969,2025-05-12,327.4,7.51,14.84,25.69,0.909,25.93
A0970,2025-04-29,5.6,36.54,55.96,74.91,0.556,58.59
A0970,2025-04-30,5.6,46.03,65.26,84.01,0.556,67.86
A0970,2025-05-01,5.6,31.4,50.31,68.74,0.556,52.87
A0970,2025-05-02,5.6,45.18,69.46,93.13,0.556,72.74
A0970,2025-05-03,5.6,45.02,68.94,92.26,0.556,72.18
A0970,2025-05-04,5.6,31.29,46.55,61.44,0.556,48.62
A0970,2025-05-05,5.6,35.65,54.87,73.61,0.556,57.47
A0970,2025-05-06,5.6,36.32,55.4,73.99,0.556,57.98
A0970,2025-05-07,5.6,38.39,57.43,75.99,0.556,60.0
A0970,2025-05-08,5.6,43.3,66.2,88.52,0.556,69.3
A0970,2025-05-09,5.6,50.45,76.63,102.16,0.556,80.18
A0970,2025-05-10,5.6,49.86,75.44,100.37,0.556,78.9
A0970,2025-05-11,5.6,29.65,45.43,60.82,0.556,47.57
A0970,2025-05-12,5.6,42.09,63.44,84.27,0.556,66.34
A0971,2025-04-29,382.0,10.94,23.76,38.75,0.909,39.1
A0971,2025-04-30,382.0,12.86,27.31,44.21,0.909,44.59
A0971,2025-05-01,382.0,9.66,18.9,29.7,0.909,29.95
A0971,2025-05-02,382.0,13.04,24.84,38.65,0.909,38.96
A0971,2025-05-03,382.0,13.71,25.81,39.97,0.909,40.29
A0971,2025-05-04,382.0,9.14,16.43,24.95,0.909,25.14
A0971,2025-05-05,382.0,11.24,20.74,31.85,0.909,32.11
A0971,2025-05-06,382.0,10.86,23.28,37.8,0.909,38.13
A0971,2025-05-07,382.0,12.85,26.02,41.44,0.909,41.79
A0971,2025-05-08,382.0,13.3,27.71,44.58,0.909,44.96
A0971,2025-05-09,382.0,14.88,29.81,47.27,0.909,47.67
A0971,2025-05-10,382.0,15.56,30.59,48.18,0.909,48.58
A0971,2025-05-11,382.0,9.94,18.19,27.85,0.909,28.07
A0971,2025-05-12,382.0,13.28,25.48,39.75,0.909,40.08
A0972,2025-04-29,5.7,22.78,34.47,51.23,0.556,36.8
A0972,2025-04-30,5.7,26.22,39.51,58.55,0.556,42.15
A0972,2025-05-01,5.7,19.15,27.33,39.05,0.556,28.96
A0972,2025-05-02,5.7,27.47,42.9,65.01,0.556,45.97
A0972,2025-05-03,5.7,25.15,39.37,59.74,0.556,42.2
A0972,2025-05-04,5.7,20.33,30.39,44.81,0.556,32.39
A0972,2025-05-05,5.7,21.84,32.18,46.99,0.556,34.23
A0972,2025-05-06,5.7,23.23,34.76,51.29,0.556,37.06
A0972,2025-05-07,5.7,23.45,34.45,50.22,0.556,36.64
A0972,2025-05-08,5.7,27.17,40.17,58.82,0.556,42.76
A0972,2025-05-09,5.7,29.59,45.54,68.41,0.556,48.72
A0972,2025-05-10,5.7,27.1,41.71,62.66,0.556,44.62
A0972,2025-05-11,5.7,19.45,28.66,41.85,0.556,30.49
A0972,2025-05-12,5.7,25.89,39.07,57.96,0.556,41.69
A0973,2025-04-29,5.2,40.38,61.61,88.49,0.556,65.34
A0973,2025-04-30,5.2,53.96,79.04,110.79,0.556,83.45
A0973,2025-05-01,5.2,31.24,50.14,74.07,0.556,53.46
A0973,2025-05-02,5.2,47.79,75.16,109.84,0.556,79.98
A0973,2025-05-03,5.2,47.04,74.96,110.33,0.556,79.87
A0973,2025-05-04,5.2,36.73,55.13,78.45,0.556,58.37
A0973,2025-05-05,5.2,36.25,57.73,84.94,0.556,61.51
A0973,2025-05-06,5.2,38.05,59.45,86.56,0.556,63.22
A0973,2025-05-07,5.2,39.52,61.97,90.41,0.556,65.92
A0973,2025-05-08,5.2,44.1,68.46,99.32,0.556,72.75
A0973,2025-05-09,5.2,51.02,79.28,115.09,0.556,84.26
A0973,2025-05-10,5.2,50.17,79.06,115.66,0.556,84.15
A0973,2025-05-11,5.2,32.73,50.83,73.77,0.556,54.02
A0973,2025-05-12,5.2,42.75,67.35,98.51,0.556,71.67
A0974,2025-04-29,6.7,1.91,13.61,36.92,0.556,16.84
A0974,2025-04-30,6.7,7.45,30.44,72.91,0.556,36.33
A0974,2025-05-01,6.7,5.42,25.69,62.32,0.556,30.77
A0974,2025-05-02,6.7,10.67,41.57,96.24,0.556,49.16
A0974,2025-05-03,6.7,12.65,48.18,109.48,0.556,56.69
A0974,2025-05-04,6.7,10.48,41.94,97.81,0.556,49.7
A0974,2025-05-05,6.7,11.09,44.18,101.48,0.556,52.14
A0974,2025-05-06,6.7,11.81,47.16,108.47,0.556,55.67
A0974,2025-05-07,6.7,12.6,49.67,113.16,0.556,58.49
A0974,2025-05-08,6.7,16.27,59.59,134.3,0.556,69.97
A0974,2025-05-09,6.7,18.3,65.25,146.86,0.556,76.59
A0974,2025-05-10,6.7,20.39,70.66,156.46,0.556,82.58
A0974,2025-05-11,6.7,13.33,49.15,111.23,0.556,57.77
A0974,2025-05-12,6.7,20.01,68.66,151.8,0.556,80.21
A0975,2025-04-29,5.0,0.0,4.86,18.4,0.556,6.74
A0975,2025-04-30,5.0,2.22,13.89,38.7,0.556,17.34
A0975,2025-05-01,5.0,3.79,19.21,50.55,0.556,23.56
A0975,2025-05-02,5.0,7.67,31.54,78.29,0.556,38.03
A0975,2025-05-03,5.0,10.16,40.0,95.92,0.556,47.77
A0975,2025-05-04,5.0,7.61,31.56,78.51,0.556,38.08
A0975,2025-05-05,5.0,9.35,37.61,90.96,0.556,45.02
A0975,2025-05-06,5.0,10.53,41.96,100.91,0.556,50.15
A0975,2025-05-07,5.0,11.83,46.49,109.87,0.556,55.29
A0975,2025-05-08,5.0,15.22,56.21,131.27,0.556,66.63
A0975,2025-05-09,5.0,17.07,62.09,144.84,0.556,73.59
A0975,2025-05-10,5.0,19.41,68.53,156.62,0.556,80.77
A0975,2025-05-11,5.0,11.44,42.42,100.48,0.556,50.49
A0975,2025-05-12,5.0,18.4,63.92,146.04,0.556,75.33
A0976,2025-04-29,13.0,23.13,37.3,54.35,0.909,54.74
A0976,2025-04-30,13.0,29.47,45.58,64.97,0.909,65.41
A0976,2025-05-01,13.0,20.71,30.37,42.0,0.909,42.26
A0976,2025-05-02,13.0,29.12,43.74,61.33,0.909,61.73
A0976,2025-05-03,13.0,29.05,44.08,62.16,0.909,62.57
A0976,2025-05-04,13.0,23.48,34.57,47.91,0.909,48.21
A0976,2025-05-05,13.0,23.43,35.0,48.92,0.909,49.24
A0976,2025-05-06,13.0,23.5,37.72,54.81,0.909,55.2
A0976,2025-05-07,13.0,22.91,36.91,53.74,0.909,54.12
A0976,2025-05-08,13.0,25.68,40.47,58.26,0.909,58.66
A0976,2025-05-09,13.0,27.74,42.37,59.96,0.909,60.36
A0976,2025-05-10,13.0,27.68,42.72,60.82,0.909,61.23
A0976,2025-05-11,13.0,19.63,29.97,42.4,0.909,42.69
A0976,2025-05-12,13.0,25.53,40.02,57.44,0.909,57.84
A0977,2025-04-29,306.7,30.79,44.34,62.44,0.909,62.85
A0977,2025-04-30,306.7,36.9,54.16,77.2,0.909,77.73
A0977,2025-05-01,306.7,27.27,39.8,56.53,0.909,56.91
A0977,2025-05-02,306.7,39.08,55.11,76.51,0.909,77.0
A0977,2025-05-03,306.7,38.33,54.23,75.47,0.909,75.95
A0977,2025-05-04,306.7,27.77,40.86,58.34,0.909,58.74
A0977,2025-05-05,306.7,30.07,43.15,60.61,0.909,61.0
A0977,2025-05-06,306.7,31.94,45.91,64.57,0.909,64.99
A0977,2025-05-07,306.7,40.93,57.63,79.94,0.909,80.44
A0977,2025-05-08,306.7,46.02,66.27,93.3,0.909,93.92
A0977,2025-05-09,306.7,49.63,70.66,98.74,0.909,99.38
A0977,2025-05-10,306.7,48.22,69.3,97.44,0.909,98.08
A0977,2025-05-11,306.7,23.62,34.95,50.07,0.909,50.41
A0977,2025-05-12,306.7,33.16,47.76,67.26,0.909,67.7
A0978,2025-04-29,353.8,11.24,17.63,28.22,0.909,28.46
A0978,2025-04-30,353.8,14.88,18.49,24.46,0.909,24.59
A0978,2025-05-01,353.8,10.47,15.49,23.82,0.909,24.01
A0978,2025-05-02,353.8,12.73,19.15,29.77,0.909,30.01
A0978,2025-05-03,353.8,12.63,19.82,31.73,0.909,32.0
A0978,2025-05-04,353.8,8.56,12.97,20.27,0.909,20.43
A0978,2025-05-05,353.8,9.88,15.7,25.35,0.909,25.57
A0978,2025-05-06,353.8,10.96,16.96,26.91,0.909,27.14
A0978,2025-05-07,353.8,12.76,19.67,31.13,0.909,31.39
A0978,2025-05-08,353.8,14.01,21.84,34.8,0.909,35.09
A0978,2025-05-09,353.8,15.08,22.95,35.98,0.909,36.28
A0978,2025-05-10,353.8,14.82,23.44,37.71,0.909,38.04
A0978,2025-05-11,353.8,9.44,15.93,26.67,0.909,26.92
A0978,2025-05-12,353.8,12.09,19.4,31.49,0.909,31.77
A0979,2025-04-29,31.7,11.53,21.44,37.82,0.909,38.19
A0979,2025-04-30,31.7,12.53,23.68,42.13,0.909,42.55
A0979,2025-05-01,31.7,10.4,18.63,32.26,0.909,32.57
A0979,2025-05-02,31.7,12.35,23.26,41.31,0.909,41.72
A0979,2025-05-03,31.7,12.03,20.94,35.68,0.909,36.02
A0979,2025-05-04,31.7,8.67,16.7,30.0,0.909,30.3
A0979,2025-05-05,31.7,10.31,19.45,34.58,0.909,34.92
A0979,2025-05-06,31.7,11.2,19.93,34.38,0.909,34.71
A0979,2025-05-07,31.7,13.25,26.13,47.43,0.909,47.91
A0979,2025-05-08,31.7,14.47,27.02,47.78,0.909,48.25
A0979,2025-05-09,31.7,15.38,31.76,58.86,0.909,59.48
A0979,2025-05-10,31.7,14.76,27.57,48.76,0.909,49.24
A0979,2025-05-11,31.7,10.46,20.66,37.52,0.909,37.9
A0979,2025-05-12,31.7,12.81,24.8,44.62,0.909,45.07
A0980,2025-04-29,309.4,3.15,9.1,17.49,0.909,17.68
A0980,2025-04-30,309.4,3.23,10.3,20.28,0.909,20.51
A0980,2025-05-01,309.4,2.95,7.86,14.79,0.909,14.95
A0980,2025-05-02,309.4,3.44,9.81,18.81,0.909,19.01
A0980,2025-05-03,309.4,3.49,9.49,17.96,0.909,18.15
A0980,2025-05-04,309.4,2.75,6.46,11.69,0.909,11.81
A0980,2025-05-05,309.4,3.22,7.63,13.85,0.909,13.99
A0980,2025-05-06,309.4,3.43,8.72,16.19,0.909,16.35
A0980,2025-05-07,309.4,2.89,10.88,22.14,0.909,22.4
A0980,2025-05-08,309.4,3.41,12.14,24.45,0.909,24.73
A0980,2025-05-09,309.4,3.66,12.86,25.85,0.909,26.14
A0980,2025-05-10,309.4,3.96,12.15,23.71,0.909,23.97
A0980,2025-05-11,309.4,3.01,7.67,14.23,0.909,14.38
A0980,2025-05-12,309.4,3.52,9.9,18.9,0.909,19.11
A0981,2025-04-29,170.9,5.7,9.7,15.08,0.909,15.21
A0981,2025-04-30,170.9,7.56,13.98,22.62,0.909,22.81
A0981,2025-05-01,170.9,4.3,7.95,12.87,0.909,12.98
A0981,2025-05-02,170.9,5.47,11.02,18.5,0.909,18.67
A0981,2025-05-03,170.9,6.07,11.13,17.94,0.909,18.09
A0981,2025-05-04,170.9,4.17,7.86,12.84,0.909,12.95
A0981,2025-05-05,170.9,4.82,8.67,13.86,0.909,13.98
A0981,2025-05-06,170.9,5.27,9.19,14.45,0.909,14.57
A0981,2025-05-07,170.9,5.25,9.61,15.47,0.909,15.61
A0981,2025-05-08,170.9,18.03,30.75,47.87,0.909,48.26
A0981,2025-05-09,170.9,19.41,34.06,53.8,0.909,54.24
A0981,2025-05-10,170.9,19.69,32.94,50.77,0.909,51.18
A0981,2025-05-11,170.9,13.04,20.78,31.2,0.909,31.44
A0981,2025-05-12,170.9,18.05,29.75,45.49,0.909,45.85
A0982,2025-04-29,392.4,13.41,22.09,31.65,0.909,31.87
A0982,2025-04-30,392.4,16.04,27.11,39.3,0.909,39.57
A0982,2025-05-01,392.4,11.18,18.38,26.32,0.909,26.5
A0982,2025-05-02,392.4,15.55,25.9,37.3,0.909,37.56
A0982,2025-05-03,392.4,16.48,27.31,39.24,0.909,39.51
A0982,2025-05-04,392.4,11.71,19.4,27.86,0.909,28.06
A0982,2025-05-05,392.4,12.74,21.07,30.24,0.909,30.45
A0982,2025-05-06,392.4,13.3,22.14,31.87,0.909,32.09
A0982,2025-05-07,392.4,12.99,21.79,31.47,0.909,31.69
A0982,2025-05-08,392.4,14.59,24.57,35.56,0.909,35.81
A0982,2025-05-09,392.4,15.03,25.41,36.85,0.909,37.11
A0982,2025-05-10,392.4,16.25,27.19,39.24,0.909,39.52
A0982,2025-05-11,392.4,10.58,17.62,25.38,0.909,25.55
A0982,2025-05-12,392.4,14.67,24.55,35.42,0.909,35.67
A0983,2025-04-29,34.2,32.63,53.89,84.82,0.909,85.53
A0983,2025-04-30,34.2,38.83,64.55,101.98,0.909,102.83
A0983,2025-05-01,34.2,25.44,43.18,69.0,0.909,69.58
A0983,2025-05-02,34.2,36.3,58.27,90.22,0.909,90.95
A0983,2025-05-03,34.2,36.62,59.75,93.4,0.909,94.17
A0983,2025-05-04,34.2,11.6,23.38,40.53,0.909,40.92
A0983,2025-05-05,34.2,13.86,26.6,45.13,0.909,45.55
A0983,2025-05-06,34.2,15.01,27.06,44.58,0.909,44.98
A0983,2025-05-07,34.2,16.74,31.45,52.85,0.909,53.34
A0983,2025-05-08,34.2,18.5,32.97,54.04,0.909,54.52
A0983,2025-05-09,34.2,20.08,35.95,59.05,0.909,59.57
A0983,2025-05-10,34.2,21.51,37.88,61.68,0.909,62.22
A0983,2025-05-11,34.2,14.54,27.53,46.44,0.909,46.87
A0983,2025-05-12,34.2,18.41,33.88,56.38,0.909,56.89
A0984,2025-04-29,298.8,3.49,7.76,14.43,0.909,14.58
A0984,2025-04-30,298.8,3.87,8.6,15.98,0.909,16.14
A0984,2025-05-01,298.8,2.76,6.26,11.72,0.909,11.84
A0984,2025-05-02,298.8,3.58,8.1,15.15,0.909,15.31
A0984,2025-05-03,298.8,3.8,8.21,15.07,0.909,15.23
A0984,2025-05-04,298.8,2.7,5.77,10.55,0.909,10.66
A0984,2025-05-05,298.8,3.13,6.73,12.35,0.909,12.48
A0984,2025-05-06,298.8,3.12,6.85,12.66,0.909,12.79
A0984,2025-05-07,298.8,4.12,9.06,16.75,0.909,16.92
A0984,2025-05-08,298.8,4.22,8.47,15.09,0.909,15.24
A0984,2025-05-09,298.8,4.68,10.49,19.53,0.909,19.74
A0984,2025-05-10,298.8,4.75,10.05,18.31,0.909,18.5
A0984,2025-05-11,298.8,3.16,6.33,11.28,0.909,11.39
A0984,2025-05-12,298.8,3.99,8.1,14.49,0.909,14.64
A0985,2025-04-29,151.4,13.99,21.36,31.14,0.909,31.36
A0985,2025-04-30,151.4,18.3,27.9,40.63,0.909,40.92
A0985,2025-05-01,151.4,11.18,18.71,28.71,0.909,28.94
A0985,2025-05-02,151.4,16.99,26.49,39.12,0.909,39.4
A0985,2025-05-03,151.4,16.27,25.18,37.01,0.909,37.28
A0985,2025-05-04,151.4,10.62,16.15,23.48,0.909,23.65
A0985,2025-05-05,151.4,12.36,20.55,31.41,0.909,31.66
A0985,2025-05-06,151.4,12.94,20.31,30.09,0.909,30.31
A0985,2025-05-07,151.4,13.74,21.14,30.96,0.909,31.18
A0985,2025-05-08,151.4,14.81,23.67,35.42,0.909,35.68
A0985,2025-05-09,151.4,17.71,27.36,40.17,0.909,40.46
A0985,2025-05-10,151.4,17.08,26.12,38.12,0.909,38.39
A0985,2025-05-11,151.4,9.65,14.52,20.99,0.909,21.13
A0985,2025-05-12,151.4,14.63,23.57,35.43,0.909,35.7
A0986,2025-04-29,345.1,1.18,10.38,25.58,0.909,25.93
A0986,2025-04-30,345.1,1.74,12.07,28.65,0.909,29.02
A0986,2025-05-01,345.1,0.72,9.43,23.54,0.909,23.86
A0986,2025-05-02,345.1,1.46,11.43,27.49,0.909,27.86
A0986,2025-05-03,345.1,1.65,11.91,28.27,0.909,28.64
A0986,2025-05-04,345.1,0.57,8.53,22.07,0.909,22.38
A0986,2025-05-05,345.1,1.2,10.22,25.17,0.909,25.51
A0986,2025-05-06,345.1,1.39,10.94,26.62,0.909,26.97
A0986,2025-05-07,345.1,1.85,12.12,28.8,0.909,29.18
A0986,2025-05-08,345.1,2.25,13.18,30.83,0.909,31.23
A0986,2025-05-09,345.1,2.51,13.99,32.55,0.909,32.98
A0986,2025-05-10,345.1,2.68,14.4,33.16,0.909,33.59
A0986,2025-05-11,345.1,1.16,10.01,24.95,0.909,25.29
A0986,2025-05-12,345.1,2.09,12.6,29.8,0.909,30.19
A0987,2025-04-29,4.2,29.33,40.74,53.39,0.556,42.49
A0987,2025-04-30,4.2,36.28,50.6,66.49,0.556,52.81
A0987,2025-05-01,4.2,24.95,34.69,45.49,0.556,36.19
A0987,2025-05-02,4.2,35.76,48.86,63.41,0.556,50.88
A0987,2025-05-03,4.2,76.68,108.6,144.04,0.556,113.52
A0987,2025-05-04,4.2,61.39,88.33,118.24,0.556,92.48
A0987,2025-05-05,4.2,64.14,90.9,120.61,0.556,95.03
A0987,2025-05-06,4.2,64.98,91.05,119.99,0.556,95.07
A0987,2025-05-07,4.2,25.48,37.05,49.88,0.556,38.83
A0987,2025-05-08,4.2,27.86,39.99,53.46,0.556,41.86
A0987,2025-05-09,4.2,33.6,46.84,61.53,0.556,48.88
A0987,2025-05-10,4.2,34.28,47.7,62.6,0.556,49.77
A0987,2025-05-11,4.2,23.86,33.53,44.26,0.556,35.02
A0987,2025-05-12,4.2,31.39,44.05,58.11,0.556,46.01
A0988,2025-04-29,25.9,6.47,12.19,20.04,0.909,20.22
A0988,2025-04-30,25.9,8.41,16.9,28.54,0.909,28.81
A0988,2025-05-01,25.9,5.27,9.05,14.24,0.909,14.35
A0988,2025-05-02,25.9,6.79,12.71,20.83,0.909,21.01
A0988,2025-05-03,25.9,6.7,12.38,20.18,0.909,20.36
A0988,2025-05-04,25.9,5.11,10.67,18.29,0.909,18.46
A0988,2025-05-05,25.9,5.26,9.84,16.11,0.909,16.25
A0988,2025-05-06,25.9,6.18,11.55,18.92,0.909,19.09
A0988,2025-05-07,25.9,7.05,14.08,23.74,0.909,23.96
A0988,2025-05-08,25.9,7.56,14.11,23.09,0.909,23.3
A0988,2025-05-09,25.9,7.7,15.2,25.49,0.909,25.72
A0988,2025-05-10,25.9,7.64,14.63,24.21,0.909,24.43
A0988,2025-05-11,25.9,5.36,11.04,18.82,0.909,19.0
A0988,2025-05-12,25.9,6.4,12.65,21.23,0.909,21.43
A0989,2025-04-29,362.9,18.24,56.65,117.46,0.909,118.85
A0989,2025-04-30,362.9,24.9,71.68,145.44,0.909,147.12
A0989,2025-05-01,362.9,16.93,51.95,107.91,0.909,109.18
A0989,2025-05-02,362.9,26.05,73.4,148.85,0.909,150.56
A0989,2025-05-03,362.9,27.39,75.82,152.31,0.909,154.05
A0989,2025-05-04,362.9,16.5,48.87,101.79,0.909,103.0
A0989,2025-05-05,362.9,19.98,57.09,117.08,0.909,118.45
A0989,2025-05-06,362.9,21.69,61.97,127.16,0.909,128.64
A0989,2025-05-07,362.9,23.92,67.64,137.84,0.909,139.43
A0989,2025-05-08,362.9,26.7,73.68,149.16,0.909,150.88
A0989,2025-05-09,362.9,30.12,81.66,165.45,0.909,167.35
A0989,2025-05-10,362.9,31.22,83.58,167.69,0.909,169.61
A0989,2025-05-11,362.9,17.01,49.21,102.36,0.909,103.56
A0989,2025-05-12,362.9,26.16,71.6,145.11,0.909,146.78
A0990,2025-04-29,3.0,25.1,38.07,53.65,0.556,40.24
A0990,2025-04-30,3.0,33.43,45.52,60.02,0.556,47.53
A0990,2025-05-01,3.0,21.58,33.76,48.37,0.556,35.79
A0990,2025-05-02,3.0,32.97,49.8,69.99,0.556,52.6
A0990,2025-05-03,3.0,32.13,49.94,71.32,0.556,52.91
A0990,2025-05-04,3.0,21.78,31.06,42.2,0.556,32.61
A0990,2025-05-05,3.0,23.78,36.13,50.96,0.556,38.19
A0990,2025-05-06,3.0,25.25,38.38,54.14,0.556,40.57
A0990,2025-05-07,3.0,26.98,38.75,52.87,0.556,40.71
A0990,2025-05-08,3.0,30.76,46.29,64.92,0.556,48.88
A0990,2025-05-09,3.0,34.1,50.83,70.91,0.556,53.62
A0990,2025-05-10,3.0,33.31,51.1,72.44,0.556,54.06
A0990,2025-05-11,3.0,18.93,28.21,39.34,0.556,29.75
A0990,2025-05-12,3.0,28.89,42.92,59.76,0.556,45.26
A0991,2025-04-29,12.3,44.21,66.07,90.53,0.909,91.09
A0991,2025-04-30,12.3,57.48,89.39,125.11,0.909,125.92
A0991,2025-05-01,12.3,35.36,53.76,74.35,0.909,74.82
A0991,2025-05-02,12.3,50.46,75.45,103.41,0.909,104.04
A0991,2025-05-03,12.3,52.43,79.28,109.34,0.909,110.02
A0991,2025-05-04,12.3,48.12,71.93,98.59,0.909,99.19
A0991,2025-05-05,12.3,40.72,60.03,81.63,0.909,82.12
A0991,2025-05-06,12.3,46.01,67.26,91.05,0.909,91.59
A0991,2025-05-07,12.3,47.4,69.12,93.43,0.909,93.98
A0991,2025-05-08,12.3,50.18,73.34,99.27,0.909,99.86
A0991,2025-05-09,12.3,53.56,78.47,106.36,0.909,106.99
A0991,2025-05-10,12.3,54.73,81.28,111.0,0.909,111.67
A0991,2025-05-11,12.3,39.95,57.74,77.66,0.909,78.11
A0991,2025-05-12,12.3,48.43,70.99,96.24,0.909,96.81
A0992,2025-04-29,5.8,44.93,70.02,98.71,0.556,74.0
A0992,2025-04-30,5.8,55.88,83.71,115.56,0.556,88.13
A0992,2025-05-01,5.8,38.01,56.15,76.91,0.556,59.03
A0992,2025-05-02,5.8,50.7,75.87,104.66,0.556,79.87
A0992,2025-05-03,5.8,52.74,79.43,109.95,0.556,83.67
A0992,2025-05-04,5.8,46.05,69.85,97.07,0.556,73.63
A0992,2025-05-05,5.8,41.53,61.45,84.24,0.556,64.62
A0992,2025-05-06,5.8,47.4,72.52,101.26,0.556,76.51
A0992,2025-05-07,5.8,44.37,67.72,94.44,0.556,71.43
A0992,2025-05-08,5.8,48.67,74.8,104.7,0.556,78.96
A0992,2025-05-09,5.8,47.91,72.94,101.58,0.556,76.92
A0992,2025-05-10,5.8,50.29,76.85,107.22,0.556,81.06
A0992,2025-05-11,5.8,39.25,60.46,84.73,0.556,63.83
A0992,2025-05-12,5.8,48.11,73.26,102.04,0.556,77.26
A0993,2025-04-29,4.1,30.93,46.1,59.14,0.556,47.91
A0993,2025-04-30,4.1,35.69,47.96,58.51,0.556,49.42
A0993,2025-05-01,4.1,27.23,42.52,55.67,0.556,44.34
A0993,2025-05-02,4.1,33.58,49.25,62.73,0.556,51.12
A0993,2025-05-03,4.1,37.67,59.03,77.42,0.556,61.59
A0993,2025-05-04,4.1,26.86,39.88,51.07,0.556,41.43
A0993,2025-05-05,4.1,28.77,45.38,59.67,0.556,47.36
A0993,2025-05-06,4.1,30.4,46.74,60.79,0.556,48.69
A0993,2025-05-07,4.1,30.78,42.09,51.81,0.556,43.44
A0993,2025-05-08,4.1,34.73,49.95,63.05,0.556,51.77
A0993,2025-05-09,4.1,35.98,51.64,65.11,0.556,53.51
A0993,2025-05-10,4.1,40.46,62.27,81.03,0.556,64.87
A0993,2025-05-11,4.1,35.17,53.14,68.61,0.556,55.29
A0993,2025-05-12,4.1,42.93,64.0,82.13,0.556,66.52
A0994,2025-04-29,13.0,5.07,23.25,53.68,0.909,54.37
A0994,2025-04-30,13.0,7.04,29.39,65.21,0.909,66.03
A0994,2025-05-01,13.0,5.01,23.73,53.73,0.909,54.41
A0994,2025-05-02,13.0,7.65,31.71,70.16,0.909,71.04
A0994,2025-05-03,13.0,8.41,33.76,73.55,0.909,74.46
A0994,2025-05-04,13.0,6.55,27.43,61.44,0.909,62.21
A0994,2025-05-05,13.0,7.32,29.72,65.69,0.909,66.51
A0994,2025-05-06,13.0,7.72,30.91,68.34,0.909,69.19
A0994,2025-05-07,13.0,8.17,32.18,70.63,0.909,71.5
A0994,2025-05-08,13.0,9.77,35.93,78.08,0.909,79.04
A0994,2025-05-09,13.0,10.57,38.33,83.59,0.909,84.62
A0994,2025-05-10,13.0,11.41,40.19,86.21,0.909,87.26
A0994,2025-05-11,13.0,7.66,28.76,63.41,0.909,64.2
A0994,2025-05-12,13.0,11.16,38.66,83.06,0.909,84.07
A0995,2025-04-29,5.1,27.41,40.79,59.08,0.556,43.33
A0995,2025-04-30,5.1,31.59,49.13,73.11,0.556,52.46
A0995,2025-05-01,5.1,22.75,32.61,46.1,0.556,34.48
A0995,2025-05-02,5.1,27.84,45.04,68.57,0.556,48.31
A0995,2025-05-03,5.1,29.98,45.08,65.72,0.556,47.94
A0995,2025-05-04,5.1,27.34,40.68,58.93,0.556,43.22
A0995,2025-05-05,5.1,24.28,35.58,51.02,0.556,37.72
A0995,2025-05-06,5.1,26.08,39.79,58.55,0.556,42.4
A0995,2025-05-07,5.1,24.23,38.5,58.03,0.556,41.21
A0995,2025-05-08,5.1,26.81,41.31,61.14,0.556,44.07
A0995,2025-05-09,5.1,27.1,43.49,65.9,0.556,46.6
A0995,2025-05-10,5.1,29.2,43.73,63.61,0.556,46.49
A0995,2025-05-11,5.1,24.48,36.42,52.75,0.556,38.69
A0995,2025-05-12,5.1,28.17,41.9,60.68,0.556,44.51
A0996,2025-04-29,433.0,11.73,21.64,33.48,0.909,33.75
A0996,2025-04-30,433.0,17.21,30.64,46.66,0.909,47.03
A0996,2025-05-01,433.0,12.48,20.78,30.69,0.909,30.92
A0996,2025-05-02,433.0,14.38,25.13,37.96,0.909,38.26
A0996,2025-05-03,433.0,15.8,28.96,44.66,0.909,45.02
A0996,2025-05-04,433.0,14.83,26.7,40.86,0.909,41.18
A0996,2025-05-05,433.0,12.57,20.9,30.85,0.909,31.08
A0996,2025-05-06,433.0,11.82,22.4,35.03,0.909,35.32
A0996,2025-05-07,433.0,8.74,17.38,27.7,0.909,27.94
A0996,2025-05-08,433.0,9.57,19.56,31.49,0.909,31.76
A0996,2025-05-09,433.0,8.85,17.61,28.05,0.909,28.29
A0996,2025-05-10,433.0,11.43,22.44,35.6,0.909,35.9
A0996,2025-05-11,433.0,10.72,19.33,29.62,0.909,29.85
A0996,2025-05-12,433.0,12.01,21.09,31.93,0.909,32.18
A0997,2025-04-29,3.4,33.9,50.11,68.41,0.556,52.65
A0997,2025-04-30,3.4,42.89,62.77,85.2,0.556,65.88
A0997,2025-05-01,3.4,28.46,44.65,62.93,0.556,47.19
A0997,2025-05-02,3.4,42.54,64.3,88.86,0.556,67.71
A0997,2025-05-03,3.4,42.45,65.61,91.75,0.556,69.24
A0997,2025-05-04,3.4,29.31,42.47,57.31,0.556,44.53
A0997,2025-05-05,3.4,34.04,52.45,73.22,0.556,55.33
A0997,2025-05-06,3.4,34.24,50.22,68.25,0.556,52.72
A0997,2025-05-07,3.4,33.99,50.27,68.63,0.556,52.82
A0997,2025-05-08,3.4,38.94,57.38,78.19,0.556,60.27
A0997,2025-05-09,3.4,65.52,95.3,128.89,0.556,99.96
A0997,2025-05-10,3.4,64.57,96.1,131.67,0.556,101.04
A0997,2025-05-11,3.4,37.73,53.54,71.38,0.556,56.02
A0997,2025-05-12,3.4,56.16,83.28,113.9,0.556,87.54
A0998,2025-04-29,360.1,9.51,19.82,33.92,0.909,34.24
A0998,2025-04-30,360.1,13.04,22.62,35.72,0.909,36.02
A0998,2025-05-01,360.1,8.08,17.61,30.64,0.909,30.94
A0998,2025-05-02,360.1,11.25,23.17,39.45,0.909,39.82
A0998,2025-05-03,360.1,11.55,23.87,40.71,0.909,41.09
A0998,2025-05-04,360.1,7.72,13.96,22.49,0.909,22.69
A0998,2025-05-05,360.1,8.97,16.67,27.2,0.909,27.44
A0998,2025-05-06,360.1,9.68,18.96,31.65,0.909,31.94
A0998,2025-05-07,360.1,10.37,23.43,41.27,0.909,41.68
A0998,2025-05-08,360.1,10.87,24.39,42.88,0.909,43.3
A0998,2025-05-09,360.1,12.16,27.09,47.5,0.909,47.96
A0998,2025-05-10,360.1,12.79,27.51,47.63,0.909,48.09
A0998,2025-05-11,360.1,7.95,15.8,26.53,0.909,26.77
A0998,2025-05-12,360.1,10.63,20.45,33.86,0.909,34.16
A0999,2025-04-29,5.9,67.08,97.03,135.41,0.556,102.36
A0999,2025-04-30,5.9,77.09,103.39,137.09,0.556,108.07
A0999,2025-05-01,5.9,61.63,94.99,137.73,0.556,100.92
A0999,2025-05-02,5.9,84.31,121.02,168.06,0.556,127.55
A0999,2025-05-03,5.9,85.14,116.14,155.87,0.556,121.66
A0999,2025-05-04,5.9,55.76,77.35,105.02,0.556,81.19
A0999,2025-05-05,5.9,66.27,97.0,136.38,0.556,102.47
A0999,2025-05-06,5.9,68.86,101.51,143.35,0.556,107.32
A0999,2025-05-07,5.9,68.17,93.86,126.78,0.556,98.43
A0999,2025-05-08,5.9,133.09,190.34,263.71,0.556,200.53
A0999,2025-05-09,5.9,146.31,208.98,289.29,0.556,220.14
A0999,2025-05-10,5.9,145.85,200.09,269.61,0.556,209.75
A0999,2025-05-11,5.9,93.54,135.18,188.56,0.556,142.6
A0999,2025-05-12,5.9,67.04,99.13,140.25,0.556,104.84
